date,open,high,low,close,volume
2000-01-04,4192.5991,4269.4634,3955.0184,4269.4634,74195000.0
2000-01-05,4052.8463,4234.5256,3857.1917,3899.1177,74680000.0
2000-01-06,4017.9095,4038.8725,3899.1191,3927.0698,54390000.0
2000-01-07,3885.1428,3962.0072,3745.3895,3871.1675,40305000.0
2000-01-10,3913.0951,4031.8855,3899.1198,4031.8855,46880000.0
2000-01-11,4066.8238,4262.4786,4031.8855,4031.8855,59745000.0
2000-01-12,3920.0822,4010.9219,3913.0945,3996.9465,29220000.0
2000-01-13,3913.0941,4010.9215,3885.1435,3989.9585,41190000.0
2000-01-14,3996.9464,4108.7491,3968.9958,4073.8108,49375000.0
2000-01-17,4192.6009,4318.3789,4136.6995,4262.4775,63505000.0
2000-01-18,4304.4035,4304.4035,4178.6255,4262.4775,45260000.0
2000-01-19,4192.6001,4220.5507,4164.6494,4164.6494,40205000.0
2000-01-20,4094.7737,4220.5518,4066.8231,4220.5518,37315000.0
2000-01-21,4157.6617,4178.6247,4108.748,4108.748,32535000.0
2000-01-24,4052.8466,4122.7233,3982.97,3982.97,34355000.0
2000-01-25,3857.1926,3941.0446,3801.2913,3801.2913,44250000.0
2000-01-26,3843.2165,3857.1919,3780.3275,3829.2412,29285000.0
2000-01-27,3829.2412,3927.0686,3794.3029,3857.1919,27900000.0
2000-01-28,3941.0433,4108.7473,3871.1667,4066.8213,38315000.0
2000-01-31,3941.0437,4003.9327,3885.1423,3899.1177,39630000.0
2000-02-01,3913.0934,3968.9947,3675.5127,3717.4387,71470000.0
2000-02-02,3647.5626,3752.3776,3570.6983,3668.5256,64105000.0
2000-02-03,3668.5258,3815.2669,3472.8711,3584.6738,142765000.0
2000-02-04,3584.6738,3584.6738,3584.6738,3584.6738,0.0
2000-02-07,3591.6602,3724.4259,3521.7835,3661.5369,64140000.0
2000-02-08,3731.4157,3829.243,3710.4527,3794.3047,58460000.0
2000-02-09,3885.1438,3996.9465,3829.2425,3996.9465,51050000.0
2000-02-10,3955.0188,4108.7475,3913.0929,4024.8955,61845000.0
2000-02-11,4164.6493,4164.6493,3968.9946,3982.97,34660000.0
2000-02-14,3913.0921,3955.0181,3731.4129,3759.3635,44140000.0
2000-02-15,3759.3649,3787.3156,3591.6609,3633.5869,38315000.0
2000-02-16,3619.6128,3633.5881,3340.106,3493.8347,73115000.0
2000-02-17,3451.908,3563.7107,3430.945,3549.7354,65185000.0
2000-02-18,3752.3773,3934.0566,3605.6363,3703.4636,108750000.0
2000-02-21,3633.587,3675.513,3514.7966,3542.7473,26485000.0
2000-02-22,3493.8343,3661.5383,3493.8343,3577.6863,24180000.0
2000-02-23,3647.5632,3675.5139,3563.7112,3591.6619,27720000.0
2000-02-24,3577.6857,3661.5377,3535.7596,3542.7473,26075000.0
2000-02-25,3549.7356,3598.6493,3479.8589,3577.6863,27875000.0
2000-02-28,3493.8339,3528.7723,3354.0806,3354.0806,30140000.0
2000-02-29,3423.9576,3591.6616,3382.0316,3577.6863,51820000.0
2000-03-01,3577.6863,3577.6863,3577.6863,3577.6863,0.0
2000-03-02,4108.748,4108.748,3857.192,4108.748,117750000.0
2000-03-03,4332.3524,4367.2908,4108.7471,4192.5991,140990000.0
2000-03-06,4192.5994,4227.5378,3913.0928,3941.0435,39150000.0
2000-03-07,3913.0945,3941.0452,3829.2425,3927.0698,30070000.0
2000-03-08,3857.193,4192.6011,3843.2176,4136.6997,32460000.0
2000-03-09,4171.6382,4178.6259,3927.0698,3927.0698,55890000.0
2000-03-10,4045.8592,4052.8468,3857.1921,3871.1675,28605000.0
2000-03-13,3829.2421,3836.2298,3605.6367,3619.6121,32215000.0
2000-03-14,3612.6252,3759.3663,3605.6376,3640.5759,30060000.0
2000-03-15,3633.5858,3773.3391,3577.6845,3773.3391,46105000.0
2000-03-16,3829.2404,3857.1911,3745.3885,3773.3391,28795000.0
2000-03-17,3871.1672,3885.1425,3773.3399,3829.2412,24080000.0
2000-03-20,3913.0916,3989.9559,3864.178,3955.0176,26365000.0
2000-03-21,3982.97,4150.674,3920.081,4108.748,44925000.0
2000-03-22,4164.6509,4402.2317,4108.7496,4332.355,86975000.0
2000-03-23,4528.0097,4597.8864,4332.355,4332.355,64950000.0
2000-03-24,4416.2066,4975.2201,4318.3793,4751.6147,90260000.0
2000-03-27,4863.4174,4919.3188,4681.7381,4751.6147,67730000.0
2000-03-28,4821.4918,5073.0479,4765.5905,4912.3315,74425000.0
2000-03-29,4912.3306,5366.529,4877.3923,5352.5537,78090000.0
2000-03-30,5254.725,5282.6757,4926.3047,4926.3047,74645000.0
2000-03-31,4751.6135,4940.2805,4646.7985,4681.7368,63855000.0
2000-04-03,4835.4647,5114.9713,4793.5387,4961.2427,56805000.0
2000-04-04,4891.3681,5094.0105,4653.7874,4751.6147,58340000.0
2000-04-05,4751.6147,4751.6147,4751.6147,4751.6147,0.0
2000-04-06,4793.5407,4863.4174,4667.7627,4667.7627,47235000.0
2000-04-07,4793.539,5073.0456,4737.6377,5031.1196,42355000.0
2000-04-10,5240.7499,5240.7499,5031.1199,5100.9966,35885000.0
2000-04-11,5031.1193,5031.1193,4856.4277,4961.2427,29075000.0
2000-04-12,4863.4144,4912.328,4793.5378,4828.4761,35250000.0
2000-04-13,4828.4761,4828.4761,4828.4761,4828.4761,0.0
2000-04-14,4611.8605,4667.7618,4374.2798,4374.2798,62365000.0
2000-04-17,3787.3152,4017.9082,3731.4139,3857.1919,78050000.0
2000-04-18,4332.3545,4360.3051,4094.7737,4220.5518,73730000.0
2000-04-19,4402.2291,4514.0317,4094.7718,4192.5991,60615000.0
2000-04-20,4164.6482,4304.4015,4136.6976,4206.5742,37335000.0
2000-04-21,4234.5267,4318.3787,4171.6377,4227.5391,26425000.0
2000-04-24,4171.6358,4213.5617,4024.8948,4052.8455,27830000.0
2000-04-25,3927.0681,4024.8954,3857.1915,3941.0435,34900000.0
2000-04-26,4066.8212,4094.7718,3913.0925,3913.0925,39290000.0
2000-04-27,3857.1911,3982.9691,3773.3391,3773.3391,54110000.0
2000-04-28,3843.2159,4262.4758,3815.2652,4192.5991,75530000.0
2000-05-01,4192.5991,4192.5991,4192.5991,4192.5991,0.0
2000-05-02,4332.3531,4562.9461,4276.4517,4388.2544,72335000.0
2000-05-03,4360.3049,4374.2803,4255.4899,4318.3789,26585000.0
2000-05-04,4346.3296,4444.1569,4290.4282,4318.3789,26100000.0
2000-05-05,4318.3789,4318.3789,4318.3789,4318.3789,0.0
2000-05-08,4472.1065,4681.7365,4402.2299,4583.9092,52695000.0
2000-05-09,4583.9092,4583.9092,4583.9092,4583.9092,0.0
2000-05-10,4416.2045,4465.1181,4381.2662,4437.1675,27620000.0
2000-05-11,4437.1675,4437.1675,4437.1675,4437.1675,0.0
2000-05-12,4486.0822,4500.0575,4304.4028,4304.4028,47170000.0
2000-05-15,4395.2421,4562.9461,4346.3285,4500.0571,47120000.0
2000-05-16,4548.9724,4751.6147,4548.9724,4751.6147,39620000.0
2000-05-17,4891.3677,5128.9484,4835.4663,4835.4663,76235000.0
2000-05-18,4709.6887,4891.3681,4667.7627,4751.6147,36580000.0
2000-05-19,4709.689,4821.4917,4611.8616,4821.4917,41450000.0
2000-05-22,4695.7123,4772.5766,4625.8356,4660.7739,36385000.0
2000-05-23,4541.9833,4681.7367,4437.1683,4458.1313,41290000.0
2000-05-24,4304.4043,4451.1454,4136.7002,4332.355,72150000.0
2000-05-25,4423.1921,4458.1304,4143.6855,4192.5991,85965000.0
2000-05-26,4122.7225,4185.6115,3913.0925,3913.0925,67100000.0
2000-05-29,3675.5121,3968.994,3661.5367,3815.2654,67130000.0
2000-05-30,3815.2654,3815.2654,3815.2654,3815.2654,0.0
2000-05-31,4192.6002,4395.2425,4164.6495,4304.4028,83935000.0
2000-06-01,4332.3543,4479.0953,4276.4529,4402.231,50230000.0
2000-06-02,4674.7491,4821.4901,4548.9711,4625.8354,84385000.0
2000-06-05,4835.4665,4877.3925,4667.7625,4709.6885,48010000.0
2000-06-06,4709.6885,4709.6885,4709.6885,4709.6885,0.0
2000-06-07,4611.8614,4877.3928,4548.9724,4751.6147,53365000.0
2000-06-08,4653.786,4863.416,4562.9463,4562.9463,58550000.0
2000-06-09,4611.8607,4919.3181,4562.9471,4905.3428,63860000.0
2000-06-12,5031.121,5087.0223,4912.3306,5024.1333,49515000.0
2000-06-13,4933.293,4961.2436,4800.5273,4933.293,42495000.0
2000-06-14,5052.0828,5338.5771,4954.2555,5338.5771,63020000.0
2000-06-15,5282.6776,5282.6776,4891.3682,4891.3682,61225000.0
2000-06-16,4821.4912,4863.4172,4688.7255,4709.6885,66455000.0
2000-06-19,4611.8601,4856.4285,4576.9218,4681.7368,53560000.0
2000-06-20,4849.4429,5017.147,4772.5785,4989.1963,59790000.0
2000-06-21,5100.9967,5156.8981,4940.2804,4947.2681,37585000.0
2000-06-22,5059.0707,5080.0337,4863.416,4919.3174,33635000.0
2000-06-23,4877.3928,4898.3558,4793.5408,4891.3682,29215000.0
2000-06-26,4961.2426,5142.9219,4884.3783,5038.1069,39980000.0
2000-06-27,5114.9716,5198.8235,5024.1319,5107.9839,45535000.0
2000-06-28,5045.0942,5268.6995,5045.0942,5254.7241,47295000.0
2000-06-29,5310.628,5408.4554,5156.8993,5233.7637,61120000.0
2000-06-30,5198.8244,5268.7011,5094.0094,5156.8984,35250000.0
2000-07-03,5198.8235,5275.6878,5184.8482,5240.7495,25975000.0
2000-07-04,5310.6277,5324.6031,5135.936,5135.936,32810000.0
2000-07-05,5163.8848,5254.7244,5135.9341,5191.8354,24895000.0
2000-07-06,5059.0706,5135.9349,5017.1446,5100.9966,60340000.0
2000-07-07,5128.9456,5212.7975,5052.0813,5142.9209,40580000.0
2000-07-10,5198.8224,5331.588,5177.8594,5310.625,42505000.0
2000-07-11,5296.6512,5408.4539,5205.8115,5205.8115,34945000.0
2000-07-12,5254.7252,5352.5525,5212.7992,5338.5771,40140000.0
2000-07-13,5380.5056,5506.2837,5289.6659,5422.4316,48805000.0
2000-07-14,5436.4063,5478.3323,5268.7023,5275.6899,30425000.0
2000-07-17,5275.6899,5275.6899,5275.6899,5275.6899,0.0
2000-07-18,5275.6883,5324.602,5198.824,5212.7993,19605000.0
2000-07-19,5275.6883,5324.602,5198.824,5212.7993,19605000.0
2000-07-20,4933.2944,4968.2328,4779.5657,4821.4917,40315000.0
2000-07-21,4863.417,4926.306,4723.6636,4835.4663,48395000.0
2000-07-24,4639.8107,4709.6873,4444.156,4458.1313,49015000.0
2000-07-25,4409.2174,4472.1064,4276.4517,4388.2544,56735000.0
2000-07-26,4472.1073,4597.8854,4444.1567,4576.9224,54745000.0
2000-07-27,4346.3287,4444.1561,4262.4767,4353.3164,43540000.0
2000-07-28,4052.8473,4129.7116,3989.9583,4003.9336,83035000.0
2000-07-31,4003.9342,4129.7123,3878.1562,4122.7246,46615000.0
2000-08-01,4164.6502,4381.2679,4101.7612,4346.3296,53120000.0
2000-08-02,4262.4777,4311.3913,4143.6873,4241.5146,37190000.0
2000-08-03,4318.3785,4318.3785,4171.6375,4213.5635,27815000.0
2000-08-04,4143.6874,4199.5887,4087.786,4136.6997,23605000.0
2000-08-07,4010.9203,4031.8833,3899.1177,3899.1177,28765000.0
2000-08-08,3955.019,4017.908,3892.13,3899.1177,33475000.0
2000-08-09,3968.9938,4220.5498,3968.9938,4192.5991,39570000.0
2000-08-10,4192.6002,4304.4028,4094.7728,4304.4028,40830000.0
2000-08-11,4192.6001,4241.5137,4108.7481,4164.6494,33840000.0
2000-08-14,4234.5249,4304.4015,4192.5989,4206.5742,23730000.0
2000-08-15,4206.5742,4206.5742,4206.5742,4206.5742,0.0
2000-08-16,4541.9829,4562.9459,4423.1925,4486.0815,51915000.0
2000-08-17,4528.0078,4583.9091,4430.1805,4500.0571,36345000.0
2000-08-18,4541.9851,4555.9604,4332.355,4332.355,21370000.0
2000-08-21,4332.3534,4430.1808,4325.3658,4381.2671,20950000.0
2000-08-22,4374.2784,4521.0194,4360.3031,4514.0317,27710000.0
2000-08-23,4507.0445,4507.0445,4304.4022,4325.3652,27905000.0
2000-08-24,4374.2803,4402.2309,4262.4776,4346.3296,31700000.0
2000-08-25,4318.3778,4472.1064,4269.4641,4472.1064,21960000.0
2000-08-28,4430.1805,4458.1312,4374.2792,4423.1929,17630000.0
2000-08-29,4416.2063,4458.1323,4304.4036,4346.3296,16765000.0
2000-08-30,4290.4278,4325.3662,4206.5758,4213.5635,23735000.0
2000-08-31,4122.7233,4122.7233,3759.3647,3822.2537,114120000.0
2000-09-01,3871.1675,3913.0935,3787.3155,3871.1675,49955000.0
2000-09-04,3801.2895,3878.1538,3710.4498,3731.4128,28625000.0
2000-09-05,3675.5133,3731.4146,3514.7969,3598.6489,79765000.0
2000-09-06,3633.5873,3689.4886,3556.7229,3598.6489,53120000.0
2000-09-07,3451.9075,3479.8582,3326.1295,3347.0925,83905000.0
2000-09-08,3423.9563,3444.9193,3347.092,3409.981,57170000.0
2000-09-11,3409.981,3409.981,3409.981,3409.981,0.0
2000-09-12,3409.981,3409.981,3409.981,3409.981,0.0
2000-09-13,3409.981,3409.981,3409.981,3409.981,0.0
2000-09-14,3214.3273,3291.1917,3102.5246,3291.1917,106130000.0
2000-09-15,3144.4495,3228.3015,3004.6962,3039.6345,82695000.0
2000-09-18,2802.0544,2878.9188,2585.4368,2774.1038,146305000.0
2000-09-19,2788.0788,3053.6101,2725.1898,2906.8691,100525000.0
2000-09-20,3214.3269,3256.2529,3116.4996,3214.3269,103410000.0
2000-09-21,3207.3392,3256.2528,3018.6722,3074.5735,65445000.0
2000-09-22,2683.2632,2830.0041,2641.3372,2655.3125,103265000.0
2000-09-25,2711.2143,2871.9307,2683.2637,2857.9553,65985000.0
2000-09-26,2725.1897,2823.0171,2725.1897,2795.0664,58430000.0
2000-09-27,2795.0665,2864.9432,2767.1159,2816.0295,69795000.0
2000-09-28,2864.9438,2927.8328,2816.0302,2836.9932,52470000.0
2000-09-29,2878.9184,2878.9184,2753.1404,2823.0171,57535000.0
2000-10-02,2683.264,2711.2147,2627.3627,2662.301,41120000.0
2000-10-03,2662.301,2662.301,2662.301,2662.301,0.0
2000-10-04,2585.4372,2760.1289,2508.5728,2718.2029,82635000.0
2000-10-05,2809.0422,2850.9682,2753.1409,2753.1409,62745000.0
2000-10-06,2655.313,2725.1897,2627.3624,2725.1897,54935000.0
2000-10-09,2669.2889,2683.2642,2571.4616,2578.4492,63195000.0
2000-10-10,2585.4363,2662.3006,2508.5719,2557.4856,62145000.0
2000-10-11,2410.7449,2417.7326,2243.0409,2250.0286,103605000.0
2000-10-12,2194.1272,2291.9545,2194.1272,2194.1272,79535000.0
2000-10-13,2096.3004,2159.1894,1977.5101,2117.2634,115295000.0
2000-10-16,2117.2634,2117.2634,2117.2634,2117.2634,0.0
2000-10-17,2082.3246,2152.2013,1907.6329,1914.6206,65300000.0
2000-10-18,1774.867,1928.5957,1691.0151,1907.6327,164215000.0
2000-10-19,1907.6324,2131.2377,1879.6818,2026.4227,137720000.0
2000-10-20,2264.0041,2326.8931,2229.0657,2326.8931,118825000.0
2000-10-23,2438.6955,2459.6585,2208.1026,2236.0532,139960000.0
2000-10-24,2222.0786,2389.7827,2166.1773,2333.8813,97115000.0
2000-10-25,2236.0531,2277.9791,2187.1394,2243.0408,68730000.0
2000-10-26,2047.3862,2117.2629,1914.6206,2019.4355,133290000.0
2000-10-27,2019.4355,2019.4355,2019.4355,2019.4355,0.0
2000-10-30,1956.5462,2012.4476,1900.6449,1921.6079,36830000.0
2000-10-31,1921.6083,1991.485,1837.7563,1991.485,63190000.0
2000-11-01,2096.301,2284.9681,2068.3504,2277.9805,94165000.0
2000-11-02,2236.0535,2396.7699,2215.0905,2319.9055,123180000.0
2000-11-03,2389.7827,2424.7211,2354.8444,2403.7581,80420000.0
2000-11-06,2417.733,2564.4741,2361.8317,2452.6714,71865000.0
2000-11-07,2417.7334,2480.6224,2361.832,2403.7581,53740000.0
2000-11-08,2375.8068,2417.7328,2291.9548,2382.7944,58215000.0
2000-11-09,2305.9307,2396.7704,2277.98,2375.8074,52305000.0
2000-11-10,2347.8565,2403.7578,2319.9058,2361.8318,35140000.0
2000-11-13,2250.0292,2277.9798,2166.1771,2201.1155,51070000.0
2000-11-14,2243.0415,2319.9059,2243.0415,2298.9429,31755000.0
2000-11-15,2410.7451,2417.7328,2319.9054,2368.8191,55720000.0
2000-11-16,2375.8066,2389.7819,2270.9916,2291.9546,37420000.0
2000-11-17,2222.0779,2257.0162,2201.1149,2250.0286,36225000.0
2000-11-20,2208.1035,2243.0419,2166.1775,2166.1775,26795000.0
2000-11-21,2152.2012,2215.0902,2075.3369,2208.1025,51620000.0
2000-11-22,2166.1765,2250.0285,2152.2012,2194.1272,37710000.0
2000-11-23,2194.1271,2277.9791,2194.1271,2243.0408,44645000.0
2000-11-24,2312.9184,2375.8074,2284.9677,2375.8074,45530000.0
2000-11-27,2515.5599,2655.3132,2494.5969,2641.3379,100220000.0
2000-11-28,2550.4984,2550.4984,2445.6834,2459.6587,59770000.0
2000-11-29,2305.9299,2340.8682,2236.0532,2250.0286,54300000.0
2000-11-30,2250.0283,2298.942,2201.1147,2264.0037,63315000.0
2000-12-01,2152.2017,2250.029,2124.251,2222.0784,96425000.0
2000-12-04,2250.0295,2270.9925,2152.2022,2166.1775,51875000.0
2000-12-05,2208.1023,2270.9913,2180.1517,2264.0037,58400000.0
2000-12-06,2382.7941,2396.7694,2243.0408,2243.0408,95890000.0
2000-12-07,2243.0421,2277.9805,2208.1038,2277.9805,43020000.0
2000-12-08,2277.9799,2368.8196,2277.9799,2354.8442,47575000.0
2000-12-11,2431.7083,2536.5233,2431.7083,2501.585,70575000.0
2000-12-12,2501.5854,2550.4991,2445.6841,2445.6841,73745000.0
2000-12-13,2445.6832,2641.3379,2445.6832,2641.3379,84140000.0
2000-12-14,2529.5352,2571.4612,2487.6092,2529.5352,66965000.0
2000-12-15,2529.5357,2543.5111,2431.7084,2438.696,52960000.0
2000-12-18,2445.6841,2508.5731,2438.6964,2487.6101,34350000.0
2000-12-19,2487.6095,2494.5972,2452.6712,2466.6465,25445000.0
2000-12-20,2389.7827,2410.7457,2319.906,2333.8813,53675000.0
2000-12-21,2180.1517,2305.9297,2145.2133,2264.0037,76625000.0
2000-12-22,2264.0039,2305.9299,2187.1395,2194.1272,63760000.0
2000-12-25,2194.1272,2194.1272,2194.1272,2194.1272,0.0
2000-12-26,2257.0162,2264.0039,2208.1025,2208.1025,60430000.0
2000-12-27,2208.1025,2208.1025,2208.1025,2208.1025,0.0
2000-12-28,2208.1025,2208.1025,2208.1025,2208.1025,0.0
2000-12-29,2208.1025,2208.1025,2208.1025,2208.1025,0.0
2001-01-01,2208.1025,2208.1025,2208.1025,2208.1025,0.0
2001-01-02,2208.1027,2361.8314,2194.1274,2340.8684,39455000.0
2001-01-03,2257.0169,2389.7826,2250.0292,2354.8442,37855000.0
2001-01-04,2648.3256,2704.2269,2557.4859,2641.3379,119910000.0
2001-01-05,2627.3624,2739.165,2585.4364,2725.1897,78135000.0
2001-01-08,2669.2898,2732.1788,2641.3391,2711.2158,42295000.0
2001-01-09,2676.276,2697.239,2592.424,2683.2637,46280000.0
2001-01-10,2641.3385,2662.3015,2585.4371,2592.4248,41235000.0
2001-01-11,2648.3257,2648.3257,2543.5107,2543.5107,31410000.0
2001-01-12,2655.313,2718.202,2634.35,2683.2637,52900000.0
2001-01-15,2697.2402,2809.043,2683.2649,2739.1663,51460000.0
2001-01-16,2767.1156,2934.8195,2690.2513,2892.8936,52065000.0
2001-01-17,2836.9923,2962.7703,2836.9923,2948.7949,52570000.0
2001-01-18,2962.7708,3165.4132,2962.7708,3074.5735,57685000.0
2001-01-19,3284.2036,3284.2036,3158.4256,3214.3269,54245000.0
2001-01-22,3214.3273,3214.3273,3123.4876,3179.3889,42250000.0
2001-01-23,3179.3889,3179.3889,3179.3889,3179.3889,0.0
2001-01-24,3179.3889,3179.3889,3179.3889,3179.3889,0.0
2001-01-25,3179.3889,3179.3889,3179.3889,3179.3889,0.0
2001-01-26,3109.5111,3130.4741,2774.1032,2781.0908,91025000.0
2001-01-29,2795.0669,2864.9436,2767.1162,2809.0422,47245000.0
2001-01-30,2864.9428,2913.8564,2843.9798,2871.9304,39350000.0
2001-01-31,2857.9558,3074.5735,2857.9558,3074.5735,53045000.0
2001-02-01,2983.7329,3088.5479,2927.8316,2983.7329,39730000.0
2001-02-02,2997.7095,3067.5862,2948.7958,2997.7095,27330000.0
2001-02-05,2913.8569,2934.8199,2788.0789,2816.0295,47135000.0
2001-02-06,2781.0922,2809.0428,2732.1785,2802.0552,31545000.0
2001-02-07,2767.1157,2788.0787,2725.1897,2725.1897,23130000.0
2001-02-08,2739.1658,2836.9932,2718.2028,2836.9932,34685000.0
2001-02-09,2823.0172,2864.9432,2781.0912,2843.9802,25230000.0
2001-02-12,2683.2641,2830.0051,2683.2641,2774.1038,36110000.0
2001-02-13,2823.0168,2864.9428,2774.1032,2781.0908,22295000.0
2001-02-14,2739.1648,2823.0168,2725.1895,2781.0908,19710000.0
2001-02-15,2934.8197,2941.8073,2864.943,2885.906,34930000.0
2001-02-16,2899.8819,3011.6845,2885.9065,2969.7585,46375000.0
2001-02-19,2920.8451,2941.8081,2864.9438,2927.8328,22880000.0
2001-02-20,2927.8327,2990.7217,2920.845,2962.771,18175000.0
2001-02-21,2906.8691,2934.8198,2892.8938,2906.8691,19500000.0
2001-02-22,2850.9689,2864.9442,2753.1415,2802.0552,43605000.0
2001-02-23,2739.165,2774.1033,2676.276,2683.2637,76855000.0
2001-02-26,2690.2513,2697.239,2641.3377,2683.2637,35665000.0
2001-02-27,2683.2638,2753.1404,2648.3254,2648.3254,38695000.0
2001-02-28,2585.4365,2641.3379,2585.4365,2613.3872,28715000.0
2001-03-01,2613.3872,2613.3872,2613.3872,2613.3872,0.0
2001-03-02,2585.4371,2585.4371,2501.5851,2522.5481,44500000.0
2001-03-05,2466.6464,2599.4121,2466.6464,2599.4121,24620000.0
2001-03-06,2669.2878,2690.2508,2627.3618,2655.3125,25500000.0
2001-03-07,2767.1157,2802.0541,2725.1897,2795.0664,52640000.0
2001-03-08,2760.1292,2802.0552,2732.1785,2802.0552,31360000.0
2001-03-09,2753.1403,2753.1403,2669.2883,2683.2637,30800000.0
2001-03-12,2585.4361,2627.3621,2550.4978,2564.4731,38610000.0
2001-03-13,2494.5971,2550.4984,2473.6341,2543.5107,33815000.0
2001-03-14,2543.5107,2543.5107,2543.5107,2543.5107,0.0
2001-03-15,2648.3266,2746.1539,2627.3636,2739.1663,29370000.0
2001-03-16,2711.2152,2739.1659,2676.2769,2718.2029,23315000.0
2001-03-19,2662.3002,2711.2138,2634.3495,2655.3125,24865000.0
2001-03-20,2725.1899,2739.1652,2669.2886,2669.2886,21455000.0
2001-03-21,2599.4125,2725.1905,2585.4372,2704.2275,40550000.0
2001-03-22,2781.0908,2788.0785,2739.1648,2781.0908,37465000.0
2001-03-23,2857.9558,3053.6104,2850.9681,3004.6968,91755000.0
2001-03-26,3074.5745,3095.5375,3032.6484,3032.6484,42870000.0
2001-03-27,3004.6968,3011.6845,2878.9188,2899.8818,31345000.0
2001-03-28,2976.7462,2976.7462,2899.8818,2899.8818,26075000.0
2001-03-29,2857.9553,2920.8443,2823.017,2857.9553,29920000.0
2001-03-30,2871.9308,2913.8568,2823.0171,2906.8691,30100000.0
2001-04-02,2823.0164,2864.9424,2767.1151,2788.0781,39140000.0
2001-04-03,2662.3002,2704.2262,2648.3248,2655.3125,46070000.0
2001-04-04,2585.4363,2613.3869,2536.5226,2557.4856,62280000.0
2001-04-05,2557.4856,2557.4856,2557.4856,2557.4856,0.0
2001-04-06,2767.1157,2767.1157,2641.3377,2683.2637,85290000.0
2001-04-09,2648.3261,2662.3015,2592.4248,2592.4248,25840000.0
2001-04-10,2592.4244,2613.3874,2522.5477,2543.5107,39175000.0
2001-04-11,2641.3381,2655.3134,2599.4121,2599.4121,44515000.0
2001-04-12,2753.1415,2857.9565,2725.1908,2802.0552,73660000.0
2001-04-13,2864.9438,2899.8822,2816.0302,2836.9932,38840000.0
2001-04-16,2836.9929,2850.9682,2753.1409,2753.1409,10200000.0
2001-04-17,2739.1654,2809.0421,2690.2518,2774.1038,16815000.0
2001-04-18,2871.9313,2990.7217,2843.9807,2990.7217,47790000.0
2001-04-19,3228.3025,3437.9325,3200.3518,3284.2039,131305000.0
2001-04-20,3298.1795,3340.1055,3137.4631,3137.4631,44905000.0
2001-04-23,3137.4625,3221.3145,3123.4872,3172.4009,31785000.0
2001-04-24,3081.5612,3088.5488,3025.6598,3074.5735,31185000.0
2001-04-25,3032.6482,3158.4263,3018.6729,3158.4263,26345000.0
2001-04-26,3032.6482,3158.4263,3018.6729,3158.4263,26345000.0
2001-04-27,3081.5621,3109.5128,3011.6854,3032.6484,21695000.0
2001-04-30,3116.5003,3228.303,3081.5619,3200.3523,38225000.0
2001-05-01,3200.3523,3200.3523,3200.3523,3200.3523,0.0
2001-05-02,3284.2043,3284.2043,3172.4016,3200.3523,36510000.0
2001-05-03,3228.3022,3228.3022,3137.4626,3214.3269,25895000.0
2001-05-04,3081.5605,3151.4371,3081.5605,3116.4988,32805000.0
2001-05-07,3144.4502,3235.2899,3130.4749,3214.3269,17945000.0
2001-05-08,3207.3381,3228.3011,3158.4245,3207.3381,16825000.0
2001-05-09,3186.3764,3200.3518,3137.4628,3144.4504,20695000.0
2001-05-10,3144.4504,3186.3764,3102.5244,3144.4504,24620000.0
2001-05-11,3116.4984,3123.486,3074.5724,3081.5601,27705000.0
2001-05-14,3088.5494,3116.5001,3074.5741,3095.5371,14310000.0
2001-05-15,3081.5621,3109.5128,2997.7101,3032.6484,26420000.0
2001-05-16,3004.6971,3053.6108,2934.8204,2941.8081,25895000.0
2001-05-17,3074.5741,3095.5371,3032.6481,3095.5371,24105000.0
2001-05-18,3060.5971,3088.5477,3032.6464,3081.5601,18915000.0
2001-05-21,3144.4509,3228.303,3095.5373,3200.3523,28160000.0
2001-05-22,3298.1794,3340.1054,3228.3027,3228.3027,48830000.0
2001-05-23,3214.3272,3326.1299,3200.3518,3284.2039,21890000.0
2001-05-24,3186.3758,3214.3265,3151.4375,3165.4128,30275000.0
2001-05-25,3179.3893,3249.2659,3095.5372,3102.5249,33695000.0
2001-05-28,3088.5494,3130.4755,3060.5988,3109.5125,18480000.0
2001-05-29,3095.537,3242.2781,3095.537,3242.2781,24280000.0
2001-05-30,3144.451,3165.4141,3109.5127,3123.488,31815000.0
2001-05-31,3018.6723,3032.6477,2927.8327,2962.771,63595000.0
2001-06-01,3004.697,3004.697,2941.808,2962.771,29315000.0
2001-06-04,2976.7463,3011.6847,2955.7833,2962.771,19955000.0
2001-06-05,2892.8945,2962.7712,2823.0178,2836.9932,51520000.0
2001-06-06,2836.9932,2836.9932,2836.9932,2836.9932,0.0
2001-06-07,2850.9683,3011.6847,2850.9683,2990.7217,39865000.0
2001-06-08,3088.5497,3151.4387,3074.5744,3123.488,42740000.0
2001-06-11,3025.66,3060.5984,2990.7217,2990.7217,24680000.0
2001-06-12,2948.7949,3004.6962,2941.8073,2948.7949,24195000.0
2001-06-13,3004.697,3011.6847,2934.8203,2990.7217,23645000.0
2001-06-14,2983.7344,3011.685,2934.8207,2955.7837,27840000.0
2001-06-15,2927.8328,2934.8204,2878.9191,2927.8328,40870000.0
2001-06-18,2920.8449,2920.8449,2850.9683,2864.9436,34095000.0
2001-06-19,2864.9428,2913.8564,2850.9674,2871.9304,31275000.0
2001-06-20,2836.9924,2843.9801,2788.0787,2795.0664,38515000.0
2001-06-21,2795.0676,2823.0183,2739.1663,2767.1169,40805000.0
2001-06-22,2753.1412,2753.1412,2669.2892,2704.2275,44685000.0
2001-06-25,2683.2645,2746.1535,2655.3139,2704.2275,25925000.0
2001-06-26,2704.2269,2725.1899,2641.3379,2641.3379,33500000.0
2001-06-27,2648.3258,2655.3134,2585.4368,2599.4121,40985000.0
2001-06-28,2585.4364,2648.3254,2578.4488,2620.3748,27040000.0
2001-06-29,2683.2637,2690.2513,2655.313,2683.2637,30675000.0
2001-07-02,2683.2642,2711.2148,2662.3012,2697.2395,23280000.0
2001-07-03,2725.1905,2732.1782,2704.2275,2718.2029,20305000.0
2001-07-04,2683.2642,2753.1409,2683.2642,2753.1409,13705000.0
2001-07-05,2753.1408,2760.1285,2697.2395,2697.2395,15550000.0
2001-07-06,2613.3868,2634.3498,2550.4978,2564.4731,38020000.0
2001-07-09,2445.6841,2473.6347,2368.8197,2389.7827,81635000.0
2001-07-10,2403.758,2438.6964,2368.8197,2375.8074,32665000.0
2001-07-11,2291.9551,2382.7948,2291.9551,2361.8318,37970000.0
2001-07-12,2431.708,2487.6094,2417.7327,2459.6587,66365000.0
2001-07-13,2543.5114,2543.5114,2347.8567,2375.8074,46560000.0
2001-07-16,2354.8444,2368.8197,2277.98,2333.8813,27910000.0
2001-07-17,2333.8813,2333.8813,2333.8813,2333.8813,0.0
2001-07-18,2347.8561,2389.7821,2326.8931,2340.8684,33430000.0
2001-07-19,2326.893,2473.634,2312.9177,2473.634,37325000.0
2001-07-20,2459.6587,2515.56,2424.7204,2459.6587,29625000.0
2001-07-23,2445.6838,2445.6838,2396.7702,2417.7332,21275000.0
2001-07-24,2375.8061,2452.6704,2375.8061,2424.7197,21480000.0
2001-07-25,2417.7338,2508.5735,2403.7584,2494.5981,20905000.0
2001-07-26,2508.5723,2550.4983,2508.5723,2536.5229,21865000.0
2001-07-27,2606.4001,2648.3261,2578.4495,2592.4248,28800000.0
2001-07-30,2627.3631,2641.3385,2578.4495,2592.4248,20055000.0
2001-07-31,2613.3871,2662.3008,2599.4118,2648.3254,22230000.0
2001-08-01,2676.2772,2788.08,2662.3019,2767.1169,57875000.0
2001-08-02,2809.0428,2823.0182,2711.2155,2732.1785,31790000.0
2001-08-03,2795.0658,2809.0411,2760.1275,2788.0781,32795000.0
2001-08-06,2746.1525,2795.0662,2725.1895,2781.0908,16130000.0
2001-08-07,2711.2148,2725.1902,2662.3012,2697.2395,22085000.0
2001-08-08,2669.2878,2683.2632,2613.3865,2655.3125,13405000.0
2001-08-09,2578.4486,2606.3993,2557.4856,2557.4856,29170000.0
2001-08-10,2592.4243,2641.338,2592.4243,2606.3997,11580000.0
2001-08-13,2634.3508,2676.2769,2620.3755,2676.2769,18640000.0
2001-08-14,2725.1901,2767.1161,2704.2271,2760.1284,21220000.0
2001-08-15,2760.1284,2760.1284,2760.1284,2760.1284,0.0
2001-08-16,2683.2637,2725.1897,2669.2884,2725.1897,18330000.0
2001-08-17,2725.1909,2767.1169,2704.2279,2739.1663,17745000.0
2001-08-20,2655.3125,2676.2755,2641.3372,2655.3125,9435000.0
2001-08-21,2669.2888,2690.2518,2585.4368,2599.4121,21735000.0
2001-08-22,2536.523,2690.2517,2536.523,2690.2517,21770000.0
2001-08-23,2704.227,2732.1777,2655.3134,2690.2517,14945000.0
2001-08-24,2683.2637,2711.2143,2641.3377,2683.2637,7515000.0
2001-08-27,2767.1155,2809.0415,2739.1648,2781.0908,37955000.0
2001-08-28,2795.0669,2795.0669,2746.1532,2753.1409,20535000.0
2001-08-29,2725.191,2774.1047,2697.2404,2746.1541,19135000.0
2001-08-30,2683.2649,2753.1416,2683.2649,2739.1663,12585000.0
2001-08-31,2697.2385,2711.2138,2620.3742,2655.3125,25845000.0
2001-09-03,2662.3004,2669.2881,2620.3744,2627.3621,10450000.0
2001-09-04,2627.3637,2753.1417,2620.376,2746.1541,18775000.0
2001-09-05,2683.2638,2690.2514,2620.3748,2648.3254,21020000.0
2001-09-06,2655.3136,2690.2519,2627.3629,2634.3506,17490000.0
2001-09-07,2627.3626,2669.2886,2578.4489,2669.2886,22835000.0
2001-09-10,2634.3508,2676.2769,2606.4002,2676.2769,14000000.0
2001-09-11,2655.3132,2690.2515,2599.4119,2613.3872,15810000.0
2001-09-12,2236.0529,2417.7322,2236.0529,2257.0159,84970000.0
2001-09-13,2347.8566,2417.7333,2319.9059,2396.7703,59745000.0
2001-09-14,2403.7574,2410.7451,2298.9424,2368.8191,33175000.0
2001-09-17,2305.9299,2347.8559,2264.0039,2291.9546,28450000.0
2001-09-18,2368.8191,2375.8067,2305.9301,2340.8684,24870000.0
2001-09-19,2305.9299,2333.8806,2277.9793,2291.9546,21555000.0
2001-09-20,2236.0534,2236.0534,2117.2631,2152.2014,61380000.0
2001-09-21,2026.4233,2054.374,1949.559,1991.485,65415000.0
2001-09-24,1991.485,1991.485,1991.485,1991.485,0.0
2001-09-25,2138.2266,2145.2143,1998.4733,1998.4733,42065000.0
2001-09-26,1970.5211,2005.4594,1949.5581,1977.5088,33275000.0
2001-09-27,1928.5966,1963.5349,1872.6952,1963.5349,36500000.0
2001-09-28,1963.5349,1963.5349,1963.5349,1963.5349,0.0
2001-10-01,1963.5349,1963.5349,1963.5349,1963.5349,0.0
2001-10-02,1963.5349,1963.5349,1963.5349,1963.5349,0.0
2001-10-03,1963.5349,1963.5349,1963.5349,1963.5349,0.0
2001-10-04,2096.2996,2096.2996,1998.4723,2033.4106,64925000.0
2001-10-05,2040.3993,2075.3376,2005.461,2061.3623,40035000.0
2001-10-08,2054.3738,2068.3491,2019.4354,2040.3984,19935000.0
2001-10-09,2068.3498,2138.2264,2068.3498,2117.2634,39630000.0
2001-10-10,2089.3124,2103.2877,2068.3494,2082.3247,16855000.0
2001-10-11,2152.2017,2236.0537,2145.214,2222.0784,58170000.0
2001-10-12,2319.9065,2333.8818,2270.9928,2277.9805,47265000.0
2001-10-15,2236.0532,2264.0039,2222.0779,2236.0532,17425000.0
2001-10-16,2208.103,2257.0167,2208.103,2222.0784,15620000.0
2001-10-17,2277.9793,2305.9299,2257.0163,2291.9546,28595000.0
2001-10-18,2257.0175,2277.9805,2215.0914,2277.9805,21850000.0
2001-10-19,2305.9307,2382.795,2277.98,2375.8074,41555000.0
2001-10-22,2417.7328,2424.7204,2326.8931,2368.8191,18730000.0
2001-10-23,2445.6833,2466.6463,2410.745,2431.708,39580000.0
2001-10-24,2487.6098,2592.4248,2480.6221,2592.4248,56115000.0
2001-10-25,2585.4363,2585.4363,2529.5349,2557.4856,27610000.0
2001-10-26,2557.4858,2578.4488,2501.5845,2529.5352,47820000.0
2001-10-29,2557.4851,2585.4358,2522.5468,2571.4604,25480000.0
2001-10-30,2473.634,2501.5847,2424.7203,2431.708,33825000.0
2001-10-31,2382.7937,2431.7074,2382.7937,2424.7197,28980000.0
2001-11-01,2473.6343,2536.5233,2431.7083,2501.585,34295000.0
2001-11-02,2536.5226,2564.4733,2536.5226,2557.4856,37920000.0
2001-11-05,2564.4738,2585.4368,2529.5354,2585.4368,30180000.0
2001-11-06,2641.3372,2676.2755,2627.3618,2655.3125,53010000.0
2001-11-07,2669.2887,2676.2764,2634.3504,2662.301,44265000.0
2001-11-08,2662.3012,2704.2272,2655.3135,2697.2395,37600000.0
2001-11-09,2697.2395,2697.2395,2697.2395,2697.2395,0.0
2001-11-12,2802.0541,2830.0047,2746.1527,2795.0664,23500000.0
2001-11-13,2739.1651,2795.0664,2725.1897,2795.0664,30010000.0
2001-11-14,2864.9434,3004.6968,2836.9928,3004.6968,75030000.0
2001-11-15,2941.8081,2997.7094,2899.8821,2927.8328,36275000.0
2001-11-16,2906.8691,2927.8321,2843.9802,2920.8445,35795000.0
2001-11-19,2864.9429,3074.5729,2864.9429,3053.6099,39315000.0
2001-11-20,3074.5726,3116.4985,2983.7329,2983.7329,37695000.0
2001-11-21,2906.8689,3004.6962,2899.8813,2948.7949,33430000.0
2001-11-22,2955.7834,3018.6724,2906.8697,3018.6724,17595000.0
2001-11-23,3032.6482,3109.5126,3004.6975,3102.5249,27370000.0
2001-11-26,3123.4872,3228.3022,3123.4872,3214.3269,37990000.0
2001-11-27,3242.2781,3256.2534,3193.3644,3228.3027,41960000.0
2001-11-28,3172.4008,3214.3268,3039.6351,3060.5981,29700000.0
2001-11-29,2997.7101,3137.4635,2913.858,2934.821,53265000.0
2001-11-30,3116.4995,3116.4995,3025.6598,3046.6228,31230000.0
2001-12-03,3095.5371,3144.4508,2997.7098,3137.4631,32860000.0
2001-12-04,3165.4132,3221.3146,3102.5242,3214.3269,32740000.0
2001-12-05,3326.131,3696.4775,3312.1557,3696.4775,115130000.0
2001-12-06,3885.1418,4094.7718,3738.4008,3843.2158,114630000.0
2001-12-07,3773.3403,4003.9333,3724.4266,3962.0073,58705000.0
2001-12-10,3899.1183,3899.1183,3612.6239,3633.5869,65280000.0
2001-12-11,3521.7834,3626.5984,3472.8697,3612.623,52625000.0
2001-12-12,3605.6352,3787.3144,3514.7955,3773.3391,53895000.0
2001-12-13,3773.3403,3794.3033,3647.5623,3703.4636,63765000.0
2001-12-14,3570.6981,3654.5501,3556.7228,3563.7104,46510000.0
2001-12-17,3500.8215,3598.6489,3437.9325,3500.8215,41255000.0
2001-12-18,3549.7362,3766.354,3549.7362,3640.5759,56725000.0
2001-12-19,3710.4505,3738.4012,3668.5246,3689.4875,30870000.0
2001-12-20,3633.587,3780.328,3570.6979,3703.4636,32435000.0
2001-12-21,3563.7098,3626.5988,3493.8331,3514.7961,41650000.0
2001-12-24,3528.7715,3605.6358,3500.8208,3528.7715,20430000.0
2001-12-25,3528.7715,3528.7715,3528.7715,3528.7715,0.0
2001-12-26,3584.6732,3626.5992,3549.7349,3605.6362,21745000.0
2001-12-27,3633.5858,3787.3144,3619.6105,3773.3391,40355000.0
2001-12-28,3913.093,3927.0683,3850.204,3899.1177,38480000.0
2001-12-31,3899.1177,3899.1177,3899.1177,3899.1177,0.0
2002-01-01,3899.1177,3899.1177,3899.1177,3899.1177,0.0
2002-01-02,3955.0195,4304.4028,3927.0688,4304.4028,57100000.0
2002-01-03,4304.4028,4304.4028,4304.4028,4304.4028,0.0
2002-01-04,4458.1313,4479.0943,4395.2423,4458.1313,50470000.0
2002-01-07,4374.2801,4493.0704,4311.391,4444.1567,51455000.0
2002-01-08,4465.1191,4465.1191,4325.3657,4353.3164,38005000.0
2002-01-09,4339.3414,4507.0454,4325.3661,4507.0454,45120000.0
2002-01-10,4444.1562,4486.0822,4304.4028,4304.4028,54845000.0
2002-01-11,4360.3056,4437.17,4220.5523,4276.4536,47680000.0
2002-01-14,4227.5391,4611.8608,4220.5514,4611.8608,48900000.0
2002-01-15,4493.0684,4514.0314,4304.4014,4360.3027,68875000.0
2002-01-16,4297.4155,4367.2922,4213.5635,4213.5635,60330000.0
2002-01-17,4122.7225,4234.5251,4094.7718,4192.5991,55605000.0
2002-01-18,4199.5887,4220.5517,4108.749,4136.6997,44260000.0
2002-01-21,4052.846,4080.7966,3996.9446,4066.8213,41265000.0
2002-01-22,4080.7965,4227.5374,4080.7965,4192.5991,32895000.0
2002-01-23,4052.8468,4325.3658,4038.8715,4304.4028,39900000.0
2002-01-24,4346.3303,4451.1454,4318.3796,4332.355,38415000.0
2002-01-25,4423.1921,4590.8961,4374.2784,4514.0317,56875000.0
2002-01-28,4597.8856,4597.8856,4437.1692,4451.1445,33735000.0
2002-01-29,4451.1446,4507.046,4395.2433,4402.231,32140000.0
2002-01-30,4199.5885,4318.3789,4199.5885,4234.5269,39580000.0
2002-01-31,4234.5269,4234.5269,4234.5269,4234.5269,0.0
2002-02-01,4332.3542,4416.2063,4255.4899,4318.3789,35640000.0
2002-02-04,4332.3521,4423.1917,4318.3767,4360.3027,23805000.0
2002-02-05,4332.3524,4534.9947,4290.4265,4514.0317,48675000.0
2002-02-06,4472.1067,4528.008,4444.156,4458.1313,31845000.0
2002-02-07,4402.231,4514.0336,4360.3049,4402.231,36975000.0
2002-02-08,4416.2049,4486.0815,4346.3282,4486.0815,34105000.0
2002-02-11,4486.0815,4486.0815,4486.0815,4486.0815,0.0
2002-02-12,4486.0815,4486.0815,4486.0815,4486.0815,0.0
2002-02-13,4486.0815,4486.0815,4486.0815,4486.0815,0.0
2002-02-14,4709.6867,4961.2427,4632.8224,4961.2427,98365000.0
2002-02-15,4849.439,4891.365,4758.5994,4772.5747,42860000.0
2002-02-18,4765.5899,4828.4789,4737.6392,4793.5405,35695000.0
2002-02-19,4821.4901,4919.3174,4744.6258,4786.5518,36270000.0
2002-02-20,4681.7381,4800.5284,4681.7381,4751.6147,34980000.0
2002-02-21,4793.5403,4814.5033,4569.9349,4723.6636,51595000.0
2002-02-22,4576.9219,4667.7616,4562.9466,4660.7739,47120000.0
2002-02-25,4618.848,4702.7,4562.9467,4639.811,33955000.0
2002-02-26,4765.5898,4807.5158,4653.7871,4709.6885,34055000.0
2002-02-27,4653.7874,4891.3682,4653.7874,4891.3682,45875000.0
2002-02-28,4891.3679,4898.3556,4793.5405,4793.5405,43075000.0
2002-03-01,4793.5405,4793.5405,4793.5405,4793.5405,0.0
2002-03-04,4898.3558,5073.0476,4891.3682,4891.3682,60950000.0
2002-03-05,5080.0345,5087.0222,4975.2195,5045.0962,48115000.0
2002-03-06,5045.0952,5142.9226,4996.1816,5073.0459,30955000.0
2002-03-07,5149.9119,5149.9119,4968.2325,4975.2202,24780000.0
2002-03-08,4961.2441,4996.1824,4828.4784,4877.3921,36710000.0
2002-03-11,4891.3658,4919.3165,4800.5262,4870.4028,36135000.0
2002-03-12,4807.515,4940.2806,4793.5396,4933.293,39365000.0
2002-03-13,4828.4777,4926.305,4828.4777,4863.416,33440000.0
2002-03-14,4814.5038,4821.4915,4597.8861,4807.5161,105785000.0
2002-03-15,4667.7622,4702.7005,4597.8855,4611.8608,71515000.0
2002-03-18,4681.737,4695.7124,4597.885,4639.811,51835000.0
2002-03-19,4653.7867,4877.3921,4653.7867,4877.3921,63005000.0
2002-03-20,4905.3428,4975.2194,4842.4538,4877.3921,43105000.0
2002-03-21,4751.6117,4828.476,4751.6117,4772.5747,33605000.0
2002-03-22,4821.4887,4989.1927,4744.6244,4898.353,48595000.0
2002-03-25,4933.2941,4933.2941,4751.6147,4751.6147,54505000.0
2002-03-26,4730.6511,4877.3921,4702.7004,4877.3921,42195000.0
2002-03-27,4891.3672,5107.9848,4891.3672,5080.0342,61410000.0
2002-03-28,5066.0593,5170.8743,4996.1826,4996.1826,39260000.0
2002-03-29,5100.9949,5184.8469,5073.0443,5142.9209,36935000.0
2002-04-01,5240.7497,5373.5154,5177.8607,5226.7744,57465000.0
2002-04-02,5282.6756,5569.1699,5170.873,5569.1699,78395000.0
2002-04-03,5555.1945,5660.0095,5492.3055,5646.0342,60430000.0
2002-04-04,5576.1591,5576.1591,5401.4674,5436.4058,70795000.0
2002-04-05,5436.4058,5436.4058,5436.4058,5436.4058,0.0
2002-04-08,5422.4298,5422.4298,5156.8984,5156.8984,77600000.0
2002-04-09,5170.8738,5219.7874,5114.9724,5156.8984,52740000.0
2002-04-10,5156.8996,5163.8873,4968.2325,4975.2202,65180000.0
2002-04-11,4996.1826,5100.9976,4975.2196,5024.1333,71690000.0
2002-04-12,5024.1328,5191.8368,4968.2314,5156.8984,55420000.0
2002-04-15,5198.8241,5422.4294,5198.8241,5380.5034,42665000.0
2002-04-16,5380.5044,5464.3564,5331.5907,5436.4058,42525000.0
2002-04-17,5597.122,5743.863,5576.159,5673.9863,77025000.0
2002-04-18,5590.134,5708.9243,5555.1956,5680.9736,48785000.0
2002-04-19,5680.9749,5778.8023,5534.2339,5534.2339,61985000.0
2002-04-22,5632.0599,5827.7145,5618.0845,5729.8872,61720000.0
2002-04-23,5729.8852,5981.4412,5666.9962,5967.4658,59890000.0
2002-04-24,5911.5667,6037.3447,5841.69,6037.3447,39980000.0
2002-04-25,5890.6023,5953.4913,5764.8243,5771.812,51010000.0
2002-04-26,5687.9601,5750.8491,5583.1451,5590.1328,56155000.0
2002-04-29,5450.3801,5541.2197,5317.6144,5324.6021,53330000.0
2002-04-30,5352.5525,5429.4168,5282.6758,5338.5771,44785000.0
2002-05-01,5338.5771,5338.5771,5338.5771,5338.5771,0.0
2002-05-02,5408.4542,5408.4542,5261.7132,5303.6392,51900000.0
2002-05-03,5198.8242,5233.7625,5073.0462,5170.8735,55535000.0
2002-05-06,4982.2063,5045.0953,4863.416,4863.416,55135000.0
2002-05-07,4758.601,4919.3174,4681.7367,4919.3174,72025000.0
2002-05-08,5003.1686,5156.8973,4982.2056,5066.0576,53325000.0
2002-05-09,5268.7003,5282.6756,5059.0703,5059.0703,74720000.0
2002-05-10,4898.3558,4961.2448,4639.812,4667.7627,100015000.0
2002-05-13,4583.9106,4730.6516,4479.0955,4688.7256,67570000.0
2002-05-14,4849.4412,5010.1576,4821.4906,5003.1699,59730000.0
2002-05-15,5142.9215,5324.6008,5128.9462,5254.7241,70610000.0
2002-05-16,5254.7255,5261.7132,5163.8859,5170.8735,30645000.0
2002-05-17,5240.7514,5359.5417,5219.7884,5345.5664,40355000.0
2002-05-20,5310.6269,5317.6145,5170.8735,5170.8735,30245000.0
2002-05-21,5094.0106,5142.9243,4961.2449,4975.2202,40335000.0
2002-05-22,4961.2435,5170.8735,4912.3299,5170.8735,37960000.0
2002-05-23,5128.947,5156.8976,5024.132,5031.1196,37015000.0
2002-05-24,5142.9219,5184.8478,5100.9959,5114.9712,34335000.0
2002-05-27,5031.1205,5163.8862,5024.1328,5052.0835,19350000.0
2002-05-28,5066.0589,5170.8739,5038.1082,5163.8862,23475000.0
2002-05-29,5100.9963,5100.9963,4947.2677,5059.0703,39030000.0
2002-05-30,4982.2057,5038.107,4919.3167,4961.2427,31370000.0
2002-05-31,4947.2695,4982.2078,4779.5654,4779.5654,44735000.0
2002-06-03,4695.7127,4947.2688,4695.7127,4905.3428,34900000.0
2002-06-04,4765.5887,4947.268,4758.601,4919.3174,28405000.0
2002-06-05,5003.1698,5066.0588,4954.2561,4968.2314,25415000.0
2002-06-06,4968.2314,4968.2314,4968.2314,4968.2314,0.0
2002-06-07,4828.4794,4884.3807,4807.5164,4821.4917,39460000.0
2002-06-10,4877.3928,4926.3065,4863.4175,4891.3682,28000000.0
2002-06-11,4891.3682,4905.3435,4807.5161,4891.3682,22005000.0
2002-06-12,4842.453,4919.3174,4835.4654,4919.3174,42905000.0
2002-06-13,4919.3174,4919.3174,4919.3174,4919.3174,0.0
2002-06-14,4940.2813,5114.973,4933.2936,5024.1333,37845000.0
2002-06-17,5045.0942,5094.0079,5003.1682,5017.1436,28255000.0
2002-06-18,5170.8732,5240.7499,5052.0829,5073.0459,41960000.0
2002-06-19,5073.0451,5114.9711,4800.5262,4870.4028,63065000.0
2002-06-20,4751.6135,4807.5149,4660.7739,4765.5889,42950000.0
2002-06-21,4681.7381,4828.4791,4618.849,4751.6147,48655000.0
2002-06-24,4632.8232,4765.5889,4632.8232,4737.6382,27915000.0
2002-06-25,4821.4896,4849.4402,4723.6622,4730.6499,30155000.0
2002-06-26,4611.861,4618.8486,4318.3789,4318.3789,64210000.0
2002-06-27,4458.1318,4493.0701,4346.3291,4374.2798,44755000.0
2002-06-28,4541.9844,4674.7501,4500.0584,4597.8857,45560000.0
2002-07-01,4597.8857,4597.8857,4597.8857,4597.8857,0.0
2002-07-02,4500.0571,4751.6131,4444.1558,4716.6748,40600000.0
2002-07-03,4632.8239,4772.5773,4562.9472,4723.6636,40585000.0
2002-07-04,4786.5531,4891.3682,4786.5531,4891.3682,37020000.0
2002-07-05,4891.3672,5038.1083,4877.3919,5003.1699,45015000.0
2002-07-08,5170.8722,5177.8599,4961.2422,5017.1436,54385000.0
2002-07-09,5031.1196,5100.9963,4968.2307,5059.0703,33070000.0
2002-07-10,4961.2421,5010.1557,4814.5011,4849.4395,35655000.0
2002-07-11,4709.6871,4737.6377,4632.8228,4632.8228,37980000.0
2002-07-12,4807.5147,4954.2557,4765.5887,4919.3174,40000000.0
2002-07-15,4863.4163,5045.0956,4863.4163,4933.293,36755000.0
2002-07-16,5031.1201,5052.0831,4905.3421,4947.2681,42635000.0
2002-07-17,4947.2681,4947.2681,4947.2681,4947.2681,0.0
2002-07-18,4940.2826,5038.11,4926.3073,4989.1963,40105000.0
2002-07-19,4891.365,4898.3527,4723.6611,4772.5747,43190000.0
2002-07-22,4590.8978,4674.7499,4569.9348,4611.8608,39480000.0
2002-07-23,4555.9603,4821.4917,4493.0713,4821.4917,41355000.0
2002-07-24,4653.7861,4709.6875,4604.8725,4681.7368,33850000.0
2002-07-25,4891.3669,4905.3422,4737.6382,4737.6382,47515000.0
2002-07-26,4604.8721,4653.7858,4430.1804,4472.1064,63865000.0
2002-07-29,4528.0105,4576.9242,4458.1338,4541.9858,28925000.0
2002-07-30,4653.7861,4737.6381,4653.7861,4653.7861,31170000.0
2002-07-31,4646.7988,4709.6878,4625.8358,4646.7988,27480000.0
2002-08-01,4660.7726,4660.7726,4486.081,4534.9946,26135000.0
2002-08-02,4437.1704,4500.0594,4360.306,4465.1211,51860000.0
2002-08-05,4409.2186,4430.1816,4304.4036,4318.3789,32540000.0
2002-08-06,4262.4758,4262.4758,4171.6361,4192.5991,61465000.0
2002-08-07,4311.3891,4388.2534,4283.4384,4360.3027,35240000.0
2002-08-08,4472.1068,4472.1068,4346.3288,4381.2671,47335000.0
2002-08-09,4465.119,4507.045,4437.1683,4458.1313,31175000.0
2002-08-12,4458.1308,4486.0815,4374.2788,4430.1802,38830000.0
2002-08-13,4430.1797,4534.9946,4430.1797,4534.9946,19635000.0
2002-08-14,4500.0571,4514.0325,4444.1558,4500.0571,35980000.0
2002-08-15,4500.0571,4500.0571,4500.0571,4500.0571,0.0
2002-08-16,4611.8602,4653.7862,4541.9835,4548.9712,31750000.0
2002-08-19,4639.8108,4681.7368,4590.8971,4653.7861,23175000.0
2002-08-20,4751.6143,4849.4416,4730.6513,4835.4663,42485000.0
2002-08-21,4835.4668,4891.3682,4786.5531,4891.3682,40045000.0
2002-08-22,4919.3182,4933.2935,4842.4539,4856.4292,39610000.0
2002-08-23,4856.4292,4856.4292,4856.4292,4856.4292,0.0
2002-08-26,4779.5651,4779.5651,4730.6514,4758.6021,31810000.0
2002-08-27,4758.6011,4772.5765,4653.7861,4653.7861,33835000.0
2002-08-28,4541.9832,4653.7858,4541.9832,4583.9092,29830000.0
2002-08-29,4695.7118,4695.7118,4528.0078,4583.9092,28695000.0
2002-08-30,4555.9588,4639.8108,4528.0081,4625.8354,31530000.0
2002-09-02,4604.8737,4751.6147,4590.8984,4751.6147,28810000.0
2002-09-03,4765.5889,4779.5643,4646.7986,4660.7739,22945000.0
2002-09-04,4555.958,4583.9086,4493.069,4528.0073,33640000.0
2002-09-05,4583.9089,4590.8965,4486.0815,4486.0815,17770000.0
2002-09-06,4451.1435,4534.9955,4444.1558,4500.0571,27970000.0
2002-09-09,4562.947,4590.8977,4493.0703,4521.021,22015000.0
2002-09-10,4534.9965,4611.8608,4528.0088,4611.8608,17320000.0
2002-09-11,4660.7737,4744.6257,4625.8354,4702.6997,26610000.0
2002-09-12,4730.6515,4793.5405,4688.7255,4793.5405,32885000.0
2002-09-13,4702.6994,4709.6871,4632.8228,4632.8228,23920000.0
2002-09-16,4667.762,4667.762,4569.9347,4576.9224,19385000.0
2002-09-17,4667.7627,4779.5654,4618.849,4779.5654,33655000.0
2002-09-18,4639.8108,4681.7368,4611.8601,4653.7861,28480000.0
2002-09-19,4681.7368,4744.6258,4660.7738,4681.7368,21495000.0
2002-09-20,4681.7368,4681.7368,4681.7368,4681.7368,0.0
2002-09-23,4583.9085,4611.8592,4451.1429,4493.0688,44800000.0
2002-09-24,4374.2793,4458.1313,4346.3287,4458.1313,44650000.0
2002-09-25,4374.2807,4430.1821,4248.5027,4290.4287,42295000.0
2002-09-26,4416.2051,4451.1434,4318.3777,4388.2544,42535000.0
2002-09-27,4304.4022,4416.2049,4290.4269,4325.3652,30845000.0
2002-09-30,4185.6125,4192.6002,4108.7482,4171.6372,40780000.0
2002-10-01,4066.8229,4185.6133,4066.8229,4157.6626,34580000.0
2002-10-02,4290.4293,4304.4046,4164.6512,4185.6143,36470000.0
2002-10-03,4185.6143,4185.6143,4185.6143,4185.6143,0.0
2002-10-04,4080.7989,4297.4166,4080.7989,4276.4536,34510000.0
2002-10-07,4234.5271,4248.5024,4136.6997,4136.6997,22180000.0
2002-10-08,4115.7348,4192.5991,4115.7348,4192.5991,29610000.0
2002-10-09,4220.5516,4220.5516,4136.6996,4157.6626,27245000.0
2002-10-10,4059.8343,4101.7603,3808.2783,3822.2537,72530000.0
2002-10-11,3962.007,3962.007,3710.451,3822.2537,67420000.0
2002-10-14,3982.9695,4059.8338,3955.0188,4024.8955,48320000.0
2002-10-15,4094.7718,4227.5374,4017.9075,4192.5991,45910000.0
2002-10-16,4262.4775,4290.4282,4157.6625,4262.4775,52820000.0
2002-10-17,4234.5275,4346.3302,4143.6878,4297.4165,58125000.0
2002-10-18,4472.1066,4618.8476,4416.2053,4562.9463,90720000.0
2002-10-21,4541.9827,4632.8223,4486.0813,4528.0073,32510000.0
2002-10-22,4632.8252,4639.8128,4374.2814,4465.1211,40335000.0
2002-10-23,4479.0942,4583.9092,4381.2669,4583.9092,46750000.0
2002-10-24,4646.7997,4723.664,4639.812,4667.7627,50295000.0
2002-10-25,4618.849,4779.5654,4618.849,4751.6147,45285000.0
2002-10-28,4863.4168,5073.0469,4856.4292,5045.0962,57720000.0
2002-10-29,5024.1326,5073.0463,4933.293,4933.293,45245000.0
2002-10-30,4849.4416,4877.3923,4639.8116,4723.6636,63295000.0
2002-10-31,4821.4917,4863.4177,4716.6767,4821.4917,41280000.0
2002-11-01,4793.5395,4835.4655,4730.6505,4765.5889,27225000.0
2002-11-04,4947.269,5149.9114,4912.3307,5135.936,68795000.0
2002-11-05,5163.8862,5170.8738,4989.1945,5052.0835,46110000.0
2002-11-06,5142.9222,5149.9099,5052.0826,5107.9839,32750000.0
2002-11-07,5107.9851,5156.8988,5017.1454,5121.9604,41545000.0
2002-11-08,4975.2196,5024.1333,4919.3183,5024.1333,36000000.0
2002-11-11,4975.2194,4975.2194,4821.4907,4877.3921,27855000.0
2002-11-12,4744.6258,4856.4285,4730.6505,4842.4531,33100000.0
2002-11-13,4884.3798,4905.3428,4814.5031,4877.3921,38210000.0
2002-11-14,4821.4914,4877.3928,4737.6394,4751.6147,31635000.0
2002-11-15,4905.3426,5003.1699,4884.3796,5003.1699,41990000.0
2002-11-18,5003.1701,5010.1578,4884.3798,4905.3428,28460000.0
2002-11-19,4835.465,4926.3047,4835.465,4926.3047,20825000.0
2002-11-20,4933.2923,5038.1073,4884.3786,5031.1196,40270000.0
2002-11-21,5184.8491,5219.7874,5142.9231,5156.8984,55060000.0
2002-11-22,5282.676,5310.6266,5212.7993,5212.7993,48550000.0
2002-11-25,5240.7514,5310.628,5212.8007,5289.665,32420000.0
2002-11-26,5303.6404,5338.5787,5233.7637,5289.665,39225000.0
2002-11-27,5198.8224,5310.625,5198.8224,5310.625,23900000.0
2002-11-28,5408.4541,5485.3184,5352.5528,5380.5034,38735000.0
2002-11-29,5387.4921,5422.4304,5345.5661,5408.4551,28085000.0
2002-12-02,5408.4551,5408.4551,5408.4551,5408.4551,0.0
2002-12-03,5422.4314,5520.2588,5380.5054,5492.3081,37660000.0
2002-12-04,5394.4773,5415.4403,5219.7856,5219.7856,42435000.0
2002-12-05,5156.8967,5240.7486,5080.0323,5219.7856,46550000.0
2002-12-06,5170.8736,5226.7749,5121.9599,5198.8242,27790000.0
2002-12-09,5212.7992,5226.7745,5100.9965,5205.8115,39300000.0
2002-12-10,5087.0197,5114.9703,5059.069,5094.0073,31780000.0
2002-12-11,5128.9465,5135.9342,5038.1069,5114.9712,35140000.0
2002-12-12,5107.9826,5142.9209,5107.9826,5142.9209,57605000.0
2002-12-13,5100.9963,5121.9593,5017.1443,5059.0703,31630000.0
2002-12-16,4933.2918,4975.2178,4863.4152,4870.4028,50650000.0
2002-12-17,4961.2433,4989.1939,4919.3173,4940.2803,45230000.0
2002-12-18,4849.4416,5031.121,4821.4909,4996.1826,31875000.0
2002-12-19,4996.1826,4996.1826,4996.1826,4996.1826,0.0
2002-12-20,4975.2193,5031.1206,4898.3549,5003.1699,30960000.0
2002-12-23,5003.1693,5017.1447,4849.4407,4863.416,25675000.0
2002-12-24,4821.4901,4877.3914,4772.5764,4786.5518,24370000.0
2002-12-25,4786.5518,4786.5518,4786.5518,4786.5518,0.0
2002-12-26,4786.5525,4807.5155,4709.6881,4744.6265,26020000.0
2002-12-27,4681.7376,4800.5279,4667.7622,4695.7129,23135000.0
2002-12-30,4618.8474,4681.7364,4374.2791,4388.2544,49905000.0
2002-12-31,4388.2544,4388.2544,4388.2544,4388.2544,0.0
2003-01-01,4388.2544,4388.2544,4388.2544,4388.2544,0.0
2003-01-02,4458.1305,4514.0318,4402.2292,4493.0688,25580000.0
2003-01-03,4681.7381,4891.3681,4639.8121,4807.5161,55530000.0
2003-01-06,4849.4406,4912.3296,4807.5146,4884.3789,24970000.0
2003-01-07,5017.1448,5017.1448,4779.5641,4786.5518,28895000.0
2003-01-08,4835.4668,4842.4544,4730.6517,4751.6147,25210000.0
2003-01-09,4625.8344,4653.785,4486.0811,4514.0317,75290000.0
2003-01-10,4611.8593,4646.7976,4430.18,4528.0073,62640000.0
2003-01-13,4472.1058,4674.748,4451.1428,4674.748,31445000.0
2003-01-14,4611.861,4646.7993,4541.9843,4590.8979,26320000.0
2003-01-15,4611.8593,4660.773,4500.0567,4528.0073,32735000.0
2003-01-16,4472.1075,4611.8608,4416.2061,4611.8608,40380000.0
2003-01-17,4576.9236,4590.8989,4479.0962,4479.0962,24405000.0
2003-01-20,4360.3038,4486.0818,4360.3038,4472.1064,18610000.0
2003-01-21,4444.156,4472.1067,4395.2423,4458.1313,26675000.0
2003-01-22,4395.2424,4451.1437,4318.3781,4353.3164,32670000.0
2003-01-23,4353.3161,4451.1434,4297.4148,4416.2051,36700000.0
2003-01-24,4416.2058,4430.1811,4283.4401,4374.2798,33445000.0
2003-01-27,4206.5762,4262.4775,4171.6378,4178.6255,46465000.0
2003-01-28,4178.626,4290.4287,4178.626,4290.4287,26430000.0
2003-01-29,4241.5148,4283.4408,4052.8478,4073.8108,46520000.0
2003-01-30,4094.7738,4129.7121,4045.8601,4073.8108,35065000.0
2003-01-31,4073.8108,4073.8108,4073.8108,4073.8108,0.0
2003-02-03,4038.8704,4115.7347,3996.9444,4094.7717,28670000.0
2003-02-04,4094.7727,4164.6494,4080.7974,4108.748,40850000.0
2003-02-05,4038.8706,4129.7103,4038.8706,4066.8213,21430000.0
2003-02-06,4059.8325,4080.7955,3934.0546,3955.0176,38460000.0
2003-02-07,3913.0932,3941.0439,3773.3399,3829.2412,48695000.0
2003-02-10,3787.316,3815.2667,3738.4024,3766.353,39390000.0
2003-02-11,3773.3417,3850.206,3626.6006,3794.3047,52050000.0
2003-02-12,3717.4379,3913.0925,3717.4379,3913.0925,38100000.0
2003-02-13,3899.1197,3920.0827,3794.3047,3794.3047,38935000.0
2003-02-14,3773.3394,3815.2654,3717.4381,3815.2654,31730000.0
2003-02-17,3941.0444,4080.7977,3913.0937,4059.8347,43155000.0
2003-02-18,4066.8211,4101.7594,3996.9444,4094.7717,25315000.0
2003-02-19,4192.6013,4304.404,4150.6753,4150.6753,49545000.0
2003-02-20,4108.7487,4234.5267,4108.7487,4227.5391,33430000.0
2003-02-21,4262.4778,4262.4778,4185.6134,4220.5518,21490000.0
2003-02-24,4234.5256,4388.2542,4234.5256,4325.3652,33000000.0
2003-02-25,4192.6009,4220.5516,4045.8599,4045.8599,47465000.0
2003-02-26,4045.8597,4080.798,3948.0324,3968.9954,32980000.0
2003-02-27,3913.0937,3989.958,3857.1923,3962.0073,37950000.0
2003-02-28,3962.0061,4010.9197,3899.1171,3906.1047,20490000.0
2003-03-03,3906.1069,4122.7246,3906.1069,4122.7246,25520000.0
2003-03-04,4017.9083,4038.8713,3948.0316,3982.97,25405000.0
2003-03-05,3885.1426,3906.1056,3815.2659,3857.1919,33420000.0
2003-03-06,3899.1179,3899.1179,3794.3029,3857.1919,19110000.0
2003-03-07,3815.2671,3982.9712,3773.3411,3927.0698,39685000.0
2003-03-10,3975.9829,4038.8719,3941.0446,4003.9336,29210000.0
2003-03-11,3975.9834,4052.8478,3913.0944,4017.9094,51570000.0
2003-03-12,4017.9071,4073.8085,4003.9318,4052.8455,50580000.0
2003-03-13,4059.8331,4073.8085,3948.0305,4052.8455,53845000.0
2003-03-14,4178.6249,4234.5262,4094.7729,4143.6865,38295000.0
2003-03-17,4143.6858,4150.6735,3941.0435,4024.8955,38500000.0
2003-03-18,4185.6132,4213.5638,4101.7611,4178.6255,42135000.0
2003-03-19,4136.6997,4206.5764,4108.749,4136.6997,29355000.0
2003-03-20,4192.6001,4353.3164,4164.6494,4353.3164,59500000.0
2003-03-21,4353.3173,4423.194,4311.3913,4402.231,31155000.0
2003-03-24,4430.181,4430.181,4346.329,4367.292,41540000.0
2003-03-25,4290.429,4290.429,4234.5276,4276.4536,44210000.0
2003-03-26,4304.4033,4339.3416,4234.5266,4248.502,45140000.0
2003-03-27,4178.6249,4227.5385,4143.6865,4171.6372,24130000.0
2003-03-28,4178.626,4290.4287,4143.6877,4290.4287,33220000.0
2003-03-31,4164.6501,4192.6007,3968.9954,3968.9954,46440000.0
2003-04-01,3885.1433,3968.9954,3829.242,3968.9954,49730000.0
2003-04-02,3982.9697,4010.9203,3878.1547,3899.1177,60345000.0
2003-04-03,3996.945,4017.908,3899.1177,3899.1177,59235000.0
2003-04-04,3857.1923,3989.958,3801.291,3962.0073,53760000.0
2003-04-07,4024.8968,4199.5885,3989.9585,4178.6255,49785000.0
2003-04-08,4080.7981,4213.5638,4066.8228,4178.6255,40425000.0
2003-04-09,4080.7979,4108.7486,3996.9459,4003.9336,42470000.0
2003-04-10,4003.9325,4066.8215,3962.0065,4024.8955,54070000.0
2003-04-11,3982.97,4108.748,3975.9823,3982.97,39665000.0
2003-04-14,3962.0078,4108.7489,3962.0078,3989.9585,35175000.0
2003-04-15,4094.7737,4143.6874,4059.8354,4136.6997,35260000.0
2003-04-16,4262.476,4367.291,4241.513,4339.3403,55085000.0
2003-04-17,4290.4284,4339.3421,4220.5518,4220.5518,34275000.0
2003-04-18,4339.3419,4402.231,4234.5269,4402.231,40785000.0
2003-04-21,4360.3049,4430.1816,4311.3912,4318.3789,20485000.0
2003-04-22,4262.4769,4290.4275,4157.6619,4171.6372,35690000.0
2003-04-23,4227.5374,4269.4634,4178.6238,4192.5991,23690000.0
2003-04-24,4178.626,4220.552,4080.7986,4122.7246,23805000.0
2003-04-25,4052.8478,4080.7984,3982.9711,4017.9094,35760000.0
2003-04-28,3975.9823,4080.7973,3955.0193,3982.97,27240000.0
2003-04-29,4101.7625,4213.5652,4066.8241,4199.5898,31235000.0
2003-04-30,4220.5515,4283.4405,4185.6132,4262.4775,32040000.0
2003-05-01,4262.4775,4262.4775,4262.4775,4262.4775,0.0
2003-05-02,4262.478,4332.3547,4199.589,4290.4287,41120000.0
2003-05-05,4290.4287,4290.4287,4290.4287,4290.4287,0.0
2003-05-06,4339.3414,4416.2058,4339.3414,4374.2798,35920000.0
2003-05-07,4430.1827,4472.1088,4332.3554,4465.1211,49160000.0
2003-05-08,4465.1211,4465.1211,4465.1211,4465.1211,0.0
2003-05-09,4416.2048,4451.1432,4374.2788,4430.1802,22870000.0
2003-05-12,4541.9834,4604.8724,4514.0327,4569.9341,36610000.0
2003-05-13,4569.9337,4569.9337,4395.2421,4416.2051,29390000.0
2003-05-14,4374.2789,4402.2296,4311.3899,4325.3652,24465000.0
2003-05-15,4360.3049,4430.1816,4297.4159,4402.231,28510000.0
2003-05-16,4374.2807,4409.2191,4290.4287,4290.4287,31405000.0
2003-05-19,4227.5372,4255.4879,4178.6236,4206.5742,31090000.0
2003-05-20,4136.6989,4290.4276,4129.7113,4283.4399,23500000.0
2003-05-21,4255.4896,4311.391,4227.539,4248.502,20475000.0
2003-05-22,4213.5621,4311.3894,4171.6361,4192.5991,24650000.0
2003-05-23,4248.5001,4367.2904,4241.5124,4360.3027,21445000.0
2003-05-26,4360.3035,4451.1432,4311.3899,4430.1802,21220000.0
2003-05-27,4402.2297,4444.1557,4353.3161,4388.2544,12840000.0
2003-05-28,4528.0075,4548.9705,4451.1432,4486.0815,34535000.0
2003-05-29,4486.081,4569.933,4444.155,4534.9946,34130000.0
2003-05-30,4534.995,4548.9703,4472.106,4528.0073,23195000.0
2003-06-02,4597.886,4681.738,4597.886,4667.7627,33215000.0
2003-06-03,4576.9223,4611.8607,4521.021,4521.021,26775000.0
2003-06-04,4555.9597,4597.8857,4493.0707,4597.8857,20430000.0
2003-06-05,4653.7863,4702.6999,4625.8356,4660.7739,27350000.0
2003-06-06,4660.7739,4660.7739,4660.7739,4660.7739,0.0
2003-06-09,4702.7011,4814.5038,4674.7504,4807.5161,38905000.0
2003-06-10,4751.6148,4849.4421,4737.6394,4807.5161,20680000.0
2003-06-11,4863.4177,4926.3067,4807.5164,4821.4917,27520000.0
2003-06-12,4891.3682,4919.3188,4856.4298,4891.3682,45395000.0
2003-06-13,4947.2667,4975.2173,4870.4024,4898.353,29815000.0
2003-06-16,4821.4902,4863.4162,4765.5889,4765.5889,19060000.0
2003-06-17,4933.2949,4996.184,4884.3812,4989.1963,42120000.0
2003-06-18,4912.3297,5017.1447,4912.3297,4947.2681,19355000.0
2003-06-19,5031.1202,5240.7502,4989.1942,5170.8735,48170000.0
2003-06-20,5100.9968,5170.8735,5087.0215,5087.0215,23375000.0
2003-06-23,5087.0237,5100.999,4975.2209,4989.1963,20565000.0
2003-06-24,4891.3685,4926.3069,4877.3932,4912.3315,22885000.0
2003-06-25,4926.3059,5038.1086,4905.3429,5024.1333,17285000.0
2003-06-26,4926.3034,5135.9333,4926.3034,5094.0073,17265000.0
2003-06-27,5128.9482,5177.8619,5045.0962,5045.0962,22770000.0
2003-06-30,5003.1687,5038.107,4940.2797,4961.2427,15605000.0
2003-07-01,4961.243,5066.058,4919.317,5059.0703,13000000.0
2003-07-02,5163.8866,5184.8496,5107.9853,5184.8496,25990000.0
2003-07-03,5338.5771,5464.3551,5296.6511,5338.5771,58735000.0
2003-07-04,5331.589,5387.4903,5296.6507,5366.5273,12565000.0
2003-07-07,5408.4543,5415.442,5359.5407,5394.479,14800000.0
2003-07-08,5583.1453,5590.1329,5527.2439,5569.1699,62230000.0
2003-07-09,5576.1595,5583.1472,5513.2705,5541.2212,18865000.0
2003-07-10,5506.2832,5562.1845,5478.3325,5478.3325,25675000.0
2003-07-11,5422.4297,5506.2817,5380.5037,5506.2817,22460000.0
2003-07-14,5520.2542,5736.8718,5513.2666,5722.8965,46710000.0
2003-07-15,5743.8625,5750.8502,5646.0352,5701.9365,35205000.0
2003-07-16,5799.763,5876.6273,5715.911,5841.689,41615000.0
2003-07-17,5841.689,5841.689,5841.689,5841.689,0.0
2003-07-18,5555.1945,5701.9355,5555.1945,5646.0342,45980000.0
2003-07-21,5618.0838,5736.8741,5618.0838,5687.9604,23485000.0
2003-07-22,5660.0096,5757.8369,5653.0219,5757.8369,21290000.0
2003-07-23,5799.7637,5827.7144,5618.0844,5639.0474,24025000.0
2003-07-24,5597.1216,5715.912,5576.1586,5680.9736,25795000.0
2003-07-25,5646.0352,5701.9365,5576.1585,5701.9365,15045000.0
2003-07-28,5799.763,5862.652,5764.8246,5841.689,20205000.0
2003-07-29,5869.6396,5925.5409,5841.6889,5918.5532,21905000.0
2003-07-30,5869.641,5918.5547,5869.641,5890.604,16200000.0
2003-07-31,5869.6396,5932.5286,5778.8,5813.7383,20615000.0
2003-08-01,5841.69,5967.468,5841.69,5953.4927,25115000.0
2003-08-04,5869.641,5953.493,5869.641,5890.604,10235000.0
2003-08-05,5904.579,6002.4064,5904.579,5981.4434,15605000.0
2003-08-06,5869.6393,5883.6147,5743.8613,5771.812,24635000.0
2003-08-07,5757.8379,5764.8255,5653.0229,5729.8872,15665000.0
2003-08-08,5729.8877,5757.8383,5653.0233,5673.9863,11095000.0
2003-08-11,5548.2078,5701.9365,5541.2202,5701.9365,17040000.0
2003-08-12,5729.8861,5729.8861,5555.1945,5590.1328,19490000.0
2003-08-13,5673.985,5771.8124,5646.0344,5764.8247,13830000.0
2003-08-14,5848.6774,5939.5171,5778.8007,5939.5171,23680000.0
2003-08-15,5939.5171,5939.5171,5939.5171,5939.5171,0.0
2003-08-18,5974.4559,5995.4189,5834.7025,5855.6655,19925000.0
2003-08-19,6044.3319,6079.2702,6009.3936,6009.3936,23975000.0
2003-08-20,6023.3677,6142.158,5981.4417,6079.269,24660000.0
2003-08-21,6065.2944,6177.097,6065.2944,6170.1094,23415000.0
2003-08-22,6191.0716,6274.9236,6170.1086,6232.9976,25245000.0
2003-08-25,6205.0496,6253.9632,6163.1235,6191.0742,16225000.0
2003-08-26,6135.1725,6246.9752,6100.2342,6226.0122,21695000.0
2003-08-27,6246.9756,6253.9632,6177.0989,6191.0742,20545000.0
2003-08-28,6288.9003,6288.9003,6100.2333,6121.1963,28335000.0
2003-08-29,6163.121,6177.0964,5995.4171,6079.269,26590000.0
2003-09-01,6107.2197,6156.1334,6044.3307,6107.2197,16540000.0
2003-09-02,6149.149,6163.1244,6002.408,6016.3833,16285000.0
2003-09-03,6037.3449,6086.2585,5995.4188,6044.3325,21495000.0
2003-09-04,6037.3443,6128.1839,6023.3689,6093.2456,14320000.0
2003-09-05,6177.0989,6239.9879,6149.1482,6191.0742,17780000.0
2003-09-08,6198.0611,6309.8638,6163.1228,6309.8638,18265000.0
2003-09-09,6400.7041,6568.4082,6386.7288,6456.6055,44905000.0
2003-09-10,6456.6055,6456.6055,6456.6055,6456.6055,0.0
2003-09-11,6456.6055,6456.6055,6456.6055,6456.6055,0.0
2003-09-12,6456.6055,6456.6055,6456.6055,6456.6055,0.0
2003-09-15,6358.7789,6386.7295,6107.2228,6114.2104,34760000.0
2003-09-16,6079.2714,6219.0248,6065.2961,6212.0371,22945000.0
2003-09-17,6288.9017,6337.8154,6239.9881,6281.9141,28225000.0
2003-09-18,6302.8772,6309.8648,6156.1361,6205.0498,23055000.0
2003-09-19,6281.9126,6288.9002,5960.4799,6009.3936,34340000.0
2003-09-22,5904.5781,5925.5411,5583.1454,5632.0591,42940000.0
2003-09-23,5590.1336,5625.072,5436.405,5555.1953,58805000.0
2003-09-24,5646.0354,5694.9491,5576.1587,5660.0107,48340000.0
2003-09-25,5464.357,5611.098,5436.4063,5604.1104,44665000.0
2003-09-26,5534.2344,5597.1234,5422.4316,5422.4316,37200000.0
2003-09-29,5415.4421,5457.3681,5282.6765,5401.4668,37810000.0
2003-09-30,5464.3572,5590.1352,5464.3572,5478.3325,42090000.0
2003-10-01,5422.4288,5611.0958,5408.4535,5590.1328,39630000.0
2003-10-02,5750.8503,5750.8503,5660.0106,5708.9243,41260000.0
2003-10-03,5708.9243,5708.9243,5708.9243,5708.9243,0.0
2003-10-06,5834.7025,5946.5052,5820.7272,5883.6162,44425000.0
2003-10-07,5967.468,5988.431,5890.6037,5953.4927,25115000.0
2003-10-08,6009.394,6009.394,5883.616,5925.542,32550000.0
2003-10-09,5925.5412,6023.3685,5904.5782,5988.4302,40505000.0
2003-10-10,6023.3702,6260.9509,5981.4442,6219.0249,41435000.0
2003-10-13,6135.1729,6253.9632,6093.2469,6219.0249,27460000.0
2003-10-14,6281.912,6372.7517,6274.9244,6330.8257,34375000.0
2003-10-15,6372.7517,6393.7147,6246.9737,6302.875,26060000.0
2003-10-16,6288.9003,6421.666,6232.999,6421.666,37050000.0
2003-10-17,6414.6799,6512.5073,6281.9142,6316.8525,36790000.0
2003-10-20,6267.9389,6428.6553,6267.9389,6400.7046,28190000.0
2003-10-21,6456.6055,6547.4452,6386.7288,6456.6055,34390000.0
2003-10-22,6498.531,6582.3831,6393.716,6568.4077,29480000.0
2003-10-23,6414.6783,6456.6043,6219.0236,6253.9619,35460000.0
2003-10-24,6253.9607,6281.9114,6072.2814,6107.2197,30240000.0
2003-10-27,6114.2087,6260.9497,6086.258,6260.9497,23240000.0
2003-10-28,6267.9384,6491.5438,6219.0247,6456.6055,32095000.0
2003-10-29,6582.3823,6624.3083,6519.4933,6526.481,34570000.0
2003-10-30,6568.408,6596.3586,6512.5066,6582.3833,20885000.0
2003-10-31,6638.2844,6645.2721,6477.568,6568.4077,24580000.0
2003-11-03,6568.4064,6638.2831,6519.4927,6631.2954,18040000.0
2003-11-04,6708.1604,6771.0494,6624.3084,6694.1851,40790000.0
2003-11-05,6624.3091,6715.1488,6596.3584,6708.1611,29740000.0
2003-11-06,6708.1583,6715.1459,6484.553,6498.5283,32325000.0
2003-11-07,6568.4066,6666.2339,6540.4559,6666.2339,18955000.0
2003-11-10,6582.3806,6631.2942,6421.6643,6512.5039,26360000.0
2003-11-11,6372.7508,6449.6151,6330.8248,6442.6274,25245000.0
2003-11-12,6428.6544,6568.4077,6393.716,6568.4077,15265000.0
2003-11-13,6680.2092,6687.1969,6575.3942,6666.2339,26885000.0
2003-11-14,6624.3093,6687.1983,6554.4326,6554.4326,19070000.0
2003-11-17,6498.5288,6505.5164,6344.8001,6442.6274,25245000.0
2003-11-18,6400.7028,6533.4685,6400.7028,6519.4932,14070000.0
2003-11-19,6372.7516,6435.6406,6323.8379,6379.7393,37555000.0
2003-11-20,6330.8276,6379.7413,6253.9633,6274.9263,32565000.0
2003-11-21,6253.9621,6407.6908,6232.9991,6372.7524,32800000.0
2003-11-24,6351.7882,6379.7389,6177.0966,6198.0596,21840000.0
2003-11-25,6302.8761,6337.8144,6232.9994,6309.8638,23760000.0
2003-11-26,6323.8395,6379.7408,6274.9258,6358.7778,18815000.0
2003-11-27,6358.7775,6386.7281,6295.8885,6365.7651,13295000.0
2003-11-28,6379.738,6526.479,6379.738,6498.5283,18225000.0
2003-12-01,6498.5286,6568.4052,6435.6396,6512.5039,17665000.0
2003-12-02,6561.4187,6575.394,6519.4927,6547.4434,19415000.0
2003-12-03,6568.408,6645.2723,6519.4943,6582.3833,17055000.0
2003-12-04,6540.4548,6568.4054,6442.6274,6442.6274,21545000.0
2003-12-05,6435.6418,6435.6418,6281.9131,6309.8638,28375000.0
2003-12-08,6309.8639,6330.8269,6163.1229,6288.9009,28845000.0
2003-12-09,6274.9262,6344.8029,6205.0496,6219.0249,19600000.0
2003-12-10,6114.208,6330.8257,6093.245,6330.8257,52095000.0
2003-12-11,6330.827,6449.6174,6323.8394,6323.8394,50760000.0
2003-12-12,6428.6545,6463.5929,6330.8272,6358.7778,21495000.0
2003-12-15,6428.6521,6491.5411,6393.7138,6442.6274,22075000.0
2003-12-16,6302.8758,6400.7031,6274.9251,6344.8018,24525000.0
2003-12-17,6358.7766,6379.7396,6177.0973,6184.085,38820000.0
2003-12-18,6184.085,6205.048,6114.2083,6184.085,39130000.0
2003-12-19,6226.0096,6316.8492,6198.0589,6267.9355,23530000.0
2003-12-22,6163.1209,6260.9482,6163.1209,6177.0962,22260000.0
2003-12-23,6205.0469,6239.9852,6177.0962,6177.0962,22600000.0
2003-12-24,6219.0239,6239.9869,6086.2582,6135.1719,29335000.0
2003-12-25,6135.1719,6135.1719,6135.1719,6135.1719,0.0
2003-12-26,6135.171,6177.097,6135.171,6170.1094,21955000.0
2003-12-29,6149.147,6184.0853,6121.1963,6149.147,18440000.0
2003-12-30,6260.949,6344.801,6219.023,6302.875,22430000.0
2003-12-31,6302.875,6302.875,6302.875,6302.875,0.0
2004-01-01,6302.875,6302.875,6302.875,6302.875,0.0
2004-01-02,6302.8769,6330.8276,6239.9879,6274.9263,18940000.0
2004-01-05,6274.926,6393.7163,6253.9629,6393.7163,22385000.0
2004-01-06,6526.4811,6526.4811,6407.6908,6428.6538,22405000.0
2004-01-07,6477.5653,6554.4296,6456.6023,6498.5283,19970000.0
2004-01-08,6582.3833,6673.223,6547.4449,6554.4326,37520000.0
2004-01-09,6708.1613,7155.372,6680.2106,7099.4707,73480000.0
2004-01-12,7057.543,7127.4196,6959.7156,7057.543,33995000.0
2004-01-13,7099.4689,7113.4443,6987.6663,7029.5923,22040000.0
2004-01-14,6861.8895,6980.6799,6861.8895,6910.8032,28740000.0
2004-01-15,6917.7894,6987.6661,6854.9004,6938.7524,31625000.0
2004-01-16,7001.6424,7085.4944,6987.667,7071.519,27745000.0
2004-01-19,7113.4478,7323.0779,7085.4971,7281.1519,26945000.0
2004-01-20,7281.1473,7406.9252,7197.2953,7351.0239,20150000.0
2004-01-21,7351.0239,7351.0239,7351.0239,7351.0239,0.0
2004-01-22,7351.0239,7351.0239,7351.0239,7351.0239,0.0
2004-01-23,7351.0239,7351.0239,7351.0239,7351.0239,0.0
2004-01-26,7574.6287,7756.308,7476.8014,7616.5547,73785000.0
2004-01-27,7742.3346,7742.3346,7406.9266,7476.8032,34810000.0
2004-01-28,7518.7271,7658.4803,7434.8751,7518.7271,29185000.0
2004-01-29,7560.6567,7560.6567,7378.9773,7448.854,23660000.0
2004-01-30,7448.8517,7462.827,7281.1477,7323.0737,21515000.0
2004-02-02,7323.0752,7406.9272,7267.1739,7406.9272,12645000.0
2004-02-03,7197.2954,7323.0734,7183.3201,7225.2461,22930000.0
2004-02-04,7183.3205,7225.2465,7113.4438,7113.4438,18560000.0
2004-02-05,7057.5452,7197.2986,7029.5945,7155.3726,18245000.0
2004-02-06,7211.2723,7476.8036,7183.3216,7365.001,34875000.0
2004-02-09,7490.782,7630.5354,7476.8067,7588.6094,22635000.0
2004-02-10,7644.5061,7686.4321,7518.7281,7630.5308,20570000.0
2004-02-11,7686.4336,7812.2116,7658.483,7742.335,30435000.0
2004-02-12,7826.1867,7826.1867,7630.532,7672.458,28550000.0
2004-02-13,7616.5543,7756.3076,7574.6283,7756.3076,16760000.0
2004-02-16,7756.3125,7910.0412,7700.4112,7868.1152,31250000.0
2004-02-17,7840.1604,7979.9137,7770.2837,7826.1851,18220000.0
2004-02-18,7868.1127,7937.9893,7672.458,7672.458,18650000.0
2004-02-19,7700.4063,7756.3076,7616.5543,7756.3076,18885000.0
2004-02-20,7644.5073,7742.3347,7602.5813,7672.458,18165000.0
2004-02-23,7616.5567,7714.384,7532.7047,7644.5073,19085000.0
2004-02-24,7546.6823,7602.5837,7392.9536,7420.9043,30425000.0
2004-02-25,7378.9773,7392.9526,7295.1253,7337.0513,24540000.0
2004-02-26,7364.9993,7434.8759,7309.0979,7351.0239,17225000.0
2004-02-27,7267.1714,7616.5547,7267.1714,7616.5547,20965000.0
2004-03-01,7616.5547,7616.5547,7616.5547,7616.5547,0.0
2004-03-02,7756.3103,7798.2363,7672.4583,7742.335,24930000.0
2004-03-03,7756.3103,7812.2116,7714.3843,7742.335,17960000.0
2004-03-04,7742.3358,7951.9658,7714.3851,7951.9658,21405000.0
2004-03-05,7979.9142,7979.9142,7882.0869,7882.0869,21440000.0
2004-03-08,7840.162,7868.1127,7644.5073,7672.458,20235000.0
2004-03-09,7546.6814,7616.5581,7476.8047,7532.7061,17675000.0
2004-03-10,7518.7317,7574.633,7406.929,7420.9043,22620000.0
2004-03-11,7392.9527,7560.6567,7378.9773,7448.854,46135000.0
2004-03-12,7406.9257,7448.8517,7085.4931,7323.0737,46065000.0
2004-03-15,7434.8786,7448.854,7337.0513,7337.0513,18220000.0
2004-03-16,7225.2464,7378.9751,7183.3205,7378.9751,19705000.0
2004-03-17,7462.8261,7644.5053,7434.8754,7616.5547,21170000.0
2004-03-18,7658.4839,7658.4839,7504.7552,7602.5825,22035000.0
2004-03-19,7560.653,7756.3076,7546.6777,7756.3076,17055000.0
2004-03-22,7686.4345,7742.3359,7560.6565,7602.5825,20000000.0
2004-03-23,7476.8033,7602.5813,7434.8773,7560.6553,19105000.0
2004-03-24,7546.6797,7616.5564,7476.803,7574.6304,21040000.0
2004-03-25,7616.5566,7644.5072,7420.9019,7476.8032,23440000.0
2004-03-26,7644.5053,7742.3327,7588.604,7616.5547,42705000.0
2004-03-29,7672.4556,7840.1596,7658.4803,7756.3076,24570000.0
2004-03-30,7854.1357,7896.0617,7784.2591,7826.1851,20140000.0
2004-03-31,7937.9917,7993.8931,7868.115,7993.8931,29890000.0
2004-04-01,7965.9422,8035.8188,7937.9915,8035.8188,19785000.0
2004-04-02,8077.7408,8091.7161,7896.0615,7896.0615,20525000.0
2004-04-05,7896.0615,7896.0615,7896.0615,7896.0615,0.0
2004-04-06,8161.5965,8315.3252,8133.6458,8315.3252,41690000.0
2004-04-07,8315.3216,8483.0256,8259.4203,8385.1982,27205000.0
2004-04-08,8455.0781,8455.0781,8343.2754,8455.0781,21400000.0
2004-04-09,8371.2265,8385.2019,8245.4485,8315.3252,16065000.0
2004-04-12,8315.325,8580.8564,8301.3497,8524.9551,21795000.0
2004-04-13,8594.8303,8692.6577,8552.9043,8608.8057,30255000.0
2004-04-14,8608.8083,8608.8083,8497.0056,8594.833,40205000.0
2004-04-15,8594.833,8594.833,8594.833,8594.833,0.0
2004-04-16,8524.956,8524.956,8273.3999,8301.3506,55345000.0
2004-04-19,8315.3272,8371.2285,8259.4258,8371.2285,38710000.0
2004-04-20,8483.0303,8594.833,8371.2276,8594.833,34160000.0
2004-04-21,8566.88,8762.5347,8497.0033,8734.584,43295000.0
2004-04-22,8734.5867,8818.4387,8622.7839,8664.71,36920000.0
2004-04-23,8734.585,8902.2891,8692.659,8902.2891,36010000.0
2004-04-26,8902.2883,8916.2636,8748.5596,8748.5596,28090000.0
2004-04-27,8748.5605,8790.4865,8594.8318,8636.7578,35100000.0
2004-04-28,8636.7537,8650.729,8399.1731,8413.1484,39765000.0
2004-04-29,8175.569,8245.4457,7993.8897,8049.791,60840000.0
2004-04-30,7826.1858,7979.9144,7672.4571,7784.2598,69125000.0
2004-05-03,7784.2585,7840.1599,7630.5299,7770.2832,38245000.0
2004-05-04,7770.2829,7882.0856,7686.431,7756.3076,47555000.0
2004-05-05,7756.3076,7756.3076,7756.3076,7756.3076,0.0
2004-05-06,7658.4817,7686.4324,7351.0244,7378.9751,58090000.0
2004-05-07,7337.0483,7546.6782,7239.221,7546.6782,45745000.0
2004-05-10,7406.9258,7462.8271,6875.8632,7113.4438,50775000.0
2004-05-11,7113.4458,7211.2731,6973.6924,7001.6431,52660000.0
2004-05-12,7197.2979,7406.9279,7141.3966,7337.0513,45270000.0
2004-05-13,7267.174,7337.0507,7085.4946,7085.4946,38605000.0
2004-05-14,7141.3934,7211.2701,6785.0225,6868.8745,53855000.0
2004-05-17,6819.9647,6875.8661,6400.7046,6400.7046,54650000.0
2004-05-18,6295.889,6680.2108,6260.9507,6617.3218,54350000.0
2004-05-19,6694.1873,7071.5215,6687.1996,6987.6694,41465000.0
2004-05-20,6931.7662,7113.4456,6805.9882,6910.8032,41540000.0
2004-05-21,6980.6798,7015.6182,6896.8278,7015.6182,22495000.0
2004-05-24,7183.3215,7197.2968,7071.5188,7141.3955,19995000.0
2004-05-25,7015.6171,7029.5924,6868.8761,6875.8638,27125000.0
2004-05-26,6875.8638,6875.8638,6875.8638,6875.8638,0.0
2004-05-27,7141.3957,7169.3464,7057.5437,7071.519,28035000.0
2004-05-28,7211.2725,7267.1738,7127.4205,7267.1738,25515000.0
2004-05-31,7225.2477,7239.2231,6980.6794,7071.519,23875000.0
2004-06-01,7099.4705,7225.2485,7071.5198,7197.2979,15500000.0
2004-06-02,7127.4208,7141.3962,6973.6922,7015.6182,25795000.0
2004-06-03,7029.5942,7085.4955,6617.3218,6617.3218,51000000.0
2004-06-04,6638.2833,6729.1229,6526.4806,6722.1353,33960000.0
2004-06-07,6875.8648,6945.7414,6826.9511,6931.7661,28310000.0
2004-06-08,7057.5436,7085.4943,6931.7656,6959.7163,20680000.0
2004-06-09,7043.5705,7057.5458,6715.15,6750.0884,28850000.0
2004-06-10,6638.2834,6694.1847,6498.5301,6540.4561,55930000.0
2004-06-11,6540.4549,6547.4425,6051.3183,6100.2319,72110000.0
2004-06-14,6009.3932,6205.0478,5960.4795,5988.4302,46480000.0
2004-06-15,6009.3933,6128.1836,5883.6153,6128.1836,39720000.0
2004-06-16,6149.1469,6309.8633,6072.2826,6093.2456,37445000.0
2004-06-17,6142.1579,6177.0962,5995.4169,6177.0962,36855000.0
2004-06-18,6079.2692,6205.0472,5981.4419,6086.2568,26215000.0
2004-06-21,6149.1456,6274.9236,6107.2196,6232.9976,30140000.0
2004-06-22,6177.0991,6212.0375,6086.2594,6205.0498,21445000.0
2004-06-23,6288.9016,6344.803,6198.0619,6274.9263,28555000.0
2004-06-24,6456.6054,6603.3464,6414.6794,6561.4204,36185000.0
2004-06-25,6631.2982,6750.0886,6589.3722,6736.1133,30360000.0
2004-06-28,6708.1601,6708.1601,6491.5424,6540.4561,26850000.0
2004-06-29,6428.6546,6617.3216,6400.7039,6582.3833,23050000.0
2004-06-30,6631.2956,6701.1722,6561.4189,6666.2339,25990000.0
2004-07-01,6652.2569,6673.2199,6491.5407,6498.5283,25615000.0
2004-07-02,6358.7785,6358.7785,6163.1238,6205.0498,35895000.0
2004-07-05,6205.0496,6239.9879,6058.3085,6191.0742,27500000.0
2004-07-06,6100.2311,6239.9844,6100.2311,6163.1201,22855000.0
2004-07-07,5939.5158,6107.2197,5869.6391,6107.2197,37500000.0
2004-07-08,5967.4695,6037.3461,5862.6544,5869.6421,55340000.0
2004-07-09,5841.69,5946.505,5834.7023,5925.542,38780000.0
2004-07-12,5953.4934,6002.4071,5897.592,5911.5674,33385000.0
2004-07-13,5960.4808,6058.3081,5897.5917,6058.3081,25770000.0
2004-07-14,6002.4053,6044.3313,5820.726,5841.689,30450000.0
2004-07-15,5813.7393,5855.6653,5583.1463,5708.9243,57275000.0
2004-07-16,5646.036,5911.5674,5583.147,5911.5674,48085000.0
2004-07-19,5799.7632,5974.4548,5785.7878,5960.4795,24125000.0
2004-07-20,5855.665,5911.5664,5827.7144,5827.7144,20245000.0
2004-07-21,5960.4807,6030.3574,5939.5177,6002.4067,23740000.0
2004-07-22,5834.7012,5848.6765,5778.7998,5834.7012,31100000.0
2004-07-23,5827.7136,5890.6026,5806.7506,5841.689,19550000.0
2004-07-26,5729.8863,5876.6273,5729.8863,5841.689,16385000.0
2004-07-27,5785.7901,5883.6174,5729.8887,5869.6421,20840000.0
2004-07-28,5967.4687,6002.4071,5883.6167,5911.5674,23450000.0
2004-07-29,5806.7498,5841.6882,5729.8855,5743.8608,17945000.0
2004-07-30,5820.7267,5862.6527,5785.7884,5827.7144,19500000.0
2004-08-02,5834.7022,5834.7022,5701.9365,5701.9365,22380000.0
2004-08-03,5729.886,5799.7627,5715.9107,5771.812,14365000.0
2004-08-04,5666.997,5771.812,5632.0587,5771.812,18795000.0
2004-08-05,5771.814,5918.5551,5736.8757,5911.5674,21590000.0
2004-08-06,5799.7638,5953.4925,5785.7885,5862.6528,17920000.0
2004-08-09,5701.9368,5855.6655,5701.9368,5855.6655,25340000.0
2004-08-10,5827.7146,5946.505,5820.727,5925.542,18820000.0
2004-08-11,5981.4437,6016.382,5946.5054,5946.5054,18415000.0
2004-08-12,5911.566,6023.3687,5890.603,6023.3687,28485000.0
2004-08-13,6023.369,6149.147,5953.4923,6121.1963,24825000.0
2004-08-16,6093.2456,6121.1962,5960.4799,6009.3936,18070000.0
2004-08-17,6079.2711,6093.2464,5946.5054,5946.5054,14355000.0
2004-08-18,6002.4059,6037.3442,5904.5786,6009.3936,20750000.0
2004-08-19,6072.282,6177.097,6065.2944,6170.1094,27970000.0
2004-08-20,6142.1612,6142.1612,6058.3092,6065.2969,16310000.0
2004-08-23,6107.221,6142.1593,6023.369,6121.1963,21770000.0
2004-08-24,6135.1729,6246.9756,6072.2839,6219.0249,20250000.0
2004-08-25,6232.9983,6330.8257,6191.0723,6302.875,22865000.0
2004-08-26,6358.7771,6414.6784,6337.8141,6372.7524,24855000.0
2004-08-27,6372.7521,6428.6534,6344.8014,6407.6904,20145000.0
2004-08-30,6407.6923,6463.5936,6365.7662,6400.7046,12080000.0
2004-08-31,6302.875,6344.801,6239.986,6302.875,23415000.0
2004-09-01,6302.875,6386.727,6253.9614,6330.8257,18865000.0
2004-09-02,6316.8525,6372.7539,6260.9512,6316.8525,17605000.0
2004-09-03,6232.9976,6260.9482,6100.2319,6100.2319,32385000.0
2004-09-06,6079.2711,6100.2341,5988.4314,6058.3081,23680000.0
2004-09-07,6065.2969,6107.2229,6037.3462,6065.2969,13220000.0
2004-09-08,6065.2958,6149.1478,6058.3081,6058.3081,17265000.0
2004-09-09,6058.3075,6149.1472,6023.3692,6135.1719,32100000.0
2004-09-10,6177.0986,6421.667,6121.1973,6393.7163,43785000.0
2004-09-13,6477.5669,6638.2832,6456.6039,6638.2832,39665000.0
2004-09-14,6805.9864,6819.9617,6722.1344,6757.0728,40560000.0
2004-09-15,6673.2228,6778.0378,6666.2351,6680.2104,24865000.0
2004-09-16,6582.3831,6792.0131,6554.4324,6708.1611,29380000.0
2004-09-17,6708.1614,6736.1121,6547.4451,6561.4204,34445000.0
2004-09-20,6547.4449,6659.2476,6526.4819,6554.4326,23480000.0
2004-09-21,6610.3323,6631.2953,6554.431,6624.3076,17715000.0
2004-09-22,6638.283,6694.1843,6463.5913,6463.5913,19635000.0
2004-09-23,6400.7031,6428.6538,6351.7895,6428.6538,23755000.0
2004-09-24,6372.7503,6449.6146,6344.7996,6414.6763,17320000.0
2004-09-27,6414.6763,6414.6763,6414.6763,6414.6763,0.0
2004-09-28,6414.6763,6414.6763,6414.6763,6414.6763,0.0
2004-09-29,6414.6763,6414.6763,6414.6763,6414.6763,0.0
2004-09-30,6330.8279,6414.6799,6330.8279,6400.7046,26600000.0
2004-10-01,6400.7014,6477.5658,6372.7508,6442.6274,26530000.0
2004-10-04,6582.3822,6847.9136,6582.3822,6847.9136,31830000.0
2004-10-05,6889.8386,6889.8386,6764.0606,6819.9619,23165000.0
2004-10-06,6840.9265,7001.6429,6778.0375,6910.8032,36150000.0
2004-10-07,6861.8879,6910.8016,6736.1099,6819.9619,18145000.0
2004-10-08,6750.0863,6812.9753,6631.2959,6659.2466,41800000.0
2004-10-11,6575.3945,6603.3452,6505.5178,6519.4932,38415000.0
2004-10-12,6484.5535,6484.5535,6232.9976,6232.9976,53085000.0
2004-10-13,6246.9756,6302.8769,6239.9879,6274.9263,36390000.0
2004-10-14,6260.9512,6260.9512,6107.2224,6205.0498,50850000.0
2004-10-15,6163.1211,6239.9854,6100.2321,6107.2197,64695000.0
2004-10-18,6037.3449,6093.2462,5981.4435,6044.3325,37125000.0
2004-10-19,6149.1466,6198.0603,6093.2453,6128.1836,26410000.0
2004-10-20,6023.3685,6135.1712,5974.4548,5988.4302,24915000.0
2004-10-21,5988.4313,6093.2463,5974.4559,5995.4189,29165000.0
2004-10-22,6079.2721,6170.1118,6065.2968,6114.2104,23290000.0
2004-10-25,6051.32,6051.32,5932.5297,5981.4434,31530000.0
2004-10-26,6002.4059,6058.3072,5995.4182,6009.3936,13740000.0
2004-10-27,6058.308,6079.271,5932.5299,5995.4189,26595000.0
2004-10-28,6163.1237,6184.0867,6065.2963,6142.1606,22675000.0
2004-10-29,6121.1976,6149.1483,6044.3333,6142.1606,26760000.0
2004-11-01,6114.21,6163.1237,6051.321,6142.1606,11390000.0
2004-11-02,6093.2456,6191.073,6093.2456,6149.147,16450000.0
2004-11-03,6177.0985,6358.7778,6163.1231,6358.7778,25215000.0
2004-11-04,6372.7524,6379.74,6260.9497,6260.9497,30080000.0
2004-11-05,6316.8517,6344.8024,6281.9133,6323.8394,32055000.0
2004-11-08,6407.6907,6407.6907,6149.147,6149.147,21140000.0
2004-11-09,6072.2823,6114.2083,6009.3933,6023.3687,26775000.0
2004-11-10,6037.3445,6135.1719,6037.3445,6135.1719,18300000.0
2004-11-11,6135.1704,6191.0717,6086.2567,6107.2197,30540000.0
2004-11-12,6274.9232,6302.8739,6198.0589,6267.9355,22700000.0
2004-11-15,6330.8256,6428.6529,6323.8379,6379.7393,19030000.0
2004-11-16,6414.6788,6428.6541,6358.7775,6365.7651,24750000.0
2004-11-17,6372.7528,6463.5925,6365.7652,6449.6172,21975000.0
2004-11-18,6498.5284,6561.4174,6428.6518,6477.5654,29425000.0
2004-11-19,6428.6538,6512.5058,6281.9128,6344.8018,22255000.0
2004-11-22,6177.0976,6226.0113,6100.2333,6149.147,34575000.0
2004-11-23,6219.0214,6226.0091,6121.1941,6163.1201,23210000.0
2004-11-24,6121.1976,6177.099,6065.2963,6142.1606,23150000.0
2004-11-25,6149.1448,6212.0338,6121.1941,6163.1201,22185000.0
2004-11-26,6128.1837,6232.9987,6030.3563,6051.3193,26750000.0
2004-11-29,5995.4187,6023.3694,5918.5543,5953.4927,31270000.0
2004-11-30,5967.4682,6079.2709,5946.5052,6072.2832,30700000.0
2004-12-01,5988.4313,6016.3819,5932.5299,5995.4189,21670000.0
2004-12-02,6093.2452,6121.1958,5967.4672,5988.4302,25995000.0
2004-12-03,6051.32,6065.2954,5911.5667,5953.4927,34600000.0
2004-12-06,5939.5163,5939.5163,5841.689,5841.689,19665000.0
2004-12-07,5792.7745,5848.6758,5736.8732,5743.8608,26775000.0
2004-12-08,5666.9981,5862.6528,5632.0598,5862.6528,27215000.0
2004-12-09,5827.7133,5876.627,5729.886,5771.812,40085000.0
2004-12-10,5743.863,5757.8383,5653.0233,5673.9863,25880000.0
2004-12-13,5590.1338,5639.0475,5576.1585,5618.0845,24525000.0
2004-12-14,5618.0837,5778.8,5618.0837,5764.8247,27680000.0
2004-12-15,5841.6892,5988.4302,5841.6892,5988.4302,33480000.0
2004-12-16,6058.3073,6205.0483,6037.3443,6149.147,43090000.0
2004-12-17,6163.1238,6212.0375,6086.2594,6205.0498,22510000.0
2004-12-20,6107.2222,6233.0002,6107.2222,6219.0249,17350000.0
2004-12-21,6232.9976,6246.9729,6149.1456,6232.9976,14980000.0
2004-12-22,6267.937,6281.9123,6177.0973,6184.085,15735000.0
2004-12-23,6219.0242,6232.9996,6037.3449,6072.2832,15875000.0
2004-12-24,6072.2823,6079.27,6009.3933,6051.3193,15915000.0
2004-12-27,6051.3214,6114.2104,6030.3584,6114.2104,11770000.0
2004-12-28,6093.2456,6121.1963,6030.3566,6093.2456,13635000.0
2004-12-29,6065.2961,6212.0371,6058.3084,6212.0371,17105000.0
2004-12-30,6191.0698,6302.8724,6191.0698,6295.8848,17265000.0
2004-12-31,6295.8848,6295.8848,6295.8848,6295.8848,0.0
2005-01-03,6323.838,6330.8257,6232.9983,6302.875,10925000.0
2005-01-04,6288.9021,6302.8774,6233.0007,6246.9761,14015000.0
2005-01-05,6149.1482,6191.0742,6100.2345,6191.0742,23365000.0
2005-01-06,6135.1704,6226.01,6079.269,6079.269,17150000.0
2005-01-07,6163.121,6170.1086,6086.2566,6156.1333,13615000.0
2005-01-10,6177.0976,6177.0976,6114.2086,6121.1963,12505000.0
2005-01-11,6121.1949,6177.0962,6058.3059,6177.0962,27855000.0
2005-01-12,6198.0592,6205.0469,6149.1455,6177.0962,14720000.0
2005-01-13,6177.0991,6246.9758,6163.1238,6205.0498,23695000.0
2005-01-14,6149.1475,6624.3089,6142.1599,6589.3706,71900000.0
2005-01-17,6847.9132,6910.8022,6743.0982,6882.8516,61795000.0
2005-01-18,6847.9155,6854.9032,6771.0512,6792.0142,30240000.0
2005-01-19,6792.0131,6826.9515,6694.1858,6708.1611,22850000.0
2005-01-20,6708.1611,6778.0378,6645.2721,6708.1611,19270000.0
2005-01-21,6638.2854,6792.0142,6638.2854,6792.0142,15030000.0
2005-01-24,6743.0976,6819.9619,6673.2209,6819.9619,19070000.0
2005-01-25,6708.1591,6778.0358,6694.1838,6757.0728,18165000.0
2005-01-26,6778.038,6896.8284,6771.0503,6854.9023,24885000.0
2005-01-27,6917.7898,6917.7898,6854.9008,6875.8638,19990000.0
2005-01-28,6868.8783,6868.8783,6708.1619,6833.9399,14220000.0
2005-01-31,6819.9637,6917.791,6764.0623,6917.791,16465000.0
2005-02-01,6917.7882,6966.7018,6868.8745,6868.8745,21855000.0
2005-02-02,6868.8777,6903.816,6799.001,6854.9023,19750000.0
2005-02-03,6792.0128,6945.7414,6792.0128,6931.7661,17445000.0
2005-02-04,6903.8139,6966.7029,6889.8385,6924.7769,12855000.0
2005-02-07,7071.5196,7155.3716,7029.5936,7127.4209,33935000.0
2005-02-08,7127.4209,7127.4209,7127.4209,7127.4209,0.0
2005-02-09,7127.4209,7127.4209,7127.4209,7127.4209,0.0
2005-02-10,7127.4209,7127.4209,7127.4209,7127.4209,0.0
2005-02-11,7057.5437,7113.445,7001.6424,7071.519,25885000.0
2005-02-14,7169.3448,7295.1227,7127.4188,7225.2461,28265000.0
2005-02-15,7267.1746,7281.1499,7141.3965,7253.1992,26745000.0
2005-02-16,7295.1245,7420.9025,7239.2232,7267.1738,24010000.0
2005-02-17,7225.2461,7295.1227,7197.2954,7225.2461,17510000.0
2005-02-18,7239.223,7365.001,7183.3216,7365.001,18355000.0
2005-02-21,7406.9258,7434.8764,7323.0738,7378.9751,23430000.0
2005-02-22,7378.978,7392.9533,7239.2246,7295.126,17855000.0
2005-02-23,7183.3215,7211.2722,7113.4448,7141.3955,19745000.0
2005-02-24,7127.4212,7267.1746,7085.4952,7253.1992,20985000.0
2005-02-25,7323.0767,7392.9533,7281.1506,7295.126,20880000.0
2005-02-28,7406.927,7420.9023,7281.149,7365.001,27705000.0
2005-03-01,7365.001,7365.001,7365.001,7365.001,0.0
2005-03-02,7337.0487,7378.9747,7225.2461,7225.2461,27425000.0
2005-03-03,7197.2979,7351.0266,7155.3719,7253.1992,30335000.0
2005-03-04,7225.2482,7225.2482,7099.4702,7127.4209,24410000.0
2005-03-07,7197.2973,7197.2973,6987.6673,7085.4946,29515000.0
2005-03-08,7085.4948,7099.4702,6987.6675,7015.6182,26380000.0
2005-03-09,6973.6941,6987.6694,6868.8791,6987.6694,24890000.0
2005-03-10,7029.5924,7099.469,6980.6787,6980.6787,31630000.0
2005-03-11,7085.4952,7253.1992,7043.5692,7253.1992,32010000.0
2005-03-14,7169.3469,7211.2729,7099.4702,7127.4209,20845000.0
2005-03-15,7155.3715,7183.3222,6973.6922,7015.6182,25030000.0
2005-03-16,6973.691,7043.5676,6924.7773,7029.5923,18545000.0
2005-03-17,6889.8401,6966.7045,6875.8648,6931.7661,20875000.0
2005-03-18,6889.8403,6959.717,6889.8403,6917.791,12750000.0
2005-03-21,6868.8761,6973.6911,6847.9131,6875.8638,16770000.0
2005-03-22,6889.8401,7001.6428,6840.9264,6931.7661,15795000.0
2005-03-23,6889.8373,6980.677,6868.8744,6966.7017,15920000.0
2005-03-24,7001.6416,7071.5183,6952.728,7029.5923,20100000.0
2005-03-25,7057.543,7071.5183,6987.6663,7057.543,10875000.0
2005-03-28,7127.4209,7141.3962,7085.4949,7127.4209,8980000.0
2005-03-29,7127.4208,7141.3962,6987.6675,7015.6182,16855000.0
2005-03-30,6903.815,6980.6793,6903.815,6959.7163,18145000.0
2005-03-31,7071.5195,7085.4948,7001.6428,7015.6182,17335000.0
2005-04-01,7015.6192,7211.2739,6987.6685,7155.3726,22655000.0
2005-04-04,7155.3694,7225.2461,7127.4188,7225.2461,17215000.0
2005-04-05,7225.2461,7225.2461,7225.2461,7225.2461,0.0
2005-04-06,7239.2241,7267.1748,7127.4214,7239.2241,20505000.0
2005-04-07,7239.2241,7267.1748,7197.2981,7239.2241,17855000.0
2005-04-08,7323.0767,7337.052,7267.1753,7295.126,13945000.0
2005-04-11,7295.1227,7295.1227,7211.2708,7225.2461,9565000.0
2005-04-12,7211.2725,7267.1738,7169.3465,7267.1738,10385000.0
2005-04-13,7239.2241,7267.1748,7211.2734,7239.2241,10675000.0
2005-04-14,7169.3468,7183.3222,7015.6182,7015.6182,33175000.0
2005-04-15,6987.6648,7015.6155,6833.9362,6868.8745,43345000.0
2005-04-18,6617.3214,6729.1241,6596.3584,6652.2598,43245000.0
2005-04-19,6666.2336,6708.1596,6624.3076,6624.3076,30145000.0
2005-04-20,6687.1981,6750.0871,6554.4324,6568.4077,32885000.0
2005-04-21,6456.6026,6568.4052,6393.7136,6512.5039,29320000.0
2005-04-22,6638.2836,6652.259,6526.481,6526.481,16725000.0
2005-04-25,6456.6038,6631.2954,6456.6038,6631.2954,16435000.0
2005-04-26,6631.297,6631.297,6582.3833,6582.3833,9375000.0
2005-04-27,6470.5808,6526.4822,6442.6301,6484.5562,20590000.0
2005-04-28,6470.5798,6477.5675,6386.7278,6428.6538,19700000.0
2005-04-29,6316.8525,6379.7416,6281.9142,6316.8525,29275000.0
2005-05-02,6372.7528,6400.7035,6288.9008,6365.7651,11845000.0
2005-05-03,6358.7778,6449.6175,6323.8395,6358.7778,13870000.0
2005-05-04,6358.7778,6526.4818,6358.7778,6491.5435,17315000.0
2005-05-05,6491.5435,6491.5435,6491.5435,6491.5435,0.0
2005-05-06,6519.4926,6645.2706,6519.4926,6624.3076,24680000.0
2005-05-09,6638.2832,6673.2215,6575.3942,6638.2832,20035000.0
2005-05-10,6680.2092,6701.1722,6645.2709,6666.2339,10675000.0
2005-05-11,6638.2829,6645.2706,6589.3693,6596.3569,17300000.0
2005-05-12,6624.3079,6708.1599,6624.3079,6638.2832,20860000.0
2005-05-13,6638.2819,6778.0352,6596.3559,6729.1216,20545000.0
2005-05-16,6778.0359,6847.9126,6764.0606,6819.9619,17350000.0
2005-05-17,6847.9125,6889.8385,6757.0728,6840.9248,18175000.0
2005-05-18,6910.8015,6917.7891,6833.9371,6840.9248,17095000.0
2005-05-19,6889.8373,7001.64,6882.8497,6966.7017,25435000.0
2005-05-20,6980.677,7015.6153,6917.788,6966.7017,11685000.0
2005-05-23,6931.7656,6966.704,6910.8026,6959.7163,8045000.0
2005-05-24,6938.754,6966.7047,6889.8403,6917.791,12750000.0
2005-05-25,6896.8283,6938.7543,6757.075,6771.0503,21315000.0
2005-05-26,6729.1256,6778.0393,6701.1749,6736.1133,13895000.0
2005-05-27,6847.9136,6889.8396,6798.9999,6847.9136,18775000.0
2005-05-30,6847.913,6903.8143,6847.913,6896.8267,11435000.0
2005-05-31,6882.8536,6903.8166,6799.0016,6833.9399,22275000.0
2005-06-01,6757.0756,6840.9276,6750.0879,6833.9399,16545000.0
2005-06-02,6917.7891,6924.7768,6812.9741,6812.9741,18320000.0
2005-06-03,6819.9619,6868.8756,6785.0236,6819.9619,17675000.0
2005-06-06,6819.9619,6819.9619,6819.9619,6819.9619,0.0
2005-06-07,6764.0636,6778.0389,6708.1622,6715.1499,24125000.0
2005-06-08,6680.2113,6722.1373,6638.2853,6673.2236,26785000.0
2005-06-09,6645.2721,6708.1611,6589.3708,6708.1611,37520000.0
2005-06-10,6708.1582,6910.8005,6666.2322,6868.8745,40645000.0
2005-06-13,6868.8766,6980.6793,6868.8766,6959.7163,22765000.0
2005-06-14,6959.7154,7001.6414,6903.8141,6938.7524,19495000.0
2005-06-15,6938.7557,6987.6694,6910.8051,6987.6694,22460000.0
2005-06-16,6987.6647,7015.6153,6945.7387,6966.7017,18395000.0
2005-06-17,6973.691,6980.6787,6868.876,6896.8267,23945000.0
2005-06-20,6896.8284,6903.816,6840.927,6854.9023,16605000.0
2005-06-21,6854.9002,6868.8756,6792.0113,6819.9619,20260000.0
2005-06-22,6819.9637,6903.8157,6805.9883,6889.8403,19650000.0
2005-06-23,6889.8396,6973.6916,6875.8643,6959.7163,25990000.0
2005-06-24,6931.7663,6931.7663,6833.939,6861.8896,21780000.0
2005-06-27,6833.9398,6833.9398,6750.0878,6826.9521,28050000.0
2005-06-28,6826.9495,6854.9001,6785.0235,6840.9248,18530000.0
2005-06-29,6847.9136,6882.8519,6819.9629,6847.9136,19185000.0
2005-06-30,6847.9151,6959.7178,6847.9151,6903.8164,19835000.0
2005-07-01,6903.8157,7001.6431,6889.8404,7001.6431,26555000.0
2005-07-04,7057.543,7113.4443,7001.6416,7029.5923,15655000.0
2005-07-05,7043.5688,7085.4948,6987.6675,7015.6182,9300000.0
2005-07-06,7029.5935,7085.4949,7029.5935,7043.5688,13455000.0
2005-07-07,7043.5685,7253.1985,7043.5685,7211.2725,31910000.0
2005-07-08,7225.2478,7295.1245,7211.2725,7211.2725,19665000.0
2005-07-11,7337.0513,7476.8047,7337.0513,7448.854,34585000.0
2005-07-12,7546.6799,7658.4826,7504.7539,7560.6553,46835000.0
2005-07-13,7588.606,7644.5073,7532.7047,7644.5073,25465000.0
2005-07-14,7672.458,7700.4087,7644.5073,7644.5073,28885000.0
2005-07-15,7658.4824,7686.433,7532.7044,7574.6304,26105000.0
2005-07-18,7588.606,7714.384,7560.6553,7672.458,21220000.0
2005-07-19,7686.4334,7854.1374,7672.4581,7840.1621,33785000.0
2005-07-20,7854.1367,7924.0133,7756.3094,7798.2354,30025000.0
2005-07-21,7896.0659,7937.9919,7798.2385,7868.1152,26780000.0
2005-07-22,7812.2111,7826.1865,7630.5318,7714.3838,27575000.0
2005-07-25,7714.3816,7784.2583,7714.3816,7756.3076,18455000.0
2005-07-26,7770.2849,7798.2355,7644.5069,7700.4082,20630000.0
2005-07-27,7714.3835,7812.2109,7658.4822,7700.4082,18430000.0
2005-07-28,7714.3824,7910.037,7714.3824,7826.1851,23655000.0
2005-07-29,7910.0369,7910.0369,7826.1849,7896.0615,17875000.0
2005-08-01,7910.0398,7951.9658,7840.1631,7951.9658,16470000.0
2005-08-02,7965.9414,7979.9167,7854.1387,7937.9907,14250000.0
2005-08-03,8035.8181,8063.7687,7937.9907,7937.9907,23635000.0
2005-08-04,7937.9858,7951.9611,7826.1832,7910.0352,18370000.0
2005-08-05,7840.1611,7840.1611,7658.4817,7728.3584,30100000.0
2005-08-08,7714.3835,7714.3835,7588.6055,7700.4082,18285000.0
2005-08-09,7700.407,7728.3576,7616.555,7686.4316,20325000.0
2005-08-10,7756.3076,7854.1349,7728.357,7756.3076,16480000.0
2005-08-11,7756.3106,7965.9407,7756.3106,7924.0146,19885000.0
2005-08-12,7951.9642,8091.7175,7951.9642,8077.7422,24480000.0
2005-08-15,8077.7422,8077.7422,8077.7422,8077.7422,0.0
2005-08-16,8077.7451,8133.6464,7951.9671,7993.8931,26040000.0
2005-08-17,7910.041,7993.8931,7826.189,7993.8931,20420000.0
2005-08-18,7993.8882,8007.8635,7728.357,7756.3076,33515000.0
2005-08-19,7756.3091,7770.2844,7672.4571,7728.3584,20935000.0
2005-08-22,7728.3619,7965.9426,7728.3619,7868.1152,19550000.0
2005-08-23,7882.0903,7951.967,7826.189,7854.1396,18770000.0
2005-08-24,7854.1352,7868.1105,7672.4559,7770.2832,23985000.0
2005-08-25,7728.3591,7756.3098,7602.5811,7714.3838,24360000.0
2005-08-26,7714.384,7770.2853,7672.458,7672.458,18915000.0
2005-08-29,7574.6289,7574.6289,7490.7769,7546.6782,18275000.0
2005-08-30,7602.5813,7658.4826,7448.8526,7560.6553,14915000.0
2005-08-31,7462.8292,7630.5332,7462.8292,7602.5825,12205000.0
2005-09-01,7672.458,7714.384,7644.5073,7672.458,11970000.0
2005-09-02,7672.4583,7784.261,7658.483,7742.335,12190000.0
2005-09-05,7798.2361,7868.1128,7756.3101,7840.1621,10920000.0
2005-09-06,7868.1138,8049.7932,7868.1138,7951.9658,19050000.0
2005-09-07,8049.7937,8133.6457,8049.7937,8091.7197,17565000.0
2005-09-08,8175.5747,8287.3774,8105.698,8203.5254,34625000.0
2005-09-09,8175.5713,8259.4233,8147.6206,8231.4727,13105000.0
2005-09-12,8301.3493,8385.2013,8231.4727,8231.4727,20070000.0
2005-09-13,8245.4483,8524.9551,8231.473,8469.0537,34885000.0
2005-09-14,8455.0772,8594.8306,8413.1512,8566.8799,25585000.0
2005-09-15,8455.0786,8650.7333,8441.1033,8483.0293,29035000.0
2005-09-16,8441.1017,8469.0524,8217.4964,8287.373,30625000.0
2005-09-19,8287.373,8287.373,8287.373,8287.373,0.0
2005-09-20,8385.2004,8427.1264,8273.3977,8287.373,28045000.0
2005-09-21,8329.303,8469.0564,8315.3276,8399.1797,19085000.0
2005-09-22,8287.3709,8385.1982,8273.3956,8385.1982,16000000.0
2005-09-23,8273.4001,8371.2275,8147.6221,8175.5728,18675000.0
2005-09-26,8189.5457,8385.2004,8189.5457,8343.2744,21895000.0
2005-09-27,8357.2497,8371.2251,8245.447,8287.373,15910000.0
2005-09-28,8245.4483,8385.2016,8203.5223,8357.251,13505000.0
2005-09-29,8301.3484,8371.2251,8245.447,8287.373,18509700.0
2005-09-30,8301.3481,8385.2001,8217.4961,8217.4961,21192950.0
2005-10-03,8217.4961,8217.4961,8217.4961,8217.4961,0.0
2005-10-04,8245.4476,8483.0283,8245.4476,8427.127,26986050.0
2005-10-05,8441.1057,8580.8591,8357.2537,8399.1797,21874300.0
2005-10-06,8315.3281,8315.3281,8175.5747,8203.5254,20716650.0
2005-10-07,8077.7449,8217.4983,8049.7942,8147.6216,25602800.0
2005-10-10,8161.595,8343.2744,8147.6197,8287.373,15080150.0
2005-10-11,8217.4976,8371.2263,8203.5223,8357.251,10695550.0
2005-10-12,8287.3722,8301.3475,8063.7669,8077.7422,26597200.0
2005-10-13,7979.9135,8021.8395,7798.2342,7896.0615,36035800.0
2005-10-14,7896.0615,7993.8888,7826.1849,7896.0615,31305500.0
2005-10-17,7826.1892,7951.9673,7826.1892,7868.1152,17525000.0
2005-10-18,7882.0845,7951.9611,7868.1092,7910.0352,17588650.0
2005-10-19,7826.1865,7840.1618,7686.4331,7714.3838,18547750.0
2005-10-20,7826.1845,7840.1599,7714.3819,7770.2832,17849800.0
2005-10-21,7686.4323,7910.0376,7672.4569,7882.0869,20033250.0
2005-10-24,7910.0352,7979.9118,7840.1585,7910.0352,16487150.0
2005-10-25,7993.8888,8077.7408,7882.0862,7896.0615,18269150.0
2005-10-26,7854.1399,7910.0412,7812.2139,7868.1152,15002350.0
2005-10-27,7868.112,7937.9887,7770.2847,7798.2354,19331000.0
2005-10-28,7672.4568,7700.4074,7616.5554,7630.5308,21614800.0
2005-10-31,7672.4571,7756.3091,7658.4817,7728.3584,19203500.0
2005-11-01,7826.1849,7937.9875,7812.2095,7896.0615,29155950.0
2005-11-02,7882.0901,8105.6955,7882.0901,8035.8188,15716000.0
2005-11-03,8217.5007,8273.4021,8175.5747,8203.5254,22394000.0
2005-11-04,8343.2778,8385.2039,8287.3765,8371.2285,24807150.0
2005-11-07,8413.1523,8427.1277,8259.4236,8357.251,12834600.0
2005-11-08,8385.1978,8427.1238,8343.2718,8413.1484,12065550.0
2005-11-09,8399.1736,8483.0256,8329.2969,8385.1982,14940450.0
2005-11-10,8399.1768,8483.0288,8371.2261,8455.0781,17080450.0
2005-11-11,8622.7825,8720.6098,8580.8565,8636.7578,29524650.0
2005-11-14,8678.6829,8790.4856,8608.8062,8748.5596,20931600.0
2005-11-15,8748.562,8790.488,8538.9319,8664.71,14063750.0
2005-11-16,8608.8072,8804.4619,8608.8072,8804.4619,14038850.0
2005-11-17,8762.5315,8776.5068,8650.7288,8720.6055,12542600.0
2005-11-18,8734.5842,8804.4609,8650.7322,8748.5596,14163300.0
2005-11-21,8832.4125,8832.4125,8552.9058,8636.7578,24063600.0
2005-11-22,8538.9308,8552.9062,8203.5227,8273.3994,45564250.0
2005-11-23,8385.2019,8566.8813,8371.2266,8483.0293,42389900.0
2005-11-24,8636.7573,8636.7573,8455.0779,8497.0039,15155400.0
2005-11-25,8497.0009,8538.9269,8329.2969,8385.1982,15658550.0
2005-11-28,8385.2043,8427.1304,8329.303,8399.1797,9434350.0
2005-11-29,8357.2519,8413.1533,8217.4986,8301.3506,17159050.0
2005-11-30,8287.3709,8441.0996,8287.3709,8385.1982,17308450.0
2005-12-01,8329.3001,8497.0041,8315.3248,8455.0781,19357700.0
2005-12-02,8664.7082,8706.6342,8580.8562,8622.7822,19342900.0
2005-12-05,8692.6575,8734.5835,8636.7561,8706.6328,12418300.0
2005-12-06,8650.7332,8818.4373,8622.7825,8804.4619,21114200.0
2005-12-07,8804.4641,9014.0942,8720.6121,8930.2422,26531300.0
2005-12-08,8874.3362,8944.2128,8748.5582,8832.4102,26904650.0
2005-12-09,8776.508,8818.434,8566.878,8678.6807,23027250.0
2005-12-12,8692.6592,8776.5112,8622.7825,8636.7578,18588950.0
2005-12-13,8678.6853,8706.636,8566.8826,8664.71,16596150.0
2005-12-14,8692.6554,8762.532,8497.0008,8538.9268,26300350.0
2005-12-15,8510.9775,8608.8049,8399.1749,8510.9775,18607050.0
2005-12-16,8469.0502,8469.0502,8287.3709,8385.1982,29408600.0
2005-12-19,8483.0269,8580.8542,8413.1502,8510.9775,17987750.0
2005-12-20,8427.1292,8580.8579,8413.1538,8552.9072,17198500.0
2005-12-21,8580.8541,8874.3361,8580.8541,8776.5088,25337350.0
2005-12-22,8874.3357,9042.0397,8818.4344,8860.3604,28095000.0
2005-12-23,8972.1648,9111.9182,8888.3128,9014.0908,28658350.0
2005-12-26,9083.9668,9265.6462,9069.9915,9139.8682,17830000.0
2005-12-27,9209.7427,9279.6194,9056.0141,9237.6934,18003350.0
2005-12-28,9195.7674,9265.644,9153.8414,9237.6934,21403250.0
2005-12-29,9223.7222,9363.4755,9181.7961,9195.7715,20916500.0
2006-01-02,9279.623,9335.5244,9167.8203,9223.7217,16985900.0
2006-01-03,9223.7207,9307.5727,9167.8194,9279.6221,17385550.0
2006-01-04,9433.3484,9782.7317,9405.3977,9740.8057,38604500.0
2006-01-05,9712.8583,9712.8583,9377.4502,9489.2529,25783750.0
2006-01-06,9573.1062,9615.0322,9489.2542,9559.1309,17394550.0
2006-01-09,9712.8554,9740.806,9545.1514,9601.0527,14995150.0
2006-01-10,9712.8541,9796.7061,9615.0268,9796.7061,23642650.0
2006-01-11,9684.9089,9754.7856,9489.2542,9559.1309,17463600.0
2006-01-12,9559.1304,9670.9331,9517.2044,9587.0811,20117150.0
2006-01-13,9461.3026,9698.8833,9335.5245,9670.9326,23698600.0
2006-01-16,9782.7339,9880.5613,9726.8326,9866.5859,19141550.0
2006-01-17,9880.559,10076.2136,9740.8057,9740.8057,21328900.0
2006-01-18,9573.1062,9629.0075,9405.4021,9503.2295,30346800.0
2006-01-19,9531.1807,9712.8601,9503.23,9642.9834,19527000.0
2006-01-20,9810.6827,9894.5347,9573.1021,9601.0527,23040500.0
2006-01-23,9461.3008,9712.8569,9377.4488,9573.1035,26815250.0
2006-01-24,9545.151,9782.7317,9503.225,9740.8057,29027200.0
2006-01-25,9908.5122,10062.2409,9852.6109,9936.4629,29240350.0
2006-01-26,9978.3894,10034.2908,9852.6114,10020.3154,18556250.0
2006-01-27,10062.2393,10118.1406,9964.4119,10062.2393,15678300.0
2006-01-31,10104.1664,10355.7224,10048.2651,10341.7471,22323350.0
2006-02-01,10271.8666,10383.6693,10104.1627,10188.0146,22008350.0
2006-02-02,10313.7945,10327.7699,10062.2386,10132.1152,19091550.0
2006-02-03,10034.2894,10034.2894,9810.6841,9838.6348,22207700.0
2006-02-06,9782.7339,9866.5859,9684.9066,9866.5859,21292250.0
2006-02-07,9908.5119,10201.994,9866.5859,9866.5859,16585550.0
2006-02-08,9782.7301,9908.5081,9573.1002,9656.9521,19114600.0
2006-02-09,9726.8323,9740.8076,9601.0542,9684.9062,18383250.0
2006-02-10,9670.9294,9726.8307,9489.2501,9601.0527,21849750.0
2006-02-13,9587.0783,9601.0536,9335.5223,9433.3496,24189900.0
2006-02-14,9363.4734,9461.3007,9265.6461,9405.3994,25982850.0
2006-02-15,9475.2762,9475.2762,9139.8682,9139.8682,33419850.0
2006-02-16,9097.9439,9181.7959,9028.0672,9181.7959,24749200.0
2006-02-17,9237.6954,9419.3747,9223.7201,9405.3994,21790650.0
2006-02-20,9335.5195,9559.1247,9321.5442,9545.1494,16332050.0
2006-02-21,9531.1774,9545.1527,9363.4734,9405.3994,17356300.0
2006-02-22,9349.4983,9489.2516,9265.6463,9363.4736,24953700.0
2006-02-23,9377.4507,9559.1301,9377.4507,9517.2041,16389950.0
2006-02-24,9475.2751,9531.1765,9433.3491,9461.2998,14116450.0
2006-02-27,9475.2729,9656.9521,9461.2975,9656.9521,11793500.0
2006-02-28,9698.8801,9754.7814,9545.1514,9601.0527,12647050.0
2006-03-02,9726.8323,9782.7336,9559.1282,9684.9062,15105700.0
2006-03-03,9531.1775,9559.1282,9083.9668,9139.8682,37932400.0
2006-03-06,9167.8208,9195.7715,9069.9935,9195.7715,22717900.0
2006-03-07,9083.9686,9111.9193,8762.5359,8804.4619,39482000.0
2006-03-08,8594.8301,8748.5588,8497.0028,8706.6328,49381050.0
2006-03-09,8608.8071,8790.4865,8538.9305,8636.7578,38599000.0
2006-03-10,8580.8565,8832.4125,8580.8565,8692.6592,28422100.0
2006-03-13,8790.4842,8832.4102,8720.6075,8832.4102,19012200.0
2006-03-14,8776.5068,8832.4081,8650.7288,8720.6055,17767050.0
2006-03-15,8790.4866,8902.2893,8776.5112,8804.4619,19438500.0
2006-03-16,8902.2868,8958.1881,8818.4348,8832.4102,14018000.0
2006-03-17,8790.4864,8944.2151,8692.659,8902.2891,13567500.0
2006-03-20,8930.2422,8944.2175,8776.5134,8930.2422,9950600.0
2006-03-21,8916.2617,8944.2123,8804.459,8860.3604,11453100.0
2006-03-22,8734.5861,8762.5368,8510.9807,8580.8574,30051700.0
2006-03-23,8580.8559,8650.7326,8441.1026,8497.0039,25534150.0
2006-03-24,8497.0022,8552.9035,8455.0762,8510.9775,17171750.0
2006-03-27,8455.0773,8790.4853,8455.0773,8734.584,19508950.0
2006-03-28,8608.8048,8804.4595,8608.8048,8776.5088,15167900.0
2006-03-29,8678.6829,8748.5596,8594.8309,8748.5596,15189400.0
2006-03-30,8832.4108,8860.3615,8636.7561,8706.6328,14663350.0
2006-03-31,8664.7086,8804.4619,8636.7579,8804.4619,20635450.0
2006-04-03,8888.3116,9056.0156,8832.4103,9000.1143,20549650.0
2006-04-04,9028.0652,9167.8186,8986.1392,9125.8926,19369350.0
2006-04-05,9153.8412,9237.6932,9014.0879,9069.9893,12634700.0
2006-04-06,9209.7468,9307.5742,9125.8948,9195.7715,22420200.0
2006-04-07,9195.7695,9223.7202,9056.0162,9139.8682,17596300.0
2006-04-10,9014.0891,9069.9904,8902.2864,8972.1631,20369150.0
2006-04-11,8902.2856,8944.2116,8748.557,8874.335,15767900.0
2006-04-12,8832.4126,8846.3879,8748.5606,8804.4619,12271800.0
2006-04-13,8748.5604,8916.2644,8734.585,8902.2891,21813050.0
2006-04-14,8916.2624,9279.621,8874.3364,9167.8184,32653200.0
2006-04-17,9223.7179,9237.6932,9014.0879,9069.9893,13798350.0
2006-04-18,9056.0181,9223.7222,9000.1168,9195.7715,20338250.0
2006-04-19,9405.4003,9433.351,9265.647,9293.5977,21183350.0
2006-04-20,9293.5962,9391.4235,9237.6948,9265.6455,17605300.0
2006-04-21,9363.4766,9740.8108,9321.5506,9642.9834,40474150.0
2006-04-24,9642.9801,9642.9801,9363.4734,9405.3994,31490750.0
2006-04-25,9195.771,9391.4257,9125.8943,9223.7217,28671400.0
2006-04-26,9223.7227,9335.5254,9139.8707,9335.5254,22000500.0
2006-04-27,9335.5234,9363.4741,9195.7701,9279.6221,19383250.0
2006-04-28,9251.6702,9251.6702,8986.1389,9000.1143,27901900.0
2006-05-02,9000.1126,9097.9399,8832.4086,9069.9893,27714750.0
2006-05-03,9069.9956,9167.823,8930.2422,8930.2422,21147150.0
2006-05-04,8930.2362,9042.0388,8874.3348,9028.0635,17803750.0
2006-05-08,9153.8447,9251.6721,9097.9434,9153.8447,17595050.0
2006-05-09,9195.7674,9335.5207,9181.792,9237.6934,18637850.0
2006-05-10,9237.6967,9293.5981,9111.9187,9153.8447,17858600.0
2006-05-11,9181.7935,9265.6455,9125.8922,9265.6455,18471150.0
2006-05-12,9223.7202,9223.7202,8958.1888,9139.8682,24975900.0
2006-05-15,9028.0703,9083.9717,8930.2429,9083.9717,28216750.0
2006-05-16,9056.0198,9083.9704,8902.291,8958.1924,22209700.0
2006-05-17,8972.1654,9223.7214,8972.1654,9153.8447,22440100.0
2006-05-18,8916.2664,9000.1184,8846.3897,8958.1924,22060000.0
2006-05-19,8972.164,9000.1147,8818.4354,8916.2627,20910000.0
2006-05-22,8972.164,9000.1147,8818.4354,8916.2627,22223550.0
2006-05-23,8594.8319,8846.3879,8538.9305,8804.4619,29837200.0
2006-05-24,8804.4619,8860.3633,8594.8319,8804.4619,27036100.0
2006-05-25,8790.4877,8818.4384,8594.833,8594.833,24470000.0
2006-05-26,8748.5573,8832.4093,8622.7793,8678.6807,23180950.0
2006-05-29,8692.6592,8762.5359,8664.7085,8692.6592,14920000.0
2006-05-30,8692.6579,8720.6086,8552.9045,8566.8799,20915300.0
2006-05-31,8692.6592,8762.5359,8664.7085,8692.6592,15162550.0
2006-06-01,8483.029,8608.8071,8399.177,8469.0537,29650600.0
2006-06-02,8538.9314,8636.7588,8469.0547,8580.8574,19403200.0
2006-06-05,8636.7566,8650.7319,8524.9539,8566.8799,15993450.0
2006-06-07,8329.2969,8455.0749,8329.2969,8385.1982,30545950.0
2006-06-08,8371.2285,8371.2285,8035.8203,8063.771,41207100.0
2006-06-09,8077.7449,8147.6215,8007.8682,8035.8188,30558000.0
2006-06-12,8049.7939,8049.7939,7868.1146,8021.8433,21498400.0
2006-06-13,7826.1867,7840.162,7658.4827,7672.458,41305250.0
2006-06-14,7602.5804,7840.1611,7560.6544,7728.3584,32644700.0
2006-06-15,7882.0856,7882.0856,7728.357,7756.3076,18344000.0
2006-06-16,8049.7937,8063.769,7896.065,7979.917,28129000.0
2006-06-19,7979.9135,8049.7902,7840.1602,7896.0615,20069800.0
2006-06-20,7868.1105,7910.0365,7714.3819,7770.2832,19583950.0
2006-06-21,7770.2844,7882.0871,7756.3091,7784.2598,13499300.0
2006-06-22,7896.0598,7993.8871,7826.1832,7910.0352,22982200.0
2006-06-23,7896.0647,7979.9167,7840.1634,7937.9907,14896500.0
2006-06-26,7965.9386,8175.5686,7965.9386,8133.6426,22351250.0
2006-06-27,8175.5723,8245.4489,8147.6216,8147.6216,15767750.0
2006-06-28,8035.8143,8105.6909,7979.913,8105.6909,18377100.0
2006-06-29,8182.6255,8280.5373,8168.6381,8252.5625,15998850.0
2006-06-30,8490.349,8518.3238,8420.412,8434.3994,29176450.0
2006-07-03,8490.3478,8546.2974,8448.3857,8462.373,12593400.0
2006-07-04,8546.2988,8560.2862,8406.4248,8406.4248,9270000.0
2006-07-05,8182.6263,8462.3742,8182.6263,8434.3994,13375000.0
2006-07-06,8294.5259,8392.4377,8252.5637,8364.4629,17500000.0
2006-07-07,8406.4248,8476.3618,8392.4374,8406.4248,14365000.0
2006-07-10,8308.5116,8490.3477,8238.5747,8476.3604,17315000.0
2006-07-11,8308.5115,8560.2845,8308.5115,8504.335,16385000.0
2006-07-12,8476.3602,8560.2845,8378.4484,8504.335,23300000.0
2006-07-13,8392.4355,8518.3221,8322.4986,8392.4355,22835000.0
2006-07-14,8210.5984,8266.548,8140.6614,8168.6362,24250000.0
2006-07-18,8056.7358,8168.6349,8056.7358,8140.6602,14245000.0
2006-07-19,8112.6841,8224.5832,8112.6841,8112.6841,11125000.0
2006-07-20,8308.5133,8364.4629,8252.5637,8364.4629,21960000.0
2006-07-21,8266.5505,8350.4749,8252.5631,8308.5127,8896300.0
2006-07-24,8210.6003,8308.5121,8154.6507,8252.5625,14934950.0
2006-07-25,8336.4881,8420.4125,8308.5133,8364.4629,15877650.0
2006-07-26,8364.4638,8448.3882,8336.489,8378.4512,7650000.0
2006-07-27,8378.4488,8462.3731,8308.5118,8448.3857,14995000.0
2006-07-28,8392.4374,8448.387,8350.4752,8406.4248,9564450.0
2006-07-31,8532.3097,8588.2593,8504.335,8504.335,23415250.0
2006-08-01,8518.3226,8602.247,8462.373,8462.373,13372450.0
2006-08-02,8434.398,8588.2593,8420.4106,8504.335,10944800.0
2006-08-03,8644.2097,8658.1971,8532.3105,8532.3105,12565450.0
2006-08-04,8560.2849,8630.2219,8560.2849,8602.2471,8121450.0
2006-08-07,8658.1965,8658.1965,8448.3856,8476.3604,15051350.0
2006-08-08,8462.3731,8630.2219,8462.3731,8602.2471,13598300.0
2006-08-09,8602.247,8714.1461,8518.3226,8616.2344,15112800.0
2006-08-10,8616.2357,8672.1853,8518.3239,8560.2861,15694950.0
2006-08-11,8630.2206,8700.1576,8490.3467,8490.3467,16574950.0
2006-08-14,8532.31,8546.2974,8392.4361,8462.373,17105950.0
2006-08-16,8644.209,8700.1586,8588.2594,8644.209,19587150.0
2006-08-17,8812.0564,9049.8421,8798.069,9007.8799,38826150.0
2006-08-18,9091.8032,9301.614,9049.841,9175.7275,37509050.0
2006-08-21,9231.68,9343.5791,9161.743,9189.7178,17145000.0
2006-08-22,9063.8311,9203.7051,9063.8311,9203.7051,19445000.0
2006-08-23,9147.7546,9203.7042,9007.8807,9035.8555,14711500.0
2006-08-24,8937.9456,8965.9204,8826.0464,8895.9834,17782500.0
2006-08-25,8979.9059,9105.7924,8937.9437,9035.8555,15981600.0
2006-08-28,9091.8043,9119.7791,8993.8926,8993.8926,10722200.0
2006-08-29,9119.7787,9245.6652,9091.8039,9217.6904,15312250.0
2006-08-30,9231.6792,9245.6665,9077.8178,9161.7422,13979500.0
2006-08-31,9147.7562,9259.6554,9091.8066,9091.8066,20178950.0
2006-09-01,9119.7802,9189.7171,9077.818,9133.7676,8951400.0
2006-09-04,9259.6547,9259.6547,9161.7429,9203.7051,8986350.0
2006-09-05,9175.7303,9231.6799,9119.7807,9203.7051,7216450.0
2006-09-06,9203.7045,9203.7045,9105.7927,9147.7549,7866200.0
2006-09-07,9035.8542,9105.7912,8993.8921,9077.8164,10126650.0
2006-09-08,9007.8787,9091.803,9007.8787,9049.8408,7533050.0
2006-09-11,9049.8447,9077.8195,8854.0212,8895.9834,18312850.0
2006-09-12,8923.9536,8979.9032,8798.0671,8840.0293,17687250.0
2006-09-13,8951.9315,9021.8684,8909.9693,8979.9062,24360250.0
2006-09-14,8979.9061,9161.7422,8965.9187,9161.7422,31021950.0
2006-09-15,9133.7654,9203.7023,9105.7906,9175.7275,11988600.0
2006-09-18,9189.7164,9497.439,9189.7164,9413.5146,26352850.0
2006-09-19,9413.5167,9483.4537,9385.5419,9399.5293,12795650.0
2006-09-20,9273.6422,9357.5666,9217.6926,9329.5918,14816350.0
2006-09-21,9427.5027,9469.4649,9287.6288,9301.6162,13060450.0
2006-09-22,9203.7045,9245.6666,9119.7801,9147.7549,11768200.0
2006-09-25,9091.8054,9203.7045,9063.8306,9133.7676,12493150.0
2006-09-26,9147.7532,9203.7027,9035.8541,9105.791,12855500.0
2006-09-27,9161.7405,9273.6396,9161.7405,9273.6396,15073400.0
2006-09-28,9259.6557,9399.5297,9231.6809,9343.5801,17199900.0
2006-09-29,9357.5659,9399.528,9245.6667,9287.6289,10884050.0
2006-10-02,9217.6919,9357.5658,9217.6919,9301.6162,13336800.0
2006-10-04,9217.6894,9231.6768,9049.8407,9063.8281,19646300.0
2006-10-09,9119.7788,9189.7158,8742.1193,8881.9932,28756900.0
2006-10-10,8979.9062,9091.8054,8951.9315,8979.9062,9863750.0
2006-10-11,8881.9965,9007.8831,8854.0217,8965.9209,10532750.0
2006-10-12,8895.9841,9021.8707,8868.0093,8937.9463,17850550.0
2006-10-13,9021.8673,9063.8294,8979.9051,9007.8799,13492650.0
2006-10-16,9119.7814,9203.7058,9035.8571,9091.8066,16781050.0
2006-10-17,9091.803,9105.7904,8979.9039,9049.8408,9174650.0
2006-10-18,8965.9189,9007.881,8895.9819,8979.9062,16155300.0
2006-10-19,9021.87,9063.8321,8840.0338,8895.9834,16716600.0
2006-10-20,8881.9915,8923.9536,8798.0671,8840.0293,23209700.0
2006-10-23,8826.0435,8826.0435,8672.1822,8742.1191,21650650.0
2006-10-24,8812.0559,8854.0181,8714.1442,8770.0938,18173600.0
2006-10-25,8728.1318,8826.0435,8686.1696,8742.1191,17740950.0
2006-10-26,8770.0926,8868.0043,8742.1178,8798.0674,16658100.0
2006-10-27,8798.0721,8798.0721,8616.236,8672.1855,22082550.0
2006-10-30,8630.2194,8658.1942,8490.3455,8518.3203,20122000.0
2006-10-31,8490.3454,8616.2319,8434.3958,8546.2949,24140400.0
2006-11-01,8644.2093,8672.184,8574.2723,8602.2471,13952400.0
2006-11-02,8588.2617,8658.1987,8546.2995,8588.2617,13024450.0
2006-11-03,8630.2193,8672.1814,8518.3201,8546.2949,14012550.0
2006-11-06,8518.3226,8532.31,8378.4487,8462.373,17439800.0
2006-11-07,8602.2447,8602.2447,8462.3708,8518.3203,17791800.0
2006-11-08,8602.2471,8686.1714,8602.2471,8602.2471,13618400.0
2006-11-09,8672.1817,8826.043,8644.2069,8826.043,28261650.0
2006-11-10,8784.08,8840.0295,8756.1052,8798.0674,13480750.0
2006-11-13,8895.9801,8951.9297,8854.018,8951.9297,16464950.0
2006-11-14,9063.8282,9091.803,9007.8787,9049.8408,18685300.0
2006-11-15,9161.7425,9259.6543,9133.7678,9259.6543,29861150.0
2006-11-16,9455.4783,9455.4783,9189.7178,9189.7178,19037300.0
2006-11-17,9203.7052,9203.7052,9133.7682,9189.7178,9296700.0
2006-11-20,9175.7328,9175.7328,9049.8462,9119.7832,14429300.0
2006-11-21,9133.7688,9175.731,9063.8319,9091.8066,10533050.0
2006-11-22,9049.8436,9231.6797,9049.8436,9231.6797,12154500.0
2006-11-23,9273.6414,9301.6162,9105.7927,9147.7549,12492450.0
2006-11-24,9147.758,9175.7328,9035.8588,9119.7832,9120950.0
2006-11-27,9049.8432,9091.8054,8937.9441,8979.9062,16110750.0
2006-11-28,8826.0438,8909.9681,8812.0564,8854.0186,15936500.0
2006-11-29,8784.0808,8909.9673,8784.0808,8826.043,16956850.0
2006-11-30,8895.9801,9007.8792,8881.9927,8951.9297,15937700.0
2006-12-01,8951.9297,9021.8666,8937.9423,8951.9297,8220950.0
2006-12-04,8993.8957,9035.8579,8909.9713,8965.9209,9770000.0
2006-12-05,9063.829,9105.7912,8923.9551,8923.9551,17541350.0
2006-12-06,8923.9553,8951.9301,8798.0688,8881.9932,13141050.0
2006-12-07,8798.0716,8881.9959,8742.122,8756.1094,14568100.0
2006-12-08,8630.2231,8644.2105,8504.3366,8560.2861,25506450.0
2006-12-11,8532.3101,8560.2849,8420.411,8448.3857,22559950.0
2006-12-12,8476.3599,8532.3095,8378.4482,8392.4355,16336200.0
2006-12-13,8392.4361,8518.3226,8392.4361,8462.373,17044900.0
2006-12-14,8434.3976,8588.2589,8392.4354,8574.2715,43086900.0
2006-12-15,8588.2573,8602.2447,8490.3455,8518.3203,22955950.0
2006-12-18,8532.3105,8602.2475,8504.3358,8532.3105,20216550.0
2006-12-19,8532.3077,8588.2573,8504.3329,8518.3203,14096450.0
2006-12-20,8518.3225,8672.1839,8518.3225,8630.2217,20860850.0
2006-12-21,8658.1965,8672.1839,8574.2721,8630.2217,16119000.0
2006-12-22,8560.2823,8588.2571,8504.3328,8546.2949,17192100.0
2006-12-26,8518.3215,8546.2962,8420.4097,8490.3467,15325400.0
2006-12-27,8617.2791,8659.5898,8518.5542,8659.5898,9427500.0
2006-12-28,8687.8,8730.1107,8603.1785,8645.4893,10913300.0
2007-01-02,8744.2145,8842.9395,8687.8002,8828.8359,17607300.0
2007-01-03,8842.9362,8857.0398,8617.2791,8659.5898,19676500.0
2007-01-04,8617.2835,8631.3871,8504.4549,8546.7656,18258900.0
2007-01-05,8574.9704,8589.074,8391.624,8391.624,28400400.0
2007-01-08,8349.31,8377.5171,8165.9636,8236.4814,33081550.0
2007-01-09,8278.793,8377.518,8208.2752,8264.6895,20109850.0
2007-01-10,8208.2751,8236.4822,8109.5501,8151.8608,25756300.0
2007-01-11,8165.9656,8292.8977,8151.862,8222.3799,29839350.0
2007-01-12,8321.1084,8546.7656,8250.5906,8546.7656,40346050.0
2007-01-15,8631.3828,8673.6935,8560.865,8631.3828,33675300.0
2007-01-16,8673.6964,8673.6964,8617.2821,8645.4893,15522550.0
2007-01-17,8603.1722,8603.1722,8419.8259,8490.3438,23396700.0
2007-01-18,8448.0384,8448.0384,8307.0027,8377.5205,21762950.0
2007-01-19,8292.8986,8292.8986,8165.9665,8250.5879,32068050.0
2007-01-22,8250.5885,8363.4171,8222.3814,8335.21,21204000.0
2007-01-23,8335.2098,8462.1419,8292.8991,8377.5205,21732900.0
2007-01-24,8462.1366,8518.5509,8448.0331,8490.3438,14238300.0
2007-01-25,8546.7609,8574.968,8490.3466,8504.4502,11798550.0
2007-01-26,8462.1383,8462.1383,8278.7919,8292.8955,37403750.0
2007-01-29,8321.1036,8335.2072,8137.7573,8151.8608,28106550.0
2007-01-30,8208.2772,8264.6915,8109.5522,8250.5879,18857050.0
2007-01-31,8250.5862,8250.5862,8109.5505,8180.0684,18468100.0
2007-02-01,8123.6556,8236.4842,8123.6556,8165.9663,20379600.0
2007-02-02,8222.3777,8335.2062,8180.067,8292.8955,25061700.0
2007-02-05,8307.0001,8321.1037,8222.3788,8264.6895,24227700.0
2007-02-06,8250.5897,8292.9004,8222.3826,8278.7969,14804600.0
2007-02-07,8292.8966,8307.0001,8180.0681,8264.6895,19521900.0
2007-02-08,8292.8977,8321.1049,8180.0692,8222.3799,25787500.0
2007-02-09,8165.9656,8264.6906,8165.9656,8222.3799,15724250.0
2007-02-12,8180.0717,8180.0717,8024.9324,8067.2432,43866750.0
2007-02-13,8024.9305,8053.1377,7897.9984,7926.2056,38350000.0
2007-02-14,7996.7202,8081.3416,7996.7202,7996.7202,31505450.0
2007-02-15,8194.1751,8208.2787,8024.9323,8109.5537,31469800.0
2007-02-16,8151.8606,8349.3105,8095.4464,8349.3105,41500100.0
2007-02-20,8391.6218,8490.3468,8292.8969,8462.1396,23313850.0
2007-02-21,8490.3513,8631.3871,8462.1442,8546.7656,27616450.0
2007-02-22,8546.758,8631.3794,8490.3438,8490.3438,18015000.0
2007-02-23,8504.4498,8518.5533,8321.1034,8349.3105,25999600.0
2007-02-26,8278.7942,8307.0013,8165.9656,8222.3799,29442950.0
2007-02-27,8264.6917,8264.6917,8109.5524,8194.1738,22474550.0
2007-02-28,7869.7899,8039.0327,7869.7899,8039.0327,45093800.0
2007-03-01,7996.7202,7996.7202,7996.7202,7996.7202,0.0
2007-03-05,7926.2044,8067.2401,7912.1009,7968.5151,27584250.0
2007-03-06,7968.5153,8165.9653,7968.5153,8053.1367,27781400.0
2007-03-07,8109.5505,8123.6541,7968.5149,8039.0327,26039150.0
2007-03-08,8039.0367,8208.2796,7996.726,8137.7617,29056100.0
2007-03-09,8222.3826,8307.004,8180.0719,8278.7969,30233000.0
2007-03-12,8321.101,8490.3438,8321.101,8490.3438,31691500.0
2007-03-13,8518.5539,8518.5539,8363.4147,8462.1396,16828000.0
2007-03-14,8264.6886,8292.8957,8180.0672,8236.4814,24902100.0
2007-03-15,8250.5859,8349.3108,8236.4823,8264.6895,21261300.0
2007-03-16,8264.6912,8363.4162,8194.1734,8307.002,13671150.0
2007-03-19,8278.7969,8321.1076,8208.279,8278.7969,11891200.0
2007-03-20,8250.5877,8278.7949,8109.552,8165.9663,21245000.0
2007-03-21,8194.1734,8250.5877,8109.552,8165.9663,12559600.0
2007-03-22,8250.5871,8307.0013,8208.2764,8208.2764,22119900.0
2007-03-23,8236.4826,8264.6898,8123.6541,8180.0684,17271600.0
2007-03-26,8208.2743,8250.585,8151.8601,8236.4814,15899800.0
2007-03-27,8208.2755,8222.3791,8137.7577,8180.0684,18780200.0
2007-03-28,8180.0717,8180.0717,8039.036,8067.2432,22607300.0
2007-03-29,7968.5178,8095.45,7954.4143,8024.9321,30754300.0
2007-03-30,8024.93,8024.93,7926.205,7940.3086,22767000.0
2007-04-02,7954.4086,8053.1335,7954.4086,7982.6157,20035050.0
2007-04-03,7996.7247,8151.864,7982.6211,8095.4497,19676650.0
2007-04-04,8222.3812,8419.8312,8194.174,8391.624,44768400.0
2007-04-05,8476.2446,8504.4517,8335.2089,8363.416,15772300.0
2007-04-06,8405.729,8433.9362,8236.4862,8278.7969,15445750.0
2007-04-09,8321.1028,8321.1028,8222.3779,8236.4814,12778300.0
2007-04-10,8236.4822,8307.0001,8123.6537,8151.8608,22281600.0
2007-04-11,8236.4826,8476.2433,8222.3791,8448.0361,42482950.0
2007-04-12,8419.8297,8518.5547,8377.519,8518.5547,34352850.0
2007-04-13,8518.5509,8603.1722,8391.6188,8490.3438,35876550.0
2007-04-16,8448.0374,8504.4517,8363.416,8363.416,20227200.0
2007-04-17,8405.7267,8448.0374,8292.8982,8363.416,22060000.0
2007-04-18,8321.1049,8335.2084,8194.1727,8222.3799,25200000.0
2007-04-19,8194.1753,8208.2789,8010.8289,8067.2432,32114150.0
2007-04-20,8095.4473,8151.8616,8053.1366,8081.3438,16748300.0
2007-04-23,8151.8612,8236.4826,8039.0327,8039.0327,18575450.0
2007-04-24,8095.4474,8137.7581,8010.826,8053.1367,25104600.0
2007-04-25,8123.6544,8151.8616,7926.2045,7954.4116,29520750.0
2007-04-26,8039.0327,8194.1719,8039.0327,8180.0684,27133550.0
2007-04-27,8194.1719,8278.7933,8081.3434,8180.0684,30426400.0
2007-04-30,8180.0711,8222.3818,8024.9319,8095.4497,18851000.0
2007-05-02,8039.0359,8180.0716,8039.0359,8109.5537,16500000.0
2007-05-03,8151.864,8194.1747,8081.3461,8095.4497,14666550.0
2007-05-04,8095.4467,8151.8609,8095.4467,8123.6538,12117750.0
2007-05-07,8180.0719,8278.7969,8151.8647,8278.7969,29269050.0
2007-05-08,8292.8978,8363.4156,8165.9657,8208.2764,30470000.0
2007-05-09,8180.0684,8264.6898,8095.447,8180.0684,19446550.0
2007-05-10,8250.5894,8264.693,8109.5537,8109.5537,21284800.0
2007-05-11,8109.5509,8137.758,8024.9295,8081.3438,18063550.0
2007-05-14,8109.5533,8151.864,8039.0354,8095.4497,15178550.0
2007-05-15,8095.4473,8109.5509,8024.9295,8081.3438,16629900.0
2007-05-16,8024.9291,8095.447,8024.9291,8039.0327,13728550.0
2007-05-17,8024.9264,8081.3407,7926.2015,7982.6157,32991650.0
2007-05-18,7897.9969,7912.1004,7728.7541,7813.3755,44367750.0
2007-05-21,7714.6506,7869.7899,7700.5471,7785.1685,27085250.0
2007-05-22,7841.583,7996.7223,7841.583,7968.5151,40901450.0
2007-05-23,7982.6198,8010.827,7883.8949,7926.2056,18800050.0
2007-05-25,7756.9613,7855.6863,7756.9613,7785.1685,30527900.0
2007-05-28,7756.9601,7771.0636,7700.5458,7728.7529,19714700.0
2007-05-29,7700.5468,7714.6504,7545.4076,7573.6147,34405050.0
2007-05-30,7573.6155,7573.6155,7404.3727,7503.0977,39442700.0
2007-05-31,7559.5113,7644.1327,7503.097,7545.4077,32327800.0
2007-06-01,7700.5459,7883.8922,7658.2352,7841.5815,48280700.0
2007-06-04,7982.6217,8151.8646,7940.311,8067.2432,54176150.0
2007-06-05,8109.551,8208.276,8024.9296,8053.1367,30539250.0
2007-06-07,7883.8964,8039.0357,7883.8964,8024.9321,24129700.0
2007-06-08,7926.2074,8123.6575,7912.1039,8067.2432,33649350.0
2007-06-11,8151.8608,8250.5858,8067.2394,8151.8608,33486900.0
2007-06-12,8067.2394,8222.3787,8067.2394,8151.8608,17372350.0
2007-06-13,8109.5509,8137.758,7996.7223,8081.3438,17896500.0
2007-06-14,8180.0703,8194.1738,8081.3453,8194.1738,31985700.0
2007-06-15,8151.864,8165.9676,8053.139,8095.4497,24082300.0
2007-06-18,8180.0698,8321.1055,8123.6556,8307.002,34236550.0
2007-06-19,8377.52,8377.52,8222.3808,8250.5879,19075450.0
2007-06-20,8278.7975,8292.901,8095.451,8137.7617,28625550.0
2007-06-21,8264.6912,8349.3127,8264.6912,8307.002,46066600.0
2007-06-22,8405.7278,8476.2457,8292.8993,8335.21,41545600.0
2007-06-25,8292.8955,8419.8276,8250.5848,8292.8955,19727450.0
2007-06-26,8335.2062,8363.4133,8222.3777,8292.8955,19325000.0
2007-06-27,8236.4845,8264.6917,8165.9667,8194.1738,17356150.0
2007-06-28,8201.2295,8257.6923,8116.5352,8158.8823,20486950.0
2007-06-29,8158.8797,8172.9954,7989.4912,7989.4912,27230000.0
2007-07-02,8158.8797,8172.9954,7989.4912,7989.4912,28822950.0
2007-07-03,8074.1885,8116.5356,8017.7256,8060.0728,25979550.0
2007-07-04,8088.3038,8243.5766,8074.188,8158.8823,21507800.0
2007-07-05,8285.9258,8370.6201,8215.3472,8342.3887,33418800.0
2007-07-06,8511.7737,8921.1293,8455.3109,8850.5508,82871050.0
2007-07-09,9005.8238,9161.0966,8935.2452,9076.4023,63496300.0
2007-07-10,9019.9374,9132.863,8878.7803,8878.7803,33803150.0
2007-07-11,8765.8566,9005.8237,8751.7409,8963.4766,26573900.0
2007-07-12,8963.4772,9203.4443,8949.3615,9118.75,28582500.0
2007-07-13,9386.9485,9697.4941,9302.2542,9697.4941,68696450.0
2007-07-16,9669.2659,9683.3816,9146.9844,9175.2158,48383750.0
2007-07-18,9288.1395,9344.6023,9034.0566,9034.0566,37695850.0
2007-07-19,8963.479,9161.099,8907.0162,8977.5947,29848650.0
2007-07-20,9048.1711,9330.4854,8977.5926,9330.4854,28872250.0
2007-07-23,9217.5591,9316.3691,9161.0963,9288.1377,20428050.0
2007-07-24,9302.2583,9358.7212,9118.7539,9231.6797,17940900.0
2007-07-25,9034.0577,9217.562,9034.0577,9146.9834,19926200.0
2007-07-26,9161.101,9203.4481,8836.4395,8836.4395,31223850.0
2007-07-27,8709.3928,8723.5085,8412.9629,8412.9629,57318200.0
2007-07-30,8412.9678,8610.5879,8370.6207,8610.5879,30529200.0
2007-07-31,8681.1645,8695.2803,8596.4703,8667.0488,23017750.0
2007-08-01,8469.4291,8540.0076,8130.6519,8201.2305,53035500.0
2007-08-02,8314.1577,8412.9677,8130.6534,8328.2734,29307050.0
2007-08-03,8469.4306,8568.2406,8314.1577,8328.2734,30259700.0
2007-08-06,8088.3014,8271.8056,8074.1857,8243.5742,26664700.0
2007-08-07,8398.847,8412.9627,8215.3428,8243.5742,15727400.0
2007-08-08,8328.2687,8497.6572,8285.9216,8497.6572,20627250.0
2007-08-09,8751.7446,8822.3232,8695.2818,8765.8604,42449700.0
2007-08-10,8554.1216,8582.353,8441.1959,8511.7744,30724000.0
2007-08-13,8554.1246,8709.3974,8483.546,8652.9346,17635500.0
2007-08-14,8638.8184,8765.8598,8568.2398,8638.8184,16922600.0
2007-08-16,8243.5761,8328.2704,8172.9976,8187.1133,50978800.0
2007-08-17,8285.9272,8328.2744,8017.7285,8074.1914,37513450.0
2007-08-20,8328.2734,8356.5049,8257.6948,8328.2734,24012750.0
2007-08-21,8328.2715,8455.3129,8271.8086,8356.5029,18044500.0
2007-08-22,8412.9668,8497.6611,8356.5039,8384.7354,20210450.0
2007-08-23,8610.5863,8652.9335,8427.082,8455.3135,19973500.0
2007-08-24,8398.851,8427.0824,8229.4624,8271.8096,18926300.0
2007-08-27,8342.3911,8469.4326,8116.5396,8144.771,21689350.0
2007-08-28,8102.419,8144.7661,8017.7247,8130.6504,26209000.0
2007-08-29,7876.5698,8017.727,7876.5698,7933.0327,32118350.0
2007-08-30,8116.5386,8158.8857,8031.8442,8074.1914,19231700.0
2007-08-31,8045.9586,8342.3887,8045.9586,8342.3887,30225900.0
2007-09-03,8342.3861,8342.3861,8116.5347,8130.6504,19882000.0
2007-09-04,8130.6543,8229.4643,8060.0757,8116.5386,14962300.0
2007-09-05,8187.1171,8257.6957,8031.8442,8031.8442,19629900.0
2007-09-06,7933.0342,8116.5386,7918.9185,8116.5386,17740550.0
2007-09-07,8116.5386,8116.5386,7989.4971,8116.5386,15746950.0
2007-09-10,7947.147,7961.2627,7848.337,7947.147,17560000.0
2007-09-11,7975.377,8088.3027,7918.9141,8003.6084,13712100.0
2007-09-12,8017.7225,8045.954,7890.6812,7904.7969,14680300.0
2007-09-13,7904.8013,8003.6113,7777.7598,7933.0327,24396000.0
2007-09-14,7904.7988,7918.9145,7791.8731,7848.3359,24298800.0
2007-09-17,7777.7563,7791.872,7678.9463,7693.062,21488750.0
2007-09-18,7693.0634,7735.4106,7594.2535,7650.7163,23761000.0
2007-09-19,7805.9902,7890.6845,7735.4117,7791.8745,28984400.0
2007-09-20,7721.2939,7791.8725,7622.484,7707.1782,29019850.0
2007-09-21,7622.4828,7664.83,7509.5572,7537.7886,39467450.0
2007-09-27,7763.6407,7876.5664,7664.8308,7876.5664,49918900.0
2007-09-28,8130.6543,8144.77,8045.96,8116.5386,42891650.0
2007-10-01,8130.6518,8144.7675,8003.6104,8088.3047,16355000.0
2007-10-02,8172.9995,8257.6938,8130.6524,8172.9995,30136750.0
2007-10-04,7947.1475,8045.9575,7904.8003,7975.3789,40348550.0
2007-10-05,7989.493,8003.6087,7735.4102,7805.9888,29788950.0
2007-10-08,7820.1059,7876.5688,7636.6016,7777.7588,28390800.0
2007-10-09,7636.6005,7693.0634,7523.6748,7580.1377,40724950.0
2007-10-10,7693.0645,7805.9902,7594.2545,7791.8745,32597150.0
2007-10-11,7805.9878,7890.6821,7664.8307,7834.2192,30210150.0
2007-10-12,7777.7574,8074.1873,7721.2945,7862.4517,56563250.0
2007-10-15,7876.5677,7933.0306,7594.2535,7650.7163,33940050.0
2007-10-16,7438.9823,7509.5609,7241.3623,7269.5938,66853950.0
2007-10-17,7283.7095,7368.4038,7170.7837,7269.5938,35884300.0
2007-10-18,7340.1738,7424.8681,7283.711,7368.4053,30044750.0
2007-10-19,7467.2096,7735.4081,7326.0525,7622.4824,48519450.0
2007-10-22,7354.2896,7523.6782,7326.0581,7368.4053,32305000.0
2007-10-23,7410.7524,7481.331,7368.4053,7368.4053,31971400.0
2007-10-24,7424.8671,7424.8671,7184.8999,7241.3628,40471500.0
2007-10-25,7213.1298,7311.9398,7057.857,7156.667,37307700.0
2007-10-26,7213.1301,7509.5601,7100.2043,7509.5601,51448600.0
2007-10-29,7622.4835,7763.6406,7551.9049,7693.062,40179750.0
2007-10-30,7693.0644,7763.643,7580.1387,7678.9487,19168350.0
2007-10-31,7721.2925,7777.7554,7664.8297,7763.6396,27734300.0
2007-11-01,7834.2221,7862.4536,7664.8335,7749.5278,26799350.0
2007-11-02,7622.4824,7735.4081,7594.251,7622.4824,23918650.0
2007-11-05,7551.9062,7580.1376,7424.8648,7453.0962,26480000.0
2007-11-06,7382.5169,7735.4097,7382.5169,7735.4097,30758950.0
2007-11-07,7749.527,8088.3042,7721.2956,8045.957,58695000.0
2007-11-08,7876.5682,7933.031,7566.0225,7566.0225,43765000.0
2007-11-09,7608.3667,7763.6395,7537.7882,7622.4824,31995250.0
2007-11-12,7481.3286,7537.7915,7396.6343,7509.5601,25916650.0
2007-11-13,7410.7501,7608.3701,7382.5186,7509.5601,25363050.0
2007-11-14,7693.0654,7735.4126,7594.2554,7721.2969,29997800.0
2007-11-15,7707.1799,8060.0727,7693.0642,8045.957,51098250.0
2007-11-16,7876.5674,8003.6088,7820.1045,7862.4517,24037250.0
2007-11-19,7876.5682,7918.9153,7636.6011,7636.6011,22000000.0
2007-11-20,7481.3306,7551.9092,7424.8677,7495.4463,21515000.0
2007-11-21,7495.4452,7495.4452,7255.478,7269.5938,33101550.0
2007-11-22,7199.013,7608.3687,7184.8973,7608.3687,38170600.0
2007-11-23,7551.906,7904.7988,7551.906,7862.4517,42924150.0
2007-11-26,7918.9155,7961.2627,7721.2955,7947.147,27535000.0
2007-11-27,7848.3358,7848.3358,7481.3272,7608.3687,33944200.0
2007-11-28,7664.833,7791.8744,7566.023,7678.9487,24418850.0
2007-11-29,7834.2199,8031.8398,7791.8727,8003.6084,44743400.0
2007-11-30,8003.6103,8088.3046,7933.0318,7975.3789,29659800.0
2007-12-03,7834.2184,8017.7226,7678.9456,7989.4912,23272050.0
2007-12-04,8060.0757,8201.2329,8017.7285,8116.5386,20623650.0
2007-12-05,8102.421,8384.7353,8060.0738,8215.3467,23025000.0
2007-12-06,8441.1983,8638.8184,8427.0826,8638.8184,56259050.0
2007-12-07,8652.934,8709.3969,8525.8926,8582.3555,30236750.0
2007-12-10,8652.9331,8667.0488,8554.1231,8667.0488,22600750.0
2007-12-11,8667.0472,8667.0472,8511.7744,8511.7744,22424900.0
2007-12-12,8342.3892,8469.4307,8271.8106,8441.1992,30155400.0
2007-12-13,8412.9677,8455.3149,8229.4634,8328.2734,34333850.0
2007-12-14,8229.4619,8300.0405,8102.4205,8201.2305,20064850.0
2007-12-17,8017.7225,8144.7639,7904.7969,7904.7969,26290000.0
2007-12-18,7763.6398,7961.2597,7749.5241,7904.7969,21710000.0
2007-12-20,7890.6826,8017.724,7820.1041,7890.6826,21968250.0
2007-12-21,7933.0283,7961.2597,7777.7555,7904.7969,18360750.0
2007-12-24,7933.0309,8187.1138,7933.0309,8158.8823,18874300.0
2007-12-26,8172.9975,8243.5761,8074.1875,8130.6504,10745000.0
2007-12-27,8209.3118,8266.5195,8152.104,8152.104,11911800.0
2007-12-28,8080.5919,8109.1958,7951.8745,7951.8745,14681800.0
2008-01-02,7994.7835,8009.0854,7751.6505,7780.2544,18047200.0
2008-01-03,7694.4405,7908.9695,7608.6289,7808.856,19346500.0
2008-01-04,7808.8552,7837.4591,7694.4398,7708.7417,17997350.0
2008-01-07,7408.4017,7494.2133,7394.0997,7422.7036,39787200.0
2008-01-08,7422.7041,7494.2138,7379.7983,7379.7983,24783700.0
2008-01-09,7394.1006,7565.7239,7336.8929,7508.5161,23865450.0
2008-01-10,7465.6099,7565.7235,7379.7983,7379.7983,31551350.0
2008-01-11,7408.4022,7522.8177,7308.2887,7379.7983,23425150.0
2008-01-14,7351.1948,7522.818,7351.1948,7508.5161,22167000.0
2008-01-15,7622.9348,7737.3503,7451.3115,7608.6328,40283950.0
2008-01-16,7437.007,7723.0457,7408.4031,7580.0264,49448100.0
2008-01-17,7680.1362,8009.0806,7665.8343,8009.0806,42213900.0
2008-01-18,7894.6682,8180.7069,7837.4605,8109.1973,35586400.0
2008-01-21,8023.3876,8195.0109,7980.4818,8066.2935,25085050.0
2008-01-22,7866.0645,7980.48,7665.8374,7665.8374,43213650.0
2008-01-23,7894.6691,7951.8769,7694.442,7723.0459,36303850.0
2008-01-24,7880.3648,8037.6861,7851.761,7951.8745,27902000.0
2008-01-25,7951.8761,8152.1032,7923.2722,8023.3857,26107500.0
2008-01-28,7908.9688,8080.5919,7665.8359,7708.7417,27213200.0
2008-01-29,7808.8572,8009.0843,7780.2534,7980.4805,21471250.0
2008-01-30,8109.198,8309.4251,8009.0845,8166.4058,35769400.0
2008-01-31,8280.8233,8538.2582,8166.4077,8509.6543,46767100.0
2008-02-01,8595.4656,8652.6734,8266.521,8380.9365,28352100.0
2008-02-04,8609.7696,8752.7891,8581.1657,8752.7891,46921550.0
2008-02-05,8652.6734,8838.5986,8595.4656,8767.0889,23207550.0
2008-02-11,8452.4436,8595.463,8352.3301,8352.3301,28841250.0
2008-02-12,8366.637,8409.5428,8195.0137,8195.0137,18513050.0
2008-02-13,8409.5366,8409.5366,8152.1018,8209.3096,21558700.0
2008-02-14,8338.0304,8481.0498,8295.1246,8481.0498,28837050.0
2008-02-15,8380.9365,8438.1443,8223.6152,8380.9365,20001000.0
2008-02-18,8323.7284,8395.2381,8166.4071,8252.2188,18412450.0
2008-02-19,8295.1266,8395.2402,8252.2208,8395.2402,16641000.0
2008-02-20,8395.237,8438.1428,8237.9157,8266.5195,18171450.0
2008-02-21,8280.8225,8523.9554,8280.8225,8495.3516,21269600.0
2008-02-22,8323.7266,8395.2362,8295.1227,8323.7266,15574600.0
2008-02-25,8266.52,8323.7277,8223.6142,8309.4258,15236300.0
2008-02-26,8309.4251,8380.9348,8137.8019,8166.4058,12393550.0
2008-02-27,8195.0098,8380.935,8137.8021,8266.5195,13882800.0
2008-02-28,8352.3269,8366.6288,8195.0056,8295.1191,14536100.0
2008-02-29,8252.2134,8252.2134,8009.0806,8009.0806,22988800.0
2008-03-03,7794.5569,7894.6705,7751.6511,7851.7646,22136800.0
2008-03-04,7866.0631,8023.3844,7866.0631,7894.667,16975550.0
2008-03-05,7880.3677,8094.8967,7880.3677,8037.689,21097000.0
2008-03-06,8051.9909,8223.6142,7980.4812,8037.689,18850600.0
2008-03-07,7866.064,7937.5736,7823.1582,7866.064,20272750.0
2008-03-10,7837.4618,8023.387,7794.556,7923.2734,17898000.0
2008-03-11,7837.4597,7994.781,7823.1578,7937.5732,31354900.0
2008-03-12,8094.8921,8152.0999,7980.4767,8009.0806,24374050.0
2008-03-13,7880.3659,7994.7814,7823.1582,7866.064,30835150.0
2008-03-14,7937.5747,7966.1785,7765.9514,7823.1592,22180950.0
2008-03-17,7908.9698,7994.7814,7794.5543,7866.064,40741250.0
2008-03-18,7894.6685,8180.7073,7894.6685,8123.4995,42480400.0
2008-03-19,8323.7298,8481.0511,8295.1259,8452.4473,35035300.0
2008-03-20,8366.633,8666.9736,8280.8213,8666.9736,32334250.0
2008-03-21,8709.8793,8724.1812,8609.7657,8681.2754,21574750.0
2008-03-24,8638.37,8666.9739,8509.6526,8566.8604,10591650.0
2008-03-25,8738.4806,8795.6884,8652.669,8724.1787,21415850.0
2008-03-26,8852.9027,8852.9027,8709.8832,8752.7891,15949800.0
2008-03-27,8666.9777,8695.5816,8523.9583,8652.6758,20926650.0
2008-03-28,8652.6734,8838.5986,8624.0695,8767.0889,25343000.0
2008-03-31,8824.2939,8995.9171,8752.7842,8910.1055,29338650.0
2008-04-01,8981.6187,9167.5439,8838.5993,9096.0342,33978600.0
2008-04-02,9324.8617,9467.881,9310.5598,9453.5791,38936050.0
2008-04-03,9453.5799,9539.3915,9382.0702,9467.8818,21675750.0
2008-04-04,9467.884,9467.884,9253.3549,9296.2607,17505650.0
2008-04-07,9239.053,9453.5821,9239.053,9296.2607,18348000.0
2008-04-08,9196.144,9267.6537,9096.0305,9239.0498,17081100.0
2008-04-10,9196.1432,9467.88,9138.9355,9382.0684,33709550.0
2008-04-11,9439.2777,9725.3164,9439.2777,9725.3164,39799750.0
2008-04-14,9582.2984,9696.7139,9467.8829,9696.7139,21013800.0
2008-04-15,9696.7146,9711.0165,9410.6758,9410.6758,19635700.0
2008-04-16,9439.276,9510.7857,9253.3509,9310.5586,25146850.0
2008-04-17,9553.6926,9596.5985,9439.2772,9453.5791,20221950.0
2008-04-18,9467.8794,9682.4083,9467.8794,9510.7852,25224400.0
2008-04-21,9653.8117,9668.1137,9525.0942,9639.5098,21483300.0
2008-04-22,9582.297,9711.0144,9553.6931,9653.8066,18359750.0
2008-04-23,9553.6931,9653.8066,9339.1641,9339.1641,25400650.0
2008-04-24,9424.9752,9596.5985,9367.7675,9453.5791,25118900.0
2008-04-25,9582.2991,9868.3379,9525.0914,9868.3379,50257700.0
2008-04-28,9954.1478,10283.0923,9896.94,10240.1865,38231450.0
2008-04-29,10254.4925,10268.7944,10097.1711,10154.3789,21729700.0
2008-04-30,10140.0739,10268.7913,10082.8661,10168.6777,31382450.0
2008-05-01,10168.6777,10168.6777,10168.6777,10168.6777,0.0
2008-05-02,10483.3197,10497.6216,10354.6023,10454.7158,50417500.0
2008-05-05,10454.7158,10454.7158,10454.7158,10454.7158,0.0
2008-05-06,10511.924,10654.9434,10469.0182,10654.9434,38358100.0
2008-05-07,10554.8286,10654.9421,10469.017,10597.7344,22328750.0
2008-05-08,10368.9028,10440.4125,10283.0912,10411.8086,34440750.0
2008-05-09,10469.0178,10483.3197,10111.4694,10140.0732,29085550.0
2008-05-12,10140.0732,10140.0732,10140.0732,10140.0732,0.0
2008-05-13,10268.7909,10511.9238,10154.3754,10511.9238,30044650.0
2008-05-14,10469.0146,10554.8262,10426.1088,10554.8262,20052950.0
2008-05-15,10583.4332,10926.6797,10583.4332,10926.6797,27487700.0
2008-05-16,10869.4736,10926.6814,10712.1523,10869.4736,30207500.0
2008-05-19,10869.4705,10912.3763,10411.8086,10411.8086,31627250.0
2008-05-20,10411.8113,10426.1132,10054.2628,10197.2822,45623100.0
2008-05-21,10039.9619,10383.2085,10025.66,10268.793,23699200.0
2008-05-22,10182.9803,10297.3958,10068.5648,10197.2822,18129850.0
2008-05-23,10154.3765,10340.3017,10111.4707,10111.4707,14702850.0
2008-05-26,9997.0524,10011.3543,9610.9001,9711.0137,42225400.0
2008-05-27,9868.3386,10082.8677,9854.0367,10039.9619,18241350.0
2008-05-28,10268.7918,10268.7918,9868.3375,9896.9414,20754200.0
2008-05-29,10068.5646,10440.415,9968.4511,10440.415,24855000.0
2008-05-30,10426.1111,10597.7344,10368.9034,10597.7344,24669600.0
2008-06-02,10511.9195,10597.7311,10368.9002,10383.2021,19869800.0
2008-06-03,10325.9973,10325.9973,10054.2606,10068.5625,20968200.0
2008-06-04,10054.2628,10297.3958,10054.2628,10197.2822,14337000.0
2008-06-05,10268.7907,10268.7907,10111.4694,10140.0732,18126850.0
2008-06-06,10140.0732,10140.0732,10140.0732,10140.0732,0.0
2008-06-09,9782.5231,9896.9386,9753.9192,9811.127,30999100.0
2008-06-10,9825.4275,9882.6352,9510.785,9525.0869,28005300.0
2008-06-11,9567.994,9839.7307,9539.3901,9739.6172,23986150.0
2008-06-12,9567.9952,9696.7126,9482.1836,9482.1836,45085450.0
2008-06-13,9610.9059,9896.9447,9525.0942,9639.5098,26490150.0
2008-06-16,9796.8251,9882.6367,9725.3154,9882.6367,16767250.0
2008-06-17,9882.6392,9939.847,9739.6198,9839.7334,18272550.0
2008-06-18,9739.618,10068.5625,9739.618,10068.5625,15103800.0
2008-06-19,9954.1473,9968.4492,9653.8066,9653.8066,25826000.0
2008-06-20,9839.7341,9839.7341,9510.7895,9553.6953,21409450.0
2008-06-23,9324.8641,9482.1855,9324.8641,9410.6758,20438500.0
2008-06-24,9439.2775,9496.4853,9353.4659,9424.9756,15685550.0
2008-06-25,9410.6763,9453.5821,9210.4492,9367.7705,22329450.0
2008-06-26,9439.2755,9582.2948,9382.0678,9510.7852,19907250.0
2008-06-27,9246.0016,9303.2523,9117.1873,9203.0635,25576850.0
2008-06-30,9131.4976,9160.123,8945.4326,8945.4326,28598600.0
2008-07-01,8959.7519,9160.1297,8716.4359,9102.8789,33602250.0
2008-07-02,9017.001,9117.1899,8916.8121,9017.001,24414150.0
2008-07-03,8830.9324,9231.6879,8830.9324,9059.9355,29315200.0
2008-07-04,9017.0008,9059.9389,8816.623,8816.623,22481600.0
2008-07-07,8730.7453,8988.3739,8601.931,8787.9961,26142050.0
2008-07-08,8745.0593,8845.2481,8487.4307,8487.4307,27884250.0
2008-07-09,8659.1796,8673.4923,8229.7988,8229.7988,29763900.0
2008-07-10,7986.482,8158.2343,7957.8567,8015.1074,53374150.0
2008-07-11,8029.4234,8201.1758,7972.1726,8129.6123,32717400.0
2008-07-14,8072.3603,8329.9888,8029.4222,8115.2983,20759300.0
2008-07-15,8029.423,8058.0484,7914.9214,7914.9214,27201450.0
2008-07-16,7972.1716,8115.2985,7929.2335,8029.4224,25858800.0
2008-07-17,8172.5502,8430.1787,8158.2375,8358.6152,32596450.0
2008-07-18,8458.8025,8501.7406,8258.4248,8329.9883,15433200.0
2008-07-21,8329.9908,8673.4955,8329.9908,8573.3066,25987750.0
2008-07-22,8358.616,8444.4922,8301.3652,8444.4922,19137950.0
2008-07-23,8444.4957,8501.7465,8315.6814,8401.5576,28378200.0
2008-07-24,8401.5533,8787.9961,8344.3025,8787.9961,34992900.0
2008-07-25,8573.3073,8630.5581,8215.4898,8244.1152,50458700.0
2008-07-28,8172.547,8201.1724,7929.2313,8015.1074,43858300.0
2008-07-29,7843.3592,7886.2973,7757.483,7786.1084,29814350.0
2008-07-30,7900.6082,7972.1717,7800.4193,7843.3574,26378350.0
2008-07-31,7829.0464,8115.3004,7829.0464,8072.3623,26311200.0
2008-08-01,8000.7962,8115.2978,7972.1708,8086.6724,13485850.0
2008-08-04,8143.9231,8158.2358,7972.1708,8086.6724,17095750.0
2008-08-05,8086.6729,8215.4872,8058.0476,8115.2983,24563900.0
2008-08-06,8315.6814,8401.5576,8244.1179,8401.5576,21367600.0
2008-08-07,8458.8043,8487.4297,8201.1758,8272.7393,23440450.0
2008-08-08,8158.2406,8215.4914,8043.739,8201.1787,24528350.0
2008-08-11,8387.2424,8473.1186,8344.3043,8372.9297,21889000.0
2008-08-12,8516.0576,8616.2465,8430.1814,8516.0576,31373400.0
2008-08-13,8458.8084,8530.372,8344.3068,8401.5576,19446100.0
2008-08-14,8301.3623,8387.2385,8272.7369,8301.3623,19704750.0
2008-08-15,8301.3623,8301.3623,8301.3623,8301.3623,0.0
2008-08-18,8315.6801,8387.2436,8201.1785,8287.0547,16509050.0
2008-08-19,8186.8639,8229.802,8058.0496,8072.3623,17867300.0
2008-08-20,7957.8567,8100.9836,7943.544,8015.1074,22011050.0
2008-08-21,8015.1103,8029.423,7900.6087,7914.9214,17574550.0
2008-08-22,7886.2957,7986.4846,7800.4195,7972.1719,15836500.0
2008-08-25,7986.482,8043.7328,7929.2313,8015.1074,14548350.0
2008-08-26,7943.5474,7943.5474,7714.5442,7728.8569,32670800.0
2008-08-27,7657.294,7685.9194,7399.6654,7585.7305,34357750.0
2008-08-28,7528.48,7614.3562,7442.6038,7456.9165,27281050.0
2008-08-29,7442.6019,7528.478,7328.1003,7385.3511,36455950.0
2008-09-01,7199.2899,7285.1661,7170.6645,7242.228,35791900.0
2008-09-02,7156.3473,7399.6631,7156.3473,7399.6631,34402450.0
2008-09-03,7328.0987,7600.0398,7328.0987,7542.7891,25714350.0
2008-09-04,7371.0417,7471.2306,7313.7909,7356.729,27785550.0
2008-09-05,7199.2896,7671.6088,7184.9769,7471.231,43649450.0
2008-09-08,7628.6699,7886.2985,7600.0445,7771.7969,38900200.0
2008-09-09,7728.8558,7728.8558,7585.7288,7671.605,22013050.0
2008-09-10,7471.228,7843.3581,7442.6026,7757.4819,36506850.0
2008-09-11,7800.422,7972.1744,7671.6077,7685.9204,47173400.0
2008-09-12,7786.1096,7871.9858,7714.5461,7771.7969,30258700.0
2008-09-15,7771.7969,7771.7969,7771.7969,7771.7969,0.0
2008-09-16,7299.4751,7528.4782,7285.1624,7514.1655,41059050.0
2008-09-17,7657.2925,7685.9179,7471.2274,7514.1655,29978550.0
2008-09-18,7285.1615,7456.9139,7213.5981,7399.6631,27650.0
2008-09-19,7657.2933,7986.4854,7614.3552,7986.4854,53205000.0
2008-09-22,7972.1727,8172.5504,7900.6092,7986.4854,27502650.0
2008-09-23,7857.6678,8086.6709,7843.3551,8015.1074,23125950.0
2008-09-24,7972.1734,8143.9258,7972.1734,8072.3623,20463600.0
2008-09-25,7972.1714,8143.9237,7886.2952,8115.2983,17974550.0
2008-09-26,8015.1103,8043.7357,7886.296,7914.9214,26314850.0
2008-09-29,7986.4862,8058.0497,7728.8576,7786.1084,27731950.0
2008-09-30,7413.9759,7786.106,7356.7251,7714.5425,37898000.0
2008-10-01,7757.4842,7771.7969,7499.8556,7628.6699,25788700.0
2008-10-02,7600.0396,7714.5412,7413.9746,7557.1016,27381150.0
2008-10-03,7557.1016,7557.1016,7557.1016,7557.1016,0.0
2008-10-06,7442.6012,7499.8519,7299.4742,7399.6631,31577200.0
2008-10-07,7242.2255,7700.2319,7227.9128,7600.043,29567750.0
2008-10-08,7428.2873,7657.2904,7399.6619,7557.1016,32639550.0
2008-10-09,7557.1044,7843.3583,7557.1044,7743.1694,35793950.0
2008-10-10,7557.1054,7614.3562,7242.226,7456.9165,44160200.0
2008-10-13,7485.5408,7714.544,7456.9154,7499.8535,30486050.0
2008-10-14,7743.1663,8015.1074,7743.1663,8015.1074,33052100.0
2008-10-15,7843.3581,7900.6089,7642.9803,7829.0454,31447000.0
2008-10-16,7442.6033,7542.7922,7156.3493,7213.6001,46931350.0
2008-10-17,7442.6044,7442.6044,7034.6924,7170.6631,44541850.0
2008-10-20,7328.1022,7514.1673,7149.1935,7456.9165,27564050.0
2008-10-21,7528.4779,7585.7287,7285.1621,7428.2891,24505550.0
2008-10-22,7399.6659,7485.5421,7013.223,7270.8516,33829400.0
2008-10-23,6827.1552,6934.5004,6583.8394,6762.748,50023000.0
2008-10-24,6769.9061,6798.5315,5753.7046,5753.7046,59626350.0
2008-10-27,5832.4232,6268.9604,5768.0161,6268.9604,48100000.0
2008-10-28,6154.4588,6819.9991,6104.3644,6633.9341,49703350.0
2008-10-29,6998.909,7199.2868,6333.3686,6798.5312,64873450.0
2008-10-30,7256.5394,7814.7347,7027.5362,7685.9204,54704850.0
2008-10-31,7685.916,7871.981,7371.0367,7542.7891,61573650.0
2008-11-03,7600.0415,7800.4193,7356.7257,7385.3511,44058100.0
2008-11-04,7385.3544,7471.2306,7242.2274,7356.729,39167400.0
2008-11-05,7442.6045,7528.4807,7227.914,7371.041,40923450.0
2008-11-06,7156.3454,7285.1596,6941.655,7034.6875,38703200.0
2008-11-07,6726.9655,7091.9391,6626.7766,7006.063,49487350.0
2008-11-10,7063.3168,7149.193,6755.5937,6791.3755,45419600.0
2008-11-11,6626.7783,6855.7815,6533.7458,6734.1235,34532350.0
2008-11-12,6684.03,6998.9094,6576.6848,6877.2515,30403150.0
2008-11-13,6655.4049,6784.2192,6526.5907,6784.2192,36855000.0
2008-11-14,6934.5018,6955.9708,6598.1534,6626.7788,29588450.0
2008-11-17,6648.2464,6648.2464,6326.2108,6447.8687,32580350.0
2008-11-18,6276.1189,6361.9951,6168.7736,6226.0244,33973750.0
2008-11-19,6226.0224,6347.6803,6068.5827,6268.9604,30987100.0
2008-11-20,6039.9588,6175.9294,6004.177,6054.2715,28092450.0
2008-11-21,5997.0209,6383.4638,5882.5193,6354.8384,31568650.0
2008-11-24,6326.2118,6497.9642,6240.3356,6297.5864,29133500.0
2008-11-25,6555.2151,6676.8731,6304.743,6462.1826,33102950.0
2008-11-26,6598.1553,6798.5331,6526.5918,6769.9077,31013050.0
2008-11-27,6927.3431,6970.2811,6834.3106,6941.6558,26557750.0
2008-11-28,6955.9727,6991.7544,6862.9401,6955.9727,22543000.0
2008-12-01,6948.8153,6955.9716,6791.3756,6820.001,15856850.0
2008-12-02,6469.3399,6612.4669,6447.8709,6497.9653,24170850.0
2008-12-03,6497.964,6583.8401,6233.1791,6311.8989,36099650.0
2008-12-04,6383.465,6390.6214,6111.5237,6161.6182,34990250.0
2008-12-05,6090.0524,6254.6485,6090.0524,6111.5215,29513550.0
2008-12-08,6218.869,6655.4065,6154.4619,6641.0938,40352200.0
2008-12-09,6669.7185,6719.813,6483.6534,6719.813,29640550.0
2008-12-10,6712.6544,6884.4067,6669.7163,6884.4067,37277700.0
2008-12-11,6898.7187,6920.1877,6590.9957,6905.875,51925650.0
2008-12-12,6669.7169,6877.251,6555.2153,6590.9971,27922300.0
2008-12-15,6726.9679,6884.4075,6698.3425,6755.5933,27906950.0
2008-12-16,6655.4039,6684.0293,6447.8698,6540.9023,35224700.0
2008-12-17,6662.5608,6684.0298,6455.0266,6576.6846,33886150.0
2008-12-18,6583.8402,6705.4981,6490.8077,6698.3418,33352450.0
2008-12-19,6798.5289,7120.5645,6784.2163,7006.063,49042900.0
2008-12-22,7149.1941,7184.9759,6884.4092,6955.9727,22930050.0
2008-12-23,6884.4067,6934.5011,6533.7456,6533.7456,28528400.0
2008-12-24,6648.2504,6669.7195,6526.5925,6583.8433,18946050.0
2008-12-25,6583.8433,6583.8433,6583.8433,6583.8433,0.0
2008-12-26,6590.9975,6626.7792,6497.9649,6526.5903,11553200.0
2008-12-29,6598.9476,6613.419,6345.6985,6570.0049,15942850.0
2008-12-30,6627.889,6707.4815,6526.5894,6526.5894,17938200.0
2008-12-31,6526.5894,6526.5894,6526.5894,6526.5894,0.0
2009-01-02,6562.7687,6801.5464,6403.5836,6801.5464,22978400.0
2009-01-05,6946.261,7047.5606,6852.197,6888.3755,30460450.0
2009-01-06,6975.2026,7264.6301,6939.0242,7206.7446,45072450.0
2009-01-07,7308.0448,7583.001,7221.2166,7583.001,41286200.0
2009-01-08,7496.1732,7510.6446,7279.1026,7351.4595,30614600.0
2009-01-09,7279.1024,7322.5166,7033.089,7134.3887,30113100.0
2009-01-12,7090.972,7206.743,7047.5579,7083.7363,17708600.0
2009-01-13,7098.2064,7134.3848,6946.257,7112.6777,17577200.0
2009-01-14,7083.7363,7119.9148,6910.0799,7083.7363,19297550.0
2009-01-15,6866.6678,6866.6678,6620.6544,6649.5972,31394300.0
2009-01-16,6714.7175,6787.0744,6591.7109,6772.603,22261700.0
2009-01-19,6888.3737,6953.4949,6816.0169,6873.9023,19136900.0
2009-01-20,6664.0704,6743.663,6613.4206,6714.7202,18496050.0
2009-01-21,6512.1187,6570.0042,6468.7046,6490.4116,22203800.0
2009-01-22,6714.7164,6714.7164,6504.8815,6671.3022,26209300.0
2009-01-23,6475.9402,6533.8257,6345.6978,6396.3477,31581450.0
2009-01-28,6801.548,7119.9184,6714.7198,7069.2686,45906950.0
2009-01-29,7069.2653,7228.4504,6960.73,7213.979,32818700.0
2009-01-30,7011.3832,7127.1542,7004.1475,7076.5044,19334900.0
2009-02-02,7062.0337,7177.8048,6830.4917,6852.1987,23574500.0
2009-02-03,7069.2661,7221.2155,6852.1955,7090.9731,27380500.0
2009-02-04,7308.0454,7525.1161,7228.4529,7496.1733,30703400.0
2009-02-05,7525.117,7756.6591,7423.8173,7539.5884,34791950.0
2009-02-06,7756.6546,7886.897,7655.355,7886.897,34801100.0
2009-02-09,7886.8963,7930.3104,7539.5834,7626.4116,32619950.0
2009-02-10,7698.7707,7727.7135,7438.286,7525.1143,24848400.0
2009-02-11,7322.5177,7510.6457,7308.0464,7423.8174,16267500.0
2009-02-12,7336.9864,7525.1143,7250.1582,7525.1143,28021450.0
2009-02-13,7394.8759,7510.6469,7293.5762,7438.29,24071800.0
2009-02-16,7351.4592,7525.1158,7264.631,7293.5737,16386900.0
2009-02-17,7221.2167,7235.688,7047.5601,7098.21,23694950.0
2009-02-18,7062.0331,7076.5045,6910.0836,6917.3193,29060500.0
2009-02-19,6895.6111,7062.0319,6823.2542,6953.4966,26458500.0
2009-02-20,6873.906,6946.2629,6765.3706,6765.3706,25958000.0
2009-02-23,6729.1869,7040.3213,6671.3014,7018.6143,21327950.0
2009-02-24,6801.5491,6837.7275,6714.7208,6765.3706,22671950.0
2009-02-25,6967.9692,6989.6762,6852.1981,6917.3193,20927400.0
2009-02-26,6931.7865,7134.3857,6729.1873,6902.8438,21950050.0
2009-02-27,6873.901,7134.3857,6808.7798,6902.8438,29510500.0
2009-03-02,6881.1395,6881.1395,6627.8904,6685.7759,24741650.0
2009-03-03,6577.2398,6931.7885,6577.2398,6881.1387,24954950.0
2009-03-04,6917.3192,7098.2115,6787.0768,7076.5044,26067250.0
2009-03-05,7221.2156,7322.5152,7083.7375,7279.1011,32982600.0
2009-03-06,7177.803,7308.0454,7148.8602,7235.6885,19412000.0
2009-03-09,7380.4029,7467.2311,7199.5106,7452.7598,18225250.0
2009-03-10,7308.0451,7496.173,7264.631,7293.5737,20458750.0
2009-03-11,7510.6429,7597.4712,7423.8147,7597.4712,26584150.0
2009-03-12,7525.1152,7756.6572,7525.1152,7756.6572,50741850.0
2009-03-13,7814.5402,7959.2539,7640.8838,7640.8838,24128850.0
2009-03-16,7611.9454,7756.6592,7481.703,7568.5312,14711600.0
2009-03-17,7640.8842,7771.1265,7481.6991,7727.7124,20205900.0
2009-03-18,7785.6002,7829.0143,7626.4151,7814.543,16913000.0
2009-03-19,7915.8399,7944.7827,7771.1262,7829.0117,19517500.0
2009-03-20,7742.1857,7944.785,7742.1857,7843.4854,17561600.0
2009-03-23,7843.4853,7973.7277,7843.4853,7959.2563,2420900.0
2009-03-24,8103.967,8103.967,7930.3105,8089.4956,24804800.0
2009-03-25,7959.2533,8089.4957,7959.2533,8046.0815,12749800.0
2009-03-26,7973.7265,8263.154,7930.3124,8248.6826,20870050.0
2009-03-27,8407.87,8523.6411,8306.5704,8451.2842,28539350.0
2009-03-30,8407.8668,8538.1091,8176.3248,8205.2676,18359700.0
2009-03-31,8161.8547,8451.2822,8147.3834,8219.7402,20010000.0
2009-04-01,8248.6826,8393.3963,8089.4975,8248.6826,24952250.0
2009-04-02,8451.2843,8552.584,8321.0419,8552.584,28688300.0
2009-04-03,8668.3536,8682.825,8451.283,8581.5254,24722050.0
2009-04-06,8581.5267,8870.9542,8581.5267,8595.998,33315050.0
2009-04-07,8552.5838,8610.4693,8436.8128,8451.2842,27388200.0
2009-04-08,8306.5675,8364.453,8031.6115,8060.5542,31449400.0
2009-04-09,8118.4413,8451.283,8103.97,8393.3975,30887600.0
2009-04-10,8639.4091,8726.2373,8509.1667,8726.2373,32713800.0
2009-04-13,8595.9996,8682.8279,8422.3431,8436.8145,20707150.0
2009-04-14,8465.7538,8509.1679,8263.1545,8321.04,25554750.0
2009-04-15,8190.7997,8465.7559,8176.3283,8465.7559,25775000.0
2009-04-16,8624.9418,8668.3559,8393.3997,8407.8711,29263500.0
2009-04-17,8595.9989,8740.7127,8523.6421,8639.4131,40656900.0
2009-04-20,8682.8227,8697.2941,8422.338,8567.0518,17605900.0
2009-04-21,8407.8702,8624.9409,8364.4561,8552.584,18312700.0
2009-04-22,8653.8842,8899.8976,8595.9987,8813.0693,41166700.0
2009-04-23,8885.4229,9145.9076,8842.0088,9073.5508,32402300.0
2009-04-24,8914.3647,9073.5498,8538.109,8567.0518,45867800.0
2009-04-27,8567.0555,8595.9983,8378.9276,8465.7559,27196350.0
2009-04-28,8538.1106,8538.1106,8321.04,8321.04,24129050.0
2009-04-29,8349.9842,8480.2266,8321.0414,8480.2266,16499450.0
2009-04-30,8610.4659,8711.7655,8451.2808,8567.0518,30656900.0
2009-05-04,8610.4667,8639.4095,8364.4534,8422.3389,39634800.0
2009-05-06,8321.0384,8407.8666,8147.382,8176.3247,58004900.0
2009-05-07,8277.6226,8292.094,8089.4949,8190.7944,34475350.0
2009-05-08,8190.8007,8306.5717,8147.3866,8234.2148,22852100.0
2009-05-11,8190.7964,8219.7392,8075.0255,8147.3823,32233300.0
2009-05-12,8147.3837,8234.2119,8103.9695,8118.4409,23892300.0
2009-05-13,8147.3809,8190.795,8060.5527,8103.9668,29321300.0
2009-05-14,8046.0842,8060.5556,7973.7274,7988.1987,30779700.0
2009-05-15,8075.0269,8132.9124,8002.67,8031.6128,23443100.0
2009-05-18,8031.6102,8103.967,7973.7247,8046.0815,22413200.0
2009-05-19,8205.2685,8292.0967,8132.9116,8248.6826,27926800.0
2009-05-20,8292.1005,8349.986,8248.6864,8335.5146,21177800.0
2009-05-21,8248.6819,8292.096,8103.9682,8147.3823,20055900.0
2009-05-22,8060.556,8103.9701,7959.2563,7959.2563,25598900.0
2009-05-25,7901.3683,8017.1393,7525.1127,7886.897,28436550.0
2009-05-26,7886.8958,7915.8385,7742.1821,7785.5962,28037250.0
2009-05-27,7886.8993,7973.7275,7727.7142,7742.1855,31046950.0
2009-05-28,7814.5396,8089.4956,7756.6541,8089.4956,33025950.0
2009-05-29,8060.5569,8118.4425,7959.2573,8075.0283,25342100.0
2009-06-01,7988.2001,8075.0283,7872.429,8075.0283,20849600.0
2009-06-02,8190.7952,8234.2093,8031.6102,8046.0815,27876300.0
2009-06-03,8075.027,8176.3266,7973.7274,7988.1987,19282250.0
2009-06-04,8060.5555,8248.6834,7915.8418,8031.6128,29484950.0
2009-06-05,8161.8579,8248.6862,8031.6155,8234.2148,31006050.0
2009-06-08,8292.0973,8378.9255,8263.1545,8321.04,26815150.0
2009-06-09,8422.338,8436.8094,8176.3247,8176.3247,25031300.0
2009-06-10,8205.2745,8523.6449,8161.8603,8494.7021,38127050.0
2009-06-11,8494.6986,8653.8838,8422.3417,8465.7559,45518350.0
2009-06-12,8523.6411,8552.5838,8436.8128,8451.2842,17554250.0
2009-06-15,8451.2856,8480.2284,8263.1577,8378.9287,20025650.0
2009-06-16,8248.6816,8306.567,8176.3247,8176.3247,19584700.0
2009-06-17,8205.269,8378.9255,8147.3836,8321.04,17547950.0
2009-06-18,8321.0384,8378.9239,8147.382,8176.3247,21151050.0
2009-06-19,8234.2157,8263.1584,8118.4446,8132.916,19741650.0
2009-06-22,8132.9122,8422.3397,8103.9694,8321.04,24495850.0
2009-06-23,8263.1545,8393.3969,8205.269,8321.04,28982750.0
2009-06-24,8349.9833,8436.8116,8306.5692,8393.3975,22931200.0
2009-06-25,8407.8684,8639.4103,8364.4542,8509.168,31776550.0
2009-06-26,8624.9375,8697.2944,8538.1093,8624.9375,27645950.0
2009-06-29,8675.6349,8805.9867,8617.7008,8661.1514,13490700.0
2009-06-30,8690.1153,8820.467,8574.2471,8574.2471,20185300.0
2009-07-01,8603.2118,8777.014,8545.2777,8733.5635,14641400.0
2009-07-02,8834.9512,8834.9512,8690.116,8719.083,12677100.0
2009-07-03,8617.6994,8719.0841,8603.2159,8704.6006,11348350.0
2009-07-06,8834.952,9283.9413,8820.4684,9182.5566,46675200.0
2009-07-07,9399.8094,9501.1941,9312.9083,9414.293,30934250.0
2009-07-08,9370.8427,9486.7109,9240.491,9486.7109,26589600.0
2009-07-09,9486.7106,9588.0953,9414.293,9414.293,28213000.0
2009-07-10,9428.7771,9501.1948,9254.9748,9341.876,14290050.0
2009-07-13,9341.8763,9341.8763,8979.7881,8979.7881,20495950.0
2009-07-14,9153.5896,9298.4249,9037.7214,9182.5566,21014800.0
2009-07-15,9472.226,9703.9624,9428.7754,9646.0283,38068700.0
2009-07-16,9819.8345,9834.318,9674.9992,9761.9004,22349050.0
2009-07-17,9761.897,9892.2487,9617.0617,9703.9629,17033150.0
2009-07-20,9848.7985,10095.0185,9761.8974,9993.6338,24285750.0
2009-07-21,10066.0531,10066.0531,9935.7014,10022.6025,19997150.0
2009-07-22,9993.634,10008.1176,9819.8317,9964.667,16247900.0
2009-07-23,9950.1848,10008.1189,9776.3824,9819.833,23171400.0
2009-07-24,9819.8314,9979.1502,9776.3808,9892.249,29495650.0
2009-07-27,9921.2141,10138.4669,9892.247,10123.9834,31756300.0
2009-07-28,10066.0531,10167.4378,9979.1519,10138.4707,19430800.0
2009-07-29,10138.4672,10210.8848,10066.0496,10095.0166,16666750.0
2009-07-30,10123.9873,10341.2402,10051.5696,10341.2402,18120700.0
2009-07-31,10471.5887,10558.4899,10370.2041,10486.0723,30379200.0
2009-08-03,10601.9416,10601.9416,10326.7546,10355.7217,24572000.0
2009-08-04,10428.14,10659.8764,10370.2059,10500.5576,26531750.0
2009-08-05,10515.0392,10645.3909,10413.6545,10616.4238,21336400.0
2009-08-06,10471.5899,10572.9746,10341.2382,10355.7217,20482100.0
2009-08-07,10254.3369,10384.6886,10210.8863,10370.2051,18601650.0
2009-08-10,10442.6275,10442.6275,10181.9239,10283.3086,17483500.0
2009-08-11,10297.7859,10312.2694,10181.9177,10210.8848,16843750.0
2009-08-12,10138.4697,10167.4367,10008.1179,10037.085,23187150.0
2009-08-13,10138.4695,10399.173,10066.0518,10167.4365,31342850.0
2009-08-14,10283.3021,10587.4561,10283.3021,10587.4561,31875550.0
2009-08-17,10486.0757,10587.4604,10297.7898,10326.7568,22640300.0
2009-08-18,10225.3681,10659.8738,10225.3681,10572.9727,25444550.0
2009-08-19,10572.9746,10862.6451,10486.0734,10688.8428,27582000.0
2009-08-20,10790.2272,10819.1943,10529.5237,10717.8096,21000450.0
2009-08-21,10761.2609,10964.0303,10746.7774,10964.0303,27583400.0
2009-08-24,11152.3196,11369.5725,11152.3196,11340.6055,30714750.0
2009-08-25,11224.7344,11355.0861,11210.2508,11224.7344,19044250.0
2009-08-26,11224.7331,11311.6343,11137.832,11253.7002,14562850.0
2009-08-27,11079.8962,11210.248,10964.028,11108.8633,16354350.0
2009-08-28,11195.7678,11355.0866,11065.416,11065.416,19551050.0
2009-08-31,11079.9006,11224.7359,11007.4829,11166.8018,21531600.0
2009-09-01,11297.1528,11586.8234,11108.8669,11572.3398,25367300.0
2009-09-02,11369.5695,11456.4706,11297.1518,11355.0859,27898950.0
2009-09-03,11340.6026,11369.5697,11210.2508,11224.7344,16052050.0
2009-09-04,11311.6326,11340.5997,11021.9621,11108.8633,22808450.0
2009-09-07,11166.7986,11297.1503,11021.9633,11195.7656,16972400.0
2009-09-08,11195.7656,11311.6338,11152.315,11311.6338,13640500.0
2009-09-09,11326.1173,11413.0185,11224.7326,11311.6338,15959400.0
2009-09-10,11239.2168,11470.9533,11239.2168,11456.4697,34739400.0
2009-09-11,11499.922,11499.922,11355.0867,11485.4385,15467150.0
2009-09-14,11528.8889,11528.8889,11007.4819,11065.416,27969450.0
2009-09-15,11007.4803,11195.7661,11007.4803,11137.832,26013000.0
2009-09-16,11152.3142,11586.82,11094.3801,11514.4023,35553800.0
2009-09-17,11673.7231,11731.6572,11528.8878,11731.6572,24735000.0
2009-09-18,11731.6568,11876.492,11644.7556,11673.7227,44801250.0
2009-09-21,11615.7906,11731.6588,11499.9223,11557.8564,16830750.0
2009-09-22,11586.821,12006.8433,11557.854,11948.9092,25779150.0
2009-09-23,11948.9088,11963.3924,11760.623,11876.4912,16566700.0
2009-09-24,11862.0099,11876.4934,11557.8558,11630.2734,24304750.0
2009-09-25,11485.4353,11528.8859,11340.6,11514.4023,20494450.0
2009-09-28,11456.4701,11543.3712,11297.1513,11528.8877,13905100.0
2009-09-29,11470.9554,11804.0766,11470.9554,11760.626,20419700.0
2009-09-30,11688.2099,11948.9134,11673.7263,11804.0781,23985850.0
2009-10-01,11746.1391,11804.0732,11355.0839,11470.9521,26930050.0
2009-10-05,11268.1847,11297.1517,10804.7118,10819.1953,47146300.0
2009-10-06,10935.0638,11021.965,10790.2285,10790.2285,38409800.0
2009-10-07,10891.6143,10949.5484,10442.6249,10457.1084,38221850.0
2009-10-08,10544.0049,10544.0049,10225.3674,10428.1367,52971900.0
2009-10-09,10558.4918,10935.0635,10515.0412,10935.0635,31334400.0
2009-10-12,11007.4799,11050.9305,10732.2929,10848.1611,21586100.0
2009-10-13,10862.6456,11079.8985,10746.7774,10964.0303,18348000.0
2009-10-14,11137.832,11195.7661,11065.4144,11137.832,20841250.0
2009-10-15,11340.6026,11340.6026,11050.932,11224.7344,17809550.0
2009-10-16,10862.6431,11268.1818,10790.2255,10804.709,23712800.0
2009-10-19,10688.8421,10935.062,10471.5892,10877.1279,21675850.0
2009-10-20,10978.5105,11021.9611,10804.7082,10891.6094,14165400.0
2009-10-21,10862.6425,10891.6095,10601.9391,10645.3896,25319950.0
2009-10-22,10601.9392,10688.8404,10471.5875,10515.0381,21589750.0
2009-10-23,10572.9756,10848.1626,10558.4921,10790.2285,21616400.0
2009-10-26,10732.2943,10992.9978,10703.3273,10906.0967,15657300.0
2009-10-27,10848.163,10891.6136,10717.8113,10746.7783,16264450.0
2009-10-28,10775.7413,10790.2248,10428.1367,10428.1367,25568050.0
2009-10-29,10283.3046,10457.107,10152.9529,10399.1729,32193450.0
2009-10-30,10616.4221,10717.8068,10457.1034,10471.5869,27823550.0
2009-11-02,10297.7882,10529.5246,10254.3376,10399.1729,23125050.0
2009-11-03,10413.654,10601.9398,10355.7199,10558.4893,19636750.0
2009-11-04,10529.5227,10659.8744,10428.138,10616.4238,17170650.0
2009-11-05,10587.4585,10587.4585,10297.788,10312.2715,18633900.0
2009-11-06,10515.0425,10529.526,10341.2402,10457.1084,15201050.0
2009-11-09,10529.5228,10601.9405,10457.1052,10486.0723,13426450.0
2009-11-10,10630.9071,10659.8742,10486.0719,10529.5225,19617400.0
2009-11-11,10601.9391,10645.3896,10370.2027,10645.3896,15973550.0
2009-11-12,10674.3566,10761.2578,10428.1367,10428.1367,24682750.0
2009-11-13,10486.0755,10529.5261,10268.8226,10341.2402,21560950.0
2009-11-16,10428.138,10616.4238,10341.2369,10616.4238,20057700.0
2009-11-17,10688.8431,10732.2937,10515.0408,10544.0078,18009450.0
2009-11-18,10645.3926,10862.6455,10601.942,10862.6455,29638400.0
2009-11-19,10862.6434,11079.8963,10862.6434,10992.9951,22743700.0
2009-11-20,10877.1294,11021.9646,10804.7117,10935.0635,17162700.0
2009-11-23,11021.9622,11065.4127,10877.1269,10992.9951,14378850.0
2009-11-24,11021.9654,11050.9324,10732.2948,10746.7783,17703700.0
2009-11-25,10746.7764,10848.1611,10717.8094,10848.1611,10610150.0
2009-11-26,10848.1609,10964.0291,10761.2598,10761.2598,11798250.0
2009-11-27,10572.975,10703.3267,10312.2715,10312.2715,23077300.0
2009-11-30,10471.5873,10601.939,10413.6532,10428.1367,18751200.0
2009-12-01,10428.1356,10674.3555,10399.1686,10674.3555,17255950.0
2009-12-02,10761.2612,10862.6459,10717.8106,10819.1953,16733700.0
2009-12-03,10891.6104,11007.4786,10819.1928,10992.9951,15982500.0
2009-12-04,10978.5122,11108.8639,10935.0616,11036.4463,18336750.0
2009-12-07,11152.3182,11253.7029,11050.9335,11166.8018,16446850.0
2009-12-08,11166.7958,11239.2134,11108.8617,11181.2793,10088500.0
2009-12-09,11036.4472,11326.1177,11021.9636,11268.1836,17773300.0
2009-12-10,11166.7977,11413.0176,11094.38,11413.0176,44528150.0
2009-12-11,11441.986,11543.3707,11340.6013,11369.5684,16265250.0
2009-12-14,11369.5662,11441.9838,11181.2804,11282.665,15496050.0
2009-12-15,11297.1508,11311.6343,11181.2826,11253.7002,12269300.0
2009-12-16,11297.1484,11384.0496,11224.7308,11297.1484,19952700.0
2009-12-17,11311.6369,11311.6369,11079.9004,11079.9004,15858250.0
2009-12-18,11007.4798,11282.6668,10978.5127,11195.7656,20295050.0
2009-12-21,11195.7688,11253.7029,11108.8676,11166.8018,14575300.0
2009-12-22,11224.7326,11311.6338,11195.7656,11311.6338,12264950.0
2009-12-23,11413.02,11413.02,11268.1848,11355.0859,12490000.0
2009-12-24,11369.5687,11499.9204,11326.1181,11441.9863,20309600.0
2009-12-28,11441.9867,11485.4373,11282.6679,11398.5361,11758250.0
2009-12-29,11493.585,11508.2078,11405.8477,11493.585,6840100.0
2009-12-30,11522.8309,11683.6826,11508.208,11683.6826,14736900.0
2010-01-04,11742.1719,11829.9092,11698.3033,11829.9092,11950800.0
2010-01-05,12078.4964,12122.365,11917.6447,12020.0049,27925850.0
2010-01-06,12122.3682,12297.8428,12078.4996,12297.8428,22948850.0
2010-01-07,12297.842,12297.842,11888.4014,11888.4014,22107950.0
2010-01-08,11990.7648,12005.3877,11786.0444,12005.3877,14777550.0
2010-01-11,12005.3847,12034.6304,11654.4355,11654.4355,19896100.0
2010-01-12,11654.4346,11829.9092,11625.1889,11829.9092,19218050.0
2010-01-13,11771.4186,11786.0415,11654.4355,11654.4355,13375300.0
2010-01-14,11786.0425,12151.6146,11698.3052,12093.123,26551550.0
2010-01-15,12166.2389,12327.0907,12122.3703,12312.4678,19905600.0
2010-01-18,12283.2193,12370.9565,12107.7447,12327.0879,13060400.0
2010-01-19,12429.4517,12429.4517,12020.0109,12034.6338,12041250.0
2010-01-20,12034.6327,12239.353,12034.6327,12195.4844,19200850.0
2010-01-21,11990.7618,12429.4482,11990.7618,12429.4482,16990100.0
2010-01-22,12283.2192,12356.3336,11961.5158,12063.876,23460500.0
2010-01-25,11932.2728,12400.2051,11917.6499,12312.4678,20578400.0
2010-01-26,12370.9588,12370.9588,11873.7808,11917.6494,18722300.0
2010-01-27,11917.6479,11946.8937,11698.3047,11698.3047,18516150.0
2010-01-28,11815.2871,11917.6473,11742.1727,11815.2871,13795800.0
2010-01-29,11698.303,11712.9259,11405.8454,11464.3369,22854100.0
2010-02-01,11464.3397,11478.9626,11186.5049,11361.9795,25037200.0
2010-02-02,11552.0731,11552.0731,11259.6156,11288.8613,19677150.0
2010-02-03,11435.0939,11478.9626,11230.3736,11361.9795,16467700.0
2010-02-04,11332.7306,11449.7137,11288.862,11347.3535,11971700.0
2010-02-05,11084.1412,11128.0099,10923.2896,10967.1582,25705750.0
2010-02-08,10923.2902,11025.6504,10835.5529,10937.9131,21891500.0
2010-02-09,10937.9143,11128.0117,10850.177,11128.0117,16834200.0
2010-02-10,11157.2594,11171.8823,10996.4077,11040.2764,13174200.0
2010-02-11,11069.5225,11186.5055,11054.8996,11157.2598,13208300.0
2010-02-12,11215.7471,11215.7471,10894.0438,10967.1582,22879300.0
2010-02-16,10967.1582,11098.7641,10937.9125,11054.8955,7723550.0
2010-02-17,11288.8664,11391.2266,11171.8833,11391.2266,13997150.0
2010-02-18,11391.223,11420.4687,11288.8628,11332.7314,7251900.0
2010-02-19,11244.9976,11361.9806,11098.7687,11113.3916,11094000.0
2010-02-22,11288.8673,11376.6047,11259.6216,11303.4902,11580550.0
2010-02-23,11318.1112,11318.1112,11054.8993,11215.751,12568850.0
2010-02-24,11098.7644,11128.0102,10967.1585,10996.4043,15052500.0
2010-02-25,11025.6503,11084.1418,10733.1927,10762.4385,19273900.0
2010-02-26,10820.9304,10937.9134,10718.5702,10879.4219,15576350.0
2010-03-02,11128.0132,11318.1107,11054.8988,11259.6191,23494700.0
2010-03-03,11274.2422,11303.488,11157.2591,11274.2422,9713550.0
2010-03-04,11274.2405,11288.8634,11054.8973,11128.0117,10205050.0
2010-03-05,11157.2569,11332.7314,11157.2569,11332.7314,11754700.0
2010-03-08,11552.0765,11581.3223,11478.9621,11493.585,19563300.0
2010-03-09,11508.2078,11508.2078,11361.979,11493.585,12211750.0
2010-03-10,11493.5827,11508.2056,11376.5996,11464.3369,11367600.0
2010-03-11,11552.0761,11610.5677,11376.6016,11376.6016,19631000.0
2010-03-12,11376.6016,11464.3388,11274.2414,11376.6016,9997950.0
2010-03-15,11435.0924,11449.7153,11171.8805,11230.3721,11156550.0
2010-03-16,11230.3755,11259.6213,11084.1466,11186.5068,16548150.0
2010-03-17,11288.8609,11669.0557,11274.238,11669.0557,21840650.0
2010-03-18,11625.1898,11800.6643,11625.1898,11654.4355,15393500.0
2010-03-19,11712.9273,11800.6645,11669.0586,11756.7959,10711200.0
2010-03-22,11742.1774,11756.8003,11581.3257,11712.9316,9191800.0
2010-03-23,11800.6634,11917.6465,11771.4177,11829.9092,9923300.0
2010-03-24,11917.6462,12063.875,11888.4004,11976.1377,15926950.0
2010-03-25,11917.6462,12020.0063,11829.9089,11976.1377,9481650.0
2010-03-26,12034.6304,12063.8761,11873.7787,11990.7617,10481650.0
2010-03-29,11844.5287,12063.8718,11844.5287,11961.5117,7756350.0
2010-03-30,12093.1219,12122.3676,11873.7787,11903.0244,12042400.0
2010-03-31,11903.0202,12195.4777,11888.3973,11961.5117,21699800.0
2010-04-01,12078.4983,12356.333,12049.2525,12356.333,28068050.0
2010-04-02,12370.9598,12575.6802,12297.8454,12531.8115,20907050.0
2010-04-05,12590.2974,12721.9033,12531.8059,12721.9033,15201700.0
2010-04-06,12780.3996,12795.0225,12590.3021,12707.2852,16494250.0
2010-04-07,12648.7939,12707.2855,12458.6965,12561.0566,19418550.0
2010-04-08,12531.8106,12619.5479,12473.319,12619.5479,13447700.0
2010-04-09,12634.1706,12663.4163,12400.2044,12517.1875,13757650.0
2010-04-12,12561.0548,12575.6776,12093.1226,12136.9912,24897000.0
2010-04-13,12195.4854,12195.4854,11917.6506,12107.748,20446350.0
2010-04-14,12210.1042,12385.5788,12180.8585,12356.333,15369350.0
2010-04-15,12604.9236,12604.9236,12341.7118,12502.5635,18248400.0
2010-04-16,12502.5603,12546.429,12297.8401,12400.2002,11003100.0
2010-04-19,12239.3519,12283.2205,12078.5002,12093.123,12357100.0
2010-04-20,12093.1252,12166.2396,12005.3879,12107.748,13571500.0
2010-04-21,12253.974,12473.3172,12210.1054,12458.6943,13200200.0
2010-04-22,12414.8258,12414.8258,12180.8597,12297.8428,17161750.0
2010-04-23,12400.2031,12400.2031,12107.7454,12136.9912,15442000.0
2010-04-26,12210.1073,12312.4674,12136.9928,12195.4844,13009350.0
2010-04-27,12151.613,12253.9731,12093.1215,12210.1045,13040500.0
2010-04-28,11990.7616,12063.876,11961.5158,12063.876,16007500.0
2010-04-29,12136.9904,12151.6133,11932.2701,12063.876,11337150.0
2010-04-30,12107.7476,12458.6968,12093.1247,12414.8281,22710850.0
2010-05-03,12356.3313,12356.3313,12093.1195,12122.3652,14553900.0
2010-05-04,12283.2217,12327.0903,12136.9928,12195.4844,9138450.0
2010-05-06,11946.8931,11976.1388,11844.5329,11903.0244,22570150.0
2010-05-07,11669.0599,11683.6828,11522.8311,11610.5684,37887000.0
2010-05-10,11698.3052,11771.4196,11654.4365,11742.1738,16435550.0
2010-05-11,11873.7817,11873.7817,11566.7012,11566.7012,22498000.0
2010-05-12,11654.4372,11669.06,11435.0939,11537.4541,15759500.0
2010-05-13,11669.0582,11990.7615,11654.4353,11888.4014,15900650.0
2010-05-14,11786.0436,11873.7809,11683.6834,11844.5352,14674300.0
2010-05-17,11669.0572,11683.6801,11376.5996,11464.3369,26460950.0
2010-05-18,11552.0736,11625.188,11464.3363,11581.3193,18143800.0
2010-05-19,11478.9649,11478.9649,11244.9987,11303.4902,17987050.0
2010-05-20,11186.5014,11288.8616,11040.2726,11054.8955,19772500.0
2010-05-24,10923.2899,11171.8789,10879.4213,11084.1416,17704300.0
2010-05-25,10967.1606,11054.8979,10762.4403,10835.5547,25489550.0
2010-05-26,11113.387,11244.9929,10894.0438,10967.1582,22943950.0
2010-05-27,10879.4208,11332.73,10835.5521,11288.8613,22173500.0
2010-05-28,11508.2075,11508.2075,11215.7499,11376.6016,22448950.0
2010-05-31,11288.862,11420.4679,11230.3705,11347.3535,12774650.0
2010-06-01,11347.3551,11391.2238,11186.5034,11230.3721,11382350.0
2010-06-03,11405.8481,11464.3397,11318.1108,11361.9795,14649400.0
2010-06-04,11332.7344,11654.4378,11318.1115,11595.9463,12598850.0
2010-06-07,11391.224,11508.207,11361.9782,11508.207,15161550.0
2010-06-08,11478.9619,11669.0594,11347.356,11478.9619,14499800.0
2010-06-09,11581.3225,11581.3225,11201.1276,11259.6191,17914950.0
2010-06-10,11361.9818,11405.8504,11274.2445,11303.4902,17769350.0
2010-06-11,11478.961,11654.4355,11449.7152,11654.4355,18283050.0
2010-06-14,11566.6989,11829.9108,11566.6989,11800.665,12094650.0
2010-06-15,11844.5302,11844.5302,11669.0557,11669.0557,9528550.0
2010-06-16,11917.6462,12020.0063,11829.9089,11976.1377,18823500.0
2010-06-17,11873.7772,11946.8916,11844.5315,11946.8916,11648800.0
2010-06-18,12063.8735,12063.8735,11873.7761,12020.0049,9579500.0
2010-06-21,12136.9912,12268.5971,12063.8768,12136.9912,14230700.0
2010-06-22,12093.1202,12093.1202,11888.3999,11932.2686,14794100.0
2010-06-23,11859.1572,11859.1572,11698.3055,11771.4199,17489950.0
2010-06-24,11815.2872,12034.6304,11771.4185,11990.7617,14152200.0
2010-06-25,11829.9114,11844.5343,11727.5513,11771.4199,16982600.0
2010-06-28,11771.4214,11815.29,11639.8154,11639.8154,13026700.0
2010-06-29,11786.9681,11831.1141,11580.9537,11654.5303,12560000.0
2010-06-30,11330.7921,11477.9452,11330.7921,11389.6533,26708450.0
2010-07-01,11463.2307,11477.9461,11183.6397,11271.9316,22206400.0
2010-07-02,11330.7934,11389.6547,11227.7862,11286.6475,11641100.0
2010-07-05,11227.7862,11330.7934,11198.3556,11286.6475,9995600.0
2010-07-06,11213.07,11404.3691,11110.0628,11404.3691,17879550.0
2010-07-07,11477.9446,11492.6599,11257.2149,11316.0762,16180150.0
2010-07-08,11522.0917,11536.807,11330.7926,11404.3691,14752850.0
2010-07-09,11463.2293,11713.3896,11374.9374,11713.3896,18605950.0
2010-07-12,11757.5347,11801.6807,11654.5275,11801.6807,12597450.0
2010-07-13,11742.8203,11889.9734,11683.959,11713.3896,15339650.0
2010-07-14,11963.5515,12184.2812,11963.5515,12125.4199,33184600.0
2010-07-15,12140.1312,12140.1312,12037.1241,12066.5547,16063950.0
2010-07-16,12007.695,12066.5563,11801.6807,11801.6807,16933400.0
2010-07-19,11566.237,11757.5361,11566.237,11698.6748,14586800.0
2010-07-20,11698.6715,11801.6786,11566.2337,11742.8174,11578400.0
2010-07-21,12022.4092,12037.1245,11860.5408,12022.4092,16558800.0
2010-07-22,11948.8359,12022.4124,11786.9674,11889.9746,15439550.0
2010-07-23,11992.9814,12022.412,11875.2589,11934.1201,14112800.0
2010-07-26,11963.5475,12066.5546,11904.6862,12037.124,10617450.0
2010-07-27,12125.4166,12213.7085,12081.2707,12198.9932,19088350.0
2010-07-28,12243.1461,12360.8686,12228.4307,12316.7227,23248200.0
2010-07-29,12346.1492,12360.8645,12125.4195,12169.5654,14865300.0
2010-07-30,12095.9891,12169.5656,11919.4053,11919.4053,16399000.0
2010-08-02,12022.4125,12037.1278,11919.4053,11919.4053,12455050.0
2010-08-03,12066.56,12095.9906,11992.9834,11992.9834,13105950.0
2010-08-04,12022.4124,12037.1277,11860.5439,11860.5439,10616650.0
2010-08-05,11934.1195,12037.1267,11816.397,11831.1123,14028550.0
2010-08-06,11919.4066,11919.4066,11757.5381,11786.9688,12296750.0
2010-08-09,11757.5347,11801.6807,11742.8194,11801.6807,9138150.0
2010-08-10,11772.2513,11831.1126,11639.8135,11669.2441,14060850.0
2010-08-11,11536.8051,11610.3816,11433.7979,11463.2285,17957900.0
2010-08-12,11301.3623,11433.8001,11257.2163,11271.9316,21360650.0
2010-08-13,11330.7907,11507.3745,11286.6448,11492.6592,14274900.0
2010-08-16,11374.9391,11522.0923,11286.6472,11507.377,10280000.0
2010-08-17,11433.8004,11522.0923,11345.5085,11507.377,14476450.0
2010-08-18,11536.8056,11551.5209,11389.6524,11448.5137,11715900.0
2010-08-19,11463.2316,11610.3848,11433.801,11610.3848,12179900.0
2010-08-20,11477.9434,11566.2353,11433.7975,11536.8047,12330600.0
2010-08-23,11566.2325,11639.8091,11507.3713,11625.0938,9081550.0
2010-08-24,11551.5224,11566.2377,11404.3693,11522.0918,11365400.0
2010-08-25,11419.082,11448.5126,11360.2207,11360.2207,9263250.0
2010-08-26,11360.2222,11522.0906,11330.7916,11374.9375,10440100.0
2010-08-27,11257.2163,11360.2235,11257.2163,11271.9316,12748200.0
2010-08-30,11404.3677,11448.5136,11360.2218,11419.083,6984450.0
2010-08-31,11271.9265,11360.2184,11124.7734,11124.7734,22051950.0
2010-09-01,11213.0642,11227.7795,11036.4805,11065.9111,19451700.0
2010-09-02,11183.6391,11213.0698,11021.7707,11168.9238,18271500.0
2010-09-03,11198.3535,11242.4995,11124.7769,11198.3535,22082500.0
2010-09-06,11360.2218,11477.9443,11301.3606,11477.9443,19708650.0
2010-09-07,11522.0904,11625.0976,11404.3679,11595.667,16036000.0
2010-09-08,11419.0854,11492.662,11345.5088,11345.5088,10954600.0
2010-09-09,11286.6418,11389.649,11124.7734,11124.7734,30825400.0
2010-09-10,11183.6397,11360.2235,11139.4938,11271.9316,13989000.0
2010-09-13,11330.791,11419.0829,11271.9298,11330.791,11741050.0
2010-09-14,11404.3694,11492.6613,11183.6396,11183.6396,18559950.0
2010-09-15,11227.7851,11286.6463,11051.2013,11139.4932,19441850.0
2010-09-16,11095.3472,11227.7851,11095.3472,11139.4932,11734100.0
2010-09-17,11213.069,11448.5141,11154.2078,11374.9375,22369300.0
2010-09-20,11389.6525,11477.9443,11330.7912,11477.9443,14807550.0
2010-09-24,11463.2297,11477.945,11154.2081,11213.0693,32766800.0
2010-09-27,11257.2147,11301.3606,11065.9156,11110.0615,25107150.0
2010-09-28,11110.0633,11124.7786,10962.9102,10962.9102,23315700.0
2010-09-29,11080.6298,11404.3666,11036.4838,11360.2207,35348050.0
2010-09-30,11360.2242,11463.2314,11286.6476,11433.8008,16855500.0
2010-10-01,11360.2242,11448.5161,11316.0783,11433.8008,14805750.0
2010-10-04,11477.9443,11492.6596,11389.6525,11477.9443,12835350.0
2010-10-05,11360.2222,11463.2294,11345.5069,11374.9375,14300150.0
2010-10-06,11448.5144,11683.9595,11419.0838,11669.2441,23555150.0
2010-10-07,11463.2288,11522.0901,11316.0757,11330.791,25542150.0
2010-10-08,11227.7836,11271.9295,11080.6305,11154.207,27125750.0
2010-10-11,11213.0697,11227.785,11080.6318,11080.6318,18784450.0
2010-10-12,11065.9139,11124.7752,10977.6221,10977.6221,18391350.0
2010-10-13,11065.9149,11065.9149,10933.4771,10948.1924,20414700.0
2010-10-14,11080.6293,11080.6293,10918.7609,11036.4834,26710000.0
2010-10-15,11036.4854,11124.7773,10962.9089,11095.3467,24686150.0
2010-10-18,11139.4891,11213.0657,11007.0513,11051.1973,13804400.0
2010-10-19,11036.4867,11051.202,10904.0488,10904.0488,19450000.0
2010-10-20,10889.3336,11021.7714,10815.757,10962.9102,18474100.0
2010-10-21,10962.9114,11257.2178,10904.0502,11257.2178,28370400.0
2010-10-22,11374.9395,11433.8008,11286.6476,11433.8008,20425550.0
2010-10-25,11374.9394,11463.2313,11286.6475,11345.5088,12353450.0
2010-10-26,11301.3637,11345.5096,11154.2105,11227.7871,15629050.0
2010-10-27,11154.2084,11257.2156,11051.2012,11080.6318,16732750.0
2010-10-28,11183.6397,11257.2163,11080.6325,11242.501,14631600.0
2010-10-29,11242.5012,11257.2165,10962.9102,10962.9102,23060950.0
2010-11-01,11080.6307,11080.6307,10933.4776,10992.3389,14837800.0
2010-11-02,10992.3392,11007.0545,10845.1861,10889.332,16536700.0
2010-11-03,10889.332,11021.7699,10874.6167,10889.332,17874950.0
2010-11-04,10992.342,11242.5024,10962.9114,11227.7871,27312500.0
2010-11-05,11477.9443,11625.0974,11404.3677,11419.083,35165050.0
2010-11-08,11551.5209,11595.6668,11419.083,11448.5137,13961400.0
2010-11-09,11536.8065,11536.8065,11286.6461,11389.6533,12801650.0
2010-11-10,11477.9407,11625.0938,11404.3641,11625.0938,21088000.0
2010-11-11,11669.2457,11757.5376,11286.6475,11286.6475,44525300.0
2010-11-12,11536.8056,11625.0974,11374.9371,11448.5137,28325650.0
2010-11-15,11566.2377,11992.9818,11551.5224,11889.9746,35892450.0
2010-11-16,11978.2661,12066.5579,11772.2517,11934.1201,29475050.0
2010-11-17,11786.9667,11831.1126,11698.6748,11698.6748,17123100.0
2010-11-18,11728.1065,11845.829,11669.2452,11757.5371,13296000.0
2010-11-19,11889.9709,12051.8393,11772.2484,12037.124,19355150.0
2010-11-22,12066.5553,12478.584,12037.1246,12478.584,36057400.0
2010-11-23,12508.0194,12522.7347,12272.5743,12360.8662,18280200.0
2010-11-24,12154.8515,12537.4497,12140.1361,12522.7344,31792000.0
2010-11-25,12552.1639,12552.1639,12331.4342,12434.4414,18359500.0
2010-11-26,12478.5912,12493.3065,12243.1461,12316.7227,15679300.0
2010-11-29,12287.2876,12449.1561,12228.4264,12302.0029,15401050.0
2010-11-30,12243.1385,12449.1529,12154.8467,12154.8467,21205500.0
2010-12-01,12125.4159,12184.2772,11978.2628,12066.5547,18777150.0
2010-12-02,12184.2832,12640.458,12140.1372,12640.458,30608400.0
2010-12-03,12802.3265,13199.6401,12758.1806,13155.4941,39373850.0
2010-12-06,13096.6338,13229.0717,13023.0572,13096.6338,16837550.0
2010-12-07,13052.4808,13552.8013,13023.0501,13258.4951,24906050.0
2010-12-08,13287.9319,13390.9391,13052.4868,13067.2021,16803250.0
2010-12-09,13023.0533,13508.6587,13008.338,13493.9434,29422050.0
2010-12-10,13464.5137,13523.375,13346.7912,13523.375,12757050.0
2010-12-13,13523.3699,13714.6689,13479.2239,13685.2383,15359300.0
2010-12-14,13788.2518,13788.2518,13552.8068,13670.5293,22126100.0
2010-12-15,13611.6683,13611.6683,13390.9386,13479.2305,16449400.0
2010-12-16,13361.5083,13523.3768,13361.5083,13405.6543,11684200.0
2010-12-17,13449.7961,13670.5258,13420.3655,13626.3799,17297200.0
2010-12-20,13493.9441,13714.6738,13449.7982,13714.6738,16911750.0
2010-12-21,13699.9576,13832.3954,13611.6657,13773.5342,12599300.0
2010-12-22,13817.6816,14023.6961,13773.5357,13817.6816,16626800.0
2010-12-23,13773.5342,13802.9648,13611.6657,13773.5342,10985500.0
2010-12-24,13817.6794,13817.6794,13611.665,13611.665,8471650.0
2010-12-27,13611.6635,13685.2401,13464.5104,13567.5176,10524200.0
2010-12-28,13655.8127,13979.5496,13626.382,13802.9658,15650700.0
2010-12-29,13832.5524,14069.2592,13788.1699,13980.4941,11918900.0
2010-12-30,13936.1136,14084.0554,13936.1136,14039.6729,9181500.0
2011-01-03,14128.4378,14291.1737,14054.4669,14172.8203,13241050.0
2011-01-04,14143.232,14217.2028,14039.6727,14172.8203,13713100.0
2011-01-05,14128.4366,14128.4366,13936.1123,13936.1123,16787500.0
2011-01-06,13936.1072,14039.6664,13655.018,13758.5771,19360400.0
2011-01-07,13536.6695,13743.788,13521.8753,13625.4346,23139800.0
2011-01-10,13581.0539,13728.9957,13447.9064,13566.2598,18326750.0
2011-01-11,13566.2568,13640.2276,13433.1092,13507.0801,19550800.0
2011-01-12,13521.8704,13802.9597,13521.8704,13758.5771,20555800.0
2011-01-13,14039.6692,14039.6692,13566.2557,13640.2266,28239850.0
2011-01-14,13728.992,13817.7571,13536.6678,13802.9629,15382350.0
2011-01-17,13980.4961,14069.2612,13906.5253,14039.6729,20582100.0
2011-01-18,14054.4673,14513.0868,14039.6731,14335.5566,29631350.0
2011-01-19,14483.4949,14794.1726,14291.1707,14749.79,33343200.0
2011-01-20,14601.8547,14646.2372,14483.5013,14527.8838,15244400.0
2011-01-21,14439.1144,14557.4678,14350.3494,14365.1436,16666400.0
2011-01-24,14320.761,14542.6737,14291.1727,14365.1436,13609350.0
2011-01-25,14379.9407,14646.2359,14365.1465,14424.3232,13970550.0
2011-01-26,14572.2626,14779.3811,14498.2918,14764.5869,13352500.0
2011-01-27,14720.2034,14823.7626,14661.0267,14705.4092,15367000.0
2011-01-28,14764.59,15001.2968,14646.2366,14942.1201,19118950.0
2011-01-31,14927.3238,14942.118,14513.0869,14513.0869,21411900.0
2011-02-01,14527.8758,14720.2,14483.4932,14542.6699,13468450.0
2011-02-07,14823.7637,14853.3521,14379.9385,14379.9385,24252200.0
2011-02-08,14350.3497,14409.5264,14187.6138,14217.2021,30483500.0
2011-02-09,14394.7355,14394.7355,14069.2635,14202.4111,20984650.0
2011-02-10,14202.4069,14276.3777,13832.5525,13847.3467,30669300.0
2011-02-11,13832.5534,13950.9068,13507.0816,13536.6699,26489900.0
2011-02-14,13728.9905,14128.4331,13684.6079,14098.8447,19565800.0
2011-02-15,14246.7912,14350.3504,14010.0844,14172.8203,18105800.0
2011-02-16,14084.0534,14350.3485,13980.4941,13980.4941,15182650.0
2011-02-17,14098.8494,14246.7911,13950.9076,14113.6436,14348550.0
2011-02-18,14276.382,14291.1762,14158.0286,14202.4111,10253850.0
2011-02-21,14261.5857,14276.3799,13936.1138,14024.8789,13750850.0
2011-02-22,13891.7317,14024.8793,13817.7608,13876.9375,12181550.0
2011-02-23,13684.6063,13921.313,13684.6063,13758.5771,17193000.0
2011-02-24,13699.4075,13817.7609,13610.6424,13743.79,18110900.0
2011-02-25,13728.9936,13802.9645,13655.0228,13699.4053,15181200.0
2011-02-28,13610.6409,13817.7594,13610.6409,13655.0234,16274800.0
2011-03-02,13521.8712,13655.0187,13492.2828,13581.0479,16134300.0
2011-03-03,13595.8467,13714.2001,13551.4642,13655.0234,18074200.0
2011-03-04,13817.7582,13980.4941,13714.199,13980.4941,18569150.0
2011-03-07,13950.9049,13950.9049,13403.5205,13403.5205,31883600.0
2011-03-08,13477.495,13492.2891,13225.994,13299.9648,24905400.0
2011-03-09,13403.5262,13433.1146,13048.4659,13166.8193,26296300.0
2011-03-10,13004.0811,13078.052,12811.7568,12811.7568,41630200.0
2011-03-11,12737.783,12959.6956,12722.9888,12752.5771,26884000.0
2011-03-14,13018.8762,13329.5539,12619.4334,13314.7598,33325000.0
2011-03-15,13329.5504,13344.3445,12663.8126,12722.9893,36313200.0
2011-03-16,13092.8425,13240.7843,12900.5183,13107.6367,39939050.0
2011-03-17,12989.2892,13166.8193,12841.3474,13166.8193,22505200.0
2011-03-18,13196.4065,13240.789,13063.2589,13181.6123,19166050.0
2011-03-21,13181.6135,13299.9669,13078.0543,13166.8193,14473500.0
2011-03-22,13196.4053,13270.3762,12870.9334,12944.9043,21810300.0
2011-03-23,13018.8727,13018.8727,12708.195,12915.3135,25229000.0
2011-03-24,13018.8721,13137.2255,12930.107,13018.8721,15392550.0
2011-03-25,13196.405,13462.7002,13166.8167,13462.7002,31078100.0
2011-03-28,13536.6746,13640.2338,13447.9095,13551.4688,15890200.0
2011-03-29,13418.3211,13551.4688,13314.7619,13551.4688,17204100.0
2011-03-30,13551.4635,13743.7878,13551.4635,13699.4053,20685150.0
2011-03-31,13847.3476,13847.3476,13625.435,13788.1709,26376550.0
2011-04-01,13847.3458,13906.5225,13714.1982,13906.5225,22471700.0
2011-04-04,13906.5233,13980.4941,13891.7291,13980.4941,16716750.0
2011-04-05,14024.8767,14024.8767,13832.5524,13980.4941,11922000.0
2011-04-06,13906.5244,13936.1128,13536.67,13655.0234,27471850.0
2011-04-07,13684.6091,13832.5508,13388.7257,13447.9023,21781250.0
2011-04-08,13477.4902,13521.8728,13240.7835,13285.166,25983450.0
2011-04-11,13285.1718,13418.3194,13137.23,13225.9951,20582800.0
2011-04-12,13107.6347,13166.8114,13048.458,13048.458,15766950.0
2011-04-13,13122.4314,13329.5498,13018.8722,13329.5498,16627750.0
2011-04-14,13314.7598,13314.7598,13078.0529,13314.7598,25265700.0
2011-04-15,13285.1723,13299.9664,13048.4654,13137.2305,22274750.0
2011-04-18,13181.613,13196.4072,12811.7586,12826.5527,27418700.0
2011-04-19,12619.4324,12944.9043,12619.4324,12944.9043,23078650.0
2011-04-20,13152.0259,13551.4688,13107.6434,13551.4688,32044250.0
2011-04-21,13758.5864,13862.1457,13581.0563,13728.998,27071850.0
2011-04-22,13669.8191,13714.2016,13344.3472,13373.9355,18825450.0
2011-04-25,13329.5526,13477.4943,13152.0225,13152.0225,14338950.0
2011-04-26,13299.9604,13299.9604,13018.8712,13270.3721,19174650.0
2011-04-27,13566.2601,13714.2019,13477.495,13669.8193,26379400.0
2011-04-28,13669.82,13714.2026,13299.9656,13314.7598,20803400.0
2011-04-29,13329.5497,13433.1089,13018.872,13211.1963,21415000.0
2011-05-02,13462.6991,13862.1418,13373.934,13788.1709,32544850.0
2011-05-03,13847.3491,13906.5259,13640.2307,13876.9375,25366500.0
2011-05-04,13758.5825,13817.7592,13314.7573,13536.6699,25769850.0
2011-05-06,13299.9648,13521.8775,13240.7881,13299.9648,23637450.0
2011-05-09,13433.1133,13477.4959,13181.6123,13181.6123,13543350.0
2011-05-11,13152.0218,13240.7868,13048.4625,13196.4043,22363750.0
2011-05-12,13107.6399,13329.5525,13063.2574,13092.8457,27616100.0
2011-05-13,13255.5852,13669.8222,13166.8201,13551.4688,33438000.0
2011-05-16,13566.2566,13595.8449,13285.1673,13329.5498,16123700.0
2011-05-17,13270.3786,13285.1728,13152.0252,13166.8193,11549950.0
2011-05-18,13211.1963,13299.9613,13107.6371,13211.1963,16579300.0
2011-05-19,13181.608,13285.1672,13018.8721,13018.8721,19345200.0
2011-05-20,13092.8405,13122.4289,13018.8697,13048.458,11069950.0
2011-05-23,12974.4902,13092.8436,12900.5193,12915.3135,14056000.0
2011-05-24,12900.5231,13078.0532,12796.9639,12796.9639,14488500.0
2011-05-25,13004.0805,13004.0805,12619.4319,12663.8145,16018050.0
2011-05-26,12841.3441,13018.8743,12796.9616,13004.0801,13968500.0
2011-05-27,12930.1113,13299.9657,12826.552,13181.6123,21477600.0
2011-05-30,13240.7857,13240.7857,12959.6964,13078.0498,10293600.0
2011-05-31,13166.8137,13521.8738,13107.637,13344.3438,23887550.0
2011-06-01,13344.3485,13492.2903,13240.7892,13477.4961,15678500.0
2011-06-02,13225.9908,13270.3733,13018.8724,13063.2549,16582950.0
2011-06-03,13166.8166,13166.8166,12974.4923,13092.8457,10067100.0
2011-06-07,12959.6938,13152.018,12856.1346,13122.4297,15110100.0
2011-06-08,13092.8446,13166.8155,12944.9029,12974.4912,12938850.0
2011-06-09,12974.494,13004.0824,12796.9639,12796.9639,21511200.0
2011-06-10,12870.9331,12930.1098,12589.8438,12589.8438,19586600.0
2011-06-13,12486.2841,12619.4316,12397.519,12619.4316,15062450.0
2011-06-14,12589.8439,12915.3158,12545.4614,12767.374,10642700.0
2011-06-15,12811.758,12856.1406,12589.8454,12796.9639,13283100.0
2011-06-16,12619.4279,12693.3987,12486.2803,12545.457,11940550.0
2011-06-17,12589.8433,12604.6375,11879.7229,12116.4297,36058100.0
2011-06-20,12027.6641,12042.4583,11761.369,11835.3398,23580500.0
2011-06-21,11835.3405,12131.224,11805.7522,12042.459,18844400.0
2011-06-22,12190.398,12323.5455,12160.8096,12219.9863,16530400.0
2011-06-23,12205.1939,12412.3124,12131.2231,12293.959,13858400.0
2011-06-24,12146.0182,12634.226,12146.0182,12604.6377,23453150.0
2011-06-27,12530.6629,12530.6629,12249.5736,12353.1328,15207250.0
2011-06-28,12427.1044,12619.4286,12293.9568,12308.751,11950100.0
2011-06-29,12553.0031,12567.8061,12316.154,12330.957,10348200.0
2011-06-30,12330.9555,12360.5616,12153.3186,12227.334,16408950.0
2011-07-01,12478.9901,12730.6423,12404.9747,12656.627,22133050.0
2011-07-04,12878.6721,13071.112,12863.869,12997.0967,21439450.0
2011-07-05,13026.7035,13307.9619,12997.0974,13307.9619,21107200.0
2011-07-06,13219.139,13293.1543,13130.3206,13293.1543,11215100.0
2011-07-07,13293.1554,13293.1554,13011.8971,13026.7002,17861200.0
2011-07-08,13026.7034,13145.128,12923.0819,13100.7188,12070450.0
2011-07-11,13026.7043,13026.7043,12760.249,12804.6582,15974500.0
2011-07-12,12730.6381,12745.4412,12523.3952,12582.6074,12397200.0
2011-07-13,12553.0046,12656.6261,12375.3678,12478.9893,16430600.0
2011-07-14,12360.5638,12360.5638,12182.927,12301.3516,20363350.0
2011-07-15,12286.5462,12434.5769,12153.3186,12316.1523,13621800.0
2011-07-18,12256.9406,12286.5467,12005.2884,12034.8945,18189050.0
2011-07-19,11931.273,12242.1374,11931.273,12168.1221,14537100.0
2011-07-20,12434.5803,12641.8233,12419.7772,12597.4141,21079150.0
2011-07-21,12523.3978,12597.4132,12316.1548,12464.1855,10343550.0
2011-07-22,12582.6074,12671.4258,12464.1829,12582.6074,12179600.0
2011-07-25,12582.6084,12582.6084,12345.7593,12538.1992,9496800.0
2011-07-26,12478.9859,12597.4105,12434.5767,12582.6074,11259900.0
2011-07-27,12553.0039,12553.0039,12375.3671,12508.5947,10079450.0
2011-07-28,12256.9462,12434.5831,12227.34,12390.1738,13623150.0
2011-07-29,12523.3962,12612.2146,12390.1686,12493.79,15089150.0
2011-08-01,12656.6239,12952.6853,12656.6239,12878.6699,19432400.0
2011-08-02,12627.0199,12715.8383,12582.6107,12612.2168,13486550.0
2011-08-03,12434.5785,12493.7908,12197.7294,12330.957,20417200.0
2011-08-04,12419.7766,12419.7766,12064.5029,12153.3213,17307750.0
2011-08-05,11724.0332,11916.4732,11679.624,11679.624,30392500.0
2011-08-08,11398.3647,11679.623,11250.334,11250.334,30296350.0
2011-08-09,11102.3007,11146.7099,10302.935,10717.4209,49299200.0
2011-08-10,11250.3327,11250.3327,10658.21,10658.21,49244500.0
2011-08-11,10184.5119,10732.2254,10184.5119,10480.5732,39580150.0
2011-08-12,10673.0135,10687.8166,10362.149,10465.7705,33844600.0
2011-08-16,10880.2538,11102.2998,10747.0262,11102.2998,30042550.0
2011-08-17,11117.1012,11250.3288,10969.0706,11131.9043,14649850.0
2011-08-18,11072.6988,11087.5018,10406.5605,10495.3789,35336000.0
2011-08-19,10184.5115,10317.7391,9947.6624,10066.0869,28970600.0
2011-08-22,10125.2975,10391.7527,10110.4944,10228.9189,20900650.0
2011-08-23,10362.1495,10880.257,10347.3464,10702.6201,24617300.0
2011-08-24,10717.4224,10880.2561,10362.1487,10480.5732,18508650.0
2011-08-25,10909.8634,10924.6665,10673.0143,10732.2266,19039800.0
2011-08-26,10613.7968,10865.4489,10613.7968,10747.0244,10612300.0
2011-08-29,10983.879,10983.879,10717.4237,10850.6514,13001850.0
2011-08-30,10969.0719,11072.6934,10895.0566,10983.875,12629600.0
2011-08-31,11057.8916,11057.8916,10821.0425,11013.4824,14495500.0
2011-09-01,11235.533,11664.8222,11013.4869,11413.1699,35833750.0
2011-09-02,11324.3492,11561.1984,11294.7431,11383.5615,12915400.0
2011-09-05,11176.3186,11191.1217,10806.2419,10821.0449,13853900.0
2011-09-06,10747.027,10895.0577,10510.1779,10761.8301,13213350.0
2011-09-07,10850.6515,11516.7898,10850.6515,11442.7744,17512500.0
2011-09-08,11546.3915,11872.0589,11516.7854,11812.8467,28730500.0
2011-09-09,11620.4099,12020.0928,11501.9853,11546.3945,18082650.0
2011-09-14,11546.3958,11561.1989,10969.076,11146.7129,27540950.0
2011-09-15,11605.6099,11605.6099,11324.3515,11413.1699,21318350.0
2011-09-16,11753.6344,12005.2865,11724.0283,11812.8467,23811100.0
2011-09-19,11842.4563,12049.6993,11664.8195,11960.8809,12327650.0
2011-09-20,12005.29,12108.9115,11783.244,12005.29,13997500.0
2011-09-21,12123.7129,12256.9406,11857.2577,12034.8945,17063100.0
2011-09-22,11783.2393,11842.4515,11516.7841,11694.4209,15331100.0
2011-09-23,11309.545,11546.3941,11117.1051,11220.7266,21822900.0
2011-09-26,11250.3338,11650.0167,11235.5307,11472.3799,24018800.0
2011-09-27,11916.472,11916.472,11709.229,11901.6689,16526300.0
2011-09-28,12197.7303,12212.5334,11709.229,11946.0781,24316950.0
2011-09-29,11901.6724,12553.0077,11901.6724,12390.1738,27675450.0
2011-09-30,12286.5513,12434.582,12005.2929,12434.582,25780600.0
2011-10-04,11916.4718,12316.1547,11783.2441,12256.9424,32895000.0
2011-10-05,12197.7303,12582.6101,12094.1088,12464.1855,32102800.0
2011-10-06,12937.8853,13011.9007,12464.187,12656.627,29969000.0
2011-10-07,12804.655,13041.5041,12582.609,12730.6396,26509200.0
2011-10-10,12997.0931,13100.7146,12908.2747,12937.8809,17246250.0
2011-10-11,13100.7172,13100.7172,12863.868,13041.5049,22915500.0
2011-10-12,12908.2746,13307.9574,12878.6684,13293.1543,21528500.0
2011-10-13,13293.1609,13307.964,13041.5087,13174.7363,16266150.0
2011-10-14,12893.4725,13233.9431,12893.4725,13115.5186,10850500.0
2011-10-17,13174.7363,13248.7517,13041.5087,13174.7363,10675550.0
2011-10-18,12952.6848,13219.1401,12893.4726,13071.1094,13844300.0
2011-10-19,13100.7155,13115.5186,12878.6695,13115.5186,10704100.0
2011-10-20,13115.5203,13618.8247,13071.1111,13426.3848,28436600.0
2011-10-21,13618.8262,13692.8416,13426.3863,13574.417,23307000.0
2011-10-24,13515.2025,13959.2946,13485.5964,13929.6885,18769250.0
2011-10-25,13855.6728,14077.7188,13840.8697,13988.9004,18208000.0
2011-10-26,13811.2653,14003.7052,13722.4469,13826.0684,12504750.0
2011-10-27,13752.0544,13900.0852,13604.0237,13678.0391,17443050.0
2011-10-28,13737.2482,14003.7035,13722.4451,13988.9004,26884350.0
2011-10-31,13929.6882,14358.9772,13811.2637,14329.3711,23792400.0
2011-11-01,14329.3753,14788.2706,14240.5569,14655.043,30983650.0
2011-11-02,14358.9782,14477.4027,14299.7659,14373.7812,28454600.0
2011-11-03,14240.5501,14373.7777,14181.3378,14314.5654,16408700.0
2011-11-04,14551.4174,14877.085,14536.6144,14877.085,26704800.0
2011-11-07,14743.8604,14803.0727,14595.8297,14699.4512,14018050.0
2011-11-08,14595.8227,14655.0349,14284.9583,14358.9736,17069900.0
2011-11-09,14358.9784,14625.4336,14299.7661,14581.0244,19304250.0
2011-11-10,14314.5683,14403.3868,13840.8701,13840.8701,31006050.0
2011-11-11,13988.8975,14566.2171,13766.8516,14551.4141,24246750.0
2011-11-14,14625.4338,14832.6768,14610.6308,14743.8584,14136050.0
2011-11-15,14595.8277,14803.0707,14507.0093,14743.8584,11737100.0
2011-11-16,14729.0576,14847.4821,14403.3899,14432.9961,16934350.0
2011-11-17,14536.613,14684.6437,14225.7485,14507.0068,12943350.0
2011-11-18,14373.78,14462.5984,14240.5524,14255.3555,16310300.0
2011-11-21,14077.7171,14210.9447,13944.4895,14062.9141,12791900.0
2011-11-22,14062.9156,14373.78,13959.2941,14255.3555,12040600.0
2011-11-23,14033.31,14210.9469,13840.8701,13840.8701,15335700.0
2011-11-24,13648.4324,14107.3276,13633.6293,13959.2969,13680750.0
2011-11-25,13752.0525,14107.3262,13752.0525,14018.5078,11689400.0
2011-11-28,14196.1498,14536.6205,14181.3467,14477.4082,15724000.0
2011-11-29,14655.0389,14877.085,14595.8266,14877.085,27588450.0
2011-11-30,14803.0758,14951.1065,14743.8635,14862.2881,19579400.0
2011-12-01,15321.182,15987.3204,15232.3636,15898.502,34717150.0
2011-12-02,15706.0574,15854.0881,15395.1929,15543.2236,21917950.0
2011-12-05,15824.4805,15883.6928,15661.6467,15780.0713,14848100.0
2011-12-06,15646.8472,15839.2871,15409.998,15454.4072,14528550.0
2011-12-07,15543.2168,15809.6719,15409.9892,15632.0352,19746900.0
2011-12-08,15646.8502,16031.7301,15484.0163,15750.4717,25893000.0
2011-12-09,15528.4225,15898.4993,15350.7856,15587.6348,13804200.0
2011-12-12,15735.6591,16046.5234,15691.2499,16046.5234,12163550.0
2011-12-13,15898.4973,15913.3004,15543.2236,15543.2236,13210000.0
2011-12-14,15306.3769,15469.2107,15173.1492,15395.1953,21064350.0
2011-12-15,15232.3592,15335.9807,15025.1162,15025.1162,16963000.0
2011-12-16,15113.9296,15469.2031,15099.1265,15469.2031,12263200.0
2011-12-19,15469.205,15469.205,14566.2179,14906.6885,20485300.0
2011-12-20,14921.5006,15232.3652,14906.6975,14980.7129,13750300.0
2011-12-21,15321.1791,15646.8467,15261.9668,15646.8467,20402950.0
2011-12-22,15469.2086,15587.6331,15409.9963,15572.8301,10634550.0
2011-12-23,15632.0428,15898.4981,15632.0428,15809.6797,12299050.0
2011-12-26,15794.8744,15913.2989,15780.0713,15780.0713,6216250.0
2011-12-27,15809.68,15987.3168,15587.6339,15883.6953,11133650.0
2011-12-28,15958.0564,15958.0564,15764.7155,15779.5879,11023850.0
2011-12-29,15794.4573,16017.5428,15720.0954,15734.9678,10923900.0
2012-01-02,15913.4355,16062.1592,15839.0736,16062.1592,13151350.0
2012-01-03,16255.508,16433.9766,16240.6357,16433.9766,16927750.0
2012-01-04,16433.9684,16508.3303,15987.7973,16062.1592,17103700.0
2012-01-05,15958.0572,16047.2915,15690.3545,15690.3545,17298400.0
2012-01-06,15705.2285,15853.9523,15318.5468,15467.2705,18816250.0
2012-01-09,15467.266,15482.1384,15095.4567,15110.3291,19283000.0
2012-01-10,15184.6948,15407.7804,15184.6948,15259.0566,20414800.0
2012-01-11,15125.2048,15229.3115,15080.5877,15184.6943,19110150.0
2012-01-12,15110.3275,15303.6683,15035.9656,15288.7959,18511000.0
2012-01-13,15288.805,15615.9973,15259.0602,15556.5078,14630750.0
2012-01-16,15467.2687,15467.2687,15169.8212,15318.5449,11614950.0
2012-01-17,15482.1412,15586.2478,15229.3108,15407.7793,17084400.0
2012-01-18,15630.8648,15645.7371,15199.5659,15318.5449,15359650.0
2012-01-19,15437.5229,15943.1836,15422.6505,15943.1836,22385800.0
2012-01-20,16210.8909,16433.9766,16002.6776,16433.9766,25550800.0
2012-01-25,16240.6339,16731.4223,16240.6339,16567.8262,22751300.0
2012-01-26,16597.5742,16671.9361,16270.3818,16552.957,17655150.0
2012-01-27,16657.0542,16731.416,16523.2028,16731.416,12741200.0
2012-01-30,16790.9085,16805.7809,16493.4611,16582.6953,16354450.0
2012-01-31,16433.9779,16657.0636,16196.0198,16463.7227,21731350.0
2012-02-01,16463.7185,16463.7185,16032.4196,16047.292,22849650.0
2012-02-02,16151.3934,16419.0961,15883.6907,16062.1592,22402650.0
2012-02-03,15928.3111,16121.6519,15705.2255,15853.9492,17801400.0
2012-02-06,16121.6544,16225.761,15853.9517,15972.9307,15837500.0
2012-02-07,16017.5498,16300.1249,15958.0603,16255.5078,11921950.0
2012-02-08,16344.7326,16359.6049,16121.647,16240.626,11809400.0
2012-02-09,16166.2763,16210.8935,15764.7221,16121.6592,24005850.0
2012-02-10,16121.6532,16121.6532,15779.5886,15794.4609,18579100.0
2012-02-13,15898.567,16196.0145,15868.8223,16106.7803,16017250.0
2012-02-14,16121.6487,16196.0105,15972.925,16062.1592,12317400.0
2012-02-15,16329.8705,16924.7656,16240.6362,16880.1484,28522350.0
2012-02-16,16805.7866,16954.5103,16671.9352,16880.1484,15411800.0
2012-02-17,17237.076,17549.3957,17192.4589,17489.9062,17308450.0
2012-02-20,17519.6562,17757.6142,17341.1877,17475.0391,14814150.0
2012-02-21,17475.0405,17817.1051,17326.3167,17549.4023,10808250.0
2012-02-22,17579.1429,17846.8456,17430.4192,17802.2285,11779250.0
2012-02-23,17445.296,17534.5302,17118.1037,17251.9551,23259200.0
2012-02-24,17147.8482,17638.6366,17147.8482,17549.4023,14240300.0
2012-02-27,17460.164,17549.3982,17237.0784,17415.5469,8273300.0
2012-02-28,17787.3598,17846.8493,17564.2742,17623.7637,16648100.0
2012-02-29,17713.0003,17980.7031,17713.0003,17936.0859,17278300.0
2012-03-02,18069.9348,18099.6796,17534.5294,17579.1465,18023700.0
2012-03-05,17698.126,17712.9983,17341.189,17460.168,11175250.0
2012-03-06,17534.53,17742.7432,17356.0615,17549.4023,10572850.0
2012-03-07,17475.0331,17594.0121,17326.3094,17430.416,11521550.0
2012-03-08,17549.4023,17638.6366,17326.3167,17549.4023,20270400.0
2012-03-09,17712.9989,18307.8939,17668.3817,18293.0215,18228800.0
2012-03-12,18203.7796,18233.5243,17995.5664,17995.5664,11826950.0
2012-03-13,17846.85,18278.1489,17846.85,18159.1699,11985550.0
2012-03-14,18293.0193,18664.8287,18293.0193,18590.4668,18279650.0
2012-03-15,18605.3392,18739.1905,18471.4878,18590.4668,14038800.0
2012-03-16,18739.1883,18843.2949,18411.9961,18411.9961,18070200.0
2012-03-19,18367.3801,18858.1684,18352.5078,18739.1895,11881850.0
2012-03-20,18843.291,18992.0147,18739.1844,18843.291,11935500.0
2012-03-21,18739.1851,18739.1851,18471.4824,18471.4824,12913550.0
2012-03-22,18367.375,18783.8013,18367.375,18709.4395,12675450.0
2012-03-23,18486.3598,18947.4034,18486.3598,18754.0625,10818600.0
2012-03-26,18858.1688,18962.2754,18754.0622,18962.2754,9237800.0
2012-03-27,19111.0057,19497.6875,18977.1543,19497.6875,14186350.0
2012-03-28,19334.0834,19453.0624,19259.7215,19363.8281,9914550.0
2012-03-29,19319.2118,19319.2118,19036.6367,19036.6367,11670000.0
2012-03-30,18887.9135,19036.6373,18694.5727,18962.2754,15281700.0
2012-04-02,18962.2778,19319.2148,18754.0646,19319.2148,12582950.0
2012-04-03,19631.5355,19914.1106,19363.8327,19854.6211,16507900.0
2012-04-04,19795.1333,20092.5808,19557.1752,19631.5371,14599350.0
2012-04-05,19363.8237,19854.6118,19289.4618,19780.25,12921350.0
2012-04-06,19735.6381,19839.7447,19527.4249,19810.0,10289650.0
2012-04-09,19631.5351,19780.2588,19423.3218,19586.918,8572600.0
2012-04-10,19542.3046,19631.5389,19438.198,19497.6875,11176100.0
2012-04-12,19081.253,19319.211,18858.1674,18932.5293,25240650.0
2012-04-13,18813.5528,18992.0213,18739.1909,18858.1699,35409200.0
2012-04-16,18932.5336,18977.1507,18590.4689,18724.3203,15222400.0
2012-04-17,18605.3405,18798.6813,18456.6167,18575.5957,14552300.0
2012-04-18,18992.0225,19363.8318,18873.0435,19229.9805,17253750.0
2012-04-19,19215.1058,19438.1914,19170.4887,19438.1914,13156400.0
2012-04-20,19244.8513,19289.4684,19006.8933,19066.3828,9900550.0
2012-04-23,18873.04,19036.636,18768.9333,19021.7637,8388400.0
2012-04-24,18813.5512,19125.871,18768.9341,19081.2539,13238350.0
2012-04-25,19393.571,19557.1671,19229.9749,19408.4434,13821600.0
2012-04-26,19631.533,19928.9805,19586.9159,19928.9805,16479500.0
2012-04-27,20152.0675,20568.4939,20092.578,20434.6426,15905350.0
2012-04-30,20746.9674,20955.1807,20479.2646,20672.6055,15757100.0
2012-05-02,20970.0469,21089.0259,20806.4508,20970.0469,18420750.0
2012-05-03,20851.0696,20970.0486,20791.5801,20836.1973,10327050.0
2012-05-04,20449.5153,20791.5799,20062.8336,20226.4297,20484300.0
2012-05-07,19958.7305,20122.3266,19705.9001,19958.7305,18908450.0
2012-05-08,20047.9582,20107.4477,19914.1068,19943.8516,12048600.0
2012-05-09,19854.6184,20047.9593,19691.0223,19795.1289,12661700.0
2012-05-10,19765.3815,19869.4881,19661.2749,19735.6367,13145000.0
2012-05-11,19557.1677,19676.1466,19378.6992,19378.6992,13626400.0
2012-05-14,19408.4475,19735.6397,19393.5751,19542.2988,15092100.0
2012-05-15,19393.5809,19631.5389,19334.0913,19497.6875,15558100.0
2012-05-16,19304.343,19334.0877,18263.2767,18293.0215,38488900.0
2012-05-17,18293.0226,18486.3635,17861.7237,18188.916,33041100.0
2012-05-18,17906.3397,17921.2121,17326.3171,17341.1895,30023750.0
2012-05-21,17757.6136,18084.8058,17698.1241,17980.6992,23702750.0
2012-05-22,18664.8298,18664.8298,18248.4033,18441.7441,23830550.0
2012-05-23,18441.745,18441.745,17772.4882,18159.1699,16157100.0
2012-05-24,18040.1878,18218.6562,17817.1022,18218.6562,15251250.0
2012-05-25,18337.6352,18530.9761,18188.9115,18218.6562,10164250.0
2012-05-29,18025.3144,18411.9961,17936.0802,18411.9961,10815350.0
2012-05-30,18411.9978,18441.7425,18069.9332,18233.5293,12653250.0
2012-05-31,18040.1861,18040.1861,17727.8664,18010.4414,22106900.0
2012-06-01,18040.1835,18397.1203,17831.9703,18337.6309,13554450.0
2012-06-04,17817.1022,17921.2088,17727.8679,17787.3574,18068750.0
2012-06-05,17861.7201,17980.6991,17742.7411,17891.4648,12848900.0
2012-06-07,18426.8729,18813.5547,18337.6387,18813.5547,20928350.0
2012-06-08,18962.2741,18962.2741,18516.1029,18545.8477,9956350.0
2012-06-11,18917.6594,18962.2765,18828.4252,18858.1699,9906200.0
2012-06-12,18530.9748,18739.188,18516.1025,18664.8262,8805200.0
2012-06-13,18828.4252,18947.4042,18679.7015,18902.7871,9572600.0
2012-06-14,18873.0415,18902.7862,18679.7006,18754.0625,21995050.0
2012-06-15,18590.466,18739.1898,18055.0606,18099.6777,30404200.0
2012-06-18,18441.7423,18694.5726,18352.508,18486.3594,17608150.0
2012-06-19,18516.1067,18545.8515,18174.0421,18501.2344,14839400.0
2012-06-20,18575.5919,18813.5498,18516.1024,18620.209,13237700.0
2012-06-21,18352.509,18471.4879,18233.53,18248.4023,12753750.0
2012-06-22,17683.2531,17876.594,17549.4017,17579.1465,31294350.0
2012-06-25,17415.5459,17519.6525,16776.034,16835.5234,41318100.0
2012-06-26,16850.4005,17088.3585,16790.911,16939.6348,25283500.0
2012-06-27,16954.5007,17504.7784,16805.777,17356.0547,23542000.0
2012-06-28,17363.5002,17556.9239,17155.1977,17378.3789,10398350.0
2012-06-29,17363.4976,17869.375,17155.1951,17869.375,18604450.0
2012-07-02,17973.5298,17988.4086,17423.0161,17467.6523,19106750.0
2012-07-03,17586.6825,17750.3488,17408.1375,17482.5312,15801550.0
2012-07-04,17586.6753,17809.8564,17527.1603,17720.584,19158750.0
2012-07-05,17661.0719,17765.2232,17512.2845,17631.3145,9068550.0
2012-07-06,17765.2273,17765.2273,17155.1985,17274.2285,21158900.0
2012-07-09,16887.3775,16932.0137,16753.4688,16753.4688,21282300.0
2012-07-10,16887.3796,16991.5308,16679.0771,16768.3496,17720700.0
2012-07-11,16798.0998,16857.6147,16485.6462,16634.4336,18001300.0
2012-07-12,16679.0783,16753.4721,16232.7158,16232.7158,24858600.0
2012-07-13,16307.1121,17021.2922,16232.7183,16946.8984,27070750.0
2012-07-16,17036.1671,17184.9546,16857.6221,17140.3184,15261950.0
2012-07-17,17080.8039,17527.1664,16902.2589,17378.3789,15885300.0
2012-07-18,17542.0449,17631.3174,16932.0162,17170.0762,14618050.0
2012-07-19,17556.9127,17884.2449,17437.8827,17780.0938,24847100.0
2012-07-20,17884.2502,17899.1289,17720.584,17720.584,11992100.0
2012-07-23,17333.7437,17408.1374,17184.9562,17289.1074,12844350.0
2012-07-24,17333.7391,17482.5265,17244.4666,17408.1328,14598050.0
2012-07-25,17155.1922,17437.8884,16946.8898,17229.5859,13609850.0
2012-07-26,17393.2505,17467.6442,17259.3418,17437.8867,13654750.0
2012-07-27,17780.0999,18345.4922,17720.5849,18345.4922,26686200.0
2012-07-30,18747.2192,19015.0366,18613.3105,18970.4004,19113350.0
2012-07-31,19044.7995,19848.2519,18970.4057,19476.2832,33735650.0
2012-08-01,19223.3372,19565.5483,19089.4285,19342.3672,19039100.0
2012-08-02,19342.369,19401.884,18762.098,18791.8555,15951250.0
2012-08-03,18449.645,18851.3712,18419.8875,18494.2812,15582650.0
2012-08-06,19119.1934,19416.7684,19074.5572,19312.6172,12289150.0
2012-08-07,19387.0083,19401.8871,19104.3121,19253.0996,10258400.0
2012-08-08,19431.6448,19758.9772,19357.2511,19639.9473,19459150.0
2012-08-09,19654.8234,20056.5495,19610.1871,19937.5195,30612650.0
2012-08-10,19863.1329,20056.5566,19788.7391,20056.5566,14733250.0
2012-08-13,19967.2766,20041.6703,19684.5804,19714.3379,9891050.0
2012-08-14,19729.2179,20086.3078,19729.2179,20011.9141,14396850.0
2012-08-16,20145.8228,20160.7015,19907.7628,20011.9141,14824150.0
2012-08-17,19997.0311,20011.9098,19134.064,19267.9727,27642800.0
2012-08-20,18896.0099,19089.4336,18672.8287,19089.4336,19944800.0
2012-08-21,19223.3422,19372.1296,19074.5547,19074.5547,15315200.0
2012-08-22,18881.1301,19059.675,18702.5851,18806.7363,16031200.0
2012-08-23,18762.0979,19148.9453,18583.553,19148.9453,13857750.0
2012-08-24,18896.0067,19148.9453,18806.7342,18970.4004,14077200.0
2012-08-27,17690.8326,17899.1351,17452.7726,17556.9238,63803450.0
2012-08-28,17646.1851,17988.3961,17556.9127,17780.0938,27767400.0
2012-08-29,17988.4095,18375.257,17958.652,18300.8633,23415550.0
2012-08-30,18271.1054,18285.9841,17884.2579,18077.6816,16211400.0
2012-08-31,18018.1598,18360.3709,17958.6448,18345.4922,20301300.0
2012-09-03,18152.0739,18375.2551,17869.3777,18122.3164,13903800.0
2012-09-04,18137.1952,18271.1039,18003.2864,18122.3164,9916550.0
2012-09-05,17928.892,18033.0432,17690.832,17690.832,17381950.0
2012-09-06,17854.4974,17899.1337,17750.3462,17794.9824,12373750.0
2012-09-07,18300.8567,18613.3104,18152.0693,18598.4316,25512400.0
2012-09-10,18747.2191,18806.7341,18598.4316,18598.4316,15883700.0
2012-09-11,18449.6471,18821.6158,18330.6171,18687.707,9890800.0
2012-09-12,18866.2522,19267.9784,18732.3434,19253.0996,18473250.0
2012-09-13,19327.4964,19416.7689,19059.6789,19357.2539,19489950.0
2012-09-14,19788.7373,19922.646,19744.101,19878.0098,24872500.0
2012-09-17,19878.0084,19878.0084,19520.9184,19565.5547,14896000.0
2012-09-18,19550.6759,19878.0084,19461.4034,19565.5547,11232300.0
2012-09-19,19431.6419,19684.5806,19312.6119,19550.6719,12114550.0
2012-09-20,19238.2178,19416.7627,19104.3091,19148.9453,14199800.0
2012-09-21,19342.3734,19446.5246,19267.9796,19372.1309,14913400.0
2012-09-24,19342.3715,19758.9764,19223.3415,19744.0977,13195450.0
2012-09-25,19491.159,19848.2489,19491.159,19744.0977,11348000.0
2012-09-26,19535.7929,19714.3379,19431.6417,19714.3379,12054550.0
2012-09-27,19744.0955,19967.2767,19684.5805,19907.7617,14541600.0
2012-09-28,20220.2246,20235.1033,19922.6495,20026.8008,17906350.0
2012-10-02,20145.8208,20398.7594,20116.0633,20369.002,13376250.0
2012-10-04,20101.1881,20428.5205,19922.6431,20339.248,19127200.0
2012-10-05,20636.8235,20681.4597,20116.0673,20383.8848,17828800.0
2012-10-08,20458.2731,20517.7881,20235.092,20428.5156,12037600.0
2012-10-09,20279.7358,20547.5533,20279.7358,20413.6445,8788650.0
2012-10-10,20130.9428,20235.094,19714.3379,19714.3379,12976700.0
2012-10-11,19491.1592,19639.9467,19148.948,19401.8867,23779850.0
2012-10-12,19416.7583,19520.9095,19163.8197,19282.8496,14977250.0
2012-10-15,19282.8522,19520.9121,19148.9435,19342.3672,10334000.0
2012-10-16,19729.2174,19803.6112,19565.5512,19788.7324,10671300.0
2012-10-17,19967.2823,20026.7973,19580.4348,19878.0098,8984550.0
2012-10-18,19878.0099,19952.4037,19758.9799,19892.8887,10498450.0
2012-10-19,19684.5846,19714.3421,19327.4946,19372.1309,13969950.0
2012-10-22,19000.1622,19595.3122,18985.2835,19565.5547,11741150.0
2012-10-23,19625.0713,19669.7076,19372.1326,19535.7988,9253550.0
2012-10-24,19297.731,19476.2759,19178.701,19342.3672,13454500.0
2012-10-25,19282.8595,19669.707,19208.4658,19669.707,11881100.0
2012-10-26,19431.6415,19520.9139,19148.9453,19148.9453,13793850.0
2012-10-29,19312.6154,19327.4941,19029.9192,19327.4941,11448050.0
2012-10-30,19327.4959,19401.8897,19223.3447,19312.6172,6643850.0
2012-10-31,19431.6491,19520.9216,19327.4978,19491.1641,10604850.0
2012-11-01,19267.9827,19372.134,19193.589,19297.7402,10455600.0
2012-11-02,19625.0677,19833.3701,19535.7952,19744.0977,18521400.0
2012-11-05,19758.9728,20071.4264,19639.9428,19952.3965,13062050.0
2012-11-06,20071.4297,20071.4297,19818.491,20071.4297,8981800.0
2012-11-07,19982.1573,20264.8535,19863.1273,20264.8535,9676400.0
2012-11-08,20056.5511,20190.4598,19952.3999,20086.3086,15326600.0
2012-11-09,19863.124,20101.1839,19729.2153,19952.3965,14550300.0
2012-11-12,19803.6116,20041.6716,19803.6116,20011.9141,6959250.0
2012-11-13,20041.6722,20071.4297,19729.2185,20071.4297,7325850.0
2012-11-14,20190.4665,20190.4665,20026.8002,20160.709,10436000.0
2012-11-15,19863.1302,19907.7665,19729.2215,19803.6152,9959100.0
2012-11-16,19669.7027,19729.2177,19357.249,19446.5215,12172550.0
2012-11-19,19565.5535,19967.2797,19535.796,19818.4922,10137500.0
2012-11-20,20130.947,20309.492,20026.7958,20294.6133,13420300.0
2012-11-21,20473.1633,20785.6171,20413.6483,20592.1934,17780400.0
2012-11-22,20740.9686,21112.9372,20696.3324,21083.1797,14930950.0
2012-11-23,21157.5747,21455.1496,21083.181,21380.7559,12322050.0
2012-11-26,21455.1561,21470.0349,20815.3699,20889.7637,13749850.0
2012-11-27,20904.6385,21246.8496,20889.7597,21068.3047,11836200.0
2012-11-28,20830.2443,21395.6366,20770.7293,21023.668,14055800.0
2012-11-29,20860.0019,21157.5768,20860.0019,21038.5469,13073300.0
2012-11-30,21172.4602,21202.2177,20815.3702,20919.5215,16427600.0
2012-12-03,21127.8238,21365.8838,20949.2788,21276.6113,10220850.0
2012-12-04,21306.3688,21336.1263,21127.8238,21276.6113,9504900.0
2012-12-05,21276.6075,21648.5762,21231.9713,21648.5762,12436400.0
2012-12-06,21841.9997,21886.636,21336.1223,21633.6973,14248700.0
2012-12-07,21574.1806,22288.3604,21574.1806,22020.543,15882450.0
2012-12-10,22407.3981,22407.3981,22094.9443,22184.2168,13056100.0
2012-12-11,22288.3597,22288.3597,21856.8761,21961.0273,12657350.0
2012-12-12,21916.3991,22258.6104,21916.3991,22169.3379,15244450.0
2012-12-13,22318.1148,22809.1133,22213.9636,22809.1133,30680500.0
2012-12-14,22556.1795,22853.7545,22437.1496,22541.3008,13905250.0
2012-12-17,22332.9984,22675.2095,22273.4834,22362.7559,15511100.0
2012-12-18,22318.1196,22556.1795,22243.7259,22541.3008,13538450.0
2012-12-20,22541.3008,22749.6033,22243.7259,22362.7559,20128500.0
2012-12-21,22213.9684,22258.6047,21425.3949,21455.1523,27576200.0
2012-12-24,21544.426,21961.0309,21455.1535,21931.2734,14488550.0
2012-12-26,22020.5531,22362.7644,21871.7656,21871.7656,14038700.0
2012-12-27,21983.9207,22432.5721,21983.9207,22372.752,9143900.0
2012-12-28,22253.1085,22881.2204,22238.1535,22761.5801,10562750.0
2013-01-02,22926.0968,23569.1641,22836.3664,23569.1641,11449650.0
2013-01-03,23658.8855,23688.7956,23075.6387,23075.6387,14227400.0
2013-01-04,23030.7749,23060.685,22582.1235,22806.4492,12999800.0
2013-01-07,22656.9005,22851.3162,22432.5748,22731.6758,12610950.0
2013-01-08,22626.9879,22686.8081,22402.6622,22432.5723,13822250.0
2013-01-09,22432.5723,22626.9879,22297.9768,22432.5723,12659950.0
2013-01-10,22656.8969,22941.0428,22432.5712,22881.2227,14663600.0
2013-01-11,23150.4116,23150.4116,22537.2547,22926.0859,11913550.0
2013-01-14,23015.8188,23210.2344,22851.3132,23210.2344,7999950.0
2013-01-15,23329.8755,23329.8755,22612.0332,22612.0332,10727150.0
2013-01-16,22641.9447,22821.4053,22178.3381,22312.9336,16221000.0
2013-01-17,22462.4834,22462.4834,21684.8209,21968.9668,20236700.0
2013-01-18,22133.4688,22238.1541,21759.5926,22133.4688,12516600.0
2013-01-21,21894.1891,22058.6947,21654.9084,21744.6387,14519650.0
2013-01-22,21610.0421,22238.1541,21610.0421,22133.4688,11947400.0
2013-01-23,22432.5734,22462.4835,22028.7871,22028.7871,9293550.0
2013-01-24,21954.0172,21968.9722,21550.2308,21729.6914,15999050.0
2013-01-25,21834.3678,21849.3228,21011.8402,21191.3008,21795250.0
2013-01-28,20877.2533,20952.0286,20503.377,20518.332,30852150.0
2013-01-29,20787.5162,21206.2575,20637.9657,21071.6621,21616550.0
2013-01-30,21325.9008,21535.2715,21116.5301,21535.2715,16170100.0
2013-01-31,21385.7193,21654.9102,21266.0789,21654.9102,16052800.0
2013-02-01,21834.3705,21834.3705,21266.0787,21550.2246,11576200.0
2013-02-04,21684.814,21729.6791,21191.2976,21490.3984,12861900.0
2013-02-05,21161.397,21580.1385,21146.442,21460.498,11388100.0
2013-02-06,21535.2731,21580.1382,21340.8574,21340.8574,6897150.0
2013-02-07,21520.3178,21520.3178,21236.1719,21236.1719,9721100.0
2013-02-08,21206.2572,21983.9197,21161.3921,21864.2793,13423850.0
2013-02-12,22193.2984,22193.2984,21819.4221,21954.0176,8419750.0
2013-02-13,22043.7368,22268.0624,21774.5459,22238.1523,9209050.0
2013-02-14,22283.0254,22342.8456,22088.6097,22283.0254,7534100.0
2013-02-15,22283.0237,22402.6641,22088.608,22402.6641,7599950.0
2013-02-18,22283.0254,22447.5309,22148.4299,22283.0254,7109950.0
2013-02-19,22133.473,22417.6189,22118.518,22312.9336,6132250.0
2013-02-20,22462.4856,23105.5527,22387.7103,23105.5527,18039350.0
2013-02-21,23030.7796,23299.9705,22956.0043,23180.3301,13123650.0
2013-02-22,22881.2227,23150.4135,22731.6722,22881.2227,13852650.0
2013-02-25,23165.3686,23165.3686,22881.2227,22881.2227,8897550.0
2013-02-26,22656.9007,23000.8669,22552.2154,22836.3613,9244750.0
2013-02-27,23314.9229,23314.9229,22716.7209,22836.3613,8938200.0
2013-02-28,22881.227,23240.1482,22881.227,23090.5977,12784200.0
2013-03-04,23374.7415,23374.7415,22881.2249,23015.8203,13276850.0
2013-03-05,23270.0604,23389.7008,23150.42,23180.3301,9294600.0
2013-03-06,23509.3395,23554.2047,23135.4632,23329.8789,10148650.0
2013-03-07,23150.4172,23180.3273,22612.0354,22731.6758,13482700.0
2013-03-08,22656.9019,22686.812,22268.0706,22417.6211,18941000.0
2013-03-11,22327.8891,22612.035,22208.2487,22552.2148,13748250.0
2013-03-12,22492.3923,22612.0327,22283.0216,22342.8418,8746550.0
2013-03-13,22522.3053,22866.2714,22447.53,22836.3613,11303550.0
2013-03-14,22851.3162,22941.0465,22417.6197,22731.6758,12557800.0
2013-03-15,22866.266,22866.266,22133.4688,22133.4688,36618350.0
2013-03-18,21834.3746,21834.3746,21445.5433,21610.0488,26439550.0
2013-03-19,21684.8191,22312.9311,21654.909,22058.6953,13977100.0
2013-03-20,21834.3711,22208.2473,21774.5509,21834.3711,13515750.0
2013-03-21,21849.328,22043.7437,21774.5528,21789.5078,11768550.0
2013-03-22,21804.4608,21954.0113,21714.7306,21759.5957,10687100.0
2013-03-25,22133.4731,22357.7988,21983.9226,22357.7988,10272050.0
2013-03-26,22357.7973,22761.5836,22297.9771,22567.168,16830000.0
2013-03-27,22656.8981,22671.8532,22238.1568,22492.3926,12881400.0
2013-03-28,22477.4358,22582.1211,22387.7055,22582.1211,7989600.0
2013-03-29,22791.4962,22911.1366,22686.8108,22836.3613,9533700.0
2013-04-01,22955.9993,22955.9993,22612.0332,22612.0332,5295500.0
2013-04-02,22582.1235,22911.1346,22582.1235,22806.4492,8574850.0
2013-04-03,22821.4061,22851.3162,22567.1703,22746.6309,10882700.0
2013-04-04,22686.8083,22716.7184,22417.6174,22522.3027,10700450.0
2013-04-05,22507.3516,22671.8571,22327.891,22507.3516,14977350.0
2013-04-08,22507.35,22896.1813,22387.7096,22731.6758,12959500.0
2013-04-09,22836.3575,22881.2226,22582.1216,22851.3125,9244000.0
2013-04-10,23030.7768,23030.7768,22626.9905,22746.6309,11779700.0
2013-04-11,22746.6314,23030.7773,22701.7662,23030.7773,11291500.0
2013-04-12,23030.7767,23180.3272,22626.9903,22686.8105,10744050.0
2013-04-15,22477.4381,22955.9996,22477.4381,22776.5391,10767300.0
2013-04-16,22507.3464,22911.1327,22447.5262,22851.3125,18551850.0
2013-04-17,23419.602,23419.602,22641.9396,22701.7598,10491100.0
2013-04-18,22731.6767,22761.5868,22148.4297,22178.3398,13358400.0
2013-04-19,21909.1448,22312.9311,21759.5944,22058.6953,15704000.0
2013-04-22,22283.0219,22477.4375,21909.1457,22477.4375,9335850.0
2013-04-23,22432.5757,22477.4409,22043.7444,22178.3398,8864850.0
2013-04-24,22208.2422,22342.8376,22043.7367,22223.1973,10086550.0
2013-04-25,21983.9206,22342.8418,21983.9206,22342.8418,10463900.0
2013-04-26,22357.7927,22387.7028,22013.8266,22223.1973,11651600.0
2013-04-29,22297.9782,22312.9333,22058.6974,22148.4277,8500150.0
2013-04-30,22283.0243,22881.2263,22253.1142,22731.6758,18705000.0
2013-05-02,22821.4024,22911.1327,22686.807,22851.3125,10048950.0
2013-05-03,22956.0,22985.9101,22746.6293,22956.0,6559050.0
2013-05-06,23030.7726,23030.7726,22612.0313,22641.9414,8654300.0
2013-05-07,22552.2144,22552.2144,22297.9786,22327.8887,11434500.0
2013-05-08,22327.8905,22402.6657,22118.5198,22253.1152,14921950.0
2013-05-09,22283.0203,22731.6717,22268.0653,22656.8965,10806150.0
2013-05-10,22641.9382,22641.9382,22073.6465,22073.6465,11794850.0
2013-05-13,21998.8771,22133.4726,21864.2817,22088.6074,8750100.0
2013-05-14,22238.1566,22432.5723,22178.3364,22432.5723,9002650.0
2013-05-15,22208.2465,22432.5723,22193.2915,22432.5723,10594800.0
2013-05-16,22447.5295,22641.9451,22432.5744,22552.2148,14657550.0
2013-05-20,22462.4842,22612.0347,22372.7539,22387.709,12288850.0
2013-05-21,22582.1245,22582.1245,22208.2482,22312.9336,11600400.0
2013-05-22,22492.3927,22582.123,22297.9771,22567.168,9923100.0
2013-05-23,22312.9373,22462.4878,22193.2969,22193.2969,11994150.0
2013-05-24,22238.1523,22342.8376,22013.8266,22223.1973,10190600.0
2013-05-27,22283.0234,22417.6189,22238.1583,22268.0684,6146400.0
2013-05-28,22148.4317,22372.7575,22148.4317,22193.2969,11588050.0
2013-05-29,22193.2918,22776.5387,22178.3368,22612.0332,14760550.0
2013-05-30,22701.7663,23165.3729,22612.036,23090.5977,22778000.0
2013-05-31,23120.5056,23314.9213,22985.9102,23000.8652,18025050.0
2013-06-03,22970.951,23314.9171,22851.3107,22911.1309,10309450.0
2013-06-04,22926.092,23060.6874,22746.6314,23030.7773,8496600.0
2013-06-05,23165.3723,23225.1925,22746.6309,22746.6309,13590650.0
2013-06-07,22058.6999,22208.2504,21295.9923,21340.8574,54290800.0
2013-06-10,21236.1701,21580.1362,21146.4398,21310.9453,26677700.0
2013-06-11,21101.5696,21221.21,20608.0531,20772.5586,34613000.0
2013-06-12,20608.053,20981.9291,20368.7722,20712.7383,22887650.0
2013-06-13,20637.9701,20892.2059,20294.0039,20294.0039,33509850.0
2013-06-14,20413.6407,20593.1013,20294.0004,20473.4609,17558350.0
2013-06-17,20488.4139,20608.0543,20413.6387,20428.5938,11758450.0
2013-06-18,20458.5045,20742.6504,20338.8641,20742.6504,11043050.0
2013-06-19,20667.8766,20712.7417,20398.6857,20473.4609,10270250.0
2013-06-20,20084.6285,20159.4037,19830.3927,19875.2578,17817950.0
2013-06-21,19351.8291,19935.0759,19292.0089,19815.4355,27677800.0
2013-06-24,20189.3193,20189.3193,19635.9824,19635.9824,15847900.0
2013-06-25,19456.5253,19710.7612,19262.1096,19396.7051,20774950.0
2013-06-26,19456.5224,19516.3426,18619.0395,18858.3203,31751200.0
2013-06-27,19374.4688,20107.5569,19239.82,20032.752,25756150.0
2013-06-28,20197.3305,20197.3305,19883.1498,20077.6426,20961250.0
2013-07-01,19957.9515,20137.4833,19778.4197,19838.2637,12825950.0
2013-07-02,20047.717,20227.2488,19898.1072,19972.9121,10214450.0
2013-07-03,19957.9567,20032.7616,19374.4782,19464.2441,12822050.0
2013-07-04,19479.1986,19703.6133,19389.4327,19703.6133,9042650.0
2013-07-05,19239.8172,19673.6855,18850.8318,18955.5586,30382800.0
2013-07-08,18701.2276,18820.9155,18087.8274,18342.1641,26480150.0
2013-07-09,18402.0075,18701.2271,18387.0465,18506.7344,19694950.0
2013-07-10,18626.4198,18731.1467,18506.732,18671.3027,17305650.0
2013-07-11,18716.1905,19628.8105,18716.1905,19628.8105,20788350.0
2013-07-12,19748.4984,19808.3424,19464.2397,19628.8105,11391300.0
2013-07-15,19673.6935,19733.5374,19224.8639,19643.7715,9629600.0
2013-07-16,19718.5731,19763.4561,19299.6657,19419.3535,9300950.0
2013-07-17,19464.2394,19898.1079,19239.8246,19748.498,12302300.0
2013-07-18,19823.3043,19823.3043,19329.5918,19329.5918,15704200.0
2013-07-19,19269.7428,19374.4697,18910.6793,19045.3281,16271300.0
2013-07-22,19150.055,19284.7038,18925.6403,19045.3281,10351150.0
2013-07-23,19045.3248,19553.998,19030.3638,19553.998,11948900.0
2013-07-24,19554.0016,19703.6114,19374.4698,19673.6895,8772650.0
2013-07-25,19703.6114,19778.4163,19568.9626,19673.6895,8495650.0
2013-07-26,19658.727,19733.5319,19434.3123,19494.1562,13619550.0
2013-07-29,19314.6273,19449.2761,19135.0955,19194.9395,11821850.0
2013-07-30,19105.1713,19374.469,19105.1713,19299.6641,9425350.0
2013-07-31,19150.0527,19299.6625,19135.0918,19150.0527,12735500.0
2013-08-01,19224.8576,19269.7406,19060.2869,19150.0527,9058900.0
2013-08-02,19344.5452,19449.2721,19179.9744,19239.8184,11241350.0
2013-08-05,19194.9438,19194.9438,19060.2949,19060.2949,8079850.0
2013-08-06,18626.4157,19030.362,18626.4157,18761.0645,14493700.0
2013-08-07,18506.7331,18551.616,18282.3184,18282.3184,15778100.0
2013-08-08,18147.6697,18476.8113,18147.6697,18207.5137,17910800.0
2013-08-09,18387.0507,18566.5826,18252.4019,18402.0117,12080200.0
2013-08-12,18402.0077,18671.3054,18327.2028,18431.9297,10140600.0
2013-08-13,18611.459,19299.6641,18581.537,19299.6641,20929450.0
2013-08-14,19284.7046,19449.2754,19224.8607,19449.2754,13005100.0
2013-08-16,19239.8219,19464.2366,19179.9779,19374.4707,11416600.0
2013-08-19,19239.8184,19389.4281,19150.0525,19239.8184,6499850.0
2013-08-20,19389.4289,19524.0777,18985.4824,18985.4824,14230950.0
2013-08-21,18925.641,19179.9777,18790.9922,18790.9922,12346050.0
2013-08-22,18701.2244,18955.5611,18626.4195,18776.0293,11984850.0
2013-08-23,19150.056,19449.2756,19015.4072,19374.4707,17203400.0
2013-08-26,19464.2364,19524.0803,19389.4315,19449.2754,11519650.0
2013-08-27,19554.004,19583.926,19374.4723,19509.1211,9130800.0
2013-08-28,19209.8993,19598.8848,19209.8993,19583.9238,9492550.0
2013-08-29,19703.6178,20167.4084,19658.7349,20107.5645,16315000.0
2013-08-30,20346.9371,20466.625,20212.2883,20466.625,17135800.0
2013-09-02,20466.6258,20511.5087,20197.3281,20212.2891,10081600.0
2013-09-03,20406.7785,20406.7785,19838.2612,20002.832,11798500.0
2013-09-04,19898.105,20257.1686,19763.4562,20047.7148,10920050.0
2013-09-05,20496.5432,20511.5042,20317.0114,20421.7383,15100100.0
2013-09-06,20496.5411,20571.346,20317.0093,20481.5801,11937950.0
2013-09-09,20511.5038,20571.3477,20391.816,20541.4258,9291550.0
2013-09-10,20481.5771,20885.5234,20466.6161,20885.5234,14717650.0
2013-09-11,20915.451,20975.2949,20720.9583,20975.2949,13353000.0
2013-09-12,21020.1756,21304.4342,20870.5658,21094.9805,21805400.0
2013-09-13,21080.0275,21094.9885,20885.5347,21035.1445,12281500.0
2013-09-16,21289.4726,21319.3945,21109.9408,21319.3945,11710700.0
2013-09-17,21244.5853,21244.5853,20661.1072,20735.9121,17181350.0
2013-09-23,20421.7405,20661.1162,20242.2087,20346.9355,24362900.0
2013-09-24,20077.6354,20631.1917,20017.7915,20541.4258,15138900.0
2013-09-25,20451.6622,20556.3891,20212.2865,20406.7793,11176450.0
2013-09-26,20406.7789,20526.4668,20287.0911,20526.4668,10374700.0
2013-09-27,20571.3461,20601.268,20391.8143,20436.6973,11613250.0
2013-09-30,20436.6992,20676.0749,20346.9333,20451.6602,11650900.0
2013-10-01,20646.1542,20691.0372,20346.9346,20676.0762,9773150.0
2013-10-02,20915.458,21319.4046,20795.7701,21214.6777,17586350.0
2013-10-04,21513.8974,21573.7414,21154.8338,21214.6777,15753700.0
2013-10-07,21498.9336,21498.9336,21319.4018,21483.9727,10228250.0
2013-10-08,21199.7104,21439.0861,21199.7104,21394.2031,10546000.0
2013-10-10,21259.5543,21424.1251,21259.5543,21394.2031,13819000.0
2013-10-11,21543.8124,21648.5392,21483.9684,21588.6953,11254150.0
2013-10-14,21663.5024,21678.4634,21513.8926,21513.8926,7373700.0
2013-10-15,21693.4235,21798.1504,21618.6186,21798.1504,10023650.0
2013-10-16,21977.6825,21977.6825,21618.6189,21693.4238,8010600.0
2013-10-17,21843.0292,21962.717,21753.2633,21887.9121,9099350.0
2013-10-18,22022.5645,22067.4474,21887.9156,22022.5645,7852150.0
2013-10-21,22067.4517,22276.9055,21753.271,21902.8809,7126050.0
2013-10-22,21843.0315,21843.0315,21454.046,21768.2266,12353250.0
2013-10-23,21902.874,21902.874,21483.9665,21573.7324,8598450.0
2013-10-24,21409.1594,21678.457,21379.2375,21678.457,8915650.0
2013-10-25,21693.418,21723.34,21439.0814,21678.457,6735300.0
2013-10-28,21917.8391,22217.0587,21813.1122,22172.1758,11307700.0
2013-10-29,22291.8633,22291.8633,22112.3315,22291.8633,10334900.0
2013-10-30,22217.056,22441.4707,22202.095,22441.4707,10588400.0
2013-10-31,22411.5463,22471.3902,21917.834,21917.834,12647050.0
2013-11-01,22291.8609,22441.4707,21962.7193,22441.4707,11357700.0
2013-11-04,22321.7887,22471.3986,22276.9058,22426.5156,10887800.0
2013-11-05,22471.3913,22471.3913,22022.562,22217.0547,8009300.0
2013-11-06,22411.5529,22411.5529,21678.4648,21708.3867,12218400.0
2013-11-07,21708.3834,21753.2664,21319.3979,21498.9297,13006800.0
2013-11-08,21109.9414,21364.2781,21050.0975,21094.9805,13681350.0
2013-11-11,21319.3983,21454.0471,21080.0226,21364.2812,8563850.0
2013-11-12,21543.8118,21932.7973,21483.9679,21783.1875,9784900.0
2013-11-13,21618.6203,21678.4643,21229.6348,21229.6348,9995200.0
2013-11-14,21768.2279,21768.2279,21304.4375,21304.4375,10132150.0
2013-11-15,21454.0476,21872.9551,21424.1256,21872.9551,8339250.0
2013-11-18,21992.6405,22082.4063,21917.8356,22052.4844,6386800.0
2013-11-19,22187.1345,22276.9004,22097.3686,22276.9004,8183550.0
2013-11-20,22037.5314,22246.9852,21902.8825,21992.6484,8178150.0
2013-11-21,22022.5599,22022.5599,21424.1208,21543.8086,9019800.0
2013-11-22,21558.775,21783.1897,21409.1652,21693.4238,8574600.0
2013-11-25,21708.3803,22022.5608,21708.3803,21917.834,6615300.0
2013-11-26,21813.1123,22127.293,21768.2294,22127.293,8586250.0
2013-11-27,21947.7655,22082.4143,21843.0386,21992.6484,9351700.0
2013-11-28,22142.2475,22351.7012,22127.2865,22351.7012,10644900.0
2013-11-29,22426.5061,22426.5061,22217.0524,22351.7012,6752200.0
2013-12-02,22441.4622,22486.3451,21947.75,21947.75,7487800.0
2013-12-03,21902.879,22112.3328,21798.1522,21857.9961,7798600.0
2013-12-04,21693.4246,21738.3076,21409.166,21424.127,10844000.0
2013-12-05,21439.0817,21633.5745,21274.511,21543.8086,10479650.0
2013-12-06,21753.2668,21753.2668,21364.2812,21364.2812,9147450.0
2013-12-09,21543.808,21753.2617,21543.808,21753.2617,6996900.0
2013-12-10,21558.7696,21708.3794,21409.1598,21543.8086,7755600.0
2013-12-11,21334.3616,21603.6593,21184.7518,21244.5957,10629150.0
2013-12-12,20885.5268,21094.9805,20885.5268,21094.9805,14962050.0
2013-12-13,21094.9873,21109.9482,20795.7676,20795.7676,10053250.0
2013-12-16,20810.7184,21005.2111,20691.0306,20945.3672,8954400.0
2013-12-17,21199.702,21199.702,20840.6386,20870.5605,7762400.0
2013-12-18,21020.1759,21094.9808,20855.6052,20960.332,10899200.0
2013-12-19,21214.6715,21454.0472,21214.6715,21349.3203,10552400.0
2013-12-20,21139.8666,21349.3203,21139.8666,21349.3203,8407400.0
2013-12-23,21498.9279,21513.8889,21379.2401,21439.084,10639200.0
2013-12-24,21394.2018,21424.1238,21169.7871,21169.7871,10980350.0
2013-12-26,21065.0605,21169.7874,20960.3337,21065.0605,12307800.0
2013-12-27,21303.7828,21318.8918,21077.1468,21092.2559,10510000.0
2013-12-30,21092.2622,21107.3713,20548.3357,20729.6445,16908100.0
2014-01-02,20367.0212,20472.7846,19672.0041,19777.7676,31025000.0
2014-01-03,19641.7839,19807.9836,19445.3661,19581.3477,26496600.0
2014-01-06,19687.1184,19943.9726,19581.3549,19747.5547,19735800.0
2014-01-07,19641.7903,19913.7535,19566.2449,19702.2266,19763200.0
2014-01-08,19641.7902,19702.2265,19445.3723,19505.8086,20474650.0
2014-01-09,19747.5487,19747.5487,19264.0586,19264.0586,21250950.0
2014-01-10,19264.0616,19430.2613,19218.7344,19218.7344,18189150.0
2014-01-13,19384.9353,19596.4623,19233.8446,19566.2441,16449350.0
2014-01-14,19596.4639,20095.0632,19490.7004,19838.209,14716650.0
2014-01-15,20095.0608,20110.1699,19611.5706,19626.6797,11747450.0
2014-01-16,19641.7855,19792.8761,19536.022,19656.8945,9752450.0
2014-01-17,19656.8957,19868.4226,19520.9141,19520.9141,12774250.0
2014-01-20,19717.3315,19928.8584,19581.3499,19883.5312,8682800.0
2014-01-21,19868.4285,20049.7374,19807.9922,20004.4102,7562300.0
2014-01-22,19853.3091,20064.8359,19823.0909,20064.8359,10826500.0
2014-01-23,19883.5338,19974.1883,19626.6797,19626.6797,10336950.0
2014-01-24,19641.7912,19913.7545,19505.8096,19747.5547,14001750.0
2014-01-27,19536.0231,19702.2229,19415.1506,19520.9141,13346300.0
2014-01-28,19233.841,19536.0223,19233.841,19384.9316,11701350.0
2014-01-29,19339.6074,19460.48,19294.2802,19339.6074,19181850.0
2014-02-03,19430.2613,19460.4795,19203.6253,19218.7344,16259200.0
2014-02-04,19082.7555,19082.7555,18871.2285,18871.2285,16033000.0
2014-02-05,18810.7925,18961.8832,18644.5927,18689.9199,14926650.0
2014-02-06,18810.7895,19143.1889,18735.2441,19022.3164,15197450.0
2014-02-07,19264.0586,19324.4949,19082.7498,19264.0586,9943600.0
2014-02-10,19203.6249,19354.7156,19067.6433,19294.2793,7799650.0
2014-02-11,19354.7181,19868.4265,19218.7365,19807.9902,12684000.0
2014-02-12,20110.1724,20110.1724,19717.3365,19747.5547,10027400.0
2014-02-13,19641.7924,19943.9738,19490.7017,19611.5742,5838450.0
2014-02-14,19581.3492,19762.658,19520.9129,19656.8945,6220750.0
2014-02-17,19520.9178,19732.4448,19339.6089,19415.1543,9386650.0
2014-02-18,19415.1535,19626.6804,19369.8262,19566.2441,5910650.0
2014-02-19,19641.7879,19641.7879,19339.6066,19490.6973,6179750.0
2014-02-20,19490.696,19581.3504,19354.7144,19430.2598,9543300.0
2014-02-21,20140.3838,20140.3838,19641.7847,20095.0566,14346200.0
2014-02-24,20155.4903,20321.69,19959.0725,20064.8359,7425050.0
2014-02-25,20125.2799,20246.1525,20034.6255,20155.498,8785300.0
2014-02-26,20200.8257,20291.4802,20019.5169,20276.3711,12918050.0
2014-02-27,20170.6054,20276.3688,20095.06,20261.2598,7891350.0
2014-02-28,20200.8163,20382.125,20125.2709,20382.125,14232350.0
2014-03-03,20185.7134,20246.1497,19959.0774,20019.5137,12104150.0
2014-03-04,19943.9711,20079.9527,19868.4258,19868.4258,7900150.0
2014-03-05,20170.602,20261.2564,20095.0566,20095.0566,7491500.0
2014-03-06,20079.9463,20079.9463,19792.8741,20034.6191,8616750.0
2014-03-07,20231.0371,20231.0371,20079.9465,20231.0371,7548650.0
2014-03-10,19943.9707,20095.0614,19898.6435,19943.9707,8657600.0
2014-03-11,19943.9694,20049.7328,19777.7696,19974.1875,9079800.0
2014-03-12,19943.9686,19943.9686,19536.0237,19551.1328,12579250.0
2014-03-13,19551.1335,19838.2058,19490.6973,19490.6973,11750200.0
2014-03-14,19188.5133,19415.1492,19188.5133,19264.0586,10836800.0
2014-03-17,19264.0558,19279.1649,19007.2017,19128.0742,8820000.0
2014-03-18,19188.5181,19384.936,19128.0818,19309.3906,11045600.0
2014-03-19,19339.608,19415.1533,19158.2991,19173.4082,7638550.0
2014-03-20,19188.5151,19218.7332,19067.6426,19067.6426,5939400.0
2014-03-21,19173.4055,19233.8418,19067.6421,19233.8418,8321300.0
2014-03-24,19037.4239,19248.9509,19022.3149,19233.8418,7073900.0
2014-03-25,19173.4033,19188.5124,18750.3495,18841.0039,13625000.0
2014-03-26,19173.4092,19490.6996,18856.1187,19415.1543,17444700.0
2014-03-27,19490.7025,20140.3926,19415.1571,20140.3926,20877850.0
2014-03-28,19943.9695,20215.9327,19943.9695,20170.6055,10648700.0
2014-03-31,20321.6967,20321.6967,19974.1881,20291.4785,13259850.0
2014-04-01,20321.6915,20321.6915,20110.1646,20231.0371,11081000.0
2014-04-02,20397.2385,20503.002,20291.475,20503.002,13100050.0
2014-04-03,20412.3499,21077.1489,20412.3499,21001.6035,19098800.0
2014-04-04,20805.1865,21107.3678,20805.1865,20850.5137,18400350.0
2014-04-07,21107.3672,21107.3672,20759.8586,21107.3672,10761750.0
2014-04-08,20956.2775,21137.5864,20774.9687,21062.041,10608200.0
2014-04-09,21062.0418,21077.1509,20608.7697,20714.5332,16061600.0
2014-04-10,20684.3139,20850.5137,20548.3323,20850.5137,9999200.0
2014-04-11,20578.5498,20669.2042,20533.2225,20623.877,10659350.0
2014-04-14,20623.8804,20941.1709,20623.8804,20699.4258,10586000.0
2014-04-15,20941.1709,20956.28,20684.3167,20699.4258,10969800.0
2014-04-16,20699.423,21031.8225,20593.6595,20850.5137,9308550.0
2014-04-17,20790.0802,20850.5165,20638.9895,20699.4258,7241650.0
2014-04-18,20699.4185,20835.4001,20699.4185,20820.291,9518350.0
2014-04-21,20835.4046,20941.1681,20774.9683,20850.5137,3299250.0
2014-04-22,20759.8558,20910.9464,20714.5286,20774.9648,6084300.0
2014-04-23,21062.0356,21077.1446,20880.7268,20986.4902,9500750.0
2014-04-24,21288.6732,21288.6732,21137.5826,21258.4551,10546200.0
2014-04-25,21454.8724,21575.7449,21122.473,21137.582,15269800.0
2014-04-28,21213.1259,21243.344,20880.7265,20971.3809,9431450.0
2014-04-29,20986.491,21077.1454,20412.3465,20548.3281,10909200.0
2014-04-30,20850.514,20865.6231,20034.6244,20291.4785,15047300.0
2014-05-02,20457.6792,20533.2245,20306.5885,20336.8066,14943350.0
2014-05-07,20397.2482,20487.9026,20246.1575,20306.5938,14189700.0
2014-05-08,20472.7797,20472.7797,20306.58,20397.2344,16281900.0
2014-05-09,20487.8959,20518.114,20034.6239,20170.6055,13157050.0
2014-05-12,20185.7095,21077.1443,20125.2733,20971.3809,15944800.0
2014-05-13,20971.3826,21530.418,20971.3826,21152.6914,12107400.0
2014-05-14,21288.6757,21379.3301,21167.8031,21379.3301,11103750.0
2014-05-15,21364.2273,21439.7727,21198.0275,21303.791,6806700.0
2014-05-16,21152.6942,21711.7297,21137.5851,21575.748,15856500.0
2014-05-19,21575.7464,21908.1459,21273.5651,21877.9277,19281050.0
2014-05-20,21832.5995,21968.5811,21681.5089,21923.2539,16007300.0
2014-05-21,21681.5097,21908.1457,21681.5097,21772.1641,10842500.0
2014-05-22,21772.1673,21877.9308,21545.5312,21545.5312,9540000.0
2014-05-23,21228.2395,21575.748,21228.2395,21575.748,8511650.0
2014-05-26,21454.8737,21636.1825,21379.3283,21485.0918,3735600.0
2014-05-27,21409.5457,21500.2001,21198.0188,21258.4551,4748400.0
2014-05-28,21439.768,21681.5131,21288.6773,21651.2949,9200950.0
2014-05-29,21908.1476,22134.7836,21757.0569,22059.2383,12521500.0
2014-05-30,22210.3236,22391.6324,21802.3789,21802.3789,15831050.0
2014-06-02,21802.3884,22029.0245,21741.9521,21983.6973,7439450.0
2014-06-03,22421.859,22588.0588,22134.7867,22210.332,17234250.0
2014-06-05,22149.8937,22361.4207,21908.1486,22013.9121,13507050.0
2014-06-09,22210.335,22255.6622,21182.9181,21288.6816,22269600.0
2014-06-10,21469.9889,21726.8431,21228.2438,21696.625,9214100.0
2014-06-11,21334.0011,21605.9643,21334.0011,21485.0918,8625750.0
2014-06-12,21605.9576,21605.9576,21167.7948,21349.1035,12943150.0
2014-06-13,21182.9111,21213.1292,20593.6575,20654.0938,18589050.0
2014-06-16,20850.5157,20880.7339,20578.5525,20759.8613,15319950.0
2014-06-17,20548.3344,20820.2976,20412.3527,20759.8613,13476750.0
2014-06-18,20744.7453,20790.0725,20487.8912,20518.1094,11044350.0
2014-06-19,20321.6924,20382.1287,19943.9658,19989.293,22339700.0
2014-06-20,20095.0574,20095.0574,19581.3492,19656.8945,23902650.0
2014-06-23,19959.0784,20125.2782,19883.5331,19974.1875,12488250.0
2014-06-24,20246.15,20457.6769,20125.2774,20321.6953,11890850.0
2014-06-25,20095.0614,20140.3886,19913.7526,19943.9707,10231900.0
2014-06-26,19777.7686,20291.4769,19747.5505,20019.5137,12765300.0
2014-06-27,19755.0097,19936.3869,19739.8949,19815.4688,8953050.0
2014-06-30,19800.3493,20011.9561,19785.2345,19981.7266,8881050.0
2014-07-01,19770.1181,19860.8067,19664.3147,19800.3477,8725400.0
2014-07-02,19906.1506,20117.7573,19739.8881,20102.6426,11139250.0
2014-07-03,20193.3315,20193.3315,19891.0361,19921.2656,8543050.0
2014-07-04,19981.727,20042.186,19694.5463,19739.8906,5978850.0
2014-07-07,19513.1665,19664.3142,19498.0517,19528.2812,9437050.0
2014-07-08,19558.5161,19936.3854,19452.7127,19573.6309,12073200.0
2014-07-09,19452.7109,19770.1211,19392.2518,19770.1211,11829900.0
2014-07-10,19770.1202,19815.4645,19679.4315,19739.8906,8960200.0
2014-07-11,19649.2075,19679.437,19377.1415,19407.3711,10779600.0
2014-07-14,19618.973,19649.2025,19437.5957,19437.5957,7082150.0
2014-07-15,19649.2065,19996.8463,19603.8621,19951.502,11976050.0
2014-07-16,19845.6932,19996.8409,19815.4636,19966.6113,9114200.0
2014-07-17,20042.1835,20178.2164,19951.4949,20102.6426,10922700.0
2014-07-18,19875.9251,20299.1387,19860.8103,20299.1387,9742650.0
2014-07-21,20389.8261,20556.0886,20299.1374,20450.2852,8059950.0
2014-07-22,20374.709,20525.8567,20329.3647,20374.709,6300950.0
2014-07-23,20465.3968,20510.7412,20178.2162,20223.5605,6417300.0
2014-07-24,20404.9418,20525.8599,20117.7611,20480.5156,8051700.0
2014-07-25,20344.4827,20480.5156,20178.2202,20480.5156,8790150.0
2014-07-28,20480.5112,20661.8884,20314.2487,20525.8555,8992550.0
2014-07-29,20480.5144,20979.3018,20450.2848,20949.0723,12809300.0
2014-07-30,20979.304,21281.5995,20767.6972,21085.1074,17359450.0
2014-07-31,20767.6966,20933.9591,20193.3353,20299.1387,24351350.0
2014-08-01,19724.7732,20072.4129,19528.2812,19528.2812,28231050.0
2014-08-04,19649.207,19906.1582,19513.1741,19906.1582,12066750.0
2014-08-05,19664.3156,19966.611,19649.2008,19891.0371,8626450.0
2014-08-06,19739.8918,19891.0395,19573.6293,19649.2031,10830100.0
2014-08-07,19649.2024,19679.4319,19422.4808,19498.0547,9527250.0
2014-08-08,19407.3591,19422.4738,18863.2275,18893.457,20621450.0
2014-08-11,19271.3317,19377.1351,18999.2658,19195.7578,18619250.0
2014-08-12,19195.7559,19558.5104,19074.8378,19135.2969,8995700.0
2014-08-13,19271.3328,19271.3328,18863.234,19105.0703,12845000.0
2014-08-14,19256.2245,19377.1427,18953.929,19059.7324,10447350.0
2014-08-18,19331.7852,19346.9,18893.457,18893.457,10518950.0
2014-08-19,19105.0676,19241.1005,18938.8052,18953.9199,10044400.0
2014-08-20,19105.0767,19210.8802,18908.5847,19059.7324,9430600.0
2014-08-21,18969.0376,19059.7262,18606.2831,18666.7422,17105400.0
2014-08-22,18817.8876,18848.1172,18666.74,18848.1172,8407650.0
2014-08-25,18606.2779,18606.2779,18455.1302,18560.9336,11577200.0
2014-08-26,18666.742,18666.742,18455.1352,18470.25,10719450.0
2014-08-27,18485.3723,18696.9792,18470.2576,18591.1758,12171000.0
2014-08-28,19014.3812,19014.3812,18681.8563,18772.5449,10311850.0
2014-08-29,18712.09,18712.09,18560.9422,18651.6309,14558250.0
2014-09-01,18681.8606,18696.9754,18500.4833,18530.7129,5664050.0
2014-09-02,18455.1379,18515.597,18047.0391,18047.0391,15899600.0
2014-09-03,18137.7273,18137.7273,17835.4319,17971.4648,21238750.0
2014-09-04,18288.877,18379.5656,18167.9588,18288.877,12099950.0
2014-09-05,18364.4506,18379.5654,18062.1551,18152.8438,10770400.0
2014-09-11,18137.7268,18243.5302,18016.8086,18016.8086,23309200.0
2014-09-12,18137.729,18258.6472,18137.729,18152.8438,10872350.0
2014-09-15,18243.528,18258.6428,18077.2655,18137.7246,7161500.0
2014-09-16,18258.6456,18364.449,18152.8422,18228.416,7092400.0
2014-09-17,18243.5322,18530.7129,18243.5322,18530.7129,7545750.0
2014-09-18,18591.1724,18591.1724,18198.1883,18288.877,9476750.0
2014-09-19,18485.369,18485.369,18228.4179,18288.877,13435050.0
2014-09-22,18198.1879,18198.1879,17835.4334,17956.3516,16022100.0
2014-09-23,17805.2011,17911.0045,17548.25,17548.25,19541400.0
2014-09-24,17412.2178,17548.2508,17245.9553,17381.9883,15789200.0
2014-09-25,17563.3605,17623.8196,17336.639,17472.6719,19414500.0
2014-09-26,17412.2146,17911.002,17351.7555,17911.002,12413550.0
2014-09-29,18031.9228,18137.7262,17684.283,18062.1523,9401000.0
2014-09-30,17911.0034,17956.3478,17608.708,17895.8887,12379300.0
2014-10-01,17744.7377,17880.7706,17472.6719,17472.6719,11929800.0
2014-10-02,17608.7076,17608.7076,17245.9531,17245.9531,12732750.0
2014-10-06,17306.4129,17472.6754,17200.6095,17397.1016,21252900.0
2014-10-07,17563.3633,17926.1178,17563.3633,17563.3633,10149150.0
2014-10-08,17261.0687,17397.1016,16989.0028,17079.6914,14720550.0
2014-10-10,16626.2426,16837.8493,16611.1278,16701.8164,21837450.0
2014-10-13,16354.182,17034.3467,16293.7229,16747.166,11344750.0
2014-10-14,17034.3457,17321.5263,16928.5423,17034.3457,16572550.0
2014-10-15,17049.4615,17306.4126,16928.5433,17004.1172,14143600.0
2014-10-16,16868.0835,16943.6574,16686.7063,16852.9688,15148300.0
2014-10-17,16716.9315,16852.9644,16429.7509,16459.9805,16281750.0
2014-10-20,16852.9626,16883.1921,16641.3559,16716.9297,9476750.0
2014-10-21,16535.5613,16626.25,16339.0693,16369.2988,11766050.0
2014-10-22,16580.8998,16686.7031,16475.0964,16686.7031,11127700.0
2014-10-23,16822.7412,16822.7412,16475.1015,16535.5605,8505900.0
2014-10-24,16671.594,16807.627,16505.3315,16807.627,8378450.0
2014-10-27,16641.3625,16792.5102,16429.7557,16550.6738,8388600.0
2014-10-28,16475.1001,16626.2478,16414.641,16490.2148,6243850.0
2014-10-29,16626.2483,17079.6914,16475.1006,17079.6914,13726100.0
2014-10-30,17064.5749,17880.7725,16852.9682,17850.543,24566950.0
2014-10-31,18107.4978,18893.466,17911.0057,18802.7773,38623150.0
2014-11-03,18893.4638,18923.6933,18379.5615,18666.7422,13475800.0
2014-11-04,18424.9092,18772.549,18213.3024,18394.6797,13000300.0
2014-11-05,18364.4511,18515.5988,18047.0408,18167.959,10162150.0
2014-11-06,18107.4989,18288.8761,18031.925,18198.1875,8570150.0
2014-11-07,18409.7933,18409.7933,18062.1535,18228.416,6030200.0
2014-11-10,18530.7146,19180.6499,18470.2555,19165.5352,19202900.0
2014-11-11,18969.0377,19059.7263,18545.8241,18606.2832,12141400.0
2014-11-12,18606.2906,18651.6349,18424.9132,18591.1758,9079600.0
2014-11-13,18560.9382,18621.3973,18122.6098,18137.7246,11547150.0
2014-11-14,18152.8425,18152.8425,17835.4322,18047.0391,10621750.0
2014-11-17,17986.5831,18440.0263,17865.6648,18213.3047,9693950.0
2014-11-18,18440.0156,18545.819,18364.4418,18440.0156,10754700.0
2014-11-19,18712.0884,18712.0884,18319.1043,18409.793,12502750.0
2014-11-20,18228.4179,18440.0247,18228.4179,18288.877,10024150.0
2014-11-21,18424.9023,18530.7056,18394.6727,18485.3613,12336350.0
2014-11-24,18848.1143,18863.2291,18288.868,18440.0156,10284300.0
2014-11-25,18500.4804,18500.4804,17986.5781,17986.5781,17811050.0
2014-11-26,17986.5812,18303.9915,17865.663,18152.8438,12287900.0
2014-11-27,19241.1032,19664.3168,19105.0703,19105.0703,44377800.0
2014-11-28,19573.6271,19588.7419,19256.217,19452.709,9844550.0
2014-12-01,19558.5161,19618.9752,19452.7127,19573.6309,12866850.0
2014-12-02,19573.6309,19573.6309,19135.3024,19573.6309,9222700.0
2014-12-03,19649.2081,19664.3228,19573.6342,19618.9785,9735500.0
2014-12-04,19679.4327,19694.5474,19618.9736,19649.2031,8871350.0
2014-12-05,19860.803,19860.803,19649.1962,19679.4258,5637800.0
2014-12-08,19694.5426,19966.6084,19679.4279,19936.3789,7916550.0
2014-12-09,19936.3754,20510.7365,19936.3754,20389.8184,13553100.0
2014-12-10,20344.4867,20344.4867,19906.1582,19906.1582,15977800.0
2014-12-11,19906.1507,19936.3802,19558.511,19724.7734,20490850.0
2014-12-12,19694.5468,19709.6616,19256.2184,19437.5957,14397250.0
2014-12-15,19346.9069,19346.9069,19044.6115,19241.1035,14337950.0
2014-12-16,19195.7561,19482.9367,19165.5266,19331.7891,12894750.0
2014-12-17,19331.7889,19392.2479,18938.8049,19135.2969,13088650.0
2014-12-18,19135.2969,19331.7889,18923.6901,19135.2969,11808250.0
2014-12-19,19558.5081,20072.4102,19452.7047,20072.4102,18356500.0
2014-12-22,20329.3672,20359.5967,19921.2684,20329.3672,17943850.0
2014-12-23,20344.4772,20389.8215,20208.4443,20238.6738,10976350.0
2014-12-24,20238.6796,20299.1387,20238.6796,20299.1387,6257000.0
2014-12-26,20299.135,20480.5123,20299.135,20435.168,11488100.0
2014-12-29,20626.8695,20657.5415,20381.4941,20381.4941,9637450.0
2014-12-30,20396.8302,20473.51,20258.8065,20350.8223,10649100.0
2015-01-02,20550.1877,20550.1877,20350.8202,20396.8281,8774950.0
2015-01-05,20488.8497,20488.8497,20136.1225,20442.8418,10139500.0
2015-01-06,20166.7935,20197.4654,19752.7225,19860.0742,15235500.0
2015-01-07,19844.736,20105.4474,19660.7044,20044.1035,14322750.0
2015-01-08,20534.8581,20534.8581,20090.1151,20151.459,14477600.0
2015-01-09,20151.459,20274.1467,20151.459,20151.459,9312400.0
2015-01-12,20136.121,20228.1368,19952.0894,20182.1289,8325400.0
2015-01-13,20151.4506,20550.1856,19936.7472,20534.8496,12293400.0
2015-01-14,20534.8553,20780.2307,20473.5115,20626.8711,14332250.0
2015-01-15,20626.8694,20688.2133,20381.494,20458.1738,14103900.0
2015-01-16,20458.1763,20458.1763,20136.121,20182.1289,13568500.0
2015-01-19,20381.4957,20688.215,20243.4721,20596.1992,6672950.0
2015-01-20,20703.5502,21040.9414,20626.8704,21040.9414,13278050.0
2015-01-21,20964.261,21393.668,20856.9093,21393.668,16612650.0
2015-01-22,21439.6723,21455.0083,21132.9531,21132.9531,17957700.0
2015-01-23,21470.348,21470.348,21117.6209,21255.6445,12858750.0
2015-01-26,21086.9469,21393.6662,20918.2514,21301.6504,10153500.0
2015-01-27,21086.9448,21470.3438,21071.6088,21470.3438,9957200.0
2015-01-28,21255.6408,21316.9846,21071.6093,21132.9531,10831500.0
2015-01-29,20979.5959,21393.6669,20810.9003,20856.9082,13702250.0
2015-01-30,20856.91,21117.6214,20856.91,20933.5898,16110000.0
2015-02-02,20933.5878,21117.6194,20795.5642,20979.5957,10521000.0
2015-02-03,21163.6233,21163.6233,20841.5682,20948.9199,5654400.0
2015-02-04,21086.9496,21178.9654,20841.5742,20841.5742,9328900.0
2015-02-05,20841.5703,20994.9299,20642.2028,20826.2344,6770400.0
2015-02-06,20642.2064,21071.6133,20488.8467,21040.9414,8005050.0
2015-02-09,20856.9093,21455.0118,20810.9014,21393.668,8693500.0
2015-02-10,21470.3442,21470.3442,21117.6172,21132.9531,6519350.0
2015-02-11,21071.6118,21071.6118,20764.8926,20780.2285,9973800.0
2015-02-12,20550.1952,20826.2426,20412.1715,20611.5391,10748200.0
2015-02-13,20856.9121,20872.248,20626.8726,20872.248,6522900.0
2015-02-16,20979.5975,21071.6133,20872.2458,21071.6133,6226500.0
2015-02-17,21071.6093,21117.6172,20918.2497,21117.6172,5745000.0
2015-02-23,21132.9553,21316.9869,20948.9238,20964.2598,15301800.0
2015-02-24,21240.3071,21301.6509,20918.2519,20964.2598,10863250.0
2015-02-25,21163.625,21240.3048,21056.2733,21148.2891,8374250.0
2015-02-26,21148.2931,21163.629,20979.5975,21086.9492,8179150.0
2015-02-27,21086.9437,21102.2797,20810.8965,20810.8965,13009400.0
2015-03-02,21086.948,21823.0742,20964.2603,21823.0742,21805600.0
2015-03-03,22007.1079,22037.7798,21562.3649,21746.3965,13748800.0
2015-03-04,21639.0443,22083.7872,21623.7083,22037.7793,11603100.0
2015-03-05,22068.4516,22129.7955,21731.0604,21807.7402,9615600.0
2015-03-06,21685.0482,22221.8068,21562.3605,22114.4551,11733500.0
2015-03-09,22083.7876,22083.7876,21777.0684,21777.0684,7814600.0
2015-03-10,21991.7679,22129.7915,21777.0644,21792.4004,10419850.0
2015-03-11,21761.731,22681.8888,21746.3951,22605.209,21108650.0
2015-03-12,22390.5062,22589.8737,22191.1387,22191.1387,19153200.0
2015-03-13,22405.8419,22681.8892,22313.8261,22344.498,9413100.0
2015-03-16,22359.8356,22804.5786,22313.8277,22543.8672,8974550.0
2015-03-17,22543.8626,23003.9415,22390.503,22957.9336,13661150.0
2015-03-18,22942.6014,23095.961,22789.2417,23049.9531,12464350.0
2015-03-19,23157.3058,23157.3058,22543.8672,22543.8672,13225800.0
2015-03-20,22620.5511,22697.2309,22390.5116,22451.8555,12704950.0
2015-03-23,22421.1718,22605.2033,22359.8279,22497.8516,8122900.0
2015-03-24,22313.8237,22666.5508,22313.8237,22635.8789,9113150.0
2015-03-25,22804.5762,22819.9122,22574.5368,22773.9043,9369050.0
2015-03-26,22237.1433,22329.159,21792.4004,21792.4004,21005950.0
2015-03-27,21700.3846,22206.4713,21700.3846,21792.4004,16065800.0
2015-03-30,21853.746,21991.7697,21654.3785,21899.7539,8955500.0
2015-03-31,22221.8068,22267.8147,21930.4236,22099.1191,9842650.0
2015-04-01,22037.7777,22037.7777,21777.0663,21823.0742,7266050.0
2015-04-02,21991.7695,22083.7853,21823.0739,21991.7695,6903400.0
2015-04-03,21991.7695,22083.7853,21777.0661,21991.7695,6270150.0
2015-04-06,22129.7962,22850.5865,22007.1084,22543.8672,10582600.0
2015-04-07,22666.5472,22773.8989,22421.1719,22421.1719,9526050.0
2015-04-08,22543.865,22773.9044,22390.5054,22681.8887,7773400.0
2015-04-09,22543.8649,22835.2482,22543.8649,22743.2324,9107550.0
2015-04-10,22697.2185,22911.922,22666.5466,22850.5781,9960100.0
2015-04-13,22681.8887,22865.9202,22513.1931,22681.8887,10293300.0
2015-04-14,22773.9046,22773.9046,22467.1853,22605.209,9429750.0
2015-04-15,22390.5042,22543.8639,21884.4175,22175.8008,13551050.0
2015-04-16,22421.1793,22651.2188,22191.1398,22651.2188,10762350.0
2015-04-17,22651.2135,22666.5495,22191.1347,22237.1426,10172300.0
2015-04-20,22175.8031,22206.4751,21823.076,21930.4277,12394900.0
2015-04-21,21792.4075,22160.4707,21777.0716,22145.1348,11852650.0
2015-04-22,22145.1285,22589.8714,22022.4408,22405.8398,12655550.0
2015-04-23,22543.8657,22543.8657,22083.7868,22252.4824,9245150.0
2015-04-24,22221.8116,22313.8274,21470.3493,21623.709,19089900.0
2015-04-27,21623.7074,21639.0434,21086.9487,21393.668,16517150.0
2015-04-28,21316.9829,21470.3425,20841.5682,20948.9199,15697300.0
2015-04-29,20964.267,21378.3382,20918.2591,21240.3145,10895650.0
2015-04-30,21240.3099,21746.3967,21148.2941,21623.709,18352850.0
2015-05-04,21577.6955,21823.0708,21424.3359,21470.3438,8283700.0
2015-05-06,21316.991,21332.327,20795.5682,20887.584,13270500.0
2015-05-07,20887.5838,21086.9513,20764.8961,21010.2715,10257400.0
2015-05-08,20948.9245,21010.2684,20519.5176,20519.5176,9488100.0
2015-05-11,20856.9088,20856.9088,20488.8457,20488.8457,9640450.0
2015-05-12,20626.8695,20749.5572,20304.8143,20412.166,10633200.0
2015-05-13,20688.2172,20688.2172,20335.49,20442.8418,9877250.0
2015-05-14,20565.5156,20596.1876,20366.1482,20550.1797,8488500.0
2015-05-15,20780.2253,20795.5612,20258.8026,20335.4824,8922350.0
2015-05-18,20473.5121,20473.5121,20074.7771,20243.4727,9626850.0
2015-05-19,20258.8062,20780.2289,20044.1027,20519.5176,8680900.0
2015-05-20,20688.2086,21010.2638,20565.5209,20948.9199,10291450.0
2015-05-21,21025.604,21040.9399,20611.533,20734.2207,7210600.0
2015-05-22,20749.5489,20749.5489,20473.5017,20703.541,8195800.0
2015-05-26,20948.9278,20994.9357,20488.8489,20887.584,10034150.0
2015-05-27,20856.9134,20948.9292,20136.123,20151.459,17265450.0
2015-05-28,20197.4651,20258.8089,19952.0896,20074.7773,15048150.0
2015-05-29,20243.471,20258.807,19890.7439,20044.1035,17380750.0
2015-06-01,19936.7542,19952.0901,19752.7226,19798.7305,10921950.0
2015-06-02,19936.748,19982.7559,19752.7165,19982.7559,8757550.0
2015-06-03,19982.7605,20182.1281,19399.9939,19522.6816,11769400.0
2015-06-04,20166.7943,20565.5294,20013.4347,20504.1855,19411950.0
2015-06-05,20320.1481,20780.2269,20243.4683,20565.5234,9828150.0
2015-06-08,20626.8739,20657.5459,20136.123,20151.459,10118950.0
2015-06-09,19936.7564,20090.116,19446.0055,19660.709,13735250.0
2015-06-10,19660.7016,19844.7332,19353.9824,19353.9824,12501700.0
2015-06-11,19369.3224,19538.018,19215.9628,19277.3066,15314050.0
2015-06-12,19599.3594,19737.3831,19384.6559,19584.0234,11741500.0
2015-06-15,19246.6344,19538.0177,19246.6344,19476.6738,8067800.0
2015-06-16,19476.6643,19538.0082,19093.2654,19246.625,12767600.0
2015-06-17,19169.9511,19415.3265,19016.5915,19231.2949,9452300.0
2015-06-18,19307.9784,19614.6976,19185.2906,19399.9941,8247600.0
2015-06-19,19415.3262,19599.3577,19323.3104,19415.3262,7094750.0
2015-06-22,19798.7327,19875.4125,19568.6932,19645.373,6370900.0
2015-06-23,20074.7751,20366.1584,19798.7278,20258.8066,10159000.0
2015-06-24,19936.7461,20105.4416,19798.7224,19967.418,10198000.0
2015-06-25,19783.3911,19982.7586,19461.3359,19461.3359,10695800.0
2015-06-26,19200.6263,19783.3929,19200.6263,19599.3613,10347500.0
2015-06-29,19476.5821,19722.1497,19277.0584,19660.7578,11519950.0
2015-06-30,19584.0182,19722.15,19430.5384,19461.2344,9870350.0
2015-07-01,19461.2316,19983.0628,19323.0999,19875.627,8324900.0
2015-07-02,19737.4939,20013.7574,19722.1459,19937.0176,8223000.0
2015-07-03,19752.8459,19860.2818,19445.8864,19461.2344,7130200.0
2015-07-06,19231.0192,19338.455,18770.5798,18878.0156,10099950.0
2015-07-07,18724.5249,19323.0958,18724.5249,19031.4844,12478250.0
2015-07-08,19031.4827,19200.3104,18908.699,19016.1348,11780950.0
2015-07-09,18878.0065,19415.1855,18816.6146,19415.1855,14030500.0
2015-07-10,19292.4037,19430.5354,19154.2719,19323.0996,9573400.0
2015-07-13,19184.9656,19522.621,19108.2258,19430.5332,7672050.0
2015-07-14,19415.1825,19491.9223,18739.8718,18801.2637,19989700.0
2015-07-15,18801.2702,19000.7939,18785.9223,18954.75,8370650.0
2015-07-16,18770.5749,19752.8453,18770.5749,19676.1055,11173450.0
2015-07-17,19952.3598,20121.1874,19614.7044,20029.0996,14861650.0
2015-07-20,19814.2296,20013.7532,19537.9662,19568.6621,6446400.0
2015-07-21,19568.662,19599.3579,19138.9188,19384.4863,9702750.0
2015-07-22,19092.8819,19338.4495,18954.7501,19231.0137,13416150.0
2015-07-23,19092.8801,19231.0119,18939.4004,18939.4004,10448250.0
2015-07-24,18831.9603,19000.788,18785.9164,18862.6562,9829200.0
2015-07-27,18862.6676,19138.9313,18847.3197,18878.0156,12152000.0
2015-07-28,18785.9277,19200.3232,18709.1878,18878.0156,13381350.0
2015-07-29,19184.9627,19568.662,18893.3513,19384.4863,13734450.0
2015-07-30,19307.7479,19338.4439,18647.7852,18647.7852,15419600.0
2015-07-31,18724.5247,18755.2206,18033.866,18187.3457,19579450.0
2015-08-03,18171.997,18171.997,17895.7335,18033.8652,9844550.0
2015-08-04,18033.8708,18218.0465,17957.1309,18141.3066,12844350.0
2015-08-05,18141.3022,18141.3022,17772.9509,17788.2988,12802500.0
2015-08-06,17726.9051,17742.2531,17112.9863,17112.9863,20199050.0
2015-08-07,17189.7255,17450.6409,17112.9856,17435.293,13787100.0
2015-08-10,17496.6891,17527.3851,17343.2094,17512.0371,5722500.0
2015-08-11,17665.5176,18095.2609,17619.4737,17757.6055,11664300.0
2015-08-12,17650.1667,17865.0383,17496.687,17711.5586,11154000.0
2015-08-13,17696.2111,17696.2111,17465.9916,17496.6875,7520550.0
2015-08-14,17496.6875,17496.6875,17496.6875,17496.6875,0.0
2015-08-17,17496.6851,17512.0331,16944.1582,16944.1582,11360850.0
2015-08-18,17159.0349,17512.0383,17143.687,17358.5586,11583600.0
2015-08-19,17941.7782,18049.214,17512.035,17711.5586,20070750.0
2015-08-20,17849.6912,17972.4749,17343.2081,17481.3398,10805950.0
2015-08-21,16867.4212,17312.5124,16821.3773,16898.1172,20442550.0
2015-08-24,16698.5927,17112.9879,15854.4543,16560.4609,22429600.0
2015-08-25,16560.4609,16990.2041,16376.2853,16560.4609,19625950.0
2015-08-26,16391.6321,16483.72,16115.3687,16376.2842,27947600.0
2015-08-27,16606.5037,16667.8956,16314.8923,16376.2842,24769400.0
2015-08-28,16667.9,16667.9,16468.3764,16591.1602,23111150.0
2015-08-31,16437.676,16713.9395,16146.0646,16713.9395,20415450.0
2015-09-01,16713.9466,16852.0784,16591.1628,16652.5547,12018600.0
2015-09-02,16406.9797,16806.027,16345.5879,16729.2871,15634150.0
2015-09-03,16913.4663,17266.4697,16775.3346,17220.4258,15200350.0
2015-09-04,17220.4236,17558.0789,17159.0317,17327.8594,12570650.0
2015-09-07,17327.8608,17327.8608,16959.5095,17066.9453,9590250.0
2015-09-08,17082.2951,17435.2985,16974.8592,17358.5586,9116500.0
2015-09-09,17588.7712,17604.1191,17435.2915,17604.1191,12968800.0
2015-09-10,17343.2077,17481.3395,17159.0321,17404.5996,18128400.0
2015-09-11,17281.814,17389.2498,17112.9863,17112.9863,10208350.0
2015-09-14,17189.7273,17251.1191,17036.2475,17251.1191,8353650.0
2015-09-15,17097.6456,17312.5172,17082.2976,17235.7773,11647800.0
2015-09-16,17205.0781,17757.6051,17205.0781,17680.8652,17188150.0
2015-09-17,17696.2136,17757.6055,17558.0818,17757.6055,13698000.0
2015-09-18,17573.431,18294.7858,17419.9512,18264.0898,21813500.0
2015-09-21,17849.6936,18003.1733,17650.1699,17650.1699,10267950.0
2015-09-22,17542.7337,17650.1696,17343.2101,17573.4297,12533750.0
2015-09-23,17558.0823,17558.0823,17266.4707,17358.5586,9882450.0
2015-09-24,17281.8145,17419.9462,17266.4665,17281.8145,6636050.0
2015-09-25,17189.7291,17266.469,17020.9014,17066.9453,10458000.0
2015-09-30,16882.7686,17404.5996,16729.2889,17404.5996,22946800.0
2015-10-01,17496.6874,17573.4273,17205.076,17404.5996,12052050.0
2015-10-02,17066.9528,17389.2604,17066.9528,17174.3887,13715100.0
2015-10-05,17174.3782,17358.5538,17112.9863,17112.9863,12096750.0
2015-10-06,17343.2082,17726.9075,17297.1643,17665.5156,19149350.0
2015-10-07,18386.8719,19215.6624,18202.6962,19200.3145,39975100.0
2015-10-08,19184.9644,19630.0556,19184.9644,19491.9238,28533850.0
2015-10-12,19338.4473,19384.4912,19138.9236,19338.4473,18948700.0
2015-10-13,19338.4498,19522.6255,19154.2741,19215.666,9900000.0
2015-10-14,19154.2676,19338.4433,18985.44,19246.3555,8752550.0
2015-10-15,19092.8788,19676.1018,19077.5308,19476.5781,12425150.0
2015-10-16,19415.1855,19476.5774,19323.0977,19415.1855,7198400.0
2015-10-19,19292.3929,19415.1766,19169.6092,19277.0449,5853500.0
2015-10-20,19338.4454,19537.969,19277.0535,19430.5332,7517350.0
2015-10-21,19415.184,19676.0995,19323.0961,19491.9238,6978350.0
2015-10-22,19645.4062,19875.6259,19476.5785,19645.4062,11533650.0
2015-10-23,19952.3569,19952.3569,19614.7017,19783.5293,13153550.0
2015-10-26,19921.6659,19921.6659,19522.6187,19829.5781,7608250.0
2015-10-27,19676.1023,19937.0179,19660.7544,19921.6699,6612050.0
2015-10-28,19860.2749,20075.1465,19814.231,20075.1465,13565150.0
2015-10-29,20412.8024,21364.3766,20320.7145,20336.0625,31523550.0
2015-10-30,20643.0246,21333.6834,20581.6327,21057.4199,25469250.0
2015-11-02,21256.9401,21379.7239,21088.1124,21226.2441,19327300.0
2015-11-03,21195.5482,21195.5482,20719.7611,20750.457,15092000.0
2015-11-04,20750.4581,20888.5899,20351.4108,20412.8027,14053500.0
2015-11-05,20412.8067,20781.1581,20412.8067,20596.9824,8652100.0
2015-11-06,20612.3278,20689.0676,20412.8041,20535.5879,8216100.0
2015-11-09,20535.5918,20627.6797,20274.6762,20627.6797,9283050.0
2015-11-10,20504.8915,20581.6313,20167.2361,20274.6719,9877550.0
2015-11-11,20274.6759,20643.0273,20274.6759,20458.8516,7022450.0
2015-11-12,20458.8508,20474.1988,20213.2832,20213.2832,7870850.0
2015-11-13,20213.2768,20213.2768,19952.3613,19952.3613,8883850.0
2015-11-16,19814.2295,19814.2295,19384.4863,19384.4863,13785250.0
2015-11-17,19568.6637,19798.8833,19491.9238,19491.9238,9309200.0
2015-11-18,19522.626,19798.8896,19522.626,19660.7578,8386750.0
2015-11-19,19798.8773,19798.8773,19507.2659,19783.5293,9642500.0
2015-11-20,19783.5384,19890.9742,19614.7107,19722.1465,8436000.0
2015-11-23,19722.1494,19983.065,19660.7575,19676.1055,9941000.0
2015-11-24,19676.102,20029.1054,19676.102,19937.0176,7978000.0
2015-11-25,19952.3656,20105.8453,19937.0176,19937.0176,7131350.0
2015-11-26,19937.0179,20566.2848,19937.0179,20489.5449,9290000.0
2015-11-27,20643.0233,20704.4152,20366.7598,20366.7598,8492700.0
2015-11-30,20336.0678,20336.0678,19706.8008,19706.8008,26700300.0
2015-12-01,19860.2766,20290.0198,19768.1888,20274.6719,12605650.0
2015-12-02,20274.6687,20290.0167,19860.2735,19952.3613,11481400.0
2015-12-03,19875.6246,19906.3206,19737.4929,19798.8848,8334750.0
2015-12-04,19568.666,19645.4058,19445.8822,19476.5781,9635550.0
2015-12-07,19476.5745,19568.6623,19369.1387,19369.1387,9805350.0
2015-12-08,19369.1387,19522.6184,19369.1387,19369.1387,6916100.0
2015-12-09,19369.1384,19568.662,19369.1384,19384.4863,9090600.0
2015-12-10,19384.4898,19844.9289,19384.4898,19691.4492,15193350.0
2015-12-11,19691.4528,19875.6285,19522.6251,19706.8008,10336450.0
2015-12-14,19537.9726,19537.9726,19261.709,19353.7969,11140050.0
2015-12-15,19353.7918,19645.4033,19338.4439,19599.3594,8774700.0
2015-12-16,19614.7101,20105.8453,19614.7101,19937.0176,10398100.0
2015-12-17,19967.7125,20075.1483,19568.6652,19798.8848,8733850.0
2015-12-18,19415.1873,19768.1907,19399.8393,19614.7109,8418450.0
2015-12-21,19614.7103,19722.1461,19353.7948,19645.4062,8023300.0
2015-12-22,19645.4025,19829.5781,19445.8789,19829.5781,10309600.0
2015-12-23,19829.583,19937.0189,19676.1033,19875.627,10357400.0
2015-12-24,19875.6262,19952.3661,19722.1465,19722.1465,7807550.0
2015-12-28,19722.1447,19783.5366,19430.5332,19430.5332,11361500.0
2015-12-29,19726.8188,19742.4131,19352.555,19555.2812,11647200.0
2015-12-30,19648.8535,19835.9855,19555.2875,19648.8535,10197900.0
2016-01-04,19648.8561,19648.8561,18791.168,18791.168,15346950.0
2016-01-05,18744.3852,18993.8945,18494.8759,18837.9512,10800100.0
2016-01-06,18837.9488,18837.9488,18214.1756,18323.3359,18337600.0
2016-01-07,18182.9881,18448.0917,17949.0731,18136.2051,14119400.0
2016-01-08,18136.2005,18494.87,18136.2005,18260.9551,12888150.0
2016-01-11,18027.0453,18182.9886,17871.102,17964.668,12063850.0
2016-01-12,17902.2902,18182.9882,17839.9129,17871.1016,10314150.0
2016-01-13,17980.2646,18073.8306,17902.293,17902.293,7165800.0
2016-01-14,17637.1873,17808.725,17637.1873,17746.3477,10451100.0
2016-01-15,17777.528,17964.6599,17528.0189,17652.7734,10473200.0
2016-01-18,16966.6284,17668.3732,16966.6284,17559.2129,16010700.0
2016-01-19,17590.3991,18260.9551,17590.3991,18260.9551,10362100.0
2016-01-20,18089.4229,18089.4229,17652.7817,17746.3477,8352600.0
2016-01-21,17668.3742,18011.4494,17543.6196,17637.1855,9517600.0
2016-01-22,17855.5101,18214.1797,17855.5101,18214.1797,7376400.0
2016-01-25,18276.5546,18338.9319,18027.0453,18120.6113,7995650.0
2016-01-26,18011.4519,18042.6405,17715.1596,17730.7539,7619950.0
2016-01-27,17559.2138,18323.3359,17559.2138,18323.3359,13811850.0
2016-01-28,18151.8001,18214.1774,17761.9418,17855.5078,15795600.0
2016-01-29,17777.5333,17933.4766,17403.2694,17933.4766,21849150.0
2016-02-01,17964.6675,18136.2051,17949.0731,18136.2051,12998950.0
2016-02-02,18105.0107,18182.9823,17886.6901,18027.0391,8317400.0
2016-02-03,17933.4789,17964.6675,17730.7526,17871.1016,8725350.0
2016-02-04,17933.4731,18105.0107,17902.2845,18027.0391,12397950.0
2016-02-05,18027.0423,18229.7685,18027.0423,18151.7969,9404700.0
2016-02-11,17434.4579,17730.7501,17434.4579,17621.5898,15263100.0
2016-02-12,17621.5898,17949.0707,17496.8352,17621.5898,12811600.0
2016-02-15,17995.8555,18089.4214,17839.9122,17995.8555,9157300.0
2016-02-16,18058.2364,18385.7173,18042.642,18214.1797,9020050.0
2016-02-17,18385.7094,18728.7846,18229.7662,18479.2754,12303100.0
2016-02-18,18759.978,18759.978,18370.1198,18510.4688,11124050.0
2016-02-19,18510.467,18635.2216,18307.7408,18557.25,8842600.0
2016-02-22,18557.2509,18588.4395,18182.987,18323.3359,8744950.0
2016-02-23,18385.7078,18541.6511,18292.1419,18416.8965,7383700.0
2016-02-24,18370.1246,18385.7189,18105.0209,18276.5586,7024200.0
2016-02-25,18276.5526,18510.4675,18276.5526,18385.7129,6681750.0
2016-02-26,18401.3133,18510.4736,18276.5586,18276.5586,8867200.0
2016-02-29,18385.7154,18619.6304,18338.9324,18370.1211,14434000.0
2016-03-02,18713.1892,18822.3495,18650.8119,18666.4062,11818600.0
2016-03-03,18915.9256,19025.0859,18744.3879,19025.0859,10949550.0
2016-03-04,19025.0771,19149.8317,18744.3792,18947.1055,10074500.0
2016-03-07,19025.0764,19196.614,18947.1048,19071.8594,6568800.0
2016-03-08,19071.8656,19087.46,18494.8754,18588.4414,10810100.0
2016-03-09,18526.061,18697.5986,18354.5234,18619.627,9169000.0
2016-03-10,18837.9588,19274.6002,18728.7984,19103.0625,14177000.0
2016-03-11,19103.0525,19539.6937,18962.7036,19477.3164,13361250.0
2016-03-14,19758.0167,19851.5827,19477.3188,19570.8848,10857700.0
2016-03-15,19570.8781,19711.227,19430.5292,19539.6895,8640400.0
2016-03-16,19586.4766,19695.6369,19539.6936,19586.4766,7342800.0
2016-03-17,19726.8254,20210.2496,19602.0707,19695.6367,12343450.0
2016-03-18,19929.5517,19929.5517,19695.6368,19851.5801,11265700.0
2016-03-21,19867.17,19945.1417,19617.6608,19758.0098,9058500.0
2016-03-22,19758.0145,19945.1464,19680.0428,19789.2031,10143600.0
2016-03-23,19789.2013,19945.1445,19680.041,19945.1445,9870900.0
2016-03-24,19945.1467,20116.6843,19742.4204,19991.9297,10939750.0
2016-03-25,20007.5225,20116.6828,19929.5509,20085.4941,7172300.0
2016-03-28,20085.4907,20272.6226,20085.4907,20179.0566,6060900.0
2016-03-29,20179.0629,20272.6288,20038.7139,20116.6855,8622700.0
2016-03-30,20428.5676,20600.1051,20303.8129,20397.3789,13380250.0
2016-03-31,20366.1918,20490.9465,20241.4372,20459.7578,19130750.0
2016-04-01,20257.0311,20412.9743,19820.3899,19945.1445,13557800.0
2016-04-04,19945.1471,20350.5996,19945.1471,20350.5996,9402300.0
2016-04-05,20257.0323,20257.0323,19648.8535,19648.8535,11815950.0
2016-04-06,19789.2056,20132.2808,19773.6112,20038.7148,9211700.0
2016-04-07,20272.6273,20272.6273,19617.6655,19789.2031,12939750.0
2016-04-08,19789.2047,19789.2047,19336.9692,19430.5352,12593400.0
2016-04-11,19430.5314,19820.3896,19430.5314,19742.418,6034650.0
2016-04-12,19804.7998,19976.3375,19742.4225,19882.7715,6702700.0
2016-04-14,20272.6289,20303.8176,20101.0913,20272.6289,16766350.0
2016-04-15,20412.9779,20428.5722,20116.6856,20272.6289,6829950.0
2016-04-18,20194.6559,20350.5992,20147.8729,20257.0332,6423700.0
2016-04-19,20179.0601,20210.2488,20007.5225,20085.4941,7238300.0
2016-04-20,19991.9296,20272.6275,19991.9296,20257.0332,8598600.0
2016-04-21,20272.6226,20288.2169,20085.4907,20179.0566,7254450.0
2016-04-22,20179.0628,20179.0628,19913.9592,19960.7422,5741500.0
2016-04-25,20038.7172,20038.7172,19820.3965,19976.3398,4597850.0
2016-04-26,20038.7085,20350.595,20007.5199,20210.2461,8345050.0
2016-04-27,20179.0629,20272.6289,20054.3083,20272.6289,8297300.0
2016-04-28,20272.6297,20272.6297,19664.4508,19726.8281,14653450.0
2016-04-29,19648.8544,19758.0147,19368.1565,19414.9395,16253900.0
2016-05-02,19446.1252,19680.0401,19414.9366,19492.9082,7027600.0
2016-05-03,19758.023,19804.8061,19586.4854,19664.457,7903300.0
2016-05-04,19835.9876,20116.6855,19680.0443,20116.6855,14702750.0
2016-05-09,20116.6842,20272.6275,20038.7126,20257.0332,13718100.0
2016-05-10,20257.0291,20272.6234,20085.4915,20210.2461,8559550.0
2016-05-11,20210.2484,20257.0314,20069.8995,20147.8711,8834400.0
2016-05-12,20147.8775,20147.8775,19882.7738,19976.3398,7615100.0
2016-05-13,19976.3306,19976.3306,19508.5008,19539.6895,12284900.0
2016-05-16,19539.6865,19695.6297,19446.1205,19461.7148,11720150.0
2016-05-17,19477.3136,19726.8228,19477.3136,19711.2285,9183550.0
2016-05-18,19711.2282,19820.3884,19570.8792,19773.6055,9169600.0
2016-05-19,19773.6102,19913.9591,19742.4215,19804.7988,10012450.0
2016-05-20,19804.7975,19960.7407,19789.2031,19789.2031,7960550.0
2016-05-23,19789.1992,20054.3027,19789.1992,20054.3027,8112550.0
2016-05-24,20054.3055,20101.0885,19773.6076,19820.3906,10434600.0
2016-05-25,20007.5224,20241.4373,19867.1734,20194.6543,11862750.0
2016-05-26,20257.0291,20319.4064,20194.6518,20210.2461,12653650.0
2016-05-27,20272.6276,20288.2219,19851.5807,19991.9297,13744550.0
2016-05-30,20225.8458,20225.8458,19867.1762,19960.7422,10315350.0
2016-05-31,19960.7392,20272.6257,19773.6072,20147.8711,62527700.0
2016-06-01,20241.4368,20911.9929,20194.6538,20787.2383,23504000.0
2016-06-02,21052.3468,21395.422,20989.9694,21286.2617,23806950.0
2016-06-03,21364.2264,21504.5754,21270.6605,21473.3867,17066200.0
2016-06-07,21613.7392,21863.2484,21520.1732,21800.8711,23142150.0
2016-06-08,22128.3532,22128.3532,21660.5234,21925.627,18808100.0
2016-06-09,21956.8154,22299.8906,21925.6267,22299.8906,25768750.0
2016-06-10,22206.3249,22221.9192,21894.4383,21925.627,14484050.0
2016-06-13,21769.6804,21769.6804,21239.4733,21379.8223,15248300.0
2016-06-14,21379.819,21613.7339,21348.6304,21520.168,12273050.0
2016-06-15,21598.1363,22081.5603,21566.9477,22034.7773,15334450.0
2016-06-16,22034.7816,22097.1589,21754.0837,21972.4043,14621550.0
2016-06-17,21988.0044,22377.8626,21988.0044,22237.5137,16419700.0
2016-06-20,22253.109,22580.5899,22237.5147,22315.4863,13515800.0
2016-06-21,22331.0786,22596.1822,22237.5127,22580.5879,10020550.0
2016-06-22,22549.3932,22611.7705,22315.4783,22533.7988,8948250.0
2016-06-23,22518.2112,22533.8056,22253.1076,22299.8906,11256300.0
2016-06-24,22533.8033,22533.8033,21208.2855,21832.0586,20552600.0
2016-06-27,21832.0598,21910.0314,21598.1448,21800.8711,11839000.0
2016-06-28,21676.1237,21894.4443,21504.586,21816.4727,10718950.0
2016-06-29,21972.5197,22034.9416,21707.2265,21785.2539,10527050.0
2016-06-30,21972.5212,22549.9241,21800.8609,22237.8145,13671700.0
2016-07-01,22269.0229,23080.508,22269.0229,22877.6367,14393600.0
2016-07-04,22846.4258,23002.4806,22643.5545,22877.6367,7995000.0
2016-07-05,22877.6406,23018.0899,22815.2186,22924.457,7870350.0
2016-07-06,22581.1391,22659.1666,22034.9471,22175.3965,16749150.0
2016-07-07,22175.3864,22627.9453,22097.359,22627.9453,11495200.0
2016-07-08,22627.953,23018.0901,22612.3475,22784.0078,13498150.0
2016-07-11,22784.0016,23408.2208,22784.0016,23236.5605,14056800.0
2016-07-12,23392.6157,23486.2485,22784.0019,22846.4238,11024700.0
2016-07-13,23345.801,23345.801,22830.8201,23111.7188,10009900.0
2016-07-14,23111.7204,23408.2246,23033.693,23408.2246,12430250.0
2016-07-15,23408.2224,23751.543,23189.7457,23689.1211,11623150.0
2016-07-18,23689.1228,23923.2051,23408.2241,23923.2051,11567200.0
2016-07-19,23845.1777,24032.4435,23751.5448,23923.2051,10122250.0
2016-07-20,23923.2011,24063.6504,23782.7518,24032.4395,7773150.0
2016-07-21,24032.4394,24141.6778,23985.623,24079.2559,8544700.0
2016-07-22,23501.8573,23845.1779,23501.8573,23657.9121,8585150.0
2016-07-25,23408.2187,23767.1447,23330.1913,23439.4297,7732500.0
2016-07-26,23408.2223,23891.9922,23377.0113,23876.3867,7228500.0
2016-07-27,23595.4881,23860.7813,23595.4881,23829.5703,6335050.0
2016-07-28,23923.2035,23970.0199,23377.0116,23517.4609,9503700.0
2016-07-29,23720.3337,24297.7366,23579.8844,24016.8379,14985600.0
2016-08-01,24485.0078,24656.6682,24344.5585,24469.4023,11515400.0
2016-08-02,24469.4027,24469.4027,24126.082,24157.293,8315800.0
2016-08-03,24157.2856,24157.2856,23673.5156,23673.5156,7504900.0
2016-08-04,23704.7266,23923.2033,23673.5156,23673.5156,7009950.0
2016-08-05,23860.7789,24406.9707,23798.357,24360.1543,6958850.0
2016-08-08,24438.1855,24578.6348,24282.1307,24485.002,11125150.0
2016-08-09,24563.0255,24641.0529,24297.7323,24453.7871,9023200.0
2016-08-10,24453.7954,24500.6118,23938.8143,24048.0527,12340350.0
2016-08-11,24048.0466,24328.9453,23813.9644,24328.9453,10533600.0
2016-08-12,24328.9494,24500.6098,24094.8672,24110.4727,10474850.0
2016-08-16,24110.4762,24594.2462,24110.4762,24469.4023,10843100.0
2016-08-17,24485.002,24500.6075,24204.1033,24438.1855,7446450.0
2016-08-18,24453.7901,25655.4122,24438.1846,25592.9902,18327050.0
2016-08-19,25561.7826,26139.1855,25530.5717,26139.1855,16805150.0
2016-08-22,26123.5861,26404.4849,25889.5038,25983.1367,12612200.0
2016-08-23,25983.1305,26435.6896,25858.2867,26326.4512,11545700.0
2016-08-24,26217.2133,26248.4243,25530.572,25795.8652,15938550.0
2016-08-25,25436.9354,25889.4944,25312.0916,25577.3848,14173800.0
2016-08-26,25062.4062,25327.6994,25015.5897,25156.0391,12058000.0
2016-08-29,24999.9819,25592.9902,24921.9545,25592.9902,8925750.0
2016-08-30,25702.2285,26076.7601,25483.7518,25671.0176,7849600.0
2016-08-31,25608.5999,25608.5999,25140.4354,25280.8848,20532200.0
2016-09-01,24703.4746,24781.502,24391.365,24765.8965,18790150.0
2016-09-02,24890.7441,25171.6428,24781.5057,24921.9551,8153000.0
2016-09-05,24812.7205,25202.8576,24734.693,25062.4082,8383800.0
2016-09-06,25078.0093,25671.0176,24921.9545,25639.8066,7660150.0
2016-09-07,25717.8343,25780.2563,25296.4863,25296.4863,9591850.0
2016-09-08,25327.6971,25577.3848,25187.2477,25577.3848,12070850.0
2016-09-09,25140.4261,25249.6645,24406.9686,24578.6289,13258400.0
2016-09-12,23252.1663,23501.854,22721.58,22862.0293,26499350.0
2016-09-13,23533.0662,24172.8909,23330.1949,23829.5703,24717250.0
2016-09-19,24001.2302,24485.0001,23970.0193,24313.3398,22408150.0
2016-09-20,24328.945,24781.5039,24328.945,24734.6875,12921150.0
2016-09-21,24890.7422,24984.3751,24594.2381,24843.9258,10509050.0
2016-09-22,24968.7693,25608.594,24953.1638,25249.668,11429950.0
2016-09-23,24687.8712,24937.5589,24438.1835,24516.2109,18299650.0
2016-09-26,24516.2188,24906.356,24406.9804,24469.4023,14524800.0
2016-09-27,24188.4978,24578.6348,23923.2046,24485.002,9834400.0
2016-09-28,24250.9159,24547.42,24250.9159,24453.7871,8706400.0
2016-09-29,24547.4254,25265.2776,24531.8199,24968.7734,11397550.0
2016-09-30,24812.7225,25202.8597,24734.6951,24937.5664,11762700.0
2016-10-04,25124.8281,25343.3048,25062.4061,25187.25,13053100.0
2016-10-05,24984.3825,25374.5196,24921.9606,25265.2812,12470450.0
2016-10-06,26466.8965,26529.3185,26014.3376,26388.8691,29558150.0
2016-10-07,26529.3241,26779.0119,26373.2693,26622.957,26050550.0
2016-10-10,25749.0541,26357.6681,25405.7334,26217.2188,25293300.0
2016-10-11,24968.7743,25358.9114,24110.4727,24110.4727,38427150.0
2016-10-12,23330.1986,24110.4728,23314.5931,23954.418,39088550.0
2016-10-13,24188.4941,24672.2639,24110.4667,24297.7324,21864550.0
2016-10-14,24157.2905,24781.5099,24141.6851,24609.8496,14158950.0
2016-10-17,24422.5855,24999.9885,24001.2374,24812.7227,12785200.0
2016-10-18,24531.8143,24890.7403,24531.8143,24797.1074,10384500.0
2016-10-19,24641.0484,25639.799,24578.6265,25358.9004,15444550.0
2016-10-20,25374.5177,25764.6548,25109.2244,25280.8848,10330450.0
2016-10-21,25062.4006,25171.6389,24781.5019,24797.1074,10477500.0
2016-10-24,24859.533,25093.6152,24812.7166,25093.6152,9289950.0
2016-10-25,24968.7715,25031.1935,24843.9277,24921.9551,9866100.0
2016-10-26,24921.9515,24953.1625,24375.7597,24453.7871,10534000.0
2016-10-27,24516.2129,25234.0651,24282.1306,24547.4238,14117000.0
2016-10-28,24656.6636,25187.25,24656.6636,25187.25,10214200.0
2016-10-31,25218.4587,25577.3848,25140.4313,25577.3848,12067200.0
2016-11-01,25436.9333,25780.2539,25156.0347,25780.2539,10347400.0
2016-11-02,25592.9902,25780.256,25452.5409,25639.8066,10099250.0
2016-11-03,25436.9357,25592.9906,25062.4042,25218.459,10341850.0
2016-11-04,25046.8043,25499.3634,25046.8043,25390.125,7103850.0
2016-11-07,25702.2286,25749.0451,25499.3573,25592.9902,7661900.0
2016-11-08,25733.4395,25733.4395,25514.9628,25655.4121,5417450.0
2016-11-09,25686.6197,25858.28,24828.3183,24906.3457,15683600.0
2016-11-10,25436.9372,25749.0469,25249.6714,25733.4414,11795350.0
2016-11-11,24734.6951,25249.6761,24734.6951,24937.5664,12836800.0
2016-11-14,24890.7387,24906.3442,24219.7031,24235.3086,15133300.0
2016-11-15,24235.3146,24672.2682,24016.8379,24016.8379,13665700.0
2016-11-16,24032.4412,24406.9727,24032.4412,24313.3398,13308200.0
2016-11-17,24266.531,24594.2462,24110.4762,24469.4023,7870550.0
2016-11-18,24687.873,24781.5059,24500.6072,24750.2949,9460750.0
2016-11-21,24422.5816,25062.4064,24422.5816,24859.5352,8180200.0
2016-11-22,25078.0093,25671.0176,24968.771,25592.9902,9751100.0
2016-11-23,25920.7072,25920.7072,25374.5153,25733.4414,12668600.0
2016-11-24,25733.4414,25780.2578,25483.7537,25749.0469,7757150.0
2016-11-25,25608.5975,25780.2578,25483.7537,25749.0469,6276900.0
2016-11-28,25749.0503,26232.8204,25592.9955,26170.3984,13294050.0
2016-11-29,26373.2697,26498.1136,26045.5546,26170.3984,18081300.0
2016-11-30,26170.3899,27262.7734,26170.3899,27247.168,28535200.0
2016-12-01,27153.537,27356.4083,27044.2986,27293.9863,15535350.0
2016-12-02,26903.8535,27122.3302,26638.5603,26950.6699,15352950.0
2016-12-05,26794.6191,27059.9124,26700.9862,26810.2246,8484600.0
2016-12-06,26872.6364,27465.6447,26841.4255,27278.3789,14001800.0
2016-12-07,27340.7986,27684.1192,27340.7986,27652.9082,9603650.0
2016-12-08,28074.2618,28105.4728,27715.3358,27933.8125,16462550.0
2016-12-09,28011.844,28011.844,27621.7069,27777.7617,10652450.0
2016-12-12,27044.2986,27590.4904,27044.2986,27340.8027,11414450.0
2016-12-13,27013.0875,27652.9122,27013.0875,27559.2793,11684450.0
2016-12-14,27746.5449,27840.1778,27528.0682,27730.9395,7455100.0
2016-12-15,27169.1501,27699.7366,27169.1501,27450.0488,5773550.0
2016-12-16,27543.6754,28105.4728,27465.648,27980.6289,11747700.0
2016-12-19,27793.3631,28386.3714,27793.3631,28011.8398,5435800.0
2016-12-20,28027.4451,28401.9767,27965.0232,28277.1328,7615200.0
2016-12-21,28370.7737,28558.0395,28105.4804,28167.9023,6552100.0
2016-12-22,28292.7383,28323.9493,28074.2616,28230.3164,6354600.0
2016-12-23,28105.4729,28152.2894,27777.7578,27808.9688,8334850.0
2016-12-26,27777.7614,28089.8711,27746.5505,28058.6602,4823600.0
2016-12-27,28074.2676,28245.9279,27980.6347,28074.2676,4653450.0
2016-12-28,28399.1429,28510.077,28208.9701,28335.752,6662900.0
2016-12-29,28066.3393,28557.6191,28050.4916,28557.6191,7516450.0
2017-01-02,28510.0776,28716.0982,28430.839,28605.1641,4650600.0
2017-01-03,28747.7961,29017.2076,28541.7755,28906.2734,7357650.0
2017-01-04,28922.1185,28937.9663,28605.1638,28652.707,7971750.0
2017-01-05,28573.4648,28573.4648,28161.4238,28177.2715,10967450.0
2017-01-06,28668.5448,28874.5653,28557.6107,28684.3926,8880950.0
2017-01-09,29001.3646,29714.5129,28969.6691,29492.6445,13194900.0
2017-01-10,29540.1779,29635.2643,29381.7005,29508.4824,9099800.0
2017-01-11,29730.3486,30554.4308,29651.1099,30332.5625,12018150.0
2017-01-12,30110.7018,30744.6113,30094.8541,30744.6113,11669150.0
2017-01-13,30189.9421,30364.2672,29682.8145,29682.8145,15954450.0
2017-01-16,29207.3738,29968.0651,28779.485,29048.8965,16611500.0
2017-01-17,28985.5063,29682.8066,28985.5063,29286.6133,8150700.0
2017-01-18,29350.0063,29714.5042,29017.2038,29270.7676,8875400.0
2017-01-19,29888.8291,30047.3064,29334.1583,29698.6562,9418900.0
2017-01-20,29413.3864,29651.1024,29223.2137,29476.7773,9185000.0
2017-01-23,29476.7857,30158.2383,29318.3084,30158.2383,8810400.0
2017-01-24,30205.7752,30570.2731,30015.6025,30237.4707,11048750.0
2017-01-25,30380.1072,31220.0371,30364.2594,31220.0371,13433850.0
2017-01-26,31235.8829,31695.4672,31235.8829,31616.2285,15214500.0
2017-01-31,31616.2243,31616.2243,31267.5742,31267.5742,17992200.0
2017-02-01,31330.9684,31426.0548,30934.7751,30998.166,14150400.0
2017-02-02,31378.5107,31426.0539,31061.556,31188.3379,15029300.0
2017-02-03,31220.031,31299.2697,31045.706,31267.5742,10386350.0
2017-02-06,31362.6622,31426.0531,31014.0121,31346.8145,8860700.0
2017-02-07,31346.8193,31362.667,30712.9099,30760.4531,14041800.0
2017-02-08,30697.0619,30728.7573,30269.173,30427.6504,17092950.0
2017-02-09,30728.7573,30776.3006,30285.0208,30427.6504,13694150.0
2017-02-10,30427.6545,30712.9137,30348.4158,30395.959,11020750.0
2017-02-13,29904.6769,30158.2406,29888.8291,30079.002,11102050.0
2017-02-14,30079.0015,30316.7175,29571.874,29777.8945,13124150.0
2017-02-15,29381.716,30079.0167,29381.716,29888.8438,14191550.0
2017-02-16,29952.2198,30395.9564,29936.3721,30126.5449,10226350.0
2017-02-17,29762.0515,30142.3972,29540.1832,29999.7676,15377450.0
2017-02-20,30285.014,30728.7504,30237.4708,30633.6641,7485800.0
2017-02-21,30538.5902,31346.8248,30443.5037,30855.5449,10562600.0
2017-02-22,30903.0751,31172.4865,30887.2273,31140.791,8539450.0
2017-02-23,30918.931,31251.7334,30918.931,31045.7129,10217300.0
2017-02-24,30871.3897,30982.3238,30158.2415,30285.0234,9296850.0
2017-02-27,30126.5428,30221.6292,29872.9791,30158.2383,9033700.0
2017-02-28,30158.2407,30712.9114,30079.002,30459.3477,15088700.0
2017-03-02,30443.5026,31584.5396,30443.5026,31473.6055,21249800.0
2017-03-03,31172.5086,31473.6157,31029.8789,31394.377,12708700.0
2017-03-06,31077.4011,31869.7876,31077.4011,31758.8535,12234850.0
2017-03-07,31536.9926,31949.0337,31536.9926,31853.9473,10553250.0
2017-03-08,31853.9473,32186.7497,31806.4041,31853.9473,12140950.0
2017-03-09,31853.9473,31933.1859,31711.3177,31853.9473,14372250.0
2017-03-10,31663.7706,32028.2685,31584.532,31838.0957,10227800.0
2017-03-13,31727.1677,32472.0113,31727.1677,32170.9043,7424100.0
2017-03-14,32186.751,32915.7468,32091.6646,32773.1172,11325050.0
2017-03-15,32329.3881,32836.5158,32329.3881,32804.8203,9587850.0
2017-03-16,33121.7655,33422.8724,32915.7449,33153.4609,9933150.0
2017-03-17,33121.7633,33676.434,33058.3724,33597.1953,12602300.0
2017-03-20,33280.2465,33375.3329,33074.2259,33201.0078,10250050.0
2017-03-21,33105.9265,33819.0747,33090.0787,33723.9883,14220150.0
2017-03-22,32963.2819,33644.7344,32947.4342,33644.7344,16427250.0
2017-03-23,33438.7203,33565.5022,33042.527,33121.7656,15397100.0
2017-03-24,32963.2973,33264.4043,32551.2561,32884.0586,12808150.0
2017-03-27,32646.3379,33185.1609,32630.4902,32646.3379,12177650.0
2017-03-28,32931.6019,33153.4702,32788.9722,32868.2109,8216250.0
2017-03-29,33074.2186,33248.5437,32947.4367,33105.9141,10093250.0
2017-03-30,33296.7293,33741.9578,33296.7293,33376.2344,8204000.0
2017-03-31,33249.0332,33408.0434,32756.1016,32756.1016,10500300.0
2017-04-03,32915.1042,33169.5205,32835.5991,32946.9062,9579400.0
2017-04-04,33074.1178,33535.2473,33010.5137,33455.7422,12255500.0
2017-04-05,33312.6253,33582.9426,33153.6152,33503.4375,10699700.0
2017-04-06,33392.1378,33455.7419,33074.1175,33264.9297,9683400.0
2017-04-07,33233.1274,33249.0284,32724.2948,33074.1172,10021000.0
2017-04-10,33344.4375,33344.4375,32994.6151,33344.4375,7141350.0
2017-04-11,33344.4345,33344.4345,33058.2162,33074.1172,7172900.0
2017-04-12,33280.823,33344.427,33153.6149,33312.625,8274900.0
2017-04-13,33121.8199,33757.8606,33121.8199,33726.0586,9040800.0
2017-04-14,33519.3579,33598.8631,33201.3375,33408.0508,5462850.0
2017-04-17,33392.1388,33455.7429,33010.5144,33042.3164,5224750.0
2017-04-18,33137.7264,33249.0335,32819.706,32994.6172,6860650.0
2017-04-19,32835.6004,32931.0065,32517.5801,32517.5801,11762900.0
2017-04-20,32263.1676,32438.0788,31865.6422,32024.6523,21148850.0
2017-04-21,32183.6534,32915.1,32183.6534,32406.2676,15130500.0
2017-04-24,32803.7995,32803.7995,32533.4822,32787.8984,8990150.0
2017-04-25,32962.805,33980.47,32851.4979,33948.668,19299600.0
2017-04-26,33948.6707,34028.1758,33805.5615,34028.1758,14794800.0
2017-04-27,33948.6732,35395.6659,33360.3356,34855.0312,23032250.0
2017-04-28,36397.4349,36413.336,35395.6707,35475.1758,22685700.0
2017-05-02,36174.8117,36174.8117,35586.4741,35697.7812,14068300.0
2017-05-04,36333.8279,36333.8279,35665.9851,36190.7188,13690100.0
2017-05-08,36190.7091,37383.2852,36047.5999,37383.2852,19582550.0
2017-05-10,36699.5409,37542.2947,36254.3125,36254.3125,23410950.0
2017-05-11,36111.2201,36715.459,35952.2099,36174.8242,21277850.0
2017-05-12,36381.5235,36699.5438,36302.0184,36429.2266,9422900.0
2017-05-15,36270.2271,36794.9607,36270.2271,36651.8516,8001400.0
2017-05-16,37097.0791,37208.3863,36651.8506,36874.4648,8803750.0
2017-05-17,36667.749,37081.1754,36651.8479,36842.6602,7424450.0
2017-05-18,36365.6343,36572.3476,36206.6241,36524.6445,11160350.0
2017-05-19,36286.1186,36397.4257,35554.6719,35554.6719,15762350.0
2017-05-22,35809.0977,36079.4151,35586.4834,35856.8008,17643550.0
2017-05-23,36095.308,36238.4171,35697.7826,35713.6836,12607050.0
2017-05-24,35665.9935,36015.816,35618.2904,35681.8945,8675400.0
2017-05-25,35904.5032,36317.9297,35618.2848,36317.9297,13044800.0
2017-05-26,36254.3286,36938.0725,36206.6255,36635.9531,13613650.0
2017-05-29,36747.2532,36890.3624,36079.4104,36270.2227,8739550.0
2017-05-30,36190.7111,36302.0182,35363.8583,35491.0664,12433600.0
2017-05-31,35443.3673,35793.1897,35300.2582,35538.7734,18669100.0
2017-06-01,35665.992,35697.7941,35300.2685,35522.8828,9753500.0
2017-06-02,35824.9856,36540.5312,35777.2826,36540.5312,12488750.0
2017-06-05,36604.1496,36858.566,36349.7333,36524.6445,7599400.0
2017-06-07,36969.8577,36969.8577,35968.0938,36015.7969,13729400.0
2017-06-08,35777.2957,36238.4253,35777.2957,35904.5039,13978750.0
2017-06-09,36317.9301,36922.1689,36254.3261,36651.8516,11732850.0
2017-06-12,36111.22,36254.3292,35888.6057,36079.418,10954300.0
2017-06-13,35888.5954,36270.2198,35888.5954,36095.3086,8624900.0
2017-06-14,36413.3381,36620.0514,35968.1095,36063.5156,10166700.0
2017-06-15,36317.9297,36508.7419,35920.4042,36317.9297,9657000.0
2017-06-16,36174.8256,36524.6481,36143.0236,36238.4297,17403450.0
2017-06-19,36238.4204,37017.5703,36222.5194,37017.5703,11303900.0
2017-06-20,37558.2004,38273.7461,37542.2993,38273.7461,15045000.0
2017-06-21,37955.721,38257.8403,37749.0078,37749.0078,9973650.0
2017-06-22,38130.6484,38226.0546,37939.8362,38130.6484,11455800.0
2017-06-23,37844.431,37987.5402,37701.3218,37860.332,9515100.0
2017-06-26,37780.8122,38448.6548,37780.8122,38385.0508,8552800.0
2017-06-27,38337.353,38480.4621,38082.9367,38400.957,9616750.0
2017-06-28,37844.4285,38162.4489,37812.6265,37923.9336,9572500.0
2017-06-29,38306.6805,38529.9501,38226.9414,38226.9414,8306550.0
2017-06-30,37876.0965,37971.7835,37557.1399,37907.9922,11877550.0
2017-07-03,37876.082,38099.3516,37573.0734,37652.8125,6805550.0
2017-07-04,37604.9654,37796.3393,37397.6437,37477.3828,7961000.0
2017-07-05,37333.8615,38019.618,37301.9659,37939.8789,10640250.0
2017-07-06,38274.7698,38354.5089,38051.5003,38322.6133,10923050.0
2017-07-07,38067.4576,38370.4663,37971.7706,38163.1445,8131900.0
2017-07-10,38673.4799,38992.4364,38529.9494,38801.0625,10792750.0
2017-07-11,38785.1033,39072.1641,38498.0425,39072.1641,9717800.0
2017-07-12,39072.1745,39869.5659,38944.5919,39773.8789,9486150.0
2017-07-13,39933.3499,40619.1063,39901.4542,40316.0977,16034150.0
2017-07-14,40666.956,40730.7473,40204.469,40252.3125,8239000.0
2017-07-17,40587.2045,40682.8914,40284.1959,40379.8828,8976100.0
2017-07-18,40204.4668,40571.2667,40156.6233,40539.3711,7084450.0
2017-07-19,40363.9381,40523.4163,39869.5556,40459.625,11157500.0
2017-07-20,40475.5737,40922.1127,40316.0955,40826.4258,8367600.0
2017-07-21,40555.32,40794.5374,40284.207,40730.7461,8449050.0
2017-07-24,40427.7455,40666.9629,40363.9542,40555.3281,7099750.0
2017-07-25,40268.2542,40475.5759,39821.7151,39869.5586,10810600.0
2017-07-26,39550.6027,39885.507,39311.3853,39741.9766,11224800.0
2017-07-27,39869.5564,40379.8867,39518.7043,39710.0781,11449500.0
2017-07-28,39710.0885,39710.0885,37780.4014,38083.4102,26168300.0
2017-07-31,37812.3003,38466.1613,37413.6046,38434.2656,12701400.0
2017-08-01,38274.7801,38944.5887,37907.9801,38753.2148,11369500.0
2017-08-02,39231.6423,39343.277,38753.2076,39072.1641,7777450.0
2017-08-03,39072.1688,39072.1688,37573.0734,38099.3516,15540800.0
2017-08-04,38402.3664,38418.3142,37876.0881,38035.5664,8359200.0
2017-08-07,37876.0876,38338.5746,37828.2441,37939.8789,7218250.0
2017-08-08,38258.8374,38482.107,37860.1417,38051.5156,7979600.0
2017-08-09,37796.3278,37796.3278,36871.3544,36903.25,14555400.0
2017-08-10,36839.4752,36935.1621,36249.4057,36600.2578,22986150.0
2017-08-11,35978.2972,36121.8277,35260.645,35579.6016,25407300.0
2017-08-14,35978.2885,36201.558,35659.332,35882.6016,19185600.0
2017-08-16,36855.4205,36983.0031,36679.9944,36839.4727,21913650.0
2017-08-17,37445.5017,37716.6147,37270.0755,37509.293,12415850.0
2017-08-18,37286.0098,37668.7575,36871.3664,37397.6445,10477950.0
2017-08-21,37668.7612,37668.7612,37142.483,37349.8047,5103450.0
2017-08-22,37333.8524,37604.9654,37238.1655,37477.3828,7381750.0
2017-08-23,38099.3462,38099.3462,37620.9116,37860.1289,9384700.0
2017-08-24,37892.0312,38003.666,37748.5008,37892.0312,8657450.0
2017-08-25,38179.0884,38179.0884,37254.1147,37493.332,11243550.0
2017-08-28,37493.3383,37668.7643,36648.1035,36759.7383,9962100.0
2017-08-29,36392.9408,36743.793,36010.1929,36743.793,12623650.0
2017-08-30,36983.0031,36998.9509,36648.0988,36839.4727,7513000.0
2017-08-31,36855.421,37190.3253,36679.995,36935.1602,11011700.0
2017-09-01,37046.8061,37190.3365,36919.2234,37062.7539,10641700.0
2017-09-04,36504.5728,36967.0597,36281.3032,36711.8945,7943500.0
2017-09-05,36871.376,37397.6543,36648.1065,37286.0195,11716100.0
2017-09-06,37286.0089,37620.9132,37238.1655,37477.3828,10811050.0
2017-09-07,37477.3981,38450.2157,37477.3981,38370.4766,9676500.0
2017-09-08,38832.9562,39215.704,38737.2692,39135.9648,10893000.0
2017-09-11,39630.339,40013.0868,39470.8608,39710.0781,10374750.0
2017-09-12,40029.0363,40044.9841,39183.8016,39550.6016,12029750.0
2017-09-13,39726.0251,40188.5119,39423.0165,39566.5469,9357000.0
2017-09-14,39917.4073,40124.7291,39678.19,40108.7812,14204750.0
2017-09-15,40108.7765,40316.0982,39757.9244,40188.5156,10757300.0
2017-09-18,40300.1509,41847.0898,40284.2031,41847.0898,11524950.0
2017-09-19,41863.0399,41974.6747,41288.9182,41560.0312,9850400.0
2017-09-20,41560.0343,41863.043,41336.7647,41639.7734,9292750.0
2017-09-21,41639.7709,42229.8404,41639.7709,42102.2578,8839800.0
2017-09-25,42261.7385,42803.9646,42261.7385,42756.1211,9303100.0
2017-09-26,42756.1211,42756.1211,42756.1211,42756.1211,0.0
2017-09-27,41464.3527,41623.831,41065.657,41209.1875,10797000.0
2017-09-28,41784.8619,41944.7734,40985.3047,40985.3047,12025450.0
2017-09-29,40921.345,41273.1503,40649.4955,41001.3008,12909400.0
2017-10-10,42664.3731,42888.2492,42216.6211,42216.6211,20519800.0
2017-10-11,42856.2767,43783.7633,42648.3918,43687.8164,13652150.0
2017-10-12,43847.7167,44103.575,43256.0443,43815.7344,13890700.0
2017-10-13,43607.8468,43847.7139,43000.1834,43176.0859,12601650.0
2017-10-16,43160.1063,43863.7167,42984.2036,43112.1328,9769950.0
2017-10-17,43192.0798,44279.4775,43176.0886,43815.7344,10607800.0
2017-10-18,43831.7234,44167.5374,43208.0688,43783.75,10110750.0
2017-10-19,43735.7814,43735.7814,42360.543,42360.543,12108700.0
2017-10-20,42216.6207,43256.045,42216.6207,43048.1602,8027050.0
2017-10-23,43655.8242,43687.8065,43176.0899,43415.957,8311050.0
2017-10-24,43735.7899,43799.7545,43208.082,43208.082,5806050.0
2017-10-25,43208.0708,43511.9026,42936.2214,43096.1328,5882850.0
2017-10-26,42952.2084,43096.1286,41896.793,41896.793,9776550.0
2017-10-27,41896.7972,42632.3898,41688.9123,42440.4961,7392500.0
2017-10-30,43000.1971,43431.9581,42936.2325,43208.082,8196150.0
2017-10-31,43224.0687,44327.4578,42776.3166,44039.6172,13381550.0
2017-11-01,45974.5401,45974.5401,44919.1246,45750.6641,14510250.0
2017-11-02,45974.5474,45990.5386,45382.875,45622.7422,10721050.0
2017-11-03,45622.7341,45686.6986,44663.2654,45079.0352,9935800.0
2017-11-06,45079.0352,45174.982,44247.4957,45079.0352,9000950.0
2017-11-07,45079.0283,45510.7892,44663.2586,44855.1523,7464550.0
2017-11-08,44855.1556,45622.7304,44663.2619,45382.8633,8520200.0
2017-11-09,45510.786,45510.786,44695.2379,45047.043,11994050.0
2017-11-10,44615.2891,45206.9614,44599.298,45095.0234,6748800.0
2017-11-13,45095.0263,45414.8492,44855.1591,45079.0352,8806650.0
2017-11-14,45079.0425,45366.8831,44711.2461,44711.2461,6725000.0
2017-11-15,44711.2393,45031.0622,44231.5049,44247.4961,8816950.0
2017-11-16,44327.4552,44775.2073,44295.4729,44599.3047,7640700.0
2017-11-17,45095.0402,45478.8278,44631.2969,44631.2969,10733150.0
2017-11-20,44695.2407,44759.2053,44135.5508,44135.5508,9472750.0
2017-11-21,44295.4742,44647.2794,44199.5273,44199.5273,10324700.0
2017-11-22,44759.2138,44935.1164,44471.3732,44743.2227,7952950.0
2017-11-23,44743.2155,44759.2066,43991.6318,44215.5078,6272900.0
2017-11-24,44215.5123,44375.4237,44119.5654,44343.4414,4536200.0
2017-11-27,44263.4829,44263.4829,42088.6875,42088.6875,18128900.0
2017-11-28,42136.6554,42600.3984,41353.0895,42600.3984,13499400.0
2017-11-29,42536.4492,42568.4315,41976.7591,42056.7148,9590250.0
2017-11-30,40617.5039,41465.0345,40137.7696,40617.5039,29634150.0
2017-12-01,40617.5099,41401.076,40617.5099,40649.4922,12868600.0
2017-12-04,40649.4948,41049.2734,39993.8578,41049.2734,14865050.0
2017-12-05,40457.5969,41017.287,40201.7386,40985.3047,9326550.0
2017-12-06,40985.3025,41225.1697,39993.8516,39993.8516,10889200.0
2017-12-07,40009.8412,40761.425,39993.8501,40569.5312,11065600.0
2017-12-08,41065.2638,41576.9805,40809.4054,41576.9805,11290450.0
2017-12-11,41576.9729,41608.9552,41177.1943,41401.0703,8125850.0
2017-12-12,41433.0537,41656.9297,41305.1245,41656.9297,8765050.0
2017-12-13,41656.932,41656.932,40857.3748,41033.2773,11333700.0
2017-12-14,41033.2794,41800.8544,40825.3945,40825.3945,20310400.0
2017-12-15,40969.3075,41161.2012,40393.6263,40473.582,14928550.0
2017-12-18,40473.585,40969.3104,40473.585,40937.3281,7350250.0
2017-12-19,41209.1729,41640.9338,41193.1818,41225.1641,11978600.0
2017-12-21,40777.4186,40825.3921,39258.2599,39290.2422,15624300.0
2017-12-22,39498.1289,39945.881,39370.1998,39737.9961,11199650.0
2017-12-26,39785.9655,40057.8149,38538.6562,38538.6562,16039850.0
2017-12-27,39498.6967,39982.7493,39095.3195,39821.3984,10743600.0
2017-12-28,39982.7394,41112.1953,39934.3341,41112.1953,8985450.0
2018-01-02,41451.041,41467.176,40966.9883,41160.6094,8474250.0
2018-01-03,42386.8781,42403.0132,41483.3132,41644.6641,10013500.0
2018-01-04,42048.0322,42096.4375,40854.0359,41209.0078,11695450.0
2018-01-05,41386.5043,42048.043,41305.8289,42048.043,9481150.0
2018-01-08,42273.926,42370.7365,41547.8471,41967.3594,8383650.0
2018-01-09,41515.5776,41725.3337,40321.5812,40660.418,18013600.0
2018-01-10,40741.091,40757.2261,39240.5281,39401.8789,18566800.0
2018-01-11,38885.5697,39740.7295,38740.3538,38917.8398,25123800.0
2018-01-12,38917.8288,39111.4498,37723.8324,38885.5586,27270450.0
2018-01-15,39369.6155,39514.8313,38659.6716,39159.8594,10096000.0
2018-01-16,39337.3319,40450.6526,39224.3863,40337.707,20389650.0
2018-01-17,40353.8541,40353.8541,39579.3699,40031.1523,11053050.0
2018-01-18,40353.8574,40854.0452,40192.5065,40257.0469,14848850.0
2018-01-19,40644.3046,40644.3046,39563.2532,39789.1445,9219950.0
2018-01-22,39240.5417,39272.8118,38691.9486,38917.8398,12520900.0
2018-01-23,39256.6619,39660.0391,38966.2304,39660.0391,13532700.0
2018-01-24,39418.008,40095.6815,39175.9818,39805.25,9550500.0
2018-01-25,39708.452,40628.152,39660.0467,40547.4766,11160350.0
2018-01-26,40741.0971,40966.9883,40208.6391,40966.9883,10350100.0
2018-01-29,41305.8258,41531.7171,41063.7995,41321.9609,11838800.0
2018-01-30,40692.6939,40854.0448,40160.236,40176.3711,12284550.0
2018-01-31,40353.8574,43677.6857,40015.0205,40257.0469,64681300.0
2018-02-01,40837.9074,41112.2039,40111.8285,40192.5039,27609450.0
2018-02-02,39837.5471,39853.6822,38482.1992,38482.1992,29260350.0
2018-02-05,37514.0806,38982.3736,37110.7034,38659.6719,28357900.0
2018-02-06,37594.7467,38659.6623,37578.6116,38256.2852,19406450.0
2018-02-07,38917.8323,38933.9674,36949.3516,36949.3516,23448050.0
2018-02-08,37207.5097,37610.8869,37094.5641,37110.6992,23251050.0
2018-02-09,35852.1774,36449.1758,35836.0423,36061.9336,17465000.0
2018-02-12,36384.6248,37368.8652,36336.2195,36884.8125,15754950.0
2018-02-13,37272.0621,38772.6257,37272.0621,38353.1133,18923250.0
2018-02-14,38788.7585,39611.6481,38675.8128,39530.9727,18905900.0
2018-02-19,40176.3646,40176.3646,38611.2612,39030.7734,15353450.0
2018-02-20,38756.479,38853.2896,38094.9405,38240.1562,10122600.0
2018-02-21,38143.3516,38385.3779,37788.3796,38143.3516,12880200.0
2018-02-22,38127.2092,38127.2092,37723.832,37723.832,8869950.0
2018-02-23,37723.8305,38562.855,37723.8305,38094.9375,12423300.0
2018-02-26,38143.3441,38369.2353,37981.9932,38224.0195,9560650.0
2018-02-27,39014.6388,39030.7738,38224.0195,38224.0195,9830550.0
2018-02-28,38224.0326,38804.8959,37917.4658,37965.8711,15162350.0
2018-03-02,37578.6263,37756.1123,37110.7087,37126.8438,13265500.0
2018-03-05,36965.4767,37239.7731,36368.4786,36465.2891,14100950.0
2018-03-06,37046.1715,37998.1419,36965.496,37933.6016,15423350.0
2018-03-07,38885.5616,39450.2897,38094.9423,39224.3984,21427050.0
2018-03-08,39692.3164,39918.2076,38788.7515,39692.3164,19463650.0
2018-03-09,39885.9346,40773.3644,39724.5838,40127.9609,14304400.0
2018-03-12,40789.4995,40966.9855,39998.8802,40127.9609,8688950.0
2018-03-13,40950.8584,41676.9375,40628.1566,41676.9375,20098700.0
2018-03-14,41160.6149,41951.2344,41144.4799,41757.6133,12713250.0
2018-03-15,41951.2399,41967.375,41160.6204,41580.1328,8882450.0
2018-03-16,41321.9622,41483.3131,40531.3429,41257.4219,12184900.0
2018-03-19,40837.9043,41418.7674,40692.6885,40934.7148,8218850.0
2018-03-20,40902.4432,41305.8203,40418.3906,41305.8203,8193250.0
2018-03-21,41773.746,41773.746,41192.8828,41192.8828,8905200.0
2018-03-22,41192.8752,41773.7383,41176.7401,41773.7383,8454100.0
2018-03-23,40612.0238,40918.5905,40015.0254,40111.8359,14854950.0
2018-03-26,39869.8045,40563.6133,39563.2378,40563.6133,10057750.0
2018-03-27,40595.8824,40708.8281,39595.507,40321.5859,11874000.0
2018-03-28,39611.6432,39611.6432,38998.5098,39288.9414,15159450.0
2018-03-29,39576.617,40275.5059,39267.8056,39852.9219,10067000.0
2018-03-30,39885.4383,40551.8209,39885.4383,39999.2109,7777100.0
2018-04-02,39820.4102,39999.1957,39414.0795,39446.5859,7115650.0
2018-04-03,38910.2269,39121.5189,38422.6301,39105.2656,12768250.0
2018-04-04,39137.7824,39219.0486,38130.082,38130.082,12384200.0
2018-04-05,38520.1623,40129.2324,38471.4026,39609.1289,13245600.0
2018-04-06,39007.7518,39479.0955,38520.1549,39332.8164,12532700.0
2018-04-09,39219.0473,40177.988,39170.2876,39982.9492,9950400.0
2018-04-10,39446.6013,39999.2112,39040.2704,39722.9062,10984350.0
2018-04-11,40551.8245,40551.8245,39495.3642,39706.6562,10051100.0
2018-04-12,40177.9891,40177.9891,39722.8986,39820.418,12466250.0
2018-04-13,40308.0146,40779.3583,40145.4822,40470.5469,10278300.0
2018-04-16,40893.1335,41120.6787,40519.3091,40909.3867,7877450.0
2018-04-17,40828.1201,41071.9186,40486.8023,40616.8281,7772000.0
2018-04-18,41445.7426,41738.3008,41104.4247,41738.3008,13462600.0
2018-04-19,42258.409,43054.8175,41884.5846,42892.2852,17190550.0
2018-04-20,42095.8689,42469.6932,41787.0575,41949.5898,11761000.0
2018-04-23,41445.7374,42323.4119,41445.7374,42177.1328,11619000.0
2018-04-24,42128.3793,42144.6325,40698.0948,41006.9062,15770300.0
2018-04-25,39999.2,41039.4068,39999.2,40958.1406,16614600.0
2018-04-26,40974.4016,42388.4329,40958.1484,42372.1797,18046550.0
2018-04-27,43379.8778,43591.1698,42615.9759,43071.0664,30310800.0
2018-04-30,43071.0664,43071.0664,43071.0664,43071.0664,0.0
2018-05-02,43071.0664,43071.0664,43071.0664,43071.0664,0.0
2018-05-03,43071.0664,43071.0664,43071.0664,43071.0664,0.0
2018-05-04,43071.0605,43802.4558,42095.8667,42177.1328,39565391.0
2018-05-08,42746.0039,43233.6009,42177.1407,42746.0039,23104720.0
2018-05-09,42745.9932,42908.5255,41364.4688,41364.4688,16128305.0
2018-05-10,42014.6021,42014.6021,41120.6744,41933.3359,13905263.0
2018-05-11,42258.3942,42420.9265,41608.2651,41689.5312,10314997.0
2018-05-14,41445.7471,41527.0133,40551.8192,40714.3516,14909272.0
2018-05-15,40795.6108,40958.1431,39901.6831,39982.9492,18709146.0
2018-05-16,39982.9458,40795.6073,39942.3127,40511.1758,15918683.0
2018-05-17,40876.8798,41039.4122,40145.4844,40145.4844,10365440.0
2018-05-18,40551.8265,40551.8265,40104.8624,40226.7617,6706570.0
2018-05-21,40348.6466,40795.6104,39901.6827,40633.0781,9020998.0
2018-05-23,41120.6772,42258.4034,40958.1448,42095.8711,17095490.0
2018-05-24,42258.3977,42258.3977,41527.0023,41770.8008,8289275.0
2018-05-25,41445.7447,42908.5357,41283.2124,42827.2695,15207266.0
2018-05-28,42664.7355,43071.0663,42258.4046,42502.2031,9787820.0
2018-05-29,42420.9265,42664.725,41689.5312,41689.5312,8480437.0
2018-05-30,41689.5531,41852.0854,39901.697,40226.7617,20498098.0
2018-05-31,40958.1429,41283.2076,40511.1791,41201.9414,63491109.0
2018-06-01,41039.4021,42014.5958,40592.4383,41689.5312,13038499.0
2018-06-04,41283.2093,41608.274,41201.9432,41527.0078,9767171.0
2018-06-05,41526.999,41770.7974,40958.136,41689.5312,9144100.0
2018-06-07,42095.8737,42095.8737,41039.4135,41120.6797,13590016.0
2018-06-08,40795.6123,40958.1446,40308.0154,40348.6484,16951706.0
2018-06-11,40429.9211,40876.885,40104.8564,40551.8203,10571312.0
2018-06-12,40389.2829,40470.549,40023.5851,40145.4844,12110569.0
2018-06-14,39820.4223,39820.4223,39170.293,39170.293,20971729.0
2018-06-15,39414.0905,39576.6229,38723.3281,38723.3281,17080892.0
2018-06-18,38682.6889,38723.322,37544.9627,37870.0273,16661870.0
2018-06-19,38357.6261,38479.5253,37788.763,38195.0938,15217971.0
2018-06-20,38560.7915,38682.6907,38073.1945,38195.0938,12959316.0
2018-06-21,38926.4889,38926.4889,38235.7266,38235.7266,10015541.0
2018-06-22,38195.0963,38398.2617,37544.967,38398.2617,10298006.0
2018-06-25,38235.7208,38235.7208,37504.3255,37910.6562,10587711.0
2018-06-26,37301.166,38438.8922,37301.166,38195.0938,11223166.0
2018-06-27,38560.7942,39414.0889,38195.0965,38967.125,15274752.0
2018-06-28,38356.365,38601.9767,38151.6885,38315.4297,12784800.0
2018-06-29,37865.1427,38601.9779,37824.2074,38192.625,14099635.0
2018-07-02,38069.8173,38601.9761,37251.1116,37292.0469,13112253.0
2018-07-03,37455.7911,38028.8852,37455.7911,37783.2734,10959655.0
2018-07-04,38233.5661,38520.1132,37701.4073,37865.1484,8776763.0
2018-07-05,37742.3254,38110.7429,37332.9726,37619.5195,7039773.0
2018-07-06,37251.1101,37537.6572,36555.2103,36759.8867,17843706.0
2018-07-09,37251.1099,37742.3333,37005.4982,37332.9805,11602464.0
2018-07-10,37824.2114,38110.7585,37742.3409,37906.082,10528665.0
2018-07-11,37987.955,38028.8903,37169.2491,37660.4727,11224077.0
2018-07-12,37578.5956,37865.1426,37210.178,37251.1133,11828104.0
2018-07-13,37496.7224,38069.8164,37455.7871,38069.8164,11543389.0
2018-07-16,38315.4436,38315.4436,37660.4788,37701.4141,7678719.0
2018-07-17,37783.2758,37824.2111,37332.9876,37537.6641,8892953.0
2018-07-18,38233.5754,38642.9285,38028.8989,38110.7695,10952645.0
2018-07-19,38520.1145,38642.9204,38151.6968,38397.3086,9880128.0
2018-07-20,38479.18,38970.4035,38233.5682,38847.5977,10474547.0
2018-07-23,38561.0398,38642.9104,37783.2694,38069.8164,10823782.0
2018-07-24,37947.0146,38151.6911,37619.5323,37783.2734,8261363.0
2018-07-25,37865.144,38110.7558,37578.597,37783.2734,7222471.0
2018-07-26,37742.3438,38479.1792,37660.4732,38397.3086,7374946.0
2018-07-27,38028.8909,38479.1792,38028.8909,38397.3086,4762460.0
2018-07-30,38110.7517,38315.4281,37947.0105,38069.8164,5723035.0
2018-07-31,37824.2131,38028.8896,37660.472,37865.1484,8033607.0
2018-08-01,37701.4165,38356.3814,37701.4165,38110.7695,7484499.0
2018-08-02,38110.7526,38315.4291,37251.1116,37292.0469,8560924.0
2018-08-03,37537.6714,37578.6067,37210.189,37455.8008,8274944.0
2018-08-06,37783.2697,37783.2697,37455.7874,37496.7227,6771979.0
2018-08-07,37906.084,38274.5017,37578.6017,38233.5664,9058174.0
2018-08-08,38479.1708,38479.1708,38110.7532,38315.4297,6429338.0
2018-08-09,38479.1792,38520.1145,38028.8909,38397.3086,12010886.0
2018-08-10,37783.2834,37987.9599,36718.9656,37169.2539,16670643.0
2018-08-13,36800.8286,36923.6345,36555.2169,36882.6992,9803831.0
2018-08-14,36718.9663,37169.2546,36718.9663,36964.5781,6409259.0
2018-08-16,35859.3129,36555.2128,35777.4423,36227.7305,10088229.0
2018-08-17,36063.9905,36350.5375,36063.9905,36104.9258,6808747.0
2018-08-20,35613.7068,36186.801,35613.7068,35900.2539,7289124.0
2018-08-21,35777.4546,36759.9019,35777.4546,36678.0312,9520270.0
2018-08-22,36964.5578,37824.1987,36759.8814,37742.3281,11641656.0
2018-08-23,37783.2756,37824.2109,37414.858,37824.2109,6730918.0
2018-08-24,37578.597,37987.9499,37292.0499,37783.2734,6582535.0
2018-08-27,37742.3409,38110.7585,37660.4703,37906.082,5263782.0
2018-08-28,38315.4461,38438.252,37906.093,38110.7695,7365976.0
2018-08-29,38274.4944,38315.4297,37987.9474,38315.4297,5572374.0
2018-08-30,38438.238,39256.9438,38233.5615,39011.332,12193231.0
2018-08-31,38561.044,39666.2969,38479.1734,39666.2969,13577454.0
2018-09-03,39461.6271,39543.4977,38724.7918,38847.5977,8595084.0
2018-09-04,38929.4614,39134.1379,38642.9144,39011.332,6791255.0
2018-09-05,38724.7894,38847.5953,37987.9541,38151.6953,9139998.0
2018-09-06,37824.1987,37987.9398,37496.7164,37742.3281,9040553.0
2018-09-07,36432.4044,37005.4984,36350.5339,36759.8867,18285508.0
2018-09-10,37210.178,37292.0486,36841.7604,37251.1133,9979838.0
2018-09-11,37292.0522,37578.5992,36882.6992,36882.6992,9865790.0
2018-09-12,36759.8868,36923.628,36432.4046,36473.3398,12995269.0
2018-09-13,36473.3333,36637.0744,36023.0452,36063.9805,18277942.0
2018-09-14,36841.7641,37537.6641,36759.8935,37537.6641,12446344.0
2018-09-17,37292.0605,37496.7371,36759.9016,36964.5781,8123384.0
2018-09-18,36800.8251,37578.5956,36596.1487,37251.1133,9987090.0
2018-09-19,37660.4676,37824.2087,37414.8558,37783.2734,9367454.0
2018-09-20,38356.3692,38970.3986,37987.9516,38683.8516,13536966.0
2018-09-21,38110.764,38929.47,38110.764,38806.6641,14476906.0
2018-09-27,38727.4758,39181.1523,38315.0427,39181.1523,15804586.0
2018-09-28,38974.94,38974.94,38191.3169,38315.0469,11270515.0
2018-10-01,38315.0296,38603.7327,37778.8666,38232.543,6354983.0
2018-10-02,38315.0443,38521.2609,37696.3945,37696.3945,6607188.0
2018-10-04,37242.7172,37613.9071,36871.5273,36871.5273,11865327.0
2018-10-05,36954.014,37531.4205,36747.7974,36871.5273,10544165.0
2018-10-08,36459.0886,37283.9548,36459.0886,37077.7383,6759464.0
2018-10-10,37325.1942,37531.4107,36706.5446,37366.4375,10341349.0
2018-10-11,36294.118,36830.2811,35551.7383,35551.7383,19324537.0
2018-10-12,35634.2126,36830.2684,35634.2126,36294.1055,12640906.0
2018-10-15,36335.3572,36335.3572,35757.9508,36129.1406,7434522.0
2018-10-16,36046.6585,36417.8484,35757.9553,35964.1719,6825677.0
2018-10-17,36417.8477,36706.5509,36294.1177,36417.8477,8306193.0
2018-10-18,36252.865,36665.298,36046.6484,36335.3516,8347725.0
2018-10-19,36211.6211,36417.8376,35840.4314,36211.6211,7842520.0
2018-10-22,35840.4508,36252.8841,35634.2342,35922.9375,8357648.0
2018-10-23,35716.7048,35840.4347,35098.0552,35510.4883,9531231.0
2018-10-24,35510.4838,35551.7271,34850.591,35098.0508,13522825.0
2018-10-25,33489.5691,34273.1921,33448.3258,33819.5156,19338170.0
2018-10-26,33902.0022,34066.9755,33324.5959,33819.5156,14413864.0
2018-10-29,33695.7807,34603.1334,33448.3208,34149.457,14460521.0
2018-10-30,34149.4554,35469.2411,33819.5089,34933.0781,14205190.0
2018-10-31,35386.7573,35757.947,34396.9179,34974.3242,17621480.0
2018-11-01,35015.581,35428.0143,34768.1211,34768.1211,13423132.0
2018-11-02,35510.4947,36500.3343,35304.2781,36417.8477,16517112.0
2018-11-05,36087.8973,36129.1406,35386.761,36129.1406,9426777.0
2018-11-06,36087.8984,36129.1418,35428.0054,36087.8984,7713625.0
2018-11-07,35964.1591,36706.5385,35799.1858,36294.1055,11553998.0
2018-11-08,37036.4877,37160.2177,36335.3516,36335.3516,12617397.0
2018-11-09,36665.3081,36995.2546,36211.6316,36541.5781,7318500.0
2018-11-12,36170.3951,37325.2082,36046.6651,37283.9648,8552566.0
2018-11-13,36211.6271,36706.5469,35799.194,36706.5469,9311126.0
2018-11-14,36706.5441,36706.5441,36129.1378,36376.5977,6783344.0
2018-11-15,36335.3549,36582.8147,35881.6785,36500.3281,5864067.0
2018-11-16,36789.0251,36912.755,36046.6457,36294.1055,7777124.0
2018-11-19,36335.3566,36500.3299,35840.4369,36005.4102,7538720.0
2018-11-20,35015.5703,35469.2467,34726.8671,35304.2734,9420664.0
2018-11-21,34479.4151,34891.8483,34479.4151,34726.875,10769589.0
2018-11-22,34644.3728,35180.5357,34644.3728,35015.5625,5970796.0
2018-11-23,35015.5675,35139.2974,34561.8912,34974.3242,5192638.0
2018-11-26,34768.111,35304.274,34726.8677,35139.3008,6613009.0
2018-11-27,35386.7584,35551.7316,35056.8119,35510.4883,8367091.0
2018-11-28,35304.2811,35634.2277,35263.0378,35592.9844,6943099.0
2018-11-29,36170.3908,36170.3908,35386.7678,35592.9844,8473511.0
2018-11-30,35840.4505,36294.1271,34438.1774,34520.6641,19775519.0
2018-12-03,35263.024,35799.1869,34974.3209,35675.457,12110702.0
2018-12-04,35180.5543,35386.7709,34561.9045,34768.1211,14347746.0
2018-12-05,33737.019,34438.1551,33695.7757,34190.6953,12631983.0
2018-12-06,33489.5687,33902.0018,33365.8387,33407.082,14251826.0
2018-12-07,33737.034,34149.4672,33695.7907,33778.2773,11433083.0
2018-12-10,33365.8494,33530.8227,32994.6595,33159.6328,14892263.0
2018-12-11,33489.5704,33572.057,33159.6239,33200.8672,10638766.0
2018-12-12,33200.8744,33572.0643,33118.3877,33365.8477,12024279.0
2018-12-13,33530.8075,33613.2941,32994.6445,32994.6445,26254646.0
2018-12-14,33159.6218,33159.6218,31922.3225,32128.5391,19671783.0
2018-12-17,31881.0863,32664.7094,31881.0863,32293.5195,11532968.0
2018-12-18,31592.3714,32334.7508,31592.3714,32087.291,11042101.0
2018-12-19,32087.2982,32458.4881,32046.0549,32252.2715,9942037.0
2018-12-20,31839.8446,32252.2778,31757.3579,31881.0879,11937617.0
2018-12-21,31509.898,31881.0879,31427.4113,31881.0879,14947080.0
2018-12-24,31757.3545,32211.031,31592.3813,32004.8145,9729530.0
2018-12-26,31674.8644,31963.5676,31592.3778,31633.6211,12707675.0
2018-12-27,32219.734,32302.9891,31720.2032,31845.0859,10510643.0
2018-12-28,31845.096,32386.2544,31803.4684,32219.7441,9900267.0
2019-01-02,32802.5296,32802.5296,32094.8608,32261.3711,7847664.0
2019-01-03,31886.7156,32094.8534,31179.047,31303.9297,12471493.0
2019-01-04,31179.0449,31303.9276,30679.5142,31179.0449,14108958.0
2019-01-07,31636.9575,32386.2538,31470.4472,32261.3711,12748997.0
2019-01-08,31636.9538,32636.0155,31595.3263,31720.209,12756554.0
2019-01-09,32178.1113,32969.0352,31886.7183,32969.0352,17452708.0
2019-01-10,33302.0572,33426.9399,32969.0366,33135.5469,14731699.0
2019-01-11,33593.4454,33759.9557,33260.4249,33718.3281,11661063.0
2019-01-14,33676.6963,33884.8341,33177.1655,33343.6758,11984996.0
2019-01-15,33343.6843,34217.8633,33177.174,34217.8633,11492756.0
2019-01-16,34259.4924,34509.2578,33884.8442,34509.2578,8491595.0
2019-01-17,34717.3934,35050.414,34509.2555,34925.5312,11736903.0
2019-01-18,34967.1487,35300.1692,34925.5212,35216.9141,11029256.0
2019-01-21,35549.9505,35591.5781,34883.9093,35591.5781,11355701.0
2019-01-22,35591.5659,35674.821,34842.2698,35092.0352,9964356.0
2019-01-23,34426.0017,35175.298,34426.0017,34967.1602,11071079.0
2019-01-24,35841.3281,35882.9557,35258.5423,35841.3281,14747623.0
2019-01-25,36882.016,37256.6641,36424.1129,37256.6641,22789395.0
2019-01-28,37464.8099,37881.0856,37131.7894,37506.4375,17998914.0
2019-01-29,37506.4417,37881.0898,36923.6557,37881.0898,16215017.0
2019-01-30,37298.2931,38630.375,37298.2931,38630.375,17505980.0
2019-01-31,38838.5297,39171.5503,38422.2539,38422.2539,21621145.0
2019-02-01,38838.5193,39088.2847,38505.4988,38588.7539,13832454.0
2019-02-07,38963.4058,39213.1713,38463.875,38463.875,15872001.0
2019-02-08,38047.593,38047.593,37173.4142,37298.2969,12689196.0
2019-02-11,37048.5407,37464.8164,36840.4028,37464.8164,11125044.0
2019-02-12,37173.4164,38505.4985,37173.4164,38338.9883,13184367.0
2019-02-13,38630.3853,38880.1507,38297.3647,38463.875,11299738.0
2019-02-14,38796.8875,39546.1836,38422.2394,39546.1836,17259341.0
2019-02-15,38921.7742,39005.0293,38005.9678,38338.9883,10554643.0
2019-02-18,38713.6404,39005.0334,38172.482,38463.875,8183728.0
2019-02-19,38172.4714,38422.2368,37839.451,38255.7266,6741395.0
2019-02-20,38921.7774,39213.1704,38713.6396,39046.6602,11506720.0
2019-02-21,38713.6371,39296.423,38463.8717,39088.2852,8694009.0
2019-02-22,38713.6269,39254.7852,38671.9994,39254.7852,6895772.0
2019-02-25,39462.9362,39587.8189,39171.5432,39421.3086,7484716.0
2019-02-26,39421.3042,39504.5593,38713.6356,38921.7734,7985547.0
2019-02-27,39129.9113,39338.0491,38921.7734,38921.7734,8045211.0
2019-02-28,38630.3912,38713.6464,37548.0742,37548.0742,23569321.0
2019-03-04,38297.3598,38380.6149,37298.2982,37339.9258,12926539.0
2019-03-05,37131.7914,37548.0671,36757.1433,36840.3984,10612405.0
2019-03-06,36632.2578,36882.0232,36382.4924,36632.2578,10202544.0
2019-03-07,36132.7235,37423.178,36132.7235,37006.9023,11049749.0
2019-03-08,37006.8965,37298.2894,36465.7383,36465.7383,7729069.0
2019-03-11,36965.2847,37006.9123,36340.8711,36340.8711,10717408.0
2019-03-12,36882.0289,37423.1873,36757.1462,37173.4219,11431977.0
2019-03-13,36840.3955,37006.9058,36382.4923,36507.375,8108343.0
2019-03-14,36382.4923,36882.0231,36257.6096,36507.375,18039161.0
2019-03-15,36465.7451,36840.3932,36382.49,36798.7656,16814163.0
2019-03-18,36590.6261,36757.1363,36174.3505,36382.4883,8188876.0
2019-03-19,36424.1251,36549.0078,36257.6148,36549.0078,7609563.0
2019-03-20,36465.7411,36798.7616,35882.9553,36673.8789,9846242.0
2019-03-21,37131.7913,38505.501,36673.888,38172.4805,21138016.0
2019-03-22,39005.0389,39129.9216,38505.508,38755.2734,12535911.0
2019-03-25,37714.5796,38005.9726,37298.3038,37881.0898,8699728.0
2019-03-26,37881.0871,38047.5973,37381.5562,37672.9492,9729811.0
2019-03-27,37256.6723,37964.341,36840.3967,37756.2031,9568081.0
2019-03-28,37717.6054,37927.3808,37172.1896,37633.6953,6821306.0
2019-03-29,37340.0137,37675.6543,37088.2833,37465.8789,11491713.0
2019-04-01,37927.3847,38137.1601,37633.6992,37801.5195,7362129.0
2019-04-02,38221.0664,38682.5722,38053.2462,38388.8867,9480688.0
2019-04-03,39227.9941,39227.9941,38430.8477,39102.1289,12436570.0
2019-04-04,38724.5198,39521.666,38724.5198,39395.8008,12650168.0
2019-04-05,39395.8047,39899.2654,39102.1192,39311.8945,8546339.0
2019-04-08,39647.5389,39647.5389,38724.5274,39144.0781,8507909.0
2019-04-09,39186.0332,39395.8085,38766.4825,39144.0781,6878761.0
2019-04-10,38934.3009,39186.0312,38640.6154,39186.0312,11883995.0
2019-04-11,39186.0292,39269.9393,38724.5235,38808.4336,13697399.0
2019-04-12,38640.6135,39353.8496,38598.6585,39311.8945,7668936.0
2019-04-15,39563.625,39857.3104,39437.7598,39479.7148,8733019.0
2019-04-16,39773.3964,39773.3964,39269.9357,39647.5312,7730881.0
2019-04-17,39689.4902,39941.2205,39437.7598,39479.7148,5513658.0
2019-04-18,39605.5816,39647.5367,38179.1094,38263.0195,12808747.0
2019-04-19,38388.8689,38598.6441,37969.3184,38011.2734,8479710.0
2019-04-22,38095.2012,38514.7518,37843.4708,38053.2461,6006957.0
2019-04-23,37801.5176,38179.1132,37759.5625,37927.3828,6920566.0
2019-04-24,38095.1971,38304.9724,37046.3205,37549.7812,13299267.0
2019-04-25,37130.2383,37759.5644,37004.3731,37465.8789,10868965.0
2019-04-26,37088.2794,37759.5605,36752.6389,37633.6953,9739982.0
2019-04-29,37885.4298,38724.5312,37843.4747,38724.5312,8777517.0
2019-04-30,38598.6621,38850.3925,38053.2462,38472.7969,11121273.0
2019-05-02,38179.1133,38724.5293,38095.2032,38514.7539,8625126.0
2019-05-03,38514.734,38640.5992,38011.2734,38011.2734,6562916.0
2019-05-07,37969.3359,38011.2909,37256.0997,37633.6953,12014907.0
2019-05-08,37172.1894,37633.6952,37088.2793,37130.2344,10398754.0
2019-05-09,36836.5404,37130.2258,35619.8438,35619.8438,23029718.0
2019-05-10,35745.7149,36458.951,35619.8497,35997.4453,14579512.0
2019-05-13,35661.8106,36249.1816,35535.9454,35787.6758,7635079.0
2019-05-14,34654.8889,36165.2714,34654.8889,35787.6758,11563730.0
2019-05-15,35829.623,36123.3084,35703.7578,35703.7578,7670185.0
2019-05-16,35535.9492,35577.9043,34696.8477,34864.668,13687828.0
2019-05-17,35200.3105,35284.2207,34277.2988,34570.9844,13357951.0
2019-05-20,34948.5801,35326.1758,34864.6699,35242.2656,15752397.0
2019-05-21,35745.7246,36878.5117,35535.9493,36207.2305,18812133.0
2019-05-22,36668.7265,36752.6366,35577.8948,36500.9062,11033339.0
2019-05-23,36836.5488,36920.459,36291.1329,36794.5938,12259006.0
2019-05-24,36752.6324,36752.6324,35577.8907,35829.6211,13966305.0
2019-05-27,35661.8106,36081.3613,35535.9454,35787.6758,8066669.0
2019-05-28,35703.7578,36039.3983,35368.1173,35703.7578,24506881.0
2019-05-29,35116.3887,35326.164,34654.883,35074.4336,14930618.0
2019-05-30,35410.0724,35829.623,35368.1173,35703.7578,11766018.0
2019-05-31,35745.7148,35913.5351,35368.1192,35661.8047,11365999.0
2019-06-03,36039.3891,36836.5351,35661.7937,36752.625,15466580.0
2019-06-04,36417.002,36668.7324,36081.3614,36458.957,9913497.0
2019-06-05,36962.416,37088.2812,36668.7305,36836.5508,12464135.0
2019-06-07,36584.8204,37214.1465,36458.9552,37088.2812,11683682.0
2019-06-10,37172.1838,37633.6894,36962.4085,37591.7344,8792182.0
2019-06-11,37591.7402,37759.5605,37381.9649,37633.6953,6664872.0
2019-06-12,37591.7343,37801.5096,37172.1837,37423.9141,8607439.0
2019-06-13,37088.2831,37256.1034,36417.002,36710.6875,16906541.0
2019-06-14,36710.6739,37046.3144,36333.0784,36920.4492,9322873.0
2019-06-17,36710.6856,36962.416,36417.0001,36836.5508,11890424.0
2019-06-18,36710.6876,37340.0137,36626.7774,37214.1484,7994928.0
2019-06-19,38137.1562,38137.1562,37759.5606,38053.2461,10417690.0
2019-06-20,37633.6974,38179.1133,37633.6974,38179.1133,7147785.0
2019-06-21,38388.8926,38430.8476,37927.3868,38346.9375,9454913.0
2019-06-24,37927.3829,38430.8437,37927.3829,38179.1133,6085066.0
2019-06-25,37927.379,38430.8398,37927.379,38263.0195,7076774.0
2019-06-26,38430.8476,38598.6679,38263.0274,38346.9375,9226097.0
2019-06-27,38899.9943,39407.3855,38688.5813,39322.8203,12603534.0
2019-06-28,39745.6328,39745.6328,39491.9373,39745.6328,12949231.0
2019-07-01,40041.6218,40083.9044,39111.4046,39407.3828,11383522.0
2019-07-02,39069.1158,39661.0721,38773.1377,39111.3984,8463073.0
2019-07-03,38688.5719,39195.963,38223.4634,38392.5938,9669368.0
2019-07-04,38265.7532,39069.1226,38265.7532,38899.9922,6365573.0
2019-07-05,38857.6916,38857.6916,38265.7354,38603.9961,7235395.0
2019-07-08,37842.9235,37885.2061,37504.6627,37546.9453,7823843.0
2019-07-09,37927.4971,38434.8884,37800.6493,38138.9102,7646421.0
2019-07-10,38519.4375,39026.8286,38477.1549,38519.4375,9253930.0
2019-07-11,39195.9611,39365.0914,39026.8307,39069.1133,10989751.0
2019-07-12,39195.9584,39238.241,38730.8499,39153.6758,5245804.0
2019-07-15,38857.7169,39449.6734,38688.5865,39280.543,4717226.0
2019-07-16,39280.5283,39618.7891,39153.6805,39618.7891,7407824.0
2019-07-17,39026.8269,39195.9572,38857.6965,38942.2617,5216602.0
2019-07-18,39280.5407,39280.5407,38604.019,38984.5625,5143554.0
2019-07-19,39449.6561,39703.3517,39407.3735,39576.5039,8819393.0
2019-07-22,39576.5049,39999.3308,39407.3745,39914.7656,9009109.0
2019-07-23,40041.6146,40210.745,39787.9191,39999.332,9061381.0
2019-07-24,39830.2064,39872.489,39111.4022,39238.25,8756522.0
2019-07-25,39872.483,39914.7656,39407.3745,39914.7656,8408838.0
2019-07-26,39449.6546,39872.4805,39365.0894,39872.4805,7873886.0
2019-07-29,39576.519,39787.932,38899.9973,38984.5625,6856846.0
2019-07-30,39153.6847,39618.7932,39153.6847,39365.0977,5551014.0
2019-07-31,39069.1206,39407.3814,38054.3382,38350.3164,12872916.0
2019-08-01,37969.7732,38477.1643,37927.4906,38223.4688,7811181.0
2019-08-02,37673.79,38477.1593,37462.3771,38012.0508,12151374.0
2019-08-05,37504.6631,37716.0761,36870.4242,37166.4023,14214086.0
2019-08-06,35940.2036,37039.551,35940.2036,36785.8555,15083824.0
2019-08-07,36870.413,37124.1085,36447.5872,36532.1523,10002533.0
2019-08-08,36574.4458,36785.8588,36067.0547,36067.0547,16926881.0
2019-08-09,36574.4519,36659.0171,36405.3215,36489.8867,9685147.0
2019-08-12,37208.676,37208.676,36828.1327,36954.9805,8466169.0
2019-08-13,36785.8611,36785.8611,36320.7526,36363.0352,7276979.0
2019-08-14,37124.1108,37420.0889,36785.8501,36954.9805,8750135.0
2019-08-16,37039.5559,37124.1211,36616.7299,37124.1211,9528115.0
2019-08-19,37504.6648,37504.6648,36785.8606,36870.4258,6014218.0
2019-08-20,37166.4006,37716.0743,36828.1399,37589.2266,8434205.0
2019-08-21,37504.66,37885.2034,37335.5297,37631.5078,6571717.0
2019-08-22,37631.5082,37800.6386,37081.8345,37250.9648,8061177.0
2019-08-23,37039.5546,37377.8153,36912.7068,37166.4023,5017381.0
2019-08-26,36405.3172,37039.5562,36320.752,36870.4258,7954949.0
2019-08-27,36912.7041,37377.8126,36870.4215,37250.9648,16883932.0
2019-08-28,37293.2448,37546.9403,36997.2666,37335.5273,5758333.0
2019-08-29,37377.8145,37377.8145,36405.3148,36701.293,10768862.0
2019-08-30,36997.2629,37462.3713,36997.2629,37208.6758,9899073.0
2019-09-02,37927.4852,37927.4852,36912.703,37039.5508,7185537.0
2019-09-03,36828.1448,36912.71,36447.6014,36574.4492,9774941.0
2019-09-04,36574.442,37293.2461,36489.8768,37293.2461,12441837.0
2019-09-05,37885.2101,38984.5577,37589.2319,38646.2969,18297430.0
2019-09-06,39322.8061,39322.8061,38773.1325,39153.6758,9896562.0
2019-09-09,39280.5347,39745.6433,39153.6869,39661.0781,9434157.0
2019-09-10,39830.198,39914.7632,39365.0895,39745.6328,9231792.0
2019-09-11,39999.3282,40083.8934,39576.5024,39872.4805,16141619.0
2019-09-16,39745.6379,39830.2031,39238.2468,39830.2031,15550926.0
2019-09-17,39745.6433,39830.2085,39576.5129,39661.0781,7006280.0
2019-09-18,39661.0684,40337.5898,39576.5032,40337.5898,10413027.0
2019-09-19,40633.572,41606.0717,40464.4416,41563.7891,16461413.0
2019-09-20,41775.2046,41944.335,41521.509,41606.0742,15460210.0
2019-09-23,41648.3619,41690.6445,41436.9489,41690.6445,7568553.0
2019-09-24,41479.2262,41986.6173,41310.0958,41859.7695,7871955.0
2019-09-25,41606.0706,41732.9183,41267.8098,41352.375,9187141.0
2019-09-26,41436.9438,41648.3568,41352.3786,41606.0742,8494756.0
2019-09-27,40885.4675,41481.7139,40885.4675,41226.1797,8048041.0
2019-09-30,40928.0554,41950.192,40800.2883,41779.8359,9497119.0
2019-10-01,41652.0656,41822.4217,41439.1205,41609.4766,6206035.0
2019-10-02,41183.5933,41226.1823,40544.7578,40544.7578,8382463.0
2019-10-04,40374.4004,41439.1261,40331.8114,40885.4688,9331695.0
2019-10-07,41183.5918,41481.715,40587.3454,40672.5234,7047273.0
2019-10-08,40800.2897,41737.2484,40544.7556,41652.0703,14239367.0
2019-10-10,41055.8182,41907.5987,40885.4622,41353.9414,18639855.0
2019-10-11,41737.2485,42120.5498,41566.8924,41865.0156,7783275.0
2019-10-14,42589.0273,42844.5615,42461.2603,42589.0273,11130635.0
2019-10-15,42503.847,42759.3812,42503.847,42674.2031,6058105.0
2019-10-16,43185.2734,43355.6295,42929.7393,43185.2734,9136282.0
2019-10-17,43014.918,43100.096,42674.2057,43014.918,6701380.0
2019-10-18,42844.5599,43355.6282,42290.9025,42503.8477,8483106.0
2019-10-21,42503.8503,42929.7406,42418.6722,42844.5625,4406531.0
2019-10-22,43270.4518,43866.6982,43185.2738,43611.1641,10898729.0
2019-10-23,43696.3421,43866.6982,43270.4518,43611.1641,8663880.0
2019-10-24,44718.4784,44718.4784,43014.9173,43185.2734,21185785.0
2019-10-25,43270.4509,43611.1631,43014.9167,43355.6289,7879897.0
2019-10-28,43185.2754,43866.6999,43185.2754,43696.3438,6431522.0
2019-10-29,43781.5225,44037.0566,43270.4541,43525.9883,7581629.0
2019-10-30,43185.2764,43270.4544,42759.3861,42929.7422,8959435.0
2019-10-31,43440.8105,43781.5228,42844.5641,42929.7422,10304777.0
2019-11-01,43100.0957,43611.1641,42929.7396,43611.1641,8467846.0
2019-11-04,44037.0566,44548.125,43781.5225,44548.125,13012411.0
2019-11-05,44633.3057,44888.8398,44377.7715,44888.8398,10581034.0
2019-11-06,45059.194,45570.2624,44888.8379,45399.9062,14361133.0
2019-11-07,45485.0817,45485.0817,44633.3011,45059.1914,9257116.0
2019-11-08,45314.7282,45399.9063,44292.5915,44377.7695,11603290.0
2019-11-11,44462.9433,44462.9433,43781.5189,43951.875,8185952.0
2019-11-12,44122.2357,44803.6602,43951.8795,44803.6602,6576148.0
2019-11-13,44718.4766,44718.4766,44292.5863,44718.4766,6225196.0
2019-11-14,44207.4131,44974.0156,44207.4131,44974.0156,12010018.0
2019-11-15,45059.1927,45740.6172,44803.6585,45740.6172,9703360.0
2019-11-18,45655.4437,45825.7998,45314.7314,45570.2656,7746554.0
2019-11-19,45314.7314,45570.2656,44888.8411,45570.2656,8907177.0
2019-11-20,45485.0826,45485.0826,44292.5898,44292.5898,12560070.0
2019-11-21,43951.8769,44377.7672,43100.0964,43440.8086,14298646.0
2019-11-22,43440.8067,43951.875,43355.6286,43951.875,8478310.0
2019-11-25,44462.9466,44803.6588,44037.0563,44122.2344,9050625.0
2019-11-26,44207.4124,45059.193,44122.2344,44122.2344,27372226.0
2019-11-27,44122.2331,44548.1234,43951.877,44462.9453,7546261.0
2019-11-28,44207.4121,44377.7682,43696.3438,43696.3438,6833885.0
2019-11-29,43611.165,43781.5211,42759.3844,42844.5625,11179334.0
2019-12-02,43355.6325,43696.3447,42929.7422,42929.7422,18877252.0
2019-12-03,42418.6696,42844.5599,42163.1355,42503.8477,12059812.0
2019-12-04,42248.3218,42461.267,41737.2534,42120.5547,13246549.0
2019-12-05,42759.3791,42929.7352,42163.1328,42163.1328,10449715.0
2019-12-06,42674.208,43355.6325,42546.4409,42929.7422,11414563.0
2019-12-09,43355.6299,43781.5202,43185.2738,43611.1641,8470627.0
2019-12-10,43440.8089,43951.8773,43185.2748,43866.6992,6882771.0
2019-12-11,43866.6941,44462.9404,43781.516,44207.4062,11379521.0
2019-12-12,45144.3721,45399.9062,44888.8379,45399.9062,29178697.0
2019-12-13,46422.0306,46677.5648,45910.9624,46592.3867,18120261.0
2019-12-16,46422.0306,46762.7428,46251.6746,46592.3867,11512405.0
2019-12-17,47529.343,48295.9453,47188.6309,48295.9453,19358433.0
2019-12-18,48295.9583,48721.8486,47699.7119,47955.2461,15558208.0
2019-12-19,48551.4915,48807.0257,47273.8207,47699.7109,14180520.0
2019-12-20,47784.889,48125.6012,47358.9987,47699.7109,12095519.0
2019-12-23,47784.8886,48040.4228,46933.1081,47273.8203,9839252.0
2019-12-24,47358.998,47444.1761,46677.5736,46847.9297,11868463.0
2019-12-26,46592.3981,47188.6445,46336.8639,47188.6445,9645034.0
2019-12-27,47749.2833,48777.9931,47577.8316,48435.0898,12313056.0
2019-12-30,48177.9229,48520.8263,47749.2937,47835.0195,8356767.0
2020-01-02,47577.8416,48006.4708,47149.2124,47320.6641,12993228.0
2020-01-03,48006.469,48520.8241,47063.4848,47577.8398,15422255.0
2020-01-06,47063.4848,47663.5657,46806.3073,47577.8398,10278951.0
2020-01-07,47749.2937,48349.3746,47663.5678,47835.0195,10009778.0
2020-01-08,48177.9223,49206.6324,47920.7448,48692.2773,23501171.0
2020-01-09,50063.8843,50235.3359,49206.626,50235.3359,24102579.0
2020-01-10,50406.798,51178.3306,49978.1687,51006.8789,16000170.0
2020-01-13,51092.5967,51435.5,50663.9675,51435.5,11359139.0
2020-01-14,51778.4033,52292.7583,51349.7742,51435.5,16906295.0
2020-01-15,51006.8832,51092.609,50492.5281,50578.2539,14300928.0
2020-01-16,50663.9763,52035.5898,50578.2504,52035.5898,14381774.0
2020-01-17,53064.2965,53150.0223,52292.7639,52549.9414,16025661.0
2020-01-20,53150.0108,53835.8174,52892.8333,53492.9141,12528855.0
2020-01-21,53150.0151,53492.9185,52464.2085,52635.6602,11142693.0
2020-01-22,51864.1303,53664.3728,51778.4044,53407.1953,15339565.0
2020-01-23,52978.567,52978.567,52035.5828,52121.3086,14916555.0
2020-01-28,50921.148,50921.148,49978.1638,50406.793,23664541.0
2020-01-29,50663.9727,51178.3277,50406.7951,50663.9727,16446102.0
2020-01-30,50406.7971,50406.7971,48692.2802,49035.1836,20821939.0
2020-01-31,49549.5248,50063.8797,48349.3633,48349.3633,19749457.0
2020-02-03,47577.8442,49206.6353,47320.6667,49035.1836,23995260.0
2020-02-04,48949.4544,50578.2454,48692.2769,50492.5195,21800192.0
2020-02-05,51435.5081,51606.9598,50492.5238,51006.8789,19278165.0
2020-02-06,51521.226,52378.4844,51178.3227,52378.4844,14727159.0
2020-02-07,52378.4911,52464.2169,51178.3292,51778.4102,16402493.0
2020-02-10,50749.7028,51264.0579,50663.9769,51178.332,13107121.0
2020-02-11,51264.0554,52035.588,51178.3296,51349.7812,11071231.0
2020-02-12,51692.6889,52035.5923,51178.3338,51864.1406,12904207.0
2020-02-13,52464.2191,52807.1225,51864.1381,52035.5898,18449775.0
2020-02-14,52207.0223,53064.2805,51606.9416,52978.5547,13276067.0
2020-02-17,52807.1126,53150.0159,52464.2092,52721.3867,8740596.0
2020-02-18,52121.3171,52207.0429,51178.3327,51264.0586,16674266.0
2020-02-19,51264.042,51778.397,50921.1387,51606.9453,12951496.0
2020-02-20,52035.5808,52549.9358,51092.5967,51435.5,14591924.0
2020-02-21,50406.7881,51264.0464,50149.6106,50749.6914,13777393.0
2020-02-24,49206.6324,49806.7133,48692.2773,48692.2773,25627537.0
2020-02-25,48177.9186,49720.9836,48177.9186,49635.2578,23885408.0
2020-02-26,48006.4607,48863.719,48006.4607,48435.0898,25483102.0
2020-02-27,48263.6495,48778.0045,47577.8427,47920.7461,23209541.0
2020-02-28,47149.213,47577.8422,46463.4062,46463.4062,30054227.0
2020-03-02,46549.1224,47577.8322,45949.0416,47149.2031,30403412.0
2020-03-03,48606.5571,48778.0088,47234.9435,47492.1211,30330295.0
2020-03-04,46977.7572,49378.0806,46806.3055,49206.6289,24765728.0
2020-03-05,49378.0757,49720.979,48606.5433,49549.5273,21698990.0
2020-03-06,48435.0898,49035.1706,48177.9124,48435.0898,18716656.0
2020-03-09,48435.0898,48435.0898,48435.0898,48435.0898,0.0
2020-03-10,46120.4903,47063.4743,46034.7645,46806.2969,32106554.0
2020-03-11,46549.1285,46634.8544,44577.4343,44663.1602,45707281.0
2020-03-12,44663.1602,44663.1602,44663.1602,44663.1602,0.0
2020-03-13,40676.9051,44234.5269,40162.5501,42820.0508,59462933.0
2020-03-16,42948.6436,43634.4503,41834.2078,41919.9336,33339821.0
2020-03-17,40205.4131,42562.8734,40033.9614,40548.3164,51218151.0
2020-03-18,40934.0818,41448.4368,39090.9766,39090.9766,40152623.0
2020-03-19,39776.7832,39991.0977,36262.0243,36819.2422,56925513.0
2020-03-20,37847.9507,39005.2493,37333.5957,38919.5234,49730008.0
2020-03-23,36519.2024,37333.5977,36347.7507,36433.4766,41701626.0
2020-03-24,37590.7693,40248.2695,36904.9628,40248.2695,49801908.0
2020-03-25,41962.8025,42520.0206,40419.7373,41705.625,52735922.0
2020-03-26,42005.6672,42262.8448,40891.2312,40976.957,42185129.0
2020-03-27,42520.014,42605.7398,40162.5535,41405.5781,39896178.0
2020-03-30,40631.8055,41754.4697,40200.0117,41322.6758,26797395.0
2020-03-31,41452.2094,41884.0033,40718.1599,41236.3125,30654261.0
2020-04-01,40977.2482,41365.8628,39552.3281,39552.3281,27259532.0
2020-04-02,39897.742,40459.0739,39163.6927,40415.8945,21621076.0
2020-04-03,40934.0522,41106.7697,40200.0028,40588.6172,22784682.0
2020-04-06,41020.4174,42143.0814,40804.5204,42056.7227,23395726.0
2020-04-07,42877.1247,43352.0979,42315.7927,42833.9453,31524034.0
2020-04-08,42833.951,42963.4892,41970.3633,41970.3633,25010314.0
2020-04-09,42963.4883,43006.6676,42056.7212,42402.1562,22628058.0
2020-04-10,42272.6268,42531.7031,42013.5504,42531.7031,17839111.0
2020-04-13,42013.5408,42229.4378,41711.2852,41711.2852,14431800.0
2020-04-14,42143.0871,42488.5223,41711.2932,42315.8047,14206216.0
2020-04-16,42618.0604,42618.0604,41927.1902,42315.8047,23349760.0
2020-04-17,43870.2652,44906.5707,43438.4713,44388.418,32041675.0
2020-04-20,44388.3981,44388.3981,43179.3756,43265.7344,21866354.0
2020-04-21,42661.2413,42920.3177,42056.7298,42531.7031,27407543.0
2020-04-22,42056.7218,43179.3858,41754.4661,43049.8477,18613864.0
2020-04-23,43352.1034,43438.4621,42747.592,43049.8477,18754442.0
2020-04-24,42877.1231,42963.4819,42315.7912,42618.0469,15618347.0
2020-04-27,42618.0538,43179.3858,42402.1569,43049.8477,14049471.0
2020-04-28,43049.8375,43265.7344,42574.8644,43265.7344,16095399.0
2020-04-29,43093.024,43611.1766,42833.9477,43179.3828,15604533.0
2020-05-04,42229.4351,42402.1526,41884.0,41884.0,26083749.0
2020-05-06,42315.7942,42488.5117,41884.0004,42488.5117,18070225.0
2020-05-07,42488.5211,42574.8799,42056.7272,42143.0859,13884411.0
2020-05-08,42402.1623,42618.0592,42143.0859,42143.0859,15319700.0
2020-05-11,42229.4384,42531.6941,41711.2858,41797.6445,16357743.0
2020-05-12,41797.6454,41884.0042,41063.5959,41365.8516,23433590.0
2020-05-13,40804.5196,41927.1836,40761.3402,41927.1836,20223277.0
2020-05-14,41236.314,41538.5697,41149.9552,41452.2109,19305974.0
2020-05-15,41797.6491,41840.8285,41193.1376,41322.6758,18463118.0
2020-05-18,41409.0363,42402.1623,41106.7805,42143.0859,20481981.0
2020-05-19,43265.7356,43611.1706,42920.3006,43438.4531,25168295.0
2020-05-20,43179.3828,43352.1003,43006.6653,43179.3828,14896899.0
2020-05-21,43438.4588,43524.8176,43049.8444,43136.2031,14949266.0
2020-05-22,42833.9479,43006.6655,41970.3603,42099.8984,19706284.0
2020-05-25,42099.899,42229.4372,41840.8227,42186.2578,14337913.0
2020-05-26,42056.7298,42704.4207,41970.371,42531.7031,15127490.0
2020-05-27,42272.6113,43179.3783,42143.0732,43093.0195,19548479.0
2020-05-28,44129.3357,44215.6944,43093.0303,43524.8242,31309318.0
2020-05-29,43179.3909,43783.9023,42920.3145,43783.9023,27596961.0
2020-06-01,43870.2602,44215.6953,43697.5426,44215.6953,16949183.0
2020-06-02,44042.9828,44474.7768,43870.2652,44388.418,14247933.0
2020-06-03,44733.8407,47497.3212,44647.4819,47065.5273,49257814.0
2020-06-04,48188.1839,49224.489,47151.8789,47151.8789,40220334.0
2020-06-05,46979.1745,48274.5562,46633.7394,47929.1211,22743629.0
2020-06-08,48706.3424,48792.7011,47238.2434,47410.9609,25634965.0
2020-06-09,48188.1974,48792.7089,46979.1745,47929.1211,23998831.0
2020-06-10,47583.6932,48274.5635,47410.9756,47842.7695,16742493.0
2020-06-11,47065.53,47583.6827,45942.866,46892.8125,33815123.0
2020-06-12,44992.9153,45597.4266,44474.7627,45165.6328,26976019.0
2020-06-15,44388.4009,44906.5534,43093.0195,43093.0195,28772921.0
2020-06-16,44215.6929,44992.9219,43697.5402,44992.9219,21808375.0
2020-06-17,44992.9186,45683.7887,44302.0484,45079.2773,26672595.0
2020-06-18,45079.274,45165.6328,44561.1215,45165.6328,15982926.0
2020-06-19,45424.7089,45683.7852,44561.1212,45683.7852,18157985.0
2020-06-22,44906.5664,45424.7191,44733.8488,44906.5664,13801350.0
2020-06-23,45338.3647,45597.441,44129.3416,44388.418,18086152.0
2020-06-24,44820.1975,46547.3728,44561.1212,45683.7852,24519552.0
2020-06-25,44992.9207,45770.1496,44820.2031,44820.2031,18541624.0
2020-06-26,45597.4288,46547.3753,45079.2762,46029.2227,21575360.0
2020-06-29,45641.4948,46250.048,45206.8139,45554.5586,17776925.0
2020-06-30,46858.5987,46858.5987,45902.3008,45902.3008,21157172.0
2020-07-01,46423.9151,46597.7875,45554.5534,45728.4258,16706143.0
2020-07-02,45293.7489,45989.2383,45293.7489,45989.2383,14142583.0
2020-07-03,46076.1643,46597.7812,45815.3558,46597.7812,11887868.0
2020-07-06,46945.5328,47814.8945,46771.6605,47814.8945,19856623.0
2020-07-07,48510.3821,48597.3183,46423.9141,46423.9141,30760032.0
2020-07-08,46597.781,46858.5895,45989.2279,46076.1641,19664652.0
2020-07-09,46250.0455,46597.7902,45902.3008,45902.3008,17054850.0
2020-07-10,46163.108,46250.0441,45467.6186,45815.3633,13714746.0
2020-07-13,46336.9779,46771.6587,46163.1056,46423.9141,12240188.0
2020-07-14,46684.7318,46771.668,46250.0509,46771.668,14269484.0
2020-07-15,47293.2735,47814.8905,47206.3374,47554.082,24051450.0
2020-07-16,47641.0298,47641.0298,46771.668,46771.668,16779127.0
2020-07-17,47119.3972,47554.078,47032.4611,47293.2695,10096174.0
2020-07-20,47641.0233,47641.0233,46945.5339,47119.4062,10507530.0
2020-07-21,47988.7592,48162.6315,47641.0145,48075.6953,18297260.0
2020-07-22,48075.699,48249.5713,47554.082,47554.082,12885057.0
2020-07-23,47554.0897,47554.0897,46771.6641,47032.4727,16214932.0
2020-07-24,46945.5339,47293.2786,46684.7254,47119.4062,10994535.0
2020-07-27,47206.3415,48423.4479,47206.3415,48336.5117,21054421.0
2020-07-28,49553.6151,51118.4661,49031.9981,50944.5938,48431566.0
2020-07-29,52422.51,52509.4462,50944.5952,51292.3398,36476611.0
2020-07-30,51900.893,52248.6377,51292.3398,51292.3398,19285354.0
2020-07-31,51727.0217,51813.9579,50162.1706,50336.043,21943345.0
2020-08-03,50249.1118,50336.048,49292.8138,49379.75,21158940.0
2020-08-04,49727.4935,50509.9191,49553.6212,49814.4297,19419694.0
2020-08-05,49814.4283,49988.3006,48945.0665,49466.6836,17739706.0
2020-08-06,49640.5472,50770.7173,49640.5472,50422.9727,21625874.0
2020-08-07,50336.0337,50770.7145,49640.5444,49988.2891,18751717.0
2020-08-10,50075.2409,50683.7942,49988.3047,50249.1133,17774291.0
2020-08-11,50422.9831,51727.0258,50249.1108,50596.8555,24907912.0
2020-08-12,50596.8505,51292.3398,50162.1696,51292.3398,18573934.0
2020-08-13,51640.0884,51813.9607,50422.9819,51031.5352,22089460.0
2020-08-14,50422.9727,50770.7173,50162.1642,50422.9727,15672548.0
2020-08-18,51205.4114,52074.7732,50422.9857,50770.7305,25307825.0
2020-08-19,51292.3475,51466.2198,50249.1133,50249.1133,16930719.0
2020-08-20,50075.2365,50075.2365,48075.7045,48162.6406,30386029.0
2020-08-21,48858.1367,49466.69,48510.3919,48597.3281,21142288.0
2020-08-24,48510.3712,49205.8604,48162.6266,48771.1797,15055896.0
2020-08-25,49032.0,49379.7447,48771.1915,49032.0,14021705.0
2020-08-26,49032.0,49118.9362,48423.4468,49032.0,17651593.0
2020-08-27,48945.0649,48945.0649,48336.5117,48336.5117,16196568.0
2020-08-28,48771.1938,48945.0662,48162.6406,48162.6406,14619888.0
2020-08-31,48684.2546,48771.1908,46945.5312,46945.5312,32671367.0
2020-09-01,47032.4701,47641.0233,47032.4701,47119.4062,19363117.0
2020-09-02,47467.1418,47901.8226,47032.4611,47293.2695,16905723.0
2020-09-03,48336.5106,49292.8085,48249.5745,49032.0,28384920.0
2020-09-04,47988.767,48510.3841,47901.8309,48336.5117,22139109.0
2020-09-07,48771.1812,49814.415,48510.3727,49118.9258,18685880.0
2020-09-08,49901.3649,51031.5352,49727.4925,51031.5352,31517520.0
2020-09-09,50596.8581,51553.1561,50249.1134,50770.7305,30597399.0
2020-09-10,52074.7602,52161.6963,51379.2709,51466.207,29923293.0
2020-09-11,51553.1484,51640.0845,50596.8505,51292.3398,16017098.0
2020-09-14,52335.5769,52857.1939,52074.7683,52509.4492,20648281.0
2020-09-15,52944.1146,53031.0508,52596.37,53031.0508,17877075.0
2020-09-16,53117.9869,53291.8592,52683.3062,53031.0508,17041444.0
2020-09-17,52770.2615,52857.1977,51553.155,51727.0273,25108356.0
2020-09-18,51987.8214,52074.7576,51379.2683,51553.1406,18884571.0
2020-09-21,51379.2709,52161.6963,51292.3347,51466.207,15140387.0
2020-09-22,51379.2811,51900.8981,50249.1108,50596.8555,20830381.0
2020-09-23,50770.7214,51118.4661,49901.3597,50944.5938,20111398.0
2020-09-24,50162.1771,50944.6027,50075.2409,50249.1133,17564020.0
2020-09-25,50162.1706,50596.8515,50162.1706,50336.043,11444683.0
2020-09-28,50995.5764,51432.9313,50645.6926,50908.1055,12614080.0
2020-09-29,50995.5764,51607.8732,50908.1055,50908.1055,15503563.0
2020-10-05,50295.8131,51782.8197,50295.8131,51345.4648,20228289.0
2020-10-06,51957.7589,52395.1138,51345.4621,51607.875,14463826.0
2020-10-07,51345.4501,52395.1016,51170.5082,52395.1016,14861838.0
2020-10-08,52919.9397,53094.8816,52045.2299,52220.1719,24589924.0
2020-10-12,52482.5771,52832.4609,52395.1061,52832.4609,16145837.0
2020-10-13,53357.2913,53707.1752,52832.4655,53269.8203,19247631.0
2020-10-14,53357.2913,53444.7623,52919.9364,53269.8203,16086716.0
2020-10-15,53094.8749,53182.3458,52220.1652,52482.5781,17756232.0
2020-10-16,52482.5893,52832.4732,51607.8795,52045.2344,16554190.0
2020-10-19,52132.6943,52657.5201,52045.2233,52482.5781,14474985.0
2020-10-20,52744.9945,53269.8203,52570.0526,53269.8203,19326115.0
2020-10-21,53532.2332,53794.6461,53007.4074,53269.8203,15703443.0
2020-10-22,52745.0006,52919.9425,52307.6457,52570.0586,14294095.0
2020-10-23,52832.4575,52832.4575,52307.6318,52657.5156,9322232.0
2020-10-26,52832.4609,53444.7577,52570.0481,52832.4609,13268226.0
2020-10-27,52744.9915,52744.9915,52045.2238,52307.6367,17260416.0
2020-10-28,51957.7589,51957.7589,51432.9331,51607.875,14428882.0
2020-10-29,50908.0999,51170.5128,50295.8031,50820.6289,22636966.0
2020-10-30,50733.1639,50733.1639,49508.5703,49508.5703,26907844.0
2020-11-02,49333.6301,50295.8108,48983.7462,50208.3398,20489076.0
2020-11-03,50645.691,51520.4007,50383.2781,51432.9297,14950919.0
2020-11-04,51520.3956,51607.8665,50558.215,51170.5117,21718561.0
2020-11-05,51607.8658,52744.9883,51432.9239,52744.9883,20639475.0
2020-11-06,53094.8845,53182.3554,52132.7037,52570.0586,16910230.0
2020-11-09,53094.8704,53269.8123,52570.0447,52657.5156,15892961.0
2020-11-10,52919.9285,52919.9285,52045.2189,52657.5156,19073552.0
2020-11-11,53094.8812,53707.178,52832.4683,53619.707,25628510.0
2020-11-12,53357.2891,53707.1729,53094.8762,53357.2891,19800573.0
2020-11-13,53619.7001,55281.6484,53357.2873,55281.6484,31508829.0
2020-11-16,55981.4178,58343.1339,55893.9468,57993.25,36354334.0
2020-11-17,58605.5484,58605.5484,57380.9548,57468.4258,30204089.0
2020-11-18,57468.4262,57905.7811,56593.7165,56681.1875,22963790.0
2020-11-19,56068.8874,56681.1841,55893.9454,56506.2422,16590290.0
2020-11-20,55893.9471,57031.0697,55893.9471,56593.7148,15068682.0
2020-11-23,56681.1862,59305.3152,56593.7153,59042.9023,27134398.0
2020-11-24,59392.7857,60792.3211,58605.547,59217.8438,32158235.0
2020-11-25,59392.7946,59742.6785,58168.2009,58255.6719,32447065.0
2020-11-26,57818.3094,59480.2578,57730.8385,59480.2578,19023323.0
2020-11-27,59480.2612,59830.1451,59130.3773,59655.2031,14063434.0
2020-11-30,59830.1392,60005.0811,58343.1328,58343.1328,43811016.0
2020-12-01,58693.0158,59742.6673,58693.0158,59305.3125,22327173.0
2020-12-02,59830.132,61142.1963,59742.6611,60792.3125,29703942.0
2020-12-03,61317.1495,61667.0334,60617.3817,60967.2656,23677989.0
2020-12-04,61579.5577,63066.5641,61317.1448,62541.7383,28130533.0
2020-12-07,63328.9617,64291.1421,62891.607,63766.3164,28490496.0
2020-12-08,63154.0345,63766.3312,62629.2087,62716.6797,25000338.0
2020-12-09,63066.5694,64641.0469,62979.0984,64641.0469,24077996.0
2020-12-10,63591.3745,64553.5549,63416.4326,63766.3164,39882928.0
2020-12-11,64291.1624,64553.5753,63941.2785,64203.6914,18486672.0
2020-12-14,64378.6362,65165.8749,64028.7523,64553.5781,21510415.0
2020-12-15,64553.5781,64815.991,64116.2233,64553.5781,20863671.0
2020-12-16,64815.991,65165.8749,64203.6942,64553.5781,17512081.0
2020-12-17,64203.6858,64466.0987,63503.9181,64116.2148,24293214.0
2020-12-18,64116.2097,64466.0936,63853.7969,63853.7969,17613029.0
2020-12-21,63941.2678,64203.6807,62979.0873,63853.7969,20367355.0
2020-12-22,63416.4537,64028.7505,63066.5698,63241.5117,16304910.0
2020-12-23,63328.9823,64728.5178,63241.5114,64641.0469,19411326.0
2020-12-24,64815.9882,68927.1238,64728.5172,68052.4141,32502870.0
2020-12-28,69102.0692,70064.2499,68402.3014,68839.6562,40085044.0
2020-12-29,70661.7834,70751.4558,69316.6987,70213.4219,30339449.0
2020-12-30,69406.3747,72903.5951,69316.7023,72634.5781,29417421.0
2021-01-04,72634.5618,75683.42,71917.1835,74428.0078,38655276.0
2021-01-05,73172.6147,75235.0781,73172.6147,75235.0781,35335669.0
2021-01-06,74697.044,75773.1118,73620.9761,73710.6484,42089013.0
2021-01-07,74248.6949,75504.1076,74159.0225,74338.3672,32644642.0
2021-01-08,74697.0676,80705.1151,74428.0506,79629.0469,59013307.0
2021-01-11,80705.097,86802.8155,80256.7354,81601.8203,90306177.0
2021-01-12,80974.1002,81960.4957,78732.2924,81243.1172,48682416.0
2021-01-13,80525.7583,81781.171,79898.0519,80436.0859,36068848.0
2021-01-14,79539.3626,80705.1029,79539.3626,80436.0859,26393970.0
2021-01-15,80525.7424,82319.1887,78911.6406,78911.6406,33431809.0
2021-01-18,77656.2417,78283.9481,75414.4334,76221.4844,43227951.0
2021-01-19,75773.1214,78911.653,74966.0704,78014.9297,39895044.0
2021-01-20,79808.3834,79808.3834,77566.5749,78194.2812,25211127.0
2021-01-21,78463.2863,79449.6819,77566.5631,79001.3203,25318011.0
2021-01-22,79808.3773,80436.0836,77835.5859,77835.5859,30861661.0
2021-01-25,78014.9494,80615.4477,77387.2429,80167.0859,27258534.0
2021-01-26,79629.0251,79987.7144,77566.5616,77745.9062,33178936.0
2021-01-27,77656.2231,78642.6186,76759.5,76759.5,26423070.0
2021-01-28,74607.3883,76759.5245,74607.3883,75055.75,31859808.0
2021-01-29,75773.1128,76221.4744,73531.3047,73531.3047,39615978.0
2021-02-01,73262.2679,74786.697,72634.5618,74428.0078,28046832.0
2021-02-02,75414.4205,77476.8839,75055.7313,75683.4375,26302077.0
2021-02-03,76042.1337,76580.1677,74786.7211,75862.7891,22112205.0
2021-02-04,74876.3952,75145.4122,73620.9826,73979.6719,24171688.0
2021-02-05,74517.7091,75324.7601,73979.6751,74876.3984,18036835.0
2021-02-08,75145.3862,75504.0754,74428.0078,74428.0078,15338765.0
2021-02-09,75324.7638,76042.1425,74159.0234,74159.0234,20898332.0
2021-02-10,74069.3404,74069.3404,73172.6172,73172.6172,23025766.0
2021-02-15,75145.4122,75773.1186,74697.0506,75504.1016,23529706.0
2021-02-16,75773.1154,77118.2003,75504.0984,76131.8047,20483100.0
2021-02-17,75235.0734,75504.0904,74428.0226,74607.3672,18307735.0
2021-02-18,74607.38,74966.0694,73620.9844,73620.9844,21327683.0
2021-02-19,73800.3268,74248.6884,72634.5865,74069.3438,25880879.0
2021-02-22,75145.4056,75504.0949,73710.6484,73710.6484,25419886.0
2021-02-23,72813.9261,74338.3556,72724.2538,73531.3047,20587314.0
2021-02-24,73351.96,74966.0619,72903.5984,73531.3047,26807651.0
2021-02-25,75324.7674,76580.1802,74428.0439,76490.5078,34155986.0
2021-02-26,74248.6889,74786.7228,73531.3102,73979.6719,38520800.0
2021-03-02,76311.1553,76490.5,74428.0363,74966.0703,33498180.0
2021-03-03,74876.4039,75324.7656,74248.6975,75324.7656,19882132.0
2021-03-04,74069.3447,74607.3786,73710.6553,73890.0,24348331.0
2021-03-05,72724.2611,74069.346,72724.2611,73620.9844,20508971.0
2021-03-08,74338.3556,74428.0279,73172.6154,73531.3047,17641256.0
2021-03-09,72993.2734,73441.6351,72275.8948,72993.2734,25420764.0
2021-03-10,73890.007,73979.6793,72365.5772,72544.9219,20038422.0
2021-03-11,72634.5815,73979.6663,72634.5815,73531.3047,23818297.0
2021-03-12,74517.6966,74876.3859,73889.9904,74248.6797,13530573.0
2021-03-15,74248.6921,74338.3644,73351.9688,73351.9688,13735798.0
2021-03-16,73710.6458,74428.0243,73620.9735,74248.6797,12293537.0
2021-03-17,74248.6819,74338.3542,73531.3033,73800.3203,11625146.0
2021-03-18,74248.6949,75145.4182,74069.3502,74338.3672,18585244.0
2021-03-19,73620.9931,73979.6825,73351.9761,73441.6484,15869700.0
2021-03-22,73531.3047,73800.3217,73262.2877,73531.3047,12670506.0
2021-03-23,74069.3474,74338.3644,73351.9688,73351.9688,13299907.0
2021-03-24,72634.5781,73172.612,72365.5612,72634.5781,17926638.0
2021-03-25,72634.5772,73620.9727,72455.2326,72813.9219,14758826.0
2021-03-26,72993.2808,73172.6255,72634.5914,73082.9531,12845778.0
2021-03-29,73262.2895,73262.2895,72634.5832,73172.6172,14952134.0
2021-03-30,73497.7783,74128.2739,73227.5659,74038.2031,13121698.0
2021-03-31,74218.3329,74488.5453,73317.625,73317.625,17240518.0
2021-04-01,74308.4121,74758.7661,73858.0581,74668.6953,18676461.0
2021-04-02,75659.4727,76740.3223,75569.4019,76380.0391,22997538.0
2021-04-05,77280.7441,77460.8857,76380.0362,76920.4609,16255990.0
2021-04-06,77641.0479,77641.0479,76650.2689,77460.9062,19042023.0
2021-04-07,77550.9555,77641.0263,76920.46,77100.6016,17885538.0
2021-04-08,77190.6847,77190.6847,75749.5517,76289.9766,19244259.0
2021-04-09,76289.9742,76470.1158,75119.0537,75299.1953,18193707.0
2021-04-12,75749.5435,75749.5435,74848.8354,74938.9062,12915282.0
2021-04-13,74758.7839,76109.8463,74578.6423,75659.4922,15238206.0
2021-04-14,75659.4922,75929.7047,75119.0672,75659.4922,13794652.0
2021-04-15,75389.2714,76109.8379,75119.059,75749.5547,16377412.0
2021-04-16,76289.9648,76289.9648,75299.186,75569.3984,15429522.0
2021-04-19,75479.3384,75659.48,75028.9844,75028.9844,15287311.0
2021-04-20,75028.9737,75659.4692,74848.8321,75569.3984,15521965.0
2021-04-21,75028.98,75209.1216,74308.4136,74398.4844,21636079.0
2021-04-22,74668.6978,74758.7686,74218.3438,74218.3438,13934746.0
2021-04-23,73767.9878,74668.6958,73497.7754,74578.625,17805080.0
2021-04-26,74668.7001,75209.125,74398.4877,75209.125,15489938.0
2021-04-27,74938.9077,75028.9785,74308.4121,74668.6953,12941533.0
2021-04-28,74938.9117,74938.9117,73948.1328,73948.1328,15596759.0
2021-04-29,74218.3394,74308.4102,73407.7021,73587.8438,20000973.0
2021-04-30,73767.9942,73948.1358,73407.7109,73407.7109,18673197.0
2021-05-03,72957.3481,74218.3394,72957.3481,73587.8438,15710336.0
2021-05-04,73767.9887,74398.4844,73677.9179,74398.4844,12532550.0
2021-05-06,73587.8408,74128.2656,73587.8408,74128.2656,17047511.0
2021-05-07,73677.9292,73948.1416,73407.7167,73768.0,14154882.0
2021-05-10,74128.269,75209.1187,73677.915,74938.9062,19385027.0
2021-05-11,74308.4047,74398.4755,73047.4136,73137.4844,28996680.0
2021-05-12,72777.1991,73137.4823,71876.4912,72056.6328,35812268.0
2021-05-13,71065.8613,71696.3569,70615.5073,70705.5781,31490096.0
2021-05-14,71155.9321,72326.8525,71065.8613,72146.7109,16450920.0
2021-05-17,72777.2249,72867.2957,71336.0917,71696.375,17740855.0
2021-05-18,71696.375,72056.6583,71246.0209,71696.375,17494407.0
2021-05-20,71516.2261,71786.4385,71246.0136,71606.2969,16541828.0
2021-05-21,72146.7109,73407.7021,71876.4985,72146.7109,20961714.0
2021-05-24,72146.7286,72416.9411,71606.3037,71786.4453,13398666.0
2021-05-25,72056.6411,72416.9243,71876.4995,71966.5703,13628942.0
2021-05-26,72416.9248,72506.9956,71786.4292,71876.5,11984359.0
2021-05-27,72056.6583,72056.6583,71246.0209,71696.375,23198510.0
2021-05-28,71876.4985,72416.9233,71516.2153,72146.7109,12360199.0
2021-05-31,72326.874,72597.0865,71696.3782,72507.0156,13321324.0
2021-06-01,72506.9995,73227.566,72146.7163,72597.0703,14058401.0
2021-06-02,72416.9355,73317.6436,72326.8647,72777.2188,16414644.0
2021-06-03,73227.563,74758.7666,73047.4213,74578.625,29546007.0
2021-06-04,74488.5572,74488.5572,73407.7075,74038.2031,18112259.0
2021-06-07,74488.5665,74578.6374,73497.7875,73768.0,16496197.0
2021-06-08,74128.2833,74398.4957,73677.9292,73768.0,12781226.0
2021-06-09,73407.6972,73858.0512,73047.4141,73047.4141,14908823.0
2021-06-10,73227.564,73317.6348,72867.2808,72957.3516,17586995.0
2021-06-11,73137.4932,73587.8472,72687.1391,72957.3516,14087962.0
2021-06-14,72777.2281,72867.2989,72507.0156,72507.0156,10550078.0
2021-06-15,72867.2812,73137.4937,72597.0688,72867.2812,10075685.0
2021-06-16,73407.7094,73767.9927,73047.4262,73677.9219,14999855.0
2021-06-17,73047.4229,73227.5645,72687.1396,72867.2812,14007385.0
2021-06-18,73047.4406,73047.4406,72507.0156,72507.0156,14916721.0
2021-06-21,71786.4287,72056.6411,71696.3579,71966.5703,16063340.0
2021-06-22,72236.7744,72326.8452,71966.562,72056.6328,11773365.0
2021-06-23,72506.9941,72597.0649,71966.5693,72146.7109,13856548.0
2021-06-24,72416.918,73317.626,72146.7056,73137.4844,18771080.0
2021-06-25,73407.7026,73767.9858,73137.4902,73497.7734,13481405.0
2021-06-28,73587.8584,73858.0708,73497.7875,73768.0,11578529.0
2021-06-29,74094.5856,74275.5247,73099.4202,73280.3594,15744317.0
2021-06-30,73370.8393,73642.2481,73008.9609,73008.9609,13288643.0
2021-07-01,72828.019,72918.4886,72375.671,72466.1406,13382882.0
2021-07-02,72375.6562,72737.5345,72285.1867,72375.6562,8753097.0
2021-07-05,72466.1381,73099.4252,72375.6685,72737.5469,8330969.0
2021-07-06,72918.4717,73461.2891,72828.0021,73461.2891,12131651.0
2021-07-07,73461.3159,73551.7855,72647.0895,73099.4375,15992202.0
2021-07-08,73370.8303,73461.2999,72285.1953,72285.1953,16660998.0
2021-07-09,72013.7907,72194.7299,71470.9732,71832.8516,22720577.0
2021-07-12,72285.197,72375.6666,71923.3186,72104.2578,9768108.0
2021-07-13,72375.6579,72556.597,72194.7188,72194.7188,9863450.0
2021-07-14,71832.8507,72013.7899,71561.442,71923.3203,11575636.0
2021-07-15,72194.7277,72918.4844,71923.319,72918.4844,13766279.0
2021-07-16,72466.1275,72466.1275,71923.31,72194.7188,10859399.0
2021-07-19,71561.4462,71651.9157,71290.0374,71470.9766,13155414.0
2021-07-20,71018.6286,71470.9766,70928.159,71470.9766,12456646.0
2021-07-21,71470.9651,71561.4346,71018.6172,71018.6172,12355296.0
2021-07-22,71470.9707,72194.7274,71380.5011,72104.2578,12618790.0
2021-07-23,72104.2612,72285.2003,71651.9132,71742.3828,9098910.0
2021-07-26,71832.833,71923.3026,71290.0156,71290.0156,10040975.0
2021-07-27,71651.9042,71832.8434,71018.6172,71018.6172,11427693.0
2021-07-28,70837.68,71651.9062,70656.7409,71651.9062,12743417.0
2021-07-29,71290.0374,71832.8549,71290.0374,71470.9766,14360453.0
2021-07-30,71380.4955,71380.4955,71018.6172,71018.6172,13823411.0
2021-08-02,71651.9132,71923.322,71199.5653,71742.3828,11739124.0
2021-08-03,71832.8429,73642.2344,71742.3733,73642.2344,24339360.0
2021-08-04,74366.0019,75180.2282,74004.1236,74999.2891,25642368.0
2021-08-05,75361.1584,75361.1584,74185.0539,74275.5234,18485469.0
2021-08-06,74094.5814,74637.3989,73551.764,73732.7031,13342623.0
2021-08-09,73732.7031,74456.4597,73189.8857,73732.7031,15522581.0
2021-08-10,74456.4467,74546.9162,72466.1164,72556.5859,20362639.0
2021-08-11,72013.7825,72194.7217,71018.6172,71018.6172,30241137.0
2021-08-12,69752.0555,70747.221,69571.1163,69661.5859,42365223.0
2021-08-13,68575.9493,68756.8884,67037.9662,67309.375,61270643.0
2021-08-17,66947.4983,67942.6638,66947.4983,67128.4375,30944847.0
2021-08-18,66857.0234,67490.3105,66133.2668,66857.0234,29192631.0
2021-08-19,66495.1282,67309.3543,66133.25,66133.25,22166298.0
2021-08-20,66495.1236,66857.0019,65590.4281,65771.3672,22364803.0
2021-08-23,66314.1953,66947.4823,66042.7866,66314.1953,19384648.0
2021-08-24,66857.0096,68485.4618,66857.0096,68394.9922,21016913.0
2021-08-25,68937.8009,69299.6791,67761.6967,68485.4531,22319664.0
2021-08-26,68847.3404,68937.8099,67490.2969,67490.2969,16671494.0
2021-08-27,67218.9062,67852.1934,66766.5583,67218.9062,15172748.0
2021-08-30,68214.0534,68304.523,67128.4186,67490.2969,12686999.0
2021-08-31,67761.7117,69390.1641,67218.8943,69390.1641,24630370.0
2021-09-01,69390.171,69752.0494,68666.4144,69480.6406,16114775.0
2021-09-02,69480.6316,69480.6316,68485.4663,68756.875,15347486.0
2021-09-03,69118.7406,69390.1492,68756.8624,69299.6797,12096419.0
2021-09-06,69480.6442,70204.401,69299.7051,69932.9922,12861180.0
2021-09-07,69752.0632,69752.0632,68666.428,68847.3672,13239401.0
2021-09-08,68756.8881,69118.7665,68395.0097,69028.2969,11798147.0
2021-09-09,69118.7591,69299.6983,67852.185,68123.5938,17600770.0
2021-09-10,68123.5938,68395.0025,67671.2458,68123.5938,10103212.0
2021-09-13,68033.1314,69028.2969,67942.6618,69028.2969,11397775.0
2021-09-14,69752.0275,70294.8448,69299.6797,69299.6797,18167057.0
2021-09-15,70023.4643,70023.4643,69118.7684,69661.5859,12829128.0
2021-09-16,69933.0024,70023.472,68847.3672,68847.3672,13067622.0
2021-09-17,69028.2971,69842.5234,68666.4188,69842.5234,16289502.0
2021-09-23,70113.9149,70204.3844,69480.6279,70023.4453,17055590.0
2021-09-24,70204.401,70294.8705,69752.053,69932.9922,12247274.0
2021-09-27,69932.9888,70294.8672,69661.5801,70294.8672,11699798.0
2021-09-28,70294.8711,70385.3407,68937.8273,69028.2969,15406382.0
2021-09-29,67992.9303,68447.4285,67083.9339,67356.6328,23992458.0
2021-09-30,67538.4321,67992.9303,66993.0343,67356.6328,19919361.0
2021-10-01,67174.8445,67265.7441,66265.8479,66538.5469,15803395.0
2021-10-05,66356.7441,66356.7441,64902.3497,65629.5469,24013921.0
2021-10-06,65993.1566,66174.9559,64720.5613,64811.4609,18956962.0
2021-10-07,65084.1445,65538.6427,64811.4456,65084.1445,13683532.0
2021-10-08,65720.4591,65811.3587,64993.2617,64993.2617,14043287.0
2021-10-12,64266.0558,64447.8552,62448.0628,62720.7617,31001484.0
2021-10-13,62448.0652,63266.1621,62084.4666,62538.9648,24172015.0
2021-10-14,62720.7685,63447.9658,62538.9692,63084.3672,19520641.0
2021-10-15,63811.552,64538.7492,63629.7527,63720.6523,18051612.0
2021-10-18,63811.5508,63902.4504,62902.5543,63811.5508,13486391.0
2021-10-19,64356.9556,64538.7549,63993.3569,64175.1562,9507991.0
2021-10-20,64266.0674,64538.7664,63811.5691,63902.4688,10151638.0
2021-10-21,63902.4504,64175.1494,63629.7515,63811.5508,10891094.0
2021-10-22,63629.753,64266.0505,63629.753,63993.3516,8395448.0
2021-10-25,63538.8518,64175.1494,63175.2533,63811.5508,10029621.0
2021-10-26,64175.1618,64993.2588,63993.3625,64629.6602,10528252.0
2021-10-27,64538.7492,64538.7492,63629.7527,63720.6523,10295316.0
2021-10-28,63175.2665,65629.5575,63175.2665,64266.0625,20644902.0
2021-10-29,64720.5442,65084.1428,63357.0496,63447.9492,17016151.0
2021-11-01,63811.5505,64175.1491,63538.8516,63538.8516,11503729.0
2021-11-02,64356.9641,65629.5594,64266.0644,64993.2617,16812570.0
2021-11-03,65175.047,65175.047,63720.6526,63993.3516,12770428.0
2021-11-04,64720.5542,65084.1528,64084.2566,64175.1562,11818987.0
2021-11-05,65084.1458,65084.1458,63811.5508,63811.5508,12667743.0
2021-11-08,63993.3569,64175.1562,63447.959,64175.1562,11121981.0
2021-11-09,63902.4507,64538.7482,63720.6514,64084.25,11159589.0
2021-11-10,63902.4504,64447.8483,63811.5508,63811.5508,9422009.0
2021-11-11,63538.8516,63629.7512,63266.1526,63538.8516,11489122.0
2021-11-12,63811.5576,64447.8552,63538.8587,64175.1562,10087450.0
2021-11-15,65175.0505,65356.8498,64447.8533,64902.3516,12420710.0
2021-11-16,64993.2603,65447.7586,64811.4609,64811.4609,10919239.0
2021-11-17,64811.4605,65084.1595,64175.1628,64266.0625,11027606.0
2021-11-18,64266.049,64538.7479,63811.5508,63811.5508,10144957.0
2021-11-19,63993.3613,64902.3579,63720.6623,64720.5586,11954728.0
2021-11-22,66629.4339,68356.527,66356.735,68083.8281,27506623.0
2021-11-23,69083.7429,69083.7429,67720.248,68447.4453,22029195.0
2021-11-24,69083.7333,69265.5326,67356.64,67992.9375,15652305.0
2021-11-25,68265.6421,68265.6421,66902.1472,66993.0469,12559258.0
2021-11-26,66811.249,67356.647,65447.7541,65720.4531,13002242.0
2021-11-29,65175.0552,66356.7507,64902.3562,65720.4531,16682559.0
2021-11-30,66538.5546,67174.8522,64084.2636,64811.4609,30364841.0
2021-12-01,65447.752,67992.9424,65084.1534,67629.3438,21954856.0
2021-12-02,67174.8288,68901.9219,67083.9292,68901.9219,23652940.0
2021-12-03,68720.1328,69083.7314,67356.6381,68720.1328,18330240.0
2021-12-06,68265.6416,69720.0361,68083.8423,69356.4375,16391250.0
2021-12-07,69174.6327,70629.0271,68720.1344,70356.3281,19232453.0
2021-12-08,71174.425,71447.1239,70083.6292,70356.3281,21558340.0
2021-12-09,70356.334,71083.5312,69992.7354,71083.5312,21604528.0
2021-12-10,70356.3342,70538.1335,69810.9363,69901.8359,9155219.0
2021-12-13,70174.544,71174.4403,69538.2463,69810.9453,15038750.0
2021-12-14,69538.2361,70174.5337,69265.5371,69992.7344,10976660.0
2021-12-15,69447.3446,70538.1406,69356.445,70538.1406,9584939.0
2021-12-16,71356.2273,71356.2273,70356.3311,70719.9297,11996128.0
2021-12-17,69810.9308,70901.7266,69810.9308,70901.7266,13108479.0
2021-12-20,70538.1232,70719.9225,69810.9261,70083.625,11264375.0
2021-12-21,70810.8335,71174.4321,70447.2349,70992.6328,14245298.0
2021-12-22,71719.8221,72174.3203,71628.9224,72174.3203,17105892.0
2021-12-23,72537.9207,72719.72,72083.4224,72628.8203,13577498.0
2021-12-24,72901.5354,73446.9334,72901.5354,73174.2344,12086380.0
2021-12-27,73265.1142,73265.1142,72537.917,72901.5156,10783368.0
2021-12-28,72901.5222,73083.3215,72447.024,72992.4219,18226325.0
2021-12-29,73230.7485,73230.7485,71678.4758,71952.4062,19794795.0
2021-12-30,72043.7046,72591.5655,71313.2235,71495.8438,14236700.0
2022-01-04,71952.3961,72317.6367,71495.8453,71861.0859,12427416.0
2022-01-05,71952.3729,72134.9931,69760.9301,70674.0312,25470640.0
2022-01-06,70034.8641,70856.6552,69943.554,70217.4844,12931954.0
2022-01-07,71313.2235,71587.1539,70674.0524,71495.8438,15163757.0
2022-01-10,71313.232,71313.232,70400.1305,71221.9219,9947422.0
2022-01-11,71587.1524,72135.0133,71221.9118,72043.7031,13221123.0
2022-01-12,72591.564,72682.8741,71769.7727,72043.7031,11000502.0
2022-01-13,72408.9356,72408.9356,71130.5938,71130.5938,13889401.0
2022-01-14,70947.9749,71313.2155,70400.1141,70582.7344,10096725.0
2022-01-17,70856.693,71039.3133,70217.5218,70765.3828,8785122.0
2022-01-18,70856.6734,71039.2937,69943.5719,70308.8125,9592788.0
2022-01-19,69852.2687,70217.5094,69487.0281,69669.6484,10598290.0
2022-01-20,69578.3274,70034.8781,69304.397,69852.2578,9708168.0
2022-01-21,69213.089,69213.089,68208.6775,69030.4688,15774888.0
2022-01-24,68847.8602,69213.1008,68208.6891,68573.9297,13691134.0
2022-01-25,68299.9969,68482.6172,66839.0344,67569.5156,17766704.0
2022-01-26,67569.5156,67569.5156,67569.5156,67569.5156,0.0
2022-01-27,67386.8945,67569.5148,65104.1406,65104.1406,22274777.0
2022-01-28,65104.133,67295.5765,65012.8229,66930.3359,21367447.0
2022-02-03,68391.2982,68391.2982,66930.3359,66930.3359,17744721.0
2022-02-04,67843.4461,68117.3766,67021.6547,67569.5156,12730034.0
2022-02-07,67112.9648,67204.275,66108.5531,66656.4141,14240838.0
2022-02-08,66656.4141,66656.4141,66656.4141,66656.4141,0.0
2022-02-09,66656.4141,66656.4141,66656.4141,66656.4141,0.0
2022-02-10,69030.464,69213.0843,68208.6728,68847.8438,17746033.0
2022-02-11,68482.6148,68939.1656,68117.3742,68391.3047,12205407.0
2022-02-14,67934.7492,68026.0593,66747.7172,67295.5781,13993255.0
2022-02-15,67660.8187,67752.1289,66747.7172,67295.5781,9320365.0
2022-02-16,68117.3719,68391.3023,67752.1313,68299.9922,10767386.0
2022-02-17,68482.625,69030.486,68026.0742,68482.625,13605382.0
2022-02-18,68117.3758,68299.9961,67295.5844,67843.4453,10122226.0
2022-02-21,67843.4453,67843.4453,67843.4453,67843.4453,0.0
2022-02-22,67843.4453,67843.4453,67843.4453,67843.4453,0.0
2022-02-23,67843.4453,67843.4453,67843.4453,67843.4453,0.0
2022-02-24,66017.2469,66017.2469,65104.1453,65286.7656,15759283.0
2022-02-25,65834.6125,66291.1632,65651.9922,65651.9922,13168484.0
2022-02-28,65651.9922,65651.9922,65651.9922,65651.9922,0.0
2022-03-02,66017.228,66108.5381,65286.7469,65469.3672,12481430.0
2022-03-03,66017.2406,66747.7219,65925.9305,66565.1016,13232638.0
2022-03-04,66565.1016,66565.1016,66565.1016,66565.1016,0.0
2022-03-07,63917.0961,64464.9569,63825.786,64008.4062,18617138.0
2022-03-08,62821.372,63917.0936,62730.0619,63460.543,15828269.0
2022-03-10,63460.543,63460.543,63460.543,63460.543,0.0
2022-03-11,64373.6484,64556.2686,63643.1672,63917.0977,15787655.0
2022-03-14,63917.1063,64099.7266,63551.8657,64099.7266,9040993.0
2022-03-15,64099.7266,64099.7266,64099.7266,64099.7266,0.0
2022-03-16,64099.7274,64373.6578,63643.1766,64282.3477,10175750.0
2022-03-17,64282.3477,64282.3477,64282.3477,64282.3477,0.0
2022-03-18,64464.9516,64738.882,64099.7111,64556.2617,14410038.0
2022-03-21,64738.8905,64830.2006,63825.7891,63825.7891,11169002.0
2022-03-22,63825.7946,64373.6555,63825.7946,64191.0352,9402666.0
2022-03-23,64464.9664,65012.8273,64191.0359,64373.6562,12398025.0
2022-03-24,63551.8758,64191.0469,63551.8758,63734.4961,37943357.0
2022-03-25,64008.4266,64099.7368,63551.8758,63734.4961,12986010.0
2022-03-28,63460.575,63825.8157,63186.6444,63643.1953,12619289.0
2022-03-29,63917.1063,64191.0367,63734.486,64099.7266,13686208.0
2022-03-30,64522.8355,64706.3998,64063.9249,64155.707,12670187.0
2022-03-31,64155.7175,64431.0639,63880.3711,63880.3711,12510366.0
2022-04-01,63788.5777,63788.5777,63329.6671,63421.4492,15916846.0
2022-04-04,63237.891,63605.0195,62962.5446,63605.0195,11107905.0
2022-04-05,63696.7947,63880.359,63421.4483,63513.2305,8467248.0
2022-04-06,62962.5478,63146.112,62870.7656,62870.7656,15517308.0
2022-04-07,62870.7622,62870.7622,62411.8516,62411.8516,20683327.0
2022-04-08,62503.6198,62687.184,62136.4913,62228.2734,15453191.0
2022-04-11,62228.2882,62503.6346,61861.1596,62320.0703,12263735.0
2022-04-12,62044.7201,62136.5023,61494.0273,61494.0273,13924389.0
2022-04-13,61769.3744,63329.6706,61677.5922,63054.3242,17378619.0
2022-04-14,63054.3151,63054.3151,61952.9297,61952.9297,16409494.0
2022-04-15,61677.5952,61769.3773,61035.1202,61126.9023,13176415.0
2022-04-18,61035.0999,61585.7925,60667.9714,61218.6641,10119203.0
2022-04-19,61585.8224,62411.8618,61494.0403,61769.3867,12959434.0
2022-04-20,61494.0238,61861.1523,61035.1132,61861.1523,16693293.0
2022-04-21,62044.7296,62687.2046,61952.9474,62136.5117,12847448.0
2022-04-22,61677.5916,61769.3737,61218.681,61494.0273,11791478.0
2022-04-25,61035.1072,61218.6714,60851.543,60851.543,11016474.0
2022-04-26,60943.3347,61218.6811,60667.9883,60667.9883,12946923.0
2022-04-27,60025.5192,60117.3013,59566.6085,59658.3906,18122084.0
2022-04-28,60025.5131,60117.2952,59199.4739,59474.8203,16895527.0
2022-04-29,59750.1635,62044.7166,59658.3813,61861.1523,26190390.0
2022-05-02,61126.9117,62044.7332,61035.1295,61769.3867,14106184.0
2022-05-03,61861.1476,62778.9688,61769.3655,61952.9297,14168875.0
2022-05-04,62411.8524,62778.981,61952.9418,62320.0703,11505248.0
2022-05-06,61494.0318,61585.8139,61035.1211,61035.1211,14356156.0
2022-05-10,60484.4276,60851.5561,59933.7347,60300.8633,17235605.0
2022-05-11,60117.299,60851.5561,59841.9526,60300.8633,12330920.0
2022-05-12,59841.9558,60117.3022,59566.6094,59566.6094,16414188.0
2022-05-13,59933.7354,61218.6854,59841.9533,61035.1211,14551536.0
2022-05-16,61585.7999,61861.1462,60667.9787,60851.543,11937555.0
2022-05-17,61126.8975,62320.0651,61126.8975,62044.7188,15680447.0
2022-05-18,62687.1971,63054.3256,62044.7221,62503.6328,16486319.0
2022-05-19,61035.1085,62044.7118,61035.1085,61952.9297,17073727.0
2022-05-20,62228.2873,62778.9801,62136.5052,62411.8516,12109671.0
2022-05-23,63146.1095,63146.1095,62044.7239,62320.0703,13684088.0
2022-05-24,61952.9425,62136.5067,61035.1211,61035.1211,15482576.0
2022-05-25,61218.6863,61585.8148,60484.4292,60943.3398,15150490.0
2022-05-26,60851.5661,61677.6055,60117.3089,60484.4375,15970890.0
2022-05-27,61218.6854,61402.2496,60759.7747,61035.1211,11405555.0
2022-05-30,61952.9474,62228.2939,61402.2546,62136.5117,14255484.0
2022-05-31,61952.9345,61952.9345,61218.6775,61861.1523,24365002.0
2022-06-02,61126.882,61494.0104,60943.3177,61218.6641,14959443.0
2022-06-03,61677.5855,61769.3676,61310.457,61310.457,8222883.0
2022-06-07,60759.7718,60943.3361,60025.5147,60117.2969,19355755.0
2022-06-08,60025.5126,60300.859,59933.7305,59933.7305,12483180.0
2022-06-09,59750.171,59841.9531,59199.4782,59841.9531,25790725.0
2022-06-10,58740.5682,59107.6967,58557.0039,58557.0039,22193552.0
2022-06-13,57272.0534,57639.182,56996.707,56996.707,22157816.0
2022-06-14,56170.6657,57088.487,56078.8836,56813.1406,24606419.0
2022-06-15,56262.4467,56446.011,55252.8432,55711.7539,26811224.0
2022-06-16,56262.4449,56721.3556,55528.1879,55895.3164,23394895.0
2022-06-17,54518.5824,54977.4931,54518.5824,54885.7109,29053450.0
2022-06-20,54885.7168,54977.4989,53325.4205,53876.1133,34111306.0
2022-06-21,53876.1151,54335.0257,53417.2044,53692.5508,25148109.0
2022-06-22,54151.4577,54243.2398,52866.5078,52866.5078,23334687.0
2022-06-23,52958.2917,53233.6381,52132.2525,52682.9453,28338608.0
2022-06-24,53141.855,54243.2406,52958.2907,53600.7656,23256103.0
2022-06-27,54151.4588,54977.498,53508.9839,53967.8945,18122236.0
2022-06-28,54335.0178,54610.3642,53876.1072,54518.582,13540538.0
2022-06-29,54020.8574,54297.8874,53559.1406,53559.1406,14677138.0
2022-06-30,52820.3937,53189.7671,52635.707,52635.707,18915142.0
2022-07-01,52543.3644,53097.4244,51619.9309,51896.9609,24982097.0
2022-07-04,51804.6212,53005.0847,51435.2477,52728.0547,17807126.0
2022-07-05,53189.764,53743.824,52820.3906,52820.3906,14216539.0
2022-07-06,52912.7386,52912.7386,52081.6484,52081.6484,16820461.0
2022-07-07,52081.6479,54205.5449,51989.3045,53743.8281,21322833.0
2022-07-08,54113.1996,54759.603,53743.8262,54205.543,15339271.0
2022-07-11,54759.6034,55036.6335,54205.5434,54297.8867,13042624.0
2022-07-12,54113.2011,54205.5445,53651.4844,53651.4844,9336061.0
2022-07-13,53836.1707,54113.2007,53559.1406,53559.1406,10841315.0
2022-07-14,53097.418,53743.8213,53005.0746,53097.418,15067012.0
2022-07-15,53928.5219,55406.0156,53651.4918,55406.0156,18685583.0
2022-07-18,55960.0678,57252.8746,55867.7244,57160.5312,20832517.0
2022-07-19,56698.8183,56791.1617,55590.6981,56237.1016,15248261.0
2022-07-20,57068.1861,57345.2161,55867.7227,55867.7227,16782238.0
2022-07-21,56421.7802,57160.5269,56052.4069,57068.1836,12291374.0
2022-07-22,57068.1855,57437.5588,56514.1254,56606.4688,10261310.0
2022-07-25,56237.0946,57160.528,56144.7512,56421.7812,9193681.0
2022-07-26,56144.7652,57160.5422,56144.7652,56975.8555,6597211.0
2022-07-27,56606.4669,57160.5269,56514.1236,57068.1836,7320997.0
2022-07-28,57529.9046,57806.9347,56883.5012,57160.5312,10745302.0
2022-07-29,57622.2459,57806.9326,56606.4692,56698.8125,15093120.0
2022-08-01,56329.4387,56975.8421,55683.0353,56606.4688,13154816.0
2022-08-02,56514.1386,57160.5422,56329.4519,56975.8555,13614895.0
2022-08-03,56883.4988,56883.4988,56329.4387,56606.4688,10053861.0
2022-08-04,56975.8547,57068.1981,56514.1379,56791.168,9125439.0
2022-08-05,56975.8547,57160.5414,56514.1379,56791.168,9567620.0
2022-08-08,56698.8219,56698.8219,55960.075,56144.7617,11313150.0
2022-08-09,55960.0758,56052.4191,55036.6422,55406.0156,18251170.0
2022-08-10,54390.2313,54667.2613,54113.2012,54574.918,18084349.0
2022-08-11,55036.6379,55406.0113,54759.6079,55313.668,15141941.0
2022-08-12,54944.288,56052.4081,54851.9447,55590.6914,10786658.0
2022-08-16,55867.7324,56883.5094,55683.0457,56329.4492,15036727.0
2022-08-17,56421.7863,56514.1296,55683.0395,55775.3828,9061518.0
2022-08-18,55683.0476,57160.5414,55406.0175,56791.168,16372754.0
2022-08-19,56698.8183,56883.505,55960.0715,56237.1016,6923679.0
2022-08-22,55683.0457,55775.3891,55221.3289,55406.0156,8259865.0
2022-08-23,54482.5746,55036.6347,54482.5746,54574.918,9041629.0
2022-08-24,54667.2648,54944.2949,54482.5781,54482.5781,8888486.0
2022-08-25,54667.2637,55128.9805,54482.577,55128.9805,5767902.0
2022-08-26,55683.0457,56237.1059,55313.6723,55406.0156,9499995.0
2022-08-29,54205.5386,54390.2253,54113.1953,54113.1953,9841329.0
2022-08-30,54205.5434,54482.5734,53836.17,54297.8867,9690044.0
2022-08-31,53743.8302,55313.6672,53743.8302,55128.9805,14203512.0
2022-09-01,54205.5378,54390.2245,53836.1645,53928.5078,14905777.0
2022-09-02,53836.1647,54113.1947,53097.418,53097.418,15040310.0
2022-09-05,53005.0847,53374.4582,52451.0246,52728.0547,11425977.0
2022-09-06,52820.398,53189.7715,52543.368,52728.0547,7503086.0
2022-09-07,52358.6729,52358.6729,51619.9262,51712.2695,17384854.0
2022-09-08,51896.9585,52081.6452,51342.8984,51342.8984,18000016.0
2022-09-13,52635.7076,54020.8578,52451.0209,53651.4844,17166581.0
2022-09-14,51896.9517,52820.385,51804.6084,52451.0117,12524961.0
2022-09-15,52635.7029,52728.0463,51712.2695,51712.2695,11664819.0
2022-09-16,51342.9009,52081.6476,51250.5575,51896.9609,13456503.0
2022-09-19,51989.3051,52635.7085,51712.275,52081.6484,12278653.0
2022-09-20,52081.6499,52635.7101,51527.5898,51527.5898,14041465.0
2022-09-21,51158.2223,51250.5656,50788.8488,51065.8789,11863700.0
2022-09-22,50419.4679,50511.8113,50142.4379,50234.7812,12786510.0
2022-09-23,50234.7778,50696.4945,50050.0911,50327.1211,10555964.0
2022-09-26,49588.3758,50050.0925,49496.0325,49773.0625,15008449.0
2022-09-27,49680.7204,50050.0938,49403.6903,50050.0938,16631289.0
2022-09-28,49773.0663,50234.7831,48480.2594,48849.6328,19991129.0
2022-09-29,49557.1926,49929.104,48906.3477,48906.3477,13882080.0
2022-09-30,48627.4078,49836.1196,48162.5186,49371.2305,22503249.0
2022-10-04,51416.7435,51509.7213,50672.9208,51323.7656,19148435.0
2022-10-05,52904.4023,53183.3359,51509.7344,52067.6016,22458970.0
2022-10-06,52718.4387,53276.3058,52346.5273,52346.5273,14944446.0
2022-10-07,51974.6172,52904.3957,51323.7723,52253.5508,16886813.0
2022-10-11,50579.9519,51788.664,50208.0405,51509.7305,21437877.0
2022-10-12,51788.655,52997.3669,51323.7658,51881.6328,18408910.0
2022-10-13,51509.7213,52160.5662,51323.7656,51323.7656,13784602.0
2022-10-14,52253.5495,52532.483,51881.6381,52346.5273,12924326.0
2022-10-17,51881.6382,52997.3723,51788.6603,52625.4609,13641878.0
2022-10-18,52718.4401,53090.3515,51881.6394,52532.4844,14820702.0
2022-10-19,52718.4333,52904.389,51788.655,51881.6328,12660652.0
2022-10-20,51323.7735,52067.5963,51230.7956,51602.707,17107653.0
2022-10-21,51230.7983,52346.5325,51230.7983,51974.6211,11456060.0
2022-10-24,52997.3725,53462.2617,52718.4389,53462.2617,16944503.0
2022-10-25,52997.3699,54485.0154,52997.3699,53648.2148,17405678.0
2022-10-26,53927.1576,55414.8034,53648.2241,55228.8477,20824967.0
2022-10-27,55507.776,55879.6874,54763.9532,55321.8203,21756712.0
2022-10-28,54763.9582,55042.8918,53183.3346,53276.3125,20924937.0
2022-10-31,54020.1355,55693.7369,53927.1576,55228.8477,18999514.0
2022-11-01,55693.7409,56065.6523,55321.8294,55786.7188,17201647.0
2022-11-02,55507.7747,55786.7083,55135.8633,55414.7969,13202919.0
2022-11-03,54485.0196,55600.7538,54020.1304,55042.8867,17492162.0
2022-11-04,54949.9141,55321.8255,54299.0691,55228.8477,12445841.0
2022-11-07,55507.7748,56065.6419,55228.8413,55972.6641,12437246.0
2022-11-08,56251.589,57553.2786,56251.589,57460.3008,18273898.0
2022-11-09,57646.2578,57832.2135,56995.413,57646.2578,14045592.0
2022-11-10,57088.3956,57181.3735,56158.6172,56158.6172,21087633.0
2022-11-11,58669.0182,58761.996,57925.1954,58483.0625,20037163.0
2022-11-14,58483.0676,58483.0676,57367.3334,57553.2891,15973416.0
2022-11-15,57832.224,58111.1575,57274.3569,58018.1797,12310986.0
2022-11-16,58018.1758,58297.1094,57367.3309,58297.1094,12909260.0
2022-11-17,57646.2616,57646.2616,56995.4167,57088.3945,13298296.0
2022-11-18,57460.3008,58018.1678,57088.3894,57460.3008,12236503.0
2022-11-21,57088.3945,57460.3059,56530.5275,57088.3945,9378097.0
2022-11-22,56623.5117,56902.4452,56065.6446,56344.5781,9411289.0
2022-11-23,56902.444,56995.4218,56437.5547,56716.4883,8765050.0
2022-11-24,56902.4388,57367.3281,56623.5053,57088.3945,8125010.0
2022-11-25,57088.3997,57367.3332,56530.5326,56716.4883,6677933.0
2022-11-28,56251.595,56251.595,55600.7501,55879.6836,8589032.0
2022-11-29,55693.7332,56344.5781,55600.7553,56344.5781,7014160.0
2022-11-30,56158.6176,57832.2188,55972.6619,57832.2188,19768903.0
2022-12-01,58669.0142,58761.992,57925.1915,58204.125,16631445.0
2022-12-02,58111.1519,58111.1519,56158.6172,56158.6172,15331184.0
2022-12-05,56623.5077,56809.4634,55786.7071,56065.6406,13767787.0
2022-12-06,55600.7538,55879.6874,55042.8867,55042.8867,13888300.0
2022-12-07,54670.9714,55414.7941,54392.0378,54763.9492,12100662.0
2022-12-08,54577.9975,55042.8867,54485.0196,55042.8867,12986815.0
2022-12-09,55135.8609,56344.5729,55135.8609,56158.6172,10529632.0
2022-12-12,55693.7317,55786.7096,55228.8425,55321.8203,9036472.0
2022-12-13,55414.7956,56065.6405,55228.8399,55507.7734,9040873.0
2022-12-14,55600.7566,56344.5794,55600.7566,56251.6016,8207485.0
2022-12-15,55600.7446,55972.656,55135.8555,55135.8555,8716039.0
2022-12-16,54206.0861,55321.8203,54206.0861,55321.8203,13033596.0
2022-12-19,55321.8203,55693.7317,54949.9089,55321.8203,7696187.0
2022-12-20,54856.9349,54949.9127,54392.0456,54485.0234,9284761.0
2022-12-21,54578.0012,54949.9127,53927.1562,53927.1562,10356971.0
2022-12-22,54020.1316,54949.9102,54020.1316,54949.9102,10720630.0
2022-12-23,54113.1068,54299.0624,53648.2175,54020.1289,9829407.0
2022-12-26,53927.1497,54020.1276,53648.2162,53834.1719,6756411.0
2022-12-27,53927.1511,54299.0624,53834.1732,54020.1289,10667027.0
2022-12-28,53890.0799,53890.0799,52767.3699,52954.4883,14665410.0
2022-12-29,52393.1408,52580.2592,51738.2266,51738.2266,11295935.0
2023-01-02,51925.3398,52486.6949,51644.6623,51925.3398,10031448.0
2023-01-03,51831.7773,52393.1323,50989.7449,51831.7773,13547030.0
2023-01-04,52112.4605,54264.3215,52018.9013,54077.2031,20188071.0
2023-01-05,54451.4375,55012.7925,53890.0825,54451.4375,15682826.0
2023-01-06,54544.9882,55574.139,54170.7516,55199.9023,17334989.0
2023-01-09,55854.8224,56790.4141,55761.2632,56790.4141,18640107.0
2023-01-10,56322.616,57164.6485,56041.9386,56509.7344,14859797.0
2023-01-11,57071.0967,57258.215,56416.1824,56603.3008,12310751.0
2023-01-12,57164.6558,57258.215,56041.9457,56603.3008,16102561.0
2023-01-13,56603.3068,57258.2211,56509.7476,56883.9844,12510328.0
2023-01-16,57351.7668,57632.4443,56883.9709,57164.6484,10039972.0
2023-01-17,57258.2199,57538.8975,56696.8648,57071.1016,9831456.0
2023-01-18,56790.4119,57071.0894,56041.9386,56509.7344,11584041.0
2023-01-19,56603.2951,57538.8867,56509.7359,57538.8867,12808490.0
2023-01-20,58100.2321,58287.3504,57164.6406,57819.5547,9646327.0
2023-01-25,59410.0715,59597.1898,58942.2756,59222.9531,39217.0
2023-01-26,59690.7578,59784.317,59222.9619,59690.7578,54188.0
2023-01-27,60252.1043,60813.4593,59784.3085,60439.2227,44282.0
2023-01-30,60719.8998,60719.8998,59035.8348,59222.9531,59628.0
2023-01-31,59410.0706,59597.189,57071.0915,57445.3281,163847.0
2023-02-01,58568.0485,58661.6077,57071.1016,57071.1016,98585.0
2023-02-02,59129.385,59784.2991,58568.0301,59410.0625,65992.0
2023-02-03,59784.2991,59877.8583,58942.2667,59410.0625,47567.0
2023-02-06,58755.1553,58942.2736,57632.4453,57632.4453,144104.0
2023-02-07,57913.1244,58474.4794,57632.4469,58006.6836,32873.0
2023-02-08,58755.1584,59222.9543,58380.9218,59035.8359,42558.0
2023-02-09,58942.2756,59222.9531,58287.3614,59222.9531,48035.0
2023-02-10,58568.0373,58942.274,58380.919,58848.7148,44786.0
2023-02-13,58848.7148,58942.274,58287.3599,58848.7148,59395.0
2023-02-14,59503.6312,59784.3087,59129.3945,59129.3945,70606.0
2023-02-15,59784.3066,59784.3066,58006.6825,58193.8008,58370.0
2023-02-16,58474.4737,59597.1836,58380.9145,59597.1836,41448.0
2023-02-17,58848.7166,59222.9532,58380.9207,58568.0391,28613.0
2023-02-20,58848.7199,58942.2791,57819.569,58661.6016,29846.0
2023-02-21,58661.6011,58755.1603,58006.6869,58100.2461,60971.0
2023-02-22,57538.8851,57819.5626,57071.0893,57164.6484,39178.0
2023-02-23,57726.0061,58474.4794,57538.8878,58006.6836,37145.0
2023-02-24,58287.3691,58568.0467,57351.7773,57351.7773,50792.0
2023-02-27,56883.9783,56883.9783,56322.6233,56603.3008,11155697.0
2023-02-28,56883.9777,57445.3328,56603.3002,56696.8594,13715861.0
2023-03-02,56977.5436,57819.5762,56603.3068,56883.9844,13095682.0
2023-03-03,57071.0967,57258.215,56603.3008,56603.3008,10711405.0
2023-03-06,57164.6501,57632.4459,56883.9726,57538.8867,13630602.0
2023-03-07,57445.3282,57445.3282,56790.4141,56790.4141,11473280.0
2023-03-08,56229.0613,56603.298,56041.943,56416.1797,14161857.0
2023-03-09,56603.2953,56883.9728,56041.9403,56229.0586,14334499.0
2023-03-10,55667.707,55854.8254,55293.4703,55667.707,11902471.0
2023-03-13,56041.9486,56322.6262,55480.5936,56135.5078,12779724.0
2023-03-14,55574.139,55667.6981,55199.9023,55199.9023,12147346.0
2023-03-15,56135.5051,56416.1826,55761.2684,55948.3867,10482149.0
2023-03-16,55387.0311,56322.6228,55293.4719,56041.9453,10611939.0
2023-03-17,56883.9814,57351.7773,56696.8631,57351.7773,14090110.0
2023-03-20,57164.6536,57258.2128,56322.6211,56322.6211,9618009.0
2023-03-21,56603.298,56790.4164,56229.0613,56416.1797,8318514.0
2023-03-22,57071.0893,57258.2076,56603.2935,57164.6484,8978591.0
2023-03-23,56696.8574,58287.3633,56696.8574,58287.3633,15381057.0
2023-03-24,58661.5998,59222.9549,58287.3632,58942.2773,18278602.0
2023-03-27,58568.042,58755.1603,58006.6869,58100.2461,11039331.0
2023-03-28,58380.919,58848.7148,58100.2415,58848.7148,11614118.0
2023-03-29,58474.4832,58661.6016,58193.8057,58661.6016,11216008.0
2023-03-30,59942.3134,59942.3134,59377.7076,59471.8086,15684377.0
2023-03-31,60224.6172,60224.6172,59942.3143,60224.6172,14094479.0
2023-04-03,60224.6157,60224.6157,59283.6061,59377.707,11973133.0
2023-04-04,59660.0051,60036.4089,59095.3994,59848.207,11120514.0
2023-04-05,59942.3137,60224.6166,59660.0108,60130.5156,9176149.0
2023-04-06,59754.1179,59848.2189,58624.9062,58624.9062,14992747.0
2023-04-07,60036.4135,61353.8269,60036.4135,61165.625,27476120.0
2023-04-10,60977.4272,62388.9417,60883.3263,61824.3359,18777166.0
2023-04-11,62294.842,62294.842,61542.0342,62012.5391,16323183.0
2023-04-12,61918.4348,62294.8386,61447.93,62106.6367,15021313.0
2023-04-13,61730.2335,62200.7383,61542.0315,62200.7383,15091022.0
2023-04-14,62671.245,62671.245,61165.6295,61259.7305,16176490.0
2023-04-17,61165.6268,61730.2326,60883.3239,61447.9297,13486618.0
2023-04-18,62012.5294,62106.6304,60977.4189,61730.2266,14802060.0
2023-04-19,61636.1328,61918.4357,61447.9309,61636.1328,10255985.0
2023-04-20,61259.7278,61447.9297,60789.2229,61447.9297,9501169.0
2023-04-21,61918.4369,62012.5379,61542.033,61824.3359,10538622.0
2023-04-24,61447.933,61824.3369,60977.4282,61353.832,12986581.0
2023-04-25,61447.9233,61542.0242,59660.0051,59848.207,16193271.0
2023-04-26,59848.2178,60506.9246,59565.9149,60318.7227,12664541.0
2023-04-27,60318.7178,61165.6265,59565.9101,60789.2227,14779601.0
2023-04-28,61353.8299,62012.5367,61165.628,61636.1328,19699481.0
2023-05-02,62106.6388,62388.9417,61259.7301,61824.3359,14396948.0
2023-05-03,61259.7245,61730.2293,61071.5225,61542.0273,8876749.0
2023-05-04,61730.2353,61824.3363,60883.3266,61259.7305,9791064.0
2023-05-08,62388.9429,62388.9429,61542.0342,62012.5391,9405365.0
2023-05-09,61918.4345,61918.4345,61259.7278,61447.9297,9366861.0
2023-05-10,61636.1313,61636.1313,60506.9198,60789.2227,13057727.0
2023-05-11,60883.3251,61259.729,60412.8203,60412.8203,11648905.0
2023-05-12,59942.3188,60789.2275,59848.2178,60318.7227,8693913.0
2023-05-15,60318.7211,60789.226,60130.5192,60695.125,8172021.0
2023-05-16,61918.4312,62012.5321,61447.9264,61542.0273,12334657.0
2023-05-17,62012.5337,62012.5337,60977.4231,61165.625,10745504.0
2023-05-18,62106.6379,62294.8398,61824.335,62294.8398,14431704.0
2023-05-19,63800.4644,64365.0703,63518.1615,64365.0703,20349345.0
2023-05-22,64365.0553,64929.661,63988.6515,64459.1562,14470308.0
2023-05-23,64459.1713,64647.3733,64082.7674,64365.0703,8561643.0
2023-05-24,64082.7524,64647.3582,63988.6515,64459.1562,8192896.0
2023-05-25,65776.5715,65870.6725,64647.36,64741.4609,14231160.0
2023-05-26,65682.464,66247.0697,65400.1611,66152.9688,19549511.0
2023-05-30,67093.998,68035.0078,66999.897,68035.0078,27476897.0
2023-05-31,68129.0876,68223.1886,66811.6743,67188.0781,25666087.0
2023-06-01,66717.5781,67376.2848,66435.2753,66717.5781,14669296.0
2023-06-02,67470.3936,67940.8984,67376.2926,67940.8984,12161798.0
2023-06-05,68411.3923,68411.3923,67188.08,67470.3828,12686829.0
2023-06-07,67093.9904,67376.2933,66623.4856,66811.6875,14796613.0
2023-06-08,66247.0733,66717.5781,65870.6695,66717.5781,19165568.0
2023-06-09,66905.7789,68034.9904,66623.476,67752.6875,15050209.0
2023-06-12,67846.7982,68129.1011,66623.4856,66811.6875,12064287.0
2023-06-13,67470.3846,67940.8894,67376.2837,67752.6875,13227285.0
2023-06-14,67846.7957,67940.8966,66905.786,67658.5938,12541046.0
2023-06-15,67846.8011,68035.0031,67093.9934,67282.1953,13614994.0
2023-06-16,67564.4844,67658.5853,66717.5758,67564.4844,15373696.0
2023-06-19,67093.9916,67470.3955,66717.5877,66999.8906,11100887.0
2023-06-20,66529.3715,67188.0781,66247.0686,67188.0781,11557883.0
2023-06-21,66529.3738,66999.8785,66247.0709,66341.1719,10626603.0
2023-06-22,66058.8738,67282.1863,65964.7729,67093.9844,11411007.0
2023-06-23,67752.7008,67940.9027,67376.2969,67376.2969,12329484.0
2023-06-26,67470.3948,68223.2025,67282.1928,68129.1016,10541901.0
2023-06-27,68223.2037,68317.3047,67752.6989,68317.3047,9442997.0
2023-06-28,68317.3053,68411.4062,67752.6994,68411.4062,8783093.0
2023-06-29,69131.0878,69414.7995,68469.0938,68469.0938,12229967.0
2023-06-30,68563.657,68752.7981,67807.0925,68279.9453,11694765.0
2023-07-03,68752.7961,69225.6489,68658.2256,69036.5078,10722181.0
2023-07-04,69414.79,69603.9312,68941.9373,69036.5078,10214350.0
2023-07-05,69036.5024,69320.214,67996.2263,68090.7969,12310610.0
2023-07-06,67996.2351,68469.0879,67617.9529,67712.5234,14777667.0
2023-07-07,67239.6829,67523.3946,66010.2654,66104.8359,17308877.0
2023-07-10,66199.3919,66577.6741,65442.8274,65726.5391,11713926.0
2023-07-11,66388.5358,67617.9531,66293.9652,67617.9531,12177392.0
2023-07-12,67334.2327,68090.7971,67239.6622,67996.2266,10375581.0
2023-07-13,68469.0793,68658.2204,67996.2266,67996.2266,14417279.0
2023-07-14,68563.6695,69414.8047,68469.0989,69414.8047,15882519.0
2023-07-17,69225.6482,69509.3599,68847.366,69320.2188,10060049.0
2023-07-18,69225.6435,69509.3551,68090.7969,68090.7969,11697900.0
2023-07-19,68752.7994,68847.3699,67428.8115,67807.0938,10896412.0
2023-07-20,67239.6721,67617.9544,66955.9604,67145.1016,9732730.0
2023-07-21,66577.6721,66577.6721,65631.9665,66483.1016,16528926.0
2023-07-24,66293.968,67050.5325,66104.8268,66577.6797,13418597.0
2023-07-25,66199.3906,66672.2434,66010.2495,66199.3906,14314945.0
2023-07-26,66010.2734,66766.8382,64402.5734,66010.2734,30016221.0
2023-07-27,66104.8236,67807.0938,65537.4002,67807.0938,24261179.0
2023-07-28,67901.6592,68469.0825,66293.9597,66766.8125,19420683.0
2023-07-31,67050.55,67145.1205,66010.2734,66010.2734,13035420.0
2023-08-01,66293.9662,67334.2424,66199.3957,67239.6719,12299254.0
2023-08-02,66861.4006,67145.1123,66010.2654,66104.8359,13835020.0
2023-08-03,66104.8231,66388.5347,64780.8352,65064.5469,20087090.0
2023-08-04,65064.5403,65348.2519,64497.1169,64591.6875,12360193.0
2023-08-07,64024.2792,65442.8378,63929.7086,64780.8438,10968505.0
2023-08-08,65253.6911,65348.2616,63740.562,63929.7031,14664709.0
2023-08-09,64307.9898,65821.119,64213.4193,65159.125,17259673.0
2023-08-10,64591.6961,64780.8372,64118.8432,64307.9844,10227311.0
2023-08-11,64686.264,65064.5462,63835.1289,63835.1289,9781038.0
2023-08-14,63835.1372,64213.4195,63267.7138,63645.9961,9352343.0
2023-08-16,63078.5734,63456.8557,62700.2911,63362.2852,13174578.0
2023-08-17,62700.2725,63173.1252,62416.5609,63078.5547,10778652.0
2023-08-18,62416.5696,63078.5635,62227.4285,62700.2812,11745006.0
2023-08-21,62984.0,63456.8529,62700.2883,62984.0,9720067.0
2023-08-22,63551.4234,64024.2763,62700.2883,62984.0,10500242.0
2023-08-23,63078.5654,63456.8477,62794.8537,63456.8477,9549352.0
2023-08-24,64591.6917,64969.9739,64213.4094,64497.1211,15044463.0
2023-08-25,63456.8477,63740.5593,63267.7065,63456.8477,7032462.0
2023-08-28,63173.125,63362.2661,62889.4134,63173.125,5824628.0
2023-08-29,63267.6955,63551.4072,62983.9839,63173.125,9114352.0
2023-08-30,63645.9888,64024.271,63456.8477,63456.8477,9181223.0
2023-08-31,63456.8403,63551.4109,62794.8465,63267.6992,15964630.0
2023-09-01,63173.1378,67145.1016,63078.5672,67145.1016,29738235.0
2023-09-04,68941.9578,68941.9578,66861.4049,67334.2578,26286495.0
2023-09-05,67050.5318,67617.9552,66388.5378,66861.3906,12330239.0
2023-09-06,66861.3845,66955.9551,65915.679,66199.3906,11414620.0
2023-09-07,66199.3974,66766.8208,65821.1151,66577.6797,13741241.0
2023-09-08,66388.531,66483.1016,65821.1077,66483.1016,10688118.0
2023-09-11,66577.6709,66955.9531,66199.3887,66955.9531,11785462.0
2023-09-12,66955.9539,67145.095,66577.6716,66672.2422,11688599.0
2023-09-13,67239.6724,67712.5252,66483.1079,67050.5312,15955797.0
2023-09-14,67334.2409,67901.6643,66955.9587,67807.0938,21041407.0
2023-09-15,67807.0852,68374.5085,67523.3736,68090.7969,17823512.0
2023-09-18,67428.8153,67807.0976,66388.5391,66388.5391,16040727.0
2023-09-19,66577.697,66955.9794,65821.1323,66010.2734,11820188.0
2023-09-20,66199.3995,66483.1112,65726.5466,65821.1172,10873015.0
2023-09-21,65442.8367,66010.2602,65064.5544,65159.125,10796336.0
2023-09-22,64591.6941,65159.1174,64591.6941,65064.5469,9897840.0
2023-09-25,64780.8414,65915.6883,64780.8414,65631.9766,13582516.0
2023-09-26,66545.5517,66545.5517,65024.5105,65214.6406,13143470.0
2023-09-27,65214.638,65689.9633,64834.3777,65024.5078,14886491.0
2023-10-04,64073.8646,64359.0598,63408.409,64168.9297,23361149.0
2023-10-05,63978.7888,64073.8539,63408.3984,63408.3984,16108313.0
2023-10-06,63788.6611,63978.7912,62742.9453,62742.9453,14386527.0
2023-10-10,62933.0691,64263.9799,62933.0691,63123.1992,19889202.0
2023-10-11,65214.6353,65975.1558,64549.1798,64834.375,25209349.0
2023-10-12,65214.6407,66260.3565,64834.3804,65499.8359,19311380.0
2023-10-13,64644.2461,65119.5714,64359.0509,64644.2461,9724086.0
2023-10-16,64549.1873,65119.5778,63503.4715,63978.7969,12599299.0
2023-10-17,64359.0425,66450.4737,64073.8473,65975.1484,17299253.0
2023-10-18,65499.8339,67020.875,65404.7688,67020.875,16493184.0
2023-10-19,66260.341,66545.5362,65975.1459,66070.2109,13985012.0
2023-10-20,65499.8346,65785.0298,64739.314,65404.7695,15204495.0
2023-10-23,65309.703,65689.9633,64834.3777,65024.5078,11625959.0
2023-10-24,65309.7004,65404.7655,64359.0498,65119.5703,12791710.0
2023-10-25,65404.7666,65404.7666,64549.181,64644.2461,10610703.0
2023-10-26,63693.5936,64549.1792,63408.3984,63408.3984,15517624.0
2023-10-27,63788.6667,63978.7969,63408.4064,63978.7969,11334726.0
2023-10-30,63503.4715,64454.1223,63408.4064,63978.7969,10139270.0
2023-10-31,64263.9828,64929.4382,63598.5273,63598.5273,14488892.0
2023-11-01,64168.9248,65499.8358,63978.7947,65214.6406,13775256.0
2023-11-02,66545.5625,66545.5625,65975.1719,66260.3672,16350031.0
2023-11-03,66260.3541,66735.6795,66070.224,66165.2891,10322234.0
2023-11-06,66355.4248,67401.1406,65880.0994,67401.1406,22228489.0
2023-11-07,67115.9454,67401.1406,66545.5549,67401.1406,17228731.0
2023-11-08,67781.3874,67876.4525,66260.3464,66450.4766,12901310.0
2023-11-09,66450.4819,67306.0675,66165.2867,66830.7422,12301373.0
2023-11-10,66545.5496,67020.875,66070.2243,67020.875,9684347.0
2023-11-13,67781.3903,67781.3903,66830.7396,66925.8047,9246919.0
2023-11-14,67496.2005,67591.2655,67115.9402,67306.0703,9567984.0
2023-11-15,68066.5939,68636.9844,67971.5288,68636.9844,20148677.0
2023-11-16,68922.1798,69397.5052,68732.0496,69207.375,15860451.0
2023-11-17,68732.0495,69397.5051,68732.0495,68922.1797,11494644.0
2023-11-20,68541.9065,69397.492,68541.9065,69112.2969,10610157.0
2023-11-21,69492.5702,69777.7655,69112.3099,69207.375,9712881.0
2023-11-22,68636.9845,69397.5052,68351.7893,69207.375,11105143.0
2023-11-23,69397.4998,69587.6299,68636.9792,68827.1094,6775614.0
2023-11-24,68827.1039,69017.234,68161.6484,68161.6484,6676685.0
2023-11-27,67971.5208,68541.9111,67591.2605,67781.3906,9113857.0
2023-11-28,67876.4511,69112.2969,67781.3861,69112.2969,13283081.0
2023-11-29,68827.1017,69207.3619,68636.9716,69112.2969,9283933.0
2023-11-30,69112.3099,69207.375,68636.9845,69207.375,15783714.0
2023-12-01,68827.1118,68922.1769,68161.6563,68446.8516,9871284.0
2023-12-04,69207.3723,69302.4374,68827.112,69017.2422,10229267.0
2023-12-05,68732.0518,68827.1169,67686.3359,67686.3359,12129682.0
2023-12-06,68256.7135,68541.9087,68066.5834,68161.6484,8123087.0
2023-12-07,68256.7186,68351.7837,67591.2632,67971.5234,8862017.0
2023-12-08,68541.9168,69207.3723,68351.7867,69017.2422,10859463.0
2023-12-11,69207.3777,69397.5078,68636.9872,69397.5078,9861960.0
2023-12-12,69682.698,69872.8281,69492.5678,69872.8281,13758646.0
2023-12-13,69682.7004,69872.8305,69207.375,69207.375,13116766.0
2023-12-14,70443.2211,70633.3512,68922.1799,69492.5703,27567593.0
2023-12-15,70158.0207,70348.1508,69587.6302,69682.6953,15419815.0
2023-12-18,69682.6821,69777.7471,69207.3568,69302.4219,9690551.0
2023-12-19,69397.4898,69777.75,69207.3597,69777.75,8907632.0
2023-12-20,70538.2815,71203.7369,70158.0212,71108.6719,16870156.0
2023-12-21,70918.5366,71298.7969,70633.3414,71298.7969,13478766.0
2023-12-22,72059.3334,72534.6588,71679.073,72154.3984,14515608.0
2023-12-26,72344.5184,72914.9088,71964.2581,72819.8438,13164909.0
2023-12-27,73260.1694,74501.8672,73069.139,74501.8672,20651042.0
2023-12-28,74215.3236,74979.4453,74024.2931,74979.4453,17797536.0
2024-01-02,74692.8887,76221.132,74692.8887,76030.1016,17142847.0
2024-01-03,74979.4391,75265.9847,73546.7109,73546.7109,21753644.0
2024-01-04,72687.0802,73833.2628,72687.0802,73164.6562,15324439.0
2024-01-05,73260.1715,73642.2323,72973.6258,73164.6562,11304316.0
2024-01-08,73546.701,74024.277,72973.6098,73069.125,11088724.0
2024-01-09,73928.77,74215.3156,70967.7985,71349.8594,26019249.0
2024-01-10,71636.4083,71827.4387,69917.1345,70299.1953,20259529.0
2024-01-11,69630.5794,70299.1858,69439.549,69917.125,57691266.0
2024-01-12,69726.1098,70776.7772,69535.0793,69821.625,13038939.0
2024-01-15,69917.1357,70681.2574,69917.1357,70585.7422,2957915.0
2024-01-16,70203.6838,70394.7143,69248.5317,69344.0469,14760415.0
2024-01-17,69821.6243,70012.6547,67815.8047,67815.8047,22683660.0
2024-01-18,68388.891,68770.9519,67529.2541,68484.4062,17853397.0
2024-01-19,70203.6769,71349.8594,69726.1009,71349.8594,23363427.0
2024-01-22,72496.0357,72591.5508,71636.3989,71731.9141,19673375.0
2024-01-23,72305.0135,72400.5288,70967.8006,71827.4375,14786224.0
2024-01-24,71827.4483,71827.4483,70203.6895,70681.2656,12860661.0
2024-01-25,70872.273,71445.3642,70394.697,70776.7578,11737747.0
2024-01-26,70394.7018,71158.8234,70012.6411,70108.1562,11160062.0
2024-01-29,70490.2368,71827.4499,70203.6911,71063.3281,13976521.0
2024-01-30,71636.4033,71922.9489,70394.7056,70967.7969,12244418.0
2024-01-31,70108.1611,70681.2524,69248.5243,69439.5547,15703560.0
2024-02-01,69726.104,70872.2866,69630.5888,70299.1953,19881033.0
2024-02-02,70681.255,71827.4375,70394.7094,71827.4375,14955881.0
2024-02-05,70872.2817,71445.3729,70203.6752,70967.7969,19026021.0
2024-02-06,70967.8129,71349.8738,70012.6606,71063.3281,14559254.0
2024-02-07,71254.361,72113.998,70967.8153,71636.4219,16566445.0
2024-02-08,71636.3945,71827.4249,70299.1818,70776.7578,20810708.0
2024-02-13,71445.3767,71827.4375,71063.3158,71827.4375,21966745.0
2024-02-14,70394.72,70967.8113,70394.72,70681.2656,12434945.0
2024-02-15,70872.277,71063.3074,69726.0946,69917.125,14120600.0
2024-02-16,70012.6621,70108.1773,69248.5403,69535.0859,13444781.0
2024-02-19,69535.0821,70585.7496,69535.0821,70490.2344,12726404.0
2024-02-20,70394.7171,70394.7171,69535.0802,70012.6562,14681477.0
2024-02-21,70108.1702,70394.7159,69630.5942,69726.1094,11503495.0
2024-02-22,70490.2315,70585.7468,69439.5641,69821.625,15208934.0
2024-02-23,70299.1845,70872.2757,69630.5781,69630.5781,16225166.0
2024-02-26,69057.5098,69917.1468,68961.9946,69535.0859,14669352.0
2024-02-27,69821.6085,70108.1541,69439.5477,69630.5781,13201981.0
2024-02-28,69630.5794,70585.7314,69535.0642,69917.125,11795859.0
2024-02-29,69344.0347,70108.1562,68770.9435,70108.1562,21176403.0
2024-03-04,70967.8149,71636.4215,70681.2692,71540.9062,23210474.0
2024-03-05,71254.3637,71445.3941,70394.7266,70394.7266,19505125.0
2024-03-06,69917.1237,70203.6693,69439.5477,69630.5781,21547905.0
2024-03-07,69821.6213,70012.6517,68961.9844,68961.9844,14516963.0
2024-03-08,69535.0802,70108.1715,69344.0497,70012.6562,19271349.0
2024-03-11,69630.5917,69821.6221,69057.5004,69153.0156,9740504.0
2024-03-12,69344.0497,70203.6867,68866.4736,70012.6562,13011654.0
2024-03-13,70394.697,70776.7578,70203.6667,70776.7578,15243134.0
2024-03-14,71063.3121,71158.8273,70299.1904,70967.7969,22545539.0
2024-03-15,70108.1753,70394.721,69057.5078,69057.5078,22580555.0
2024-03-18,69344.0555,69726.1164,69248.5403,69535.0859,11520348.0
2024-03-19,69057.5098,69726.1164,68484.4184,69535.0859,15376066.0
2024-03-20,70394.7161,73737.7488,70108.1705,73451.2031,50106297.0
2024-03-21,75648.0473,75743.5625,74215.3191,75743.5625,44569799.0
2024-03-22,76030.1143,76316.66,74310.8404,75361.5078,26724761.0
2024-03-25,76030.1115,76221.1419,74310.8376,74692.8984,18703996.0
2024-03-26,76125.6336,76507.6945,75648.0575,76316.6641,30551494.0
2024-03-27,75648.0416,76412.1632,75648.0416,76221.1328,17424595.0
2024-03-28,76183.7104,77718.8985,75991.8119,77527.0,25084812.0
2024-03-29,77910.8118,79158.1524,77622.964,79062.2031,27126366.0
2024-04-01,79829.7896,79925.7389,78678.3984,78678.3984,20116513.0
2024-04-02,79541.9481,81556.8828,79541.9481,81556.8828,37077944.0
2024-04-03,80885.2345,81556.8794,80117.6403,80693.3359,30493347.0
2024-04-04,81748.7695,82036.6173,80885.2262,81844.7188,25248934.0
2024-04-05,81077.1328,81556.8792,80405.4879,81077.1328,18883752.0
2024-04-08,81748.7777,82516.3719,81077.1328,81077.1328,18953232.0
2024-04-09,81077.1293,81460.9264,79733.8396,80213.5859,23725956.0
2024-04-11,79829.7925,81269.0316,79158.1476,80693.3359,25538009.0
2024-04-12,81269.0397,81460.9382,79829.8005,80309.5469,17061770.0
2024-04-15,79541.9417,79829.7895,77910.8042,78870.2969,26663772.0
2024-04-16,77910.8132,78006.7625,76183.7262,76759.4219,31949845.0
2024-04-17,77431.0635,77527.0128,75703.9766,75703.9766,22611631.0
2024-04-18,75608.0153,76855.3557,75128.269,76375.6094,21370190.0
2024-04-19,75128.2935,75512.0906,73209.3077,74456.6484,31317563.0
2024-04-22,74264.739,74360.6883,72057.9057,73017.3984,30469477.0
2024-04-23,73305.2308,73689.0278,72441.6875,72441.6875,18717699.0
2024-04-24,74360.683,75608.0235,74072.8352,75416.125,22166150.0
2024-04-25,74168.7896,74360.6882,73209.2969,73209.2969,15549134.0
2024-04-26,74648.5358,74744.485,73401.1952,73593.0938,12755629.0
2024-04-29,74264.7387,74456.6372,73113.3474,73593.0938,14664474.0
2024-04-30,73880.9411,75320.1802,73497.144,74360.6875,19007007.0
2024-05-02,74456.6326,75416.1253,74168.7848,74840.4297,18900640.0
2024-05-03,75799.9385,75799.9385,74360.6991,74456.6484,13151889.0
2024-05-07,76375.6125,78006.75,76183.714,78006.75,26238868.0
2024-05-08,77527.0037,78102.6993,77239.1559,78006.75,13089576.0
2024-05-09,77814.8522,78198.6492,76471.5625,76471.5625,18759935.0
2024-05-10,77143.2115,77814.8564,75703.9725,75991.8203,16976124.0
2024-05-13,76183.7192,76663.4656,74456.6324,75224.2266,18652344.0
2024-05-14,75416.1212,75608.0198,74744.4764,75128.2734,11763992.0
2024-05-16,76951.3135,77047.2628,74936.3789,75032.3281,20989778.0
2024-05-17,75416.1335,75608.0321,74072.8436,74264.7422,15918201.0
2024-05-20,74936.3824,75895.8751,74744.4838,75703.9766,19456783.0
2024-05-21,75320.1758,75799.9222,75032.328,75224.2266,13690583.0
2024-05-22,74936.3752,75512.0708,74168.7811,74552.5781,19521506.0
2024-05-23,74552.5779,75895.8675,73976.8823,75128.2734,18728087.0
2024-05-24,73689.0514,73880.95,72633.6092,72825.5078,27891278.0
2024-05-27,72249.7998,75032.3286,71002.4593,74072.8359,43825202.0
2024-05-28,73401.2063,74840.4456,73113.3584,74456.6484,18539072.0
2024-05-29,74552.5753,75032.3216,72153.8438,72153.8438,30244875.0
2024-05-30,71770.0514,72153.8485,70522.7109,70522.7109,28551273.0
2024-05-31,71482.2036,71674.1021,70522.7109,70522.7109,26198776.0
2024-06-03,71386.2456,73305.2307,71194.3471,72633.5859,15706268.0
2024-06-04,71866.0076,73017.3989,71866.0076,72249.8047,14098053.0
2024-06-05,74840.4379,74840.4379,73689.0465,74264.7422,23177968.0
2024-06-07,75224.2232,75416.1217,73976.8827,74168.7812,21189349.0
2024-06-10,73017.383,73497.1292,72537.6367,72633.5859,14598755.0
2024-06-11,72825.4886,72921.4378,72057.8945,72153.8438,16971175.0
2024-06-12,72249.7886,73976.8752,72153.8394,73401.1797,19246725.0
2024-06-13,75224.2265,75799.9221,74648.5309,75416.125,33763804.0
2024-06-14,76471.5586,77239.1527,75799.9138,76375.6094,22926612.0
2024-06-17,75991.8248,76279.6726,74840.4335,74936.3828,16123051.0
2024-06-18,75512.0737,76951.3127,75416.1244,76567.5156,18207598.0
2024-06-19,77814.8632,79158.1531,77239.1676,77910.8125,24168863.0
2024-06-20,78198.6523,78870.2972,77910.8045,78294.6016,20288913.0
2024-06-21,77431.0668,77527.0161,76759.4219,76759.4219,17907523.0
2024-06-24,76471.5814,77622.9729,76279.6828,77335.125,15454227.0
2024-06-25,77335.1015,78486.4926,76855.3552,77527.0,19088458.0
2024-06-26,76855.3589,78102.6993,76663.4603,78006.75,17783242.0
2024-06-27,78354.6808,78643.8125,77583.6631,78643.8125,11739720.0
2024-06-28,78932.9542,78932.9542,77872.8047,78547.4453,9455929.0
2024-07-01,78547.4386,79125.702,78354.6842,78836.5703,11317202.0
2024-07-02,79511.2109,79607.5881,78547.4386,78836.5703,14471904.0
2024-07-03,79318.4564,79318.4564,78065.5525,78836.5703,11440328.0
2024-07-04,79896.7123,81631.5022,79414.8262,81535.125,43857229.0
2024-07-05,82498.8965,83944.5547,82113.3876,83944.5547,45791193.0
2024-07-08,84715.5657,85390.2062,83751.7936,84233.6797,24035809.0
2024-07-09,84619.2031,85004.712,83751.8081,84619.2031,21336201.0
2024-07-10,84426.4487,84811.9576,83944.5626,84619.2031,17813847.0
2024-07-11,85293.8403,85582.972,83559.0503,84426.4453,24677608.0
2024-07-12,82788.0413,82980.7957,81053.2511,81342.3828,26344386.0
2024-07-15,81631.5178,84137.3259,81053.2544,83559.0625,25193080.0
2024-07-16,83751.8103,84811.9598,83559.0559,84522.8281,16166688.0
2024-07-17,83944.5714,84811.9666,83269.9308,83559.0625,18186490.0
2024-07-18,80764.1033,83751.7969,80764.1033,83751.7969,24721790.0
2024-07-19,82498.9096,82980.7957,81053.2511,81342.3828,18569122.0
2024-07-22,81342.3748,81824.261,79607.5849,79993.0938,18987560.0
2024-07-23,81149.6239,81631.51,80378.6061,80860.4922,15766389.0
2024-07-24,79896.7153,80282.2242,78932.9431,79029.3203,16939083.0
2024-07-25,77487.2891,78065.5524,77198.1574,77487.2891,20323811.0
2024-07-26,77776.4096,78354.6729,77487.278,77969.1641,14508334.0
2024-07-29,78643.8136,79029.3225,78161.9275,78258.3047,12797136.0
2024-07-30,77487.2913,78065.5547,77101.7824,78065.5547,13169636.0
2024-07-31,78258.3071,80860.4922,77969.1754,80860.4922,20744323.0
2024-08-01,82884.4081,82980.7853,80089.4688,80089.4688,20900338.0
2024-08-02,78065.5387,78451.0476,76619.8806,76716.2578,25800275.0
2024-08-05,73921.3287,74114.0831,67656.8093,68813.3359,54608790.0
2024-08-06,72186.5457,72572.0546,69680.7377,69873.4922,47295226.0
2024-08-07,70355.3686,73246.6851,70162.6141,71993.7812,32710428.0
2024-08-08,70548.1206,71222.7611,69873.4801,70740.875,28414729.0
2024-08-09,72957.5534,73053.9306,71511.8952,71993.7812,16388222.0
2024-08-12,72475.6575,73150.2979,72090.1486,72764.7891,9839259.0
2024-08-13,73728.5792,73824.9565,72764.8069,73343.0703,10716261.0
2024-08-14,74595.9654,74981.4742,74210.4565,74403.2109,13246168.0
2024-08-16,76523.5212,77294.5391,75848.8806,77294.5391,22061478.0
2024-08-19,77198.1492,77198.1492,75174.2277,75463.3594,14146565.0
2024-08-20,76619.8962,76909.0279,75848.8784,76041.6328,10683836.0
2024-08-21,75077.8505,75752.491,74981.4733,75463.3594,7805598.0
2024-08-22,75848.8682,76041.6227,74981.4733,75463.3594,8149101.0
2024-08-23,74885.0938,75559.7342,74692.3393,74885.0938,9420306.0
2024-08-26,75270.6149,75366.9921,73246.6931,73343.0703,15655938.0
2024-08-27,72957.5603,73728.5781,72861.183,73053.9375,11130145.0
2024-08-28,73053.9397,73632.2031,72668.4308,73632.2031,9794514.0
2024-08-29,70933.6318,71993.7811,70837.2545,71319.1406,16884479.0
2024-08-30,71704.6585,72282.9219,71415.5268,71608.2812,16358520.0
2024-09-02,71801.0335,71993.7879,70837.2612,71704.6562,12641376.0
2024-09-03,71415.5279,71608.2823,69873.4922,69873.4922,16314599.0
2024-09-04,67271.3002,68524.2041,67271.3002,67464.0547,27366563.0
2024-09-05,67560.4386,68620.5881,66500.2891,66500.2891,25686769.0
2024-09-06,66596.6529,67174.9161,65536.5035,66403.8984,19022299.0
2024-09-09,64476.3694,65729.2734,64187.2377,65054.6328,23263298.0
2024-09-10,64572.7325,64861.8642,63608.9604,63801.7148,30651376.0
2024-09-11,62741.5708,63127.0797,61874.1759,62548.8164,35809707.0
2024-09-12,63608.9621,64187.2254,62837.9444,63898.0938,35884106.0
2024-09-13,62645.193,63127.0791,61970.5525,62066.9297,25045135.0
2024-09-19,61681.4223,62066.9312,59946.6323,60814.0273,49402713.0
2024-09-20,61488.6662,62356.0612,60717.6484,60717.6484,32746056.0
2024-09-23,60043.009,61199.5356,59946.6317,60332.1406,28542376.0
2024-09-24,60524.8973,61103.1607,60139.3884,60910.4062,26957500.0
2024-09-25,61488.6644,61874.1732,59946.6289,59946.6289,28652438.0
2024-09-26,61585.0447,62548.8169,61392.2903,62356.0625,37566015.0
2024-09-27,62705.9376,63384.3635,62221.3477,62221.3477,28433030.0
2024-09-30,62221.3441,62318.2621,59604.5586,59604.5586,32694163.0
2024-10-02,58635.3827,59992.2345,58053.8747,59410.7266,28473536.0
2024-10-04,59119.9649,59798.3907,58635.375,58732.293,24247578.0
2024-10-07,58344.6288,59992.2345,57666.2028,59119.9727,35066533.0
2024-10-08,58150.7929,59119.9728,58053.8749,58441.5469,27411786.0
2024-10-10,58247.7072,58344.6252,57084.6914,57084.6914,45262214.0
2024-10-11,57278.5312,58247.7111,57181.6132,57472.3672,29623969.0
2024-10-14,57666.2032,59313.809,57569.2852,57472.3672,20886249.0
2024-10-15,59216.8906,59507.6446,58247.7108,59119.9727,22715239.0
2024-10-16,57569.2812,58150.7891,57375.4453,57666.1992,23303268.0
2024-10-17,57569.2851,58247.711,57278.5311,57860.0391,23372873.0
2024-10-18,58053.8712,58247.7072,57278.5273,57375.4453,14420260.0
2024-10-21,57181.6094,57763.1173,56697.0195,57181.6094,18514905.0
2024-10-22,56987.7736,57084.6916,55921.6758,55921.6758,27582527.0
2024-10-23,55727.8472,58150.7971,55340.1753,57278.5352,27300780.0
2024-10-24,56406.2618,56697.0158,54855.5742,54855.5742,31499922.0
2024-10-25,54274.0742,55146.3361,54080.2383,54177.1562,25829315.0
2024-10-28,53983.3161,56697.0196,53983.3161,56309.3477,27775009.0
2024-10-29,56212.4333,57763.1211,55534.0074,57763.1211,28369314.0
2024-10-30,57278.5352,57956.9611,56793.9452,57278.5352,19838511.0
2024-10-31,56697.0194,59313.805,56503.1835,57375.4453,35809196.0
2024-11-01,57181.6095,57763.1174,56309.3476,56503.1836,19083180.0
2024-11-04,56793.9336,57569.2774,56600.0976,56890.8516,15586947.0
2024-11-05,56018.5938,56309.3477,55437.0859,55824.7578,17484474.0
2024-11-06,55824.7579,56212.4298,54564.8241,55534.0039,22092218.0
2024-11-07,55146.332,56309.3478,55049.414,55534.0039,17043102.0
2024-11-08,56212.4338,56503.1878,55243.2539,55243.2539,13877396.0
2024-11-11,54952.4963,55049.4143,53304.8906,53304.8906,29811326.0
2024-11-12,52917.219,52917.219,51366.5312,51366.5312,37962881.0
2024-11-13,50397.3558,51366.5357,48943.5859,49040.5039,52527995.0
2024-11-14,48652.8242,50203.5119,48362.0703,48362.0703,48510715.0
2024-11-15,48749.742,52529.543,48749.742,51851.1172,46774485.0
2024-11-18,55243.254,55727.8439,54177.1561,54952.5,48095234.0
2024-11-19,54758.6602,55727.84,54177.1523,54564.8242,31539632.0
2024-11-20,54370.9924,54758.6643,53111.0585,53595.6484,20864667.0
2024-11-21,53207.9724,55146.3321,53014.1365,54661.7422,19096850.0
2024-11-22,54274.0703,54952.4962,54177.1523,54274.0703,15281543.0
2024-11-25,55630.9218,56115.5117,54952.4959,56115.5117,36237325.0
2024-11-26,56115.5117,57084.6915,55727.8397,56503.1836,23209405.0
2024-11-27,55921.676,56018.594,54274.0703,54564.8242,21808387.0
2024-11-28,54274.0704,54661.7423,53498.7265,53789.4805,20001134.0
2024-11-29,53401.8127,53595.6487,52141.8788,52529.5508,24513531.0
2024-12-02,52626.4649,52723.3829,51463.4491,51948.0391,22044867.0
2024-12-03,51463.4491,52723.3829,51463.4491,51948.0391,23374603.0
2024-12-04,50397.3514,51754.2032,50397.3514,51463.4492,29004766.0
2024-12-05,51560.3671,52723.3829,51560.3671,52044.957,23588277.0
2024-12-06,52238.789,52723.3789,51075.7733,52432.625,22861874.0
2024-12-09,51851.1289,52917.2269,51560.3749,51754.2109,26227680.0
2024-12-10,52820.3048,52820.3048,52044.9609,52335.7148,20783970.0
2024-12-11,51948.0429,52529.5508,51754.2069,52335.7148,14565947.0
2024-12-12,52335.7144,54758.6642,52238.7965,54177.1562,33476698.0
2024-12-13,54080.2343,54564.8242,53789.4804,54370.9883,15908823.0
2024-12-16,54564.8243,54855.5783,53498.7265,53886.3984,15277277.0
2024-12-17,53014.1407,53498.7307,52335.7148,52529.5508,20215230.0
2024-12-18,52432.6288,53692.5626,52335.7108,53207.9727,13698937.0
2024-12-19,51851.1212,52141.8751,51463.4492,51463.4492,22481925.0
2024-12-20,51075.7773,51463.4492,50300.4334,51366.5312,24674774.0
2024-12-23,51754.1992,52335.7071,51657.2812,51851.1172,13672650.0
2024-12-24,52044.9569,52820.3008,51948.0389,52723.3828,11634677.0
2024-12-26,52820.3009,52917.2189,51851.1211,51948.0391,10517075.0
2024-12-27,52204.6744,52790.1474,51911.9379,52399.832,10747196.0
2024-12-30,52009.5124,52692.5642,51814.3548,51911.9336,12624702.0
2025-01-02,51424.0458,52302.2553,51033.7305,52107.0977,16630538.0
2025-01-03,51521.6178,53765.9307,51521.6178,53082.8789,19318046.0
2025-01-06,53082.8839,54839.3029,52985.3051,54546.5664,19034284.0
2025-01-07,55424.7715,55912.6656,54058.668,54058.668,17030235.0
2025-01-08,53473.201,56107.8295,53375.6222,55912.6719,26593553.0
2025-01-09,56205.4011,56302.9799,54741.7188,54741.7188,24490592.0
2025-01-10,54741.7244,55132.0397,53863.5149,53961.0938,16059223.0
2025-01-13,53278.0387,53668.354,52790.1445,52790.1445,16868600.0
2025-01-14,52887.7248,53278.0401,52399.8306,52594.9883,17465926.0
2025-01-15,52790.1474,53375.6203,52204.6744,52399.832,18625025.0
2025-01-16,52887.7259,53668.3565,52790.147,52985.3047,18627298.0
2025-01-17,52497.4109,52790.1474,51911.9379,52399.832,18805344.0
2025-01-20,52302.2553,52594.9918,52009.5188,52107.0977,11822531.0
2025-01-21,52399.8295,52985.3025,52009.5142,52204.6719,13535702.0
2025-01-22,52107.0952,53082.8835,51814.3587,52985.3047,18341991.0
2025-01-23,52399.832,52790.1474,52204.6744,52399.832,15588067.0
2025-01-24,52302.2532,52497.4109,51911.9379,52399.832,11867631.0
2025-01-31,50936.147,51716.7776,50448.2529,51131.3047,42186279.0
2025-02-03,49862.778,50155.5145,49570.0416,49765.1992,32344897.0
2025-02-04,50350.6758,52302.2524,50253.097,51424.043,27214851.0
2025-02-05,52302.255,52497.4126,51521.6243,51619.2031,15974885.0
2025-02-06,52107.0973,52692.5703,51911.9396,52692.5703,16466025.0
2025-02-07,52594.9897,52887.7262,52302.2532,52399.832,14476866.0
2025-02-10,51716.7749,54546.5607,51619.1961,54253.8242,27577591.0
2025-02-11,54156.2486,54936.8792,53668.3545,54351.4062,24596196.0
2025-02-12,53765.9326,54546.5632,53180.4596,54448.9844,26428596.0
2025-02-13,54741.7209,55034.4573,54253.8267,54448.9844,22448377.0
2025-02-14,54644.1445,55912.6693,54644.1445,54644.1445,23979779.0
2025-02-17,54741.7234,55132.0387,54351.408,54644.1445,11916027.0
2025-02-18,54839.2998,55815.088,54546.5633,55522.3516,22131007.0
2025-02-19,56010.2448,57473.9272,55912.666,57278.7695,25395151.0
2025-02-20,57669.083,57669.083,56693.2948,56986.0312,21589059.0
2025-02-21,56986.0366,57083.6154,55717.5118,56790.8789,22198428.0
2025-02-24,55912.6719,56302.9872,55815.093,55912.6719,14138471.0
2025-02-25,55229.6207,56400.5668,55132.0419,55815.0938,14625181.0
2025-02-26,55619.9286,55717.5074,54741.7192,55229.6133,18117091.0
2025-02-27,55132.0366,55717.5095,54839.3001,54936.8789,14975356.0
2025-02-28,54058.6704,54351.4069,53180.4609,53180.4609,28036698.0
2025-03-04,52594.988,53668.3551,52497.4091,53180.4609,18553933.0
2025-03-05,53765.9375,54058.674,52692.5703,52692.5703,16578817.0
2025-03-06,52790.147,53180.4623,52692.5682,52985.3047,12258101.0
2025-03-07,52204.6744,52887.7262,52107.0955,52399.832,14274992.0
2025-03-10,52204.6744,53473.1992,52204.6744,52399.832,12921670.0
2025-03-11,51228.8829,52790.1441,51228.8829,52302.25,17740891.0
2025-03-12,52497.4102,53961.0927,52302.2526,53570.7773,17973221.0
2025-03-13,54448.9922,54546.5711,52887.7308,53375.625,24132151.0
2025-03-14,53180.4673,53765.9404,53082.8885,53375.625,10845154.0
2025-03-17,54156.2508,56400.5639,54058.672,56205.4062,35559021.0
2025-03-18,57376.3522,57571.5099,55912.6698,56205.4062,28138594.0
2025-03-19,56010.2462,57766.6651,56010.2462,57083.6133,29421759.0
2025-03-20,57766.6649,58840.032,57083.6131,58742.4531,34989004.0
2025-03-21,59425.5061,60206.1367,58937.612,60206.1367,40155612.0
2025-03-24,59718.2393,60108.5545,59035.1875,59035.1875,14088094.0
2025-03-25,59425.5078,59620.6654,58059.4041,58352.1406,17259455.0
2025-03-26,58352.141,59913.4023,58254.5622,59913.4023,16431645.0
2025-03-27,59425.5054,60498.8725,59327.9266,60303.7148,20389790.0
2025-03-28,59582.2499,59974.8841,58895.1399,59091.457,16282514.0
2025-03-31,58404.352,58600.6692,56735.6562,56735.6562,17633494.0
2025-04-01,57619.0797,58502.5068,56833.8112,57717.2383,13841706.0
2025-04-02,57717.2383,58306.1897,57226.4454,57717.2383,14402297.0
2025-04-03,55852.226,56735.6531,55852.226,56539.3359,19508076.0
2025-04-04,55165.1117,57128.2829,54674.3189,55066.9531,23527139.0
2025-04-07,52318.514,53103.7825,52122.1969,52220.3555,31998883.0
2025-04-08,53987.2105,54281.6862,52318.5149,52514.832,25532845.0
2025-04-09,52318.5148,53300.1004,51925.8805,52024.0391,20576960.0
2025-04-10,55557.7468,55655.9054,53987.2098,55361.4297,22948172.0
2025-04-11,54576.1655,54674.3241,53790.897,54183.5312,13930480.0
2025-04-14,55263.2758,55655.91,54772.4829,55165.1172,12852613.0
2025-04-15,55263.2743,56048.5428,55165.1157,55557.75,8998640.0
2025-04-16,54968.7997,55165.1168,53496.4211,53692.7383,14437025.0
2025-04-17,53692.7329,54281.6843,53496.4158,54085.3672,10867069.0
2025-04-18,54281.6914,54576.1671,53889.0571,54281.6914,5848342.0
2025-04-21,54183.5266,54968.7951,54085.3681,54379.8438,5941847.0
2025-04-22,53889.0524,54478.0038,53692.7352,53987.2109,9532469.0
2025-04-23,54968.796,55066.9546,54478.0032,54674.3203,11148692.0
2025-04-24,54576.1617,54772.4789,54183.5275,54674.3203,10580377.0
2025-04-25,55361.4303,55361.4303,54576.1617,54674.3203,12183303.0
2025-04-28,54772.4766,54870.6351,54478.0009,54772.4766,9341518.0
2025-04-29,54674.318,55459.5865,54576.1594,54772.4766,10295518.0
2025-04-30,54870.6421,54968.8007,54281.6907,54478.0078,13014189.0
2025-05-02,53987.2115,54478.0044,53201.943,53300.1016,22454204.0
2025-05-07,53496.4235,53987.2163,53300.1063,53594.582,17136991.0
2025-05-08,54085.3749,54478.0092,53496.4235,53594.582,16320532.0
2025-05-09,53692.736,53987.2117,53398.2603,53790.8945,7814322.0
2025-05-12,54183.5303,56539.3359,53987.2131,56539.3359,15414702.0
2025-05-13,56637.4951,57128.288,55754.068,55852.2266,16842801.0
2025-05-14,56441.1742,56833.8084,55950.3814,56343.0156,12468089.0
2025-05-15,56343.0219,57520.9248,56048.5461,56244.8633,13139736.0
2025-05-16,56343.0139,56441.1724,55655.9039,55754.0625,10385352.0
2025-05-19,55361.4279,55361.4279,54478.0009,54772.4766,9802105.0
2025-05-20,55165.1203,55655.9131,54674.3274,54870.6445,9080577.0
2025-05-21,55165.1131,55557.7474,54674.3203,54674.3203,7794181.0
2025-05-22,54281.6897,54478.0068,53496.4211,53692.7383,15254278.0
2025-05-23,53987.2139,54183.531,53103.7867,53201.9453,11247115.0
2025-05-26,52907.4697,53987.214,52711.1526,53692.7383,10901337.0
2025-05-27,53201.9445,53496.4202,52809.3102,52907.4688,13439520.0
2025-05-28,53300.1073,55066.9617,53201.9487,54870.6445,17516283.0
2025-05-29,55165.1117,55361.4288,54576.1603,55066.9531,12936810.0
2025-05-30,55165.1172,56146.7029,54772.4829,55165.1172,26219683.0
2025-06-02,55263.2697,56244.8553,55165.1111,55754.0625,12870515.0
2025-06-04,56146.7048,56833.8148,55754.0705,56735.6562,19649983.0
2025-06-05,57030.1291,58796.9834,56833.812,58011.7148,23266027.0
2025-06-09,59287.7756,59287.7756,58404.3485,58698.8242,19609659.0
2025-06-10,58895.1396,58993.2982,57717.2368,58109.8711,15305760.0
2025-06-11,58404.3462,58993.2976,58306.1876,58796.9805,13610734.0
2025-06-12,58600.6648,58895.1405,58208.0305,58404.3477,17755115.0
2025-06-13,59091.4621,59091.4621,56637.4978,57226.4492,20705979.0
2025-06-16,56931.9717,57030.1303,55852.2274,56146.7031,22200872.0
2025-06-17,56735.6493,58698.8206,56343.0151,57030.125,28637003.0
2025-06-18,56931.97,58698.8242,56833.8114,58698.8242,17620705.0
2025-06-19,59385.9325,59484.091,57913.554,58109.8711,16876278.0
2025-06-20,58306.1891,58698.8234,58011.7134,58404.3477,18072251.0
2025-06-23,57324.603,57422.7616,56539.3345,56931.9688,16551694.0
2025-06-24,58306.1893,59484.0922,58208.0308,59385.9336,23737899.0
2025-06-25,60367.5163,60465.6749,59189.6136,60171.1992,23933612.0
2025-06-26,60171.2013,60171.2013,58796.9813,59091.457,19402300.0
2025-06-27,59355.1481,60836.5578,59256.3875,60046.4727,17340470.0
2025-06-30,60441.5163,60441.5163,59058.8672,59058.8672,17110294.0
2025-07-01,59651.4315,60342.756,59453.9102,59453.9102,13650991.0
2025-07-02,59453.9088,60145.2333,59058.8662,60046.4727,15047951.0
2025-07-03,60540.2768,63009.293,60342.7555,63009.293,32040639.0
2025-07-04,63898.1373,63898.1373,62219.2063,62515.4883,23748959.0
2025-07-07,62120.4481,62515.4907,60935.3203,60935.3203,17164708.0
2025-07-08,60836.5604,61626.6456,60243.9965,60639.0391,20213724.0
2025-07-09,60639.0361,60639.0361,59453.9084,59651.4297,17533415.0
2025-07-10,59848.9535,60441.5174,59651.4322,60243.9961,14768473.0
2025-07-11,60540.2795,62021.6893,60441.5188,61824.168,19140650.0
2025-07-14,61527.8811,61824.163,61034.0778,61725.4023,13563846.0
2025-07-15,61527.886,63009.2958,61231.6041,62910.5352,18442202.0
2025-07-16,62910.5341,63898.1406,62317.9702,63898.1406,23042660.0
2025-07-17,65083.2664,65972.1122,63601.8567,65873.3516,39448683.0
2025-07-18,66169.6378,66959.723,65478.3132,66268.3984,23951531.0
2025-07-21,66564.6762,67947.3252,66367.1549,66959.7188,17723148.0
2025-07-22,67256.005,67651.0476,64786.9886,65182.0312,20829006.0
2025-07-23,65379.549,65675.831,64095.6606,65577.0703,15687058.0
2025-07-24,65675.8345,65972.1165,65083.2706,65182.0312,12660193.0
2025-07-25,64885.7482,65478.3121,64688.2269,65083.2695,8080910.0
2025-07-28,67354.7581,69527.4922,66367.1516,69527.4922,35332500.0
2025-07-29,69922.5369,69922.5369,67947.324,69725.0156,28190940.0
2025-07-30,70120.0639,72786.6016,69725.0213,71700.2344,34761444.0
2025-07-31,72095.2719,73082.8784,70120.059,70515.1016,26568072.0
2025-08-01,69329.9664,71107.6578,67947.3175,68046.0781,24038534.0
2025-08-04,68638.6584,69329.983,67848.5731,68836.1797,14780072.0
2025-08-05,70120.0625,70613.8657,68836.174,69033.6953,14392903.0
2025-08-06,68342.3629,68539.8842,67453.5171,67947.3203,12542415.0
2025-08-07,69922.5319,70120.0532,68836.1649,69626.25,15008213.0
2025-08-08,70120.0632,71502.7124,69823.7813,70910.1484,22241128.0
2025-08-11,71107.669,71206.4297,69922.5412,70120.0625,11354253.0
2025-08-12,70218.8281,71502.7167,70218.8281,70218.8281,15797656.0
2025-08-13,71008.8984,71206.4197,70515.0952,71008.8984,12305742.0
2025-08-14,71008.9069,71008.9069,70317.5824,70712.625,11946122.0
2025-08-18,70218.8202,70317.5809,69132.4531,69132.4531,13595591.0
2025-08-19,69527.4957,69823.7777,68836.1712,69132.4531,10533082.0
2025-08-20,69231.2074,69823.7713,68539.883,69626.25,17445516.0
2025-08-21,70613.8614,71008.904,69725.0156,69725.0156,18843833.0
2025-08-22,70811.3835,70910.1441,69922.5377,70515.1016,9277432.0
2025-08-25,70811.3807,70910.1413,70120.0562,70613.8594,10345178.0
2025-08-26,69922.5376,70218.8195,69428.7344,69428.7344,14712519.0
2025-08-27,69231.2124,70021.2976,68934.9305,69725.0156,10523405.0
2025-08-28,69231.2173,69527.4993,68737.4141,68737.4141,11578024.0
2025-08-29,69231.2223,69626.265,68836.1797,68836.1797,11682267.0
2025-09-01,67552.2884,67749.8097,66663.4425,66762.2031,12002343.0
2025-09-02,66959.7209,68638.652,66959.7209,68243.6094,10604028.0
2025-09-03,68342.3658,68934.9297,67947.3232,68934.9297,10283009.0
2025-09-04,68638.6471,69231.2109,68441.1258,69231.2109,12284414.0
2025-09-05,69428.7336,69527.4942,68638.6484,68638.6484,11526724.0
2025-09-08,68934.929,69626.2535,68737.4077,69231.2109,9263135.0
2025-09-09,69231.2104,70613.8594,69132.4497,70613.8594,14870245.0
2025-09-10,70910.1491,71897.7557,70712.6278,71700.2344,21928565.0
2025-09-11,72292.7912,72687.8338,71206.4241,72490.3125,20793501.0
2025-09-12,73675.446,74663.0526,73280.4034,74465.5312,28219678.0
2025-09-15,76243.2151,76638.2577,74959.3268,75551.8906,19908805.0
2025-09-16,75946.9445,78514.7216,75749.4232,78415.9609,28218265.0
2025-09-17,78119.6661,78119.6661,76144.4533,77230.8203,20856317.0
2025-09-18,78119.6692,79502.3182,77625.8659,79304.7969,25619035.0
2025-09-22,80489.9277,82958.9439,80094.8851,82465.1406,27529656.0
2025-09-23,84736.6406,84835.4013,82563.9062,83650.2734,23610263.0
2025-09-24,83156.466,84440.3544,82662.6627,84341.5938,18300997.0
2025-09-25,83353.9908,85131.6825,83057.7088,85032.9219,19665151.0
2025-09-26,83946.5482,84242.8301,81378.7714,82267.6172,24071193.0
2025-09-29,82634.6651,84321.0868,82535.4638,83527.4766,13069094.0
2025-09-30,83924.284,84221.8878,82733.8686,83229.875,16319061.0
2025-10-01,84221.8875,85511.5041,84023.4849,85313.1016,22039361.0
2025-10-02,88586.7427,89578.7555,87991.535,89033.1484,49883028.0
2025-10-10,93249.2027,93745.2091,91959.5861,93646.0078,35269748.0
2025-10-13,90570.7712,92653.9982,89975.5635,92554.7969,23883308.0
2025-10-14,94538.8225,95233.2314,89479.557,90868.375,35545235.0
2025-10-15,91562.7841,94538.8226,91364.3815,94241.2188,21050111.0
2025-10-16,94538.8254,96919.6562,94241.2215,96919.6562,28141060.0
2025-10-17,96423.6535,98308.478,95927.647,97118.0625,22730809.0
2025-10-20,97118.0584,97514.8635,95233.2339,97316.4609,17589756.0
2025-10-21,97713.2628,99102.0808,96522.8474,96721.25,22803830.0
2025-10-22,96324.4418,97812.4609,94737.2213,97812.4609,15937611.0
2025-10-23,96026.846,97713.2679,95530.8396,95729.2422,18488581.0
2025-10-24,97118.0556,98209.2698,96919.6531,98010.8672,18801925.0
2025-10-27,100490.8957,101185.3047,99796.4868,101185.3047,22169970.0
2025-10-28,100094.0993,100193.3006,98308.4761,98705.2812,20002282.0
2025-10-29,99399.6852,100193.2955,98308.4711,99697.2891,20899788.0
2025-10-30,101582.1095,104954.953,101185.3044,103268.5312,34570017.0
2025-10-31,104161.343,107732.5891,102474.9213,106641.375,54824564.0
2025-11-03,106046.1636,110609.4223,105649.3585,110212.6172,30110066.0
2025-11-04,110907.0288,111502.2365,104062.1406,104062.1406,30450281.0
2025-11-05,100193.2973,101185.3102,95927.6421,99796.4922,44843020.0
2025-11-06,102871.7296,102970.9309,98010.8667,98407.6719,28655689.0
2025-11-07,95630.0432,99498.8934,95530.8419,97118.0625,22908083.0
2025-11-10,97812.4665,100193.2973,97118.0575,99796.4922,23842327.0
2025-11-11,102871.7229,105153.3522,101185.3012,102673.3203,27742542.0
2025-11-12,102177.3143,103070.1258,100788.4965,102276.5156,19413497.0
2025-11-13,101681.3102,103367.732,101482.9077,101978.9141,20838741.0
2025-11-14,98209.2716,98804.4793,96423.6484,96423.6484,21806342.0
2025-11-17,99002.8819,100193.2973,98705.2781,99796.4922,17192584.0
2025-11-18,99002.8851,100094.0993,96721.2555,97018.8594,18684068.0
2025-11-19,96324.4499,96721.2551,93844.4177,95729.2422,18993346.0
2025-11-20,100094.096,102078.1217,98705.2781,99796.4922,25360435.0
2025-11-21,94836.4227,96026.8381,93745.2087,94042.8125,23103574.0
2025-11-24,97018.8547,98209.2701,95431.6342,95927.6406,29831172.0
2025-11-25,100590.102,100590.102,97018.8557,98506.875,16110054.0
2025-11-26,99697.2847,102078.1153,98506.8693,101978.9141,21314975.0
2025-11-27,103268.528,104657.3458,101879.7101,102673.3203,16453004.0
2025-11-28,102970.9314,102970.9314,99697.2891,99697.2891,15292277.0
2025-12-01,101185.3139,101978.9242,99102.0868,99994.8984,10905526.0
2025-12-02,100391.6892,102673.3185,100193.2866,102574.1172,13649487.0
2025-12-03,103863.7385,104657.3487,103169.3295,103665.3359,14697927.0
2025-12-04,103070.1238,104260.5391,102375.7149,104260.5391,11931145.0
2025-12-05,104458.9478,107534.1875,103764.5389,107534.1875,19755571.0
2025-12-08,108823.801,109121.4048,107137.3793,108625.3984,15527762.0
2025-12-09,108030.1939,108526.2003,106442.9734,107534.1875,13671800.0
2025-12-10,107434.9867,108923.0059,106542.1751,107137.3828,12365092.0
2025-12-11,108327.793,109617.4096,106442.9688,106442.9688,22994507.0
2025-12-12,106244.5646,108030.1875,105946.9607,108030.1875,14210314.0
2025-12-15,104458.9439,104954.9503,103764.5349,103962.9375,20594654.0
2025-12-16,104062.1409,104756.5499,101879.7128,101978.9141,18852079.0
2025-12-17,102673.3159,107236.5744,102574.1147,107038.1719,22297611.0
2025-12-18,105550.155,107335.778,104855.7461,106740.5703,20445631.0
2025-12-19,108823.7964,108823.7964,105351.7519,105450.9531,25917098.0
2025-12-22,108823.8038,109617.4141,108426.9987,109617.4141,24859171.0
2025-12-23,110014.2142,111601.4346,109518.2078,110609.4219,20419187.0
2025-12-24,111502.2338,111502.2338,110014.2146,110212.6172,12492939.0
2025-12-26,111502.241,116065.5,111502.241,116065.5,34018174.0
2025-12-29,119022.1212,119321.1717,117825.9189,119121.8047,19676004.0
2025-12-30,118723.0632,120816.4169,118324.3291,119520.5312,19746349.0
2026-01-02,119819.581,128093.3125,119819.581,128093.3125,30463279.0
2026-01-05,134174.0144,138161.3551,133177.1792,137662.9375,42863376.0
2026-01-06,134871.7844,138859.1247,132280.0132,138460.3906,45321341.0
2026-01-07,143045.8537,143943.0054,137164.5259,140553.7656,46317413.0
2026-01-08,137862.2856,144042.6628,137862.2856,138360.7031,41449329.0
2026-01-09,135569.5728,140254.6978,134772.1048,138560.0781,29520566.0
2026-01-12,140553.7402,141550.5752,136466.7166,138360.7031,26271134.0
2026-01-13,139357.5529,139756.287,136466.731,137164.5156,22384699.0
2026-01-14,136566.4128,139855.9688,136367.0458,139855.9688,18444394.0
2026-01-15,138560.0859,143544.2616,137862.3013,143444.5781,24701126.0
2026-01-16,144840.1436,149026.8511,143843.3084,148428.75,30000219.0
2026-01-19,146734.1306,150123.37,146136.0295,148827.4844,22762497.0
2026-01-20,148030.0089,148827.4769,143444.5675,144740.4531,24059218.0
2026-01-21,141450.912,149325.9099,141351.2285,149026.8594,31703610.0
2026-01-22,154509.455,156503.1254,150322.7472,151818.0,32073624.0
2026-01-23,154210.3964,155506.2821,149624.9547,151618.625,25407497.0
2026-01-26,154409.7634,155905.0161,151020.5239,151618.625,20561689.0
2026-01-27,150023.687,158995.2031,148727.8013,158995.2031,29423670.0
2026-01-28,162085.3983,162783.1829,159692.9939,161886.0312,29456431.0
2026-01-29,165673.9995,166072.7335,156602.7998,160191.4062,36087223.0
2026-01-30,159593.3128,165973.058,159593.3128,159992.0469,40557267.0
2026-02-02,155207.2261,159094.883,149924.0,149924.0,39748369.0
2026-02-03,157400.2583,166969.875,156702.4737,166969.875,36529813.0
2026-02-04,162982.5511,168863.8787,162583.8171,168564.8281,29943042.0
2026-02-05,161487.2828,163480.953,157998.3601,158795.8281,38435228.0
2026-02-06,153612.2889,159792.6665,151120.2012,158098.0469,36358081.0
2026-02-09,168066.3966,168166.0801,164477.7902,165873.3594,25098971.0
2026-02-10,166870.2018,167567.9864,164976.2151,165275.2656,19369566.0
2026-02-11,163480.9639,168066.4056,161487.2937,167268.9375,22760242.0
2026-02-12,170658.1702,179031.5851,169561.6516,178034.75,41296011.0
2026-02-13,178931.896,183816.3879,178333.795,180626.5156,34454192.0
2026-02-19,187405.0016,190295.8235,186507.85,189398.6719,27049388.0
2026-02-20,189398.6759,189697.7264,188003.1067,189498.3594,24213880.0
2026-02-23,193784.741,196974.6133,189897.0842,192389.1719,26364684.0
2026-02-24,192389.1701,199367.0156,191392.335,199367.0156,28060617.0
2026-02-25,201859.1024,205348.0252,200363.8498,202855.9375,26987996.0
2026-02-26,205846.4583,218306.8976,205348.0407,217310.0625,30095763.0
2026-02-27,209335.3839,222294.2411,209335.3839,215814.8125,51774768.0
2026-03-03,208836.9569,211827.4623,194482.5312,194482.5312,54879010.0
2026-03-04,183617.0209,195279.9913,171355.9495,171655.0,89427954.0
2026-03-05,194382.8488,199067.9739,187504.6864,190993.6094,53959129.0
2026-03-06,185511.0212,189099.6277,180427.1619,187604.375,29522650.0
2026-03-09,172950.8906,174944.5608,166770.513,172950.8906,43066020.0
2026-03-10,187006.2776,190893.9347,183716.7215,187305.3281,33530170.0
2026-03-11,192389.1772,194183.4804,187105.9511,189398.6719,24311356.0
2026-03-12,186009.4424,189398.682,185311.6578,187305.3281,20440753.0
2026-03-13,179430.3116,185610.689,179330.6281,182919.2344,19566331.0
2026-03-16,184015.7727,188401.8474,183018.9375,188102.7969,19747901.0
2026-03-17,197373.3521,197373.3521,192488.86,193286.3281,20300082.0
2026-03-18,199865.4289,208338.5269,199067.9609,207840.1094,25148481.0
2026-03-19,199267.3364,204351.1954,198968.2859,199865.4375,19884483.0
2026-03-20,201360.6932,201859.1107,198370.1878,198768.9219,35279762.0
2026-03-23,189897.0823,190594.8669,185710.375,185710.375,30268173.0
2026-03-24,194881.2688,195379.6863,184912.9174,189099.625,25458914.0
2026-03-25,193086.953,195778.4076,188401.8281,188401.8281,22995904.0
2026-03-26,184912.9256,185311.6597,178333.8134,179530.0156,32074131.0
2026-03-27,171555.3342,181124.9519,171455.6507,179530.0156,29138966.0
2026-03-30,170811.6199,176455.3957,170412.0606,176105.7812,22269147.0
2026-03-31,169812.728,174507.5505,166816.0328,167015.8125,38659593.0
2026-04-01,178802.8104,190589.8113,177803.912,189441.0781,32390251.0
2026-04-02,192387.8256,193386.7239,174807.2143,178203.4688,38615231.0
2026-04-03,183997.0783,186993.7734,182498.7307,185994.875,20194447.0
2026-04-06,190689.7048,194385.6289,189890.586,192887.2812,20635958.0
2026-04-07,201777.4723,202276.9215,192188.0479,196283.5312,30848053.0
2026-04-08,213764.2537,214263.7029,207271.4142,210268.1094,35890973.0
2026-04-09,206771.9607,207271.4099,201777.4689,203775.2656,42320839.0
2026-04-10,208270.3084,210767.5543,205273.6133,205773.0625,18244459.0
2026-04-13,197981.6626,202776.3749,197981.6626,200778.5781,19603415.0
2026-04-14,207770.8632,209768.66,205273.6172,206272.5156,23672078.0
2026-04-15,214763.1561,215262.6053,209768.6641,210767.5625,24092884.0
2026-04-16,211766.4649,217759.8555,210268.1173,217260.4062,21499788.0
2026-04-17,216760.9452,217759.8436,214763.1485,215762.0469,18079322.0
2026-04-20,214263.7031,218758.7458,212765.3556,214263.7031,17107741.0
2026-04-21,217759.8516,219757.6484,215762.0548,218758.75,16752132.0
2026-04-22,218259.3047,222254.8983,215262.6094,217260.4062,16823480.0
2026-04-23,222754.3399,229247.1794,215762.0512,224252.6875,34525485.0
2026-04-24,223753.246,224752.1444,216261.5079,219258.2031,19626666.0
2026-04-27,219757.6448,225751.0351,218259.2972,224252.6875,22870374.0
2026-04-28,223753.2342,225751.031,221255.9883,221755.4375,18444490.0
2026-04-29,219258.1919,227748.828,218259.2935,225751.0312,20363756.0
2026-04-30,228747.73,229746.6284,220257.0938,220257.0938,22161975.0
2026-05-04,227748.8323,232243.875,223753.2387,232243.875,32920816.0
2026-05-06,253720.1882,269702.5623,250723.4931,265706.9688,53097996.0
2026-05-07,271700.3554,276694.8473,259713.575,271200.9062,41404687.0
2026-05-08,259713.5824,269702.5663,259713.5824,268204.2188,25875880.0
2026-05-11,284186.6016,288182.1953,279691.5587,285185.5,36031094.0
2026-05-12,289680.5388,291178.8864,265706.9769,278692.6562,41211149.0
2026-05-13,263709.1875,285185.5039,261711.3906,283687.1562,35540134.0
2026-05-14,281689.3594,299170.082,281689.3594,295673.9375,39314752.0
2026-05-15,290679.4159,296173.3567,265706.9575,270202.0,38075487.0
2026-05-18,269203.1064,288182.1752,261711.3688,280690.4375,33555214.0
2026-05-19,273698.1525,281189.8902,265706.9655,275196.5,30767569.0
2026-05-20,277693.7656,282188.8086,263209.7383,275695.9688,35662077.0
2026-05-21,290679.4263,299170.0625,286683.8328,299170.0625,36168689.0
2026-05-22,299669.5192,300168.9684,291678.3321,292177.7812,18395274.0
2026-05-26,297671.7266,301667.3202,297172.2774,298670.625,23441371.0
2026-05-27,321145.8395,322644.1871,305662.9141,306661.8125,33916688.0
2026-05-28,304664.0035,306162.3511,287183.282,299170.0625,30195334.0
2026-05-29,309159.0435,318648.578,305163.4501,316650.7812,37241537.0
2026-06-01,319148.0293,354109.4723,319148.0293,348615.5312,45052488.0
2026-06-02,360102.875,369592.4098,341623.2545,360102.875,44720282.0
2026-06-04,348615.5353,365596.8078,347616.6369,351112.7812,34771037.0
2026-06-05,333132.6051,342622.1396,324641.969,328637.5625,33725012.0
2026-06-08,292677.2228,315152.4362,292177.7736,295174.4688,38929682.0
2026-06-09,309658.5006,323643.078,299669.5167,321645.2812,30124249.0
2026-06-10,310657.386,314153.5302,294924.737,302166.75,1191.0
2026-06-11,290179.9885,306162.3631,287183.2933,298670.625,31420307.0
2026-06-12,325640.863,338626.5416,319647.4729,322144.7188,31006148.0
2026-06-15,342122.691,344120.4878,333632.0549,336628.75,21500067.0
2026-06-16,342622.1562,345119.4023,332133.7229,342622.1562,17548685.0
2026-06-17,331634.2551,347616.6288,331134.8059,346118.2812,18134051.0
2026-06-18,344619.9349,362600.1054,344120.4857,362100.6562,32764450.0
2026-06-19,372089.6515,374087.4483,345868.5687,353610.0312,43284898.0
2026-06-22,342622.1603,362600.1288,341623.2618,353110.5938,24330451.0
2026-06-23,347117.1895,352611.1306,309658.5,309658.5,41266630.0
2026-06-24,313654.0986,340624.3555,313654.0986,340124.9062,47809959.0
2026-06-25,359103.9609,362100.6559,351612.2232,358105.0625,36157158.0
2026-06-26,353610.0265,356107.2725,321145.8292,339126.0,39735951.0
2026-06-29,331000.0,335500.0,316000.0,323000.0,35436521.0
2026-06-30,323500.0,343000.0,321000.0,334000.0,29237216.0
2026-07-01,334500.0,339000.0,311500.0,314500.0,24968382.0
2026-07-02,290000.0,304000.0,281500.0,286000.0,38905074.0
2026-07-03,288500.0,313000.0,283500.0,309500.0,31520538.0
2026-07-06,320000.0,325000.0,303000.0,318000.0,23872879.0
2026-07-07,307000.0,310000.0,286000.0,296000.0,32421032.0
2026-07-08,285500.0,300000.0,273500.0,277500.0,33525758.0
2026-07-09,288500.0,291500.0,267500.0,278000.0,29703616.0
2026-07-10,291000.0,298000.0,282000.0,285000.0,20088811.0
2026-07-13,285000.0,292500.0,253000.0,254500.0,31882652.0
2026-07-14,255000.0,270000.0,247000.0,263000.0,40086496.0
2026-07-15,283500.0,284500.0,273000.0,279500.0,24873414.0
2026-07-16,264500.0,265500.0,252500.0,255000.0,27001478.0
2026-07-20,241000.0,257500.0,240000.0,244000.0,26804038.0
2026-07-21,247000.0,263500.0,243000.0,259000.0,20386896.0
2026-07-22,276000.0,276000.0,260000.0,260500.0,22292003.0
2026-07-23,269000.0,273000.0,263000.0,270000.0,16011816.0
2026-07-24,266000.0,266500.0,247000.0,249500.0,26175580.0
2026-07-27,257000.0,258500.0,246000.0,254000.0,23296044.0
2026-07-28,238500.0,240000.0,218500.0,220000.0,41639623.0
2026-07-29,226500.0,234000.0,189200.0,208500.0,65555523.0
2026-07-30,214000.0,226000.0,202000.0,207000.0,46694193.0
2026-07-31,257000.0,267000.0,243000.0,262500.0,58478873.0
2026-08-03,248000.0,249500.0,238000.0,239500.0,27825493.0
2026-08-04,244500.0,244500.0,228000.0,240000.0,29433821.0
2026-08-05,254000.0,254500.0,244000.0,246000.0,22577128.0
2026-08-06,241500.0,246000.0,228000.0,230500.0,26101823.0
2026-08-07,235000.0,239500.0,229000.0,231000.0,20546010.0
2026-08-10,236000.0,238500.0,228500.0,230000.0,16327805.0
2026-08-11,229500.0,243000.0,227500.0,239500.0,23310969.0
2026-08-12,243500.0,260500.0,241000.0,255500.0,27102479.0
2026-08-13,267500.0,271000.0,262500.0,268000.0,35530867.0
2026-08-14,275000.0,275500.0,266000.0,274500.0,21669476.0
2026-08-18,283000.0,288000.0,265000.0,268500.0,24464621.0
2026-08-19,251500.0,254500.0,246500.0,247500.0,22788552.0
2026-08-20,257000.0,273000.0,252500.0,271000.0,26095919.0
2026-08-21,267000.0,285000.0,266000.0,281500.0,27746471.0
2026-08-24,271500.0,272000.0,255000.0,257000.0,32451940.0
2026-08-25,249000.0,258000.0,245000.0,257000.0,21617407.0
2026-08-26,256500.0,266500.0,255500.0,261500.0,19532523.0
2026-08-27,270000.0,271000.0,262500.0,266000.0,16829395.0
2026-08-28,262500.0,266000.0,256000.0,257000.0,15106746.0
2026-08-31,249000.0,260000.0,246000.0,260000.0,18270969.0
2026-09-01,256500.0,262500.0,254000.0,261000.0,15319615.0
2026-09-02,252000.0,255500.0,249500.0,250500.0,15176841.0
2026-09-03,254000.0,255000.0,243000.0,250000.0,13756022.0
2026-09-04,254000.0,259000.0,252500.0,255500.0,14031862.0
2026-09-07,267000.0,270000.0,264000.0,270000.0,18314016.0
2026-09-08,272000.0,279000.0,269000.0,269500.0,22716517.0
2026-09-09,269500.0,275000.0,267500.0,269500.0,16370962.0
2026-09-10,269000.0,270500.0,263500.0,269000.0,22517075.0
2026-09-11,258000.0,261500.0,256500.0,259500.0,13939111.0
2026-09-14,249500.0,254500.0,248500.0,249000.0,17776098.0
2026-09-15,248000.0,252000.0,246000.0,248500.0,11435506.0
2026-09-16,248000.0,254000.0,247500.0,253500.0,11757106.0
2026-09-17,257000.0,259000.0,251500.0,252500.0,11827514.0
2026-09-18,261000.0,262000.0,257500.0,261000.0,17489615.0
2026-09-21,264000.0,275000.0,263500.0,274000.0,22261519.0
2026-09-22,283000.0,283500.0,274500.0,276500.0,18157410.0
2026-09-23,284500.0,285500.0,281000.0,285500.0,20864376.0
2026-09-28,284500.0,285500.0,270000.0,270000.0,21346064.0
2026-09-29,266000.0,276000.0,266000.0,272500.0,15963864.0
2026-09-30,274500.0,276000.0,267500.0,268500.0,16477580.0
2026-10-01,266500.0,276000.0,264500.0,276000.0,14638935.0
