date,open,high,low,close,volume
1998-01-20,42.8031,43.3704,42.5797,43.3532,1744600.0
1998-01-21,42.9578,43.1125,42.5109,42.8203,1839600.0
1998-01-22,42.4593,42.8289,42.3218,42.4593,1662600.0
1998-01-23,42.6312,42.7687,41.978,42.3562,1693700.0
1998-01-26,42.5624,42.7257,42.3218,42.5281,1172800.0
1998-01-27,42.4249,43.2157,42.3992,43.0266,1454500.0
1998-01-28,43.1125,43.5853,43.0266,43.5251,1181200.0
1998-01-29,43.4907,44.1439,43.3962,43.6798,1468500.0
1998-01-30,43.972,43.972,43.4391,43.5852,1095600.0
1998-02-02,44.3502,44.7284,44.2299,44.5651,955600.0
1998-02-03,44.5565,44.9261,44.3674,44.9175,619400.0
1998-02-04,44.6768,44.9175,44.4533,44.6768,753200.0
1998-02-05,45.0034,45.055,44.4103,44.6854,1067600.0
1998-02-06,44.8316,45.2011,44.7542,45.1668,1069700.0
1998-02-09,45.1581,45.2441,44.7972,44.9862,515900.0
1998-02-10,45.1238,45.8457,45.0636,45.7426,892100.0
1998-02-11,45.6395,45.8715,45.5707,45.7426,515000.0
1998-02-12,45.5106,46.2669,45.3129,46.0348,1065000.0
1998-02-13,45.8457,46.1208,45.7512,46.0091,596700.0
1998-02-17,46.3786,46.6021,46.1466,46.2411,840600.0
1998-02-18,46.2497,46.5935,46.1208,46.5506,773000.0
1998-02-19,46.5591,46.5935,46.1122,46.1122,804800.0
1998-02-20,46.2497,46.4646,45.8286,46.3614,540600.0
1998-02-23,46.7568,46.7568,46.1896,46.3443,639200.0
1998-02-24,46.2755,46.4302,45.9489,46.2067,702700.0
1998-02-25,46.3443,46.8428,46.2497,46.5849,687400.0
1998-02-26,46.5419,46.8771,46.4302,46.8427,439800.0
1998-02-27,46.817,47.2811,46.6966,47.0834,451300.0
1998-03-02,47.1693,47.2295,46.9115,47.1521,1062800.0
1998-03-03,46.8771,47.3757,46.86,47.3671,596600.0
1998-03-04,47.1007,47.2382,46.817,47.0491,691700.0
1998-03-05,46.4818,46.9029,46.3271,46.6365,778300.0
1998-03-06,46.8083,47.324,46.8083,47.324,933100.0
1998-03-09,47.1006,47.6249,47.0834,47.2381,685300.0
1998-03-10,47.5132,47.7194,47.3928,47.7023,563700.0
1998-03-11,47.8226,47.9859,47.7109,47.857,406600.0
1998-03-12,47.8225,47.8913,47.4787,47.7968,576700.0
1998-03-13,47.9601,47.9945,47.3585,47.3928,458900.0
1998-03-16,47.6163,48.1148,47.496,48.1148,733000.0
1998-03-17,48.0117,48.2867,47.8999,48.2781,499900.0
1998-03-18,48.1836,48.4157,48.0117,48.3985,410900.0
1998-03-19,48.4071,48.5704,48.3211,48.536,730000.0
1998-03-20,48.7165,49.1806,48.5618,49.0431,754300.0
1998-03-23,49.0603,49.0603,48.622,48.6735,551600.0
1998-03-24,48.9399,49.4298,48.9141,49.1978,470300.0
1998-03-25,49.5416,49.5416,48.5446,48.8884,966200.0
1998-03-26,48.8712,49.1204,48.6907,48.7509,412800.0
1998-03-27,49.1462,49.1806,48.3383,48.5531,584100.0
1998-03-30,48.5618,48.7165,48.2352,48.493,562400.0
1998-03-31,48.6649,49.129,48.4414,48.5102,620000.0
1998-04-01,48.6048,49.0689,48.2524,48.9228,373700.0
1998-04-02,48.9055,49.6447,48.8626,49.5931,440600.0
1998-04-03,49.6447,49.8252,49.4041,49.5588,493300.0
1998-04-06,49.9885,50.1948,49.6963,49.7135,610500.0
1998-04-07,49.7135,49.7221,49.0946,49.447,707300.0
1998-04-08,49.5415,49.5415,48.8625,49.1118,949500.0
1998-04-09,49.3181,49.765,49.3009,49.7135,451700.0
1998-04-13,49.9111,49.9111,49.2665,49.6963,337900.0
1998-04-14,49.7994,50.3409,49.7994,50.2979,451500.0
1998-04-15,50.4183,50.616,50.169,50.616,261800.0
1998-04-16,50.4441,50.4441,49.9456,50.0917,232800.0
1998-04-17,50.0982,50.659,50.0119,50.6331,382900.0
1998-04-20,50.5727,50.6072,50.2449,50.4088,299400.0
1998-04-21,50.3829,50.7539,50.2276,50.7452,372000.0
1998-04-22,50.7194,50.8574,50.6245,50.7108,503400.0
1998-04-23,50.6418,50.8143,50.3053,50.4175,597700.0
1998-04-24,50.3657,50.5555,49.7273,49.9947,820200.0
1998-04-27,49.3822,49.6237,48.8042,49.2786,1916800.0
1998-04-28,49.71,49.7618,48.9508,49.132,437200.0
1998-04-29,49.2959,49.6668,49.0974,49.3735,298700.0
1998-04-30,49.8739,50.4174,49.8135,50.1758,443100.0
1998-05-01,50.2967,50.6072,50.1414,50.6072,338300.0
1998-05-04,50.7884,51.1162,50.6935,50.6935,542500.0
1998-05-05,50.5209,50.7193,50.2276,50.5122,325600.0
1998-05-06,50.7108,50.7194,49.848,49.848,665500.0
1998-05-07,50.0379,50.0379,49.5375,49.5461,593100.0
1998-05-08,49.5547,50.2362,49.5202,50.2103,638100.0
1998-05-11,50.4002,50.7108,50.0724,50.2018,703100.0
1998-05-12,50.1931,50.7539,50.0292,50.7539,479000.0
1998-05-13,50.7453,50.9955,50.59,50.9351,399400.0
1998-05-14,50.5555,50.961,50.4347,50.6935,622900.0
1998-05-15,50.7778,50.7778,50.1819,50.1819,280900.0
1998-05-18,50.2251,50.4755,49.7415,50.0351,249200.0
1998-05-19,50.3633,50.4669,49.9487,50.0524,482100.0
1998-05-20,50.4324,50.7778,50.0956,50.726,304400.0
1998-05-21,50.8123,50.9419,50.3546,50.5015,530600.0
1998-05-22,50.6223,50.6223,50.2596,50.4237,219000.0
1998-05-26,50.7001,50.7605,49.5515,49.5515,561300.0
1998-05-27,49.1888,49.6638,48.6016,49.5515,1041100.0
1998-05-28,49.6033,49.7933,49.2924,49.7329,367700.0
1998-05-29,49.897,49.9747,49.1025,49.1025,232400.0
1998-06-01,48.9816,49.6638,48.9643,49.4134,445800.0
1998-06-02,49.5947,49.6724,49.0679,49.1629,391600.0
1998-06-03,49.3961,49.4134,48.5325,48.5498,473100.0
1998-06-04,48.5671,49.1629,48.3771,49.1284,636200.0
1998-06-05,49.4479,50.2165,49.1888,50.2165,1014000.0
1998-06-08,50.156,50.4324,50.0092,50.251,467900.0
1998-06-09,50.1906,50.3201,49.9401,50.1474,180100.0
1998-06-10,49.897,50.3633,49.5084,49.6034,531300.0
1998-06-11,49.7588,49.8192,48.7052,48.7052,529200.0
1998-06-12,48.7398,48.9816,48.0144,48.947,909200.0
1998-06-15,48.3944,48.6016,47.5049,47.5308,617400.0
1998-06-16,47.9798,48.0489,47.4962,47.9712,796500.0
1998-06-17,48.5152,49.2838,48.3943,48.9988,895100.0
1998-06-18,48.8779,49.0334,48.688,48.8089,219000.0
1998-06-19,48.966,49.0439,48.1093,48.2304,506100.0
1998-06-22,48.2909,48.5765,48.0746,48.2823,161500.0
1998-06-23,48.5506,48.9747,48.5506,48.9487,201600.0
1998-06-24,49.0179,49.5372,48.6631,49.4593,353100.0
1998-06-25,49.7795,50.0132,49.3728,49.6757,420200.0
1998-06-26,49.6237,49.8141,49.4853,49.6757,150400.0
1998-06-29,49.9526,50.2123,49.8488,49.918,297700.0
1998-06-30,49.7968,49.9353,49.4939,49.6757,395600.0
1998-07-01,50.0564,50.2209,49.7882,50.1776,347100.0
1998-07-02,50.0392,50.169,49.9267,50.0132,263900.0
1998-07-06,50.0218,50.5411,49.8661,50.5411,166500.0
1998-07-07,50.4978,50.7142,50.2469,50.4632,155700.0
1998-07-08,50.5065,50.9479,50.4632,50.9305,146900.0
1998-07-09,50.6103,50.9046,50.1084,50.3334,151500.0
1998-07-10,50.4199,50.6622,50.0391,50.5324,127800.0
1998-07-13,50.6103,50.9132,50.2901,50.394,164400.0
1998-07-14,50.6709,51.3286,50.6709,51.1988,276000.0
1998-07-15,51.5103,51.5969,51.1122,51.2334,367900.0
1998-07-16,51.1988,51.7354,51.0084,51.6575,356100.0
1998-07-17,51.7527,51.8565,51.5623,51.6921,222100.0
1998-07-20,51.8132,51.8306,51.2767,51.5796,234900.0
1998-07-21,51.8306,51.8306,50.818,50.818,389800.0
1998-07-22,50.6796,50.8181,50.3075,50.6277,229900.0
1998-07-23,50.4978,50.645,49.4074,49.4939,297000.0
1998-07-24,49.892,49.892,49.0352,49.5372,424800.0
1998-07-27,49.2776,50.0392,49.0353,49.9872,382900.0
1998-07-28,49.9006,49.9006,48.7496,49.416,557300.0
1998-07-29,49.7449,49.8488,49.1997,49.3035,330400.0
1998-07-30,49.7795,50.0565,49.6151,49.9786,533300.0
1998-07-31,49.918,50.0565,48.8276,49.0353,234400.0
1998-08-03,49.0872,49.2516,48.6199,48.6372,429300.0
1998-08-04,49.0872,49.0872,47.0101,47.0448,947200.0
1998-08-05,47.3217,47.59,46.2659,47.4429,1456000.0
1998-08-06,47.0621,47.7631,47.0621,47.4429,571600.0
1998-08-07,47.789,48.317,47.3563,47.7198,698900.0
1998-08-10,47.6332,47.8582,47.1572,47.5121,233900.0
1998-08-11,46.664,46.9756,46.0063,46.7332,1034100.0
1998-08-12,47.2005,47.5121,46.9236,47.4601,592000.0
1998-08-13,47.2698,47.7544,46.6813,46.6813,651900.0
1998-08-14,47.4256,47.4602,46.4044,46.6986,731000.0
1998-08-17,46.5774,47.616,46.3524,47.4948,948800.0
1998-08-18,47.7544,48.5593,47.6506,48.3949,566000.0
1998-08-19,48.6891,48.6891,48.066,48.1698,324700.0
1998-08-20,47.9621,48.2564,47.7198,47.7717,536300.0
1998-08-21,47.2566,47.5168,46.181,47.5168,1184400.0
1998-08-24,47.6382,47.9331,47.1871,47.5341,292300.0
1998-08-25,48.0025,48.2281,47.3433,47.6903,309400.0
1998-08-26,47.1004,47.6382,46.9269,47.404,653200.0
1998-08-27,46.5973,46.7534,44.8625,44.9926,1887300.0
1998-08-28,45.5218,45.8601,44.4809,44.8452,1225000.0
1998-08-31,45.088,45.1921,41.5663,41.5663,1284000.0
1998-09-01,42.3123,43.9083,41.0112,43.5961,1760300.0
1998-09-02,43.6654,44.2032,43.0929,43.1797,551100.0
1998-09-03,42.3817,43.093,42.0521,42.7633,806800.0
1998-09-04,43.1277,43.1797,41.601,42.6766,578100.0
1998-09-08,43.9604,44.7757,43.492,44.7411,1187900.0
1998-09-09,44.4635,44.6717,43.5267,43.5267,879200.0
1998-09-10,42.451,42.8674,41.6357,42.052,1292900.0
1998-09-11,41.8439,43.7522,41.6444,43.7002,1086900.0
1998-09-14,44.0905,44.6022,43.9777,44.0818,627700.0
1998-09-15,43.6481,44.689,43.6308,44.5676,418000.0
1998-09-16,44.9319,45.3482,44.1859,45.036,495200.0
1998-09-17,43.6655,44.0818,43.5787,43.7349,681100.0
1998-09-18,43.6739,43.9866,43.4307,43.8128,309400.0
1998-09-21,42.4057,44.2297,42.3362,44.056,562200.0
1998-09-22,44.5077,44.5077,43.6478,43.8389,431900.0
1998-09-23,44.4209,45.5153,44.1342,45.5153,680200.0
1998-09-24,45.1766,45.5066,44.0474,44.3427,568800.0
1998-09-25,43.8997,45.0115,43.726,44.5425,422200.0
1998-09-28,44.9941,45.385,44.6814,45.1852,678800.0
1998-09-29,45.2982,45.3416,44.2471,44.8552,1089600.0
1998-09-30,44.2993,44.7162,43.4307,43.4654,673200.0
1998-10-01,42.8052,43.448,42.1103,42.3709,1107600.0
1998-10-02,42.4578,43.5348,41.7281,43.448,971800.0
1998-10-05,42.9963,43.3611,41.9366,42.9268,728800.0
1998-10-06,43.5349,43.8389,42.5968,42.9095,806100.0
1998-10-07,43.1006,43.6739,42.1712,42.9963,1280800.0
1998-10-08,41.7629,43.2222,41.3981,42.979,2218200.0
1998-10-09,43.3959,44.1255,42.562,44.0213,1196900.0
1998-10-12,44.7683,45.0115,44.195,44.3514,630700.0
1998-10-13,44.473,44.5772,43.7433,44.0126,288500.0
1998-10-14,43.9171,44.8465,43.8302,44.2993,939700.0
1998-10-15,44.1951,48.9203,44.0213,46.6272,1219200.0
1998-10-16,46.6618,46.9311,46.2797,46.8008,694800.0
1998-10-19,46.6966,47.3915,46.5924,47.0441,423800.0
1998-10-20,47.5218,48.0864,46.9659,47.1917,959800.0
1998-10-21,47.5131,47.6955,47.044,47.2872,599800.0
1998-10-22,47.2699,47.6347,46.8096,47.5652,574800.0
1998-10-23,47.2178,47.3568,46.7661,46.8704,463400.0
1998-10-26,47.2526,47.4958,46.7661,46.9051,381100.0
1998-10-27,47.4088,47.487,46.3578,46.5402,915900.0
1998-10-28,46.6185,46.9051,46.2363,46.3926,355200.0
1998-10-29,46.6445,47.4957,46.4013,47.4957,413600.0
1998-10-30,47.8606,48.1472,47.5739,47.8258,678700.0
1998-11-02,48.2427,48.6249,47.9387,48.6249,598900.0
1998-11-03,48.4686,48.7118,48.1993,48.3643,731200.0
1998-11-04,49.0245,49.3893,48.4078,49.0505,706600.0
1998-11-05,48.5294,49.7541,48.4425,49.7541,462600.0
1998-11-06,49.5891,49.9973,49.4762,49.9626,400000.0
1998-11-09,49.9452,49.9973,49.2069,49.4849,325700.0
1998-11-10,49.3372,49.7107,49.1982,49.2677,345400.0
1998-11-11,49.7194,49.7455,48.9029,49.1201,365000.0
1998-11-12,48.9897,49.5978,48.9897,49.2677,354400.0
1998-11-13,49.2851,49.8931,49.1808,49.7541,408300.0
1998-11-16,50.119,50.2927,49.6934,50.2232,273700.0
1998-11-17,50.006,51.1439,49.4936,50.0147,618700.0
1998-11-18,49.9626,50.5706,49.8931,50.4056,249600.0
1998-11-19,50.5533,50.6575,50.2058,50.449,270800.0
1998-11-20,50.8458,51.0807,50.6718,51.072,331900.0
1998-11-23,51.4287,52.3945,51.3678,52.3945,530600.0
1998-11-24,52.2118,52.2814,51.7159,51.8377,503700.0
1998-11-25,51.9246,51.9681,51.5679,51.855,155300.0
1998-11-27,52.177,52.1857,51.9247,51.9247,71000.0
1998-11-30,51.8115,51.8202,50.5325,50.5673,527600.0
1998-12-01,50.2542,51.1764,50.0453,50.8197,379800.0
1998-12-02,50.4107,50.663,49.8452,50.5325,317600.0
1998-12-03,50.2977,50.6631,49.3145,49.4624,638700.0
1998-12-04,49.9061,50.4629,49.7669,50.3933,1230600.0
1998-12-07,50.4455,50.663,50.1149,50.5325,522900.0
1998-12-08,50.4195,50.6718,49.793,50.289,405500.0
1998-12-09,50.2107,50.4804,49.9235,50.1498,310100.0
1998-12-10,50.0453,50.1236,49.0883,49.1579,422700.0
1998-12-11,49.01,49.3406,48.5924,48.9839,548700.0
1998-12-14,48.6794,48.9839,48.1747,48.1747,393500.0
1998-12-15,48.7228,49.2101,48.1747,49.1231,637200.0
1998-12-16,49.3319,49.3319,48.7576,48.9316,537800.0
1998-12-17,49.0796,49.5581,49.0796,49.4015,1114300.0
1998-12-18,49.703,49.8512,49.3718,49.4851,289100.0
1998-12-21,49.7902,50.8622,49.703,50.0952,483500.0
1998-12-22,50.348,50.6269,49.8773,50.3915,317700.0
1998-12-23,50.8883,51.4896,50.5833,51.3502,657600.0
1998-12-24,51.3764,51.603,51.2108,51.3676,346900.0
1998-12-28,51.7424,51.7511,51.2108,51.2805,274000.0
1998-12-29,51.481,52.1695,51.1847,52.1433,598800.0
1998-12-30,51.908,52.1346,51.6639,51.6639,202600.0
1998-12-31,51.6552,51.7947,51.0365,51.0539,870300.0
1999-01-04,51.3589,52.213,50.7837,51.2892,490200.0
1999-01-05,51.2805,52.1171,51.2805,51.9951,473000.0
1999-01-06,52.5268,53.4419,52.3351,53.3548,701400.0
1999-01-07,52.5703,53.2589,52.4832,53.1281,450300.0
1999-01-08,53.6859,53.8951,53.1543,53.8341,446300.0
1999-01-11,53.7382,53.7992,53.1281,53.7382,603000.0
1999-01-12,53.5116,53.5813,52.7272,52.7272,539600.0
1999-01-13,51.202,52.6401,51.202,52.0648,1082800.0
1999-01-14,52.152,52.152,50.6007,50.6879,604100.0
1999-01-15,51.4613,52.2383,51.1383,52.2208,470100.0
1999-01-19,52.6922,52.6922,51.4089,51.9938,1505900.0
1999-01-20,52.6224,52.9367,51.8193,52.3082,687500.0
1999-01-21,51.9589,52.3954,51.4177,51.4701,944500.0
1999-01-22,50.7979,51.4613,50.7018,51.0161,550700.0
1999-01-25,51.0597,51.5573,50.4836,51.5573,608400.0
1999-01-26,51.5661,52.3605,51.3042,52.3605,459600.0
1999-01-27,52.4128,52.5176,51.1208,51.2256,487100.0
1999-01-28,51.6621,52.0462,51.5224,51.6621,268200.0
1999-01-29,52.0724,52.5176,51.4264,52.116,306900.0
1999-02-01,52.5089,52.7096,52.0462,52.1509,191400.0
1999-02-02,52.1073,52.1248,51.3304,51.7669,473600.0
1999-02-03,51.5224,52.5176,51.5224,52.4478,238100.0
1999-02-04,52.247,52.5176,51.828,52.2383,442800.0
1999-02-05,52.0811,52.2295,51.6446,51.9938,438700.0
1999-02-08,52.2383,52.3867,51.4352,51.8542,335500.0
1999-02-09,51.7581,51.8716,50.8415,51.051,341700.0
1999-02-10,51.1208,51.3478,50.824,51.1907,751900.0
1999-02-11,51.4613,52.7097,51.1209,52.5176,687700.0
1999-02-12,52.2208,52.5088,51.5748,51.9065,410400.0
1999-02-16,52.2906,52.5001,51.6795,51.793,728100.0
1999-02-17,51.6621,52.3954,51.2867,51.6446,466000.0
1999-02-18,51.8105,52.1335,51.3828,51.9764,589200.0
1999-02-19,52.0778,52.5937,51.8155,52.3401,382200.0
1999-02-22,52.2964,53.5642,52.2439,53.5467,418500.0
1999-02-23,53.3544,53.7916,52.9172,53.4768,632800.0
1999-02-24,53.5555,53.7653,52.4625,52.5324,695600.0
1999-02-25,52.2002,52.515,51.6231,52.1477,1438600.0
1999-02-26,52.445,52.4975,51.728,51.9816,356200.0
1999-03-01,52.0428,52.3576,51.6231,52.0778,336900.0
1999-03-02,52.3838,52.7248,51.8417,52.2001,242000.0
1999-03-03,52.0516,52.2352,51.4833,51.9554,201200.0
1999-03-04,52.3226,53.1445,52.2352,53.1445,584900.0
1999-03-05,53.9052,54.7534,53.8178,54.631,1525300.0
1999-03-08,54.6572,54.7184,54.1675,54.5435,298300.0
1999-03-09,54.4561,55.0332,54.1413,54.2462,848200.0
1999-03-10,54.3511,54.8058,54.1763,54.8058,180300.0
1999-03-11,55.1818,55.8026,54.8583,55.5753,758500.0
1999-03-12,55.8726,55.8814,55.1993,55.1993,411300.0
1999-03-15,55.3479,55.8201,55.2605,55.8114,204000.0
1999-03-16,55.9163,56.0212,55.5491,55.6453,644400.0
1999-03-17,55.6627,55.8201,55.2255,55.3567,608100.0
1999-03-18,55.2693,56.2223,55.1906,56.1349,399800.0
1999-03-19,56.324,56.4641,55.2381,55.2381,501000.0
1999-03-22,55.3083,55.7286,55.2382,55.5535,118500.0
1999-03-23,55.1594,55.7286,53.9597,54.1523,824500.0
1999-03-24,54.2662,54.415,53.8984,54.2749,253600.0
1999-03-25,54.8266,55.3345,54.5814,55.2732,385500.0
1999-03-26,54.8966,55.2031,54.6427,55.0805,258900.0
1999-03-29,55.5972,56.324,55.4834,55.9738,441200.0
1999-03-30,55.4396,55.965,55.2995,55.641,552000.0
1999-03-31,55.9037,56.0263,54.7303,54.7828,452900.0
1999-04-01,55.2032,55.2732,54.669,55.0718,267500.0
1999-04-05,55.676,56.2365,55.3783,56.1139,457400.0
1999-04-06,55.7899,56.219,55.5885,55.8337,231600.0
1999-04-07,56.254,56.6568,55.6935,56.6042,313900.0
1999-04-08,56.613,57.2435,56.3065,57.1997,362600.0
1999-04-09,56.937,57.4974,56.6042,57.0946,402300.0
1999-04-12,56.3941,58.0754,56.3941,58.0141,900800.0
1999-04-13,57.9353,58.4432,57.7252,58.3556,1310900.0
1999-04-14,58.7234,58.9686,58.0491,58.4782,1553700.0
1999-04-15,58.4607,58.9336,58.0053,58.7584,1917400.0
1999-04-16,58.8561,58.9787,58.173,58.5934,2050400.0
1999-04-19,58.8211,60.2487,58.0153,58.5058,5045900.0
1999-04-20,58.4357,58.8386,57.8051,58.5583,4491000.0
1999-04-21,58.5846,59.7144,58.3832,59.6969,2419100.0
1999-04-22,59.9597,60.31,59.4867,60.24,1891000.0
1999-04-23,59.9772,60.3276,59.5918,60.0298,942000.0
1999-04-26,60.1699,60.1699,59.6444,60.1173,629400.0
1999-04-27,60.5377,60.8881,60.2662,60.7479,2460600.0
1999-04-28,60.6778,61.3435,60.5202,60.6866,2919100.0
1999-04-29,60.9932,61.2734,60.6078,60.9757,1922000.0
1999-04-30,61.2559,61.4135,59.6969,60.3275,3761500.0
1999-05-03,60.5027,61.7814,60.275,61.7814,1834900.0
1999-05-04,61.5537,61.8865,60.9406,61.2384,2046600.0
1999-05-05,61.2909,61.5098,60.3975,61.3084,2827000.0
1999-05-06,61.2209,61.5712,60.7479,61.3785,2659100.0
1999-05-07,61.6938,61.904,61.2384,61.904,1749800.0
1999-05-10,61.8165,62.2719,61.4486,61.6588,1598000.0
1999-05-11,62.0092,62.2194,61.4837,61.7814,1519200.0
1999-05-12,61.6588,62.0441,59.9772,61.7464,3325500.0
1999-05-13,62.2018,62.4996,61.939,62.3594,1390300.0
1999-05-14,61.4837,61.7201,60.9582,61.1684,2026200.0
1999-05-17,61.0457,61.0633,60.3626,60.9582,1204800.0
1999-05-18,61.2034,61.3785,60.3275,61.0019,1152500.0
1999-05-19,61.1333,61.2734,60.6778,61.1333,679000.0
1999-05-20,61.3435,61.4836,60.9756,60.9931,1410900.0
1999-05-21,61.1218,61.1745,60.525,60.8059,747200.0
1999-05-24,61.0516,61.0516,59.6297,59.7526,1241800.0
1999-05-25,59.7175,60.4372,59.0153,59.0153,1253300.0
1999-05-26,59.5244,60.2968,59.0154,60.1037,1336500.0
1999-05-27,59.8931,59.9282,58.5414,58.9101,1617700.0
1999-05-28,58.9627,59.5069,58.8398,59.0593,702700.0
1999-06-01,59.0943,59.6122,58.4536,59.5946,1968500.0
1999-06-02,59.5419,59.735,58.7871,59.4981,1111500.0
1999-06-03,59.7175,59.9983,59.5068,59.9632,583900.0
1999-06-04,60.3494,60.8409,59.9983,60.7882,632300.0
1999-06-07,60.8761,61.3676,60.7357,61.2096,651700.0
1999-06-08,61.1744,61.1744,60.3143,60.5249,574000.0
1999-06-09,60.6829,60.6829,59.9457,60.1739,395400.0
1999-06-10,59.8579,59.9456,59.1733,59.6648,750600.0
1999-06-11,59.893,60.1037,58.6116,58.9627,1043900.0
1999-06-14,59.2611,59.6122,58.9803,59.3664,589100.0
1999-06-15,59.6122,60.0335,59.4103,59.735,697300.0
1999-06-16,60.2617,60.7005,60.2441,60.5426,773500.0
1999-06-17,60.3845,61.1569,60.2441,61.0691,632500.0
1999-06-18,61.047,61.2052,60.8362,60.9943,264300.0
1999-06-21,61.1525,61.2755,60.5198,60.801,309700.0
1999-06-22,60.5198,60.8537,60.1772,60.2562,398800.0
1999-06-23,60.1509,60.186,59.7643,59.8873,493800.0
1999-06-24,59.8169,59.8345,58.9032,59.3952,603500.0
1999-06-25,59.6764,59.8346,59.325,59.4567,297600.0
1999-06-28,59.9224,60.1684,59.7467,59.9927,522300.0
1999-06-29,59.94,60.7307,59.7906,60.5199,308300.0
1999-06-30,60.6253,61.996,60.309,61.504,1151100.0
1999-07-01,61.7675,62.4176,61.3282,62.2595,1408100.0
1999-07-02,62.3123,62.8395,62.2069,62.7868,393900.0
1999-07-06,62.8043,63.2612,62.5671,62.6461,548000.0
1999-07-07,62.5583,62.8922,62.3123,62.734,563100.0
1999-07-08,62.4704,63.1206,62.4177,62.5056,430000.0
1999-07-09,62.8219,63.0327,62.6461,63.0152,323300.0
1999-07-12,63.3139,63.3139,62.7516,62.8921,414200.0
1999-07-13,62.4704,63.1118,62.3123,62.9273,341900.0
1999-07-14,63.1558,63.1558,62.5583,62.7868,354100.0
1999-07-15,63.1557,63.1733,62.6813,62.8131,287100.0
1999-07-16,62.9635,63.1041,62.6822,63.0162,226300.0
1999-07-19,63.2095,63.3502,62.8228,62.8668,290700.0
1999-07-20,62.5943,62.8932,61.5924,61.6803,816500.0
1999-07-21,61.7857,62.2076,61.5045,61.8385,534900.0
1999-07-22,61.7506,62.1374,61.1354,61.5573,1008500.0
1999-07-23,61.8736,61.9263,61.1002,61.3463,541700.0
1999-07-26,61.153,61.443,60.9421,60.9948,377600.0
1999-07-27,61.399,62.0055,61.2584,61.6627,1080200.0
1999-07-28,61.6628,62.0143,61.487,61.5573,459100.0
1999-07-29,60.9948,61.0827,60.1511,60.6257,1201800.0
1999-07-30,60.7135,60.8805,59.7995,59.8171,788700.0
1999-08-02,59.8347,60.696,59.6413,59.9401,673700.0
1999-08-03,60.2565,60.3268,59.5446,60.028,1141400.0
1999-08-04,60.2741,60.8102,59.9049,59.9928,1571300.0
1999-08-05,60.1862,60.942,59.3424,60.942,1613300.0
1999-08-06,60.4674,60.8893,59.905,60.2389,800600.0
1999-08-09,60.2916,60.5026,60.0455,60.2565,634100.0
1999-08-10,60.1862,60.274,59.2194,60.0455,2335100.0
1999-08-11,60.3971,60.8014,59.9225,60.7487,716300.0
1999-08-12,60.8893,61.3815,60.6784,60.6959,595100.0
1999-08-13,61.4343,61.8737,61.32,61.8737,567200.0
1999-08-16,61.8737,62.2604,61.6715,62.2428,663300.0
1999-08-17,62.8053,62.8404,61.9791,62.5768,625600.0
1999-08-18,62.3483,62.7174,61.7682,61.8122,776200.0
1999-08-19,61.3287,61.9791,61.32,61.733,732600.0
1999-08-20,61.9326,62.6724,61.8621,62.6548,688300.0
1999-08-23,62.9718,63.8702,62.8573,63.8614,1016900.0
1999-08-24,63.5707,64.1168,63.0071,63.6588,1476300.0
1999-08-25,63.7997,64.0463,63.1392,64.0463,864200.0
1999-08-26,63.7821,63.8526,63.1128,63.1656,749500.0
1999-08-27,63.3594,63.3594,62.5667,62.5667,656000.0
1999-08-30,62.6548,62.7252,61.4041,61.4746,789600.0
1999-08-31,61.5275,61.9855,60.7524,61.0167,1038800.0
1999-09-01,61.4042,61.7565,61.1752,61.7565,1136500.0
1999-09-02,60.9109,61.2984,60.5234,61.1047,1048200.0
1999-09-03,62.232,62.7429,62.003,62.7429,709500.0
1999-09-07,62.4082,62.6724,62.0735,62.144,423700.0
1999-09-08,61.8621,62.7076,61.7916,62.1792,773400.0
1999-09-09,62.2497,62.5843,61.8622,62.3201,554800.0
1999-09-10,63.0247,63.0599,62.1439,62.1792,660100.0
1999-09-13,62.0206,62.2849,61.915,62.1792,518700.0
1999-09-14,61.9326,61.9326,61.4394,61.6331,806700.0
1999-09-15,62.144,62.1616,60.7877,60.8053,1055000.0
1999-09-16,61.0343,61.0343,59.9598,60.6115,1439300.0
1999-09-17,61.1263,61.3027,60.8618,61.1616,580400.0
1999-09-20,61.2145,61.2145,60.8794,60.9676,341300.0
1999-09-21,60.4385,60.562,59.5567,59.7331,1491900.0
1999-09-22,59.8918,59.8918,59.1952,59.3363,1561300.0
1999-09-23,59.8036,59.8213,57.9254,57.9518,2152200.0
1999-09-24,57.7843,58.4016,57.2464,57.9254,1745100.0
1999-09-27,58.5338,58.7631,58.0929,58.1811,1184200.0
1999-09-28,57.846,58.2693,56.8584,57.9871,2126400.0
1999-09-29,57.9871,58.3751,57.4933,57.5638,1055300.0
1999-09-30,58.0047,58.7631,57.7402,58.4809,1157000.0
1999-10-01,57.8725,58.2164,57.4405,57.899,1263800.0
1999-10-04,58.3398,58.9218,58.2693,58.9218,655500.0
1999-10-05,58.8777,59.3627,57.9342,58.7014,2400000.0
1999-10-06,58.9394,59.7683,58.8336,59.7507,856900.0
1999-10-07,59.8565,59.8565,59.3274,59.4068,529900.0
1999-10-08,59.4862,60.1564,59.2393,60.1564,924000.0
1999-10-11,60.0329,60.4561,59.9359,60.0329,209600.0
1999-10-12,59.98,59.98,58.7983,58.816,1083900.0
1999-10-13,58.5515,58.9395,57.5639,57.5991,1821400.0
1999-10-14,57.7931,58.4104,57.1229,57.9166,1619400.0
1999-10-15,56.9831,57.3889,56.3833,56.4538,2300500.0
1999-10-18,56.5774,57.2301,56.2069,57.089,2019900.0
1999-10-19,57.8476,58.3415,57.4418,57.6888,1207500.0
1999-10-20,58.1475,58.7473,57.8652,58.5532,1329300.0
1999-10-21,57.6535,58.3944,57.4065,58.3944,993200.0
1999-10-22,58.7649,59.4706,58.6062,58.9943,1149700.0
1999-10-25,58.5356,58.8178,58.2357,58.3591,619500.0
1999-10-26,58.6767,58.8179,57.971,57.971,1208500.0
1999-10-27,58.3239,58.9061,58.024,58.8531,791800.0
1999-10-28,59.8763,60.1939,59.5941,60.1586,1030400.0
1999-10-29,60.6526,60.9701,60.335,60.7231,2217100.0
1999-11-01,60.688,60.7585,60.1234,60.1234,559800.0
1999-11-02,60.388,60.7937,59.647,59.6647,975300.0
1999-11-03,60.2998,60.2998,59.7,59.9646,1025500.0
1999-11-04,60.4233,60.6526,59.894,60.1939,578600.0
1999-11-05,60.9525,61.1642,60.3704,60.7056,1139100.0
1999-11-08,60.0528,60.7232,60.0528,60.6174,628600.0
1999-11-09,60.8996,60.8996,59.8411,60.0175,668000.0
1999-11-10,59.6118,60.3174,59.5059,59.8411,825600.0
1999-11-11,59.9822,60.1939,59.5941,59.894,727400.0
1999-11-12,60.3879,61.0054,59.5764,61.0054,818200.0
1999-11-15,60.9172,61.1025,60.5644,60.8643,573400.0
1999-11-16,61.2172,62.0904,60.7585,62.0552,1382000.0
1999-11-17,61.7817,61.9405,61.5347,61.6582,433900.0
1999-11-18,62.064,62.505,61.8699,62.3904,645300.0
1999-11-19,62.1531,62.4712,61.9764,62.215,327800.0
1999-11-22,62.2062,62.8954,62.0737,62.8424,324000.0
1999-11-23,62.8954,62.8954,62.1001,62.2592,362000.0
1999-11-24,61.9765,62.489,61.9323,62.2858,251600.0
1999-11-26,62.5773,62.5773,61.8705,61.8881,165100.0
1999-11-29,61.9588,62.1267,61.6142,61.95,390700.0
1999-11-30,61.9499,62.4889,61.19,61.464,620000.0
1999-12-01,61.4639,62.2768,61.4463,62.2592,435500.0
1999-12-02,62.2945,62.6656,62.2856,62.5507,266100.0
1999-12-03,63.2312,64.1148,63.2047,63.8762,862700.0
1999-12-06,63.8762,63.9734,63.3548,63.4785,304000.0
1999-12-07,63.6818,63.7967,62.8866,62.8866,505300.0
1999-12-08,62.7806,63.2665,62.4713,62.4713,454800.0
1999-12-09,63.0368,63.4255,62.4712,62.9837,832800.0
1999-12-10,63.4256,63.8851,62.8778,63.6024,472000.0
1999-12-13,63.1782,63.7083,63.1252,63.4609,570900.0
1999-12-14,63.0898,63.673,63.0368,63.2312,536300.0
1999-12-15,62.9838,63.8497,62.9661,63.4875,465700.0
1999-12-16,63.7525,63.7525,62.9838,63.5669,623500.0
1999-12-17,63.9996,64.5214,63.8581,63.8581,472700.0
1999-12-20,64.1057,64.1411,62.9028,63.0797,521700.0
1999-12-21,62.8674,63.7696,62.7967,63.4335,773700.0
1999-12-22,63.575,63.8138,63.345,63.5042,407800.0
1999-12-23,63.9642,64.8044,63.9642,64.8044,524600.0
1999-12-27,64.8487,65.0433,64.4949,64.6011,450400.0
1999-12-28,64.4418,65.2643,64.4418,65.1317,769600.0
1999-12-29,65.3705,65.4235,64.9194,65.0255,273900.0
1999-12-30,65.3616,65.5031,64.7425,64.7867,494700.0
1999-12-31,64.9017,65.4324,64.7513,65.2024,549000.0
2000-01-03,65.68,65.68,63.9642,64.2472,1278800.0
2000-01-04,63.5573,63.9465,62.1334,62.1334,1535700.0
2000-01-05,62.266,63.6104,61.7176,62.9382,2007000.0
2000-01-06,63.062,64.0615,62.9382,63.2566,2639500.0
2000-01-07,64.1411,65.4147,64.088,65.3793,3767400.0
2000-01-10,66.1223,66.1223,65.3439,65.6623,762900.0
2000-01-11,65.1848,66.0869,65.1052,65.1759,1658700.0
2000-01-12,65.3793,65.7685,65.1848,65.344,813300.0
2000-01-13,65.6712,66.0161,65.2201,65.5916,1192200.0
2000-01-14,66.4938,66.5115,65.7331,66.5115,1935500.0
2000-01-18,65.9099,66.1576,65.3793,65.5031,656500.0
2000-01-19,65.4501,65.5474,64.8663,65.4147,1003400.0
2000-01-20,65.627,65.6447,63.7696,64.3799,887000.0
2000-01-21,64.6791,64.6791,63.617,63.9002,783200.0
2000-01-24,64.148,64.3605,61.7761,62.3072,2066100.0
2000-01-25,62.6434,62.8027,61.5991,62.5018,1728200.0
2000-01-26,62.431,63.0859,62.3779,62.5726,1001400.0
2000-01-27,62.9443,63.2187,61.8469,62.5726,853900.0
2000-01-28,62.2186,62.3425,60.6875,60.8379,1253300.0
2000-01-31,60.6875,62.0947,60.6078,62.0239,996600.0
2000-02-01,62.0592,62.7141,61.7583,62.4663,786500.0
2000-02-02,62.5195,62.9797,62.1124,62.1301,618100.0
2000-02-03,62.6611,62.6788,61.2981,62.5903,863300.0
2000-02-04,62.5549,62.8559,61.9354,62.1655,474000.0
2000-02-07,61.8292,62.0062,61.3867,61.5991,718900.0
2000-02-08,62.254,62.5018,61.8115,61.9177,993100.0
2000-02-09,61.8468,61.953,60.4839,60.5547,819900.0
2000-02-10,60.7583,60.9441,60.0502,60.6078,1263500.0
2000-02-11,60.36,60.36,58.6961,59.1917,2148400.0
2000-02-14,59.475,59.8113,59.2272,59.7582,1300800.0
2000-02-15,59.8113,61.1034,59.4838,60.8556,1360000.0
2000-02-16,60.5371,60.9973,59.8998,59.9352,725800.0
2000-02-17,60.4839,60.5281,59.2802,59.351,1164100.0
2000-02-18,59.5483,59.5483,57.8469,57.9887,1526700.0
2000-02-22,58.3432,58.6799,57.2798,58.3077,1518800.0
2000-02-23,58.3963,58.6976,57.6342,57.9887,1558900.0
2000-02-24,58.1659,58.2368,56.4646,57.8469,4518700.0
2000-02-25,57.0493,57.5456,55.6847,55.8974,3316900.0
2000-02-28,56.2519,57.6343,55.7202,56.7924,3068300.0
2000-02-29,57.3861,57.9178,56.9608,57.5988,1205000.0
2000-03-01,57.7228,58.29,57.1026,57.6342,1136200.0
2000-03-02,57.5456,57.9887,57.2798,57.6697,576000.0
2000-03-03,58.6089,59.2913,58.414,58.9102,1678200.0
2000-03-06,58.8748,58.9723,57.3595,57.6874,1220500.0
2000-03-07,57.5456,57.581,55.3125,55.5784,3745500.0
2000-03-08,56.0037,56.3582,55.0998,55.8442,2618900.0
2000-03-09,56.0569,56.9607,55.1884,56.8987,1715100.0
2000-03-10,56.6595,57.3153,56.1278,56.4646,1352600.0
2000-03-13,54.9227,56.819,54.9227,56.5,1506500.0
2000-03-14,56.8898,57.1025,55.5784,55.8442,854300.0
2000-03-15,55.9329,57.838,55.3834,57.6342,2040200.0
2000-03-16,58.1659,60.6116,58.0772,60.5584,4857700.0
2000-03-17,60.2045,61.1807,60.0181,60.2755,3710500.0
2000-03-20,60.3642,60.9677,60.1424,60.666,1812000.0
2000-03-21,60.524,62.0149,60.169,61.9794,2310300.0
2000-03-22,61.9971,62.0504,61.2339,61.6688,2434800.0
2000-03-23,61.5534,63.3283,61.4824,63.1153,1894400.0
2000-03-24,62.778,63.8785,62.636,63.1153,1903400.0
2000-03-27,63.2396,63.559,62.2989,62.3699,1431300.0
2000-03-28,61.9794,63.0354,61.9794,62.1214,1575100.0
2000-03-29,62.3876,63.1685,61.8728,62.9023,1426600.0
2000-03-30,62.4054,63.3283,61.8374,62.5119,3573300.0
2000-03-31,62.929,63.1863,61.9439,62.1569,1103400.0
2000-04-03,62.0859,64.0028,61.9794,64.0028,1411100.0
2000-04-04,63.9318,64.9435,60.3998,63.4348,6635600.0
2000-04-05,62.6538,63.7897,62.4142,62.6893,3400700.0
2000-04-06,63.2573,63.7365,62.6893,63.2839,2279700.0
2000-04-07,63.5945,63.6034,62.7958,62.9911,1027100.0
2000-04-10,63.1685,64.1713,62.991,63.6477,1833500.0
2000-04-11,63.7543,64.5974,62.9556,64.3223,3624800.0
2000-04-12,64.6772,65.05,62.7604,62.7692,3620700.0
2000-04-13,63.2484,63.3638,61.7664,61.9261,4333100.0
2000-04-14,61.0209,61.4824,57.6575,58.2255,4518600.0
2000-04-17,58.4296,60.2222,58.0746,60.2045,5978400.0
2000-04-18,60.4707,61.2161,60.1423,60.8079,1576900.0
2000-04-19,61.0209,61.3759,60.3909,60.666,1536500.0
2000-04-20,60.8336,61.8102,60.7093,61.8102,1886300.0
2000-04-24,60.798,62.0765,60.6559,61.8634,1714200.0
2000-04-25,62.3429,63.426,61.8102,63.2307,2798800.0
2000-04-26,63.3905,63.3905,61.8989,61.9344,2051700.0
2000-04-27,60.8513,62.2186,60.8513,61.5793,1656700.0
2000-04-28,62.1475,62.2186,60.798,61.1177,1166000.0
2000-05-01,61.3485,62.1298,60.8868,61.4373,1385800.0
2000-05-02,61.0822,61.4994,60.6915,60.8336,705000.0
2000-05-03,60.5228,60.6382,58.9514,59.5551,2333500.0
2000-05-04,59.8214,59.8214,58.9691,59.2709,1154900.0
2000-05-05,58.7028,60.1677,58.7028,60.1411,1352100.0
2000-05-08,59.8125,60.4429,59.6616,60.1943,665500.0
2000-05-09,60.2654,60.7626,59.6617,59.8747,1194600.0
2000-05-10,59.3953,59.7149,58.3121,58.7028,1832600.0
2000-05-11,59.0934,60.1766,59.0224,60.0878,1342700.0
2000-05-12,60.2299,60.6738,60.0878,60.3719,999400.0
2000-05-15,60.4962,61.5083,60.2654,61.4817,721400.0
2000-05-16,61.8635,62.3784,61.4728,62.1121,1155300.0
2000-05-17,61.5438,61.7569,61.1177,61.2242,896000.0
2000-05-18,61.3751,61.8279,61.0288,61.0466,931300.0
2000-05-19,60.6449,60.9117,60.0491,60.6449,1394200.0
2000-05-22,60.3959,60.5204,58.9732,60.058,1233400.0
2000-05-23,60.0936,60.1469,59.1954,59.4355,715700.0
2000-05-24,59.6045,60.1469,58.8842,60.0047,1256700.0
2000-05-25,60.1647,60.218,58.3685,58.902,1199600.0
2000-05-26,58.8842,59.1776,58.3507,58.6886,918800.0
2000-05-30,59.2577,60.0402,58.9198,60.0047,822500.0
2000-05-31,59.7735,60.3781,59.7557,59.9335,476100.0
2000-06-01,60.3158,60.8938,59.9513,60.6093,791900.0
2000-06-02,61.8898,62.0143,61.1873,61.1873,751000.0
2000-06-05,61.1073,61.8809,61.1073,61.6052,750600.0
2000-06-06,61.1784,61.4541,60.9294,61.2584,392700.0
2000-06-07,61.1073,61.8542,60.9116,61.6586,895300.0
2000-06-08,61.3029,61.3029,60.5382,60.7694,847900.0
2000-06-09,61.3029,61.3029,60.2625,60.4759,818500.0
2000-06-12,60.6894,60.7161,60.1292,60.1647,429700.0
2000-06-13,59.8623,60.7249,59.6845,60.6093,954000.0
2000-06-14,60.8494,61.1695,60.556,61.0361,614900.0
2000-06-15,60.965,61.3207,60.6894,60.805,647700.0
2000-06-16,60.9536,61.0159,59.5123,59.5123,3000700.0
2000-06-19,59.6546,60.3931,59.4055,60.1262,930300.0
2000-06-20,60.0193,60.0371,59.2542,59.6457,1360800.0
2000-06-21,59.3966,59.9304,59.2987,59.7525,599800.0
2000-06-22,59.5568,59.806,58.8629,59.2187,888200.0
2000-06-23,59.3432,59.7792,59.0941,59.4678,726800.0
2000-06-26,59.7525,60.3397,59.6279,60.3397,1014800.0
2000-06-27,60.1618,60.4999,59.8415,60.0016,415600.0
2000-06-28,60.2152,60.6155,59.8326,60.0016,516900.0
2000-06-29,59.5657,59.966,59.0051,59.361,444300.0
2000-06-30,58.9607,59.5034,58.845,59.4322,655200.0
2000-07-03,59.6457,60.3397,59.4144,60.3397,267700.0
2000-07-05,59.9928,60.2864,59.5835,59.7881,785200.0
2000-07-06,59.9838,60.0461,59.2543,59.8415,330700.0
2000-07-07,60.1084,60.7845,59.877,60.5443,634500.0
2000-07-10,60.3931,61.0515,60.3931,60.6422,387500.0
2000-07-11,60.6244,61.6298,60.5177,61.0693,1001400.0
2000-07-12,61.5853,61.8344,61.2383,61.3896,977100.0
2000-07-13,61.7988,61.8878,61.2828,61.4963,1176200.0
2000-07-14,61.6031,61.7455,61.2828,61.6387,551300.0
2000-07-17,61.4251,61.8878,61.2472,61.4963,690600.0
2000-07-18,61.2472,61.4963,60.9447,61.2828,347600.0
2000-07-19,61.2472,61.5853,60.8913,61.0337,764300.0
2000-07-20,61.3896,62.1191,61.3896,62.1191,657900.0
2000-07-21,61.5922,61.7793,61.0131,61.0131,471000.0
2000-07-24,61.2268,61.4407,60.8348,60.9061,414300.0
2000-07-25,61.209,61.2981,60.8348,60.8883,275600.0
2000-07-26,60.7458,60.8705,60.0954,60.1577,406500.0
2000-07-27,60.2023,60.7191,59.9617,60.4607,804400.0
2000-07-28,60.5943,60.7279,59.6053,59.8726,523100.0
2000-07-31,60.1221,60.4428,59.8013,59.8726,352300.0
2000-08-01,60.1755,60.621,59.8993,60.4428,385600.0
2000-08-02,60.3894,61.1556,60.3716,61.0131,724600.0
2000-08-03,60.4963,61.2893,60.4696,60.9774,658400.0
2000-08-04,61.0844,61.4318,60.8082,61.2982,880100.0
2000-08-07,61.4585,62.1713,61.2179,61.9396,1176900.0
2000-08-08,61.904,62.7059,61.7793,62.5277,807200.0
2000-08-09,62.3851,62.6079,62.1,62.2247,1227000.0
2000-08-10,62.1624,62.4921,62.0644,62.2782,429800.0
2000-08-11,62.2782,63.1692,62.2426,62.9197,1093800.0
2000-08-14,62.884,63.8463,62.7771,63.7037,1212700.0
2000-08-15,63.5701,63.579,63.0801,63.2583,1258400.0
2000-08-16,63.3117,63.4721,62.59,63.3295,1050000.0
2000-08-17,62.7326,63.3563,62.7326,63.2048,590600.0
2000-08-18,63.3279,63.3279,62.7749,63.0425,349000.0
2000-08-21,63.3279,63.435,62.9176,63.435,755100.0
2000-08-22,63.4083,63.9345,63.3637,63.6758,1054000.0
2000-08-23,63.4706,63.8631,63.1674,63.649,602900.0
2000-08-24,63.5956,64.0059,63.4529,63.9524,408400.0
2000-08-25,63.8631,64.0772,63.6669,64.0683,134900.0
2000-08-28,64.0682,64.6926,63.9791,64.3269,531700.0
2000-08-29,64.1842,64.2912,63.9344,64.2377,327200.0
2000-08-30,63.7561,64.0772,63.3279,63.4528,357300.0
2000-08-31,63.6491,64.6391,63.6134,64.2021,889600.0
2000-09-01,64.4696,64.648,64.1217,64.2377,302000.0
2000-09-05,63.8989,64.5768,63.8275,64.4251,375700.0
2000-09-06,64.5232,65.1297,64.5232,64.6124,715300.0
2000-09-07,64.3805,64.6481,64.0861,64.3805,650300.0
2000-09-08,64.0861,64.3805,63.8721,63.988,419300.0
2000-09-11,63.9166,64.5053,63.5955,64.0058,765600.0
2000-09-12,63.8988,64.541,63.4528,64.4518,617600.0
2000-09-13,64.0416,64.22,63.6937,63.9702,353400.0
2000-09-14,64.1233,64.2841,63.2838,63.4535,663000.0
2000-09-15,63.3196,63.4446,62.2836,62.3015,460400.0
2000-09-18,62.5516,62.5694,61.6495,61.8728,1033800.0
2000-09-19,61.9799,61.9799,61.4977,61.712,714100.0
2000-09-20,61.7299,61.9442,60.3188,61.1226,3727200.0
2000-09-21,60.9082,61.7299,60.7296,60.7296,1943500.0
2000-09-22,60.6939,62.23,60.5867,62.1585,1539300.0
2000-09-25,62.0871,62.2836,61.6049,61.7835,552100.0
2000-09-26,61.587,61.6763,60.6761,60.6761,711500.0
2000-09-27,61.0868,61.1047,60.4617,60.8814,612500.0
2000-09-28,60.81,62.0871,60.7743,61.9264,1042400.0
2000-09-29,61.6942,61.8013,60.944,60.944,780400.0
2000-10-02,61.1494,61.3637,60.7832,61.2119,481400.0
2000-10-03,61.3906,62.1765,61.1584,61.1762,2242400.0
2000-10-04,61.4798,62.0871,61.2476,61.6674,1312100.0
2000-10-05,61.7031,62.0514,61.2655,61.4262,652100.0
2000-10-06,61.3012,61.712,60.1402,60.6939,1306700.0
2000-10-09,60.6046,60.8904,60.3456,60.4706,555100.0
2000-10-10,60.5867,60.81,59.9437,59.9616,565500.0
2000-10-11,59.8902,60.4796,59.1936,59.6758,1241600.0
2000-10-12,59.6669,59.6669,57.3092,57.3717,2638900.0
2000-10-13,57.2019,58.4433,57.2019,58.229,1456700.0
2000-10-16,58.4344,58.8363,58.3094,58.7023,566400.0
2000-10-17,58.8541,58.9613,57.3716,57.4966,906200.0
2000-10-18,56.5858,57.6218,55.2997,57.0323,3011000.0
2000-10-19,57.8717,58.2289,57.452,58.2111,1539600.0
2000-10-20,57.7329,58.7702,57.6971,58.5913,1682500.0
2000-10-23,58.7344,59.2978,58.5376,59.0295,866900.0
2000-10-24,59.0921,59.727,58.8596,59.1994,1545400.0
2000-10-25,59.271,59.9149,58.7881,58.8865,1586400.0
2000-10-26,59.0027,59.9327,58.6718,59.3425,2003600.0
2000-10-27,59.7002,60.8985,59.3782,60.7733,1576000.0
2000-10-30,60.5586,62.2041,60.5586,61.9179,4240300.0
2000-10-31,62.3382,62.9105,61.7212,62.6154,4993400.0
2000-11-01,62.4723,62.9105,62.061,62.4723,3410300.0
2000-11-02,62.5081,62.7406,62.1683,62.1773,1556300.0
2000-11-03,62.383,62.383,61.5692,61.9358,1663700.0
2000-11-06,62.0789,63.0268,61.9358,62.9731,2280300.0
2000-11-07,62.8837,62.991,62.5796,62.8121,1136900.0
2000-11-08,63.0089,63.0805,62.2488,62.2488,1464300.0
2000-11-09,61.7749,62.3651,60.8091,61.9358,3839200.0
2000-11-10,61.5781,61.7212,60.666,60.7375,1602200.0
2000-11-13,60.0937,60.8002,59.3783,60.3441,3009800.0
2000-11-14,60.7375,61.7749,60.666,61.4172,1831200.0
2000-11-15,61.1668,61.9537,60.9611,61.4172,626600.0
2000-11-16,61.1131,61.7391,60.9164,61.0237,908100.0
2000-11-17,61.0031,61.9254,60.4749,60.8778,1289700.0
2000-11-20,60.636,60.7434,59.8838,59.9913,1087400.0
2000-11-21,60.1525,60.6718,59.7048,60.3853,814700.0
2000-11-22,59.9555,60.242,59.4541,59.5257,1096100.0
2000-11-24,60.1615,60.3137,59.9197,60.2062,535800.0
2000-11-27,60.8509,61.012,60.439,60.6718,777600.0
2000-11-28,60.4569,60.9583,60.1346,60.3315,1055900.0
2000-11-29,60.4748,61.1374,60.2062,60.7256,1399600.0
2000-11-30,60.3137,60.7077,58.9527,59.8302,1858100.0
2000-12-01,60.1346,60.3853,59.2571,59.4899,2277400.0
2000-12-04,59.0959,60.8688,59.078,60.7256,1971400.0
2000-12-05,61.3165,62.6685,61.1016,62.4268,2005200.0
2000-12-06,62.185,62.382,60.8957,61.1553,1846600.0
2000-12-07,61.1016,61.3881,60.6181,60.7345,895600.0
2000-12-08,61.6926,62.1582,59.7943,59.9018,1716200.0
2000-12-11,61.1016,61.997,61.1016,61.6568,1062600.0
2000-12-12,61.3344,62.2745,61.3344,61.9611,679100.0
2000-12-13,62.4178,62.7133,61.7911,61.9254,813200.0
2000-12-14,61.4956,61.6925,60.9046,61.1284,1241700.0
2000-12-15,60.6679,60.9547,59.5294,59.5294,2231500.0
2000-12-18,60.4886,61.2685,60.4707,61.1788,2611500.0
2000-12-19,61.1161,61.9049,60.5603,60.5872,1554800.0
2000-12-20,59.7177,60.1838,59.0633,59.0633,2413500.0
2000-12-21,59.0005,60.381,58.9647,60.2017,2508500.0
2000-12-22,60.5245,61.3671,60.3631,61.3671,1895200.0
2000-12-26,61.3581,61.7077,60.7934,61.6718,933900.0
2000-12-27,61.385,62.2097,60.9906,62.2097,1769600.0
2000-12-28,61.9228,62.5324,61.7973,62.3889,1100100.0
2000-12-29,62.6219,62.6219,61.2594,61.2594,1552800.0
2001-01-02,61.4925,61.8153,60.5782,61.0444,1468300.0
2001-01-03,61.0443,64.5402,60.5961,62.8371,4409300.0
2001-01-04,62.6131,63.3392,62.389,62.6669,1516600.0
2001-01-05,62.0662,62.1917,60.9547,60.9726,1633900.0
2001-01-08,60.8113,61.4567,60.3093,60.9906,1450200.0
2001-01-09,61.3491,61.3671,60.3273,60.4886,1313100.0
2001-01-10,60.3093,61.1519,60.0045,61.1519,1700300.0
2001-01-11,61.0264,61.116,60.381,60.7754,1605100.0
2001-01-12,60.5424,60.9547,60.0225,60.4348,1645800.0
2001-01-16,60.381,61.2595,60.1301,61.0623,1052400.0
2001-01-17,61.5195,61.6001,60.4976,60.7934,2434700.0
2001-01-18,60.9905,61.6628,60.5782,61.2236,1189400.0
2001-01-19,61.5253,61.5253,60.6279,60.6279,1057700.0
2001-01-22,60.7356,61.1304,60.3407,60.951,851400.0
2001-01-23,60.6638,61.4086,60.6099,61.1663,1362700.0
2001-01-24,61.1843,61.4355,61.0048,61.0766,634400.0
2001-01-25,61.274,61.9919,61.1304,61.633,1228900.0
2001-01-26,61.5252,61.7945,60.9868,61.2381,1536000.0
2001-01-29,61.2295,61.6602,60.9653,61.5109,613500.0
2001-01-30,61.5914,62.6309,61.3387,62.4471,1213200.0
2001-01-31,62.6021,62.8893,62.2001,62.4126,1740200.0
2001-02-01,62.4413,63.32,62.2575,63.1879,1743700.0
2001-02-02,63.0616,63.4005,62.315,62.3896,1936700.0
2001-02-05,62.5275,63.1133,62.4586,63.0616,1516200.0
2001-02-06,62.7745,63.4522,62.7745,62.9353,1184400.0
2001-02-07,62.8836,63.3143,62.6653,62.9582,1712100.0
2001-02-08,63.0904,63.1076,62.4356,62.4471,1213800.0
2001-02-09,62.315,62.6022,61.8383,62.0393,1531700.0
2001-02-12,62.0738,62.9985,62.0451,62.964,1267200.0
2001-02-13,63.0042,63.4062,62.6251,62.763,2354500.0
2001-02-14,62.8089,62.8089,62.0336,62.1886,1814400.0
2001-02-15,62.4298,62.8491,62.2059,62.7974,925400.0
2001-02-16,61.995,62.4322,61.6672,62.2079,1561500.0
2001-02-20,62.3517,62.7543,61.7247,61.8052,1179800.0
2001-02-21,61.6327,61.8283,60.4535,60.5686,1815400.0
2001-02-22,60.7412,60.885,59.7058,60.7699,2671700.0
2001-02-23,60.4535,60.511,59.2456,60.1372,2489200.0
2001-02-26,60.3385,61.3738,59.9703,61.3738,1267800.0
2001-02-27,61.1322,61.6614,60.7411,61.3163,2046300.0
2001-02-28,61.4026,61.6039,59.9761,60.396,2859200.0
2001-03-01,60.0796,60.4535,59.3088,60.2119,2547100.0
2001-03-02,59.5447,60.9654,59.2513,60.2809,2799900.0
2001-03-05,60.5398,60.9079,60.3327,60.7239,1067900.0
2001-03-06,61.2588,61.6269,60.8619,61.0575,1794900.0
2001-03-07,61.4313,61.8915,61.1437,61.8052,2587600.0
2001-03-08,61.5521,62.5702,61.5521,62.4724,2447400.0
2001-03-09,62.1216,62.1216,60.8274,61.0575,3106100.0
2001-03-12,60.6548,62.0295,58.3252,58.6128,4689200.0
2001-03-13,58.9868,59.3894,58.1527,59.1651,6299600.0
2001-03-14,57.6638,58.843,57.0196,57.6293,9402900.0
2001-03-15,58.2332,58.2792,57.4625,57.7501,3576900.0
2001-03-16,57.405,57.958,56.5409,56.6734,4029600.0
2001-03-19,56.9788,57.6067,56.4027,57.4626,4135000.0
2001-03-20,57.6355,58.0099,55.8496,55.8554,4743300.0
2001-03-21,55.8554,56.0628,54.4383,54.6111,7788600.0
2001-03-22,54.4383,54.7493,52.422,53.8334,12445300.0
2001-03-23,54.4325,55.0086,53.747,54.8991,6343300.0
2001-03-26,55.3023,56.1376,55.1814,55.9936,5740500.0
2001-03-27,55.7055,57.3761,55.5327,57.1399,7042500.0
2001-03-28,56.6849,56.875,55.8784,56.2587,5380800.0
2001-03-29,55.9072,57.0132,55.7632,56.5351,5104700.0
2001-03-30,56.6388,57.1976,56.1953,57.1112,5053600.0
2001-04-02,56.6849,57.5893,55.8899,56.1031,8406800.0
2001-04-03,55.9072,55.9936,54.2942,54.323,6530700.0
2001-04-04,54.4383,55.6768,54.012,54.9049,5376800.0
2001-04-05,56.0167,57.3128,55.936,57.2552,5670100.0
2001-04-06,56.7425,56.9153,55.9072,56.5697,5727900.0
2001-04-09,57.284,57.3128,56.2874,56.9269,3701300.0
2001-04-10,56.6273,58.6378,56.6273,58.1654,8755900.0
2001-04-11,59.041,59.0468,57.3762,57.7103,4623500.0
2001-04-12,57.3186,58.6032,57.0305,58.5859,3777300.0
2001-04-16,58.1827,58.7415,57.8947,58.1712,2164100.0
2001-04-17,58.0502,59.018,58.0157,58.9028,3424200.0
2001-04-18,59.4788,61.8983,59.3982,61.305,8816500.0
2001-04-19,61.2934,61.7715,60.8902,61.7427,3677200.0
2001-04-20,61.1115,61.4978,60.6849,61.0827,2753000.0
2001-04-23,60.7367,61.025,60.4197,60.6214,2296500.0
2001-04-24,60.8866,61.3882,60.2179,60.4197,2812900.0
2001-04-25,60.5927,61.4286,60.2179,61.3767,2232600.0
2001-04-26,61.515,62.1434,61.2786,61.6995,2626400.0
2001-04-27,62.0628,62.4317,61.7457,62.3972,3045100.0
2001-04-30,62.547,62.9102,61.7457,61.8149,3978100.0
2001-05-01,61.9475,62.8987,61.861,62.8411,3892600.0
2001-05-02,62.8699,63.1235,62.2415,62.6623,4863600.0
2001-05-03,62.2646,62.3741,61.8437,62.3453,3190400.0
2001-05-04,61.6591,63.308,61.5554,63.3022,5031000.0
2001-05-07,63.1005,63.4348,62.8122,62.9679,2489400.0
2001-05-08,63.21,63.21,62.3798,62.7315,3099900.0
2001-05-09,62.4375,63.0255,62.3222,62.6162,2595900.0
2001-05-10,63.2676,63.3887,62.9044,62.9909,2157800.0
2001-05-11,62.9045,63.0544,62.1723,62.5701,3418400.0
2001-05-14,62.4663,62.8353,62.3279,62.8353,2258600.0
2001-05-15,62.8987,63.2734,62.3452,62.9679,3467400.0
2001-05-16,62.4952,64.9454,62.4664,64.8359,8124000.0
2001-05-17,64.8012,65.5161,64.6571,65.0779,5072100.0
2001-05-18,64.9908,65.3488,64.7078,65.3372,3790100.0
2001-05-21,65.2506,65.5971,64.7598,65.4238,4280900.0
2001-05-22,65.5105,65.5105,64.9446,65.0601,3840800.0
2001-05-23,64.8464,64.9619,64.1304,64.1535,3897400.0
2001-05-24,64.3555,64.5865,63.8358,64.2574,2439600.0
2001-05-25,64.2978,64.2978,63.5241,63.6049,2465700.0
2001-05-29,63.7781,63.9802,63.3797,63.755,2103400.0
2001-05-30,63.5299,63.859,62.7388,62.9409,3908700.0
2001-05-31,63.0853,63.4779,62.7966,62.9871,2087200.0
2001-06-01,63.2296,63.7781,62.5944,63.7781,2390100.0
2001-06-04,63.6627,64.0496,63.2296,63.9052,1067100.0
2001-06-05,63.9225,64.7771,63.7782,64.6501,1919600.0
2001-06-06,64.5866,64.6386,63.9283,64.1246,2137400.0
2001-06-07,63.7782,64.1651,63.605,64.0438,2334000.0
2001-06-08,63.9802,63.9802,63.1429,63.3739,1405600.0
2001-06-11,63.2585,63.4317,62.8254,63.143,2264700.0
2001-06-12,62.7619,63.5183,62.3346,63.2469,2369500.0
2001-06-13,63.3739,63.6627,62.8023,62.8312,2241600.0
2001-06-14,62.5655,62.5655,61.5146,61.555,3475600.0
2001-06-15,61.503,62.0174,61.0694,61.6764,4091800.0
2001-06-18,61.503,61.9654,61.3874,61.8498,2400000.0
2001-06-19,61.9943,62.1735,61.0695,61.3758,4168800.0
2001-06-20,61.2429,61.9308,61.0811,61.6938,3386000.0
2001-06-21,61.4741,62.2834,61.2718,61.9308,3673100.0
2001-06-22,61.8209,61.8209,61.1562,61.4105,1695900.0
2001-06-25,61.6012,61.6186,60.5608,60.7284,2237400.0
2001-06-26,60.4625,60.9827,60.1215,60.4741,2550400.0
2001-06-27,60.6243,60.9249,60.1503,60.4047,1937200.0
2001-06-28,60.7342,61.7516,60.6938,61.0926,2888600.0
2001-06-29,61.185,61.3873,60.7862,60.8324,1571400.0
2001-07-02,60.5666,61.6071,60.4336,61.3932,1604000.0
2001-07-03,61.2429,61.3007,60.896,61.3007,642500.0
2001-07-05,60.8383,61.1215,60.4915,60.4915,1072000.0
2001-07-06,60.4799,60.4799,59.1446,59.2834,2707600.0
2001-07-09,59.5088,59.7631,59.1446,59.451,2770800.0
2001-07-10,59.7689,59.8267,58.7862,58.8267,2083100.0
2001-07-11,58.9769,59.4972,58.5781,59.2775,3559600.0
2001-07-12,59.7977,60.8671,59.659,60.7804,3186600.0
2001-07-13,60.5492,61.0983,60.3469,61.0868,1200700.0
2001-07-16,60.9597,61.1793,60.4452,60.7227,912400.0
2001-07-17,60.4625,61.555,60.3758,61.3585,1513100.0
2001-07-18,60.896,61.318,60.6359,61.0405,2256500.0
2001-07-19,61.7226,61.8498,60.9249,61.5029,1638000.0
2001-07-20,61.077,61.3779,60.9613,61.2217,1203300.0
2001-07-23,61.4648,61.5285,60.0356,60.1224,1805900.0
2001-07-24,60.0644,60.2785,59.0229,59.399,2675700.0
2001-07-25,59.4279,60.3191,59.3527,60.1513,2227400.0
2001-07-26,60.0066,60.6084,59.5148,60.5506,2436500.0
2001-07-27,60.4984,60.5852,60.0702,60.3827,1409500.0
2001-07-30,60.5563,60.5563,59.9661,60.2207,824500.0
2001-07-31,60.3248,61.3664,60.2728,60.7762,2736600.0
2001-08-01,61.2102,61.3722,60.6836,60.9266,2099400.0
2001-08-02,61.4821,61.4821,60.8919,61.106,1675000.0
2001-08-03,61.1639,61.1639,60.3885,60.9787,1950900.0
2001-08-06,60.7589,60.8051,60.0934,60.1455,1552700.0
2001-08-07,60.238,60.6893,60.0239,60.5042,2502500.0
2001-08-08,60.2901,60.7183,59.4279,59.5783,4010000.0
2001-08-09,59.5958,59.7462,59.0981,59.6883,5422800.0
2001-08-10,59.5611,60.4464,59.0345,60.3133,4504000.0
2001-08-13,60.2959,60.4985,60.0355,60.2901,2801800.0
2001-08-14,60.4695,60.7415,60.1628,60.3596,1329100.0
2001-08-15,60.3596,60.6663,59.9024,59.9314,2354500.0
2001-08-16,59.7867,60.3249,59.5379,60.3249,3778100.0
2001-08-17,59.756,60.0282,59.0202,59.3794,3423400.0
2001-08-20,59.3214,60.0166,59.1766,60.005,2005200.0
2001-08-21,59.9587,60.1847,58.777,58.8001,3860600.0
2001-08-22,59.2056,59.8023,58.7711,59.5995,5700500.0
2001-08-23,59.4663,59.6923,59.223,59.3505,2266300.0
2001-08-24,59.5242,60.8103,59.3099,60.6134,2789300.0
2001-08-27,60.538,60.6018,60.1962,60.1962,2574400.0
2001-08-28,60.2426,60.2426,59.2346,59.2751,2799200.0
2001-08-29,59.4952,59.5821,58.4525,58.6205,3113300.0
2001-08-30,58.244,58.7769,57.2534,57.5025,5706100.0
2001-08-31,57.5836,58.3193,57.3924,57.8616,3670700.0
2001-09-04,57.7574,59.1303,57.5604,57.9138,8618800.0
2001-09-05,57.9311,58.4815,57.3576,58.2555,7027300.0
2001-09-06,57.8153,58.047,56.9637,56.9753,5873600.0
2001-09-07,56.5466,56.9058,55.4401,55.527,10479200.0
2001-09-10,55.1331,56.1701,55.0636,55.8746,8726900.0
2001-09-17,52.4276,53.4704,51.5297,51.6166,13237400.0
2001-09-18,51.9932,52.4277,51.0953,51.7905,6816000.0
2001-09-19,51.8078,52.0222,49.1835,50.6724,9969500.0
2001-09-20,50.1104,50.3422,48.3725,48.4594,10182100.0
2001-09-21,46.4794,49.3536,46.1601,48.0762,12533400.0
2001-09-24,49.6206,50.3348,49.0632,50.0503,7953200.0
2001-09-25,50.0793,50.6309,49.3826,50.4568,7317500.0
2001-09-26,50.7413,50.8051,49.5278,49.9632,3981600.0
2001-09-27,49.9342,50.509,49.2374,50.3697,4621500.0
2001-09-28,50.66,51.5251,50.5439,51.2987,8187100.0
2001-10-01,51.0084,51.5019,50.718,51.4903,5514500.0
2001-10-02,51.2812,52.0825,51.1186,52.0825,4845300.0
2001-10-03,51.531,53.2148,51.4729,52.9535,7744300.0
2001-10-04,53.3599,53.4063,52.4889,52.7792,8186900.0
2001-10-05,52.547,53.1277,52.007,52.907,8074100.0
2001-10-08,52.3729,53.1974,52.2858,52.6632,4774300.0
2001-10-09,52.8315,52.8954,52.3438,52.6225,2580500.0
2001-10-10,52.3728,53.8767,52.2973,53.7373,6862500.0
2001-10-11,54.0567,54.8986,53.9696,54.6954,14720200.0
2001-10-12,54.1147,54.5734,53.4179,54.3411,6561400.0
2001-10-15,53.9986,54.405,53.6909,54.3296,3774700.0
2001-10-16,54.5212,54.7534,54.016,54.5502,4445000.0
2001-10-17,55.2179,55.2644,53.4238,53.4238,14080700.0
2001-10-18,53.5631,53.7489,53.0986,53.4122,2821400.0
2001-10-19,53.2721,53.679,52.8071,53.4174,3465800.0
2001-10-22,53.4174,54.7252,53.3012,54.6671,3788200.0
2001-10-23,54.8705,54.9519,53.9405,54.4055,3764900.0
2001-10-24,54.4346,54.638,53.9696,54.3183,2824200.0
2001-10-25,53.7661,55.2134,53.3244,55.2076,3775300.0
2001-10-26,54.888,55.8587,54.7833,55.3588,3639300.0
2001-10-29,55.2484,55.5157,53.5046,54.0917,3040800.0
2001-10-30,53.5336,53.5627,52.7082,52.9814,4090800.0
2001-10-31,53.429,53.7255,52.6618,52.7083,4741700.0
2001-11-01,52.9814,54.0509,52.4002,53.7661,3984800.0
2001-11-02,53.7662,54.3881,53.5453,54.2951,2647400.0
2001-11-05,54.7833,55.1437,54.6962,54.9287,2273500.0
2001-11-06,54.7833,55.8877,54.5508,55.8877,3113200.0
2001-11-07,55.4402,56.1493,55.3704,55.6553,2955300.0
2001-11-08,55.9749,56.6143,55.6029,55.9342,3953300.0
2001-11-09,55.6668,56.0911,55.382,55.9807,2739100.0
2001-11-12,55.3355,55.8702,54.638,55.5273,4122500.0
2001-11-13,56.2597,56.8758,56.1551,56.8468,4026000.0
2001-11-14,57.2246,57.4803,56.7189,57.2827,2772100.0
2001-11-15,57.1374,57.6896,57.0851,57.6257,3540500.0
2001-11-16,57.717,57.8218,57.0477,57.5482,3945800.0
2001-11-19,57.8859,58.2875,57.5657,58.2642,2794300.0
2001-11-20,58.0314,58.2002,57.6531,57.6996,3313500.0
2001-11-21,57.6821,57.6821,57.1117,57.2747,3219200.0
2001-11-23,57.362,58.1769,57.3038,58.1478,873900.0
2001-11-26,58.1769,58.2933,57.6821,58.0896,2250800.0
2001-11-27,57.915,58.2875,57.2806,57.5774,5033100.0
2001-11-28,57.2863,57.3271,56.5529,56.6344,3206200.0
2001-11-29,56.78,57.5134,56.4947,57.5075,2597100.0
2001-11-30,57.2863,57.7112,57.1001,57.3853,3416100.0
2001-12-03,57.1001,57.1001,56.582,56.9255,1779200.0
2001-12-04,57.2165,57.8859,56.7975,57.8859,2617500.0
2001-12-05,58.0489,59.1955,57.9732,58.9045,2938700.0
2001-12-06,58.9161,59.341,58.788,58.9626,3566000.0
2001-12-07,58.6833,58.9278,58.305,58.7299,3954900.0
2001-12-10,58.4097,58.788,57.8276,57.8567,2329700.0
2001-12-11,58.0838,58.4912,57.5076,57.6531,3352000.0
2001-12-12,57.8568,58.0023,57.1059,57.7578,3120800.0
2001-12-13,57.2165,57.5017,56.7625,56.8091,2976500.0
2001-12-14,56.9313,57.5017,56.809,57.3911,3638200.0
2001-12-17,57.2456,57.9731,57.2397,57.7985,2430900.0
2001-12-18,58.1245,58.4388,57.979,58.4388,1557500.0
2001-12-19,57.9732,58.887,57.8335,58.8812,2250900.0
2001-12-20,58.6717,58.8288,58.2642,58.3282,2260600.0
2001-12-21,58.6508,58.7791,58.3358,58.6216,2951100.0
2001-12-24,58.6333,58.785,58.5633,58.6158,372500.0
2001-12-26,58.6158,59.3799,58.5983,58.9891,1462000.0
2001-12-27,58.9832,59.2341,58.8491,59.1991,1850300.0
2001-12-28,59.3216,59.4616,58.9891,59.0066,1401100.0
2001-12-31,59.1116,59.1875,58.1317,58.2134,1706300.0
2002-01-02,58.61,58.855,57.98,58.8258,2843500.0
2002-01-03,58.7966,59.4907,58.6974,59.4674,1465800.0
2002-01-04,59.7066,60.0507,59.5082,59.9749,2288900.0
2002-01-07,60.0041,60.1616,59.4325,59.5783,2485200.0
2002-01-08,59.3799,59.6424,59.0883,59.3449,5034200.0
2002-01-09,59.4674,60.074,58.75,58.8316,3587500.0
2002-01-10,58.8841,59.0066,58.5633,58.855,2766300.0
2002-01-11,58.8666,58.9716,58.2425,58.3708,2473600.0
2002-01-14,58.1783,58.2483,57.6942,57.8342,3472000.0
2002-01-15,57.9508,58.3183,57.5834,58.0383,2979800.0
2002-01-16,57.5134,57.7467,56.6093,56.6618,5160600.0
2002-01-17,57.0701,57.6009,56.8834,57.2976,3493700.0
2002-01-18,56.9116,57.4371,56.6314,57.1569,3446800.0
2002-01-22,57.4137,57.5363,56.6313,56.7948,1951100.0
2002-01-23,56.8941,57.116,56.5614,56.8649,3672900.0
2002-01-24,57.1802,57.6006,57.0751,57.2619,3954400.0
2002-01-25,57.0167,57.834,56.9641,57.4954,3244800.0
2002-01-28,57.7173,57.8224,57.221,57.729,1713400.0
2002-01-29,57.7699,57.9217,56.106,56.1585,4651500.0
2002-01-30,56.3395,57.1452,55.6389,57.1218,6106800.0
2002-01-31,57.2444,57.98,57.0926,57.9392,3945600.0
2002-02-01,57.8632,58.126,57.5888,57.9625,3651500.0
2002-02-04,57.8575,57.8575,56.503,56.6314,6935100.0
2002-02-05,56.3687,57.1218,56.106,56.5147,5755800.0
2002-02-06,56.6489,56.9116,56.1351,56.4153,4384700.0
2002-02-07,56.4738,56.9817,56.1352,56.1468,2955200.0
2002-02-08,56.3979,57.0518,55.96,56.9934,4380000.0
2002-02-11,56.9817,57.8633,56.8299,57.7115,2169100.0
2002-02-12,57.4838,57.9392,57.332,57.6765,1341100.0
2002-02-13,57.8925,58.4938,57.7932,58.4121,3350100.0
2002-02-14,58.6164,58.8441,58.2369,58.558,6434900.0
2002-02-15,58.52,58.5668,57.8945,57.9646,3838800.0
2002-02-19,57.6431,57.8185,56.9241,57.0118,3716300.0
2002-02-20,57.2748,58.4148,56.9416,58.3564,7177100.0
2002-02-21,58.0933,58.7305,57.497,57.5145,10841000.0
2002-02-22,57.5847,58.6078,57.3158,58.4499,8244600.0
2002-02-25,58.4967,59.5957,58.4499,59.4028,8931500.0
2002-02-26,59.4846,59.6892,58.6662,59.1163,12740300.0
2002-02-27,59.5723,60.04,58.8416,59.4262,7881200.0
2002-02-28,59.5431,59.9874,59.1046,59.1046,5257900.0
2002-03-01,59.508,60.8,59.1865,60.7065,8306600.0
2002-03-04,60.9169,62.1154,60.8468,61.9225,8199400.0
2002-03-05,61.5893,62.0862,60.9988,61.256,10708700.0
2002-03-06,61.1742,62.1447,61.1508,61.9284,7636800.0
2002-03-07,62.2557,62.2616,61.297,61.7471,7721200.0
2002-03-08,62.2557,62.4896,61.677,61.9634,6329100.0
2002-03-11,61.8231,62.3902,61.5776,62.0336,4433500.0
2002-03-12,61.5484,62.3493,61.4607,62.3376,7747000.0
2002-03-13,61.9517,62.0745,61.3262,61.5717,9755000.0
2002-03-14,61.5776,61.8465,61.3612,61.6068,5410700.0
2002-03-15,61.7702,62.1683,61.577,62.1507,9864800.0
2002-03-18,62.2678,62.5196,61.6355,61.858,4856100.0
2002-03-19,62.2971,62.5606,62.0629,62.4669,9935600.0
2002-03-20,62.0219,62.0219,61.4364,61.4423,5363300.0
2002-03-21,61.4773,62.098,60.6635,61.2256,10270300.0
2002-03-22,61.3369,61.5008,60.8685,61.0266,4597900.0
2002-03-25,61.0031,61.2373,60.2127,60.3064,5864700.0
2002-03-26,60.2244,61.1378,60.1893,60.7572,4583800.0
2002-03-27,60.6284,61.2724,60.5405,61.0675,5929100.0
2002-03-28,61.2432,61.5476,60.7162,60.7221,4062300.0
2002-04-01,60.5172,60.8333,60.1132,60.5172,6331300.0
2002-04-02,60.2947,60.5113,60.119,60.4001,3131400.0
2002-04-03,60.6343,60.6343,59.3989,59.92,7807100.0
2002-04-04,59.6917,60.1776,59.5043,59.8556,9099300.0
2002-04-05,60.3181,60.5874,59.8614,60.2713,7602400.0
2002-04-08,59.3111,60.1659,59.194,60.1308,4378600.0
2002-04-09,60.4059,60.4352,59.756,59.879,7859700.0
2002-04-10,59.9669,60.9681,59.9317,60.8334,7545100.0
2002-04-11,60.5582,60.7865,59.4984,59.5745,4403800.0
2002-04-12,59.9551,60.0429,59.434,59.715,5885900.0
2002-04-15,59.8497,59.9785,58.9891,59.1471,5137300.0
2002-04-16,59.879,60.4411,59.7268,60.3884,2597200.0
2002-04-17,60.5523,60.5523,59.7209,59.961,2513800.0
2002-04-18,59.9551,60.16,58.9129,59.7092,5819200.0
2002-04-19,60.2706,60.3058,59.8897,60.1241,2323900.0
2002-04-22,59.8897,60.0421,59.2509,59.4092,3830300.0
2002-04-23,59.5088,59.708,59.0224,59.2568,4236100.0
2002-04-24,59.2568,59.6201,58.747,58.747,2849700.0
2002-04-25,58.6005,58.9521,58.1903,58.8935,4995700.0
2002-04-26,59.1279,60.3585,57.868,57.9207,4240300.0
2002-04-29,58.2196,58.3075,57.5046,57.5457,4587300.0
2002-04-30,57.8211,58.7177,57.5867,58.3016,3800000.0
2002-05-01,58.3895,59.2216,57.6336,59.1513,8628400.0
2002-05-02,59.0048,59.3916,58.8408,59.2217,2519700.0
2002-05-03,59.0282,59.122,58.2781,58.577,4595200.0
2002-05-06,58.577,58.7997,57.405,57.487,4666600.0
2002-05-07,57.9207,58.243,57.4754,57.5457,5486400.0
2002-05-08,58.536,59.5849,58.4891,59.3505,4824500.0
2002-05-09,59.2217,59.5264,58.747,58.8935,3601000.0
2002-05-10,59.0224,59.0634,58.1785,58.3016,4668600.0
2002-05-13,58.5536,59.333,58.2079,59.3272,4081200.0
2002-05-14,60.2119,60.4756,59.8603,60.417,4455500.0
2002-05-15,60.1592,60.7862,60.001,60.3174,3680200.0
2002-05-16,60.1475,60.5988,59.7432,60.464,2364100.0
2002-05-17,60.5679,60.8143,60.2275,60.6911,2310500.0
2002-05-20,60.4857,60.5443,59.9517,60.1395,2868700.0
2002-05-21,60.3214,60.4094,59.2182,59.4882,2206600.0
2002-05-22,59.271,59.7053,59.1009,59.6114,2705500.0
2002-05-23,59.852,60.1043,59.2652,60.0045,2511400.0
2002-05-24,59.8519,60.0867,59.2182,59.2769,1944000.0
2002-05-28,59.4647,59.4705,58.5376,58.7605,2558300.0
2002-05-29,58.4789,58.7136,58.2735,58.297,2816200.0
2002-05-30,58.0681,58.5082,57.628,58.2911,5263000.0
2002-05-31,58.5904,59.0657,58.209,58.2383,4762200.0
2002-06-03,58.2559,58.743,56.8652,56.8887,5602000.0
2002-06-04,56.9063,57.3288,56.3958,56.9826,5598900.0
2002-06-05,57.0823,57.6808,56.9767,57.6398,3750000.0
2002-06-06,57.5752,57.6222,56.4075,56.6422,4875100.0
2002-06-07,55.9322,56.7126,55.6682,56.4603,5917100.0
2002-06-10,56.478,57.1469,56.1787,56.7362,3823400.0
2002-06-11,57.006,57.4168,55.8911,55.9616,4207100.0
2002-06-12,55.8266,56.695,55.5567,56.6187,4807200.0
2002-06-13,56.3664,56.6598,55.8031,55.9674,3775900.0
2002-06-14,55.1635,55.8266,54.3127,55.7444,7309400.0
2002-06-17,56.0672,57.0354,55.9792,56.9591,3785900.0
2002-06-18,56.7713,57.5048,56.6716,57.4461,2704200.0
2002-06-19,56.6305,57.3171,55.6917,56.2198,6932900.0
2002-06-20,56.12,56.4017,55.4041,55.4335,5505800.0
2002-06-21,55.1231,55.4993,54.1708,54.5646,4570700.0
2002-06-24,54.0885,55.2583,53.3889,54.7586,6756700.0
2002-06-25,55.1054,55.3994,53.5241,53.5947,7920100.0
2002-06-26,52.5306,54.0767,52.3484,53.6299,7571300.0
2002-06-27,54.1767,54.5999,53.0833,54.5882,6814900.0
2002-06-28,54.4471,55.1349,54.3354,54.3942,5059200.0
2002-07-01,54.4765,54.888,53.4947,53.53,4088300.0
2002-07-02,53.5182,53.8357,52.7305,53.0538,8246300.0
2002-07-03,52.7893,53.4477,52.3778,53.2772,7801400.0
2002-07-05,53.8474,55.3582,53.7828,55.3582,3042400.0
2002-07-08,55.0525,55.37,54.3765,54.6469,4144900.0
2002-07-09,54.5411,54.9585,53.4418,53.6064,5230600.0
2002-07-10,53.8181,53.8475,51.7312,51.9075,8988300.0
2002-07-11,51.5019,52.2015,50.6554,51.8135,10064900.0
2002-07-12,52.025,52.1426,50.6201,50.9375,8371300.0
2002-07-15,50.7965,51.1257,48.498,51.0199,19684400.0
2002-07-16,50.2615,50.8846,49.4738,49.997,11732600.0
2002-07-17,50.9199,51.4372,49.7031,50.238,9671900.0
2002-07-18,50.2968,50.82,49.2916,49.2916,8068300.0
2002-07-19,48.6339,48.9342,46.8732,47.1087,16165500.0
2002-07-22,46.7377,47.9861,45.401,45.9663,24645000.0
2002-07-23,46.1253,46.6435,45.2008,45.4422,21734000.0
2002-07-24,44.606,48.5808,44.3293,48.3453,24784000.0
2002-07-25,48.1392,48.993,46.667,48.1568,20978400.0
2002-07-26,48.6103,48.8459,47.7918,48.787,9383300.0
2002-07-29,49.6997,51.4544,49.629,51.0658,14891900.0
2002-07-30,50.8479,51.6723,50.2944,51.2601,15083800.0
2002-07-31,51.0128,51.4603,50.2826,51.319,10756000.0
2002-08-01,51.1483,51.3897,49.9117,49.9764,12715600.0
2002-08-02,49.8763,50.1413,48.304,48.993,12992600.0
2002-08-05,48.8163,49.0224,47.2853,47.3854,8641400.0
2002-08-06,48.3158,49.6584,48.1981,48.8752,12131400.0
2002-08-07,49.47,49.9646,48.4336,49.8468,12801400.0
2002-08-08,50.1001,51.4368,49.6643,51.3779,14268400.0
2002-08-09,50.9657,51.9609,50.5359,51.584,12693100.0
2002-08-12,50.8656,51.5192,50.63,51.2248,8905500.0
2002-08-13,50.9539,51.637,49.8881,50.0235,12022300.0
2002-08-14,50.053,51.7312,49.2874,51.5074,15180300.0
2002-08-15,51.849,52.3789,51.2483,52.0138,15213000.0
2002-08-16,51.6601,52.2143,51.3653,51.725,8888600.0
2002-08-19,51.607,53.14,51.5893,53.0161,9593900.0
2002-08-20,52.6625,52.8511,52.0316,52.4738,10107600.0
2002-08-21,52.7391,53.0633,51.8901,53.0339,12027700.0
2002-08-22,52.9159,53.6529,52.6801,53.4348,9013200.0
2002-08-23,52.9985,53.6529,52.12,52.3086,8041900.0
2002-08-26,52.4679,52.8983,51.6483,52.6683,8066100.0
2002-08-27,53.0515,53.3228,51.8547,52.1789,9351100.0
2002-08-28,51.7426,51.8783,51.0469,51.3417,8161100.0
2002-08-29,50.8229,51.6719,50.1507,51.1471,9045200.0
2002-08-30,50.8229,51.9018,50.7344,51.0115,9528400.0
2002-09-03,50.4219,50.5045,49.001,49.0305,12002400.0
2002-09-04,49.284,49.9916,48.9067,49.6083,11734700.0
2002-09-05,49.0128,49.4963,48.435,49.172,13496700.0
2002-09-06,49.7086,50.1154,49.4668,49.8324,9178300.0
2002-09-09,49.455,50.6047,49.113,50.2215,8296800.0
2002-09-10,50.5693,50.9997,50.2215,50.9938,8951200.0
2002-09-11,51.5245,51.8783,50.5163,50.5163,6677700.0
2002-09-12,50.304,50.363,49.3725,49.6083,7140200.0
2002-09-13,49.1956,49.4491,48.7593,49.2486,9613400.0
2002-09-16,48.9657,49.6437,48.7888,49.6142,5978000.0
2002-09-17,50.1272,50.2864,48.3407,48.4409,13073100.0
2002-09-18,47.9987,48.8772,47.6214,48.0046,11649100.0
2002-09-19,47.4563,48.0459,46.8726,46.9552,12834900.0
2002-09-20,47.2075,48.0172,46.8056,47.0834,9374000.0
2002-09-23,46.6993,46.8234,46.0669,46.5693,9102200.0
2002-09-24,45.9251,46.5693,45.2691,45.5469,15202100.0
2002-09-25,46.126,46.7407,45.2987,46.4865,11780000.0
2002-09-26,46.7938,47.438,46.451,47.1661,11281800.0
2002-09-27,46.8115,46.9829,45.4168,45.4168,10727500.0
2002-09-30,44.9441,45.4818,44.0871,44.9145,17215400.0
2002-10-01,45.3105,47.308,44.8849,47.2784,15772300.0
2002-10-02,46.7229,47.2075,45.6769,46.0492,13694600.0
2002-10-03,46.3801,46.9238,45.5055,45.73,13741400.0
2002-10-04,46.0551,46.1024,44.2112,44.8909,16881400.0
2002-10-07,44.4595,45.2986,43.8153,44.1699,13419900.0
2002-10-08,44.4949,45.21,43.378,44.554,21139100.0
2002-10-09,43.7503,44.1699,43.0825,43.2125,20801400.0
2002-10-10,43.1415,44.7963,42.5683,44.5717,21248700.0
2002-10-11,45.3577,46.8116,45.2336,46.6815,23525600.0
2002-10-14,46.0669,46.9238,45.8483,46.652,12540500.0
2002-10-15,48.1649,48.9627,47.9285,48.9331,17099700.0
2002-10-16,48.2299,48.5195,47.4084,47.7512,17516400.0
2002-10-17,49.2523,49.5182,48.5195,48.9568,13087900.0
2002-10-18,48.6047,49.3976,48.2201,49.1727,10921300.0
2002-10-21,48.8177,50.6758,48.7231,50.5456,14045400.0
2002-10-22,49.9361,50.303,49.587,50.1373,10740000.0
2002-10-23,49.7053,50.4391,49.1136,50.4332,12054500.0
2002-10-24,50.6995,50.8238,48.9835,49.1314,12298300.0
2002-10-25,49.0071,50.1136,48.8473,50.0781,12061600.0
2002-10-28,50.6284,50.7705,49.2911,49.7231,8822300.0
2002-10-29,49.5338,49.8237,48.4332,49.5338,13946200.0
2002-10-30,49.6343,50.2674,49.2083,49.9124,9937800.0
2002-10-31,50.0545,50.3859,49.3681,49.5574,10202300.0
2002-11-01,49.4095,50.658,49.232,50.4746,9539200.0
2002-11-04,51.232,51.7764,50.6521,50.7113,12260600.0
2002-11-05,50.6048,51.5101,50.5929,51.4214,10785400.0
2002-11-06,51.7646,52.161,50.8355,52.1018,17454500.0
2002-11-07,51.5989,51.7054,50.6226,50.9184,9715600.0
2002-11-08,50.8415,51.445,50.3799,50.4628,9416900.0
2002-11-11,50.3858,50.3977,49.4746,49.6817,7270300.0
2002-11-12,49.8592,50.4982,49.587,49.8828,9213000.0
2002-11-13,49.5456,50.4391,49.2201,50.0604,16988200.0
2002-11-14,50.4214,50.7705,49.9125,50.6818,8668000.0
2002-11-15,50.2701,50.9996,50.0921,50.9225,7217000.0
2002-11-18,51.3081,51.4623,50.3591,50.365,5612900.0
2002-11-19,50.0921,50.7683,49.9141,50.4539,6069700.0
2002-11-20,50.2403,51.5868,50.1573,51.5631,8535000.0
2002-11-21,51.7174,52.6961,51.5513,52.6367,9367500.0
2002-11-22,52.3461,52.785,52.2571,52.3105,7770100.0
2002-11-25,52.3046,52.7613,52.0317,52.4825,6356500.0
2002-11-26,52.1622,52.5537,51.5157,51.5454,5853600.0
2002-11-27,51.9902,53.1765,51.9546,53.1053,8264700.0
2002-11-29,53.2062,53.2655,52.6842,52.7317,3058100.0
2002-12-02,53.6214,53.7756,52.2156,52.7139,8928700.0
2002-12-03,52.3165,52.4292,51.8479,52.1563,7011500.0
2002-12-04,51.5691,52.4351,51.4267,52.0495,9947600.0
2002-12-05,52.18,52.2868,51.1835,51.3793,6918800.0
2002-12-06,50.6793,51.6284,50.4777,51.5038,9463600.0
2002-12-09,50.9937,51.1657,50.276,50.276,5605500.0
2002-12-10,50.62,51.0174,50.3709,50.8632,6091300.0
2002-12-11,50.709,51.3081,50.4954,51.0056,5671900.0
2002-12-12,51.1598,51.3081,50.5726,50.8039,5282100.0
2002-12-13,50.3234,50.6853,50.0447,50.0447,6491200.0
2002-12-16,50.3768,51.4267,50.2878,51.4267,5622800.0
2002-12-17,51.0886,51.4208,50.703,50.7564,4202300.0
2002-12-18,50.5073,50.5548,50.0387,50.2997,6711400.0
2002-12-19,50.0447,50.6437,49.5642,49.8311,7277200.0
2002-12-20,50.1522,50.7587,49.7538,50.7528,4713900.0
2002-12-23,50.4377,51.1334,50.3544,50.628,4688300.0
2002-12-24,50.3544,50.5388,50.2414,50.3247,1449500.0
2002-12-26,50.4853,50.961,50.0095,50.2771,2966200.0
2002-12-27,50.0095,50.3068,49.2959,49.3316,5971500.0
2002-12-30,49.5338,49.8252,49.1176,49.5635,5939300.0
2002-12-31,49.5219,49.7895,49.0462,49.6587,5609400.0
2003-01-02,50.0393,51.3356,49.9203,51.2464,7451400.0
2003-01-03,51.1393,51.4604,50.9134,51.3534,4608500.0
2003-01-06,51.3177,52.4416,51.175,52.1324,5957000.0
2003-01-07,52.1205,52.4654,51.8529,52.1621,6756000.0
2003-01-08,51.8529,51.8529,51.0858,51.2404,9215000.0
2003-01-09,51.5258,52.3405,51.514,52.1978,8806000.0
2003-01-10,51.6864,52.5546,51.5556,52.3227,7426900.0
2003-01-13,52.6319,52.8519,52.0789,52.3821,6227800.0
2003-01-14,52.2097,52.6735,51.8172,52.5903,4361500.0
2003-01-15,52.6854,52.7448,51.8231,52.1383,5521600.0
2003-01-16,52.18,52.4654,51.6567,51.9124,6486800.0
2003-01-17,51.4239,51.7392,50.9776,51.2394,6485200.0
2003-01-21,51.3822,51.4119,50.2516,50.3885,6430900.0
2003-01-22,50.0612,50.3052,49.478,49.603,8249100.0
2003-01-23,49.8053,50.0017,49.2043,49.6506,9120000.0
2003-01-24,49.5673,49.6447,48.3058,48.4367,10175000.0
2003-01-27,48.0797,48.6748,47.3716,47.6929,10515700.0
2003-01-28,47.9488,48.3653,47.6631,48.0559,7463000.0
2003-01-29,47.6989,48.6271,47.318,48.2463,12052000.0
2003-01-30,48.3772,48.5379,47.1871,47.1871,10124300.0
2003-01-31,47.0919,48.2166,47.0919,48.1035,10294800.0
2003-02-03,48.1809,48.5736,48.0916,48.2701,5464800.0
2003-02-04,47.8357,48.0499,47.2466,47.8892,6720200.0
2003-02-05,48.0856,48.6092,47.3656,47.675,9330800.0
2003-02-06,47.4489,47.6929,47.0086,47.4073,8836300.0
2003-02-07,47.6691,47.7464,46.6515,46.9193,7624500.0
2003-02-10,46.9848,47.324,46.4731,47.2645,7264700.0
2003-02-11,47.5025,47.6155,46.5326,46.8301,7894600.0
2003-02-12,46.723,46.9134,46.241,46.2529,6864700.0
2003-02-13,46.2351,46.5147,45.5329,46.4255,8574200.0
2003-02-14,46.4731,47.3775,46.0982,47.3656,10643900.0
2003-02-18,47.6036,48.2284,47.5322,48.1094,8393400.0
2003-02-19,47.919,48.038,47.4251,47.925,5357700.0
2003-02-20,47.9309,48.0321,47.1752,47.3775,5209100.0
2003-02-21,47.4724,48.0813,46.8875,47.8962,7826700.0
2003-02-24,47.6456,47.7231,46.9173,46.983,6710800.0
2003-02-25,46.5293,47.3948,46.0936,47.3531,8146000.0
2003-02-26,47.0546,47.3889,46.5831,46.7144,6351600.0
2003-02-27,46.9651,47.4307,46.4995,47.18,9911300.0
2003-02-28,47.2575,47.6216,46.9292,47.3411,9119400.0
2003-03-03,47.562,47.7112,46.7562,46.9114,7116100.0
2003-03-04,46.8277,46.8397,46.0816,46.1174,5168800.0
2003-03-05,45.9921,46.4935,45.813,46.4637,7606000.0
2003-03-06,46.1592,46.4994,45.8011,45.8846,8054100.0
2003-03-07,45.3355,46.3084,45.234,46.2905,11889500.0
2003-03-10,45.813,45.9802,45.1684,45.234,7240100.0
2003-03-11,45.3355,45.7056,44.9057,44.9773,8543500.0
2003-03-12,44.8341,45.234,44.3565,45.2161,10315700.0
2003-03-13,45.8429,46.8576,45.5623,46.8218,12660000.0
2003-03-14,47.0665,47.4844,46.6487,47.1322,12985500.0
2003-03-17,46.7263,48.7976,46.4756,48.6245,14688600.0
2003-03-18,48.8274,49.1557,48.4096,49.0304,11246200.0
2003-03-19,49.1498,49.5437,48.5827,49.496,9366300.0
2003-03-20,49.1259,49.8123,48.6304,49.6153,14858500.0
2003-03-21,50.0959,51.0162,49.7851,50.8788,17259100.0
2003-03-24,49.8748,49.9883,48.9364,49.1516,16257600.0
2003-03-25,49.1695,49.8986,48.9185,49.4922,12104400.0
2003-03-26,49.4205,49.5998,48.9842,49.2352,9405800.0
2003-03-27,48.781,49.3727,48.512,49.026,9004000.0
2003-03-28,48.7392,49.0978,48.53,48.7511,6382700.0
2003-03-31,48.0519,48.3507,47.4423,47.7052,13382600.0
2003-04-01,47.9742,48.4702,47.6694,48.285,9551100.0
2003-04-02,49.1515,49.809,49.1157,49.4563,11873600.0
2003-04-03,49.9106,50.1138,49.2293,49.2293,9865400.0
2003-04-04,49.6476,49.7552,49.1874,49.54,7441300.0
2003-04-07,50.7473,51.0402,49.558,49.564,11794900.0
2003-04-08,49.7074,49.9405,49.4444,49.7253,7796500.0
2003-04-09,49.8926,50.2632,49.02,49.9643,11033600.0
2003-04-10,49.1934,49.289,48.7452,49.2831,6487000.0
2003-04-11,49.6237,49.9524,48.9603,49.1277,8296700.0
2003-04-14,49.2412,50.1138,49.1575,50.1078,6729600.0
2003-04-15,49.9524,50.4724,49.7492,50.4425,6764500.0
2003-04-16,50.5919,50.5919,49.3189,49.4265,9548800.0
2003-04-17,49.4612,50.0596,49.3235,49.9579,8768400.0
2003-04-21,50.0656,50.3289,49.7365,49.9878,6019200.0
2003-04-22,49.6886,50.8855,49.4971,50.8197,9069700.0
2003-04-23,50.9453,51.1189,50.6162,50.9992,6881800.0
2003-04-24,50.6101,50.8615,50.299,50.5324,8655300.0
2003-04-25,50.3887,50.4905,49.5809,49.7664,7864500.0
2003-04-28,49.928,50.9573,49.7844,50.7419,7362400.0
2003-04-29,50.9453,51.2864,50.5384,50.9334,11257300.0
2003-04-30,50.8257,51.1129,50.5324,50.7838,10009100.0
2003-05-01,50.7179,50.8256,49.9699,50.6341,11239800.0
2003-05-02,50.4187,51.4839,50.3947,51.3523,10966000.0
2003-05-05,51.466,51.5797,50.9274,51.1668,8211300.0
2003-05-06,51.1727,51.8131,51.1069,51.46,9820100.0
2003-05-07,51.2266,51.7413,50.9932,51.3822,8495000.0
2003-05-08,50.8855,51.436,50.7897,50.9453,8723100.0
2003-05-09,51.083,51.6395,50.9872,51.5677,6890700.0
2003-05-12,51.4361,52.4175,51.3523,52.2679,8109500.0
2003-05-13,52.0824,52.2978,51.831,52.0883,6891200.0
2003-05-14,52.2919,52.3876,51.6575,51.9687,7835600.0
2003-05-15,52.1841,52.4833,51.8609,52.2559,7470100.0
2003-05-16,52.1978,52.5035,51.8622,52.1379,7413900.0
2003-05-19,51.7123,52.2337,50.8852,51.047,9799700.0
2003-05-20,51.1669,51.3347,50.4956,50.9871,10805100.0
2003-05-21,50.8852,51.2028,50.6514,51.065,8288500.0
2003-05-22,51.2268,51.8142,51.113,51.5685,6992800.0
2003-05-23,51.5385,51.8022,51.3108,51.6824,4639700.0
2003-05-27,51.3766,52.8451,51.3047,52.6653,10004400.0
2003-05-28,52.8451,53.1927,52.6893,52.7432,6343200.0
2003-05-29,52.893,53.2826,52.1738,52.3836,8634400.0
2003-05-30,52.6053,53.3306,52.5694,53.2467,7883900.0
2003-06-02,53.5883,54.4874,53.3726,53.5464,9531700.0
2003-06-03,53.3725,53.7561,53.2226,53.6722,7868800.0
2003-06-04,53.6062,54.4873,53.5463,54.3674,8728600.0
2003-06-05,54.0199,54.4034,53.906,54.3855,7943400.0
2003-06-06,54.8229,55.4343,54.3914,54.4633,10657300.0
2003-06-09,54.1876,54.5053,53.7621,54.0797,7852500.0
2003-06-10,54.2356,54.6012,54.0378,54.5593,6330500.0
2003-06-11,54.5472,55.2785,54.3854,55.2065,8546800.0
2003-06-12,55.5062,55.5602,54.8409,55.3983,8582500.0
2003-06-13,55.3803,55.4582,54.5712,54.8889,6188100.0
2003-06-16,55.1287,56.0756,55.0268,56.0397,8098900.0
2003-06-17,56.2434,56.3094,55.746,56.0157,7674800.0
2003-06-18,55.734,56.1595,55.5182,55.8958,7920100.0
2003-06-19,55.9198,56.0457,55.0447,55.2126,9831000.0
2003-06-20,55.6891,55.8093,55.1663,55.1903,8022600.0
2003-06-23,55.1903,55.2204,54.3791,54.6254,11290200.0
2003-06-24,54.4512,55.0221,54.4332,54.7997,9751300.0
2003-06-25,54.7516,55.1242,54.1327,54.1387,9713500.0
2003-06-26,54.2108,54.7516,54.0966,54.5834,7084700.0
2003-06-27,54.6013,54.8057,53.9523,54.0064,7029600.0
2003-06-30,54.3069,54.5533,53.9583,54.0304,5865400.0
2003-07-01,53.8382,54.4872,53.3935,54.4331,7580100.0
2003-07-02,54.5713,55.0941,54.5172,55.0821,4518100.0
2003-07-03,54.6855,55.0881,54.2348,54.5052,3271500.0
2003-07-07,55.0461,55.7672,55.0461,55.5028,6733800.0
2003-07-08,55.3225,55.617,55.1423,55.5629,4683200.0
2003-07-09,55.3886,55.5809,54.8237,55.1842,7519700.0
2003-07-10,54.8297,54.8898,54.1507,54.4391,7534400.0
2003-07-11,54.4992,55.1001,54.4872,54.9198,4634600.0
2003-07-14,55.629,55.8874,54.986,55.1963,6303200.0
2003-07-15,55.5328,55.5869,54.7276,55.04,6847200.0
2003-07-16,55.1723,55.1723,54.4271,54.8538,6340400.0
2003-07-17,54.5052,54.8898,54.3189,54.5172,8581700.0
2003-07-18,54.8169,55.3405,54.6424,55.2622,6411800.0
2003-07-21,55.2502,55.2923,54.6424,54.853,8945900.0
2003-07-22,54.9554,55.3285,54.4318,55.16,8465700.0
2003-07-23,55.2562,55.4668,54.7989,55.4007,5297200.0
2003-07-24,55.7738,55.9484,54.8531,54.9073,6703400.0
2003-07-25,54.9915,55.9242,54.7146,55.9122,8848600.0
2003-07-28,56.0025,56.0566,55.6053,55.7618,5665800.0
2003-07-29,55.8821,55.9844,55.2081,55.527,5964800.0
2003-07-30,55.6535,55.7136,55.2142,55.4609,5326400.0
2003-07-31,55.9122,56.4298,55.5451,55.6474,10218800.0
2003-08-01,55.6595,55.6956,55.0637,55.2382,6744800.0
2003-08-04,55.1238,55.5089,54.522,55.3284,7649300.0
2003-08-05,55.2201,55.3947,54.179,54.179,5980900.0
2003-08-06,54.4078,55.0637,54.2212,54.5582,9097500.0
2003-08-07,54.6424,55.0938,54.4197,55.0938,6172200.0
2003-08-08,55.2322,55.4849,55.0336,55.4789,4950100.0
2003-08-11,55.3947,55.7618,55.1239,55.6294,5897700.0
2003-08-12,55.6474,56.201,55.4909,56.1168,5578600.0
2003-08-13,56.2673,56.3576,55.6956,55.9845,7474500.0
2003-08-14,55.9965,56.3154,55.6113,56.0265,6255900.0
2003-08-15,56.1314,56.3543,55.9807,56.2398,3955800.0
2003-08-18,56.4749,56.8786,56.3664,56.8123,5725200.0
2003-08-19,56.8666,57.0112,56.4147,56.9389,7069200.0
2003-08-20,56.6075,56.9389,56.5472,56.7521,5287000.0
2003-08-21,56.9992,57.2764,56.7039,56.9088,6866500.0
2003-08-22,57.3426,57.3908,56.4327,56.4688,5891900.0
2003-08-25,56.3544,56.6436,56.0471,56.3303,4386600.0
2003-08-26,56.1072,56.5471,55.7698,56.4025,5630500.0
2003-08-27,56.3182,56.4688,56.1917,56.3604,3113800.0
2003-08-28,56.4929,56.746,55.9265,56.6255,5054100.0
2003-08-29,56.505,56.9147,56.4567,56.8906,4475200.0
2003-09-02,56.8003,57.6078,56.6858,57.5234,6002600.0
2003-09-03,57.6137,57.9873,57.4631,57.8608,5565500.0
2003-09-04,57.7946,58.1441,57.6379,57.9753,4861500.0
2003-09-05,57.6619,57.8186,57.1618,57.4751,7304100.0
2003-09-08,57.6499,57.9934,57.433,57.9211,3895200.0
2003-09-09,57.7162,57.8427,57.3366,57.5173,4283000.0
2003-09-10,57.3003,57.3968,56.7701,57.0533,7627700.0
2003-09-11,57.0895,57.4511,56.963,57.2281,6201700.0
2003-09-12,56.9751,57.3667,56.7039,57.2764,5043100.0
2003-09-15,57.3245,57.3727,56.7942,57.1437,3837800.0
2003-09-16,57.216,57.8789,57.1919,57.8488,4994100.0
2003-09-17,57.8608,57.9934,57.674,57.8186,4179700.0
2003-09-18,57.8367,58.4212,57.668,58.4212,5946100.0
2003-09-19,58.4068,58.5637,58.0928,58.2498,4988400.0
2003-09-22,57.7969,57.8754,57.4467,57.7003,6260600.0
2003-09-23,57.7365,57.9539,57.4588,57.8271,5297100.0
2003-09-24,57.8996,58.0203,56.9455,57.024,6193900.0
2003-09-25,57.1025,57.2052,56.2874,56.3055,7249000.0
2003-09-26,56.5289,56.6014,56.233,56.3357,6563600.0
2003-09-29,56.4625,56.8248,56.1847,56.71,6895700.0
2003-09-30,56.6014,56.6014,55.8043,56.233,7710900.0
2003-10-01,56.4082,57.2897,56.3478,57.2475,6855900.0
2003-10-02,57.1025,57.5372,57.03,57.4769,6458500.0
2003-10-03,58.1592,58.4852,57.7848,57.9176,6949100.0
2003-10-06,57.972,58.2316,57.8271,58.0867,3654400.0
2003-10-07,57.8452,58.3886,57.6943,58.3826,6654000.0
2003-10-08,58.4128,58.5215,58.0445,58.4068,4543600.0
2003-10-09,58.8414,59.1132,58.3584,58.6543,6368000.0
2003-10-10,58.6181,58.7751,58.4369,58.7449,2693400.0
2003-10-13,58.8716,59.1856,58.8475,59.1132,4450500.0
2003-10-14,59.0529,59.397,58.8959,59.391,4614600.0
2003-10-15,59.6567,59.6748,59.083,59.3065,5040900.0
2003-10-16,58.9804,59.4755,58.9019,59.2823,7649400.0
2003-10-17,59.3996,59.4721,58.7285,58.8253,6300000.0
2003-10-20,58.9764,59.2484,58.7587,59.2303,4402000.0
2003-10-21,59.1275,59.2302,58.8856,59.0065,4534400.0
2003-10-22,58.5048,58.6196,58.0151,58.1662,6838900.0
2003-10-23,57.8277,58.3416,57.8216,58.009,6921600.0
2003-10-24,57.6946,58.1481,57.4951,58.1481,6605300.0
2003-10-27,58.3113,58.5048,58.0756,58.2146,3797100.0
2003-10-28,58.3718,59.0852,58.2992,59.0247,5377400.0
2003-10-29,58.8494,59.2605,58.8191,59.1698,4433100.0
2003-10-30,59.5809,59.6111,59.0912,59.4298,7224500.0
2003-10-31,59.3875,59.581,59.2303,59.2666,5322700.0
2003-11-03,59.5205,59.9437,59.5205,59.5567,5379000.0
2003-11-04,59.6051,59.7925,59.4782,59.5991,4792700.0
2003-11-05,59.4539,59.7381,59.2363,59.5869,4225700.0
2003-11-06,59.46,59.8288,59.2182,59.8107,5902800.0
2003-11-07,60.0223,60.0646,59.3149,59.3149,4668600.0
2003-11-10,59.4539,59.5507,59.0066,59.1335,4654200.0
2003-11-11,59.061,59.2061,58.9039,59.0187,3349600.0
2003-11-12,59.0852,59.8227,59.0428,59.732,6125700.0
2003-11-13,59.5386,59.7986,59.4177,59.6837,4045600.0
2003-11-14,59.6837,60.0404,59.0912,59.2303,6104900.0
2003-11-17,58.922,59.0731,58.4202,58.9703,5914800.0
2003-11-18,59.1275,59.188,58.3235,58.4021,4693200.0
2003-11-19,58.4685,58.9643,58.402,58.8736,4055300.0
2003-11-20,58.4382,59.067,58.3596,58.3657,6756700.0
2003-11-21,58.5659,58.6023,58.1777,58.5234,4752900.0
2003-11-24,58.7054,59.227,58.6933,59.1178,4876800.0
2003-11-25,59.1845,59.4817,59.0571,59.2452,5583100.0
2003-11-26,59.4878,59.5302,58.9237,59.3786,4061200.0
2003-11-28,59.3544,59.5363,59.2937,59.4878,864400.0
2003-12-01,59.6395,60.1429,59.6395,60.1065,5854300.0
2003-12-02,59.9851,60.07,59.7486,59.8941,3578100.0
2003-12-03,60.0458,60.4037,59.9549,60.0155,6231600.0
2003-12-04,59.973,60.3612,59.9609,60.3187,6236600.0
2003-12-05,60.1368,60.246,59.7971,59.9245,5430200.0
2003-12-08,59.8821,60.5614,59.8821,60.5371,5192800.0
2003-12-09,60.6523,60.7433,60.2156,60.3127,9541200.0
2003-12-10,60.3369,60.5128,60.0336,60.4097,5558100.0
2003-12-11,60.3976,60.9131,60.3612,60.8828,6778500.0
2003-12-12,60.8464,61.1193,60.6099,61.0344,6134200.0
2003-12-15,61.6834,61.7319,60.7736,60.9252,7563800.0
2003-12-16,61.0587,61.5985,61.0162,61.5621,5991500.0
2003-12-17,61.4651,61.7805,61.3256,61.7805,4867400.0
2003-12-18,61.7986,62.3687,61.6834,62.3566,10491800.0
2003-12-19,62.5857,62.6039,62.1848,62.4034,10810400.0
2003-12-22,62.3245,62.944,62.3245,62.9318,6459300.0
2003-12-23,62.8043,63.0898,62.6039,62.8408,7622800.0
2003-12-24,62.6585,62.8286,62.6221,62.6828,3742600.0
2003-12-26,62.7132,62.8772,62.6829,62.7254,2088500.0
2003-12-29,62.944,63.6243,62.9136,63.5817,6589900.0
2003-12-30,63.4907,63.6183,63.266,63.3692,5478200.0
2003-12-31,63.4603,63.6182,63.2781,63.515,5658100.0
2004-01-02,63.8004,64.0616,63.1626,63.3935,8231300.0
2004-01-05,63.679,64.1588,63.6547,64.1284,6942600.0
2004-01-06,63.928,64.177,63.8612,64.0798,7702700.0
2004-01-07,63.9705,64.1284,63.6607,64.1102,6669400.0
2004-01-08,64.3653,64.42,64.0859,64.3896,7701000.0
2004-01-09,63.9948,64.2195,63.5453,63.5879,9382200.0
2004-01-12,63.6607,63.8976,63.5332,63.8794,7877100.0
2004-01-13,63.8855,63.9462,63.0473,63.4725,8506600.0
2004-01-14,63.6911,64.2256,63.6425,64.1831,6643000.0
2004-01-15,64.426,64.4564,63.7579,64.3592,9694800.0
2004-01-16,64.4619,64.5227,64.1277,64.4984,8975200.0
2004-01-20,64.6686,64.6686,64.0,64.0973,8631500.0
2004-01-21,64.1277,64.8144,63.8359,64.6078,9293800.0
2004-01-22,64.7294,64.8813,64.541,64.7233,6018200.0
2004-01-23,64.772,64.7841,64.0365,64.3404,6833100.0
2004-01-26,64.2918,65.1731,64.2553,65.1427,7087700.0
2004-01-27,65.1366,65.167,64.5774,64.6018,5658700.0
2004-01-28,64.7172,64.8995,63.5381,63.8602,7716700.0
2004-01-29,64.0912,64.0912,63.4226,63.8663,12596700.0
2004-01-30,63.7812,63.9574,63.5563,63.8663,8248200.0
2004-02-02,63.9392,64.3404,63.532,64.0,6735300.0
2004-02-03,63.8176,64.0911,63.6475,63.9088,3869100.0
2004-02-04,63.6354,64.0852,63.5807,63.684,8405900.0
2004-02-05,63.8177,64.0851,63.6232,63.8967,5332700.0
2004-02-06,63.9575,64.5167,63.7144,64.4316,6886500.0
2004-02-09,64.4619,64.6807,64.3039,64.4984,3840300.0
2004-02-10,64.3951,64.7658,64.3161,64.5774,3348600.0
2004-02-11,64.7111,65.5073,64.5774,65.2764,6889000.0
2004-02-12,65.2521,65.3858,65.1487,65.2156,3758000.0
2004-02-13,65.2763,65.4404,64.6503,64.8509,4074800.0
2004-02-17,65.1791,65.4344,65.094,65.3432,2929300.0
2004-02-18,65.3128,65.3918,64.9603,65.1365,4074000.0
2004-02-19,65.4283,65.5924,65.0029,65.094,6430900.0
2004-02-20,65.1903,65.1964,64.5505,64.843,9334700.0
2004-02-23,64.9831,65.0014,64.4286,64.7272,7350700.0
2004-02-24,64.5018,64.91,64.1789,64.4835,7973900.0
2004-02-25,64.4165,64.7881,64.4104,64.7028,4212700.0
2004-02-26,64.514,64.7395,64.2947,64.5506,4878100.0
2004-02-27,64.5931,64.9892,64.4286,64.6297,5151000.0
2004-03-01,64.8613,65.2512,64.6906,65.172,5244100.0
2004-03-02,64.9892,65.0928,64.4957,64.648,7420700.0
2004-03-03,64.5079,64.7455,64.3556,64.6054,5421600.0
2004-03-04,64.6541,64.7212,64.4592,64.5201,4216400.0
2004-03-05,64.2703,65.0075,64.2154,64.709,6828600.0
2004-03-08,64.7455,64.9161,64.0753,64.0936,3972000.0
2004-03-09,64.1362,64.2093,63.5939,63.7584,8046900.0
2004-03-10,63.8742,63.9169,62.619,62.6556,10163100.0
2004-03-11,62.5277,63.0456,61.7782,61.8452,14357500.0
2004-03-12,62.0584,62.552,62.0036,62.4545,8724500.0
2004-03-15,62.357,62.3631,61.6197,61.8147,9750500.0
2004-03-16,62.0828,62.3692,61.6807,62.2351,8644400.0
2004-03-17,62.4423,63.0943,62.3996,62.9176,6934900.0
2004-03-18,62.7104,63.082,62.3631,62.948,9918500.0
2004-03-19,62.8614,63.0017,62.1416,62.1843,7337600.0
2004-03-22,61.7939,61.8061,61.1168,61.4401,9303500.0
2004-03-23,61.6902,61.8732,61.3547,61.3974,8777700.0
2004-03-24,61.4767,61.739,61.0741,61.434,8309600.0
2004-03-25,61.7329,62.4466,61.6048,62.3185,7684300.0
2004-03-26,62.2819,62.7394,62.1416,62.3429,5376500.0
2004-03-29,62.7699,63.2091,62.7455,63.1481,6766500.0
2004-03-30,63.0444,63.4775,62.9529,63.4409,4685000.0
2004-03-31,63.38,63.5691,63.0079,63.3922,6973100.0
2004-04-01,63.1969,63.6667,63.1725,63.4898,7655300.0
2004-04-02,64.1424,64.1973,63.6849,64.0265,7605000.0
2004-04-05,64.0144,64.5451,63.9107,64.4536,3395500.0
2004-04-06,64.2339,64.606,64.1729,64.4413,3779800.0
2004-04-07,64.4475,64.4597,63.9533,64.234,5364600.0
2004-04-08,64.6122,64.6305,63.502,63.8619,5463200.0
2004-04-12,63.9777,64.3376,63.9655,64.24,3299300.0
2004-04-13,64.4779,64.5328,63.3311,63.3433,6847900.0
2004-04-14,63.1115,63.6605,63.0322,63.5751,8778900.0
2004-04-15,63.5752,63.7643,63.075,63.3678,7101300.0
2004-04-16,63.6357,63.9347,63.3915,63.8798,5904400.0
2004-04-19,63.7334,63.8859,63.538,63.7639,3748300.0
2004-04-20,63.947,64.0812,62.7751,62.885,6431100.0
2004-04-21,62.9887,63.1718,62.6225,63.0497,8370700.0
2004-04-22,62.9887,64.1911,62.9399,63.9714,9166100.0
2004-04-23,63.9348,64.0934,63.6479,64.0385,4820600.0
2004-04-26,64.0446,64.2948,63.6967,64.0568,3700700.0
2004-04-27,64.0385,64.4474,63.9347,64.1239,5690900.0
2004-04-28,63.9347,63.9347,63.1718,63.3366,8846500.0
2004-04-29,63.3671,63.6417,62.4699,62.9032,11963400.0
2004-04-30,63.0497,63.2023,62.4699,62.4699,6158900.0
2004-05-03,62.6652,63.184,62.6591,63.0497,6128000.0
2004-05-04,63.0863,63.5624,62.7933,62.9459,7694500.0
2004-05-05,63.1413,63.3061,62.9338,63.1474,3496600.0
2004-05-06,62.7568,62.9765,62.2014,62.6225,9045900.0
2004-05-07,62.299,62.885,61.7375,61.7375,8867700.0
2004-05-10,61.4079,61.6459,60.7426,60.9806,17582000.0
2004-05-11,61.3163,61.4323,61.0356,61.1821,8772500.0
2004-05-12,61.1088,61.6703,60.3092,61.6398,16597400.0
2004-05-13,61.2309,61.6948,61.0295,61.176,10827100.0
2004-05-14,61.1576,61.6459,60.8646,61.3102,8797800.0
2004-05-17,60.7304,61.0172,60.4191,60.767,6814900.0
2004-05-18,60.944,61.1821,60.7914,61.0173,6481600.0
2004-05-19,61.536,61.89,60.8219,60.8524,8893400.0
2004-05-20,60.9623,61.1271,60.6816,61.0478,8190900.0
2004-05-21,61.1873,61.5424,60.9424,61.0955,6336900.0
2004-05-24,61.4751,61.6036,60.8629,61.1322,6829100.0
2004-05-25,60.9609,62.0444,60.765,61.9954,9302200.0
2004-05-26,61.8301,62.1056,61.7444,62.0444,6353700.0
2004-05-27,62.2587,62.6688,62.2464,62.626,5972800.0
2004-05-28,62.5708,62.6259,62.3443,62.5525,4535500.0
2004-06-01,62.3872,62.6076,62.1117,62.5402,5099400.0
2004-06-02,62.6872,63.0912,62.4974,62.9566,5817300.0
2004-06-03,62.7423,63.0484,62.424,62.5219,7500200.0
2004-06-04,62.9076,63.177,62.6933,62.8464,4636700.0
2004-06-07,63.1586,63.7218,63.128,63.6545,5772300.0
2004-06-08,63.5014,63.9666,63.4646,63.9544,5393400.0
2004-06-09,63.7279,63.9115,63.5259,63.6361,5151600.0
2004-06-10,63.7279,63.8197,63.63,63.8197,3496100.0
2004-06-14,63.6483,63.6483,63.2382,63.4218,4341700.0
2004-06-15,63.8075,63.9789,63.4524,63.734,7290000.0
2004-06-16,63.7462,63.7585,63.5197,63.6605,3838200.0
2004-06-17,63.5748,63.7463,63.4157,63.6361,2779500.0
2004-06-18,63.633,64.0497,63.5779,63.8598,3919400.0
2004-06-21,63.8781,64.062,63.5718,63.6085,4152200.0
2004-06-22,63.5717,63.8536,63.2163,63.8291,4098600.0
2004-06-23,63.7065,64.356,63.5594,64.2947,4784400.0
2004-06-24,64.2029,64.3683,64.0129,64.0987,4658200.0
2004-06-25,64.0558,64.3316,63.6759,63.7556,3581100.0
2004-06-28,64.0742,64.209,63.4186,63.4921,6769100.0
2004-06-29,63.5411,64.0006,63.4614,63.9087,5171000.0
2004-06-30,63.9088,64.2703,63.6575,64.111,6940800.0
2004-07-01,64.019,64.1232,63.0754,63.2715,10590600.0
2004-07-02,63.3511,63.4124,62.9896,63.1305,4276300.0
2004-07-06,62.9345,63.0571,62.5362,62.7078,6318600.0
2004-07-07,62.6342,63.0632,62.6342,62.8671,5597800.0
2004-07-08,62.72,63.0509,62.4137,62.5423,8076400.0
2004-07-09,62.6956,62.8794,62.5608,62.7262,3660200.0
2004-07-12,62.6832,62.9835,62.3769,62.8487,5886500.0
2004-07-13,62.959,62.9896,62.7261,62.8487,3267000.0
2004-07-14,62.5852,63.1673,62.4504,62.6709,7294700.0
2004-07-15,62.7935,62.8303,62.2359,62.2605,4528300.0
2004-07-16,62.8155,62.8523,62.2206,62.3678,5944900.0
2004-07-19,62.3126,62.3616,61.8036,61.9078,9645400.0
2004-07-20,62.0427,62.6437,61.8526,62.4904,5270600.0
2004-07-21,62.6438,62.8891,61.546,61.5706,9341600.0
2004-07-22,61.4295,61.9201,61.0984,61.6441,11667800.0
2004-07-23,61.5215,61.5276,61.0186,61.2149,6837100.0
2004-07-26,61.3681,61.4785,60.9021,61.1903,8701800.0
2004-07-27,61.3559,62.0673,61.313,61.9078,7015800.0
2004-07-28,61.8098,62.3617,61.3682,62.1716,9645100.0
2004-07-29,62.3862,62.4843,61.9691,62.2696,7651300.0
2004-07-30,62.1838,62.4291,61.9753,62.3985,3943800.0
2004-08-02,62.1102,62.6928,62.0367,62.515,6024000.0
2004-08-03,62.4168,62.5149,62.0366,62.0918,5626400.0
2004-08-04,61.914,62.4782,61.8588,62.1838,5963500.0
2004-08-05,62.2451,62.2451,61.1106,61.1536,8179900.0
2004-08-06,60.7794,60.945,60.1907,60.3256,9082800.0
2004-08-09,60.3624,60.6139,60.2889,60.3563,5095100.0
2004-08-10,60.479,61.1535,60.3256,61.0616,7344300.0
2004-08-11,60.8225,61.2395,60.5404,61.1475,6687400.0
2004-08-12,60.8837,61.0064,60.295,60.4545,6939400.0
2004-08-13,60.528,60.6507,60.203,60.528,4192700.0
2004-08-16,60.5096,61.3436,60.5035,61.2026,5697000.0
2004-08-17,61.4479,61.6871,61.2394,61.4786,5946900.0
2004-08-18,61.2149,62.1225,61.1842,62.0734,6069000.0
2004-08-19,61.9446,62.0489,61.5215,61.8465,5510900.0
2004-08-20,61.745,62.3908,61.6958,62.274,5462800.0
2004-08-23,62.2863,62.397,62.0034,62.0587,4521700.0
2004-08-24,62.3232,62.4708,61.9542,62.2556,3746000.0
2004-08-25,62.2433,62.8337,61.9911,62.6615,6232300.0
2004-08-26,62.643,62.7845,62.5384,62.6553,4238800.0
2004-08-27,62.6799,62.8891,62.5631,62.8337,2971100.0
2004-08-30,62.6984,62.7906,62.3109,62.3724,4482800.0
2004-08-31,62.397,62.6799,62.0587,62.6676,5158700.0
2004-09-01,62.5754,62.8952,62.2556,62.6615,4624300.0
2004-09-02,62.6431,63.498,62.6246,63.375,4906000.0
2004-09-03,63.3503,63.5902,63.2335,63.2642,5160900.0
2004-09-07,63.5041,63.8547,63.4241,63.744,4500100.0
2004-09-08,63.6271,63.8239,63.4856,63.6517,5085900.0
2004-09-09,63.5779,63.7009,63.2704,63.3503,5990800.0
2004-09-10,63.3503,63.584,63.0797,63.4918,3670200.0
2004-09-13,63.6332,63.7932,63.461,63.6578,4570500.0
2004-09-14,63.5717,63.7378,63.5041,63.6578,3690100.0
2004-09-15,63.4426,63.4734,63.0551,63.0675,6374500.0
2004-09-16,63.1473,63.4118,63.092,63.1965,5572200.0
2004-09-17,63.3381,63.6029,63.2273,63.4243,4894400.0
2004-09-20,63.1473,63.2335,62.8087,62.8949,6733300.0
2004-09-21,63.0426,63.3443,62.8887,63.0303,6604900.0
2004-09-22,62.7779,62.8025,62.236,62.2484,8852700.0
2004-09-23,62.2976,62.3223,61.8174,61.8482,7438900.0
2004-09-24,61.8728,62.1498,61.8728,62.0144,5528200.0
2004-09-27,61.805,61.9282,61.5711,61.6696,5243000.0
2004-09-28,61.725,62.2792,61.5157,62.1191,8556800.0
2004-09-29,62.0452,62.4885,61.9528,62.4762,7240800.0
2004-09-30,62.0144,62.2299,61.9097,62.1067,6375100.0
2004-10-01,62.3961,62.9195,62.3222,62.901,7370500.0
2004-10-04,63.2028,63.3444,62.9626,62.9934,5422400.0
2004-10-05,62.9995,63.0303,62.6363,62.8271,5210500.0
2004-10-06,62.7471,63.2027,62.6732,63.1966,5244700.0
2004-10-07,63.055,63.0673,62.4516,62.4577,6821900.0
2004-10-08,62.3099,62.6363,61.9344,62.0021,7265900.0
2004-10-11,62.1621,62.3407,62.1314,62.273,3549500.0
2004-10-12,61.9404,62.3407,61.7927,62.2175,5207100.0
2004-10-13,62.4515,62.4761,61.4294,61.6203,7916000.0
2004-10-14,61.6573,61.7188,60.9554,61.0662,8125100.0
2004-10-15,61.214,61.5403,60.9985,61.2448,7489800.0
2004-10-18,61.0328,61.5011,60.8541,61.3963,9897800.0
2004-10-19,61.612,61.8524,61.0204,61.0697,9483600.0
2004-10-20,60.9588,61.0636,60.5151,60.9403,9636600.0
2004-10-21,61.0019,61.1622,60.5151,60.9711,12984900.0
2004-10-22,60.9711,61.0327,60.1885,60.244,10885700.0
2004-10-25,60.0961,60.3734,59.942,60.1947,8935700.0
2004-10-26,60.3672,61.0698,60.1885,61.0574,8281200.0
2004-10-27,60.9773,61.8524,60.774,61.7107,10346700.0
2004-10-28,61.6367,62.0249,61.458,61.7908,7890500.0
2004-10-29,61.6983,62.0187,61.6798,61.8585,5304700.0
2004-11-01,61.9263,62.2221,61.8093,62.0619,6267300.0
2004-11-02,62.1112,62.5673,61.8031,61.951,7390000.0
2004-11-03,62.8137,63.0849,62.3269,62.6782,10058100.0
2004-11-04,62.5919,63.7504,62.5487,63.6703,9474700.0
2004-11-05,63.9106,64.3543,63.7812,64.2249,8309800.0
2004-11-08,64.1078,64.2927,63.9784,64.268,5256900.0
2004-11-09,64.2003,64.4468,64.0709,64.2188,6609300.0
2004-11-10,64.2558,64.5885,64.1818,64.3297,5466600.0
2004-11-11,64.3913,64.8658,64.3482,64.7611,4604100.0
2004-11-12,64.8226,65.1739,64.7056,65.1061,4875200.0
2004-11-15,65.1747,65.3599,65.0882,65.292,4601700.0
2004-11-16,65.1068,65.1315,64.8042,64.9215,8043800.0
2004-11-17,65.2241,65.6193,65.0574,65.397,6900900.0
2004-11-18,65.4094,65.5205,65.292,65.4588,4714100.0
2004-11-19,65.4563,65.4811,64.6076,64.7811,6968500.0
2004-11-22,64.6572,65.0474,64.5704,64.9235,8335900.0
2004-11-23,64.9421,65.066,64.589,65.0412,7527500.0
2004-11-24,65.0597,65.1403,64.8677,65.0659,6210400.0
2004-11-26,65.1032,65.2642,64.9855,64.9978,1807300.0
2004-11-29,65.2767,65.3634,64.4403,64.7191,9181300.0
2004-11-30,64.7996,64.8987,64.5456,64.6323,7401100.0
2004-12-01,64.8182,65.5802,64.781,65.4625,8612600.0
2004-12-02,65.3262,65.8342,65.2705,65.5678,8250700.0
2004-12-03,65.4562,65.9085,65.3943,65.4748,7206400.0
2004-12-06,65.4687,65.4996,65.1961,65.2642,3494200.0
2004-12-07,65.3386,65.4377,64.6571,64.6819,7572700.0
2004-12-08,64.781,65.0846,64.6881,65.0536,7090100.0
2004-12-09,64.7562,65.4191,64.527,65.2828,8913400.0
2004-12-10,65.1651,65.512,65.1156,65.3572,5999500.0
2004-12-13,65.605,65.9519,65.3758,65.9457,7457100.0
2004-12-14,65.8155,66.2554,65.7908,66.1377,5822400.0
2004-12-15,66.051,66.3236,65.8838,66.1935,9270700.0
2004-12-16,66.1811,66.466,66.051,66.3855,8572800.0
2004-12-17,65.9915,66.3762,65.9047,66.097,8222200.0
2004-12-20,66.2398,66.4817,65.9854,66.1529,6136000.0
2004-12-21,66.2335,66.6803,66.1467,66.6492,8002500.0
2004-12-22,66.612,67.0897,66.5747,67.0153,6666000.0
2004-12-23,67.0836,67.3503,67.0277,67.1022,3318100.0
2004-12-27,67.2759,67.3565,66.8354,66.8602,5591200.0
2004-12-28,66.9346,67.3007,66.885,67.2572,3461100.0
2004-12-29,67.1766,67.2014,66.9036,67.158,4043900.0
2004-12-30,67.1642,67.2635,66.8664,66.916,2786600.0
2004-12-31,66.9657,67.127,66.6803,66.7051,4262800.0
2005-01-03,67.1022,67.3751,66.3452,66.5872,11691300.0
2005-01-04,66.6989,66.7609,65.6999,65.9543,10628300.0
2005-01-05,65.9543,66.2521,65.5882,65.5882,10885300.0
2005-01-06,65.8488,66.1777,65.6627,65.793,8238900.0
2005-01-07,65.973,66.0785,65.5387,65.669,8555700.0
2005-01-10,65.6689,66.159,65.6254,65.8922,6028100.0
2005-01-11,65.7061,65.7123,65.3152,65.4703,7592600.0
2005-01-12,65.5076,65.9109,65.1229,65.7868,10574200.0
2005-01-13,65.7433,65.8302,65.0298,65.1167,7669700.0
2005-01-14,65.2284,65.551,65.1788,65.4207,5986900.0
2005-01-18,65.3028,65.9481,65.1477,65.8674,6601700.0
2005-01-19,65.8613,65.9233,65.2904,65.3029,6567900.0
2005-01-20,65.1849,65.4455,64.8871,64.9988,8661700.0
2005-01-21,65.1776,65.2273,64.451,64.4883,7901200.0
2005-01-24,64.656,64.7802,64.3517,64.4325,9877700.0
2005-01-25,64.6436,65.2149,64.6187,64.9541,9751100.0
2005-01-26,65.1591,65.364,65.01,65.0784,7851200.0
2005-01-27,64.8672,65.1032,64.7181,64.9417,8393800.0
2005-01-28,64.9231,64.9914,64.4387,64.861,7791600.0
2005-01-31,65.1963,65.2398,64.8858,65.0845,5333900.0
2005-02-01,65.2211,65.6062,65.1093,65.4571,4800300.0
2005-02-02,65.4944,65.9105,65.4261,65.7552,4660100.0
2005-02-03,65.6434,65.7987,65.4819,65.7676,4818700.0
2005-02-04,65.7056,66.5812,65.6807,66.4508,6413300.0
2005-02-07,66.4073,66.6185,66.3949,66.457,3710300.0
2005-02-08,66.488,66.7116,66.3949,66.606,5046500.0
2005-02-09,66.7116,66.7489,66.221,66.2893,7444900.0
2005-02-10,66.4694,66.8855,66.4073,66.7613,5221000.0
2005-02-11,66.7116,67.314,66.5377,67.1277,4722600.0
2005-02-14,67.078,67.1464,66.9725,67.0594,3689300.0
2005-02-15,67.1091,67.4507,67.0222,67.3637,4711000.0
2005-02-16,67.2457,67.4941,67.1277,67.3513,4285800.0
2005-02-17,67.3575,67.4196,66.8669,66.8979,5746600.0
2005-02-18,66.8967,67.1208,66.7224,67.1021,4906500.0
2005-02-22,66.8033,67.015,65.9693,65.9818,8958900.0
2005-02-23,66.1934,66.5668,66.0938,66.4921,6457800.0
2005-02-24,66.3365,66.9402,66.1996,66.8531,7124200.0
2005-02-25,66.8656,67.4818,66.7847,67.4444,4984900.0
2005-02-28,67.2888,67.8303,66.7597,67.0336,7471500.0
2005-03-01,67.071,67.5254,67.071,67.3635,5316000.0
2005-03-02,67.1021,67.6498,67.0585,67.2639,7239700.0
2005-03-03,67.4818,67.6374,66.9963,67.376,7779800.0
2005-03-04,67.7868,68.2225,67.625,68.1789,6123100.0
2005-03-07,68.0855,68.3593,68.0295,68.0481,4124200.0
2005-03-08,68.0232,68.1664,67.8179,67.9423,7533400.0
2005-03-09,67.737,67.9859,67.2204,67.2266,5060900.0
2005-03-10,67.3511,67.6747,67.0586,67.5129,5215200.0
2005-03-11,67.5253,67.7245,67.0025,67.1208,3489300.0
2005-03-14,67.1893,67.32,66.959,67.3075,3474500.0
2005-03-15,67.463,67.519,66.9215,66.9526,3926400.0
2005-03-16,66.5669,66.6665,66.0938,66.1934,6444500.0
2005-03-17,66.3241,66.3988,66.0004,66.156,4476200.0
2005-03-18,66.3169,66.3543,65.7309,66.0551,10700300.0
2005-03-21,66.1049,66.1548,65.6,65.7184,7322400.0
2005-03-22,65.7933,66.0987,65.1449,65.1636,7066800.0
2005-03-23,65.1387,65.7995,64.9641,65.0888,7267500.0
2005-03-24,65.282,65.55,65.0513,65.1074,5058600.0
2005-03-28,65.2072,65.6,65.1823,65.307,4968200.0
2005-03-29,65.2135,65.5377,64.746,64.8769,7659600.0
2005-03-30,64.9454,65.6997,64.9454,65.6685,5654100.0
2005-03-31,65.5626,65.6561,65.3319,65.4503,7374200.0
2005-04-01,65.7246,65.8431,64.6711,64.8644,7737700.0
2005-04-04,64.8831,65.3444,64.4966,64.9704,11559300.0
2005-04-05,65.0139,65.2571,64.9267,65.201,4398700.0
2005-04-06,65.3319,65.6061,65.282,65.469,4531300.0
2005-04-07,65.3381,65.8181,65.3007,65.7807,3852800.0
2005-04-08,65.7371,65.7932,65.1574,65.1698,3649600.0
2005-04-11,65.3256,65.3381,65.07,65.1262,3187600.0
2005-04-12,64.9579,65.6436,64.5589,65.4503,9085300.0
2005-04-13,65.4067,65.5937,64.6773,64.8207,8180200.0
2005-04-14,64.8956,64.9392,63.8296,63.8358,10780100.0
2005-04-15,63.7634,64.0067,62.7715,62.8214,12132300.0
2005-04-18,62.7715,63.0148,62.4533,62.7278,13000100.0
2005-04-19,63.0148,63.3205,62.8838,63.1645,7633400.0
2005-04-20,63.3267,63.4951,62.3161,62.472,12009900.0
2005-04-21,62.9773,63.8133,62.8089,63.7073,7323400.0
2005-04-22,63.57,63.7322,62.7715,63.5263,6159600.0
2005-04-25,63.6636,63.9942,63.5575,63.8819,4631900.0
2005-04-26,63.6698,64.0192,63.2768,63.3267,6071100.0
2005-04-27,63.0771,63.7384,62.8463,63.57,10413200.0
2005-04-28,63.4078,63.5263,62.7091,62.7091,7083400.0
2005-04-29,63.2019,63.6199,62.6592,63.5575,10176500.0
2005-05-02,63.7821,64.0067,63.545,63.9942,5349200.0
2005-05-03,63.832,64.3061,63.6636,64.1876,7114100.0
2005-05-04,64.2624,64.8364,64.0503,64.7365,8803600.0
2005-05-05,64.7615,64.93,64.25,64.5681,8842100.0
2005-05-06,64.8301,64.9112,64.5057,64.5244,5379900.0
2005-05-09,64.5432,64.8052,64.3872,64.7241,3912600.0
2005-05-10,64.4808,64.5619,63.9443,64.069,6964900.0
2005-05-11,64.25,64.4122,63.3205,64.2687,7684300.0
2005-05-12,64.2687,64.4683,63.5887,63.5887,5534400.0
2005-05-13,63.7759,63.9256,62.9212,63.4265,11750400.0
2005-05-16,63.3953,64.0753,63.3766,64.0316,5840400.0
2005-05-17,63.8632,64.5993,63.807,64.5619,5973700.0
2005-05-18,64.8302,65.5414,64.7928,65.4042,8503700.0
2005-05-19,65.4789,65.6287,65.2481,65.5912,5010200.0
2005-05-20,65.6069,65.6194,65.1626,65.4818,6342600.0
2005-05-23,65.4817,66.0262,65.4817,65.851,5310900.0
2005-05-24,65.6632,65.7947,65.4817,65.6069,5147900.0
2005-05-25,65.5318,65.5318,65.1876,65.4567,5065900.0
2005-05-26,65.707,65.9323,65.6132,65.8823,4759800.0
2005-05-27,65.9011,65.9887,65.7571,65.9449,2107100.0
2005-05-31,65.9136,65.9324,65.4442,65.4818,5593300.0
2005-06-01,65.488,66.2328,65.4692,65.9199,7951400.0
2005-06-02,65.7822,66.0638,65.7383,66.0075,3463700.0
2005-06-03,65.8823,65.9887,65.3253,65.5381,5009600.0
2005-06-06,65.5005,65.7071,65.2439,65.4818,2761400.0
2005-06-07,65.6444,66.1764,65.5818,65.6382,6878900.0
2005-06-08,65.8823,65.9699,65.4442,65.5882,6071000.0
2005-06-09,65.538,65.8634,65.3252,65.7007,4067300.0
2005-06-10,65.8009,65.9511,65.3879,65.8197,5115500.0
2005-06-13,65.6883,66.3016,65.5631,65.9261,4816100.0
2005-06-14,65.8885,66.2828,65.8322,66.07,4180400.0
2005-06-15,66.2578,66.2891,65.707,66.1764,6118100.0
2005-06-16,66.1514,66.3517,66.0012,66.2015,6817800.0
2005-06-17,66.5423,66.7303,66.3419,66.4358,7295800.0
2005-06-20,66.2102,66.5799,66.1225,66.3857,3709900.0
2005-06-21,66.3982,66.536,66.2165,66.4107,3861400.0
2005-06-22,66.5423,66.6175,66.204,66.4233,3443200.0
2005-06-23,66.2791,66.3293,65.1765,65.189,12891900.0
2005-06-24,65.1514,65.1702,64.3933,64.4434,9810400.0
2005-06-27,64.4309,64.6941,64.1803,64.4998,9047400.0
2005-06-28,64.6439,65.1577,64.6377,65.1452,6487600.0
2005-06-29,65.3018,65.3143,64.8757,64.9071,5145900.0
2005-06-30,65.1201,65.2015,64.2555,64.3745,9964300.0
2005-07-01,64.575,64.8131,64.4246,64.6063,6487600.0
2005-07-05,64.4371,65.0762,64.4058,64.9258,4745900.0
2005-07-06,64.9259,65.0637,64.2869,64.3244,8956200.0
2005-07-07,63.748,64.6565,63.7355,64.6189,13370400.0
2005-07-08,64.669,65.5524,64.5687,65.5085,8886100.0
2005-07-11,65.5524,66.0223,65.5524,65.9346,6848700.0
2005-07-12,65.9032,66.0912,65.6902,65.8468,6652800.0
2005-07-13,65.9784,66.1977,65.8781,66.1789,6548000.0
2005-07-14,66.4545,66.7678,66.4358,66.6738,10958900.0
2005-07-15,66.6889,66.7579,66.413,66.6513,4914200.0
2005-07-18,66.5008,66.6262,66.2562,66.4193,6084600.0
2005-07-19,66.7516,66.8394,66.5384,66.783,3829200.0
2005-07-20,66.3816,67.0275,66.3126,66.9021,5790600.0
2005-07-21,67.0401,67.0903,66.482,66.5886,8750400.0
2005-07-22,66.6638,66.8143,66.3565,66.7704,5836600.0
2005-07-25,66.7955,67.0024,66.3816,66.5509,5809400.0
2005-07-26,66.482,66.5949,66.2437,66.3566,5627100.0
2005-07-27,66.5258,66.7579,66.3064,66.6889,7002400.0
2005-07-28,66.8582,67.178,66.6763,67.1404,6609300.0
2005-07-29,67.109,67.1968,66.714,66.8645,5551000.0
2005-08-01,66.9209,66.9209,66.5322,66.5886,4700800.0
2005-08-02,66.7641,67.0965,66.6951,66.9146,4396000.0
2005-08-03,66.8018,67.1216,66.7014,67.0965,3290700.0
2005-08-04,66.877,66.9272,66.4757,66.5447,5165000.0
2005-08-05,66.4318,66.5258,66.1809,66.2499,7191400.0
2005-08-08,66.4318,66.5007,65.9991,66.1809,6558200.0
2005-08-09,66.3879,66.739,66.3565,66.6387,5427100.0
2005-08-10,66.9272,67.3034,66.3377,66.6199,8485100.0
2005-08-11,66.5509,67.0965,66.4945,67.015,5800000.0
2005-08-12,66.877,66.8958,66.344,66.4757,5361800.0
2005-08-15,66.507,66.9083,66.3001,66.8582,4665800.0
2005-08-16,66.6199,66.7202,65.9865,66.0931,6792700.0
2005-08-17,66.0869,66.5384,66.018,66.2688,6394900.0
2005-08-18,66.1371,66.576,66.0744,66.3189,6723200.0
2005-08-19,66.5825,66.7901,66.3624,66.4945,4033600.0
2005-08-22,66.5825,66.9032,66.1422,66.4504,6929700.0
2005-08-23,66.4378,66.4944,65.9787,66.2114,6953900.0
2005-08-24,66.029,66.3497,65.507,65.5196,9086400.0
2005-08-25,65.6202,65.7774,65.5322,65.6957,5454900.0
2005-08-26,65.6328,65.6516,65.2743,65.3435,5546700.0
2005-08-29,65.0919,65.9158,65.0605,65.8089,6547200.0
2005-08-30,65.6139,65.6139,65.0605,65.4064,8566800.0
2005-08-31,65.4567,66.0227,65.1171,65.9661,9550100.0
2005-09-01,65.8969,66.1548,65.5447,65.7837,7401300.0
2005-09-02,65.8969,65.9913,65.5951,65.7837,11825500.0
2005-09-06,66.0227,66.6201,65.9849,66.5572,10767100.0
2005-09-07,66.5447,66.8969,66.4818,66.8088,7275000.0
2005-09-08,66.6516,66.8466,66.4566,66.6076,5879000.0
2005-09-09,66.7522,67.2491,66.7019,67.1422,7449900.0
2005-09-12,67.1044,67.2994,67.0604,67.1736,4963100.0
2005-09-13,67.0352,67.1736,66.6705,66.7334,6012100.0
2005-09-14,66.8339,66.922,66.3057,66.3937,6904700.0
2005-09-15,66.5447,66.6013,66.1988,66.4504,7019500.0
2005-09-16,66.7306,67.0015,66.5417,66.907,6797100.0
2005-09-19,66.8377,66.8566,66.2142,66.4724,8614000.0
2005-09-20,66.5606,66.7432,65.8615,65.956,11001900.0
2005-09-21,65.8236,65.8236,65.2631,65.3261,10702800.0
2005-09-22,65.3387,65.7544,65.1497,65.5276,7931300.0
2005-09-23,65.4521,65.8174,65.2946,65.5654,4974300.0
2005-09-26,65.9119,66.1512,65.5151,65.7796,6407000.0
2005-09-27,65.7355,66.0693,65.5466,65.8363,8162900.0
2005-09-28,66.0063,66.1575,65.6032,65.9433,6376500.0
2005-09-29,65.8803,66.4787,65.5654,66.3842,9185600.0
2005-09-30,66.359,66.6299,66.2583,66.6047,4172600.0
2005-10-03,66.5984,66.7684,66.2331,66.3087,5411100.0
2005-10-04,66.422,66.5354,65.6095,65.6095,6459100.0
2005-10-05,65.6788,65.7229,64.9734,65.0112,8901800.0
2005-10-06,65.0868,65.3198,64.3625,64.8097,11180100.0
2005-10-07,65.0931,65.1938,64.7593,64.8537,6857700.0
2005-10-10,64.986,65.0238,64.4254,64.4443,5053100.0
2005-10-11,64.6774,64.986,64.4633,64.5766,7939900.0
2005-10-12,64.5829,64.9482,64.1672,64.2617,16982500.0
2005-10-13,64.2617,64.5199,63.9783,64.2176,8091400.0
2005-10-14,64.5514,64.8537,64.2428,64.7656,8777900.0
2005-10-17,64.9168,65.2758,64.8349,65.1876,10068700.0
2005-10-18,65.2253,65.3513,64.7845,64.7908,4804500.0
2005-10-19,64.6269,65.7228,64.4695,65.6977,12384800.0
2005-10-20,65.5402,65.7418,64.5514,64.734,10696000.0
2005-10-21,64.9409,64.9913,64.2471,64.4174,10676100.0
2005-10-24,64.6697,65.4896,64.6067,65.4329,11279400.0
2005-10-25,65.3256,65.6284,65.004,65.4202,6667100.0
2005-10-26,65.2436,65.7544,65.1553,65.294,7512100.0
2005-10-27,65.1617,65.2248,64.4553,64.5436,5411400.0
2005-10-28,64.7391,65.5652,64.6192,65.4896,8511100.0
2005-10-31,65.7419,66.0888,65.5211,65.5338,5342600.0
2005-11-01,65.7482,65.8933,65.5716,65.6789,5384200.0
2005-11-02,65.5022,66.1518,65.4391,66.032,6249000.0
2005-11-03,66.3158,66.5933,66.1455,66.3726,6455800.0
2005-11-04,66.4545,66.5302,66.0572,66.341,4155600.0
2005-11-07,66.5303,66.7699,66.3284,66.6059,3314800.0
2005-11-08,66.505,66.6879,66.4104,66.5996,3077000.0
2005-11-09,66.4861,66.9213,66.3915,66.5996,4387700.0
2005-11-10,66.5933,67.2807,66.4293,67.2177,7604300.0
2005-11-11,67.2051,67.5519,67.1672,67.4952,3297100.0
2005-11-14,67.4573,67.6339,67.4132,67.6087,3607500.0
2005-11-15,67.5961,67.8421,67.3375,67.5583,7408600.0
2005-11-16,67.5835,67.7033,67.3123,67.5078,6907300.0
2005-11-17,67.5709,67.7853,67.3943,67.7222,5314800.0
2005-11-18,68.0181,68.1003,67.5945,67.9929,8014000.0
2005-11-21,68.1383,68.4797,67.9929,68.3912,5132900.0
2005-11-22,68.2774,68.7579,68.1888,68.6947,7228500.0
2005-11-23,68.5556,69.2132,68.5556,69.0361,5402800.0
2005-11-25,69.0614,69.2385,69.0614,69.131,1592000.0
2005-11-28,69.1879,69.2322,68.7706,68.9476,7201700.0
2005-11-29,69.1184,69.2954,68.8402,68.8528,6523900.0
2005-11-30,68.9096,69.0993,68.3342,68.4291,6149900.0
2005-12-01,68.758,69.169,68.6947,68.9603,5844300.0
2005-12-02,68.9413,69.0868,68.701,68.8085,5143600.0
2005-12-05,68.6631,68.7706,68.3786,68.5367,4607400.0
2005-12-06,68.8022,69.0994,68.5935,68.7326,5144600.0
2005-12-07,68.72,68.7516,68.094,68.3532,8612400.0
2005-12-08,68.3975,68.6252,67.8917,68.0624,7453200.0
2005-12-09,68.0813,68.3596,67.879,68.1256,5127800.0
2005-12-12,68.3532,68.4165,67.9232,68.1129,5095700.0
2005-12-13,68.1383,68.7896,68.0245,68.5367,7727900.0
2005-12-14,68.5556,69.1058,68.5556,68.9224,7047400.0
2005-12-15,68.9223,69.2385,68.7326,68.7769,8461600.0
2005-12-16,69.0646,69.2294,68.7604,68.7668,4573100.0
2005-12-19,68.9506,69.109,68.4752,68.5766,7584100.0
2005-12-20,68.5957,68.7097,68.2535,68.3739,5050500.0
2005-12-21,68.4943,68.9759,68.4372,68.5386,5923100.0
2005-12-22,68.6717,68.9189,68.545,68.8935,4253800.0
2005-12-23,68.9823,69.0457,68.8238,68.9189,1906900.0
2005-12-27,69.0393,69.2357,68.2154,68.2851,8654300.0
2005-12-28,68.4372,68.5386,68.2471,68.3485,4159700.0
2005-12-29,68.4056,68.5387,68.1584,68.2408,2907700.0
2005-12-30,68.0634,68.1774,67.6958,67.7782,5063100.0
2006-01-03,68.0887,68.7985,67.6451,68.6527,9761900.0
2006-01-04,68.7161,68.9886,68.6147,68.9125,5844500.0
2006-01-05,68.7668,69.09,68.6718,69.0013,4843600.0
2006-01-06,69.2865,69.5209,68.9252,69.4069,9017800.0
2006-01-09,69.3942,69.8442,69.3752,69.6984,10420700.0
2006-01-10,69.4322,69.7997,69.3751,69.7617,6390700.0
2006-01-11,69.7808,70.0026,69.635,69.9836,4388600.0
2006-01-12,69.8505,69.8568,69.4005,69.5653,6331700.0
2006-01-13,69.4765,69.6667,69.1977,69.4195,3712200.0
2006-01-17,69.1723,69.2484,68.9125,69.0836,3914400.0
2006-01-18,68.697,69.0139,68.5766,68.8238,4962200.0
2006-01-19,68.9062,69.1914,68.7858,68.9062,4596400.0
2006-01-20,68.811,68.8364,67.5358,67.5485,16440200.0
2006-01-23,67.6564,68.0624,67.6056,67.7959,7596300.0
2006-01-24,67.853,68.1449,67.7452,67.8467,7147800.0
2006-01-25,68.0624,68.2147,67.631,67.9799,9525900.0
2006-01-26,68.2845,68.6461,68.1703,68.5256,8234300.0
2006-01-27,68.6587,69.3249,68.5001,69.2234,7922800.0
2006-01-30,69.2107,69.2805,69.0014,69.0965,4822900.0
2006-01-31,69.0204,69.2742,68.6715,68.6905,5224700.0
2006-02-01,68.8364,69.5469,68.8364,69.5152,7068500.0
2006-02-02,69.344,69.4011,68.6398,68.7095,7334800.0
2006-02-03,68.5827,68.9126,68.3543,68.386,5108600.0
2006-02-06,68.4875,68.6017,68.3099,68.5319,3454100.0
2006-02-07,68.4113,68.6524,68.0878,68.1893,11363000.0
2006-02-08,68.3416,68.9697,68.3162,68.8935,5261200.0
2006-02-09,69.0331,69.5089,68.9443,69.0521,7852600.0
2006-02-10,69.0521,69.4772,68.6587,69.2361,7640600.0
2006-02-13,69.1916,69.4645,68.8744,69.1853,10955500.0
2006-02-14,69.3376,70.137,69.2298,70.0419,13191000.0
2006-02-15,69.9784,70.3147,69.7817,70.2322,9483800.0
2006-02-16,70.3083,70.6065,70.156,70.5938,5659100.0
2006-02-17,70.5709,70.698,70.3485,70.5646,3941800.0
2006-02-21,70.679,70.7553,70.1705,70.2785,9063600.0
2006-02-22,70.4184,70.8824,70.3803,70.6154,5032100.0
2006-02-23,70.6154,70.768,70.2214,70.3866,9454300.0
2006-02-24,70.2786,70.4629,69.9735,70.3994,5469600.0
2006-02-27,70.412,70.7616,70.3929,70.4565,2547500.0
2006-02-28,70.2976,70.3993,69.7764,69.8527,6669100.0
2006-03-01,70.0688,70.3866,69.9735,70.2087,4725400.0
2006-03-02,70.018,70.2341,69.8019,70.1578,5008800.0
2006-03-03,69.8336,70.5836,69.7954,69.9607,6315000.0
2006-03-06,70.0053,70.1514,69.4586,69.6811,5497300.0
2006-03-07,69.5095,69.8591,69.4713,69.8209,6271500.0
2006-03-08,69.7256,70.126,69.4523,69.9798,6353000.0
2006-03-09,70.0307,70.2658,69.7129,69.7319,6042400.0
2006-03-10,69.9099,70.5772,69.8336,70.4565,8351400.0
2006-03-13,70.5773,70.7489,70.3421,70.5582,5690200.0
2006-03-14,70.4374,71.0349,70.393,70.9459,4981700.0
2006-03-15,70.9904,71.4608,70.8951,71.3972,5835200.0
2006-03-16,71.4989,71.7976,71.4608,71.6769,6334700.0
2006-03-17,71.74,71.861,71.6317,71.7909,5742800.0
2006-03-20,71.8037,71.9884,71.6635,71.7846,6846500.0
2006-03-21,71.8228,72.154,71.4023,71.5425,8855200.0
2006-03-22,71.5424,72.103,71.5169,72.0202,7281700.0
2006-03-23,71.982,72.0966,71.5042,71.8418,6603900.0
2006-03-24,71.7718,72.033,71.5616,71.8228,4651600.0
2006-03-27,71.6889,71.8036,71.4723,71.6316,3459600.0
2006-03-28,71.5615,71.8036,70.9118,70.9819,8467700.0
2006-03-29,71.1093,71.5743,71.0137,71.3259,7838700.0
2006-03-30,71.3131,71.6635,70.7462,70.9755,8894100.0
2006-03-31,71.0966,71.2303,70.6889,70.9055,6037000.0
2006-04-03,71.1157,71.5934,70.8736,70.9055,7856300.0
2006-04-04,70.9246,71.4724,70.7908,71.345,6192100.0
2006-04-05,71.3195,71.6444,71.0838,71.5743,7691900.0
2006-04-06,71.5043,71.6444,71.1284,71.4533,5248200.0
2006-04-07,71.638,71.7908,70.7653,70.8608,7292800.0
2006-04-10,70.9819,71.2431,70.8163,71.0329,5947700.0
2006-04-11,71.1666,71.2558,70.3958,70.6634,7484400.0
2006-04-12,70.7717,70.9947,70.7207,70.8927,3721200.0
2006-04-13,70.8227,71.224,70.7335,70.8864,4230500.0
2006-04-17,70.9054,71.1029,70.3003,70.5997,5455900.0
2006-04-18,70.7271,71.8482,70.7271,71.7526,10870700.0
2006-04-19,71.8673,72.0075,71.5679,71.8928,6002100.0
2006-04-20,71.9247,72.5426,71.8801,72.2941,10126900.0
2006-04-21,72.6391,72.6838,72.1226,72.3139,6997100.0
2006-04-24,72.2182,72.3585,72.0142,72.282,5136000.0
2006-04-25,72.3394,72.3585,71.7399,71.9568,8235400.0
2006-04-26,72.0397,72.4988,72.0014,72.3075,6018800.0
2006-04-27,71.9887,72.7603,71.8548,72.5499,14549000.0
2006-04-28,72.4797,72.7603,72.3075,72.62,4110100.0
2006-05-01,72.6646,72.8304,72.18,72.2501,5649300.0
2006-05-02,72.5179,72.824,72.3968,72.7922,6042300.0
2006-05-03,72.6519,72.7412,72.416,72.671,4748300.0
2006-05-04,72.7858,73.0983,72.7858,72.907,4126700.0
2006-05-05,73.2449,73.8635,73.1939,73.7359,6889900.0
2006-05-08,73.736,73.9719,73.736,73.8125,3502300.0
2006-05-09,73.8634,74.2397,73.8252,74.1887,3952400.0
2006-05-10,74.1313,74.482,73.9974,74.329,8291900.0
2006-05-11,74.2653,74.2653,73.2386,73.4554,9635700.0
2006-05-12,73.2768,73.3725,72.5817,72.6136,9974000.0
2006-05-15,72.3904,72.9707,72.3267,72.9006,7380100.0
2006-05-16,72.9516,73.1557,72.6965,72.8878,6972200.0
2006-05-17,72.5052,72.5945,71.3701,71.4148,17248200.0
2006-05-18,71.7208,72.4478,70.9747,71.0513,10613500.0
2006-05-19,71.3511,71.415,70.7246,71.2616,22180500.0
2006-05-22,70.7758,71.3831,70.4945,70.942,16605100.0
2006-05-23,71.3575,71.5621,70.5456,70.5584,9473200.0
2006-05-24,70.8653,71.3255,70.4433,71.0443,15372400.0
2006-05-25,71.3191,71.658,71.1465,71.6324,8585700.0
2006-05-26,71.8817,72.1182,71.6771,72.099,5280200.0
2006-05-30,71.7859,71.8434,70.8333,70.8525,8299800.0
2006-05-31,71.1209,71.4789,70.8332,71.4278,7130200.0
2006-06-01,71.3384,72.0224,71.2617,71.8562,5982200.0
2006-06-02,72.0863,72.1438,71.5237,71.8306,6554400.0
2006-06-05,71.7027,71.7411,70.5776,70.763,9940600.0
2006-06-06,70.8205,70.9228,69.8168,70.3155,15140100.0
2006-06-07,70.3986,70.7885,69.7721,69.804,9062900.0
2006-06-08,69.7593,70.1109,68.7364,69.6826,26005000.0
2006-06-09,69.9574,70.162,69.478,69.5738,7295800.0
2006-06-12,69.804,69.8488,68.9474,69.0113,9054200.0
2006-06-13,69.0241,69.4844,68.3784,68.3848,13085700.0
2006-06-14,68.4999,69.2734,68.372,69.2543,10351500.0
2006-06-15,69.3949,70.6159,69.3374,70.5456,11215100.0
2006-06-16,70.3753,70.6698,70.2408,70.4137,5751300.0
2006-06-19,70.6186,70.7082,69.7607,69.8951,7078800.0
2006-06-20,70.0872,70.5738,69.9591,70.3369,7217400.0
2006-06-21,70.2344,71.2268,70.228,70.8811,9160600.0
2006-06-22,70.8042,70.8554,70.292,70.5545,4818100.0
2006-06-23,70.4329,70.8683,70.2089,70.4073,6711600.0
2006-06-26,70.388,70.7146,70.2024,70.6825,4298800.0
2006-06-27,70.689,70.8042,69.8759,69.9527,6514800.0
2006-06-28,70.068,70.3241,69.7671,70.3113,3983900.0
2006-06-29,70.5737,71.6237,70.5097,71.5789,8164300.0
2006-06-30,71.8479,71.8863,71.4445,71.5726,3904500.0
2006-07-03,71.675,71.867,71.6173,71.835,1052200.0
2006-07-05,71.5341,71.611,71.182,71.3677,3459400.0
2006-07-06,71.4829,72.0656,71.4701,71.8287,9406000.0
2006-07-07,71.4829,71.9631,70.8683,71.0412,7181800.0
2006-07-10,71.2844,71.5661,71.0027,71.1628,4375500.0
2006-07-11,70.9707,71.4061,70.6122,71.3677,5236100.0
2006-07-12,71.2844,71.3997,70.4137,70.6378,4850200.0
2006-07-13,70.2728,70.292,69.3125,69.3381,16123600.0
2006-07-14,69.4214,69.5238,68.5122,68.7107,8206500.0
2006-07-17,68.7491,69.1908,68.6146,68.8387,8335300.0
2006-07-18,68.986,69.2997,68.4354,69.2677,11280500.0
2006-07-19,69.4277,70.7082,69.21,70.4521,11503300.0
2006-07-20,70.6186,70.7146,69.9399,70.0552,7764700.0
2006-07-21,70.2661,70.2726,69.4263,69.5994,9159500.0
2006-07-24,69.8814,70.9072,69.8814,70.8431,9628100.0
2006-07-25,70.6957,71.3304,70.452,71.029,8120800.0
2006-07-26,71.0355,71.4714,70.7726,71.106,6206200.0
2006-07-27,71.3881,71.6638,71.0227,71.3368,9135400.0
2006-07-28,71.4586,72.0164,71.2599,71.8497,11306000.0
2006-07-31,71.6766,71.8369,71.5868,71.7407,3906800.0
2006-08-01,71.4842,71.497,71.0034,71.3047,5439000.0
2006-08-02,71.5163,71.933,71.4458,71.792,3929700.0
2006-08-03,71.4393,72.2279,71.3368,72.183,6181100.0
2006-08-04,72.5356,72.6831,71.6894,72.1125,7698000.0
2006-08-07,71.8945,72.074,71.7086,72.0227,3623200.0
2006-08-08,72.1061,72.292,71.2598,71.7022,9064600.0
2006-08-09,72.0612,72.1318,70.9842,71.1316,8368700.0
2006-08-10,71.0675,71.5034,70.8431,71.356,7656700.0
2006-08-11,71.2021,71.2598,70.8751,71.1957,5275000.0
2006-08-14,71.5611,71.8881,71.0931,71.2598,7949500.0
2006-08-15,71.8496,72.0932,71.6316,71.9714,4695800.0
2006-08-16,72.2856,72.7985,72.2407,72.6895,6681000.0
2006-08-17,72.6383,73.0101,72.5677,72.7408,5959600.0
2006-08-18,72.8925,73.1173,72.6547,73.1173,3983200.0
2006-08-21,72.8796,72.9631,72.6675,72.9245,5056000.0
2006-08-22,72.7832,73.0852,72.5584,72.7832,3930800.0
2006-08-23,72.7832,73.0017,72.3335,72.674,7033800.0
2006-08-24,72.7318,72.8218,72.3913,72.4748,4049000.0
2006-08-25,72.4298,72.6997,72.2949,72.5005,3559800.0
2006-08-28,72.4363,73.1623,72.4299,72.886,3875800.0
2006-08-29,72.8988,73.0916,72.5583,72.931,4967000.0
2006-08-30,73.0852,73.2908,72.9631,73.0917,4297200.0
2006-08-31,73.1558,73.2971,73.0401,73.1237,3894800.0
2006-09-01,73.3807,73.7405,73.2137,73.6956,4494400.0
2006-09-05,73.6441,73.824,73.4899,73.7148,5085300.0
2006-09-06,73.4194,73.5286,73.2266,73.3358,4347600.0
2006-09-07,73.0402,73.2137,72.7511,72.9631,7050000.0
2006-09-08,72.9952,73.2779,72.9181,73.1623,3220000.0
2006-09-11,73.0209,73.4064,72.8731,73.2201,5681400.0
2006-09-12,73.31,74.004,73.2458,73.8755,9111200.0
2006-09-13,73.7984,74.3959,73.792,74.1903,4674000.0
2006-09-14,74.0682,74.2673,73.9268,74.2159,4182000.0
2006-09-15,74.5616,74.6839,74.3106,74.4007,7672200.0
2006-09-18,74.272,74.5295,74.1047,74.3557,7036500.0
2006-09-19,74.375,74.3814,73.815,74.2398,8697300.0
2006-09-20,74.4587,74.7998,74.4265,74.7161,8912900.0
2006-09-21,74.7227,74.8064,73.9889,74.2592,8600800.0
2006-09-22,74.1883,74.1883,73.8086,74.0274,5824500.0
2006-09-25,74.1433,74.729,73.8729,74.4072,7954400.0
2006-09-26,74.4521,75.0765,74.3813,75.0443,5624600.0
2006-09-27,75.0122,75.3791,74.9736,75.2954,13105000.0
2006-09-28,75.2955,75.4242,74.9865,75.244,11939700.0
2006-09-29,75.3533,75.5207,75.0959,75.1409,6476600.0
2006-10-02,75.1474,75.437,74.9671,75.0637,7034700.0
2006-10-03,74.9929,75.6237,74.9478,75.3984,8935000.0
2006-10-04,75.334,76.2609,75.3083,76.203,9500700.0
2006-10-05,76.1836,76.4089,76.0807,76.351,7159600.0
2006-10-06,76.2287,76.3188,75.9326,76.2866,8877700.0
2006-10-09,76.1579,76.4282,76.0163,76.351,3432300.0
2006-10-10,76.3832,76.4476,76.1451,76.3124,6717700.0
2006-10-11,76.0871,76.454,75.894,76.3253,8384200.0
2006-10-12,76.5184,76.9689,76.512,76.8917,5467800.0
2006-10-13,76.8338,77.0333,76.6407,77.0076,5290000.0
2006-10-16,76.9625,77.2199,76.8659,77.0912,6899400.0
2006-10-17,76.9819,77.0784,76.512,76.9626,9414600.0
2006-10-18,77.3487,77.5547,76.9174,77.1749,8739600.0
2006-10-19,77.1234,77.4388,77.0269,77.3358,6592000.0
2006-10-20,77.1728,77.3404,76.9344,77.2888,8226900.0
2006-10-23,77.1535,78.0621,77.1406,77.8946,9888200.0
2006-10-24,77.8881,78.1394,77.8172,78.1137,7025100.0
2006-10-25,78.0106,78.2362,77.7786,78.2297,8617200.0
2006-10-26,78.2683,78.3328,77.8752,78.2555,6657000.0
2006-10-27,78.1395,78.2426,77.7399,77.8881,8672500.0
2006-10-30,77.7205,78.017,77.5659,77.8301,5699600.0
2006-10-31,77.8816,77.9976,77.4112,77.8043,8360000.0
2006-11-01,78.017,78.0492,77.321,77.5014,7596000.0
2006-11-02,77.2565,77.4885,77.1534,77.3339,6938800.0
2006-11-03,77.6303,77.7335,77.0761,77.1921,6840900.0
2006-11-06,77.3725,78.0685,77.3468,77.9848,7444400.0
2006-11-07,78.0557,78.5454,77.9525,78.3328,9506400.0
2006-11-08,78.1008,78.597,77.9977,78.5132,9262100.0
2006-11-09,78.481,78.5583,77.9203,78.0814,5962600.0
2006-11-10,78.0557,78.1459,77.8301,78.0492,3718400.0
2006-11-13,78.0556,78.5067,77.9654,78.2038,5695200.0
2006-11-14,78.4102,78.9128,77.972,78.8291,7650200.0
2006-11-15,78.8419,79.3381,78.8032,79.0674,8817400.0
2006-11-16,79.2995,79.5573,79.1384,79.4993,6310100.0
2006-11-17,79.35,79.6666,79.2596,79.6408,6493600.0
2006-11-20,79.5374,79.7636,79.4082,79.5568,5772200.0
2006-11-21,79.5761,79.6795,79.3823,79.5697,5692600.0
2006-11-22,79.6214,79.8023,79.4275,79.6343,3947300.0
2006-11-24,79.2595,79.5374,79.1691,79.266,2480000.0
2006-11-27,79.2789,79.2918,78.2257,78.2516,9329500.0
2006-11-28,78.1805,78.4713,77.9737,78.3485,8415800.0
2006-11-29,78.5617,79.0851,78.5359,79.0399,9318400.0
2006-11-30,79.0399,79.3242,78.5876,79.0076,12809400.0
2006-12-01,79.0657,79.1238,78.1159,78.8589,14513700.0
2006-12-04,78.8525,79.5438,78.8266,79.3435,6279300.0
2006-12-05,79.4598,79.7118,79.2983,79.7054,6599200.0
2006-12-06,79.673,79.7312,79.4534,79.5697,4234800.0
2006-12-07,79.6924,79.8927,79.266,79.3177,6432500.0
2006-12-08,79.266,79.7183,79.0334,79.4728,7319600.0
2006-12-11,79.5438,79.8281,79.518,79.6924,3908400.0
2006-12-12,79.6471,79.6859,79.1755,79.5954,8976800.0
2006-12-13,79.8928,79.9509,79.5115,79.6989,4444800.0
2006-12-14,79.6084,80.3644,79.602,80.2675,6851000.0
2006-12-15,80.4553,80.7144,80.397,80.4294,9366400.0
2006-12-18,80.5331,80.7404,80.3517,80.4748,6767800.0
2006-12-19,80.2675,80.7469,80.1379,80.5784,6186200.0
2006-12-20,80.6044,80.7987,80.5137,80.6044,4705700.0
2006-12-21,80.6238,80.721,80.1509,80.3258,5991800.0
2006-12-22,80.3388,80.4878,79.8011,79.8011,6811000.0
2006-12-26,79.7946,80.3387,79.7946,80.3128,4076200.0
2006-12-27,80.5655,80.9737,80.4943,80.9348,5714600.0
2006-12-28,80.9153,81.0708,80.7145,80.8505,6691600.0
2006-12-29,80.8505,81.0449,80.5525,80.5978,4935800.0
2007-01-03,81.0838,81.4207,80.2546,80.6368,11525000.0
2007-01-04,80.6432,80.9477,80.261,80.7728,10318700.0
2007-01-05,80.6367,80.6562,80.0213,80.1638,9389000.0
2007-01-08,80.2481,80.5849,79.8464,80.423,8092400.0
2007-01-09,80.5525,80.7015,79.9565,80.3776,7438700.0
2007-01-10,80.1638,80.6886,80.0083,80.6108,8961200.0
2007-01-11,80.6627,81.2069,80.5525,80.9736,7467000.0
2007-01-12,80.9412,81.4077,80.857,81.4077,5995700.0
2007-01-16,81.3299,81.4659,81.1679,81.4335,7052400.0
2007-01-17,81.33,81.6927,81.2587,81.466,8768600.0
2007-01-18,81.6021,81.6798,81.2328,81.3105,10423800.0
2007-01-19,81.1938,81.492,81.1485,81.3883,10946400.0
2007-01-22,81.3429,81.3624,80.6299,80.8697,10233200.0
2007-01-23,80.8437,81.2975,80.7595,81.2457,6596600.0
2007-01-24,81.3623,81.7577,81.278,81.7253,10118500.0
2007-01-25,81.6995,81.7578,80.8957,81.0124,8768800.0
2007-01-26,81.1679,81.2133,80.5197,80.8827,9675900.0
2007-01-29,80.9216,81.2327,80.8308,80.9151,6681200.0
2007-01-30,80.9669,81.2067,80.7983,81.1354,7639900.0
2007-01-31,81.1549,81.9976,81.116,81.8356,9790200.0
2007-02-01,81.9782,82.1791,81.7902,82.1597,8707400.0
2007-02-02,82.1986,82.2181,81.8875,82.0236,5961000.0
2007-02-05,81.9652,82.1597,81.8421,82.1208,4625000.0
2007-02-06,82.0819,82.1921,81.8745,82.1014,7254800.0
2007-02-07,82.1726,82.3671,81.8939,82.1921,5930400.0
2007-02-08,82.0365,82.056,81.5374,81.9847,6289600.0
2007-02-09,82.0171,82.1921,81.3429,81.6022,6601100.0
2007-02-12,81.6022,81.706,81.2846,81.4143,9208000.0
2007-02-13,81.693,82.3282,81.667,82.0884,6416000.0
2007-02-14,82.1857,82.8663,82.1338,82.6394,7395600.0
2007-02-15,82.7237,82.9117,82.6459,82.8274,6077800.0
2007-02-16,82.743,82.8469,82.678,82.8469,5813600.0
2007-02-20,82.769,83.0288,82.4248,82.9054,5611900.0
2007-02-21,82.6716,82.8599,82.4638,82.717,5303800.0
2007-02-22,82.7364,82.8598,82.113,82.3403,7221000.0
2007-02-23,82.2949,82.3078,82.0026,82.0935,5916600.0
2007-02-26,82.3858,82.4767,81.8858,82.0481,7599500.0
2007-02-27,81.3987,82.113,78.2555,78.9698,32106200.0
2007-02-28,79.4959,80.1843,78.9049,79.6582,19617800.0
2007-03-01,78.8464,79.8141,77.9632,79.5153,24877800.0
2007-03-02,79.2296,79.5348,78.5542,78.5542,17515400.0
2007-03-05,78.1905,79.1711,78.1126,78.1256,15602600.0
2007-03-06,78.762,79.418,78.5672,79.2686,9048100.0
2007-03-07,79.2361,79.6193,79.1452,79.2296,6965700.0
2007-03-08,79.7037,79.931,79.4114,79.7491,7570300.0
2007-03-09,80.0284,80.1063,79.4439,79.8725,9315800.0
2007-03-12,79.6778,80.2233,79.5674,79.9765,6396100.0
2007-03-13,79.5673,79.8725,78.4892,78.5931,13714600.0
2007-03-14,78.5996,79.0282,77.606,79.0088,22827500.0
2007-03-15,78.7425,79.2556,78.7165,79.0932,7905600.0
2007-03-16,79.2084,79.267,78.2711,78.7919,8491600.0
2007-03-19,79.1238,79.5924,79.0847,79.5924,6829200.0
2007-03-20,79.4363,79.944,79.4167,79.944,7412600.0
2007-03-21,79.9309,81.1937,79.6185,80.9007,9723600.0
2007-03-22,81.0115,81.1286,80.699,81.005,6477800.0
2007-03-23,81.0375,81.3694,80.9529,81.1612,5276200.0
2007-03-26,81.2002,81.2002,80.4321,80.9463,7972500.0
2007-03-27,80.8488,80.8618,80.4908,80.6405,7691500.0
2007-03-28,80.3996,80.4582,79.7031,80.0611,13868800.0
2007-03-29,80.4972,80.5298,79.7747,80.2564,9107700.0
2007-03-30,80.302,80.7511,79.625,80.4451,9827200.0
2007-04-02,80.4322,80.5949,80.1328,80.4843,6195200.0
2007-04-03,80.8487,81.5322,80.8487,81.3564,7328400.0
2007-04-04,81.415,81.5842,81.2783,81.4801,4879800.0
2007-04-05,81.441,81.8185,81.3304,81.6623,4046000.0
2007-04-09,81.8316,81.9488,81.7079,81.786,3529200.0
2007-04-10,81.786,81.9227,81.6689,81.747,5668800.0
2007-04-11,81.8576,81.8706,81.057,81.2979,9250600.0
2007-04-12,81.2002,81.7144,80.8813,81.6298,5984200.0
2007-04-13,81.8576,82.1115,81.4931,82.1115,5935800.0
2007-04-16,82.3198,82.8535,82.3067,82.6908,7969000.0
2007-04-17,82.847,83.231,82.6908,83.1529,7932200.0
2007-04-18,82.9511,83.5369,82.8535,83.3417,9222000.0
2007-04-19,82.8795,83.4914,82.8405,83.4653,8618600.0
2007-04-20,84.0947,84.4074,83.9644,84.4074,10280800.0
2007-04-23,84.2901,84.5116,84.0751,84.1468,7509000.0
2007-04-24,84.251,84.5376,83.9708,84.3487,10591300.0
2007-04-25,84.6354,85.3324,84.4009,85.0914,12649900.0
2007-04-26,85.2086,85.4822,85.0913,85.4691,9708800.0
2007-04-27,85.15,85.5799,85.0979,85.4887,7526200.0
2007-04-30,85.4496,85.9773,85.0392,85.1239,10288000.0
2007-05-01,85.2347,85.5474,84.8894,85.5278,21228200.0
2007-05-02,85.6646,86.3095,85.5734,86.0815,9341000.0
2007-05-03,86.1727,86.2705,85.9252,86.2444,9363700.0
2007-05-04,86.4138,86.5115,86.1402,86.4724,10687600.0
2007-05-07,86.518,86.7265,86.4724,86.6678,10477600.0
2007-05-08,86.4398,86.7851,86.2183,86.7199,9462600.0
2007-05-09,86.6353,87.1434,86.5115,87.0131,9628000.0
2007-05-10,86.7656,86.9219,86.1272,86.3161,14855800.0
2007-05-11,86.4072,87.0066,86.3812,87.0066,10151200.0
2007-05-14,87.0392,87.2606,86.7004,87.1108,10734000.0
2007-05-15,87.1564,87.9056,87.0522,87.3714,21494200.0
2007-05-16,87.4952,88.0424,87.1955,88.0228,14911200.0
2007-05-17,87.9121,88.2052,87.7557,87.899,12408200.0
2007-05-18,88.2283,88.5026,88.176,88.5026,9481600.0
2007-05-21,88.4307,88.6593,88.2805,88.3066,12668600.0
2007-05-22,88.4176,88.6528,88.2543,88.2805,11193000.0
2007-05-23,88.5418,88.8226,88.1368,88.3066,10997000.0
2007-05-24,88.3523,89.0447,87.6208,87.7776,28156800.0
2007-05-25,88.0192,88.2087,87.7776,88.1042,10227600.0
2007-05-29,88.287,88.7638,87.8951,88.3197,12177200.0
2007-05-30,87.9017,89.0316,87.7972,89.012,14456600.0
2007-05-31,89.0905,89.2603,88.8815,89.0186,8996400.0
2007-06-01,89.2275,89.3778,88.9336,89.2275,9593200.0
2007-06-04,88.9794,89.3582,88.914,89.1949,7430400.0
2007-06-05,88.9989,89.0381,88.4568,88.816,13404800.0
2007-06-06,88.5026,88.5026,87.7318,87.8429,15041600.0
2007-06-07,87.7057,88.0388,86.4582,86.5627,26022900.0
2007-06-08,86.7456,87.6731,86.5301,87.5882,19097800.0
2007-06-11,87.5686,88.0127,87.3726,87.6796,10273100.0
2007-06-12,87.3204,87.8233,86.8175,86.8175,19846200.0
2007-06-13,87.2485,88.1041,87.0264,88.0454,17254900.0
2007-06-14,88.1499,88.7443,88.0781,88.6332,12749000.0
2007-06-15,89.1753,89.4958,89.0576,89.0641,10995200.0
2007-06-18,89.2604,89.2931,88.8941,88.9007,10175000.0
2007-06-19,88.8221,89.2014,88.6913,89.1164,10656400.0
2007-06-20,89.3388,89.3454,88.0832,88.1879,16986200.0
2007-06-21,88.1552,88.6456,87.547,88.5279,26946200.0
2007-06-22,88.2533,88.4037,87.3312,87.6124,22142200.0
2007-06-25,87.5077,88.1355,86.9061,87.3835,18960000.0
2007-06-26,87.5078,87.9132,86.8473,86.8473,21826500.0
2007-06-27,86.7883,87.7758,86.6706,87.7104,20981000.0
2007-06-28,87.6908,88.3513,87.5666,87.6908,13935600.0
2007-06-29,87.8674,88.3644,86.8799,87.7627,19466600.0
2007-07-02,87.9066,88.5279,87.8805,88.4625,8861200.0
2007-07-03,88.6194,88.8483,88.5082,88.7371,7521000.0
2007-07-05,88.6653,88.7568,88.3187,88.6522,9392200.0
2007-07-06,88.698,89.1427,88.5214,89.025,8218700.0
2007-07-09,89.1949,89.3911,89.0249,89.2538,9688800.0
2007-07-10,88.9857,89.1035,88.201,88.2991,12622800.0
2007-07-11,88.214,88.8942,88.1225,88.8745,16698200.0
2007-07-12,89.1557,90.6859,89.1491,90.4701,13518100.0
2007-07-13,90.5552,91.098,90.516,90.843,8507800.0
2007-07-16,90.8887,91.4642,90.8495,91.2027,11637900.0
2007-07-17,91.3138,91.8566,91.2484,91.425,13299300.0
2007-07-18,91.1176,91.3596,90.431,91.1176,20804700.0
2007-07-19,91.5101,91.667,91.2485,91.4839,8731800.0
2007-07-20,91.1526,91.3752,90.2752,90.7073,19277200.0
2007-07-23,91.0806,91.4145,90.8842,91.1461,12709000.0
2007-07-24,90.6811,90.8906,89.6335,89.8758,20848000.0
2007-07-25,90.3276,90.4193,89.3324,90.0264,22438800.0
2007-07-26,89.4044,89.7907,85.8623,88.1997,46788100.0
2007-07-27,88.1407,88.455,86.4973,86.4973,31428100.0
2007-07-30,87.0277,87.6366,86.5104,87.4336,22838700.0
2007-07-31,87.9182,88.2783,86.229,86.5367,23253600.0
2007-08-01,86.3534,87.5974,85.9016,87.3486,42193500.0
2007-08-02,87.414,88.3896,87.067,88.2455,22635400.0
2007-08-03,88.023,88.2063,86.1242,86.5498,34061000.0
2007-08-06,86.6872,88.1342,86.1242,87.8658,31192300.0
2007-08-07,87.6628,89.064,87.3355,88.4223,25705000.0
2007-08-08,88.6449,89.6728,88.311,89.4044,27549800.0
2007-08-09,88.1473,88.9265,86.9295,86.9426,38884900.0
2007-08-10,86.3599,87.1586,85.5349,86.386,37277200.0
2007-08-13,87.2372,87.3682,86.5235,86.5432,17085800.0
2007-08-14,86.7789,87.0146,85.3057,85.4367,20864000.0
2007-08-15,85.2534,85.9605,84.1141,84.3629,28964000.0
2007-08-16,83.7016,84.6314,82.0452,84.5593,52563400.0
2007-08-17,86.1178,86.5246,84.6151,85.665,33292800.0
2007-08-20,85.9275,86.4196,85.1073,85.9341,16906000.0
2007-08-21,85.8422,86.3934,85.5798,85.7504,14383300.0
2007-08-22,86.3409,86.879,86.19,86.8068,12808700.0
2007-08-23,87.0889,87.3252,86.3671,86.728,14056300.0
2007-08-24,86.7412,87.7649,86.6362,87.6927,9666100.0
2007-08-27,87.5023,87.791,87.2595,87.3514,8506400.0
2007-08-28,86.9708,87.0758,85.5075,85.6256,13055600.0
2007-08-29,86.0128,87.2399,85.9406,87.1021,10693800.0
2007-08-30,86.5574,87.3383,86.4525,86.9905,12705200.0
2007-08-31,87.6401,88.0929,87.207,87.5351,11117600.0
2007-09-04,87.417,88.5128,87.3448,88.1519,11602900.0
2007-09-05,87.7779,87.8108,86.938,87.417,11230800.0
2007-09-06,87.5876,87.9157,87.1152,87.6204,10084000.0
2007-09-07,86.8592,86.8921,85.8487,86.3015,18245400.0
2007-09-10,86.5116,86.6625,85.4617,86.2425,14392100.0
2007-09-11,86.5509,87.4499,86.4918,87.3252,11502400.0
2007-09-12,87.2268,87.7255,87.0955,87.4367,11402900.0
2007-09-13,87.8502,88.4407,87.7124,88.1258,8318400.0
2007-09-14,87.6271,88.3817,87.5024,88.2308,10337200.0
2007-09-17,88.0076,88.316,87.7254,87.9682,8774100.0
2007-09-18,88.3816,90.2124,88.1979,90.1271,18362400.0
2007-09-19,90.6784,91.4133,90.4815,90.6587,13554200.0
2007-09-20,90.7439,90.7571,90.2452,90.3568,9651600.0
2007-09-21,90.9529,91.3802,90.644,90.644,8249600.0
2007-09-24,90.9464,91.137,90.2956,90.4139,9445500.0
2007-09-25,90.0722,90.5915,89.9407,90.5257,13487100.0
2007-09-26,90.9463,91.3736,90.736,91.0581,8384000.0
2007-09-27,91.4065,91.4525,91.0713,91.4525,8948300.0
2007-09-28,91.3408,91.4328,90.9464,91.3079,10128400.0
2007-10-01,91.3407,92.6816,91.3407,92.4187,10164200.0
2007-10-02,92.5502,92.6225,92.0243,92.1032,12705600.0
2007-10-03,91.9521,92.2019,91.6168,91.768,7918300.0
2007-10-04,91.9587,92.0507,91.6497,91.7023,7234600.0
2007-10-05,92.307,92.8197,92.1164,92.4713,9357800.0
2007-10-08,92.3925,92.4056,92.0309,92.1953,5129400.0
2007-10-09,92.4648,93.109,92.2216,93.0564,9070400.0
2007-10-10,92.9381,92.9709,92.0573,92.5042,9729400.0
2007-10-11,92.9184,93.3062,91.6695,92.1625,21857700.0
2007-10-12,92.2676,92.7606,92.0836,92.7606,7714600.0
2007-10-15,92.7343,92.754,91.3736,92.0375,12383600.0
2007-10-16,91.7614,91.7943,91.183,91.4722,13953500.0
2007-10-17,92.0966,92.1426,90.5388,91.4722,20261500.0
2007-10-18,91.0581,91.4722,90.8543,91.2356,11615700.0
2007-10-19,90.7507,91.3034,88.7897,88.7897,33071200.0
2007-10-22,88.2171,89.3358,88.125,89.1318,16391200.0
2007-10-23,89.6056,89.9412,89.0134,89.7701,13325600.0
2007-10-24,89.5596,90.0137,88.5462,89.8228,22583800.0
2007-10-25,89.9609,90.3426,89.066,90.086,16618800.0
2007-10-26,90.5532,90.8493,90.0465,90.7769,9929800.0
2007-10-29,90.9941,91.3823,90.9151,91.2375,8663400.0
2007-10-30,90.9349,91.1718,90.5861,90.6914,8531000.0
2007-10-31,91.0994,91.8167,90.3229,91.435,19378200.0
2007-11-01,90.7177,90.7441,89.0858,89.3951,25301400.0
2007-11-02,89.6188,89.6451,88.4277,89.5267,20988000.0
2007-11-05,88.7304,89.5661,88.4409,88.9739,13954800.0
2007-11-06,89.3819,89.9018,88.8687,89.8294,11092400.0
2007-11-07,88.9542,89.3161,87.4736,87.7499,18182700.0
2007-11-08,87.8618,87.9144,86.0917,87.1577,38375700.0
2007-11-09,86.3943,86.9142,85.6639,85.7495,20911400.0
2007-11-12,85.7758,86.6313,85.3744,85.3942,20703800.0
2007-11-13,86.0982,87.7828,86.0719,87.6117,15043400.0
2007-11-14,88.1513,88.1711,87.0195,87.3288,13708200.0
2007-11-15,86.9669,87.4473,86.0851,86.5128,18693600.0
2007-11-16,86.947,87.1252,86.0561,86.7425,22485600.0
2007-11-19,86.4653,86.8877,85.3104,85.5282,21362600.0
2007-11-20,85.68,86.4521,84.6835,86.01,29928200.0
2007-11-21,85.2114,85.5546,84.3337,84.3337,18182400.0
2007-11-23,84.9475,85.581,84.8749,85.4094,7232400.0
2007-11-26,85.5942,86.0034,83.9774,84.116,11480600.0
2007-11-27,84.4327,85.7328,84.2809,85.3434,23078300.0
2007-11-28,86.109,87.937,86.0628,87.6599,17995800.0
2007-11-29,87.4354,88.0888,87.2308,87.8842,15940400.0
2007-11-30,88.7751,88.8939,87.673,88.5376,18892200.0
2007-12-03,88.2274,88.4914,87.7588,87.9766,12645700.0
2007-12-04,87.4486,87.8908,87.3497,87.3958,8191700.0
2007-12-05,88.2274,88.8741,88.1284,88.729,11851000.0
2007-12-06,88.6893,90.0158,88.6365,89.8046,12317200.0
2007-12-07,90.0488,90.26,89.8112,90.0092,8477600.0
2007-12-10,90.2665,90.8275,90.0883,90.6757,7327600.0
2007-12-11,90.7681,91.0057,88.5705,88.6959,20363200.0
2007-12-12,90.3721,90.4909,87.9897,89.0918,15786800.0
2007-12-13,88.6167,89.3294,88.1877,89.0918,14104200.0
2007-12-14,88.6629,89.1777,88.0492,88.069,12506900.0
2007-12-17,87.7655,87.871,86.9075,87.0659,10828800.0
2007-12-18,87.5542,87.7192,86.4917,87.4751,13719100.0
2007-12-19,87.4486,87.8512,86.8349,87.2903,14342800.0
2007-12-20,87.6466,87.6664,86.8877,87.5806,12707000.0
2007-12-21,88.2494,89.0763,88.1832,88.8712,11031800.0
2007-12-24,89.169,89.6254,89.1359,89.513,3655600.0
2007-12-26,89.3145,89.6387,89.169,89.5857,5743000.0
2007-12-27,89.2615,89.3012,88.2163,88.4346,8127800.0
2007-12-28,88.7919,88.911,87.8658,88.2561,7819200.0
2007-12-31,88.0708,88.1436,87.4291,87.6871,6463400.0
2008-01-02,87.6342,87.7665,85.8811,86.4169,14811000.0
2008-01-03,86.4699,86.8404,86.0862,86.4898,8206300.0
2008-01-04,85.7157,85.8215,84.558,84.7895,15022600.0
2008-01-07,85.0343,85.1666,84.1611,84.7168,19666500.0
2008-01-08,85.0277,85.3386,83.1092,83.2548,21236800.0
2008-01-09,83.4334,84.2736,82.6991,83.9891,24161600.0
2008-01-10,83.6981,85.5504,83.5459,84.5581,25310700.0
2008-01-11,84.3595,84.3992,82.9637,83.4797,22464400.0
2008-01-14,84.2008,84.6242,83.8105,84.353,7932600.0
2008-01-15,83.6782,83.956,82.6131,82.8909,19807000.0
2008-01-16,82.4543,83.4466,81.9913,82.4609,25572000.0
2008-01-17,82.7256,82.8248,80.225,80.5557,30879600.0
2008-01-18,81.0193,81.6485,79.5556,79.8537,35591900.0
2008-01-22,77.0323,79.9332,76.6946,78.9596,38318000.0
2008-01-23,77.6482,81.3372,77.0786,81.2644,42838800.0
2008-01-24,81.3968,82.0724,80.973,81.7479,20563200.0
2008-01-25,82.5492,82.5956,80.6153,80.9266,19580700.0
2008-01-28,80.814,81.9929,80.1384,81.814,19403800.0
2008-01-29,82.291,82.7215,81.6883,82.483,15255000.0
2008-01-30,82.2645,83.9003,81.781,81.9797,24848200.0
2008-01-31,81.2445,84.0461,81.0723,83.45,22253400.0
2008-02-01,83.7745,84.5163,83.4235,84.3971,18098700.0
2008-02-04,84.2513,84.2845,83.4367,83.4698,11722300.0
2008-02-05,82.5824,82.7082,81.165,81.4366,16359000.0
2008-02-06,81.7346,82.0724,80.6749,80.973,14255000.0
2008-02-07,80.5358,81.7213,80.304,81.2842,21041800.0
2008-02-08,80.92,81.3836,80.1915,80.6352,15522000.0
2008-02-11,80.5955,81.1916,79.9795,81.0127,11659200.0
2008-02-12,81.5757,82.6155,81.4366,81.9731,18453800.0
2008-02-13,82.4632,83.3506,82.2314,82.9599,12484200.0
2008-02-14,83.2446,83.2513,81.9598,82.132,11294600.0
2008-02-15,81.8434,81.996,81.3988,81.8367,9758200.0
2008-02-19,82.7657,82.9117,81.5912,82.0689,9395500.0
2008-02-20,81.3125,82.6595,81.1068,82.341,15681700.0
2008-02-21,82.7325,82.9316,81.266,81.7504,13487600.0
2008-02-22,81.7571,82.3145,80.6622,82.1486,13727300.0
2008-02-25,82.0955,83.5089,81.8898,83.3231,14534100.0
2008-02-26,83.0378,84.491,83.0179,84.1459,13934400.0
2008-02-27,83.7544,84.6502,83.6814,84.1591,11539600.0
2008-02-28,83.6747,83.9203,83.197,83.5022,8998300.0
2008-02-29,82.7458,82.7458,81.14,81.6244,17088200.0
2008-03-03,81.2661,81.5182,80.7219,81.286,11889700.0
2008-03-04,80.629,81.2329,79.8659,81.2196,20448800.0
2008-03-05,81.3722,82.0093,80.649,81.5315,14589300.0
2008-03-06,81.0869,81.213,79.8328,80.1579,13426700.0
2008-03-07,79.2753,80.3171,78.499,78.917,20097400.0
2008-03-10,79.156,79.1692,77.9416,78.2867,17788000.0
2008-03-11,79.627,80.994,78.9303,80.994,20303000.0
2008-03-12,80.9741,81.7571,80.3703,80.5561,13040900.0
2008-03-13,79.5076,81.1997,78.9436,80.629,24138600.0
2008-03-14,81.1997,81.1997,78.6384,79.6403,29251700.0
2008-03-17,78.0876,80.2641,78.0677,79.6868,27004300.0
2008-03-18,80.8281,82.4472,80.4233,82.3145,23106900.0
2008-03-19,82.5998,82.8254,80.3039,80.5826,17636700.0
2008-03-20,80.826,82.2761,80.4203,81.8903,15866800.0
2008-03-24,82.5157,83.8793,82.4558,83.3737,15254400.0
2008-03-25,83.407,83.5533,82.7484,83.234,12026000.0
2008-03-26,83.0078,83.0145,82.2695,82.4291,12733600.0
2008-03-27,82.8548,82.9479,81.7041,81.9169,17362000.0
2008-03-28,82.1032,82.2894,81.0655,81.305,11109600.0
2008-03-31,81.0855,81.9302,80.9391,81.418,11656500.0
2008-04-01,82.4092,84.1187,82.3826,83.8593,21137400.0
2008-04-02,84.0522,84.3914,83.4468,83.9391,13766400.0
2008-04-03,83.5,84.2384,83.2938,84.0322,11471000.0
2008-04-04,84.0056,84.3515,83.2806,83.8792,12506400.0
2008-04-07,84.3182,84.6242,83.6464,83.846,12892400.0
2008-04-08,83.4269,83.8992,83.3072,83.8992,12876400.0
2008-04-09,83.846,83.9458,82.928,83.5799,15037200.0
2008-04-10,83.4868,84.1254,83.1409,83.7795,14355000.0
2008-04-11,82.8482,82.948,81.8238,82.0433,16743600.0
2008-04-14,82.03,82.2694,81.6774,81.9302,11704000.0
2008-04-15,82.316,82.3759,81.6176,82.1364,12532000.0
2008-04-16,82.8349,84.245,82.8282,84.2384,16747600.0
2008-04-17,83.6797,84.2783,83.5866,84.2783,13292100.0
2008-04-18,85.2214,85.8008,85.0882,85.1548,16943700.0
2008-04-21,85.0748,85.4744,84.8551,85.268,10797300.0
2008-04-22,85.0815,85.1481,84.209,84.8284,10086600.0
2008-04-23,84.9084,85.4079,84.5221,84.7819,10443200.0
2008-04-24,85.0948,86.1204,84.542,85.3146,14614800.0
2008-04-25,85.8542,85.8741,84.7952,85.7809,12363400.0
2008-04-28,85.8341,86.1005,85.0416,85.7742,7899600.0
2008-04-29,85.5011,85.7742,85.2081,85.3679,7316400.0
2008-04-30,85.601,86.5667,85.248,85.3745,17717200.0
2008-05-01,85.2481,86.6999,85.1948,86.5534,18314000.0
2008-05-02,87.4391,87.4391,86.4002,87.0662,12615000.0
2008-05-05,86.8331,86.913,86.1338,86.3336,8222000.0
2008-05-06,85.9806,86.8464,85.6343,86.7465,12113800.0
2008-05-07,86.7599,86.8265,85.248,85.5144,13406000.0
2008-05-08,85.661,85.9807,85.2281,85.4079,11522500.0
2008-05-09,85.0216,85.268,84.7152,84.915,9167500.0
2008-05-12,85.1281,85.9806,84.935,85.7542,9112600.0
2008-05-13,85.9007,85.9074,85.1814,85.5211,8277600.0
2008-05-14,85.7675,86.6333,85.7475,85.914,11792400.0
2008-05-15,85.914,86.7132,85.7475,86.6133,9122400.0
2008-05-16,86.8123,86.8123,85.9977,86.5319,9774400.0
2008-05-19,86.6053,87.6402,86.4717,86.9525,10824800.0
2008-05-20,86.4785,86.5052,85.2566,85.6706,12598800.0
2008-05-21,85.7507,85.8375,83.9012,84.1683,16509500.0
2008-05-22,84.2083,84.5622,84.0481,84.1415,10846800.0
2008-05-23,83.8812,84.0013,83.1734,83.2001,10704000.0
2008-05-27,83.3737,83.9146,83.0399,83.7476,9471600.0
2008-05-28,83.9746,84.1282,83.4004,84.0214,8868400.0
2008-05-29,83.9146,84.9495,83.7877,84.2818,12096800.0
2008-05-30,84.5956,84.6957,84.0614,84.215,8060400.0
2008-06-02,84.1149,84.1282,82.9531,83.5674,13444200.0
2008-06-03,83.7209,83.8144,82.3989,82.7661,18030600.0
2008-06-04,82.6727,83.4872,82.4457,82.7862,14257600.0
2008-06-05,83.0265,84.2952,82.873,84.2017,13042000.0
2008-06-06,83.5807,83.6074,81.4308,81.5376,24015200.0
2008-06-09,81.7179,82.4189,81.5109,82.0984,16553700.0
2008-06-10,81.6244,82.666,81.5977,82.0984,14819800.0
2008-06-11,81.9115,81.9382,80.7764,80.8232,19598200.0
2008-06-12,81.1637,82.025,80.7431,81.2104,17194500.0
2008-06-13,81.4508,82.3388,81.3039,82.1919,15354800.0
2008-06-16,81.8114,82.3722,81.6244,81.8982,11578600.0
2008-06-17,82.3788,82.4122,81.197,81.4107,15301000.0
2008-06-18,80.9901,81.157,80.1755,80.3425,18091600.0
2008-06-19,80.4894,81.0035,80.0821,80.5428,20644400.0
2008-06-20,80.0402,80.1071,79.023,79.1234,21836600.0
2008-06-23,79.3777,79.4714,78.9896,79.1836,13844000.0
2008-06-24,78.9896,79.5986,78.4007,78.9227,19038300.0
2008-06-25,79.0966,79.7189,78.8156,78.9026,18907600.0
2008-06-26,78.3003,78.3338,76.5805,76.7345,28987900.0
2008-06-27,76.6676,76.7813,75.5233,75.9248,25276000.0
2008-06-30,75.9381,76.4668,75.4496,75.898,21139100.0
2008-07-01,75.2021,76.3062,74.7872,76.1322,32398600.0
2008-07-02,76.1389,76.4601,74.9678,75.0481,24730000.0
2008-07-03,75.4898,75.8311,74.5998,75.6504,20496600.0
2008-07-07,75.7306,76.2325,74.3722,75.0882,27897300.0
2008-07-08,75.1151,76.2192,74.7738,76.1121,31553000.0
2008-07-09,76.3196,76.4199,74.5797,74.7202,24306400.0
2008-07-10,74.6868,75.4229,74.1916,75.095,32957200.0
2008-07-11,74.3723,75.2422,73.4622,74.2786,35470100.0
2008-07-14,75.0615,75.2087,73.6429,73.944,26009300.0
2008-07-15,73.4488,74.4526,72.4852,73.141,41112400.0
2008-07-16,73.4288,75.2623,73.0741,75.0616,31071000.0
2008-07-17,75.724,76.6943,75.0615,76.3798,36225700.0
2008-07-18,76.7986,77.1337,76.1955,77.0332,21164900.0
2008-07-21,77.3415,77.4085,76.4904,76.8322,16267700.0
2008-07-22,76.3697,77.7904,76.229,77.5358,24757900.0
2008-07-23,77.7034,78.3266,77.3951,77.891,24761000.0
2008-07-24,77.9044,77.9312,75.9744,76.1285,22459100.0
2008-07-25,76.3228,76.6378,75.8269,75.8403,19459200.0
2008-07-28,75.9074,76.0749,74.5001,74.614,16089700.0
2008-07-29,74.7882,76.3362,74.7279,76.296,17201400.0
2008-07-30,76.7919,77.6899,76.4099,77.6162,24422400.0
2008-07-31,76.879,77.442,76.1151,76.1955,24805900.0
2008-08-01,76.477,76.5708,75.4516,75.8068,20547400.0
2008-08-04,75.8202,76.229,75.1434,75.5723,16207200.0
2008-08-05,76.229,77.7837,76.2022,77.7435,22997300.0
2008-08-06,77.4219,78.3266,77.2275,78.0652,17770900.0
2008-08-07,77.3951,77.6833,76.5507,76.792,17902100.0
2008-08-08,76.544,78.8359,76.3966,78.3735,31279900.0
2008-08-11,78.4271,79.5663,78.273,78.9431,22528900.0
2008-08-12,78.7153,78.7555,77.7905,78.1188,22492600.0
2008-08-13,77.7905,77.8776,76.8523,77.3348,28250700.0
2008-08-14,76.9662,78.6348,76.8589,78.0116,24661900.0
2008-08-15,78.211,78.6207,77.8685,78.2581,16610900.0
2008-08-18,78.4797,78.4998,76.7537,77.1365,23622600.0
2008-08-19,76.6329,76.7,75.9882,76.2165,19249200.0
2008-08-20,76.4716,76.9216,75.8135,76.5858,21415300.0
2008-08-21,76.0419,77.0828,75.9344,76.5926,16820600.0
2008-08-22,77.197,78.1506,77.1231,78.117,18078800.0
2008-08-25,77.6805,77.7074,76.3306,76.4582,19186300.0
2008-08-26,76.5926,76.8411,76.1964,76.606,14475400.0
2008-08-27,76.7202,77.6268,76.4515,77.2305,15493000.0
2008-08-28,77.7141,78.6946,77.6738,78.661,16556500.0
2008-08-29,78.2447,78.6006,77.4992,77.5328,15914200.0
2008-09-02,78.5468,79.252,77.0828,77.338,24105000.0
2008-09-03,77.3984,77.7275,76.7806,77.573,17846600.0
2008-09-04,76.9619,77.0559,75.2091,75.3502,35201900.0
2008-09-05,74.9338,75.639,74.2555,75.4509,31555500.0
2008-09-08,77.5865,77.8551,75.4844,77.338,37982500.0
2008-09-09,77.338,77.8887,75.5046,75.5718,31926100.0
2008-09-10,75.9613,76.559,75.4442,75.8874,39044100.0
2008-09-11,75.0681,77.1365,74.692,77.1365,39238000.0
2008-09-12,76.3172,77.1231,75.8941,77.0895,28275000.0
2008-09-15,74.645,76.8545,73.631,73.7384,44773800.0
2008-09-16,72.449,74.6518,72.2475,74.316,48722600.0
2008-09-17,73.3556,73.5974,70.8506,71.6968,54988700.0
2008-09-18,72.14,74.5443,70.4208,73.8525,65447400.0
2008-09-19,78.2337,78.2337,75.8896,76.5026,20860900.0
2008-09-22,76.671,76.7788,74.0035,74.4346,21955600.0
2008-09-23,74.2729,75.0274,72.9257,73.0873,25513500.0
2008-09-24,73.3771,73.5791,72.3868,72.9527,20635600.0
2008-09-25,73.4309,74.9128,73.276,74.2796,27647400.0
2008-09-26,73.1883,75.1755,73.0671,74.8724,22037400.0
2008-09-29,73.9833,74.091,70.0628,70.5613,36211100.0
2008-09-30,71.1069,73.1749,70.8779,72.9931,24710600.0
2008-10-01,72.4608,73.2827,71.5919,73.222,22853900.0
2008-10-02,72.4137,72.5147,70.312,70.9115,19546500.0
2008-10-03,71.2348,72.7101,69.443,69.5171,30183100.0
2008-10-06,67.9409,68.3316,64.135,67.2942,49877900.0
2008-10-07,67.7254,68.1767,63.5961,64.0407,38825600.0
2008-10-08,62.8147,64.9298,61.5685,61.5685,53470900.0
2008-10-09,63.266,63.6635,57.5268,57.6279,44474300.0
2008-10-10,55.4992,60.0057,53.1752,56.4153,73755500.0
2008-10-13,59.3052,64.0138,58.9145,64.0138,44081200.0
2008-10-14,65.947,66.5533,61.2317,63.0976,58571000.0
2008-10-15,61.8649,62.0131,57.0957,57.1698,36270200.0
2008-10-16,58.1398,60.7332,55.2904,60.5379,60371000.0
2008-10-17,59.1114,62.5933,58.8145,59.0709,44024200.0
2008-10-20,60.38,62.9442,59.8806,62.9442,34524100.0
2008-10-21,61.77,62.6203,60.7106,60.9873,26527300.0
2008-10-22,59.4218,59.6647,56.23,57.6943,37459500.0
2008-10-23,57.8091,59.3746,55.6025,59.3746,59594500.0
2008-10-24,54.3474,57.9305,54.0842,56.0681,49331600.0
2008-10-27,55.7239,58.0182,54.1584,54.1584,37137800.0
2008-10-28,56.5741,61.5001,55.1301,61.5001,53376100.0
2008-10-29,61.0615,63.1736,59.8536,60.1573,50631600.0
2008-10-30,62.1075,62.5258,60.542,62.4179,42806500.0
2008-10-31,61.7903,63.7876,61.4934,63.0926,39474400.0
2008-11-03,62.8496,63.4839,62.4313,63.0453,17957000.0
2008-11-04,64.2128,65.117,63.646,64.9213,25723700.0
2008-11-05,64.0981,64.5029,61.5069,61.9792,28970800.0
2008-11-06,61.264,61.851,58.3556,58.7943,43601900.0
2008-11-07,59.3543,60.8388,58.9764,60.8186,30916600.0
2008-11-10,61.8578,61.9118,59.1856,60.0089,23695900.0
2008-11-11,59.0844,59.9278,57.8428,58.5378,31463000.0
2008-11-12,57.6336,58.0317,55.8994,56.0681,35844600.0
2008-11-13,56.392,60.0561,53.8818,59.8537,64432800.0
2008-11-14,58.6998,60.3868,56.8306,56.8306,45085800.0
2008-11-17,56.6686,58.0182,55.8184,55.9736,38157100.0
2008-11-18,56.0006,57.3907,54.8669,56.9115,42201200.0
2008-11-19,56.8373,57.6066,54.1044,54.2259,49759400.0
2008-11-20,53.5781,55.4675,50.8587,51.3243,77925200.0
2008-11-21,52.2821,54.7223,50.4994,54.5935,91695200.0
2008-11-24,55.5561,58.2743,54.9258,56.8712,48461300.0
2008-11-25,57.9083,58.3421,56.1188,57.488,44571400.0
2008-11-26,56.3695,59.1758,56.2543,59.0944,29776700.0
2008-11-28,58.7555,59.8943,58.7555,59.8536,6958800.0
2008-12-01,58.4979,58.5454,55.2172,55.3527,27989600.0
2008-12-02,56.0103,57.2236,55.2443,57.1829,29383100.0
2008-12-03,56.0238,58.525,55.8814,58.3217,49770900.0
2008-12-04,57.4405,58.6064,56.078,56.7627,40456000.0
2008-12-05,56.2407,58.9589,55.1155,58.6945,43490800.0
2008-12-08,59.8672,61.2703,59.6503,60.4095,44114800.0
2008-12-09,59.8808,60.6061,58.7149,59.047,34188200.0
2008-12-10,59.691,60.2807,58.6674,59.4063,32139600.0
2008-12-11,58.7081,59.8333,57.7998,58.1997,26284500.0
2008-12-12,56.6068,58.9928,56.417,58.5386,34290400.0
2008-12-15,58.9385,58.9724,57.5151,58.2878,22944700.0
2008-12-16,60.7145,60.8365,58.5182,60.7145,30326100.0
2008-12-17,59.9621,60.8704,59.6164,59.8875,22285800.0
2008-12-18,60.2197,60.3553,57.9015,58.5386,26041600.0
2008-12-19,58.9778,59.7122,58.0395,58.0395,19707600.0
2008-12-22,58.3387,58.4271,56.836,57.7676,20392200.0
2008-12-23,58.1959,58.4271,57.006,57.1624,17174800.0
2008-12-24,57.4072,57.7472,57.21,57.4412,4157300.0
2008-12-26,57.8015,57.9851,57.4956,57.8423,5294600.0
2008-12-29,57.9784,57.9852,56.8361,57.7336,10387800.0
2008-12-30,57.9648,59.0051,57.6996,58.9371,17764500.0
2008-12-31,59.0254,60.0861,58.9031,59.5082,18703600.0
2009-01-02,59.8006,61.616,59.5422,61.3305,24558800.0
2009-01-05,61.1061,61.4188,60.4261,60.9905,25612100.0
2009-01-06,61.3168,61.8064,60.7729,61.2964,37258400.0
2009-01-07,60.4329,60.6369,59.311,59.7394,33165500.0
2009-01-08,59.2022,59.5422,58.8487,59.447,23641700.0
2009-01-09,59.6102,59.6714,58.3659,58.5699,24494100.0
2009-01-12,58.3183,58.4883,57.2916,57.652,22622000.0
2009-01-13,57.5296,57.992,56.9993,57.4004,29846500.0
2009-01-14,56.5437,56.6797,55.4014,55.8094,38850600.0
2009-01-15,55.8025,56.4213,54.4223,55.8773,44216600.0
2009-01-16,56.6817,56.8043,55.1901,56.3208,37613200.0
2009-01-20,55.9938,56.1301,54.0527,54.0867,36892100.0
2009-01-21,54.9313,56.1301,54.0459,56.0143,34826600.0
2009-01-22,55.1016,55.878,54.1821,55.2786,40157400.0
2009-01-23,54.148,55.5307,53.8415,54.8428,44701000.0
2009-01-26,55.0743,56.0483,54.618,55.2174,28917300.0
2009-01-27,55.5034,56.0143,55.0335,55.5171,23352800.0
2009-01-28,56.5592,57.2403,56.2527,56.9951,21080000.0
2009-01-29,56.2458,56.491,55.408,55.5306,20825600.0
2009-01-30,55.735,55.8235,54.2161,54.543,26172600.0
2009-02-02,53.9028,54.4341,53.5691,54.0254,22968000.0
2009-02-03,54.3387,55.2378,53.8211,54.9177,24065100.0
2009-02-04,55.0334,55.6532,54.039,54.2774,27506400.0
2009-02-05,53.9845,55.2718,53.4669,54.8631,39865100.0
2009-02-06,55.0811,56.7158,54.9789,56.4365,30049700.0
2009-02-09,56.3957,56.7294,55.9189,56.3616,20793600.0
2009-02-10,56.0074,56.348,53.5418,53.9369,49006600.0
2009-02-11,54.2297,54.4954,53.5895,54.1821,33244600.0
2009-02-12,53.4193,54.2298,52.5474,54.148,45482100.0
2009-02-13,54.1344,54.4545,53.4465,53.501,23850300.0
2009-02-17,52.1728,52.4861,51.5734,51.5938,36731400.0
2009-02-18,51.9344,52.0979,51.1443,51.6007,35793800.0
2009-02-19,52.057,52.1047,50.9468,51.1035,30933800.0
2009-02-20,50.1829,51.1342,49.6079,50.4635,46343700.0
2009-02-23,50.8126,50.9289,48.6429,48.6976,36003600.0
2009-02-24,48.9851,50.5114,48.6976,50.2239,37524300.0
2009-02-25,49.9844,50.6825,48.9783,49.738,43668900.0
2009-02-26,50.2924,50.6962,49.1152,49.1699,31367300.0
2009-02-27,48.3417,49.2794,48.1638,48.4307,35756000.0
2009-03-02,47.671,47.7874,46.2611,46.4253,36931600.0
2009-03-03,46.8702,46.9523,45.9188,46.001,30799800.0
2009-03-04,46.7813,47.8285,46.2885,47.0687,31996400.0
2009-03-05,46.1995,46.5759,44.8511,45.2207,35056100.0
2009-03-06,45.5424,46.2884,44.3378,45.515,35830500.0
2009-03-09,44.8374,45.9736,44.6595,44.7895,28114400.0
2009-03-10,45.5971,47.3835,45.5424,47.3219,31008100.0
2009-03-11,47.6984,48.1296,47.1029,47.5547,21875300.0
2009-03-12,47.4862,49.2725,47.1234,49.122,21938300.0
2009-03-13,49.4095,49.6832,48.7319,49.4984,21835800.0
2009-03-16,49.9434,50.6963,49.4164,49.4916,24509000.0
2009-03-17,49.4779,50.7304,49.1836,50.703,20439900.0
2009-03-18,50.2992,51.9419,49.7722,51.3122,35906600.0
2009-03-19,51.9009,51.9283,50.532,50.7236,25410900.0
2009-03-20,51.0646,51.1538,49.761,49.9051,22996500.0
2009-03-23,51.1469,53.3629,50.8862,53.3492,25706800.0
2009-03-24,52.7661,53.4796,52.4436,52.622,20383500.0
2009-03-25,52.9993,53.9392,51.7849,53.109,30263100.0
2009-03-26,53.6373,54.4057,53.1845,54.2685,29403800.0
2009-03-27,53.6099,53.802,53.0542,53.3835,19994100.0
2009-03-30,52.2034,52.224,51.0234,51.6271,25811800.0
2009-03-31,52.1692,52.9856,51.5929,52.032,28187500.0
2009-04-01,51.3733,53.4247,51.3184,53.1914,25416600.0
2009-04-02,54.4606,55.4074,54.1862,54.687,30176700.0
2009-04-03,54.7214,55.0164,54.1725,54.9958,20617100.0
2009-04-06,54.5156,54.838,53.9255,54.7214,17834000.0
2009-04-07,54.0215,54.0215,53.3012,53.4384,17326400.0
2009-04-08,53.6373,54.1587,53.2188,53.7677,15719000.0
2009-04-09,54.8929,55.5172,54.7214,55.4967,19287700.0
2009-04-13,54.9066,55.6956,54.6733,55.2634,11991300.0
2009-04-14,54.8654,55.1193,54.2548,54.3852,18590000.0
2009-04-15,54.2274,55.2016,54.0215,55.0918,18263400.0
2009-04-16,55.476,56.1141,54.687,55.7505,19526700.0
2009-04-17,55.9662,56.248,55.5401,55.8769,16835600.0
2009-04-20,55.0111,55.0867,53.8428,53.9596,16640200.0
2009-04-21,53.4854,54.8118,53.4717,54.6949,18051200.0
2009-04-22,54.3101,55.2859,54.0558,54.1589,20467800.0
2009-04-23,54.2482,54.8736,53.616,54.7362,19521000.0
2009-04-24,55.0454,55.8494,54.9286,55.4783,17662200.0
2009-04-27,54.8186,55.822,54.7431,55.1554,17582800.0
2009-04-28,54.6125,55.6295,54.5437,55.0591,16457900.0
2009-04-29,55.5401,56.729,55.4508,56.193,18084100.0
2009-04-30,56.8527,57.0795,55.9044,56.1243,17496500.0
2009-05-01,56.2068,56.4817,55.6364,56.4611,12356400.0
2009-05-04,56.8596,57.9317,56.7634,57.8904,13866800.0
2009-05-05,57.7667,58.1104,57.4575,57.8355,11985000.0
2009-05-06,58.4471,58.5982,57.8561,58.5501,18357600.0
2009-05-07,58.9625,59.0381,57.485,57.8423,19835900.0
2009-05-08,58.5089,59.0793,58.1447,58.9075,18463400.0
2009-05-11,58.2477,58.4058,57.8629,58.021,13335600.0
2009-05-12,58.2547,58.6052,57.5675,58.2203,16819400.0
2009-05-13,57.5262,57.6293,56.9009,57.1276,17683700.0
2009-05-14,57.1208,57.7049,56.9971,57.3063,15029400.0
2009-05-15,57.3104,57.8618,56.7108,57.0554,23137600.0
2009-05-18,57.6068,58.6682,57.5517,58.6682,12745200.0
2009-05-19,58.5442,58.8543,58.3305,58.4063,17908900.0
2009-05-20,58.8199,59.2541,57.9652,58.0272,18083800.0
2009-05-21,57.4001,57.4345,56.7246,57.276,20038800.0
2009-05-22,57.4966,57.7171,56.9727,57.1175,10156800.0
2009-05-26,56.7039,58.6269,56.7039,58.4822,13636800.0
2009-05-27,58.5648,58.6338,57.1864,57.3173,13708200.0
2009-05-28,57.7516,58.2065,56.8831,57.9101,17780200.0
2009-05-29,58.1651,59.1094,57.7309,58.8543,15275000.0
2009-06-01,59.4677,60.4258,59.3092,60.2052,12952000.0
2009-06-02,60.0605,60.6326,59.9158,60.3086,10553900.0
2009-06-03,59.9778,60.0399,59.3299,59.9296,9488600.0
2009-06-04,59.902,60.4189,59.6125,60.3155,11762200.0
2009-06-05,60.8256,61.0323,60.0467,60.5912,16834300.0
2009-06-08,60.1157,60.929,59.6194,60.4741,23538400.0
2009-06-09,60.6326,60.8118,60.2673,60.4741,22428400.0
2009-06-10,61.0323,61.053,59.6745,60.412,25155700.0
2009-06-11,60.5568,61.3563,60.5154,60.5568,21696400.0
2009-06-12,60.3776,60.8807,60.2191,60.867,12743500.0
2009-06-15,60.1225,60.157,59.2748,59.6125,14006100.0
2009-06-16,59.7504,59.7986,58.7372,58.7648,12830900.0
2009-06-17,58.7371,59.1783,58.4683,58.744,13494000.0
2009-06-18,58.7785,59.3782,58.5718,59.0129,13378600.0
2009-06-19,59.4437,59.5405,58.7245,58.9942,13880400.0
2009-06-22,58.4894,58.6208,57.6181,57.6181,20652400.0
2009-06-23,57.6872,57.8878,57.2931,57.5213,12151100.0
2009-06-24,57.9085,58.282,57.1064,57.4176,15355500.0
2009-06-25,57.1824,58.7107,57.0994,58.5862,13851400.0
2009-06-26,58.4064,58.5655,58.1021,58.275,7779000.0
2009-06-29,58.441,59.0219,58.2958,58.9527,7529200.0
2009-06-30,59.008,59.2224,58.0607,58.5447,13421400.0
2009-07-01,58.766,59.3538,58.7314,58.8006,9144200.0
2009-07-02,58.0883,58.1159,57.3622,57.3898,16516500.0
2009-07-06,56.8504,57.6111,56.7605,57.5696,12392700.0
2009-07-07,57.5074,57.5282,56.3871,56.3941,15240600.0
2009-07-08,56.6568,56.8988,55.986,56.6568,17902700.0
2009-07-09,56.8712,56.9887,56.3802,56.5462,11452000.0
2009-07-10,56.2973,56.6638,56.0276,56.318,16023500.0
2009-07-13,56.4909,57.6665,56.2834,57.6111,14384000.0
2009-07-14,57.7702,57.8878,57.3484,57.8532,10288300.0
2009-07-15,58.4963,59.7203,58.4617,59.6097,11620000.0
2009-07-16,59.5474,60.5087,59.4921,60.322,11805400.0
2009-07-17,60.4023,60.6239,60.056,60.5685,9075000.0
2009-07-20,60.8593,61.3164,60.6239,61.171,13142300.0
2009-07-21,61.725,61.8219,61.0117,61.7527,14599300.0
2009-07-22,61.4688,62.002,61.3787,61.5519,11857700.0
2009-07-23,61.5657,63.0201,61.5242,62.7638,16519600.0
2009-07-24,62.6045,63.0408,62.376,62.9993,10895100.0
2009-07-27,62.923,63.207,62.5837,63.117,10045200.0
2009-07-28,62.75,63.214,62.3829,63.0131,11700400.0
2009-07-29,62.7985,62.9854,62.4383,62.7985,9063600.0
2009-07-30,63.4217,64.045,63.207,63.3109,11659200.0
2009-07-31,63.3455,63.858,63.2694,63.484,9151300.0
2009-08-03,64.0381,64.4051,63.6918,64.3082,9843400.0
2009-08-04,64.1211,64.5713,64.0865,64.5367,12338900.0
2009-08-05,64.4951,64.5574,63.7957,64.2874,11396200.0
2009-08-06,64.5713,64.6474,63.8441,64.1488,10482300.0
2009-08-07,64.786,65.4439,64.4813,64.9522,11813100.0
2009-08-10,64.7444,64.966,64.4051,64.7513,13051400.0
2009-08-11,64.5367,64.5644,63.9203,64.1142,9305200.0
2009-08-12,64.0934,65.3884,64.0796,64.9383,13586400.0
2009-08-13,65.1946,65.2777,64.5228,65.2292,10209100.0
2009-08-14,65.146,65.1807,64.0588,64.689,10846500.0
2009-08-17,63.6225,63.6987,63.297,63.4425,12121400.0
2009-08-18,63.6295,64.1212,63.5394,63.9203,8539100.0
2009-08-19,63.4978,64.7167,63.4147,64.4951,14296100.0
2009-08-20,64.509,65.063,64.3566,64.9522,8271000.0
2009-08-21,65.3129,66.1677,65.2573,66.0426,11866500.0
2009-08-24,66.3206,66.6541,65.9453,66.1121,9349100.0
2009-08-25,66.3345,67.2866,66.2163,66.3553,14622300.0
2009-08-26,66.2024,66.6124,65.9314,66.3414,11497200.0
2009-08-27,66.3692,66.8001,65.7438,66.5916,13096800.0
2009-08-28,66.9877,67.0294,66.0287,66.4248,10813900.0
2009-08-31,65.8202,66.0843,65.6117,66.0565,9890500.0
2009-09-01,65.7438,66.4804,64.6179,64.7778,17938600.0
2009-09-02,64.5901,64.9237,64.4303,64.5137,10922400.0
2009-09-03,64.7986,65.0557,64.3747,64.9445,7262500.0
2009-09-04,65.0279,65.7228,64.8402,65.6395,8118600.0
2009-09-08,66.1607,66.1746,65.7576,66.0634,10862500.0
2009-09-09,66.0842,66.6541,65.9314,66.39,13560500.0
2009-09-10,66.4179,67.0364,66.1538,66.953,12244800.0
2009-09-11,66.9739,67.1546,66.6194,66.8696,8116500.0
2009-09-14,66.3275,67.0294,66.2997,66.9391,8417900.0
2009-09-15,67.0642,67.6271,66.6889,67.3421,11687700.0
2009-09-16,67.634,68.2108,67.3699,68.1622,10580800.0
2009-09-17,68.0858,68.607,67.8564,68.1483,15803800.0
2009-09-18,68.465,68.5486,68.1726,68.3049,9910900.0
2009-09-21,67.922,68.2562,67.6923,68.0474,7711800.0
2009-09-22,68.4442,68.5208,68.0126,68.3746,8206300.0
2009-09-23,68.479,69.036,67.8107,67.936,13199100.0
2009-09-24,68.0544,68.2423,67.2677,67.5253,16702600.0
2009-09-25,67.4486,67.7759,67.1005,67.3512,13350100.0
2009-09-28,67.5391,68.3955,67.4974,68.117,6393200.0
2009-09-29,68.1936,68.479,67.8037,67.8385,8171200.0
2009-09-30,67.9638,68.0822,66.8847,67.5948,15351500.0
2009-10-01,67.4765,67.4904,66.1468,66.2233,15473500.0
2009-10-02,65.5967,66.3277,65.5828,66.0423,15752800.0
2009-10-05,66.1885,67.0309,66.0005,66.8151,8742700.0
2009-10-06,67.2398,68.0683,67.2259,67.7341,12439600.0
2009-10-07,67.6227,67.8664,67.4138,67.7271,10039900.0
2009-10-08,68.1866,68.5417,67.9081,68.1657,9701300.0
2009-10-09,68.1379,68.7297,68.0126,68.7088,6494100.0
2009-10-12,68.9246,69.1961,68.6183,68.8828,5438300.0
2009-10-13,68.6739,68.9385,68.3815,68.8062,6026200.0
2009-10-14,69.4607,69.8715,69.224,69.781,9162700.0
2009-10-15,69.5303,70.0873,69.5094,70.0734,7667900.0
2009-10-16,69.5047,69.8322,69.2469,69.6789,13185400.0
2009-10-19,69.7625,70.5012,69.6371,70.2851,9772400.0
2009-10-20,70.3619,70.3897,69.6162,69.9577,9387400.0
2009-10-21,69.8392,70.5221,69.2747,69.2887,12893600.0
2009-10-22,69.4211,70.4455,69.1284,70.2016,13423200.0
2009-10-23,70.3688,70.4315,69.2468,69.5674,13214000.0
2009-10-26,69.6162,70.2225,68.6546,68.8566,16109800.0
2009-10-27,68.9542,69.3583,68.5709,68.8636,14503800.0
2009-10-28,68.7242,69.0378,68.0274,68.0692,17191500.0
2009-10-29,68.5291,69.5047,68.327,69.3653,12927200.0
2009-10-30,69.2329,69.435,67.5047,67.6371,29751800.0
2009-11-02,67.874,68.989,67.4698,68.1876,20615900.0
2009-11-03,67.7765,68.2434,67.6441,68.1528,13945600.0
2009-11-04,68.5569,69.2538,68.2503,68.4106,14714300.0
2009-11-05,68.8915,69.8462,68.8566,69.7974,9811600.0
2009-11-06,69.442,70.104,69.2887,69.9438,10786100.0
2009-11-09,70.4315,71.3862,70.32,71.3723,10959900.0
2009-11-10,71.2677,71.6371,71.1841,71.5604,9959100.0
2009-11-11,71.8531,72.2085,71.5256,71.867,10532400.0
2009-11-12,71.7486,72.0622,71.0099,71.1981,11966800.0
2009-11-13,71.3235,71.9506,71.1493,71.7137,11677800.0
2009-11-16,72.0552,72.8705,72.0203,72.6545,10497400.0
2009-11-17,72.5361,72.9193,72.3758,72.8845,8398000.0
2009-11-18,72.8217,72.9053,72.4106,72.8566,7773400.0
2009-11-19,72.5012,72.5221,71.6859,72.2294,12739500.0
2009-11-20,71.9554,72.3259,71.8155,72.1861,8680400.0
2009-11-23,72.8503,73.3956,72.8013,73.032,9489200.0
2009-11-24,73.018,73.1019,72.4238,72.9621,10211800.0
2009-11-25,73.088,73.2977,72.8503,73.1509,6489600.0
2009-11-27,71.6338,72.5986,71.473,72.1371,12916100.0
2009-11-30,72.0882,72.5286,71.8085,72.4168,11959000.0
2009-12-01,72.9062,73.5005,72.8992,73.2208,10101300.0
2009-12-02,73.2278,73.5844,72.9342,73.116,7124600.0
2009-12-03,73.3047,73.5354,72.4238,72.4937,9723500.0
2009-12-04,73.3816,73.5984,72.1511,72.7035,16602800.0
2009-12-07,72.5916,73.081,72.4937,72.7454,8189500.0
2009-12-08,72.3049,72.3189,71.1373,71.9693,10719700.0
2009-12-09,71.9833,72.4028,71.6477,72.3259,8583800.0
2009-12-10,72.7034,73.1439,72.6754,72.8363,8039500.0
2009-12-11,73.067,73.4376,72.8852,73.3537,9235500.0
2009-12-14,73.6333,73.6752,73.3536,73.5494,9752400.0
2009-12-15,73.3467,73.5145,73.039,73.2278,7191500.0
2009-12-16,73.4725,73.6263,73.039,73.1789,6283400.0
2009-12-17,72.7384,72.8153,72.2141,72.277,8223700.0
2009-12-18,72.6068,72.7402,71.8909,72.3893,8299800.0
2009-12-21,72.6841,73.2666,72.656,72.9087,5968000.0
2009-12-22,73.1473,73.421,73.0279,73.3087,6849400.0
2009-12-23,73.4491,73.4982,73.1122,73.3087,4867200.0
2009-12-24,73.3929,73.7228,73.3789,73.6947,3568000.0
2009-12-28,73.8351,73.9404,73.6175,73.8983,8116800.0
2009-12-29,74.0386,74.1439,73.8702,73.8983,3356400.0
2009-12-30,73.6456,73.9263,73.6105,73.8491,3243500.0
2009-12-31,73.9333,73.9684,73.0139,73.042,5189400.0
2010-01-04,73.5824,74.3053,73.5262,74.1579,8977300.0
2010-01-05,74.1228,74.165,73.6737,74.0386,6549200.0
2010-01-06,74.0456,74.2913,73.9474,74.0877,6797200.0
2010-01-07,73.9614,74.4106,73.6596,74.3545,6312000.0
2010-01-08,74.1649,74.4737,74.0035,74.4737,4912000.0
2010-01-11,74.6773,74.8598,74.2702,74.7755,6858300.0
2010-01-12,74.2913,74.6913,74.1018,74.4948,8869900.0
2010-01-13,74.6282,75.0914,74.4247,74.923,8619100.0
2010-01-14,74.8458,75.2038,74.8037,75.1195,7039900.0
2010-01-15,75.0563,75.0844,74.0737,74.4036,14027400.0
2010-01-19,74.3263,75.2598,74.2982,75.2177,10877400.0
2010-01-20,74.7475,74.7756,73.7859,74.4106,11896600.0
2010-01-21,74.3755,74.4737,72.7893,72.7893,22253800.0
2010-01-22,72.5577,72.8946,71.2733,71.3294,24606900.0
2010-01-25,71.8628,71.9541,71.3575,71.526,18236800.0
2010-01-26,71.3505,72.3331,71.2242,71.5049,18352400.0
2010-01-27,71.3575,71.9471,70.8803,71.7997,16203100.0
2010-01-28,72.0032,72.0243,70.5434,71.0276,13409200.0
2010-01-29,71.2804,71.8419,70.4732,70.5715,14556900.0
2010-02-01,71.0347,71.8348,70.9364,71.4768,9985500.0
2010-02-02,71.554,72.3612,71.3645,72.2068,8891300.0
2010-02-03,72.0243,72.3331,71.8278,72.0313,6561600.0
2010-02-04,71.554,71.6383,70.1924,70.2135,16419300.0
2010-02-05,70.2907,70.4241,69.0344,70.2978,28939700.0
2010-02-08,70.1854,70.4521,69.5678,69.638,10929500.0
2010-02-09,70.2977,71.2312,70.0731,70.6416,19228000.0
2010-02-10,70.5715,70.8663,70.01,70.5504,11212100.0
2010-02-11,70.4802,71.4137,70.0942,71.2944,9934200.0
2010-02-12,70.5574,71.147,70.1784,71.0768,13643000.0
2010-02-16,71.5962,72.2699,71.3014,72.1576,8958800.0
2010-02-17,72.4033,72.5998,72.2559,72.5577,8784900.0
2010-02-18,72.4103,73.2034,72.4033,73.1122,8677700.0
2010-02-19,72.968,73.4535,72.7709,73.172,9324500.0
2010-02-22,73.4464,73.4464,72.9749,73.0664,5285200.0
2010-02-23,72.9046,73.2775,72.2572,72.3839,10810200.0
2010-02-24,72.602,73.1438,72.4683,72.9679,9658700.0
2010-02-25,71.9477,72.7146,71.7155,72.6865,10052900.0
2010-02-26,72.7217,72.9046,72.3206,72.6865,6961100.0
2010-03-01,72.9468,73.3197,72.8835,73.1931,5818700.0
2010-03-02,73.4816,73.6293,73.1438,73.186,5673300.0
2010-03-03,73.4253,73.7208,73.0594,73.2423,5891900.0
2010-03-04,73.3479,73.5801,73.1509,73.5308,6168300.0
2010-03-05,73.8756,74.4244,73.7911,74.4174,6753500.0
2010-03-08,74.3893,74.5582,74.2345,74.2978,5728100.0
2010-03-09,74.1922,74.7481,74.1711,74.3822,8672300.0
2010-03-10,74.4596,74.6848,74.15,74.4244,7325500.0
2010-03-11,74.333,74.7904,74.0515,74.7833,7739600.0
2010-03-12,75.0366,75.0648,74.6778,74.8818,10139600.0
2010-03-15,74.7974,75.0296,74.4948,74.9874,6760400.0
2010-03-16,75.1352,75.3744,74.8748,75.3392,6848800.0
2010-03-17,75.5081,75.9021,75.4518,75.6558,6989400.0
2010-03-18,75.6629,76.0148,75.6137,75.9585,7495600.0
2010-03-19,75.6743,76.2594,75.3782,75.6743,12068000.0
2010-03-22,75.3993,76.1889,75.3782,75.9915,8835200.0
2010-03-23,76.1608,76.7882,76.0198,76.753,9105900.0
2010-03-24,76.5062,76.7106,76.2947,76.4216,7075900.0
2010-03-25,76.8376,77.2183,76.3652,76.4498,9526500.0
2010-03-26,76.5837,76.8939,76.2312,76.4427,8859800.0
2010-03-29,76.6965,76.9574,76.6119,76.7882,5886300.0
2010-03-30,76.8516,77.1125,76.6119,76.9362,5781300.0
2010-03-31,76.7177,76.8728,76.3652,76.5697,6078200.0
2010-04-01,77.0138,77.2535,76.6049,77.042,11474400.0
2010-04-05,77.2605,77.465,77.0209,77.3593,4237800.0
2010-04-06,77.1618,77.4579,77.042,77.3522,4407600.0
2010-04-07,77.2324,77.3381,76.5062,76.8799,10894000.0
2010-04-08,76.6402,77.2465,76.4921,77.1055,8764300.0
2010-04-09,77.2112,77.606,77.1337,77.5919,6013100.0
2010-04-12,77.6483,77.8034,77.5355,77.6765,4366500.0
2010-04-13,77.5496,77.8598,77.2182,77.7258,6104100.0
2010-04-14,77.9726,78.4802,77.8528,78.4591,7987400.0
2010-04-15,78.311,78.6917,78.2828,78.6494,8664000.0
2010-04-16,78.5019,78.6713,77.4012,77.7399,22103600.0
2010-04-19,77.5141,78.255,77.4294,78.2056,10482500.0
2010-04-20,78.4737,78.6219,78.1632,78.389,8901000.0
2010-04-21,78.4173,78.6713,78.0998,78.4314,9115800.0
2010-04-22,78.0432,78.6783,77.7187,78.5654,9946100.0
2010-04-23,78.5231,79.0523,78.3537,78.9958,13873100.0
2010-04-26,79.1016,79.4332,79.0381,79.0805,8015700.0
2010-04-27,78.8547,79.1511,77.4224,77.5212,19874600.0
2010-04-28,77.881,78.2056,77.3942,78.001,14833300.0
2010-04-29,78.2761,79.024,78.262,78.8053,7472600.0
2010-04-30,78.8899,79.024,77.6411,77.6834,14615900.0
2010-05-03,78.0151,78.8971,78.0151,78.6995,8324800.0
2010-05-04,77.9727,77.9939,76.6957,77.1613,19911700.0
2010-05-05,76.5898,77.3025,76.3782,76.7662,18900400.0
2010-05-06,76.4628,77.0132,69.9645,74.2685,34425300.0
2010-05-07,74.0991,74.7483,72.3493,73.2242,33885700.0
2010-05-10,75.8984,76.5334,75.4962,76.2018,20454000.0
2010-05-11,75.595,76.8579,75.4821,75.9689,16440600.0
2010-05-12,76.2582,77.1543,76.1665,77.0908,12985000.0
2010-05-13,76.872,77.2319,76.1806,76.2723,11160700.0
2010-05-14,75.8137,75.9689,74.5225,75.1505,17962100.0
2010-05-17,75.2775,75.4397,73.8451,75.1575,17552200.0
2010-05-18,75.7009,75.8561,74.1839,74.3603,19213400.0
2010-05-19,74.0569,74.4943,73.0902,73.9228,24115100.0
2010-05-20,72.6527,72.8502,71.2627,71.3403,28708100.0
2010-05-21,70.3283,72.2193,70.13,72.1272,30840500.0
2010-05-24,71.7943,72.2264,71.1994,71.3057,16537800.0
2010-05-25,69.7829,71.2277,69.2305,71.1498,25166200.0
2010-05-26,71.4473,72.0989,70.4841,70.5974,18499900.0
2010-05-27,71.8439,72.7576,71.5819,72.7505,18333200.0
2010-05-28,72.6584,72.6868,71.5607,71.8652,19442500.0
2010-06-01,71.2985,72.4459,70.9869,71.0507,17009600.0
2010-06-02,71.4331,72.7009,71.1144,72.6726,14879500.0
2010-06-03,72.9417,73.1329,72.1272,72.7292,11856600.0
2010-06-04,71.511,71.6598,70.1158,70.4274,20047200.0
2010-06-07,70.5833,70.7674,69.5492,69.5988,13694600.0
2010-06-08,69.6625,70.5903,69.1951,70.4274,25086600.0
2010-06-09,70.8099,71.3765,69.9742,70.222,16076800.0
2010-06-10,71.249,72.2264,71.249,72.1555,13825600.0
2010-06-11,71.5819,72.4884,71.5465,72.4601,9066300.0
2010-06-14,72.9417,73.2958,72.2689,72.3397,8995700.0
2010-06-15,72.8142,73.8624,72.3114,73.7774,9402100.0
2010-06-16,73.4375,73.997,73.3171,73.8624,9602400.0
2010-06-17,74.0182,74.0961,73.2179,74.0536,9742800.0
2010-06-18,74.153,74.3871,73.9543,74.1388,6890700.0
2010-06-21,75.0186,75.1818,73.7627,74.1104,10258800.0
2010-06-22,74.1459,74.4581,72.9681,73.032,11915600.0
2010-06-23,73.1383,73.564,72.5636,73.0744,12966900.0
2010-06-24,72.7339,72.8261,71.8753,72.0598,13397700.0
2010-06-25,72.2301,72.3933,71.5419,72.1734,10893500.0
2010-06-28,72.1521,72.4075,71.6909,71.9747,6770700.0
2010-06-29,71.0878,71.1162,69.6262,70.0519,16662900.0
2010-06-30,69.8958,70.3357,69.243,69.3424,13386200.0
2010-07-01,69.3565,69.5339,68.2993,69.0656,18562200.0
2010-07-02,69.2005,69.3495,68.2355,68.7322,11305700.0
2010-07-06,69.5269,69.9739,68.5477,69.1437,10251400.0
2010-07-07,69.2075,71.2155,69.1792,71.1588,12255100.0
2010-07-08,71.5916,72.0244,71.2368,72.0244,9456500.0
2010-07-09,71.9889,72.4643,71.8612,72.4501,7377600.0
2010-07-12,72.2656,72.5849,72.0527,72.5494,6613100.0
2010-07-13,73.2377,73.9188,73.2022,73.5996,9339100.0
2010-07-14,73.4576,73.855,73.1667,73.6137,8757900.0
2010-07-15,73.5924,73.7059,72.7197,73.5782,11495700.0
2010-07-16,73.1543,73.2253,71.6061,71.734,12219700.0
2010-07-19,72.018,72.366,71.5564,72.1671,7289500.0
2010-07-20,71.0877,72.7211,71.0451,72.6714,9200800.0
2010-07-21,72.9128,72.9341,71.528,71.8902,10812500.0
2010-07-22,72.6145,73.6514,72.5932,73.3247,10386600.0
2010-07-23,73.2253,74.2124,73.0904,74.0491,13384300.0
2010-07-26,74.1485,74.8019,74.0065,74.7522,9047000.0
2010-07-27,75.1001,75.164,74.5675,74.88,10259500.0
2010-07-28,74.738,74.9581,74.3474,74.6314,7157900.0
2010-07-29,75.0362,75.2279,73.8005,74.3331,11562800.0
2010-07-30,73.7153,74.6598,73.5307,74.3545,11706000.0
2010-08-02,75.3345,75.9808,75.1925,75.7961,6852300.0
2010-08-03,75.6186,75.8671,75.3203,75.5547,5440100.0
2010-08-04,75.7393,76.0944,75.5475,75.9594,7289900.0
2010-08-05,75.5831,75.9026,75.441,75.9026,3631700.0
2010-08-06,75.2209,75.7961,74.7877,75.7677,7524700.0
2010-08-09,75.9878,76.2506,75.7322,76.073,3723500.0
2010-08-10,75.5334,76.1157,75.0433,75.7464,8434400.0
2010-08-11,74.7024,74.7167,73.7934,73.9497,9496200.0
2010-08-12,73.0406,73.765,72.9909,73.4667,14562800.0
2010-08-13,73.2963,73.7153,73.2182,73.3957,6481600.0
2010-08-16,73.0122,73.5661,72.7068,73.346,5818900.0
2010-08-17,73.8503,74.6528,73.623,74.0917,5461600.0
2010-08-18,74.042,74.6457,73.6301,74.2622,6344900.0
2010-08-19,73.9141,74.0775,72.8276,73.1898,8882600.0
2010-08-20,73.0144,73.0501,72.3301,72.8077,8548600.0
2010-08-23,73.0928,73.4564,72.4941,72.5368,5552400.0
2010-08-24,71.8026,72.102,71.2181,71.5674,9543400.0
2010-08-25,71.2181,71.9808,70.8332,71.7171,9732500.0
2010-08-26,71.9666,72.0379,71.0471,71.2324,8258800.0
2010-08-27,71.6601,72.4442,70.8546,72.4086,10431400.0
2010-08-30,72.159,72.38,71.3963,71.4034,4731200.0
2010-08-31,71.2039,71.8882,70.9401,71.4249,10523400.0
2010-09-01,72.2517,73.3495,72.2303,73.2782,8511100.0
2010-09-02,73.3566,73.6275,73.1499,73.6203,3782600.0
2010-09-03,74.2903,74.5826,73.6274,74.547,6280300.0
2010-09-07,74.2476,74.3403,73.713,73.8199,4206700.0
2010-09-08,73.9269,74.4187,73.9055,74.1193,5742100.0
2010-09-09,74.8321,74.8464,74.1122,74.3118,4396500.0
2010-09-10,74.4329,74.7181,74.2405,74.6896,3521600.0
2010-09-13,75.3098,75.4594,74.8892,75.324,4944900.0
2010-09-14,75.1885,75.6091,74.9676,75.16,5077800.0
2010-09-15,74.989,75.602,74.8322,75.5165,4374300.0
2010-09-16,75.324,75.7303,75.1315,75.6946,5449000.0
2010-09-17,75.9453,76.0453,75.4454,75.7454,7777800.0
2010-09-20,75.981,76.9236,75.8382,76.7808,5257500.0
2010-09-21,76.7951,77.345,76.5309,76.8522,8381800.0
2010-09-22,76.8094,77.1521,76.4666,76.6951,5593500.0
2010-09-23,76.1524,76.8522,75.9881,76.1738,7547400.0
2010-09-24,76.9594,77.5949,76.888,77.5307,5334900.0
2010-09-27,77.5306,77.6448,77.1807,77.2592,3989800.0
2010-09-28,77.3806,77.7448,76.6237,77.5234,7872700.0
2010-09-29,77.3735,77.6305,77.1235,77.3449,6281000.0
2010-09-30,77.7734,78.209,76.7451,77.0593,11670500.0
2010-10-01,77.5164,77.6449,77.0093,77.3521,5987600.0
2010-10-04,77.2379,77.5164,76.4595,76.8165,5561600.0
2010-10-05,77.4163,78.3232,77.3163,78.1233,6493200.0
2010-10-06,78.1519,78.4304,78.0305,78.3876,7215600.0
2010-10-07,78.6161,78.6303,77.8448,78.2662,5282200.0
2010-10-08,78.309,78.8446,78.109,78.666,4812900.0
2010-10-11,78.7589,78.8374,78.4661,78.7375,3527300.0
2010-10-12,78.5018,79.0017,77.9877,78.7375,5373500.0
2010-10-13,79.1374,79.7229,79.0231,79.3087,6921600.0
2010-10-14,79.3016,79.4301,78.7731,79.3159,8971700.0
2010-10-15,79.6397,79.6683,78.6963,79.1036,9377400.0
2010-10-18,79.1036,79.754,79.0107,79.3395,4434900.0
2010-10-19,78.8249,79.1036,78.0244,78.5033,9253700.0
2010-10-20,78.6819,79.7468,78.489,79.3966,7394700.0
2010-10-21,79.7468,80.1971,79.1179,79.7182,6992000.0
2010-10-22,79.754,79.8183,79.4395,79.5896,3549800.0
2010-10-25,79.9756,80.4401,79.8041,79.8398,6126500.0
2010-10-26,79.4753,79.9827,79.2823,79.8755,5371300.0
2010-10-27,79.4181,79.6611,78.8034,79.5539,7608300.0
2010-10-28,79.8826,79.947,79.0321,79.4038,5657500.0
2010-10-29,79.3466,79.6039,79.1965,79.5539,5972000.0
2010-11-01,79.8183,80.4115,79.0965,79.561,9428500.0
2010-11-02,80.0542,80.2472,79.9399,79.9613,4073600.0
2010-11-03,80.0971,80.3115,79.3752,80.2615,10108800.0
2010-11-04,80.9833,81.8481,80.9332,81.7837,9353700.0
2010-11-05,81.798,81.9267,81.5122,81.8624,6347900.0
2010-11-08,81.5765,81.7266,81.3192,81.6337,4081700.0
2010-11-09,81.748,81.7695,80.9261,81.2549,5838500.0
2010-11-10,81.2048,81.3978,80.5901,81.2834,9956900.0
2010-11-11,80.6903,80.9476,80.4259,80.8189,5517900.0
2010-11-12,80.3758,80.7546,79.7969,80.1614,8695800.0
2010-11-15,80.2758,80.7832,80.1757,80.2257,6607300.0
2010-11-16,79.754,79.8612,78.6676,78.975,9492400.0
2010-11-17,79.075,79.1823,78.8035,78.9321,5558800.0
2010-11-18,79.5896,80.3114,79.5824,80.1542,7154500.0
2010-11-19,80.0618,80.3486,79.7176,80.3127,4474300.0
2010-11-22,79.9829,80.2051,79.2587,80.1765,6814800.0
2010-11-23,79.4308,79.4523,78.7998,79.1511,6615500.0
2010-11-24,79.5886,80.2769,79.5886,80.198,4288200.0
2010-11-26,79.5454,79.8394,79.3303,79.3303,2330100.0
2010-11-29,79.0579,79.4881,78.4413,79.3375,6040400.0
2010-11-30,78.6348,79.4164,78.556,78.9934,8055600.0
2010-12-01,80.0761,80.9509,80.0116,80.786,7312300.0
2010-12-02,80.8576,81.6463,80.8433,81.5531,6146200.0
2010-12-03,81.2664,81.7539,81.2448,81.6966,4550500.0
2010-12-06,81.5818,81.7754,81.4743,81.5531,6181100.0
2010-12-07,82.1841,82.2486,81.5029,81.5459,7617300.0
2010-12-08,81.5244,81.7969,81.3452,81.6607,6518700.0
2010-12-09,81.9905,82.0192,81.3882,81.6822,5237500.0
2010-12-10,81.8112,81.9833,81.5746,81.9475,8294000.0
2010-12-13,82.22,82.4781,82.0479,82.0909,4756900.0
2010-12-14,82.1913,82.729,82.1626,82.4637,5212500.0
2010-12-15,82.3921,82.7721,82.2271,82.3777,5851100.0
2010-12-16,82.4494,82.7362,82.0407,82.6286,8109500.0
2010-12-17,82.5949,82.638,82.2715,82.6093,4621200.0
2010-12-20,82.7458,82.753,82.1996,82.4655,6742100.0
2010-12-21,82.7242,82.9757,82.638,82.868,4783100.0
2010-12-22,82.8967,83.1195,82.8248,83.062,3487300.0
2010-12-23,83.0117,83.2129,82.9326,83.1698,3578800.0
2010-12-27,82.9039,83.1051,82.753,83.0332,4138600.0
2010-12-28,83.1985,83.2776,82.8895,83.2129,4738400.0
2010-12-29,83.3339,83.5283,83.2691,83.2907,6621900.0
2010-12-30,83.2043,83.3339,83.0098,83.1467,6599100.0
2010-12-31,83.053,83.3483,82.8514,83.2763,3725200.0
2011-01-03,83.8381,84.1622,83.8021,83.8381,9108900.0
2011-01-04,84.0541,84.0685,83.622,84.0037,9775600.0
2011-01-05,83.8741,84.3998,83.7588,84.2918,7567800.0
2011-01-06,84.3638,84.3998,83.9029,84.1046,7161600.0
2011-01-07,84.1981,84.335,83.4131,83.9533,9249800.0
2011-01-10,83.658,83.7876,83.2259,83.6868,6166700.0
2011-01-11,83.9965,84.1622,83.6652,83.9389,5122600.0
2011-01-12,84.371,84.7311,84.2702,84.5511,5255800.0
2011-01-13,84.5295,84.5367,84.1334,84.407,6056800.0
2011-01-14,84.1766,84.8175,84.1261,84.7599,5885800.0
2011-01-18,84.8103,85.2929,84.7959,85.1488,4665700.0
2011-01-19,85.2353,85.3361,84.8824,85.0984,9080300.0
2011-01-20,84.8679,85.228,84.5006,85.0696,10935600.0
2011-01-21,85.5989,85.6638,85.0653,85.4186,9663000.0
2011-01-24,85.3465,86.2262,85.3321,86.2118,12299400.0
2011-01-25,86.0243,86.2334,85.5989,86.1613,10474000.0
2011-01-26,86.2046,86.4858,86.0531,86.2478,9154100.0
2011-01-27,86.255,86.4786,86.1324,86.2694,7393200.0
2011-01-28,86.2839,86.4281,84.9138,85.1013,17156100.0
2011-01-31,85.2672,85.5556,85.0004,85.5196,8965000.0
2011-02-01,85.9234,86.6949,85.8657,86.594,7626900.0
2011-02-02,86.4497,86.7598,86.4497,86.6011,4231200.0
2011-02-03,86.5506,86.94,86.2117,86.7958,6338100.0
2011-02-04,86.7958,87.0265,86.5434,87.0265,5191300.0
2011-02-07,87.1636,87.7188,87.142,87.5025,7317100.0
2011-02-08,87.5746,88.1298,87.4881,88.0722,6032000.0
2011-02-09,88.0505,88.2596,87.7909,88.1731,7682100.0
2011-02-10,87.8054,88.1515,87.5602,88.0938,7202200.0
2011-02-11,87.8414,88.5192,87.7621,88.4399,6887200.0
2011-02-14,88.3245,88.4831,88.1875,88.411,4093900.0
2011-02-15,88.2164,88.238,87.8847,88.1154,4854700.0
2011-02-16,88.3245,88.7356,88.238,88.6058,5680000.0
2011-02-17,88.4399,88.9375,88.3822,88.8077,4856500.0
2011-02-18,88.8872,89.3715,88.7788,89.3426,6320900.0
2011-02-22,88.8148,89.1112,87.8173,88.1065,9844300.0
2011-02-23,87.9475,88.0198,87.0006,87.3547,14461100.0
2011-02-24,87.2969,87.4921,86.4223,87.0439,12247300.0
2011-02-25,87.4198,87.7017,87.2753,87.5644,5649800.0
2011-02-28,87.8246,88.3161,87.7812,88.2944,5759600.0
2011-03-01,88.4751,88.533,87.0078,87.0078,9666700.0
2011-03-02,86.9211,87.4487,86.7404,87.0656,8298400.0
2011-03-03,87.7812,88.6631,87.774,88.4462,7297200.0
2011-03-04,88.4968,88.5691,87.174,87.8029,10366700.0
2011-03-07,88.0197,88.3739,86.8921,87.2535,8355500.0
2011-03-08,87.3692,88.4679,87.1596,88.1788,8009200.0
2011-03-09,88.092,88.5185,87.7884,88.1932,7819900.0
2011-03-10,87.427,87.4993,86.4657,86.5452,15698000.0
2011-03-11,86.2126,87.3475,86.1765,87.0439,10479900.0
2011-03-14,86.5741,86.8199,85.9597,86.6319,8026700.0
2011-03-15,84.6441,86.1115,84.514,85.6055,14786600.0
2011-03-16,85.2874,85.4464,83.4947,83.9646,16469000.0
2011-03-17,84.8971,85.2802,84.5068,85.0706,7902300.0
2011-03-18,86.0599,86.1902,85.4588,85.6543,10498900.0
2011-03-21,86.5813,87.2838,86.5813,86.9579,7615000.0
2011-03-22,87.0159,87.0811,86.7407,86.8493,6360500.0
2011-03-23,86.6755,87.5663,86.5016,87.3635,6693400.0
2011-03-24,87.8125,88.1021,87.4286,87.9645,4827100.0
2011-03-25,88.1384,88.5947,88.066,88.3267,6604100.0
2011-03-28,88.4354,88.6888,88.1384,88.1819,2663400.0
2011-03-29,88.1674,88.7902,87.9864,88.7251,6025800.0
2011-03-30,89.0799,89.4999,89.0364,89.2319,4100800.0
2011-03-31,89.2102,89.4855,89.0437,89.0944,4355100.0
2011-04-01,89.5072,89.7679,89.1813,89.4131,5203200.0
2011-04-04,89.5434,89.6883,89.4058,89.6303,6278900.0
2011-04-05,89.4565,89.9055,89.2682,89.5507,8523300.0
2011-04-06,89.9562,90.0648,89.6593,89.9272,4246000.0
2011-04-07,89.8331,89.9852,89.1595,89.7389,6542200.0
2011-04-08,90.0142,90.0576,89.1161,89.5507,6080300.0
2011-04-11,89.6521,90.0069,89.3406,89.5434,5467500.0
2011-04-12,89.022,89.1524,88.4788,88.6889,5161400.0
2011-04-13,89.203,89.232,88.4136,88.754,4278200.0
2011-04-14,88.3339,89.0002,87.9646,88.8771,4338300.0
2011-04-15,89.0743,89.4657,88.7626,89.299,5299500.0
2011-04-18,88.3131,88.3494,87.4578,88.2479,10033200.0
2011-04-19,88.4074,88.7916,88.2407,88.7191,5007200.0
2011-04-20,89.8354,90.2703,89.7122,90.1326,6708700.0
2011-04-21,90.3429,90.4733,90.0239,90.4588,4019100.0
2011-04-25,90.3646,90.4008,90.0384,90.2849,4441200.0
2011-04-26,90.4588,91.249,90.3574,91.1185,6200000.0
2011-04-27,91.2489,91.9666,91.0967,91.8361,5703800.0
2011-04-28,91.7419,92.4523,91.7274,92.3653,11788000.0
2011-04-29,92.4668,92.8727,92.4523,92.8147,11425900.0
2011-05-02,93.2207,93.2424,92.5103,92.6697,10518700.0
2011-05-03,92.6117,92.9162,92.2565,92.6552,7708200.0
2011-05-04,92.5465,92.6117,91.7056,92.0391,8253900.0
2011-05-05,91.7564,91.9448,90.611,91.075,11362900.0
2011-05-06,91.8651,92.3798,91.2127,91.5317,9866400.0
2011-05-09,91.5099,92.1116,91.3649,91.8506,5464900.0
2011-05-10,92.0318,92.5465,91.9231,92.387,4179600.0
2011-05-11,92.2058,92.242,91.1474,91.5606,7813600.0
2011-05-12,91.3069,92.1768,90.8793,92.0536,6684200.0
2011-05-13,92.0463,92.1478,90.9082,91.3069,6677500.0
2011-05-16,91.0242,91.6404,90.8213,90.9518,4399900.0
2011-05-17,90.5603,90.7996,89.7775,90.4734,25391000.0
2011-05-18,90.5313,91.2272,90.2921,91.1257,4534600.0
2011-05-19,91.4157,91.6839,90.9445,91.4664,4714900.0
2011-05-20,91.2809,91.39,90.5973,90.8009,6881200.0
2011-05-23,89.6155,90.0955,89.4773,89.8337,5901700.0
2011-05-24,90.0446,90.1537,89.6083,89.6737,4244400.0
2011-05-25,89.3391,90.2773,89.31,89.9282,4110900.0
2011-05-26,89.7537,90.3064,89.3973,90.0373,6190400.0
2011-05-27,90.3137,90.6555,90.1682,90.35,4402800.0
2011-05-31,91.1501,91.3101,90.6192,91.2737,5290000.0
2011-06-01,91.0046,91.0409,89.1791,89.2373,8218900.0
2011-06-02,89.2809,89.3609,88.5245,88.9464,8832200.0
2011-06-03,87.9137,88.7282,87.8846,88.2337,6224000.0
2011-06-06,88.0736,88.2482,87.6446,87.8046,4679000.0
2011-06-07,88.2046,88.4373,87.6155,87.63,3834600.0
2011-06-08,87.5718,87.8773,87.3318,87.4918,6860100.0
2011-06-09,87.7027,88.4954,87.5863,88.0882,4024900.0
2011-06-10,87.7464,87.8119,86.6991,86.8155,7384800.0
2011-06-13,87.0772,87.3027,86.6118,86.8809,5363200.0
2011-06-14,87.4555,88.1028,87.4264,87.7828,4853100.0
2011-06-15,87.0191,87.3173,86.2191,86.4591,20958800.0
2011-06-16,86.43,87.1646,86.3209,86.9319,7469900.0
2011-06-17,87.5933,87.7682,87.0105,87.2363,7742000.0
2011-06-20,86.9522,87.9649,86.9449,87.8192,5679800.0
2011-06-21,88.1398,88.8173,87.9649,88.5842,4744500.0
2011-06-22,88.2636,88.7444,88.0013,88.0159,4702500.0
2011-06-23,87.1489,87.6734,86.3256,87.6589,9033500.0
2011-06-24,87.5933,87.6516,86.6899,86.8429,6643300.0
2011-06-27,86.8939,87.9576,86.7555,87.5715,4488800.0
2011-06-28,87.8848,88.6279,87.7828,88.5987,4085500.0
2011-06-29,88.8829,89.3273,88.5113,89.2107,5712400.0
2011-06-30,89.5385,90.3545,89.4365,90.2161,4754500.0
2011-07-01,90.4056,91.5931,90.1943,91.4911,8692000.0
2011-07-05,91.4619,91.6586,91.185,91.4255,5324300.0
2011-07-06,91.3454,91.9865,91.2361,91.8626,9795100.0
2011-07-07,92.4017,92.7951,92.2341,92.5984,4400700.0
2011-07-08,91.819,92.1031,91.4328,92.0812,5987200.0
2011-07-11,91.1924,91.4036,90.7334,91.0321,6931200.0
2011-07-12,90.9665,91.4619,90.5658,90.5804,12501300.0
2011-07-13,91.0394,91.7534,90.697,90.9228,7366800.0
2011-07-14,90.9884,91.5566,90.3181,90.493,6517000.0
2011-07-15,90.9393,90.983,90.2611,90.8299,7853000.0
2011-07-18,90.3486,90.4361,89.4881,90.1444,6150200.0
2011-07-19,90.7132,91.7487,90.6549,91.6101,5848000.0
2011-07-20,91.7122,91.7559,91.3403,91.4861,3291800.0
2011-07-21,91.9018,92.8279,91.6831,92.631,6881400.0
2011-07-22,92.5216,92.6237,92.0404,92.3175,5848500.0
2011-07-25,91.3986,92.1278,91.2455,91.7049,5236200.0
2011-07-26,91.4132,91.5372,90.91,91.0267,7202900.0
2011-07-27,90.6913,90.7059,89.4662,89.5756,7558600.0
2011-07-28,89.561,90.1736,89.0141,89.1673,7454600.0
2011-07-29,88.2922,89.1308,87.9714,88.3287,16015400.0
2011-08-01,89.5027,89.6631,87.337,88.3141,11630000.0
2011-08-02,87.738,88.2338,86.3525,86.3817,9644500.0
2011-08-03,86.4838,86.6953,85.1931,86.6297,16594800.0
2011-08-04,85.5504,85.7327,82.8086,82.918,19368300.0
2011-08-05,83.9534,84.267,81.1314,83.3117,30450400.0
2011-08-08,81.1387,82.4221,78.7688,78.8052,30395700.0
2011-08-09,79.9647,81.9481,77.252,81.9408,32097800.0
2011-08-10,80.373,80.7012,77.9302,78.149,27711600.0
2011-08-11,78.9,82.269,78.6302,81.1241,17393500.0
2011-08-12,82.0284,82.7576,81.3648,82.2544,14097500.0
2011-08-15,82.969,83.7711,82.7211,83.7201,13586200.0
2011-08-16,83.0857,83.793,82.3783,83.1878,10846800.0
2011-08-17,83.6399,84.1941,82.6773,83.319,9350200.0
2011-08-18,81.3793,81.4523,79.4907,80.2636,18143700.0
2011-08-19,79.2674,80.9803,78.8868,78.9893,15277500.0
2011-08-22,80.6509,80.7387,79.0625,79.2747,11314800.0
2011-08-23,79.6773,81.5952,79.3699,81.522,12374800.0
2011-08-24,81.4341,82.7663,81.1852,82.6785,9256900.0
2011-08-25,83.0006,83.2861,81.1121,81.4415,10391700.0
2011-08-26,81.0462,82.7664,79.8531,82.4956,13140300.0
2011-08-29,83.4251,84.3255,83.3885,84.2815,7117800.0
2011-08-30,84.0546,85.0282,83.5422,84.4353,10480300.0
2011-08-31,85.0282,85.6211,84.2669,84.8745,8390900.0
2011-09-01,84.977,85.665,83.9741,84.0839,7690900.0
2011-09-02,82.5248,82.9201,81.9465,82.1881,9426300.0
2011-09-06,80.0799,81.5878,79.9189,81.4048,10881100.0
2011-09-07,82.5248,83.4618,82.2759,83.4032,7271500.0
2011-09-08,82.9933,83.9449,82.5175,82.62,7772800.0
2011-09-09,81.7196,81.7635,79.9482,80.3874,11877700.0
2011-09-12,79.326,80.9218,79.165,80.8925,10062000.0
2011-09-13,81.0169,81.522,80.3874,81.1926,10836700.0
2011-09-14,81.6098,83.3227,80.424,82.2759,14634500.0
2011-09-15,83.0298,83.6886,82.5906,83.6374,9646000.0
2011-09-16,84.0481,84.4294,83.4614,84.2314,12330800.0
2011-09-19,82.9408,83.7621,82.3467,83.3954,9727400.0
2011-09-20,83.7914,84.5248,83.2194,83.5127,8070700.0
2011-09-21,83.5494,83.7694,81.3127,81.3641,14933100.0
2011-09-22,79.1641,79.4941,77.5287,78.5187,19744500.0
2011-09-23,78.0567,79.1054,77.8294,78.7974,12056800.0
2011-09-26,79.5014,80.9094,78.8194,80.8434,11476000.0
2011-09-27,82.4348,83.1974,81.4667,81.9214,13564400.0
2011-09-28,82.2074,82.8381,80.4767,80.5427,11260200.0
2011-09-29,82.0387,82.5007,80.2494,81.6794,13212200.0
2011-09-30,80.528,81.518,79.8387,79.8827,10338600.0
2011-10-03,79.3547,80.3814,77.9541,77.9981,13520400.0
2011-10-04,77.0593,79.2667,76.15,78.9954,18100000.0
2011-10-05,79.0907,80.2347,78.658,80.1394,9967000.0
2011-10-06,80.154,81.5547,79.5454,81.4667,8534300.0
2011-10-07,82.0387,82.2881,80.9461,81.4154,10022000.0
2011-10-10,82.5741,83.7767,82.5667,83.7547,7176500.0
2011-10-11,83.3221,83.8574,83.2561,83.6081,7836000.0
2011-10-12,84.1654,85.1555,83.9014,84.3268,7855800.0
2011-10-13,83.9894,84.3414,83.3368,84.0848,5493900.0
2011-10-14,84.9354,85.3241,84.4514,85.3168,5256900.0
2011-10-17,84.9501,84.9794,83.3368,83.5274,8397900.0
2011-10-18,83.2634,85.3754,82.7427,84.7081,11694400.0
2011-10-19,84.6787,85.2508,84.0261,84.2974,15286300.0
2011-10-20,84.3854,84.8988,83.4834,84.5761,7944500.0
2011-10-21,85.5346,86.585,85.5199,86.5629,13012000.0
2011-10-24,86.798,87.5252,86.6805,87.3195,8407500.0
2011-10-25,86.8347,86.9375,85.6228,85.7844,9405200.0
2011-10-26,86.9523,87.1579,85.7036,86.9743,9938700.0
2011-10-27,88.9354,90.0372,88.4727,89.5671,12948500.0
2011-10-28,89.3027,89.7875,89.1411,89.6406,6666900.0
2011-10-31,88.6931,88.8179,87.606,87.6574,13398600.0
2011-11-01,85.8652,86.4308,85.2261,85.4832,15120600.0
2011-11-02,86.5262,87.0551,86.0635,86.7686,7605000.0
2011-11-03,87.5766,88.4433,86.7906,88.2817,12007500.0
2011-11-04,87.7015,87.9071,86.8494,87.8484,7021900.0
2011-11-07,87.7896,88.5095,87.0772,88.4727,8694400.0
2011-11-08,88.884,89.4276,88.0687,89.3101,7383200.0
2011-11-09,87.6501,87.8998,86.1149,86.4454,12096200.0
2011-11-10,87.3782,87.8116,86.585,87.3268,9960400.0
2011-11-11,88.3184,89.3982,88.3038,89.266,7260300.0
2011-11-14,89.1191,89.2954,88.2744,88.6637,7391200.0
2011-11-15,88.4213,89.3027,88.0908,88.7812,6467700.0
2011-11-16,88.0467,88.9796,87.3416,87.4811,7142200.0
2011-11-17,87.4518,87.7823,85.7844,86.5483,10984300.0
2011-11-18,86.8539,87.1042,86.3605,86.6845,8307400.0
2011-11-21,85.4917,85.6463,84.1442,84.7922,18829600.0
2011-11-22,84.6597,85.0646,84.0338,84.483,8396900.0
2011-11-23,83.754,83.857,82.7084,82.7084,7988400.0
2011-11-25,82.6717,83.5405,82.5686,82.5686,3532100.0
2011-11-28,84.5124,85.0278,84.1663,84.748,6666100.0
2011-11-29,84.91,85.5432,84.7554,85.0867,5325400.0
2011-11-30,87.1852,88.643,87.1852,88.4958,11581500.0
2011-12-01,88.3633,88.7609,88.1056,88.4516,5437700.0
2011-12-02,89.2542,89.3867,88.3559,88.4001,5584400.0
2011-12-05,89.6591,89.718,88.5105,89.0553,6285400.0
2011-12-06,89.0627,89.8948,88.8566,89.3793,7062300.0
2011-12-07,89.1364,90.2482,88.783,89.88,9026700.0
2011-12-08,89.4604,89.6886,88.0908,88.3117,9595600.0
2011-12-09,88.7019,89.9095,88.6578,89.6665,8999200.0
2011-12-12,89.0259,89.0627,87.8993,88.5326,6291500.0
2011-12-13,89.0259,89.453,87.6564,87.9951,7761800.0
2011-12-14,87.6785,87.9804,86.8171,87.1189,10062700.0
2011-12-15,88.054,88.1718,87.3103,87.4797,5261400.0
2011-12-16,87.9568,88.1783,87.0632,87.3069,7758400.0
2011-12-19,87.6245,87.8682,86.4429,86.6718,7977500.0
2011-12-20,87.9642,89.2713,87.9346,89.1236,7867300.0
2011-12-21,89.2122,89.2639,88.3925,89.2196,6679800.0
2011-12-22,89.4633,89.7661,89.2935,89.7513,4202800.0
2011-12-23,89.8769,90.6006,89.7292,90.5637,2281300.0
2011-12-27,90.4529,90.8369,90.3938,90.5932,3878700.0
2011-12-28,90.5859,90.6302,89.456,89.5446,3871400.0
2011-12-29,89.7439,90.6006,89.6996,90.4825,5133600.0
2011-12-30,90.3422,90.5637,89.9803,89.9877,4734000.0
2012-01-03,91.5312,91.9669,91.2875,91.3022,7175100.0
2012-01-04,91.1324,91.6124,90.9182,91.5534,7625200.0
2012-01-05,91.1767,91.6567,90.5342,91.5385,8678900.0
2012-01-06,91.6346,91.6346,90.9404,91.2284,7488600.0
2012-01-09,91.3465,91.509,90.9403,91.3244,5881800.0
2012-01-10,92.2254,92.314,91.7749,91.8561,5274400.0
2012-01-11,91.605,91.9078,91.4278,91.7897,4890300.0
2012-01-12,91.9447,92.0703,91.3244,91.9669,5591300.0
2012-01-13,91.3613,91.6936,90.7779,91.6936,6392100.0
2012-01-17,92.3435,92.7349,91.9152,92.0334,5348800.0
2012-01-18,91.9669,92.8457,91.8783,92.7719,6473000.0
2012-01-19,93.0451,93.1854,92.698,93.1781,8095300.0
2012-01-20,93.2054,93.8857,93.1388,93.8857,6995400.0
2012-01-23,93.834,94.1815,93.4568,93.7748,5166800.0
2012-01-24,93.2498,93.5826,93.0797,93.4939,4798200.0
2012-01-25,93.2202,94.2999,92.7839,94.1002,9642500.0
2012-01-26,94.5439,94.751,93.6565,93.9597,5902300.0
2012-01-27,93.5234,93.7379,93.1833,93.5086,6136400.0
2012-01-30,92.7247,93.4051,92.4363,93.3459,5910600.0
2012-01-31,93.8266,93.8562,92.7173,93.2276,5951700.0
2012-02-01,93.9671,94.3516,93.7452,93.8488,9891000.0
2012-02-02,93.9301,94.0336,93.5308,93.797,4531500.0
2012-02-03,94.6844,95.0172,94.5291,94.9284,8654000.0
2012-02-06,94.5291,94.7953,94.4182,94.7435,3852400.0
2012-02-07,94.6178,95.2168,94.322,95.0319,5739300.0
2012-02-08,95.1133,95.2464,94.677,95.1798,4884400.0
2012-02-09,95.3648,95.4831,94.8767,95.2169,5416600.0
2012-02-10,94.4774,94.5957,94.1372,94.5439,6380600.0
2012-02-13,95.1577,95.2242,94.714,95.0911,4654100.0
2012-02-14,94.9359,95.1651,94.4922,95.1429,5608500.0
2012-02-15,95.3943,95.4239,94.3368,94.5513,9589200.0
2012-02-16,94.64,95.5274,94.6178,95.4461,8699000.0
2012-02-17,95.8702,95.9295,95.5365,95.8108,5765200.0
2012-02-21,96.1,96.1964,95.6107,95.8998,6589200.0
2012-02-22,95.8109,96.0111,95.5292,95.7442,6092200.0
2012-02-23,95.6329,96.1519,95.3067,96.0703,12890500.0
2012-02-24,96.2113,96.3076,95.8257,96.1,3769100.0
2012-02-27,95.5884,96.4114,95.3215,96.1296,5778600.0
2012-02-28,96.1148,96.4113,95.8924,96.2779,4953700.0
2012-02-29,96.3966,96.656,95.7071,95.8553,7724200.0
2012-03-01,96.0852,96.5003,95.8108,96.0629,6684300.0
2012-03-02,96.0407,96.2261,95.6997,96.0481,3818700.0
2012-03-05,95.9517,96.0777,95.3734,95.9517,5286400.0
2012-03-06,94.847,95.9814,94.291,94.4912,14410100.0
2012-03-07,94.632,95.2325,94.4986,95.0694,5736200.0
2012-03-08,95.5069,95.8405,95.3067,95.581,4417000.0
2012-03-09,95.8034,96.0777,95.5958,95.7515,6248400.0
2012-03-12,95.7664,96.1371,95.7145,95.9814,5197000.0
2012-03-13,96.4188,97.694,96.2705,97.6273,8699500.0
2012-03-14,97.7088,97.9905,97.5827,97.7755,5124600.0
2012-03-15,97.8719,98.2278,97.6199,98.1685,5716900.0
2012-03-16,98.4471,98.5065,98.0682,98.0905,5047200.0
2012-03-19,97.9865,98.3505,97.8899,98.1053,4424000.0
2012-03-20,97.5779,97.8305,97.2511,97.5928,5403700.0
2012-03-21,97.7042,97.7636,97.1694,97.3031,5031900.0
2012-03-22,96.746,96.9763,96.4637,96.694,6987900.0
2012-03-23,96.7312,97.0951,96.3523,97.0134,4373300.0
2012-03-26,97.6002,98.1574,97.5631,98.1202,4991500.0
2012-03-27,98.2168,98.3134,97.7934,97.8082,5777300.0
2012-03-28,97.8528,97.9493,96.8722,97.2957,5293700.0
2012-03-29,96.7682,97.4888,96.5974,97.4071,4487400.0
2012-03-30,97.8379,98.0311,97.4442,97.9048,4218500.0
2012-04-02,97.7265,98.5584,97.4813,98.2762,8683800.0
2012-04-03,98.1648,98.3505,97.3477,97.8082,6098700.0
2012-04-04,97.058,97.1397,96.5306,96.9465,10402500.0
2012-04-05,96.642,97.0951,96.5157,96.8574,4179800.0
2012-04-09,95.7951,96.2631,95.706,95.914,5360200.0
2012-04-10,95.7283,95.8769,94.2798,94.3467,12912700.0
2012-04-11,95.2083,95.2975,94.8889,94.9706,5603300.0
2012-04-12,95.1712,96.4117,95.1117,96.3597,7164600.0
2012-04-13,96.0625,96.0923,95.2826,95.3791,8826800.0
2012-04-16,95.9957,96.3448,95.5872,95.8769,7503100.0
2012-04-17,96.4414,97.4071,96.4266,97.266,6290900.0
2012-04-18,96.7683,97.162,96.6271,96.6791,5057100.0
2012-04-19,96.7386,97.0654,95.6912,96.226,8957000.0
2012-04-20,96.6491,97.073,96.6045,96.664,5686800.0
2012-04-23,95.7419,95.9947,95.3105,95.9501,5180000.0
2012-04-24,96.136,96.8499,96.1285,96.4706,4418700.0
2012-04-25,97.0507,97.2961,96.7607,97.1548,7342000.0
2012-04-26,97.0954,98.1886,97.0433,98.0547,4577100.0
2012-04-27,98.2332,98.4712,97.9134,98.1663,3969500.0
2012-04-30,98.025,98.1812,97.787,98.0175,3670500.0
2012-05-01,98.0547,99.0141,97.72,98.5604,5453200.0
2012-05-02,98.196,98.5456,97.906,98.4637,3746000.0
2012-05-03,98.4712,98.5976,97.7944,98.025,5043100.0
2012-05-04,97.5193,97.6606,96.6566,96.7458,5934300.0
2012-05-07,96.307,96.8648,96.2699,96.5599,4040500.0
2012-05-08,96.0616,96.1806,95.1246,95.9947,7641700.0
2012-05-09,95.1915,96.0244,94.7304,95.4443,11921700.0
2012-05-10,95.7939,96.1434,95.3477,95.5188,5325000.0
2012-05-11,95.0428,96.0542,94.9907,95.3254,3673800.0
2012-05-14,94.5817,94.961,94.1503,94.4106,6069000.0
2012-05-15,94.314,94.8867,93.7563,93.9347,6713000.0
2012-05-16,94.2842,94.723,93.8008,93.838,6043200.0
2012-05-17,93.8603,93.8901,92.6258,92.6407,8985300.0
2012-05-18,92.9287,93.0183,91.8541,92.0183,10861600.0
2012-05-21,92.3019,93.1377,92.1153,93.1377,5384900.0
2012-05-22,93.2048,93.6376,92.675,93.1526,9856100.0
2012-05-23,92.4959,93.1302,91.6527,93.063,8600000.0
2012-05-24,93.2197,93.3988,92.5033,93.369,7043000.0
2012-05-25,93.2272,93.3541,92.5108,92.7273,6725100.0
2012-05-29,93.4511,93.966,93.2048,93.7272,6828700.0
2012-05-30,92.9287,92.9884,92.3392,92.5257,6874300.0
2012-05-31,92.5482,93.0854,91.7945,92.3094,7793500.0
2012-06-01,91.1377,91.3541,90.2273,90.3019,11815100.0
2012-06-04,90.3617,90.5034,89.69,90.1303,6369000.0
2012-06-05,90.0259,90.5333,89.9363,90.3617,6619900.0
2012-06-06,91.0333,92.5258,91.0034,92.481,6138400.0
2012-06-07,93.4063,93.6003,92.7272,92.9213,8806300.0
2012-06-08,92.6227,93.6003,92.4287,93.6003,4432700.0
2012-06-11,94.3092,94.3913,92.4213,92.5183,7232100.0
2012-06-12,92.8317,93.772,92.5631,93.7197,4923700.0
2012-06-13,93.5332,93.9809,92.8914,93.1974,4687100.0
2012-06-14,93.369,94.7271,93.2421,94.3018,8162700.0
2012-06-15,94.7653,95.296,94.6681,95.1914,6268400.0
2012-06-18,94.7877,95.3409,94.6756,95.0344,4568500.0
2012-06-19,95.4829,96.2155,95.3185,95.7296,3869500.0
2012-06-20,95.7744,96.051,95.0194,95.6548,9212800.0
2012-06-21,95.7969,95.9389,93.6963,93.7711,7702600.0
2012-06-22,94.2869,94.5485,94.0253,94.3617,5295800.0
2012-06-25,93.487,93.5094,92.9338,93.2627,5922300.0
2012-06-26,93.4646,93.8234,92.8815,93.5019,7551600.0
2012-06-27,93.7412,94.3617,93.6814,94.1972,3717100.0
2012-06-28,93.4571,94.085,92.8815,94.0401,6460100.0
2012-06-29,95.4978,96.1108,95.2661,96.0211,5844400.0
2012-07-02,96.1482,96.2604,95.453,95.9539,3837000.0
2012-07-03,95.9613,96.6042,95.8641,96.5444,2717700.0
2012-07-05,96.1482,96.7387,95.909,96.2678,6637500.0
2012-07-06,95.5278,95.5427,94.84,95.3633,4341400.0
2012-07-09,95.2512,95.311,94.7204,95.1166,4503800.0
2012-07-10,95.6549,95.7894,94.1224,94.4513,6730900.0
2012-07-11,94.5111,94.556,93.5842,94.1224,6839500.0
2012-07-12,93.5991,94.3093,93.2702,93.8682,4412400.0
2012-07-13,94.1299,95.468,94.085,95.4007,3942000.0
2012-07-16,95.1241,95.3185,94.7504,95.027,1991700.0
2012-07-17,95.3334,95.7969,94.4065,95.5502,3326900.0
2012-07-18,95.3035,96.5444,95.2586,96.4024,3099300.0
2012-07-19,96.6341,96.9631,96.2903,96.6715,3845000.0
2012-07-20,96.1025,96.3346,95.6981,95.8703,7435600.0
2012-07-23,94.3578,95.2264,93.9909,95.0242,4647900.0
2012-07-24,95.0392,95.0992,93.5492,94.2381,7077400.0
2012-07-25,94.7921,95.1216,94.3429,94.7247,3872300.0
2012-07-26,95.9677,96.6116,95.788,96.2746,8074000.0
2012-07-27,96.6042,98.0043,96.5742,97.7422,7463900.0
2012-07-30,97.57,98.0791,97.4277,97.6374,4235800.0
2012-07-31,97.5251,97.7347,97.1058,97.1058,4783400.0
2012-08-01,97.6898,97.7123,96.724,96.9261,5770000.0
2012-08-02,96.3345,96.8063,95.4735,96.2447,10915200.0
2012-08-03,97.3828,98.1391,97.248,97.8845,7768300.0
2012-08-06,98.0417,98.5434,97.9968,98.0118,4572700.0
2012-08-07,98.3263,98.7531,98.3038,98.3712,3584500.0
2012-08-08,98.0417,98.7156,98.0043,98.4985,3003900.0
2012-08-09,98.461,98.7381,98.169,98.5135,3355100.0
2012-08-10,98.199,98.798,97.9294,98.783,4410400.0
2012-08-13,98.6408,98.7605,98.1017,98.5509,3986700.0
2012-08-14,98.8728,98.9552,98.3262,98.5808,3421500.0
2012-08-15,98.4685,98.8279,98.4161,98.6257,2834800.0
2012-08-16,98.6632,99.397,98.461,99.2622,5340400.0
2012-08-17,99.314,99.4867,99.2389,99.4116,2484300.0
2012-08-20,99.2389,99.4491,99.0888,99.3815,2266700.0
2012-08-21,99.5242,99.862,98.7735,98.9236,4094500.0
2012-08-22,98.7735,98.9461,98.3005,98.6984,4496200.0
2012-08-23,98.5407,98.5633,97.745,97.8801,4159600.0
2012-08-24,97.7525,98.766,97.6399,98.6309,4202400.0
2012-08-27,98.6609,98.7735,98.308,98.3906,1806500.0
2012-08-28,98.1579,98.5708,98.0453,98.2404,3028000.0
2012-08-29,98.2479,98.5557,98.0678,98.2855,2400400.0
2012-08-30,97.8801,97.8876,97.332,97.5347,4120700.0
2012-08-31,98.0753,98.6458,97.6248,98.2555,5447700.0
2012-09-04,98.1504,98.1954,97.3171,97.7675,4106900.0
2012-09-05,97.8726,98.2179,97.6248,97.8726,2828800.0
2012-09-06,98.4657,99.7194,98.4657,99.7119,5559400.0
2012-09-07,99.7644,99.9146,99.5242,99.802,4827700.0
2012-09-10,99.6744,99.9671,99.4116,99.4566,2296800.0
2012-09-11,99.5468,100.1849,99.5392,99.9146,2824400.0
2012-09-12,100.1923,100.335,99.907,100.1247,1953900.0
2012-09-13,100.0497,101.8814,100.0046,101.6412,6975700.0
2012-09-14,101.8139,102.4595,101.6562,101.9941,5186100.0
2012-09-17,101.7764,102.0091,101.5286,101.7463,2606500.0
2012-09-18,101.461,101.9415,101.461,101.8064,3375400.0
2012-09-19,101.9867,102.2794,101.7614,101.8966,3080800.0
2012-09-20,101.4986,102.0842,101.3485,102.0616,6949700.0
2012-09-21,102.4686,102.4912,101.8593,101.9119,5318100.0
2012-09-24,101.4982,102.1075,101.4681,101.7991,2706900.0
2012-09-25,101.9572,102.2355,101.0168,101.062,6292300.0
2012-09-26,101.0844,101.1898,100.6105,100.7309,5447700.0
2012-09-27,101.1371,101.5133,100.6933,101.2575,4975500.0
2012-09-28,100.7459,101.1672,100.3247,100.8438,4565400.0
2012-10-01,101.2725,102.0775,101.2048,101.3929,4854000.0
2012-10-02,101.6411,101.8443,100.761,101.1672,6269100.0
2012-10-03,101.3704,101.6412,100.8814,101.3177,3319800.0
2012-10-04,101.6712,102.0925,101.5283,101.9495,3911800.0
2012-10-05,102.3783,102.6416,101.9194,102.2805,4560300.0
2012-10-08,101.8593,102.2054,101.7991,102.0474,2405000.0
2012-10-09,101.8744,102.1151,101.2199,101.25,6034700.0
2012-10-10,101.107,101.1446,100.1064,100.2644,10138700.0
2012-10-11,100.7383,100.8813,100.1139,100.1516,3669100.0
2012-10-12,100.2494,100.6782,99.8657,100.1516,3271200.0
2012-10-15,100.3096,100.949,100.099,100.8212,2641800.0
2012-10-16,101.295,101.8292,101.2349,101.784,5454400.0
2012-10-17,101.5208,101.9044,101.4456,101.8819,3815400.0
2012-10-18,101.754,102.1376,101.5584,101.8292,6305000.0
2012-10-19,101.5482,101.5482,100.0491,100.2751,10437500.0
2012-10-22,100.1395,100.486,99.469,100.2676,5591900.0
2012-10-23,99.1376,99.1602,98.3315,98.4897,8962100.0
2012-10-24,98.6855,98.8739,98.1883,98.3089,6097300.0
2012-10-25,98.8287,98.9493,98.0001,98.5199,6313100.0
2012-10-26,98.4445,98.8588,98.0,98.5274,4182600.0
2012-10-31,98.9492,99.13,98.1055,98.3842,3939600.0
2012-11-01,98.7006,99.7703,98.663,99.4238,3807400.0
2012-11-02,99.8608,99.8984,98.2863,98.437,5141300.0
2012-11-05,98.2788,98.7835,98.0151,98.5877,2710700.0
2012-11-06,98.8965,99.9135,98.8362,99.4766,4408300.0
2012-11-07,98.7233,98.7233,96.9153,97.3673,18648300.0
2012-11-08,97.3145,97.6912,96.4181,96.4181,8427500.0
2012-11-09,95.9435,97.0207,95.8832,96.3654,6571600.0
2012-11-12,96.5687,96.8324,96.1996,96.4557,3758200.0
2012-11-13,95.9811,97.1187,95.9209,96.0715,5407200.0
2012-11-14,96.29,96.4558,94.5122,94.7382,9479400.0
2012-11-15,94.595,94.9566,94.1731,94.5498,7658000.0
2012-11-16,94.5974,94.9901,93.9705,94.8617,9350400.0
2012-11-19,95.6397,96.4327,95.549,96.3949,9551500.0
2012-11-20,96.1533,96.5762,95.7303,96.4554,7021800.0
2012-11-21,96.41,96.8405,96.3269,96.7876,4589400.0
2012-11-23,97.1804,98.117,97.1729,98.1019,3345800.0
2012-11-26,97.5203,97.8224,97.271,97.8224,4621000.0
2012-11-27,97.5656,97.9206,97.0596,97.188,4910000.0
2012-11-28,96.8027,97.9961,96.2741,97.913,7397000.0
2012-11-29,98.3586,98.5928,97.8148,98.2907,6112800.0
2012-11-30,98.3738,98.5324,98.0188,98.2605,4979600.0
2012-12-03,98.7061,98.7892,97.7998,97.8451,5820800.0
2012-12-04,97.8904,98.2907,97.6562,97.7242,5760400.0
2012-12-05,97.9659,98.8042,97.5505,98.3661,8697300.0
2012-12-06,98.4417,98.7891,98.2529,98.7438,4129400.0
2012-12-07,99.1668,99.4009,98.8042,99.3631,3993200.0
2012-12-10,99.3858,99.703,99.3707,99.4991,3480900.0
2012-12-11,99.854,100.5413,99.8313,100.073,4012700.0
2012-12-12,100.4356,100.7075,99.9447,100.0807,9551800.0
2012-12-13,100.0957,100.2392,99.3556,99.5595,3844500.0
2012-12-14,99.4689,99.6955,99.1366,99.2877,3114300.0
2012-12-17,99.4311,100.0882,99.416,100.0278,4534100.0
2012-12-18,100.2091,101.0021,99.9825,100.8662,6459500.0
2012-12-19,100.9568,100.9794,100.1486,100.1637,5511500.0
2012-12-20,100.126,100.6622,99.8994,100.5942,5530500.0
2012-12-21,99.2934,100.0207,99.1192,99.8465,11495800.0
2012-12-24,99.4676,99.5661,99.2252,99.2252,1997400.0
2012-12-26,99.4676,99.6116,98.8464,99.104,3982900.0
2012-12-27,99.2024,99.354,97.9903,98.9449,8308600.0
2012-12-28,98.3539,98.8312,97.71,97.7857,8570000.0
2012-12-31,97.4751,99.1722,97.3842,98.9297,12067800.0
2013-01-02,100.7556,101.4147,100.6798,101.3465,9636300.0
2013-01-03,101.248,101.5587,100.998,101.2405,8665200.0
2013-01-04,101.2935,101.6723,101.1344,101.5662,4759300.0
2013-01-07,101.2859,101.3162,100.8844,101.1495,6119700.0
2013-01-08,101.0056,101.142,100.5662,100.8086,4269800.0
2013-01-09,101.0662,101.5056,101.0662,101.3011,3898000.0
2013-01-10,101.6724,101.9603,101.2405,101.9299,6004300.0
2013-01-11,101.8693,102.1269,101.6799,102.0663,4508000.0
2013-01-14,102.0208,102.2784,101.8238,102.1951,4298000.0
2013-01-15,101.7404,102.4753,101.7026,102.339,2966100.0
2013-01-16,101.9905,102.3163,101.9299,102.1951,3197800.0
2013-01-17,102.5588,103.18,102.4527,102.9073,6227500.0
2013-01-18,103.0021,103.2675,102.7063,103.2144,4922500.0
2013-01-22,103.2448,103.7302,103.0855,103.7074,4544900.0
2013-01-23,104.0487,104.3824,104.0108,104.2535,6397800.0
2013-01-24,104.352,105.0346,104.3369,104.6782,6288000.0
2013-01-25,104.9588,105.1409,104.6934,105.1333,4461000.0
2013-01-28,105.3076,105.3304,104.8905,105.1559,3167700.0
2013-01-29,104.9967,105.7096,104.9967,105.5959,3946700.0
2013-01-30,105.5959,105.7021,105.1712,105.2394,5496100.0
2013-01-31,105.2394,106.3467,104.9057,104.974,3935300.0
2013-02-01,105.6414,106.0964,105.4518,105.9827,5234900.0
2013-02-04,105.2773,105.4062,104.936,105.0953,6536200.0
2013-02-05,105.6035,106.0661,105.5807,105.7172,5819800.0
2013-02-06,105.3304,105.9523,105.3304,105.8613,3113900.0
2013-02-07,105.8689,105.9068,104.9057,105.6414,6637600.0
2013-02-08,105.7021,106.2026,105.7021,105.9751,3573800.0
2013-02-11,105.8917,105.9372,105.5808,105.8159,2542800.0
2013-02-12,105.8689,106.3391,105.8082,106.2178,3498600.0
2013-02-13,106.3543,106.4529,105.8006,106.0813,3387800.0
2013-02-14,105.7096,106.1495,105.6186,106.0737,3048800.0
2013-02-15,106.079,106.2311,105.5011,106.0334,6111300.0
2013-02-19,106.1171,106.5733,106.0867,106.4288,3944000.0
2013-02-20,106.4516,106.6645,105.6,105.6,5974200.0
2013-02-21,105.4251,105.6,104.9765,105.3187,7517900.0
2013-02-22,105.8737,106.3223,105.5848,106.3071,4158500.0
2013-02-25,106.7025,106.9002,104.6267,104.6723,10031600.0
2013-02-26,105.197,105.6608,104.9156,105.5239,9236100.0
2013-02-27,105.4936,107.1131,105.4175,106.9078,7404500.0
2013-02-28,106.7938,107.4477,106.5884,106.6645,11383200.0
2013-03-01,106.3679,107.1359,105.8205,107.0143,6506400.0
2013-03-04,106.7253,107.288,106.5276,107.2652,3619700.0
2013-03-05,107.7366,108.4894,107.7366,108.2308,7962300.0
2013-03-06,108.6643,108.786,108.3449,108.6111,4481000.0
2013-03-07,108.7175,109.0292,108.6566,108.8391,3689100.0
2013-03-08,109.455,109.5082,108.8923,109.3105,5680700.0
2013-03-11,109.2878,109.7668,109.1965,109.7668,4373000.0
2013-03-12,109.7136,110.0253,109.5159,109.7972,5166400.0
2013-03-13,109.8276,110.0329,109.5615,109.8428,4319500.0
2013-03-14,110.109,110.5196,110.0709,110.5043,5361200.0
2013-03-15,110.3459,110.3992,110.0182,110.3459,10835400.0
2013-03-18,109.6068,110.3916,109.4925,109.8506,5511200.0
2013-03-19,110.1096,110.3534,109.3248,109.9496,9298500.0
2013-03-20,110.3763,110.5973,110.1706,110.3382,5924700.0
2013-03-21,109.8125,110.1706,109.3325,109.6372,6075700.0
2013-03-22,109.9573,110.4373,109.9344,110.4068,5027800.0
2013-03-25,110.5516,110.7269,109.4163,109.8811,9603200.0
2013-03-26,110.2316,110.704,110.2011,110.6964,4877900.0
2013-03-27,109.9877,110.5515,109.7667,110.4525,4128900.0
2013-03-28,110.4906,110.8868,110.3611,110.7268,4346000.0
2013-04-01,110.7116,111.0392,110.4601,110.7725,8621600.0
2013-04-02,111.1459,111.6259,111.0773,111.4507,5672300.0
2013-04-03,111.4279,111.6032,110.445,110.5898,7661100.0
2013-04-04,110.7574,111.2298,110.5517,111.0698,7520100.0
2013-04-05,109.8582,110.8716,109.7592,110.7192,7307400.0
2013-04-08,110.7269,111.2069,110.3002,111.2069,3865000.0
2013-04-09,111.3059,111.9765,111.0545,111.6336,5492300.0
2013-04-10,111.9917,112.8146,111.9765,112.6013,7947100.0
2013-04-11,112.6317,113.2717,112.4869,113.0736,6975600.0
2013-04-12,112.7612,113.1194,112.525,113.0889,8710800.0
2013-04-15,112.6927,112.7155,111.0316,111.1002,14177400.0
2013-04-16,111.9917,112.3041,111.5269,112.2812,6974100.0
2013-04-17,111.6641,111.7022,110.7649,111.2069,10757100.0
2013-04-18,111.3211,111.3364,110.3077,110.6201,8277100.0
2013-04-19,110.3692,110.7506,110.1023,110.6972,6028600.0
2013-04-22,110.8802,111.0251,110.0107,110.8345,11711700.0
2013-04-23,111.4522,112.0395,110.7048,111.9632,10435300.0
2013-04-24,112.1311,112.276,111.6506,111.6963,4963800.0
2013-04-25,111.8412,112.4361,111.6276,111.9327,4160500.0
2013-04-26,111.7725,112.2301,111.7496,112.0242,3242600.0
2013-04-29,112.2683,112.9929,112.0472,112.7717,6132000.0
2013-04-30,112.7793,112.9624,112.1539,112.8937,8065800.0
2013-05-01,112.5429,112.7336,111.7955,111.9175,5372800.0
2013-05-02,112.2073,112.9166,112.0471,112.8479,4340700.0
2013-05-03,113.8395,114.2666,113.7937,113.9158,5929900.0
2013-05-06,113.9157,114.0987,113.7479,113.969,3110600.0
2013-05-07,114.2285,114.6174,113.9768,114.6022,5361800.0
2013-05-08,114.503,115.1361,114.4802,115.1208,4087100.0
2013-05-09,115.0903,115.4487,114.7013,115.0445,3948500.0
2013-05-10,115.0979,115.2428,114.625,115.197,4138200.0
2013-05-13,114.9759,115.1742,114.7699,115.0598,3841500.0
2013-05-14,115.075,116.0589,115.0598,116.0284,5551900.0
2013-05-15,115.8377,116.7758,115.8224,116.5241,5770700.0
2013-05-16,116.4174,116.7759,116.1123,116.2725,8194700.0
2013-05-17,116.5776,117.2048,116.417,117.1283,5503200.0
2013-05-20,117.0518,117.4495,116.8836,117.0518,4464700.0
2013-05-21,117.2354,117.8014,116.9371,117.4113,5734900.0
2013-05-22,117.5643,118.6581,116.5242,116.8989,12806500.0
2013-05-23,116.004,117.2048,115.9122,116.8454,10474400.0
2013-05-24,116.3788,116.8836,116.0499,116.8454,4535300.0
2013-05-28,117.9467,118.5356,117.3884,117.6943,9374100.0
2013-05-29,117.0366,117.2125,116.2718,116.8989,7906200.0
2013-05-30,116.9142,117.6331,116.7153,117.0977,8231800.0
2013-05-31,116.723,117.5796,115.4151,115.5681,7424700.0
2013-06-03,115.9046,116.5317,115.568,116.4935,10861300.0
2013-06-04,116.4552,116.9524,115.3539,115.981,7956400.0
2013-06-05,115.6599,115.8205,114.1837,114.199,9426900.0
2013-06-06,114.2524,114.9331,113.434,114.9178,15155100.0
2013-06-07,115.6139,116.5929,115.2621,116.5011,8087900.0
2013-06-10,116.8607,116.9295,116.2411,116.4171,4917900.0
2013-06-11,115.5527,116.5776,115.2621,115.6445,7012500.0
2013-06-12,116.3941,116.5241,114.4973,114.6196,6901000.0
2013-06-13,114.5279,116.2488,114.329,116.0729,6208200.0
2013-06-14,115.9505,116.2641,115.025,115.2316,4639300.0
2013-06-17,115.9734,116.7,115.5298,116.0882,6693100.0
2013-06-18,116.2258,117.2966,116.1952,117.0977,4807900.0
2013-06-19,116.9754,117.1895,115.5298,115.5604,9143700.0
2013-06-20,114.6044,114.635,112.654,112.8758,14309900.0
2013-06-21,113.4537,113.6453,112.3041,113.2238,10968600.0
2013-06-24,112.1508,112.9938,111.2617,112.1124,14129300.0
2013-06-25,112.9785,113.2774,112.3731,112.8942,7592300.0
2013-06-26,113.6606,114.2508,113.4077,114.0362,6326000.0
2013-06-27,114.7259,115.2854,114.6186,114.8869,6584600.0
2013-06-28,114.4424,114.9865,113.7909,113.8522,6719200.0
2013-07-01,114.5957,115.3468,114.3658,114.5191,4895800.0
2013-07-02,114.3121,115.1245,113.7372,114.1434,4873800.0
2013-07-03,113.7526,114.9482,113.6223,114.611,2589400.0
2013-07-05,115.5153,115.7988,114.5113,115.7452,5528500.0
2013-07-08,116.3278,116.826,116.2512,116.5118,4915600.0
2013-07-09,117.0406,117.2552,116.6651,117.1019,5200200.0
2013-07-10,117.0866,117.4851,116.7723,117.0406,6126900.0
2013-07-11,118.2974,118.5043,117.8069,118.3204,5848400.0
2013-07-12,118.3511,118.6117,117.9449,118.1595,6349800.0
2013-07-15,118.4584,118.696,118.2821,118.5197,2751600.0
2013-07-16,118.4891,118.5964,117.9756,118.2592,3594600.0
2013-07-17,118.5198,118.6808,118.1672,118.3665,6504400.0
2013-07-18,118.7803,119.3628,118.4584,119.0562,6823000.0
2013-07-19,118.8613,119.0609,118.6234,119.0455,4828400.0
2013-07-22,119.0455,119.2757,118.8076,119.0378,3165700.0
2013-07-23,119.3908,119.4675,119.0148,119.2296,3394100.0
2013-07-24,119.4216,119.4906,118.6541,119.0302,3894500.0
2013-07-25,118.6004,119.1453,118.3395,119.0455,5483500.0
2013-07-26,118.5544,119.1453,117.9328,119.0762,3859300.0
2013-07-29,118.8458,119.0607,118.5312,118.8996,2592500.0
2013-07-30,119.2604,119.3985,118.5083,118.8843,4211000.0
2013-07-31,119.0455,119.7439,118.6157,118.8306,11784600.0
2013-08-01,119.6364,119.8436,119.4676,119.6364,4872400.0
2013-08-02,119.3142,119.9051,119.13,119.8744,3620800.0
2013-08-05,119.6518,119.7286,119.3372,119.5597,3077100.0
2013-08-06,119.2374,119.245,118.5006,118.8383,3582300.0
2013-08-07,118.4315,118.7615,118.1936,118.6004,4341600.0
2013-08-08,119.2066,119.2987,118.1783,118.7155,5071200.0
2013-08-09,118.562,118.915,117.6718,118.2704,4550300.0
2013-08-12,117.764,118.4163,117.6872,118.2091,3697300.0
2013-08-13,118.5084,118.9305,117.6795,118.5237,4752500.0
2013-08-14,118.3932,118.516,117.503,117.6642,6372100.0
2013-08-15,116.7278,116.7278,115.8606,115.9757,10021900.0
2013-08-16,115.8549,116.2242,115.5549,115.7934,7035200.0
2013-08-19,115.6396,115.9627,115.1471,115.2087,4174100.0
2013-08-20,115.3394,115.7241,115.0702,115.2163,3845900.0
2013-08-21,114.9778,115.3471,114.2545,114.3622,9497100.0
2013-08-22,114.5316,115.1086,114.4623,114.947,4227000.0
2013-08-23,115.0933,115.4164,114.6855,115.2779,9601600.0
2013-08-26,115.2779,115.6164,114.7855,114.8009,5770200.0
2013-08-27,114.0161,114.4393,113.416,113.4852,11440200.0
2013-08-28,113.4237,114.2085,113.3852,113.9007,4842500.0
2013-08-29,113.8853,114.6239,113.7314,114.0623,4695500.0
2013-08-30,114.1931,114.1931,113.4314,113.7545,6326800.0
2013-09-03,114.547,114.7932,113.5699,113.9546,5430300.0
2013-09-04,113.8853,114.9547,113.7314,114.7778,4577700.0
2013-09-05,114.7778,115.1856,114.6547,114.7316,6021300.0
2013-09-06,115.1778,115.3856,113.6929,114.7085,9001900.0
2013-09-09,115.024,116.0088,115.0086,115.7703,4402500.0
2013-09-10,116.5396,116.8089,116.255,116.7858,7917100.0
2013-09-11,116.8089,117.8553,116.7705,117.8322,7044000.0
2013-09-12,117.9708,118.0323,117.5476,117.74,5555700.0
2013-09-13,117.9784,118.3323,117.8784,118.2477,4829600.0
2013-09-16,119.5096,119.6327,118.9941,119.2095,6569000.0
2013-09-17,119.271,119.648,119.2402,119.4787,4517600.0
2013-09-18,119.3788,120.8406,118.9864,120.5559,9637300.0
2013-09-19,120.6944,120.7329,120.1943,120.2712,7626600.0
2013-09-20,120.3823,120.4054,118.9484,118.9484,9381000.0
2013-09-23,118.8019,118.9638,118.1929,118.4935,8662000.0
2013-09-24,118.5167,118.7325,117.9077,117.9925,5774900.0
2013-09-25,118.1465,118.2468,117.3217,117.499,7187200.0
2013-09-26,117.7149,118.3624,117.5376,117.9076,5026300.0
2013-09-27,117.4066,117.5145,116.9903,117.3372,6634800.0
2013-09-30,116.2426,116.8208,115.9805,116.4045,9426100.0
2013-10-01,116.4045,116.9981,116.2272,116.8824,8616300.0
2013-10-02,116.3274,116.4816,115.7492,116.3891,8895300.0
2013-10-03,116.1423,116.2194,114.9937,115.3792,10949200.0
2013-10-04,115.3869,116.0653,115.1942,115.9651,6867800.0
2013-10-07,114.9552,115.518,114.7933,114.8627,6081100.0
2013-10-08,114.8626,114.9706,113.7063,113.7294,10388000.0
2013-10-09,113.8529,114.3385,113.2901,113.9222,11075200.0
2013-10-10,114.9706,116.4121,114.932,116.3736,12792200.0
2013-10-11,116.3427,117.3449,116.2194,117.3063,8186000.0
2013-10-14,116.5509,117.8537,116.4661,117.792,6470100.0
2013-10-15,117.638,117.7922,116.6667,116.6667,8144700.0
2013-10-16,117.4606,118.378,117.3604,118.3471,8714800.0
2013-10-17,117.2602,118.4011,117.2139,118.3163,9916600.0
2013-10-18,118.5864,118.6944,117.9921,118.5401,7714400.0
2013-10-21,118.6095,118.6635,118.2853,118.486,3588300.0
2013-10-22,118.8719,119.5125,118.7099,119.0417,7501700.0
2013-10-23,118.7022,118.872,118.324,118.7099,5428400.0
2013-10-24,118.9954,119.5819,118.9259,119.4661,5182600.0
2013-10-25,119.551,119.9678,119.4584,119.9678,4565000.0
2013-10-28,119.7749,120.1222,119.6128,119.9061,4968800.0
2013-10-29,120.1684,120.7781,120.099,120.7781,5779100.0
2013-10-30,120.9557,121.0637,119.9061,120.292,6100200.0
2013-10-31,120.0912,120.5311,119.6977,119.8443,8157400.0
2013-11-01,120.0681,120.508,119.6823,120.2842,5909900.0
2013-11-04,120.5929,120.6701,120.0295,120.4385,4042500.0
2013-11-05,119.8367,120.5313,119.5203,120.3075,5442800.0
2013-11-06,120.7705,121.3878,120.6778,121.3338,7548400.0
2013-11-07,121.7196,121.7814,120.1453,120.2765,10211000.0
2013-11-08,120.1298,121.5421,120.0681,121.5421,7594900.0
2013-11-11,121.4186,121.7273,121.2797,121.6347,3795200.0
2013-11-12,121.4882,121.7197,121.0638,121.4496,4094800.0
2013-11-13,120.7935,122.0283,120.7781,121.982,5062900.0
2013-11-14,122.0129,122.5608,121.8971,122.4991,6931000.0
2013-11-15,122.6058,123.1703,122.5362,123.1703,6529100.0
2013-11-18,123.4873,123.6728,122.9924,123.2785,5236000.0
2013-11-19,123.3868,123.6574,123.0079,123.1935,5017300.0
2013-11-20,123.3636,123.6187,122.4357,122.7605,8401100.0
2013-11-21,123.1625,123.6187,123.0697,123.6032,4579900.0
2013-11-22,123.58,124.0439,123.3094,124.0208,4466400.0
2013-11-25,124.3378,124.3688,123.9435,124.1832,5114400.0
2013-11-26,124.129,124.4615,124.0671,124.0981,5231300.0
2013-11-27,124.3223,124.4383,124.0285,124.3687,6272800.0
2013-11-29,124.5698,124.9332,124.16,124.2682,2887900.0
2013-12-02,124.2992,124.361,123.4873,123.6497,5655700.0
2013-12-03,123.1161,123.4176,122.5207,122.9305,8660700.0
2013-12-04,122.5207,123.3403,122.0336,122.7527,7138200.0
2013-12-05,122.513,122.8532,122.1728,122.2579,5823000.0
2013-12-06,123.3481,123.8507,123.0388,123.8352,6345300.0
2013-12-09,123.9357,124.1213,123.7965,123.8893,3967700.0
2013-12-10,123.5336,123.8584,123.4331,123.495,4047600.0
2013-12-11,123.5878,123.6342,122.3429,122.4048,7906700.0
2013-12-12,122.3276,122.4976,121.4461,121.7554,7078700.0
2013-12-13,121.8094,122.1419,121.4692,121.8944,8886500.0
2013-12-16,122.4512,123.2244,122.3584,122.861,7076500.0
2013-12-17,123.1471,123.1625,122.4667,122.7682,6001100.0
2013-12-18,123.062,125.0955,122.2502,125.0723,15330700.0
2013-12-19,124.8558,125.2656,124.7011,125.1651,8018300.0
2013-12-20,125.2698,125.9752,125.2621,125.5721,7978200.0
2013-12-23,126.0061,126.2231,125.82,126.0448,4992800.0
2013-12-24,126.1223,126.5409,126.0216,126.4634,2462000.0
2013-12-26,126.8045,127.4943,126.789,127.471,4971600.0
2013-12-27,127.7035,127.8275,127.285,127.4787,6176900.0
2013-12-30,127.5407,127.6415,127.4245,127.5717,4043600.0
2013-12-31,127.843,128.2848,127.7423,128.2538,5667800.0
2014-01-02,127.7267,127.8972,126.9904,127.1996,9291100.0
2014-01-03,127.4244,127.7887,127.1454,127.4167,6127600.0
2014-01-06,127.8818,127.936,126.8897,127.0292,7446800.0
2014-01-07,127.626,128.1143,127.5175,127.8663,5387200.0
2014-01-08,127.657,127.7578,127.0447,127.3857,9461800.0
2014-01-09,127.8507,127.8817,126.7424,127.2617,8212900.0
2014-01-10,127.5485,127.6492,126.7424,127.2539,7497200.0
2014-01-13,127.0369,127.3315,125.6728,125.7503,10676100.0
2014-01-14,126.1378,126.7036,125.851,126.6881,7335400.0
2014-01-15,126.8509,127.7345,126.7967,127.5563,7780800.0
2014-01-16,127.2849,127.3702,126.7424,127.0989,5170900.0
2014-01-17,127.0547,127.6753,126.9151,127.2797,8013200.0
2014-01-21,128.0166,128.0321,126.279,127.0082,9675200.0
2014-01-22,127.0314,127.0625,126.4342,126.8065,5418100.0
2014-01-23,125.9997,125.9997,124.9448,125.4412,9456000.0
2014-01-24,124.6655,124.8052,122.9357,122.9357,14663200.0
2014-01-27,123.1142,123.4245,122.1833,122.5789,14215300.0
2014-01-28,122.9279,123.4709,122.7806,123.2925,8308000.0
2014-01-29,122.2996,122.7573,121.5937,121.8652,14271200.0
2014-01-30,122.796,123.1606,122.0746,122.6952,7864700.0
2014-01-31,121.1904,122.3307,120.8956,121.5938,10693100.0
2014-02-03,121.4541,121.6015,118.8787,119.0959,18172800.0
2014-02-04,119.4217,119.8716,118.8864,119.5225,11853400.0
2014-02-05,119.2433,119.8561,118.7779,119.6001,11603200.0
2014-02-06,120.0034,121.1282,120.0034,121.1205,10426200.0
2014-02-07,121.4464,122.4083,121.0508,122.3927,11528500.0
2014-02-10,122.3771,122.4237,121.8884,122.3694,4790700.0
2014-02-11,122.6099,124.1846,122.5168,123.9286,7620400.0
2014-02-12,124.1148,124.4639,123.6028,123.8899,5249600.0
2014-02-13,123.0754,124.4794,123.0366,124.3398,5085000.0
2014-02-14,124.1768,125.5343,124.0371,125.3481,5824400.0
2014-02-18,125.4335,125.4801,124.9914,125.2086,4966400.0
2014-02-19,124.906,125.9299,124.4095,124.5181,8245400.0
2014-02-20,124.5492,125.449,124.1923,125.1309,7035600.0
2014-02-21,125.2904,125.7104,124.9326,125.0804,5268200.0
2014-02-24,125.2437,126.5427,125.2048,125.7415,6704400.0
2014-02-25,125.8037,126.1926,125.3293,125.617,6067800.0
2014-02-26,125.7804,126.2082,125.4382,125.8816,5032900.0
2014-02-27,125.726,126.4416,125.516,126.4338,5292500.0
2014-02-28,126.4416,127.3828,126.0138,126.7994,10010400.0
2014-03-03,125.6871,126.1538,124.8316,125.6094,9144400.0
2014-03-04,126.8849,127.5616,126.8227,127.2738,7947500.0
2014-03-05,127.3906,127.4217,126.9472,127.0561,4968400.0
2014-03-06,127.4217,127.8028,127.375,127.6317,4651800.0
2014-03-07,128.1528,128.2539,127.4138,127.8261,7381900.0
2014-03-10,127.6005,127.6861,126.9238,127.5539,3995400.0
2014-03-11,127.7795,127.9428,126.8694,127.1106,5198700.0
2014-03-12,126.5193,127.2271,126.3715,126.9627,5250800.0
2014-03-13,127.3594,127.585,125.0571,125.2671,9500500.0
2014-03-14,125.0182,125.6949,124.746,124.956,8603100.0
2014-03-17,125.5393,126.5272,125.4849,126.2938,6641400.0
2014-03-18,126.5426,127.2815,126.4337,127.0015,7094600.0
2014-03-19,126.9861,127.2273,125.3449,126.1539,7936400.0
2014-03-20,125.8894,127.1494,125.6016,127.0172,6616200.0
2014-03-21,127.3693,127.9381,126.6369,126.7149,7629500.0
2014-03-24,127.1044,127.3615,126.0525,126.5668,6336000.0
2014-03-25,127.2914,127.5641,126.6681,127.307,5991100.0
2014-03-26,127.8369,128.0395,126.4734,126.4812,6133800.0
2014-03-27,126.4188,126.7539,125.8656,126.4422,7713700.0
2014-03-28,126.6992,127.642,126.4732,126.8862,4536000.0
2014-03-31,127.5642,128.1408,127.5019,127.9694,6368400.0
2014-04-01,128.3044,128.803,128.2343,128.5225,4076100.0
2014-04-02,128.7095,129.0056,128.3667,128.8497,5597700.0
2014-04-03,129.1225,129.1459,128.5303,128.8264,4452600.0
2014-04-04,129.3484,129.3874,127.455,127.6888,10559700.0
2014-04-07,127.455,127.7277,126.3174,126.3486,8624100.0
2014-04-08,126.302,126.7928,125.8734,126.4812,5930000.0
2014-04-09,127.0032,127.8914,126.559,127.8602,6008300.0
2014-04-10,127.8759,128.0239,125.6553,125.8111,9981500.0
2014-04-11,125.1877,125.6942,124.5722,124.6813,11067500.0
2014-04-14,125.5072,125.928,124.8761,125.7955,6270600.0
2014-04-15,125.9668,126.5901,124.9617,126.5044,8489000.0
2014-04-16,127.3381,127.8056,126.9485,127.7978,5864200.0
2014-04-17,127.5811,128.0334,127.3628,127.6903,5790700.0
2014-04-21,127.7605,128.0802,127.6513,127.9086,3066100.0
2014-04-22,128.1191,128.8989,128.0645,128.509,4044300.0
2014-04-23,128.6183,128.6573,128.2362,128.3843,3546100.0
2014-04-24,128.6729,128.7508,128.0334,128.4233,4028700.0
2014-04-25,127.9477,128.0335,127.1055,127.3784,5102700.0
2014-04-28,127.9866,128.4233,126.9339,128.0178,7236900.0
2014-04-29,128.3687,128.8756,128.2673,128.665,4581400.0
2014-04-30,128.6027,129.1329,128.5325,129.0159,4958500.0
2014-05-01,128.899,129.2187,128.587,128.8444,3889400.0
2014-05-02,128.7898,129.3279,128.2986,128.4701,7036100.0
2014-05-05,127.8618,128.7976,127.4563,128.6104,4059700.0
2014-05-06,128.3998,128.4154,127.6356,127.6746,5281500.0
2014-05-07,128.2829,128.7273,127.4095,128.6884,5576200.0
2014-05-08,128.6806,129.4994,128.5559,128.938,5997900.0
2014-05-09,128.8912,129.2733,128.5637,129.2265,4228600.0
2014-05-12,129.6866,130.17,129.6632,130.0687,3944700.0
2014-05-13,130.3025,130.4507,130.1855,130.2635,4133400.0
2014-05-14,130.2948,130.3338,129.3824,129.5306,3104700.0
2014-05-15,129.2733,129.3434,127.9008,128.3141,7539300.0
2014-05-16,128.3383,128.7136,128.0334,128.6901,5115000.0
2014-05-19,128.3227,128.9247,128.2367,128.7683,2879900.0
2014-05-20,128.7605,128.7762,127.4628,127.6817,4856600.0
2014-05-21,128.1741,129.1122,128.1272,128.9793,4898700.0
2014-05-22,129.0654,129.3,128.6824,129.1358,3564100.0
2014-05-23,129.2218,129.6752,129.1436,129.644,2857000.0
2014-05-27,130.1286,130.2459,129.8785,130.1443,2561300.0
2014-05-28,130.199,130.2068,129.7377,129.8472,3681500.0
2014-05-29,130.1443,130.3944,129.8003,130.3866,2763500.0
2014-05-30,130.246,130.5743,130.0114,130.504,2769000.0
2014-06-02,130.7541,130.8713,130.2694,130.715,4453300.0
2014-06-03,130.5117,130.7149,130.3631,130.5742,4125200.0
2014-06-04,130.4727,130.7698,130.2303,130.6603,2264600.0
2014-06-05,130.9573,131.5828,130.4961,131.4499,5416500.0
2014-06-06,131.7938,132.216,131.7,132.1847,4118900.0
2014-06-09,132.216,132.5757,132.1379,132.3098,2713200.0
2014-06-10,132.2395,132.4115,131.9971,132.3958,2821400.0
2014-06-11,131.9268,131.9737,131.4108,131.6141,3064100.0
2014-06-12,131.5672,131.6063,130.543,130.7854,5409200.0
2014-06-13,130.9808,131.2075,130.6603,131.0434,2708700.0
2014-06-16,130.8635,131.3169,130.6759,131.098,3068300.0
2014-06-17,130.8949,131.4969,130.7463,131.3405,2884700.0
2014-06-18,131.3795,132.1691,130.8323,132.0675,4729200.0
2014-06-19,132.1378,132.2707,131.7626,132.1926,3028000.0
2014-06-20,132.5732,132.7064,132.3461,132.4401,5370700.0
2014-06-23,132.4245,132.4715,132.0485,132.307,2729200.0
2014-06-24,132.2443,132.636,131.3357,131.4923,4861700.0
2014-06-25,131.2182,131.9701,131.2103,131.8135,3657500.0
2014-06-26,131.8917,131.8996,130.8578,131.6567,4052400.0
2014-06-27,131.4061,131.79,131.0772,131.7273,3092200.0
2014-06-30,131.5236,131.8683,131.3199,131.5079,6488400.0
2014-07-01,131.8213,132.8787,131.7743,132.5341,4911500.0
2014-07-02,132.6203,132.7769,132.5184,132.6908,1929800.0
2014-07-03,133.0432,133.5288,132.9492,133.5288,2074800.0
2014-07-07,133.0667,133.1685,132.8082,133.051,2937700.0
2014-07-08,132.8317,132.8474,131.9388,132.2599,5438700.0
2014-07-09,132.5184,132.9492,132.2678,132.8317,3543800.0
2014-07-10,131.5079,132.6437,131.3591,132.346,4932100.0
2014-07-11,132.1972,132.5497,131.8448,132.5341,2830500.0
2014-07-14,133.2782,133.6385,133.1921,133.3879,2831200.0
2014-07-15,133.5602,133.8736,132.9884,133.4584,5168100.0
2014-07-16,133.9126,134.0693,133.6776,133.9988,3197900.0
2014-07-17,133.7951,134.1946,132.7376,132.8551,6149300.0
2014-07-18,133.2645,133.8997,133.0998,133.7585,6924600.0
2014-07-21,133.3823,133.6018,132.802,133.445,2886600.0
2014-07-22,133.7429,134.0565,133.6409,133.884,3798200.0
2014-07-23,133.939,133.939,133.4606,133.7429,2607900.0
2014-07-24,133.8213,133.9703,133.4763,133.6488,3226000.0
2014-07-25,133.1234,133.1861,132.3314,132.6451,5714000.0
2014-07-28,132.6999,133.0292,132.0255,132.841,3606100.0
2014-07-29,133.2175,133.4527,132.3471,132.3471,3683100.0
2014-07-30,132.7314,132.9274,131.563,132.1119,5446600.0
2014-07-31,131.1631,131.2885,129.6105,129.6105,9038800.0
2014-08-01,129.2262,129.7829,128.6067,129.0459,7435100.0
2014-08-04,129.2262,129.8614,128.6852,129.6418,4400000.0
2014-08-05,129.2262,129.4928,128.0813,128.5361,8522800.0
2014-08-06,128.1755,129.187,128.1049,128.7557,4781100.0
2014-08-07,129.2655,129.2968,127.9167,128.2461,4962400.0
2014-08-08,128.3402,129.6811,128.1599,129.6497,5412300.0
2014-08-11,130.1358,130.2848,129.7516,129.8143,5761500.0
2014-08-12,129.6026,129.9868,129.3831,129.7673,3274300.0
2014-08-13,130.1672,130.6847,129.979,130.5514,2841700.0
2014-08-14,130.7083,131.0298,130.528,131.0298,2752400.0
2014-08-15,131.5136,131.545,129.9583,130.6731,7032500.0
2014-08-18,131.38,132.0634,131.3643,132.0163,2975200.0
2014-08-19,132.4719,132.7704,132.2284,132.6683,3057200.0
2014-08-20,132.5348,133.336,132.5348,133.2261,3108800.0
2014-08-21,133.391,133.9566,133.2968,133.6817,2652600.0
2014-08-22,133.5482,133.9174,133.2654,133.4383,5152200.0
2014-08-25,133.9802,134.3729,133.8859,134.0273,2588500.0
2014-08-26,134.1845,134.6008,134.153,134.2709,3581400.0
2014-08-27,134.4436,134.4908,134.1294,134.3336,5162400.0
2014-08-28,133.8545,134.2316,133.6189,134.1452,2781900.0
2014-08-29,134.2473,134.3258,133.7367,134.2316,3280300.0
2014-09-02,134.2786,134.3807,133.5716,133.9958,3458700.0
2014-09-03,134.6243,134.7028,133.9566,134.1059,2847400.0
2014-09-04,134.2552,134.7658,133.7132,134.0588,3760900.0
2014-09-05,133.9488,134.5537,133.5482,134.5222,3403600.0
2014-09-08,134.3573,134.6009,134.1295,134.373,3139800.0
2014-09-09,134.1609,134.2002,133.4539,133.6346,4252400.0
2014-09-10,133.6738,134.1766,133.3125,134.0666,4595400.0
2014-09-11,133.4539,134.0273,133.3989,133.9409,3026200.0
2014-09-12,133.8389,133.886,133.069,133.4618,5000800.0
2014-09-15,133.5874,133.988,133.1868,133.7917,5130700.0
2014-09-16,133.5089,134.8836,133.4539,134.6243,5946400.0
2014-09-17,134.7736,135.3078,134.2709,134.7815,8498600.0
2014-09-18,135.1192,135.7398,135.0328,135.5905,6458100.0
2014-09-19,136.2228,136.4748,135.585,135.7898,9341000.0
2014-09-22,135.711,135.7346,134.8212,134.9708,4894200.0
2014-09-23,134.53,134.9473,134.026,134.026,5521800.0
2014-09-24,134.1441,135.3567,133.8449,135.2701,5813000.0
2014-09-25,135.0418,135.0654,133.1441,133.2071,8910500.0
2014-09-26,133.6952,134.7504,133.4669,134.4118,6062200.0
2014-09-29,133.2149,134.3173,133.0259,134.1205,5167800.0
2014-09-30,134.2149,134.7267,133.703,133.9156,5492800.0
2014-10-01,133.7898,133.8449,131.8291,132.0338,11030600.0
2014-10-02,131.8054,132.4984,131.0495,132.0101,9093700.0
2014-10-03,132.9866,133.8371,132.5772,133.6402,5589100.0
2014-10-06,134.2071,134.4039,133.0417,133.522,5315300.0
2014-10-07,132.8606,133.026,131.3881,131.3881,7128800.0
2014-10-08,131.3959,133.7188,130.9865,133.5613,8893200.0
2014-10-09,133.1993,133.4512,130.8685,130.9787,13387300.0
2014-10-10,131.018,131.7818,130.0888,130.0888,12717500.0
2014-10-13,129.9944,130.5456,128.2227,128.2936,14117000.0
2014-10-14,128.8763,129.459,127.955,128.3723,13626400.0
2014-10-15,126.9235,127.4431,124.6242,126.9943,24966700.0
2014-10-16,125.199,127.5219,124.9864,126.7581,18926600.0
2014-10-17,128.0968,129.0968,127.7267,128.7031,11730200.0
2014-10-20,127.8369,128.8842,127.7582,128.8606,7156500.0
2014-10-21,129.4904,130.6086,129.2306,130.5535,8994600.0
2014-10-22,130.8448,130.8921,129.3566,129.4353,6025100.0
2014-10-23,130.7503,131.7818,130.7188,131.0652,7029700.0
2014-10-24,131.1834,132.1204,130.8448,132.0811,5733500.0
2014-10-27,131.6794,132.333,131.4747,132.1912,5062900.0
2014-10-28,132.6638,133.6165,132.3961,133.5929,5438900.0
2014-10-29,133.8684,134.1282,132.766,133.3881,7584000.0
2014-10-30,133.5693,135.3882,133.5457,135.1205,7449200.0
2014-10-31,136.4906,136.7189,136.0575,136.5772,7563500.0
2014-11-03,136.6716,136.837,136.2622,136.5063,5383200.0
2014-11-04,136.2858,136.7346,135.7976,136.585,6466000.0
2014-11-05,137.4748,137.4984,136.7819,137.4433,5286200.0
2014-11-06,137.6007,138.1204,137.1519,138.0259,7191700.0
2014-11-07,137.9867,138.2701,137.6166,138.2544,4018100.0
2014-11-10,138.2859,138.6323,138.0575,138.5457,2941900.0
2014-11-11,138.5694,138.7741,138.341,138.6009,3192700.0
2014-11-12,138.0024,138.7426,137.9945,138.6166,2836500.0
2014-11-13,138.782,139.3568,138.4198,138.9316,6508400.0
2014-11-14,138.8686,139.0969,138.6796,138.8607,3521100.0
2014-11-17,138.6323,139.1835,138.585,138.9709,3668900.0
2014-11-18,139.0024,139.6717,138.9394,139.341,4721700.0
2014-11-19,139.2544,139.5221,138.8134,139.3174,4011400.0
2014-11-20,138.6717,139.593,138.6087,139.5694,2881700.0
2014-11-21,140.9256,140.9888,139.9467,140.2783,4782000.0
2014-11-24,140.6176,140.6887,140.1914,140.3571,2408700.0
2014-11-25,140.6415,140.6651,140.1678,140.4836,5510400.0
2014-11-26,140.4834,140.586,140.2387,140.5229,3005600.0
2014-11-28,140.6098,141.0597,140.4045,140.594,4037500.0
2014-12-01,140.1519,140.5308,139.7493,140.1993,6671800.0
2014-12-02,140.2624,141.1229,140.2545,140.9571,3920500.0
2014-12-03,140.9808,141.4149,140.8387,141.2729,11006600.0
2014-12-04,141.0914,141.5414,140.5388,141.1703,4791000.0
2014-12-05,141.5255,141.9517,141.2965,141.707,4269400.0
2014-12-08,141.2729,141.7307,140.4914,140.9413,5568000.0
2014-12-09,139.5521,140.5388,139.11,140.4836,7945400.0
2014-12-10,140.1204,140.1204,138.1547,138.3758,7622000.0
2014-12-11,138.8494,140.2467,138.6994,138.9599,6867300.0
2014-12-12,137.9653,138.6758,136.5128,136.5681,12284400.0
2014-12-15,137.16,137.4599,135.1549,135.6127,8874300.0
2014-12-16,135.2024,137.6654,134.784,134.8708,12257600.0
2014-12-17,135.2022,137.3415,135.0522,137.0337,12901600.0
2014-12-18,138.9205,140.3809,138.4389,140.3493,9752400.0
2014-12-19,140.6524,141.1508,140.146,140.5416,11452600.0
2014-12-22,140.9925,141.8943,140.9687,141.8943,7855600.0
2014-12-23,142.2979,142.7172,142.1476,142.4245,6224800.0
2014-12-24,142.551,142.82,142.3533,142.4245,1647600.0
2014-12-26,142.7883,142.9623,142.551,142.551,1921200.0
2014-12-29,142.3057,142.7013,142.2503,142.4877,2530900.0
2014-12-30,142.1079,142.2978,141.7994,141.9734,2953300.0
2014-12-31,142.2582,142.4955,140.7234,140.7234,4514400.0
2015-01-02,141.3326,141.7914,140.0114,140.7709,4997200.0
2015-01-05,140.0747,140.1934,138.0178,138.3184,6700200.0
2015-01-06,138.5242,138.8723,136.3249,137.1714,10131400.0
2015-01-07,138.3264,139.07,137.8438,138.9118,5547000.0
2015-01-08,140.233,141.5779,140.1935,141.4197,7166700.0
2015-01-09,141.5936,141.6569,139.7345,140.2013,6646600.0
2015-01-12,140.3754,140.5257,138.809,139.426,4305300.0
2015-01-13,140.597,141.6333,138.2078,139.2204,9913500.0
2015-01-14,137.211,138.2236,136.404,137.7014,11090600.0
2015-01-15,138.2394,138.5084,136.7126,136.9103,9293700.0
2015-01-16,136.6396,138.5398,136.2832,138.3023,8721900.0
2015-01-20,138.7457,139.0466,137.0908,138.4844,7224100.0
2015-01-21,137.9698,139.1574,137.5026,138.8407,6259300.0
2015-01-22,139.292,141.0498,138.1756,140.8756,9565100.0
2015-01-23,140.7094,140.7965,139.6642,139.68,4795300.0
2015-01-26,139.4821,139.9176,138.8645,139.7513,3730400.0
2015-01-27,137.3759,138.3656,136.6554,137.4472,11565100.0
2015-01-28,138.2073,138.2548,135.8636,135.9665,9673200.0
2015-01-29,136.3149,137.8272,135.4439,137.6926,9615200.0
2015-01-30,137.1383,137.7321,135.6102,135.7527,11138500.0
2015-02-02,136.1486,137.3204,134.6838,137.1938,9437900.0
2015-02-03,137.8747,139.672,137.8509,139.6166,7543400.0
2015-02-04,139.197,140.5985,139.1812,139.775,5935900.0
2015-02-05,140.3689,141.4457,140.2185,141.3745,6037800.0
2015-02-06,141.5882,142.0158,140.5272,141.0102,7211900.0
2015-02-09,140.2897,140.8915,139.8938,140.2184,3723100.0
2015-02-10,141.0735,141.5327,140.258,141.3427,3572700.0
2015-02-11,141.0102,141.802,140.6776,141.4932,5174500.0
2015-02-12,141.9445,142.4671,141.7308,142.3959,3742700.0
2015-02-13,142.5225,142.9501,142.3325,142.7917,3998200.0
2015-02-17,142.5701,143.0768,142.2929,142.9739,2850900.0
2015-02-18,142.6651,143.061,142.4988,142.8947,2724800.0
2015-02-19,142.4196,142.863,142.0712,142.5938,2663500.0
2015-02-20,142.2365,143.8641,141.7204,143.8164,8914600.0
2015-02-23,143.4751,143.6418,143.1654,143.6418,2738600.0
2015-02-24,143.7292,144.5469,143.618,144.4278,4228700.0
2015-02-25,144.3484,144.6343,144.1499,144.4675,2822900.0
2015-02-26,144.4358,144.6899,144.0229,144.5072,3045800.0
2015-02-27,144.4437,144.4517,143.8244,143.8562,3161300.0
2015-03-02,143.9991,145.0392,143.9991,145.0392,3213100.0
2015-03-03,144.682,144.809,143.8563,144.3961,2825800.0
2015-03-04,144.0308,144.0308,143.0145,143.5306,3820200.0
2015-03-05,143.9038,144.0626,143.4751,143.8403,2410700.0
2015-03-06,143.0066,143.4115,141.4267,141.641,7297400.0
2015-03-09,141.7442,143.0622,141.7442,142.7525,3844900.0
2015-03-10,141.6252,141.7284,140.2755,140.2835,6070100.0
2015-03-11,140.5136,140.7597,139.9181,140.0134,5584600.0
2015-03-12,140.72,142.1333,140.6883,142.0936,4024300.0
2015-03-13,141.6331,141.7204,139.9499,140.9741,6833900.0
2015-03-16,141.522,142.8399,141.522,142.7367,5550100.0
2015-03-17,141.9507,142.0936,141.2123,141.7204,5392900.0
2015-03-18,141.252,143.7132,140.5056,143.4909,11294400.0
2015-03-19,143.0542,143.221,142.3635,142.6414,6229200.0
2015-03-20,143.525,144.4874,143.2944,143.9227,5999200.0
2015-03-23,143.9942,144.5509,143.8272,143.8351,3593900.0
2015-03-24,143.6761,144.1056,142.9762,143.024,4692100.0
2015-03-25,143.1195,143.2865,140.6778,140.7096,8474700.0
2015-03-26,140.0972,141.0119,139.5485,140.3597,6604500.0
2015-03-27,140.2404,140.7494,139.9541,140.6221,3971800.0
2015-03-30,141.8151,142.9683,141.7913,142.6741,5399300.0
2015-03-31,141.9821,142.4275,141.1152,141.2345,4633800.0
2015-04-01,141.2026,141.2026,139.6358,140.5664,7440500.0
2015-04-02,140.5345,141.4969,140.3198,141.0356,3223600.0
2015-04-06,140.2323,142.499,140.0494,142.0377,6284900.0
2015-04-07,142.181,142.8252,141.9026,141.9026,6011600.0
2015-04-08,142.0457,142.8093,141.5367,142.165,4738500.0
2015-04-09,142.0934,142.8649,141.5526,142.682,4483800.0
2015-04-10,142.8967,143.5091,142.507,143.4534,3463600.0
2015-04-13,143.2943,143.8431,142.7535,142.8728,3358200.0
2015-04-14,142.8251,143.5886,142.2048,143.3023,4811400.0
2015-04-15,143.8192,144.2567,143.517,143.859,4377800.0
2015-04-16,143.692,144.3601,143.5012,143.8829,3873900.0
2015-04-17,142.6716,142.783,140.9923,141.6131,8683500.0
2015-04-20,142.7035,143.7381,142.5761,143.2765,5355800.0
2015-04-21,143.8097,143.9529,142.4328,142.6636,3596600.0
2015-04-22,142.9739,143.4515,142.0985,143.3002,5575200.0
2015-04-23,142.807,144.1042,142.6159,143.5471,4893000.0
2015-04-24,143.6505,143.9052,143.0854,143.6823,4010000.0
2015-04-27,144.4146,144.4782,143.2208,143.3879,4969100.0
2015-04-28,143.5391,144.0007,142.3613,143.9211,4534200.0
2015-04-29,143.0935,143.8177,142.6478,143.3084,6559400.0
2015-04-30,143.0137,143.2684,141.2231,141.804,8564600.0
2015-05-01,142.624,143.2606,142.4409,143.1731,3895700.0
2015-05-04,143.5233,144.0883,143.4516,143.6028,3256900.0
2015-05-05,143.4356,143.7221,142.2816,142.4646,5316300.0
2015-05-06,143.1491,143.4515,141.0639,141.9712,7534200.0
2015-05-07,141.7564,143.0139,141.5734,142.6796,4142800.0
2015-05-08,144.1599,144.8603,144.1122,144.725,5529600.0
2015-05-11,144.6613,144.8443,143.953,144.1121,3753600.0
2015-05-12,143.3322,144.2315,142.6717,143.8257,4742800.0
2015-05-13,143.9291,144.3987,143.6346,143.8495,3851400.0
2015-05-14,144.6931,145.3536,144.6294,145.274,4921400.0
2015-05-15,145.3562,145.5715,145.077,145.5476,4522200.0
2015-05-18,145.5077,145.9703,145.3163,145.7071,2890500.0
2015-05-19,145.8986,146.1857,145.4599,145.9065,2766600.0
2015-05-20,146.1458,146.2415,145.6114,145.731,5080800.0
2015-05-21,145.6593,145.9943,145.4519,145.7949,2724200.0
2015-05-22,145.5715,145.7549,145.1966,145.3721,2357000.0
2015-05-26,145.1089,145.1089,143.402,143.8646,5529700.0
2015-05-27,144.1838,144.9973,143.9285,144.782,3588200.0
2015-05-28,144.4549,144.6304,144.088,144.5984,3660900.0
2015-05-29,144.5028,144.5188,143.3064,143.6574,4923700.0
2015-06-01,144.3673,144.4869,143.4181,143.8887,4349000.0
2015-06-02,143.6333,144.3352,142.9873,143.6892,5106200.0
2015-06-03,144.2475,144.9574,143.6653,144.2715,5481500.0
2015-06-04,143.7132,144.3034,142.5966,142.9395,7312500.0
2015-06-05,142.8358,143.1389,142.1738,142.3732,5228700.0
2015-06-08,142.3811,142.4529,141.7191,141.8228,4380500.0
2015-06-09,141.8309,142.1818,141.3363,141.7431,4722400.0
2015-06-10,142.2774,144.0002,142.2774,143.6174,5480900.0
2015-06-11,144.1199,144.5746,143.8807,144.0801,3714800.0
2015-06-12,143.4579,143.6174,142.5486,142.8756,4566800.0
2015-06-15,141.8867,142.2695,141.2646,142.0542,5502700.0
2015-06-16,142.0303,143.0592,141.8787,142.9395,3276900.0
2015-06-17,143.2984,143.6813,142.3652,143.1549,3650900.0
2015-06-18,143.737,145.1169,143.6812,144.6303,6542800.0
2015-06-19,144.4625,144.5424,143.7347,143.7587,3964000.0
2015-06-22,144.7744,145.1502,144.4865,144.6864,4048300.0
2015-06-23,144.8463,145.2062,144.5504,144.8463,3116800.0
2015-06-24,144.3985,144.7264,143.4628,143.4788,4328900.0
2015-06-25,143.9905,144.0465,142.8229,142.8709,3602700.0
2015-06-26,143.3188,143.8146,142.8949,143.2548,4855500.0
2015-06-29,142.0314,142.5192,140.4239,140.4639,8888700.0
2015-06-30,141.5515,141.5595,140.3119,140.6078,9149800.0
2015-07-01,142.0073,142.2072,141.2155,141.8713,4135100.0
2015-07-02,142.1833,142.3912,141.2716,141.5915,4008600.0
2015-07-06,140.4238,141.6634,140.2239,141.2955,3748700.0
2015-07-07,141.4555,142.1353,139.5042,142.0553,7783800.0
2015-07-08,140.8398,141.1037,139.7761,139.9521,6849400.0
2015-07-09,141.6715,141.9274,140.12,140.16,4581400.0
2015-07-10,141.7274,142.1913,141.2476,141.8794,4504400.0
2015-07-13,143.0149,143.7107,142.991,143.6307,3873800.0
2015-07-14,143.5108,144.3825,143.3988,144.2145,2757100.0
2015-07-15,144.2065,144.5264,143.8707,144.2225,3407900.0
2015-07-16,144.9102,144.9502,144.3504,144.8063,2495100.0
2015-07-17,144.4797,144.5838,144.0955,144.5197,2762300.0
2015-07-20,144.848,144.9681,144.3757,144.6399,2961600.0
2015-07-21,143.8394,143.8554,142.8307,143.263,5026700.0
2015-07-22,142.8307,143.223,142.3584,142.7267,3811500.0
2015-07-23,142.7507,142.7507,141.5499,141.8141,4968600.0
2015-07-24,141.8702,141.8862,140.3333,140.5014,4591300.0
2015-07-27,139.6608,139.909,139.1085,139.4687,5370200.0
2015-07-28,139.973,141.1097,139.5247,140.9736,5625900.0
2015-07-29,141.1498,142.1344,141.0217,141.8943,4175900.0
2015-07-30,141.718,141.9982,140.9896,141.8621,3659000.0
2015-07-31,142.2224,142.2704,141.2778,141.4299,4483800.0
2015-08-03,141.5419,141.5819,139.8769,140.6854,4530500.0
2015-08-04,140.7175,140.9897,139.949,140.3413,4055700.0
2015-08-05,140.7575,141.3018,140.1091,140.3733,4565500.0
2015-08-06,140.4694,140.6054,139.0045,139.4608,5374100.0
2015-08-07,139.1966,139.3807,138.3241,139.1566,6158400.0
2015-08-10,139.925,141.1418,139.925,141.0377,4504000.0
2015-08-11,139.7568,139.997,138.9483,139.3726,6761100.0
2015-08-12,138.348,139.6048,137.2033,139.4527,8825600.0
2015-08-13,139.2765,140.061,138.9243,139.5327,6562700.0
2015-08-14,139.4206,140.1491,139.3326,140.005,3512200.0
2015-08-17,139.4767,140.6694,138.9804,140.6454,4055400.0
2015-08-18,140.3092,140.8295,140.1491,140.3492,4050400.0
2015-08-19,139.5487,140.4773,138.5802,139.0765,10988700.0
2015-08-20,137.8837,138.1239,136.2587,136.2587,12317200.0
2015-08-21,134.749,135.4557,132.0345,132.0345,18858700.0
2015-08-24,125.2003,131.2636,120.9199,127.1919,35102400.0
2015-08-25,131.1672,131.4483,125.5135,125.6741,19357000.0
2015-08-26,128.8061,130.8218,126.6217,130.6291,19884300.0
2015-08-27,132.396,133.705,130.9344,133.6729,15223700.0
2015-08-28,133.0865,133.8093,132.701,133.5764,8115700.0
2015-08-31,132.7893,133.4559,131.9621,132.6528,6363700.0
2015-09-01,129.6172,130.597,128.2841,128.8624,14266900.0
2015-09-02,130.846,131.2877,129.5289,131.2716,8260600.0
2015-09-03,131.9703,132.9018,131.0066,131.4402,8023700.0
2015-09-04,129.6334,130.059,128.6857,129.272,8651100.0
2015-09-08,131.5527,132.5324,131.1271,132.4361,6821700.0
2015-09-09,133.737,133.8816,130.2838,130.5167,7865700.0
2015-09-10,130.5328,132.1069,130.2196,131.2155,8327000.0
2015-09-11,130.8219,132.0587,130.5087,132.0185,6202300.0
2015-09-14,132.0747,132.1711,131.1994,131.5206,4595600.0
2015-09-15,131.9944,133.737,131.6812,133.3997,6516100.0
2015-09-16,133.6809,134.6365,133.3115,134.5241,5511700.0
2015-09-17,134.4518,136.0741,133.6969,133.9619,14270000.0
2015-09-18,131.9648,132.9626,131.321,131.5946,10400500.0
2015-09-21,132.5039,133.22,131.6992,132.6889,7762600.0
2015-09-22,130.8542,131.4497,130.3393,131.16,8979600.0
2015-09-23,131.3692,131.4658,130.2588,130.8301,4554900.0
2015-09-24,129.6474,130.5486,128.6898,130.2509,8451800.0
2015-09-25,131.836,132.3107,130.4037,131.0635,10474600.0
2015-09-28,130.3877,130.4038,128.4082,128.5772,10013100.0
2015-09-29,128.7301,129.5187,128.0864,128.9313,9906200.0
2015-09-30,130.3876,130.959,129.591,130.8544,7621400.0
2015-10-01,131.1682,131.3935,129.1566,130.7498,6862800.0
2015-10-02,129.0278,132.4315,128.6898,132.4315,11877500.0
2015-10-05,133.3648,135.0063,133.1637,134.8454,6342100.0
2015-10-06,134.9743,135.5295,134.58,134.934,6661000.0
2015-10-07,135.6662,136.3743,134.7569,135.9478,8832800.0
2015-10-08,135.7226,137.3239,135.5295,137.0905,8160300.0
2015-10-09,137.2916,137.5733,136.8732,137.4043,5006100.0
2015-10-12,137.3802,137.7825,137.171,137.7342,2835800.0
2015-10-13,136.9939,138.0641,136.9054,137.3078,5909300.0
2015-10-14,137.1951,137.5571,135.7628,136.0444,5424000.0
2015-10-15,136.31,137.8549,136.141,137.8549,9637200.0
2015-10-16,138.0159,138.4345,137.5167,138.3701,8353700.0
2015-10-19,137.8871,138.5714,137.6939,138.5633,4859800.0
2015-10-20,138.1367,138.7808,137.855,138.4748,4140900.0
2015-10-21,138.821,139.2315,137.9274,138.0481,5801400.0
2015-10-22,138.9175,140.8094,138.8451,140.7208,8553100.0
2015-10-23,141.6869,142.2021,141.1797,141.9847,7642900.0
2015-10-26,141.8801,142.0572,141.5822,141.703,3795900.0
2015-10-27,141.1475,141.8399,141.0751,141.4212,4696100.0
2015-10-28,141.695,143.0394,141.1717,143.0394,7348500.0
2015-10-29,142.5161,143.0635,142.2343,142.7979,4726900.0
2015-10-30,143.0071,143.1601,142.0491,142.0813,6527500.0
2015-11-02,142.3872,143.5304,142.2745,143.3935,4178300.0
2015-11-03,143.2325,144.585,143.1359,144.1583,4284900.0
2015-11-04,144.5609,144.577,143.45,143.8203,6870400.0
2015-11-05,143.9007,144.3033,143.0796,143.8122,5008100.0
2015-11-06,143.6914,144.2388,143.0635,144.2147,7642800.0
2015-11-09,143.6995,143.78,142.2746,142.83,7962300.0
2015-11-10,142.4758,143.1843,142.2746,143.1199,4837700.0
2015-11-11,143.4338,143.4901,142.5804,142.6609,2860300.0
2015-11-12,141.7593,141.9686,140.5517,140.6161,6164400.0
2015-11-13,140.1332,140.5196,138.9095,138.9578,8011100.0
2015-11-16,138.8693,140.9302,138.5875,140.898,5012900.0
2015-11-17,141.3649,141.8882,140.6887,141.0107,6612200.0
2015-11-18,141.4293,143.1682,141.4212,143.0796,6254400.0
2015-11-19,142.6368,143.3372,142.6126,143.0232,5457300.0
2015-11-20,143.898,144.5441,143.4861,143.8092,7730000.0
2015-11-23,143.6637,144.1482,143.1952,143.5506,2597000.0
2015-11-24,142.6865,144.0918,142.6381,143.7445,4369900.0
2015-11-25,143.7687,144.0271,143.591,143.7041,2227400.0
2015-11-27,143.5991,143.9059,143.2437,143.6798,2878200.0
2015-11-30,143.8657,144.0272,143.058,143.1388,3578500.0
2015-12-01,143.696,144.4875,143.4698,144.4148,6058300.0
2015-12-02,144.2776,144.6006,143.0177,143.1873,7427100.0
2015-12-03,143.4861,143.6315,140.7401,141.2005,7005500.0
2015-12-04,141.5395,144.3097,141.4507,144.0997,6251600.0
2015-12-07,143.7768,143.8252,142.4846,143.2276,5647000.0
2015-12-08,141.8868,142.8399,141.273,141.9595,6890200.0
2015-12-09,141.6931,143.5668,140.5947,141.3296,9545800.0
2015-12-10,141.4831,143.058,141.2165,142.0484,5613800.0
2015-12-11,140.2473,140.8369,139.2781,139.5043,8895600.0
2015-12-14,139.6981,140.4896,138.527,140.4492,12321600.0
2015-12-15,141.2651,142.5088,141.2651,141.7093,8039800.0
2015-12-16,142.4926,143.7606,141.3134,143.4698,11286600.0
2015-12-17,143.8817,143.9141,141.4104,141.4184,8504100.0
2015-12-18,140.7287,140.7854,138.3406,138.4296,10946100.0
2015-12-21,139.4659,139.6926,138.3568,139.4416,6466700.0
2015-12-22,140.1297,141.0849,139.3849,140.8664,6003700.0
2015-12-23,141.8459,142.3316,141.4735,142.3235,6456600.0
2015-12-24,142.2021,142.3317,141.8136,141.8459,1765100.0
2015-12-28,141.2549,141.773,140.9554,141.6516,2932200.0
2015-12-29,142.6311,143.4892,142.4773,143.2707,6145700.0
2015-12-30,142.9388,143.0602,142.1697,142.3155,2910000.0
2015-12-31,141.7406,142.194,140.8339,140.8501,5773400.0
2016-01-04,138.4702,138.6888,137.094,138.6645,14350800.0
2016-01-05,138.9883,139.0288,137.7578,138.7454,9413000.0
2016-01-06,136.7458,137.5958,136.0091,136.762,8713600.0
2016-01-07,134.3497,135.9526,133.1516,133.5402,15400600.0
2016-01-08,134.3497,134.6978,131.9534,132.1477,12512400.0
2016-01-11,132.8925,133.1677,131.2653,132.6253,12353700.0
2016-01-12,133.7263,134.2039,131.9939,133.532,10250300.0
2016-01-13,134.0097,134.2525,130.3911,130.6178,16369400.0
2016-01-14,131.1601,133.3215,130.0187,132.4311,14749500.0
2016-01-15,128.9936,130.0627,128.1593,129.3338,19969100.0
2016-01-19,130.7674,130.9051,128.6291,129.6091,10233800.0
2016-01-20,127.3656,128.6859,125.041,127.6572,16436000.0
2016-01-21,127.8192,129.8279,127.066,128.4591,16782400.0
2016-01-22,130.33,130.5973,129.2852,130.2328,7390600.0
2016-01-25,129.925,130.1761,128.5157,128.54,5782500.0
2016-01-26,129.188,130.9861,129.1799,130.8403,5945200.0
2016-01-27,130.0546,131.3992,128.4671,129.026,10121900.0
2016-01-28,130.1438,130.322,128.3538,130.0061,8613400.0
2016-01-29,130.897,133.181,130.6702,133.1324,6182800.0
2016-02-01,132.3387,133.6184,131.877,133.1081,6977300.0
2016-02-02,131.7798,131.7798,130.3543,130.735,7901000.0
2016-02-03,131.553,132.6303,129.1718,132.1848,14249300.0
2016-02-04,131.877,133.4807,131.6826,132.9462,11715800.0
2016-02-05,132.7274,132.8408,130.5811,131.1642,8292500.0
2016-02-08,129.682,130.249,128.0135,129.8764,13377600.0
2016-02-09,128.4105,130.7755,128.3862,129.7874,11449200.0
2016-02-10,130.3867,131.4559,128.9693,129.0989,8205700.0
2016-02-11,127.0012,127.9893,125.7538,127.0012,14806700.0
2016-02-12,128.1027,129.5768,127.6977,129.5768,7073000.0
2016-02-16,131.0185,131.4477,130.0951,131.3748,5451200.0
2016-02-17,132.371,133.8533,132.2901,133.586,5584200.0
2016-02-18,133.91,134.0072,133.0676,133.2539,5187600.0
2016-02-19,132.6629,133.1751,132.1833,133.0857,4660600.0
2016-02-22,134.4272,135.3296,134.2483,134.9068,3450700.0
2016-02-23,134.6385,134.7604,133.1995,133.4515,6052800.0
2016-02-24,132.1914,134.0613,131.2727,133.8743,8003800.0
2016-02-25,134.167,135.6385,133.6548,135.6385,5266900.0
2016-02-26,136.4516,136.541,135.0532,135.1833,3798000.0
2016-02-29,135.0857,135.9393,134.1101,134.1101,3485000.0
2016-03-01,134.9637,137.0612,134.7198,137.0043,3914300.0
2016-03-02,136.5977,137.3376,136.2156,137.305,3106200.0
2016-03-03,137.175,137.7116,136.6791,137.6791,2968200.0
2016-03-04,137.8254,138.6547,137.3295,138.2238,3524900.0
2016-03-07,137.6953,138.9636,137.6384,138.7115,3236000.0
2016-03-08,138.0449,138.8254,137.5734,137.8986,2832700.0
2016-03-09,138.5408,138.6872,137.8335,138.2238,3584000.0
2016-03-10,138.7522,139.3456,136.8254,138.2562,4862300.0
2016-03-11,139.4026,140.1099,139.3619,140.0205,3674200.0
2016-03-14,139.5895,140.557,139.5895,140.1668,2658400.0
2016-03-15,139.5163,140.3781,139.2806,140.3537,2431600.0
2016-03-16,140.0041,141.4106,139.9716,141.0285,3556200.0
2016-03-17,141.0204,142.6058,140.7115,142.2236,4070500.0
2016-03-18,142.798,143.352,142.6106,143.1402,5112000.0
2016-03-21,143.0832,143.5639,142.7817,143.4009,2884900.0
2016-03-22,142.8225,143.6046,142.7003,143.1484,3980100.0
2016-03-23,142.7573,143.0262,142.2522,142.4233,5039200.0
2016-03-24,141.6411,142.5292,141.5189,142.5292,5104900.0
2016-03-28,142.684,143.0587,142.301,142.6758,3098800.0
2016-03-29,142.1626,143.5395,141.8122,143.4498,5584100.0
2016-03-30,144.2971,144.7371,143.8083,144.1179,3858000.0
2016-03-31,144.1506,144.452,143.7432,143.9143,3155400.0
2016-04-01,143.1564,144.9,142.912,144.7941,4035200.0
2016-04-04,144.7208,144.9245,144.1097,144.3053,2318900.0
2016-04-05,143.4579,144.1749,143.0424,143.2461,5439600.0
2016-04-06,143.2787,144.2809,142.7736,144.2401,4086700.0
2016-04-07,143.2136,143.5802,142.3174,142.8144,5251900.0
2016-04-08,143.5965,144.0528,142.6677,143.1158,2565300.0
2016-04-11,143.4906,144.346,142.9121,142.9366,3237700.0
2016-04-12,143.1728,144.4356,142.8713,144.2808,3588400.0
2016-04-13,145.0222,145.8532,144.957,145.7717,5400200.0
2016-04-14,145.8614,146.2444,145.6333,145.9266,3689700.0
2016-04-15,145.9348,146.0571,145.4619,145.682,3799900.0
2016-04-18,145.2336,146.6197,145.2092,146.5789,2573700.0
2016-04-19,146.8724,147.3861,146.424,147.0192,2992100.0
2016-04-20,146.7582,147.9159,146.7582,147.3697,2628900.0
2016-04-21,147.28,147.4756,146.2853,146.5135,2760300.0
2016-04-22,146.4403,146.8235,145.837,146.6767,2410500.0
2016-04-25,146.1304,146.4239,145.3966,146.3831,2485500.0
2016-04-26,146.6278,146.9702,146.0326,146.4648,2241000.0
2016-04-27,146.0407,147.2882,145.9347,146.962,3569300.0
2016-04-28,145.9919,146.8806,144.9157,145.2907,3550700.0
2016-04-29,144.6383,145.0868,143.7333,144.7932,5496000.0
2016-05-02,145.1928,145.8695,144.7281,145.6983,2463100.0
2016-05-03,144.7037,144.9891,143.8884,144.5569,4643200.0
2016-05-04,143.8068,144.4835,143.4154,143.7579,3446000.0
2016-05-05,144.1736,144.4916,143.4969,143.8557,1778800.0
2016-05-06,143.2442,144.6384,143.2361,144.5895,2940800.0
2016-05-09,144.516,144.9318,144.0024,144.2959,1921700.0
2016-05-10,144.8993,146.1631,144.8341,146.106,2867200.0
2016-05-11,145.6984,145.8941,144.5243,144.5569,2697200.0
2016-05-12,144.9726,145.2254,143.823,144.6547,2534900.0
2016-05-13,144.2308,144.7363,142.8937,143.073,3336800.0
2016-05-16,143.2442,144.883,143.1545,144.5242,2393500.0
2016-05-17,144.2389,144.508,142.6164,143.1382,3349500.0
2016-05-18,142.7468,144.0921,142.2984,143.1952,4097800.0
2016-05-19,142.6408,142.8447,141.5972,142.4207,5090900.0
2016-05-20,142.9541,143.625,142.7823,142.9868,2749700.0
2016-05-23,143.0524,143.4533,142.8561,143.0033,1736000.0
2016-05-24,143.8051,145.0079,143.7151,144.7051,2797000.0
2016-05-25,145.2288,146.2434,145.1879,145.867,2711900.0
2016-05-26,146.0387,146.2024,145.4906,145.7033,2263200.0
2016-05-27,145.8178,146.1205,145.6869,146.0469,1628300.0
2016-05-31,146.4396,146.4396,144.9259,145.3514,2395400.0
2016-06-01,144.8033,145.6215,144.4515,145.4169,2481200.0
2016-06-02,145.0652,145.8916,144.8034,145.867,1965900.0
2016-06-03,145.5315,145.8751,144.6887,145.6869,4367200.0
2016-06-06,146.0388,146.8324,145.9733,146.6033,2720300.0
2016-06-07,146.8325,147.2661,146.7343,146.767,1572300.0
2016-06-08,147.0042,147.4215,146.8979,147.3233,1713500.0
2016-06-09,146.7588,147.307,146.5706,147.1761,2141800.0
2016-06-10,146.2106,146.6524,145.7278,146.2188,4126600.0
2016-06-13,145.6378,146.456,145.1142,145.1142,5111300.0
2016-06-14,144.8196,145.1632,144.0014,144.6641,3643400.0
2016-06-15,145.0241,145.5069,144.3123,144.4678,2470100.0
2016-06-16,143.7805,145.3678,143.0196,145.196,5573700.0
2016-06-17,145.2329,145.2329,144.1016,144.7164,2748000.0
2016-06-20,146.2577,146.9382,145.7331,145.7659,2958400.0
2016-06-21,146.0281,146.3643,145.7084,145.979,1854700.0
2016-06-22,146.1183,146.7086,145.4624,145.5772,2966200.0
2016-06-23,146.7659,147.43,146.479,147.4136,2949100.0
2016-06-24,143.1013,144.8476,142.0765,142.3389,11377900.0
2016-06-27,141.4043,141.4043,139.6745,140.3549,7683900.0
2016-06-28,141.7077,142.5357,141.1748,142.5029,5642800.0
2016-06-29,143.6015,144.9624,143.4703,144.8148,5578200.0
2016-06-30,145.1509,146.8151,144.9951,146.7495,5069000.0
2016-07-01,146.5693,147.4055,146.5693,147.0038,3998200.0
2016-07-05,146.4053,146.4873,145.6511,146.102,3233100.0
2016-07-06,145.6101,146.8316,145.0772,146.7332,5395400.0
2016-07-07,146.8725,147.3398,145.9624,146.5773,2343300.0
2016-07-08,147.5776,148.8483,147.553,148.6352,5177300.0
2016-07-11,149.0943,149.7994,149.0287,149.3074,2358700.0
2016-07-12,150.0372,150.5373,149.8486,150.3487,3128000.0
2016-07-13,150.5863,150.6847,150.0698,150.5207,2390500.0
2016-07-14,151.7178,151.89,151.3161,151.6358,3354700.0
2016-07-15,152.0665,152.1896,151.3281,151.6809,3837200.0
2016-07-18,151.6398,152.0911,151.5414,151.845,2134900.0
2016-07-19,151.7875,152.1239,151.6316,152.1239,2046300.0
2016-07-20,152.5177,152.6654,152.0993,152.4193,2159500.0
2016-07-21,152.2224,152.3782,151.4019,151.7629,2837700.0
2016-07-22,151.7794,152.247,151.5825,152.1978,3078300.0
2016-07-25,152.0009,152.0255,151.2625,151.6235,2316600.0
2016-07-26,151.4594,151.7958,150.7128,151.4512,4744400.0
2016-07-27,151.8942,152.0091,151.0492,151.4348,4146700.0
2016-07-28,151.1888,151.5005,150.5652,151.2708,2906300.0
2016-07-29,150.8359,151.3692,150.5815,151.0656,4207300.0
2016-08-01,151.246,151.3855,150.4502,150.8522,3295900.0
2016-08-02,150.7128,150.8605,149.5724,150.1139,5139500.0
2016-08-03,150.0154,150.4912,149.9005,150.4338,3008200.0
2016-08-04,150.5487,150.8687,150.2615,150.5077,2368900.0
2016-08-05,151.2871,152.0091,150.4913,151.9927,4187700.0
2016-08-08,152.1896,152.3537,151.7958,152.0091,2076700.0
2016-08-09,152.0911,152.4849,151.8286,152.0665,1903800.0
2016-08-10,152.1075,152.4193,151.6481,151.8778,1618300.0
2016-08-11,152.3536,153.0755,152.2715,152.8458,2188700.0
2016-08-12,152.7146,152.8048,152.2059,152.5177,2514300.0
2016-08-15,152.928,153.3218,152.8706,153.0265,1561500.0
2016-08-16,152.7392,152.9033,152.37,152.4028,1614100.0
2016-08-17,152.4111,152.7885,151.8532,152.6818,2952000.0
2016-08-18,152.5752,152.9362,152.3701,152.8787,2571800.0
2016-08-19,152.5626,152.8507,152.085,152.579,2368500.0
2016-08-22,152.2743,152.7354,151.8709,152.4143,3152400.0
2016-08-23,152.8919,153.2459,152.5214,152.5626,1647900.0
2016-08-24,152.365,152.4803,151.7311,152.0357,1882900.0
2016-08-25,151.7228,152.1427,151.5746,151.7969,2034900.0
2016-08-26,152.0027,152.7602,150.7842,151.3441,3403500.0
2016-08-29,151.3523,152.3486,151.3523,152.1757,2229800.0
2016-08-30,152.2579,152.439,151.5087,151.9121,1866700.0
2016-08-31,151.6981,151.7886,150.8912,151.4428,1876400.0
2016-09-01,151.27,151.7228,150.5866,151.5746,3003500.0
2016-09-02,152.2662,152.6614,151.7558,152.2003,2652800.0
2016-09-06,152.4061,152.719,151.8627,152.579,2152300.0
2016-09-07,152.6202,152.6449,152.1344,152.579,1803600.0
2016-09-08,152.0521,152.4061,151.8874,152.1673,2229900.0
2016-09-09,151.1383,151.2865,148.9482,148.9482,8242600.0
2016-09-12,148.273,151.1958,148.1413,150.9159,7056100.0
2016-09-13,149.895,150.1091,148.5118,148.8576,7477500.0
2016-09-14,148.8905,149.6315,148.2071,148.5529,2990400.0
2016-09-15,148.5035,150.356,148.3883,150.0596,3932400.0
2016-09-16,149.7247,149.7247,148.8503,149.2875,2844300.0
2016-09-19,150.0382,150.4012,149.0401,149.2958,2260400.0
2016-09-20,149.9805,150.1702,149.337,149.3535,1997800.0
2016-09-21,149.8567,150.8301,149.2793,150.6817,4496500.0
2016-09-22,151.5066,152.0015,151.2261,151.5066,2323500.0
2016-09-23,151.3003,151.3911,150.3764,150.4837,1741500.0
2016-09-26,149.733,149.766,148.9658,149.106,2639800.0
2016-09-27,148.9659,150.2527,148.6854,150.1373,3717300.0
2016-09-28,150.4341,151.1518,149.7412,151.0446,6413000.0
2016-09-29,150.8136,151.3085,149.0235,149.4937,3376400.0
2016-09-30,150.2445,151.3251,150.1125,150.7807,4583000.0
2016-10-03,150.393,150.6075,149.9558,150.4012,1987600.0
2016-10-04,150.6487,150.9044,149.2628,149.7083,2811200.0
2016-10-05,150.2692,150.9786,150.2279,150.6817,1818200.0
2016-10-06,150.4177,150.7477,149.7,150.5662,2368100.0
2016-10-07,150.7971,150.9538,149.5762,150.3186,2527700.0
2016-10-10,150.3187,151.6633,150.3187,151.0611,1879100.0
2016-10-11,150.8466,150.8714,148.8586,149.4772,3949800.0
2016-10-12,149.3123,149.9722,149.0318,149.6175,1920200.0
2016-10-13,148.5946,149.4938,148.0171,149.1803,3460100.0
2016-10-14,150.1373,150.5167,149.4856,149.5516,2698100.0
2016-10-17,149.4524,149.7329,148.8585,149.0812,1801800.0
2016-10-18,150.0877,150.2197,149.4112,149.6175,1720700.0
2016-10-19,150.0135,150.4755,149.7825,150.1373,1503700.0
2016-10-20,149.9062,150.5084,149.4938,149.7577,2359600.0
2016-10-21,149.1301,149.8319,148.8245,149.642,5607600.0
2016-10-24,150.5835,150.6991,149.9972,150.2532,1905700.0
2016-10-25,150.1376,150.4266,149.6669,149.8568,3351100.0
2016-10-26,149.1301,150.3852,148.9236,150.0962,5375400.0
2016-10-27,150.5339,150.5752,149.6504,149.8981,2027100.0
2016-10-28,150.1377,150.5506,149.1881,149.7578,3726600.0
2016-10-31,149.9394,150.0384,149.5017,149.6008,1415600.0
2016-11-01,149.8898,149.8898,147.9245,148.7337,3622300.0
2016-11-02,148.3539,148.8081,147.8502,148.0979,3552700.0
2016-11-03,148.3871,148.544,147.6769,147.8999,1966900.0
2016-11-04,147.8998,148.3622,147.5117,147.5695,4337500.0
2016-11-07,149.6008,150.6577,149.5017,150.5834,3402400.0
2016-11-08,150.4514,151.9708,150.3028,151.4258,3437500.0
2016-11-09,150.2284,154.0434,150.0798,153.5562,8363900.0
2016-11-10,154.2746,155.9179,153.8783,155.3481,8748100.0
2016-11-11,155.1994,155.7609,154.7535,155.6288,5003800.0
2016-11-14,156.1573,156.3885,155.4058,155.8765,4796400.0
2016-11-15,155.8682,156.3554,155.3563,156.3472,3750000.0
2016-11-16,155.893,156.2151,155.6784,156.0499,3459100.0
2016-11-17,156.1408,156.339,155.8518,156.3142,4211200.0
2016-11-18,156.4243,156.474,155.944,156.0599,4359200.0
2016-11-21,156.4077,156.8466,156.1758,156.7886,2999100.0
2016-11-22,157.2689,157.5422,156.8549,157.3517,2756300.0
2016-11-23,157.2771,157.8651,157.2275,157.8237,2465900.0
2016-11-25,158.2377,158.4447,158.1466,158.4116,1547100.0
2016-11-28,158.1053,158.3372,157.7658,157.9811,3159600.0
2016-11-29,158.0225,158.5111,157.8983,158.3206,2264900.0
2016-11-30,158.9665,159.1983,158.4448,158.4945,4774600.0
2016-12-01,158.8589,159.1239,158.6353,158.9086,8323900.0
2016-12-02,158.9168,158.9748,158.5193,158.776,2773600.0
2016-12-05,159.3888,159.6372,158.9002,159.1735,2925600.0
2016-12-06,159.1238,159.4633,158.8837,159.3971,2669400.0
2016-12-07,159.3805,162.0469,159.3391,161.873,7241300.0
2016-12-08,162.1629,162.9661,161.8151,162.5355,7032100.0
2016-12-09,162.668,163.728,162.61,163.7031,4392300.0
2016-12-12,163.8273,164.2828,163.6948,164.0261,3791700.0
2016-12-13,164.7548,165.3841,164.4898,164.9783,5357500.0
2016-12-14,164.763,165.4752,163.6368,164.0757,7456100.0
2016-12-15,164.407,165.351,164.2414,164.5064,6033000.0
2016-12-16,164.8981,165.1222,164.2674,164.4749,4467700.0
2016-12-19,164.5661,165.064,164.4914,164.8151,2729400.0
2016-12-20,165.2798,165.6532,165.1968,165.4956,3062600.0
2016-12-21,165.5039,165.6533,165.2632,165.2798,2523500.0
2016-12-22,165.2301,165.2882,164.7985,165.1222,2250900.0
2016-12-23,165.1139,165.1968,164.923,165.1886,1374200.0
2016-12-27,165.2798,165.5951,165.2549,165.3213,2340700.0
2016-12-28,165.5786,165.6118,164.3171,164.3835,3818100.0
2016-12-29,164.3088,164.7487,164.0101,164.3088,3018700.0
2016-12-30,164.5246,164.5412,163.4208,163.9104,4277400.0
2017-01-03,165.0723,165.23,163.8856,164.6657,6669800.0
2017-01-04,164.9478,165.4458,164.815,165.2715,4823200.0
2017-01-05,165.1055,165.3711,164.2342,164.9396,4124500.0
2017-01-06,164.923,165.8359,164.4583,165.5703,4322600.0
2017-01-09,165.2218,165.3712,164.9396,164.9479,2303500.0
2017-01-10,164.9147,165.4873,164.4915,164.6492,3029200.0
2017-01-11,164.8399,165.62,164.4416,165.4209,5209800.0
2017-01-12,165.0475,165.0724,163.9271,164.9396,3865200.0
2017-01-13,165.0723,165.4374,164.5827,164.898,3468900.0
2017-01-17,164.5412,164.8565,163.9769,164.3918,3329800.0
2017-01-18,164.3835,164.508,163.7362,164.2756,4634800.0
2017-01-19,164.3421,164.45,163.2301,163.7197,3050900.0
2017-01-20,164.0876,164.6442,163.9048,164.4448,6999000.0
2017-01-23,164.3617,164.5694,163.6806,164.2953,3249700.0
2017-01-24,164.3037,165.4916,164.1625,165.1759,5205800.0
2017-01-25,166.1478,166.5963,165.9318,166.4883,4880800.0
2017-01-26,166.6378,166.9452,166.4883,166.7375,3999700.0
2017-01-27,166.7126,166.8622,166.5133,166.6628,3576500.0
2017-01-30,165.9983,166.0564,164.827,165.6245,4718000.0
2017-01-31,165.0762,165.2174,164.1126,164.7771,4628100.0
2017-02-01,165.4167,165.641,164.6441,165.0013,3676900.0
2017-02-02,164.6109,165.2838,164.4946,164.9848,2640600.0
2017-02-03,165.7905,166.6129,165.6742,166.4551,4857300.0
2017-02-06,166.1643,166.7209,165.9567,166.372,2770900.0
2017-02-07,166.8787,167.2193,166.4966,166.6212,2606300.0
2017-02-08,166.5548,166.7127,166.2641,166.5631,2291500.0
2017-02-09,166.8207,167.8923,166.7792,167.5683,3487600.0
2017-02-10,168.05,168.6315,167.8589,168.4155,2880300.0
2017-02-13,168.8973,169.8526,168.8973,169.6283,2637400.0
2017-02-14,169.5121,170.4424,169.4207,170.4341,3586600.0
2017-02-15,170.6169,171.5307,170.5338,171.4393,3646000.0
2017-02-16,171.5805,171.7217,170.999,171.5224,4589600.0
2017-02-17,170.782,171.5233,170.7736,171.49,5747700.0
2017-02-21,172.0562,172.6726,171.9396,172.481,3076400.0
2017-02-22,172.1979,172.8643,172.1229,172.7976,2254400.0
2017-02-23,173.3058,173.3807,172.5977,173.1059,3179900.0
2017-02-24,172.4894,173.2141,172.4811,173.1974,3703900.0
2017-02-27,173.0309,173.564,172.9309,173.4973,3433700.0
2017-02-28,173.3474,173.514,172.9892,173.2391,2821900.0
2017-03-01,174.855,176.2461,174.8217,175.7713,7846100.0
2017-03-02,175.913,175.913,174.7885,174.8301,3336900.0
2017-03-03,174.9716,175.1882,174.4302,174.8466,2589000.0
2017-03-06,174.3053,174.7301,174.1054,174.4885,2524700.0
2017-03-07,174.2637,174.6385,174.0721,174.2304,2741000.0
2017-03-08,174.5718,174.5968,173.6139,173.7638,3173100.0
2017-03-09,173.8722,174.1637,173.1475,173.8139,4430100.0
2017-03-10,174.6634,174.6717,173.5556,174.2136,3004000.0
2017-03-13,174.197,174.372,173.7472,174.0388,2261800.0
2017-03-14,173.7306,173.9888,173.2391,173.7056,4433000.0
2017-03-15,173.9472,174.8468,173.8473,174.5719,5737000.0
2017-03-16,175.0633,175.0633,174.1304,174.4552,3018400.0
2017-03-17,174.8709,174.8709,174.2867,174.3117,2873200.0
2017-03-20,174.3033,174.6539,174.0613,174.27,3308600.0
2017-03-21,174.7039,174.7873,172.1333,172.2168,6192400.0
2017-03-22,171.8914,172.4005,171.5074,172.2669,3898500.0
2017-03-23,171.9498,173.0098,171.8497,172.1835,3840000.0
2017-03-24,172.4089,172.6759,171.0902,171.7162,4052700.0
2017-03-27,170.4058,171.5158,170.097,171.2821,4559600.0
2017-03-28,171.1569,172.8177,171.015,172.5507,3538000.0
2017-03-29,172.3671,172.3922,171.8831,172.1835,2323900.0
2017-03-30,172.1752,172.9763,172.05,172.726,2849200.0
2017-03-31,172.5256,172.7009,172.1751,172.2085,4179600.0
2017-04-03,172.3587,172.4505,170.99,172.1334,4436100.0
2017-04-04,171.9415,172.5674,171.7662,172.4673,2555400.0
2017-04-05,173.2517,174.1364,172.0582,172.1417,4110400.0
2017-04-06,172.3003,173.0014,171.858,172.3003,3186900.0
2017-04-07,172.0834,172.8178,171.833,172.2419,2609300.0
2017-04-10,172.3337,173.0264,171.883,172.2502,2395200.0
2017-04-11,172.1083,172.2752,171.04,172.2001,3511500.0
2017-04-12,172.1752,172.1752,171.3823,171.6494,2181700.0
2017-04-13,171.3739,171.8746,170.556,170.5643,3605200.0
2017-04-17,171.0317,172.1417,170.9733,172.0666,2260900.0
2017-04-18,171.3906,171.7662,170.6061,171.157,2497900.0
2017-04-19,171.3071,171.3405,169.9551,170.1303,3606400.0
2017-04-20,170.5478,172.1001,170.3976,171.6745,3873700.0
2017-04-21,171.6676,171.8514,171.0495,171.4505,3034800.0
2017-04-24,173.188,173.4386,172.9374,173.2297,3220200.0
2017-04-25,174.5412,175.4016,174.4494,175.151,3483600.0
2017-04-26,175.2596,175.7775,174.9506,174.9756,2865300.0
2017-04-27,175.1928,175.2263,174.6332,175.0508,1951700.0
2017-04-28,175.1093,175.1093,174.558,174.6498,1934000.0
2017-05-01,174.9923,174.9923,174.3324,174.5162,1886000.0
2017-05-02,174.6665,174.8336,174.3741,174.6916,1359700.0
2017-05-03,174.6916,174.9756,174.1403,174.7668,1829400.0
2017-05-04,175.1259,175.1259,173.9147,174.7417,2640100.0
2017-05-05,174.6415,175.2345,174.3825,175.2262,1673800.0
2017-05-08,175.1677,175.435,175.0257,175.3514,2311000.0
2017-05-09,175.5352,175.6856,174.7667,175.1008,1570100.0
2017-05-10,174.7417,175.2596,174.4994,174.9839,1394300.0
2017-05-11,174.7,174.9589,173.8312,174.8169,3093700.0
2017-05-12,174.5579,174.8169,174.4327,174.5914,1575100.0
2017-05-15,174.9171,175.5269,174.9171,175.3598,1818500.0
2017-05-16,175.6856,175.8025,174.9672,175.3765,1746600.0
2017-05-17,173.8478,174.2404,172.386,172.4695,5717400.0
2017-05-18,172.1021,173.7143,171.9601,172.8789,6653800.0
2017-05-19,173.2124,174.5193,173.0699,174.0669,4892800.0
2017-05-22,174.5277,174.9884,174.5277,174.8041,2246200.0
2017-05-23,175.1811,175.3906,174.8376,175.1979,3457500.0
2017-05-24,175.3656,175.9017,175.1645,175.7845,3479500.0
2017-05-25,176.3709,176.706,176.1865,176.4211,2198200.0
2017-05-26,176.3876,176.5384,176.2033,176.3876,1152200.0
2017-05-30,176.1111,176.3708,175.91,176.1111,1066600.0
2017-05-31,176.2787,176.2787,175.3655,175.9352,1577500.0
2017-06-01,176.1614,177.1081,175.8598,177.1081,1827900.0
2017-06-02,177.1499,177.7867,176.9991,177.5353,2314000.0
2017-06-05,177.4935,177.7867,177.3092,177.4935,1923000.0
2017-06-06,177.0495,177.4265,176.9154,177.083,2094800.0
2017-06-07,177.351,177.5437,176.8902,177.3762,1545800.0
2017-06-08,177.2924,178.1972,177.0997,177.4935,2030300.0
2017-06-09,177.7365,178.5072,177.2673,178.1721,4271100.0
2017-06-12,177.9961,178.2641,177.5101,177.9458,3682300.0
2017-06-13,178.281,178.7753,178.2391,178.7585,2426500.0
2017-06-14,179.102,179.2863,178.4318,179.1523,5423100.0
2017-06-15,178.3563,179.1187,178.239,179.0265,2571800.0
2017-06-16,179.0552,179.265,178.6271,179.2482,2372000.0
2017-06-19,179.9196,180.4652,179.6846,180.3896,2103300.0
2017-06-20,180.3646,180.5157,179.9281,179.9533,1762100.0
2017-06-21,180.1631,180.1631,179.3153,179.5252,2129400.0
2017-06-22,179.6847,179.8609,179.3321,179.3909,2697100.0
2017-06-23,179.1474,179.5755,178.8285,179.3992,1346800.0
2017-06-26,179.8609,180.2554,179.223,179.5084,1940400.0
2017-06-27,179.3741,179.7266,178.6691,178.7194,1981600.0
2017-06-28,178.7194,180.0623,178.7194,179.8189,4693700.0
2017-06-29,180.0541,180.0792,177.6871,178.4509,4372600.0
2017-06-30,178.904,179.6091,178.753,178.9796,2216600.0
2017-07-03,179.5755,180.7758,179.5168,180.0288,2134700.0
2017-07-05,180.2386,180.3141,179.4748,180.1043,1799000.0
2017-07-06,179.693,179.8273,178.7278,178.8956,2297500.0
2017-07-07,179.2314,179.7518,179.1307,179.6594,1326500.0
2017-07-10,179.3489,179.9113,179.2314,179.6091,1156300.0
2017-07-11,179.542,179.8609,178.5096,179.6007,1577600.0
2017-07-12,180.44,181.0443,180.3645,180.6499,2103300.0
2017-07-13,180.7086,180.9269,180.4568,180.8429,1587400.0
2017-07-14,180.7087,181.8669,180.5492,181.5144,2395500.0
2017-07-17,181.5648,181.7074,181.3297,181.4808,2291000.0
2017-07-18,181.0108,181.1367,180.1463,181.0444,2247500.0
2017-07-19,181.2038,181.5815,181.0108,181.5647,1785800.0
2017-07-20,181.7746,181.783,181.0528,181.4557,1372000.0
2017-07-21,180.8137,181.1162,180.4524,181.0994,2217300.0
2017-07-24,181.0825,181.0825,180.3851,180.7296,1459600.0
2017-07-25,181.9144,181.9312,181.0658,181.3767,1924200.0
2017-07-26,182.1749,182.4689,181.9648,182.1749,2041000.0
2017-07-27,182.5698,182.9647,182.0236,182.9395,3202400.0
2017-07-28,182.7799,183.3093,182.5866,183.1916,2305000.0
2017-07-31,183.721,184.0403,183.5866,183.763,1765000.0
2017-08-01,184.6368,184.6872,184.1411,184.3259,2307100.0
2017-08-02,184.7124,184.9645,184.3847,184.7628,3063300.0
2017-08-03,184.7964,185.0485,184.62,184.9056,2496400.0
2017-08-04,185.393,185.4182,184.8804,185.3342,1877700.0
2017-08-07,185.4855,185.6787,185.3594,185.5695,1902800.0
2017-08-08,185.5275,186.2669,185.225,185.435,3623900.0
2017-08-09,185.1326,185.3679,184.8217,185.2755,3555800.0
2017-08-10,184.6956,184.7713,183.6369,183.6789,7832600.0
2017-08-11,183.8134,184.2,183.6118,183.763,4944500.0
2017-08-14,184.7545,185.099,184.6956,184.8301,2605000.0
2017-08-15,185.3427,185.3427,184.7377,184.9898,1835700.0
2017-08-16,185.4435,185.7796,185.0906,185.2502,2476100.0
2017-08-17,184.8553,184.9141,182.9815,183.0151,3535800.0
2017-08-18,182.77,183.3344,182.0625,182.3826,4468500.0
2017-08-21,182.3236,182.7111,181.7087,182.5594,3467200.0
2017-08-22,183.1238,184.3367,183.0312,184.202,2423200.0
2017-08-23,183.6292,184.0083,183.486,183.5534,3660200.0
2017-08-24,184.084,184.084,183.1659,183.3344,1934400.0
2017-08-25,183.8397,184.4041,183.6207,183.6544,2373300.0
2017-08-28,184.0419,184.1093,183.2248,183.5702,1425000.0
2017-08-29,182.5088,184.2608,182.4583,184.1176,2013300.0
2017-08-30,184.2523,184.5977,183.9491,184.4039,1804100.0
2017-08-31,184.9094,185.2127,184.5641,184.901,2173000.0
2017-09-01,185.4148,185.6507,185.1621,185.2379,2150200.0
2017-09-05,184.9095,184.9095,182.9301,183.3428,3828600.0
2017-09-06,184.0756,184.1429,183.6544,183.8313,1915500.0
2017-09-07,184.0166,184.2271,183.3512,183.7133,1982800.0
2017-09-08,183.2923,184.1767,183.2165,183.8229,2135800.0
2017-09-11,184.9516,186.055,184.9516,185.9455,3019300.0
2017-09-12,186.4256,186.6278,186.2066,186.5014,2072900.0
2017-09-13,186.4425,186.8131,186.3161,186.7878,1720800.0
2017-09-14,186.6952,187.3522,186.6699,187.2595,1893700.0
2017-09-15,187.4857,187.8571,187.3,187.7558,2377700.0
2017-09-18,188.1524,188.5491,187.9414,188.355,1827300.0
2017-09-19,188.5323,188.7855,188.4141,188.7095,2042800.0
2017-09-20,188.7011,189.0218,188.1778,188.9796,1819900.0
2017-09-21,188.9796,189.0387,188.5492,188.6167,1741400.0
2017-09-22,188.4057,188.6082,188.0681,188.3888,2448400.0
2017-09-25,188.3128,188.5829,187.3675,188.0681,2844300.0
2017-09-26,188.2706,188.642,187.8993,187.9584,1314500.0
2017-09-27,188.5577,188.659,187.6715,188.3214,2381500.0
2017-09-28,188.1947,188.8699,187.9668,188.7264,1462800.0
2017-09-29,188.5491,188.9542,188.3297,188.912,2415800.0
2017-10-02,189.2244,190.2372,189.0809,190.1106,2611200.0
2017-10-03,190.5327,190.9885,190.423,190.9548,2510000.0
2017-10-04,191.0813,191.326,190.904,191.0982,1746900.0
2017-10-05,191.2669,192.1531,191.1319,192.1363,2258500.0
2017-10-06,191.8831,192.1279,191.7903,192.0603,2090300.0
2017-10-09,192.3473,192.4064,191.8831,192.0434,1006800.0
2017-10-10,192.6174,192.803,192.1362,192.6595,1417700.0
2017-10-11,192.7103,192.9803,192.5836,192.955,1423600.0
2017-10-12,192.8537,193.1238,192.5668,192.7187,1307300.0
2017-10-13,193.0395,193.259,192.8707,193.0564,1744300.0
2017-10-16,193.3434,193.7316,193.1239,193.6641,2373400.0
2017-10-17,193.8835,194.0945,193.7231,194.0016,1838000.0
2017-10-18,194.9723,195.5462,194.8963,195.3606,2720500.0
2017-10-19,194.8373,195.5294,194.5672,195.5209,2305400.0
2017-10-20,196.3682,196.9257,195.8783,196.9257,3275700.0
2017-10-23,197.3058,197.3058,196.4864,196.5202,2325100.0
2017-10-24,197.7534,198.2518,197.6267,197.9054,3300500.0
2017-10-25,198.0407,198.0407,196.2668,196.951,3813300.0
2017-10-26,197.5845,198.0153,197.4494,197.5338,2581500.0
2017-10-27,197.6183,197.9393,197.12,197.8042,2944200.0
2017-10-30,197.2551,197.7788,196.9425,197.0946,2672500.0
2017-10-31,197.3564,197.5845,196.9848,197.348,1772000.0
2017-11-01,198.1674,198.5222,197.4325,197.8211,2675700.0
2017-11-02,197.838,198.6489,197.0862,198.4715,2459400.0
2017-11-03,198.8094,198.8348,198.2012,198.6574,2574400.0
2017-11-06,198.6995,199.0036,198.5813,198.8516,2549900.0
2017-11-07,199.0965,199.2486,198.2434,198.86,2390700.0
2017-11-08,198.8179,199.0206,198.48,198.8939,1531900.0
2017-11-09,198.0745,198.7418,196.9511,198.2688,4225200.0
2017-11-10,198.0406,198.2265,197.745,198.0237,2506600.0
2017-11-13,197.3734,198.3194,197.348,198.2181,2452400.0
2017-11-14,197.6352,197.9562,196.7398,197.8971,2566500.0
2017-11-15,196.951,197.3818,196.5202,196.782,2823600.0
2017-11-16,197.8464,198.7418,197.821,198.4292,2933400.0
2017-11-17,197.9398,198.1092,197.5927,197.6181,3483300.0
2017-11-20,197.8467,198.4478,197.6435,198.2616,2056600.0
2017-11-21,199.1252,199.8196,199.066,199.5994,2749900.0
2017-11-22,199.8788,199.8788,198.939,199.1252,2860800.0
2017-11-24,199.4555,199.7179,199.3285,199.3793,1435500.0
2017-11-27,199.4047,200.1075,199.3115,199.5994,2329500.0
2017-11-28,200.0989,201.894,200.0227,201.8093,4844500.0
2017-11-29,202.4952,202.9186,202.1735,202.7239,3376100.0
2017-11-30,203.7907,206.17,203.5621,205.6196,6586400.0
2017-12-01,205.8737,206.1277,202.7154,205.2894,9772700.0
2017-12-04,207.4571,207.9313,205.8144,205.8483,6565800.0
2017-12-05,206.4155,206.424,204.7136,204.9168,4925600.0
2017-12-06,204.6713,205.3402,204.5274,204.5866,3976100.0
2017-12-07,204.2395,205.645,204.1463,205.2132,2718300.0
2017-12-08,205.9159,206.2885,205.3994,206.28,2704300.0
2017-12-11,206.4071,206.805,206.1784,206.7457,1857800.0
2017-12-12,207.3893,208.1852,207.2792,207.8212,3282400.0
2017-12-13,208.0328,209.1336,207.999,208.5493,3748700.0
2017-12-14,209.0489,209.2013,207.8465,207.9312,4713300.0
2017-12-15,208.9505,209.3664,208.6196,208.9845,5862800.0
2017-12-18,210.4781,210.9279,210.0707,210.2914,3285700.0
2017-12-19,210.7327,210.7581,209.57,209.9604,2773600.0
2017-12-20,210.7496,210.809,209.4172,209.6803,2401400.0
2017-12-21,210.2403,210.7156,209.9773,210.1809,2446700.0
2017-12-22,210.1132,210.1386,209.5955,209.9604,1847000.0
2017-12-26,209.57,210.1216,209.5191,209.8331,2156700.0
2017-12-27,209.7483,210.2065,209.7058,210.0283,2930300.0
2017-12-28,210.4187,210.6309,210.2744,210.58,2743300.0
2017-12-29,210.9534,210.9873,209.7652,209.9434,2951800.0
2018-01-02,210.758,210.8684,209.816,210.4865,4454900.0
2018-01-03,210.7412,211.505,210.529,211.2758,5528600.0
2018-01-04,212.133,212.9477,211.8444,212.6761,4932900.0
2018-01-05,213.3381,214.5856,212.9901,214.4753,3349200.0
2018-01-08,214.5007,214.6874,214.0509,214.3649,3847500.0
2018-01-09,214.8826,215.8076,214.4752,215.4087,5031400.0
2018-01-10,214.8572,215.5021,214.2461,215.2391,2357600.0
2018-01-11,215.5615,216.9788,215.4343,216.9279,2760400.0
2018-01-12,217.7936,218.9308,217.6663,218.8799,3678400.0
2018-01-16,220.8828,221.2901,218.0312,218.795,8102900.0
2018-01-17,220.0256,221.6635,219.4145,221.5701,6144400.0
2018-01-18,221.7059,221.7738,220.1274,220.7894,4860200.0
2018-01-19,220.8182,221.2428,220.1559,221.2343,4057600.0
2018-01-22,220.521,222.4825,220.4616,222.457,3359900.0
2018-01-23,222.3297,222.7203,221.8542,222.3637,3483300.0
2018-01-24,223.3231,223.9685,221.5145,222.958,7106400.0
2018-01-25,223.8158,224.5036,222.8308,223.9601,5918900.0
2018-01-26,224.4441,225.8112,224.2148,225.7942,3861700.0
2018-01-29,225.497,225.7857,224.2743,224.3082,4605600.0
2018-01-30,222.0326,222.8477,220.8523,221.3023,9409500.0
2018-01-31,223.3231,223.459,221.022,221.9985,5360500.0
2018-02-01,220.7333,223.2382,220.5804,222.1513,5182000.0
2018-02-02,220.4446,220.6484,216.3008,216.4706,9486600.0
2018-02-05,214.1695,216.5471,202.9948,206.5697,19888200.0
2018-02-06,202.3664,211.7154,201.7041,211.4012,20493100.0
2018-02-07,210.7899,214.6535,210.221,211.2314,12657100.0
2018-02-08,211.4014,211.5033,202.5194,202.6637,15829100.0
2018-02-09,204.9903,207.215,198.4944,205.5167,19858000.0
2018-02-12,207.2151,210.4588,206.3914,209.0322,10458400.0
2018-02-13,207.801,209.9493,207.4698,209.3719,6234000.0
2018-02-14,208.1831,211.8514,208.0727,211.69,5764000.0
2018-02-15,213.66,214.4073,211.0022,214.4073,6111500.0
2018-02-16,214.0454,216.3354,213.8496,214.4966,6399000.0
2018-02-20,213.2027,214.1817,211.6277,212.2747,8685200.0
2018-02-21,212.4876,214.9649,210.8786,210.8871,5894800.0
2018-02-22,211.6617,213.9858,211.5766,212.3939,6342300.0
2018-02-23,213.5006,215.3394,212.8706,215.3054,5119000.0
2018-02-26,216.5058,218.9406,216.1993,218.7192,6120900.0
2018-02-27,218.8724,219.5194,216.1652,216.1993,7219200.0
2018-02-28,217.2379,217.7402,212.9984,212.9984,5299300.0
2018-03-01,213.0069,214.4201,208.0352,209.4058,8144800.0
2018-03-02,207.3371,209.3547,206.1538,208.8695,6393400.0
2018-03-05,207.5841,212.5132,207.55,211.8407,4891000.0
2018-03-06,212.9814,212.9814,210.3168,211.8407,4408500.0
2018-03-07,209.3036,211.6192,208.912,211.2191,5362600.0
2018-03-08,212.0875,212.5812,210.4614,212.096,5846600.0
2018-03-09,213.6284,215.8588,213.1176,215.8588,3904000.0
2018-03-12,216.2758,216.8462,214.2752,214.4966,5512800.0
2018-03-13,215.4671,216.2077,212.53,213.0153,6100900.0
2018-03-14,214.0285,214.2072,210.2061,211.0233,6222800.0
2018-03-15,211.8405,213.5091,210.9552,211.9767,5069600.0
2018-03-16,211.9972,213.3276,211.801,212.4492,3430100.0
2018-03-19,211.7669,211.8352,208.3725,209.7286,5739500.0
2018-03-20,210.2233,211.3832,210.0783,210.7435,3258400.0
2018-03-21,210.7776,212.9183,210.0782,210.3341,4341400.0
2018-03-22,208.1764,208.9781,203.9803,204.1423,7449700.0
2018-03-23,204.6711,205.4557,200.2959,200.5347,7598700.0
2018-03-26,203.8609,206.5219,202.3002,206.2404,6589700.0
2018-03-27,207.2894,208.3213,202.0016,203.2297,6513100.0
2018-03-28,203.8694,205.3022,202.1722,203.2212,7983700.0
2018-03-29,204.3214,207.1956,203.8864,205.8821,6614500.0
2018-04-02,204.9696,205.5666,198.8887,201.4046,9217400.0
2018-04-03,202.4537,204.9014,201.6179,204.8161,9874500.0
2018-04-04,200.4664,207.1614,200.3726,206.7862,6437500.0
2018-04-05,207.929,209.8821,207.5708,208.8757,4786400.0
2018-04-06,206.6497,208.3128,202.3342,203.9462,6985500.0
2018-04-09,205.6775,207.7926,204.202,204.4579,5052000.0
2018-04-10,207.5453,208.9525,206.5645,208.1082,5977500.0
2018-04-11,206.5048,207.7414,205.8736,206.2915,4733100.0
2018-04-12,207.8097,209.6519,207.6221,208.7905,4742400.0
2018-04-13,210.1636,210.1977,206.6754,207.7415,5222500.0
2018-04-16,209.0548,210.3768,208.7137,209.4813,4018400.0
2018-04-17,211.639,211.9204,210.8885,211.3405,3821900.0
2018-04-18,211.4087,211.6987,210.7265,210.9823,3645600.0
2018-04-19,210.59,211.1529,209.3704,210.2915,3721800.0
2018-04-20,210.2335,210.4809,207.8612,208.6207,3396500.0
2018-04-23,209.1156,209.218,207.4772,208.5098,2491000.0
2018-04-24,209.3972,209.5423,203.1935,204.8746,7088900.0
2018-04-25,205.0452,205.9327,203.1679,205.3951,5269200.0
2018-04-26,206.018,208.1087,205.7535,207.4602,3845800.0
2018-04-27,207.3321,207.7332,206.3081,207.315,3209800.0
2018-04-30,208.2965,208.9279,206.0863,206.1119,3475700.0
2018-05-01,205.3866,205.5572,203.0143,205.4463,4396600.0
2018-05-02,205.3184,206.2485,203.7056,204.0384,2729400.0
2018-05-03,203.0229,204.6528,200.6336,204.0299,6177500.0
2018-05-04,203.185,207.5455,202.818,206.9481,3600900.0
2018-05-07,207.7844,208.7828,206.9226,207.7162,2983800.0
2018-05-08,207.5028,208.194,206.3679,207.7162,2927200.0
2018-05-09,208.4074,209.7898,207.537,209.4057,3670500.0
2018-05-10,209.9177,211.7182,209.8921,211.1636,3877800.0
2018-05-11,211.3684,212.4265,211.0953,212.0851,3293500.0
2018-05-14,212.8276,213.5017,212.3498,212.7082,4286300.0
2018-05-15,211.6842,211.778,210.3359,211.0356,4755900.0
2018-05-16,210.9247,211.8634,210.7455,211.5988,2034400.0
2018-05-17,211.4538,212.3839,210.6687,211.4026,2058200.0
2018-05-18,211.34,211.8192,210.8694,211.3657,2408800.0
2018-05-21,213.2655,214.5063,213.257,213.8816,4060300.0
2018-05-22,214.2496,214.3009,212.153,212.3755,2329300.0
2018-05-23,211.2203,212.8205,210.9122,212.7606,3489400.0
2018-05-24,212.3327,212.5894,210.3816,212.1445,3448100.0
2018-05-25,211.7166,212.3071,211.1176,211.6824,4207000.0
2018-05-29,209.9795,210.6898,207.3524,208.328,6439600.0
2018-05-30,209.7997,211.5027,209.2949,211.109,4185900.0
2018-05-31,210.5101,210.5272,208.3793,208.9526,5357800.0
2018-06-01,210.6299,211.2203,210.2106,210.8181,3565300.0
2018-06-04,211.9819,212.7948,211.8278,212.3926,3062500.0
2018-06-05,212.3584,212.6323,211.5027,212.3499,2816400.0
2018-06-06,213.2826,215.2422,212.6921,215.2336,4102500.0
2018-06-07,215.8326,216.8167,215.4219,216.0979,4286800.0
2018-06-08,215.6102,216.851,215.4476,216.7312,4451000.0
2018-06-11,217.0306,217.4927,216.5172,216.8338,4200200.0
2018-06-12,217.1334,217.159,216.1236,216.7568,6531000.0
2018-06-13,216.8596,217.142,215.6701,215.7984,3819000.0
2018-06-14,216.6371,216.9452,215.2508,215.6359,5007000.0
2018-06-15,214.484,215.2811,213.1985,214.8868,6340800.0
2018-06-18,213.2242,214.1669,212.6586,214.0213,4075500.0
2018-06-19,211.3388,211.8787,210.4218,211.5788,5511100.0
2018-06-20,212.5043,212.5214,210.9274,211.2188,4711700.0
2018-06-21,210.6788,210.7731,209.0505,209.539,4676600.0
2018-06-22,210.756,211.2616,210.3446,210.5589,3584900.0
2018-06-25,209.2648,209.4534,206.2824,207.6622,9536000.0
2018-06-26,208.185,208.8449,207.628,207.9708,3829900.0
2018-06-27,208.485,210.4647,206.5481,206.6424,6149300.0
2018-06-28,206.0853,208.2193,205.5369,207.4651,5524000.0
2018-06-29,208.6649,209.9333,207.9022,208.0221,3966200.0
2018-07-02,206.471,208.2878,206.2138,208.0221,5700300.0
2018-07-03,209.162,209.3677,206.8395,207.1051,3143800.0
2018-07-05,208.365,208.8278,207.1309,208.7249,3294600.0
2018-07-06,208.5192,210.139,208.0907,209.6248,3546000.0
2018-07-09,210.636,212.5386,210.6189,212.4015,3679300.0
2018-07-10,212.9843,213.807,212.9243,213.5928,3474700.0
2018-07-11,211.973,212.6758,211.3731,211.7502,4409800.0
2018-07-12,213.4557,213.7728,212.6843,213.6528,3175400.0
2018-07-13,213.6013,214.6469,213.3356,214.424,3018100.0
2018-07-16,214.5868,214.8954,214.1069,214.8268,1881400.0
2018-07-17,214.724,215.5982,214.1669,215.3496,2960100.0
2018-07-18,215.4439,216.1124,215.1268,215.9924,2119600.0
2018-07-19,215.2982,215.641,214.7754,214.9296,2537400.0
2018-07-20,214.3702,215.417,214.25,214.9022,2687800.0
2018-07-23,214.7048,215.0394,214.1985,214.7477,1792000.0
2018-07-24,215.6059,216.8073,215.4343,216.4211,5485300.0
2018-07-25,215.8718,218.0943,215.3226,217.9742,4687600.0
2018-07-26,218.4032,219.3986,218.3432,218.9181,4175000.0
2018-07-27,218.9096,219.3301,217.5109,218.1802,5852900.0
2018-07-30,218.4119,218.635,216.8158,216.9874,4484200.0
2018-07-31,217.6911,218.5406,217.6138,218.1029,3743100.0
2018-08-01,217.8712,218.5062,216.7214,217.1933,3159000.0
2018-08-02,215.7689,217.4508,215.4085,217.1848,4132600.0
2018-08-03,217.1332,218.3861,217.1332,218.2917,2469400.0
2018-08-06,218.1458,219.0211,217.6396,218.6864,2305400.0
2018-08-07,219.6561,220.3254,219.3729,219.7762,2394500.0
2018-08-08,219.6475,219.7762,219.1413,219.3472,1876800.0
2018-08-09,219.4673,219.8706,218.8152,218.9525,1677300.0
2018-08-10,217.6824,217.8712,216.5841,217.3564,4796900.0
2018-08-13,217.588,217.9227,215.9834,216.2751,3686700.0
2018-08-14,216.8929,217.5708,216.4381,217.2791,2815800.0
2018-08-15,216.1036,216.4125,214.4045,216.0349,5804000.0
2018-08-16,218.2746,220.0251,218.1973,219.6218,7919200.0
2018-08-17,219.4738,221.099,219.3018,220.5745,3902500.0
2018-08-20,221.0905,221.615,220.9701,221.3656,2930700.0
2018-08-21,221.7956,222.4577,221.6494,221.916,3290900.0
2018-08-22,221.8558,222.0278,221.0389,221.1507,3850600.0
2018-08-23,220.8239,221.4774,220.1188,220.5573,2811900.0
2018-08-24,221.2021,222.0105,220.9872,221.7267,3631500.0
2018-08-27,222.9307,224.1346,222.9307,224.0744,4111600.0
2018-08-28,224.6935,224.7107,223.8766,224.126,2713600.0
2018-08-29,224.2635,225.0976,223.954,224.7193,2433900.0
2018-08-30,224.2119,224.5645,223.1027,223.5842,3867200.0
2018-08-31,223.223,223.997,222.6985,223.4466,3081800.0
2018-09-04,222.9048,223.5068,222.0363,223.3434,2945000.0
2018-09-05,222.9048,223.8421,222.6469,223.5068,3282400.0
2018-09-06,223.6961,224.4786,222.7502,223.8251,3878500.0
2018-09-07,222.9994,223.8679,222.2513,223.18,3796400.0
2018-09-10,224.0228,224.1346,222.5953,222.6641,2247600.0
2018-09-11,221.9418,224.0142,221.7011,223.6014,3072900.0
2018-09-12,223.7046,225.0976,223.2144,223.7906,4971200.0
2018-09-13,224.7966,225.4845,224.4268,225.1062,2472300.0
2018-09-14,225.3039,225.6995,224.4526,225.2008,3077700.0
2018-09-17,225.0546,225.4587,224.1259,224.4183,2473500.0
2018-09-18,224.6505,226.6111,224.5903,226.0779,2998900.0
2018-09-19,226.2413,227.8665,226.2413,227.3763,4001000.0
2018-09-20,228.7351,229.8615,228.7265,229.6294,5247100.0
2018-09-21,230.5393,230.591,229.7121,230.1687,3944500.0
2018-09-24,229.7896,229.8068,228.5574,228.7039,3778600.0
2018-09-25,229.2296,229.3071,227.9371,228.1094,1820400.0
2018-09-26,228.1783,229.0658,226.8513,227.2908,3365900.0
2018-09-27,227.6957,228.6608,227.127,227.6957,2440100.0
2018-09-28,227.1013,228.2904,227.0496,227.8251,3288800.0
2018-10-01,229.2899,230.1946,228.9797,229.8328,5828100.0
2018-10-02,229.2984,230.9442,229.2467,230.5564,4553400.0
2018-10-03,231.5906,232.03,230.6427,230.884,5827700.0
2018-10-04,230.6599,230.6771,227.9801,229.4191,8720900.0
2018-10-05,229.4967,229.738,226.5326,227.7562,7477100.0
2018-10-08,226.8341,228.523,225.826,228.1955,6236400.0
2018-10-09,227.8077,228.6177,226.7393,227.6785,4559100.0
2018-10-10,227.5148,227.5837,220.4146,220.6387,12292000.0
2018-10-11,219.4927,221.216,214.4347,215.6496,15270300.0
2018-10-12,219.1739,219.3893,215.3567,218.2605,8634400.0
2018-10-15,217.89,219.5013,217.4333,217.4333,5500900.0
2018-10-16,219.3979,222.4051,218.8465,222.2414,7099800.0
2018-10-17,221.3798,222.3276,219.441,221.4229,6822400.0
2018-10-18,220.6818,221.328,217.4161,218.5879,8694600.0
2018-10-19,219.1958,220.7047,218.4285,219.2734,6618300.0
2018-10-22,219.92,220.239,217.4455,218.1697,4662600.0
2018-10-23,214.7209,218.0748,213.4104,216.9885,7360500.0
2018-10-24,217.6179,218.0404,211.3928,211.7895,7624300.0
2018-10-25,213.2466,216.3505,212.3154,215.3504,5920200.0
2018-10-26,213.2897,214.721,210.6428,212.5569,5882900.0
2018-10-29,214.4451,215.7556,207.8321,210.7808,6833300.0
2018-10-30,210.7548,214.6347,210.453,214.4277,6151100.0
2018-10-31,216.3591,218.3249,215.8849,216.5747,5376400.0
2018-11-01,217.4023,218.8508,216.3332,218.7646,3267900.0
2018-11-02,220.1873,220.377,216.0487,217.6697,6413400.0
2018-11-05,217.9974,219.7993,217.7042,219.4114,2833700.0
2018-11-06,219.4545,221.0495,219.282,220.9202,2193300.0
2018-11-07,222.8428,225.7743,222.0151,225.7053,4462300.0
2018-11-08,225.4898,226.7314,225.007,225.9812,4023400.0
2018-11-09,225.1709,225.4209,223.343,224.2483,4386500.0
2018-11-12,223.9119,224.1016,218.7215,219.1871,10153000.0
2018-11-13,218.8509,220.1787,217.4714,218.187,3937900.0
2018-11-14,219.8769,220.1097,215.2642,216.3333,5610300.0
2018-11-15,215.7211,218.9975,214.1261,218.325,5667000.0
2018-11-16,217.6085,220.3482,217.2196,219.5617,4529500.0
2018-11-19,219.1814,219.3284,215.059,215.9405,4249600.0
2018-11-20,212.9157,213.4083,210.4699,211.3082,7341100.0
2018-11-21,212.4662,213.149,211.3773,211.4378,4257600.0
2018-11-23,210.2279,210.902,209.7612,209.8476,1928000.0
2018-11-26,211.628,213.2355,211.4638,212.9417,3435500.0
2018-11-27,211.8958,213.9268,210.997,213.9009,2932000.0
2018-11-28,215.3009,219.3802,214.8429,219.3802,5132500.0
2018-11-29,219.1728,220.3568,217.9801,219.1641,3471100.0
2018-11-30,218.7405,221.1086,218.5072,220.8234,2991800.0
2018-12-03,224.8509,224.9632,222.1285,223.6064,9544200.0
2018-12-04,222.6643,223.01,216.3899,216.6924,5376900.0
2018-12-06,212.9156,215.9491,209.8561,215.8194,8232800.0
2018-12-07,215.7677,217.2801,210.2624,211.1439,5963700.0
2018-12-10,210.8241,212.1637,206.7708,211.4896,6021000.0
2018-12-11,214.7133,214.7651,209.7179,211.0748,5646500.0
2018-12-12,213.8058,214.9899,212.3021,212.5008,3734800.0
2018-12-13,212.9675,214.212,211.8872,212.8379,4455300.0
2018-12-14,210.928,211.5935,208.1278,208.6464,6591200.0
2018-12-17,207.4536,208.629,203.141,204.3337,7036700.0
2018-12-18,206.0707,207.2547,203.6768,205.1373,5349600.0
2018-12-19,205.3017,208.4562,200.5656,201.7323,9545700.0
2018-12-20,201.015,201.6891,196.1407,197.8173,11912800.0
2018-12-21,198.455,201.4534,193.9835,194.1915,10242700.0
2018-12-24,192.8137,193.5156,188.8101,189.0007,7024000.0
2018-12-26,189.9453,198.2211,188.0215,198.1951,9761100.0
2018-12-27,195.4481,200.5002,192.8397,200.4049,7952000.0
2018-12-28,201.6614,202.6146,199.027,199.7289,7266800.0
2018-12-31,201.3322,202.1381,200.2229,202.0861,5079600.0
2019-01-02,198.6804,202.7793,198.5678,202.2247,5319500.0
2019-01-03,200.3963,200.5436,196.1587,196.4707,7350200.0
2019-01-04,199.313,203.8019,199.079,203.022,7343700.0
2019-01-07,203.5072,205.2751,201.8694,203.9579,5101600.0
2019-01-08,206.1936,206.8176,204.3305,206.1763,4845800.0
2019-01-09,207.0515,207.8748,206.055,207.0429,4872000.0
2019-01-10,205.9337,208.1175,205.4138,207.9788,3052200.0
2019-01-11,206.9995,207.9267,206.2109,207.8748,2047200.0
2019-01-14,206.1849,207.6754,205.9336,207.0602,2330700.0
2019-01-15,207.0602,208.8713,207.0169,208.5334,3940300.0
2019-01-16,209.1574,210.4919,208.9667,209.5907,3718500.0
2019-01-17,209.0446,212.147,208.88,211.2718,4108400.0
2019-01-18,213.027,214.5446,212.0384,214.2411,5393200.0
2019-01-22,212.7668,213.105,210.1652,211.5961,5218500.0
2019-01-23,213.4606,214.1284,210.7116,213.0877,4330300.0
2019-01-24,212.8709,213.504,211.7089,212.8709,2840400.0
2019-01-25,214.5358,215.5418,213.9201,214.5358,4110600.0
2019-01-28,212.2291,212.6627,210.8503,212.55,3560300.0
2019-01-29,212.7669,213.8942,212.42,213.0791,2432900.0
2019-01-30,215.4204,217.6665,214.8741,216.9554,5686200.0
2019-01-31,215.8887,217.1722,215.3597,216.9033,5649600.0
2019-02-01,217.3803,218.4036,216.5824,217.2155,3971400.0
2019-02-04,217.1721,218.8372,216.5217,218.8112,2576100.0
2019-02-05,219.7131,220.4415,219.2361,220.2334,3090500.0
2019-02-06,219.9472,220.5715,219.4442,220.1553,1913500.0
2019-02-07,218.8806,219.6957,216.9467,218.447,3884800.0
2019-02-08,217.2416,217.9873,216.0448,217.944,2942300.0
2019-02-11,218.6377,218.8112,217.1028,217.6144,2677600.0
2019-02-12,219.1581,221.0312,219.1147,220.7277,3080600.0
2019-02-13,221.5949,222.4881,221.2393,221.829,2918200.0
2019-02-14,220.7364,222.1499,219.9385,221.274,3811000.0
2019-02-15,222.7593,224.9419,222.7419,224.9158,4751100.0
2019-02-19,224.3158,225.6376,224.3158,225.0549,2744500.0
2019-02-20,225.0637,225.8811,224.6289,225.655,2454000.0
2019-02-21,225.168,225.4289,223.9158,224.8115,3197200.0
2019-02-22,225.4462,226.4463,225.2289,226.2376,3938500.0
2019-02-25,227.6986,228.142,226.742,226.8638,3585000.0
2019-02-26,226.0549,227.3941,225.7419,226.5593,3080200.0
2019-02-27,225.9332,226.455,225.0202,225.9767,2777200.0
2019-02-28,225.968,226.4115,225.2723,225.4636,2772900.0
2019-03-01,227.0898,227.4289,225.4202,226.455,3676900.0
2019-03-04,227.3941,227.5506,222.7853,224.594,4823900.0
2019-03-05,224.542,225.0985,223.8202,224.5159,2107200.0
2019-03-06,224.5593,224.742,223.0028,223.368,3222000.0
2019-03-07,222.9592,223.0375,220.5331,221.5766,4104600.0
2019-03-08,219.8983,221.6548,219.7766,221.4896,5495800.0
2019-03-11,219.8723,223.3332,219.5332,223.2724,5469400.0
2019-03-12,222.8201,223.4549,222.1158,222.4897,6570500.0
2019-03-13,223.3419,224.4115,222.6201,223.7854,5272800.0
2019-03-14,223.7679,224.2983,223.1505,223.9505,3409600.0
2019-03-15,224.4604,225.8285,223.3711,225.1227,4225100.0
2019-03-18,224.774,225.8023,224.5736,225.689,2786200.0
2019-03-19,226.665,227.4057,224.8263,225.5932,4761400.0
2019-03-20,225.2272,225.846,223.5628,224.2077,4382600.0
2019-03-21,223.4147,226.5431,223.3886,226.2032,3800000.0
2019-03-22,224.7567,225.3841,222.0988,222.1772,6226500.0
2019-03-25,221.9419,222.9876,220.9659,222.2731,4982500.0
2019-03-26,223.9985,224.6782,222.4736,223.4844,3278700.0
2019-03-27,223.6326,224.3297,221.4279,223.1794,3166200.0
2019-03-28,223.8852,224.1989,222.7262,224.0246,2434400.0
2019-03-29,225.3317,225.994,224.4516,225.811,4255900.0
2019-04-01,227.641,228.8872,227.0746,228.6519,6051700.0
2019-04-02,228.312,228.373,227.5103,228.0419,2320000.0
2019-04-03,228.8174,228.9394,227.6323,228.312,3265500.0
2019-04-04,228.5037,230.0025,228.4078,229.8631,4397000.0
2019-04-05,230.5428,230.7868,229.715,230.1943,3112700.0
2019-04-08,229.0353,229.5321,228.6345,229.3752,3231700.0
2019-04-09,228.4165,228.434,227.397,227.885,4161200.0
2019-04-10,228.2249,228.373,227.4406,227.9634,3602600.0
2019-04-11,228.2424,228.5299,227.0746,227.7892,2731700.0
2019-04-12,229.9417,230.3948,229.2532,230.116,3395200.0
2019-04-15,230.0723,230.2205,229.3142,229.8893,2190300.0
2019-04-16,231.1703,231.2051,229.9939,230.5167,2536000.0
2019-04-17,231.0134,231.0918,229.9852,230.5167,2873600.0
2019-04-18,231.0468,231.8751,230.5062,231.5525,3469200.0
2019-04-22,230.7155,231.4479,230.5759,231.1253,1604200.0
2019-04-23,231.4568,232.6862,231.1167,232.3549,3399200.0
2019-04-24,232.2676,232.5466,231.7008,231.8665,1899800.0
2019-04-25,230.2446,231.2822,229.303,230.6544,2333800.0
2019-04-26,230.5586,231.3608,230.0703,231.3608,1883100.0
2019-04-29,231.3433,231.8577,231.134,231.4479,1522500.0
2019-04-30,231.945,231.9886,230.2796,231.7532,2259200.0
2019-05-01,232.3461,232.6425,230.3145,230.3232,2902500.0
2019-05-02,229.9831,230.5848,228.1695,229.2158,3660200.0
2019-05-03,230.4714,231.2823,229.8436,231.0382,2161600.0
2019-05-06,227.0098,230.8028,226.7744,230.4278,3282600.0
2019-05-07,228.4311,228.8758,224.7951,226.2861,6758100.0
2019-05-08,226.1901,227.6724,225.6669,226.4081,4115200.0
2019-05-09,224.734,225.9112,222.6675,225.3444,7175400.0
2019-05-10,224.5944,227.1754,222.3797,226.6348,5456100.0
2019-05-13,222.0572,222.9553,220.2436,221.0109,6326000.0
2019-05-14,221.8217,224.2893,221.6822,223.0511,4308800.0
2019-05-15,221.6212,224.6381,221.2463,224.019,4151400.0
2019-05-16,224.9608,226.7744,224.83,225.9722,3889400.0
2019-05-17,224.0876,226.7362,223.9565,225.0317,3652900.0
2019-05-20,223.9565,225.0055,223.3272,224.3586,2613300.0
2019-05-21,225.696,226.2904,225.2414,226.1942,2376700.0
2019-05-22,225.4425,226.2729,225.0579,225.1715,2942600.0
2019-05-23,223.1785,223.2047,221.3953,222.689,4616900.0
2019-05-24,223.9565,224.3673,222.9163,223.8778,2258900.0
2019-05-28,223.8779,224.8306,221.5527,221.5615,4580100.0
2019-05-29,220.3465,220.5213,218.0738,219.6385,5192100.0
2019-05-30,220.0754,220.5736,219.245,220.1628,3454700.0
2019-05-31,217.995,218.5894,216.9723,216.9723,4891100.0
2019-06-03,217.0772,218.1874,215.9409,217.2171,5479600.0
2019-06-04,219.1664,221.7625,218.9741,221.7188,3796100.0
2019-06-05,223.0911,223.5981,222.0859,223.5369,2792400.0
2019-06-06,223.8778,225.827,223.362,225.2764,2796200.0
2019-06-07,225.9232,228.2483,225.8708,227.4879,3124900.0
2019-06-10,228.9127,229.4546,228.091,228.1347,3495900.0
2019-06-11,229.5945,229.7781,224.6033,228.0386,2792100.0
2019-06-12,227.9686,228.3707,227.2606,227.6627,1725500.0
2019-06-13,228.4406,228.9127,227.5928,228.6329,1882700.0
2019-06-14,228.3532,229.1312,227.6452,228.5892,2260900.0
2019-06-17,228.703,229.175,228.1173,228.7379,1319500.0
2019-06-18,230.0928,232.3392,229.8393,231.9284,6147700.0
2019-06-19,231.9895,232.6976,231.3165,232.1294,3920800.0
2019-06-20,234.3059,234.6993,232.4266,234.3322,3471800.0
2019-06-21,234.1982,235.6614,233.8564,234.0317,4446800.0
2019-06-24,234.2331,234.7413,234.0316,234.093,1654200.0
2019-06-25,234.2858,234.2946,232.3056,232.4195,7240300.0
2019-06-26,233.173,233.4972,232.3757,232.3844,2141400.0
2019-06-27,232.5859,232.9889,231.7535,232.323,1991500.0
2019-06-28,233.0153,233.2957,232.2531,232.9365,2176200.0
2019-07-01,235.2146,235.4774,233.0679,233.9178,3970200.0
2019-07-02,233.8038,234.5836,233.1905,234.5223,2775300.0
2019-07-03,235.1181,236.2221,235.0655,236.1871,1262900.0
2019-07-05,235.4423,236.117,234.2244,235.933,2157000.0
2019-07-08,234.7326,235.197,234.3559,234.8728,1423400.0
2019-07-09,233.6986,234.9253,233.6723,234.6975,1407000.0
2019-07-10,235.5563,236.4676,234.9693,235.4249,1978600.0
2019-07-11,236.2746,237.3786,235.8979,237.3786,2238500.0
2019-07-12,238.0271,239.5429,237.9745,239.5429,2411200.0
2019-07-15,239.6831,239.7269,239.1662,239.7269,2624500.0
2019-07-16,239.7445,240.0686,239.1136,239.5692,1780400.0
2019-07-17,239.4991,239.5955,238.4827,238.5704,1550800.0
2019-07-18,238.0273,238.9823,237.2299,238.5617,2119000.0
2019-07-19,239.5552,239.6955,237.9592,238.0382,2364300.0
2019-07-22,238.3187,238.6607,237.4681,238.2134,1623500.0
2019-07-23,239.2129,239.932,238.4763,239.704,1722900.0
2019-07-24,238.7396,239.2657,238.3713,239.0553,2355400.0
2019-07-25,238.9414,239.029,237.2226,237.9855,2348600.0
2019-07-26,238.2135,238.5643,237.74,238.3976,1731300.0
2019-07-29,238.3976,239.1166,238.2485,238.6343,1346000.0
2019-07-30,237.7224,238.652,237.3103,238.4415,1670600.0
2019-07-31,238.7835,239.1167,234.2235,235.4687,5058800.0
2019-08-01,235.7318,238.2661,232.7328,233.0485,7225300.0
2019-08-02,232.5662,232.9696,230.1284,232.2154,5691500.0
2019-08-05,228.8655,229.0058,223.7268,225.4543,6608200.0
2019-08-06,226.7258,228.313,225.4105,228.2517,4991000.0
2019-08-07,225.4807,228.6025,223.0516,228.2079,5089500.0
2019-08-08,229.2777,231.619,228.506,231.619,3637100.0
2019-08-09,231.014,231.8909,229.0936,230.786,3773000.0
2019-08-12,229.2426,229.9003,226.7347,227.4713,3072700.0
2019-08-13,227.1819,232.0576,226.7961,230.7773,4326300.0
2019-08-14,227.2783,227.7606,223.6654,223.683,6148000.0
2019-08-15,224.7002,225.3229,222.6746,224.8055,4034800.0
2019-08-16,226.3036,227.939,225.8464,227.6136,2743200.0
2019-08-19,230.392,230.5766,229.3193,229.7765,1971800.0
2019-08-20,229.4864,229.97,228.1324,228.3258,1975200.0
2019-08-21,230.2074,230.9372,229.9085,230.3832,2156300.0
2019-08-22,230.9811,231.9571,229.4337,230.8493,2329200.0
2019-08-23,229.715,231.4031,224.2374,225.3365,6293900.0
2019-08-26,227.7192,228.0885,226.119,227.8071,3145200.0
2019-08-27,229.0468,229.0908,226.1717,226.6641,3077200.0
2019-08-28,225.9783,229.0029,225.3805,228.9413,2741700.0
2019-08-29,231.1833,232.3262,230.3568,232.0273,3740600.0
2019-08-30,233.2319,233.3462,231.3856,232.2296,2442400.0
2019-09-03,230.4184,230.5327,228.6248,229.8469,3082900.0
2019-09-04,231.746,232.0713,231.0338,232.0537,1963100.0
2019-09-05,234.5156,236.2565,234.4892,235.3509,3614800.0
2019-09-06,235.6939,236.4588,235.1136,235.9137,2470100.0
2019-09-09,236.3796,236.8631,235.6586,236.3356,2243400.0
2019-09-10,236.0542,236.8807,235.2365,236.8543,2654300.0
2019-09-11,237.1445,238.9205,236.7049,238.8766,1899800.0
2019-09-12,239.6941,240.4151,238.6742,239.4304,3272200.0
2019-09-13,240.046,240.2746,239.5536,239.6767,2182700.0
2019-09-16,238.7975,239.3338,238.0941,238.4194,4077500.0
2019-09-17,237.9093,238.7798,237.7159,238.7622,1756200.0
2019-09-18,238.4809,239.2634,236.9335,239.1227,3052600.0
2019-09-19,239.5623,240.2041,238.3841,238.6391,2965600.0
2019-09-20,239.1829,239.509,237.1558,237.2969,4076900.0
2019-09-23,236.4156,237.9315,236.257,237.3938,1898300.0
2019-09-24,238.328,238.4954,235.2081,236.1688,3733300.0
2019-09-25,236.5479,238.0726,235.6842,237.5878,3391800.0
2019-09-26,237.9667,237.9667,236.1071,236.9708,2401100.0
2019-09-27,237.5878,237.9315,235.314,236.1865,3171000.0
2019-09-30,236.6447,237.808,236.6447,237.2352,2128800.0
2019-10-01,237.7464,238.2135,233.9479,233.992,3558400.0
2019-10-02,232.7228,232.7228,228.7657,229.7792,6690100.0
2019-10-03,229.4178,230.9337,226.8356,230.9161,5610300.0
2019-10-04,231.6829,234.3004,231.5419,234.133,2937500.0
2019-10-07,233.4807,234.8732,232.8373,233.3221,2104200.0
2019-10-08,231.4714,232.8551,230.3345,230.5372,3505200.0
2019-10-09,232.1765,232.8816,231.3304,232.1677,2020800.0
2019-10-10,231.9913,234.459,231.8855,233.56,2100800.0
2019-10-11,235.9926,238.0813,235.8604,236.3363,4177000.0
2019-10-14,235.8427,236.8386,235.7016,236.0718,1194600.0
2019-10-15,237.1824,239.0067,236.9532,238.1518,3168900.0
2019-10-16,237.7729,238.4515,237.4291,238.0284,2415000.0
2019-10-17,238.5484,238.9714,237.7023,238.2928,1883400.0
2019-10-18,237.7663,242.5197,236.0114,236.029,2232400.0
2019-10-21,236.3994,236.6728,235.8173,236.5317,1379600.0
2019-10-22,236.7697,237.5634,236.1347,236.1877,2534300.0
2019-10-23,236.4523,237.1402,235.7821,236.5582,1693400.0
2019-10-24,237.246,237.3342,235.5175,236.3289,1843700.0
2019-10-25,236.0996,238.2161,236.0202,237.7575,1825200.0
2019-10-28,238.7981,239.5036,238.2778,238.8246,1809600.0
2019-10-29,238.5248,239.5213,238.3837,238.8775,2884600.0
2019-10-30,238.8775,239.8652,238.0044,239.6447,2144700.0
2019-10-31,239.4949,239.5742,237.2901,238.5336,3021000.0
2019-11-01,239.7505,241.0557,239.6006,241.0557,2989400.0
2019-11-04,242.2817,242.5638,241.6026,242.1229,1543200.0
2019-11-05,242.5903,242.9695,242.017,242.3522,1706300.0
2019-11-06,242.5373,242.7049,241.6289,242.3433,1605900.0
2019-11-07,243.8955,245.2095,243.8955,244.3276,3023800.0
2019-11-08,244.4247,244.4952,243.4458,244.3453,1512000.0
2019-11-11,243.2163,244.645,242.8636,244.4245,1729000.0
2019-11-12,244.6626,245.1564,243.9659,244.5391,1694000.0
2019-11-13,243.7015,245.5182,243.5516,245.2096,2595600.0
2019-11-14,245.0596,245.4476,244.3629,245.3682,1582600.0
2019-11-15,246.3877,247.342,246.0608,247.3331,2363300.0
2019-11-18,247.1741,247.7042,247.0416,247.6247,1790500.0
2019-11-19,248.1195,248.1284,246.3878,246.7942,1928300.0
2019-11-20,246.1846,246.4143,244.4882,245.7959,2463600.0
2019-11-21,245.9107,245.9902,244.8769,245.3717,1382100.0
2019-11-22,245.955,246.5293,245.4337,246.379,1419300.0
2019-11-25,247.1035,248.1018,247.0681,248.093,1811100.0
2019-11-26,248.3316,248.7821,247.9251,248.5878,1300300.0
2019-11-27,248.8087,249.0737,248.2786,249.0737,1786300.0
2019-11-29,248.5347,248.7732,248.1283,248.2255,811900.0
2019-12-02,248.6673,248.7026,245.7959,245.7959,2544300.0
2019-12-03,243.3484,243.5339,241.7492,243.4191,3834300.0
2019-12-04,244.7357,245.4072,244.3911,244.7798,1928500.0
2019-12-05,245.4954,245.4954,243.9846,245.0536,1453000.0
2019-12-06,246.9002,248.2166,246.8472,248.0046,2686400.0
2019-12-09,247.7749,248.0223,247.1211,247.1741,1206100.0
2019-12-10,247.1123,247.5099,246.1758,246.9091,1406900.0
2019-12-11,246.6176,247.2979,246.1935,247.1389,1921700.0
2019-12-12,246.962,249.9925,246.7147,249.109,3768600.0
2019-12-13,249.0914,250.5757,248.2697,249.2504,3065500.0
2019-12-16,249.9749,251.0174,249.9749,250.0986,2117200.0
2019-12-17,250.2045,250.9201,249.9571,250.39,1697900.0
2019-12-18,250.7347,250.8407,250.1693,250.2223,1592600.0
2019-12-19,250.6109,251.3973,250.5403,251.3266,1815100.0
2019-12-20,252.36,252.6258,251.97,252.0941,3637000.0
2019-12-23,252.874,253.1576,252.7056,252.8652,2564700.0
2019-12-24,253.1311,253.1311,252.4575,252.5816,611600.0
2019-12-26,252.7766,253.5476,252.75,253.5121,931600.0
2019-12-27,254.1945,254.2122,253.3703,253.7514,1930200.0
2019-12-30,253.7603,253.8223,251.7929,252.1562,2552900.0
2019-12-31,251.6067,252.8474,251.2965,252.6613,1341300.0
2020-01-02,253.8488,255.7896,253.5918,255.7807,3865500.0
2020-01-03,252.8739,254.4425,252.7321,253.7424,3296700.0
2020-01-06,251.9435,254.3717,251.8283,254.3274,1645100.0
2020-01-07,253.7249,254.1592,253.0868,253.2286,1413000.0
2020-01-08,252.8564,255.8252,252.6436,254.6997,3136700.0
2020-01-09,256.0733,256.862,255.6125,256.6139,1783100.0
2020-01-10,256.9684,257.0393,255.0896,255.4441,2989600.0
2020-01-13,255.9315,256.1885,255.3554,256.1353,1463300.0
2020-01-14,256.0024,257.4381,255.8695,256.3126,2198500.0
2020-01-15,256.1264,258.1027,256.0733,257.314,2195100.0
2020-01-16,258.4483,259.6358,258.3065,259.6003,2522000.0
2020-01-17,260.2458,260.3256,259.5986,260.0242,2147400.0
2020-01-21,259.2884,260.0331,258.3397,258.7475,4476900.0
2020-01-22,259.3416,259.847,258.5259,258.7298,2077000.0
2020-01-23,257.7899,258.7741,256.7703,258.4904,1872600.0
2020-01-24,259.3769,259.5809,255.6531,256.9475,3612500.0
2020-01-27,252.5589,254.1548,251.6811,253.011,4129100.0
2020-01-28,253.7734,255.5201,253.3567,254.7221,2999200.0
2020-01-29,256.2294,256.4865,254.6512,254.7221,2126300.0
2020-01-30,253.2858,256.0344,252.5588,255.8305,3433200.0
2020-01-31,254.4297,254.6691,249.6861,250.4043,4885700.0
2020-02-03,251.5303,253.809,251.3618,251.7874,3157400.0
2020-02-04,255.068,256.2384,254.8375,255.3872,3004100.0
2020-02-05,257.7989,259.8204,257.0807,259.6608,3305900.0
2020-02-06,260.6892,260.7956,259.2972,260.4409,2857200.0
2020-02-07,259.5721,259.6165,257.7102,258.1801,3839300.0
2020-02-10,257.3023,259.7494,257.2669,259.7406,2877700.0
2020-02-11,260.9819,261.0439,259.1465,259.7317,1994500.0
2020-02-12,261.2301,262.3295,261.1414,262.1965,2804400.0
2020-02-13,261.0173,262.3029,260.6006,261.3985,2638000.0
2020-02-14,261.5317,261.6735,260.1396,261.1504,1861700.0
2020-02-18,259.9179,260.5652,258.6855,259.7406,2397800.0
2020-02-19,260.4676,261.3099,260.1307,260.7602,1474400.0
2020-02-20,260.2814,260.9287,257.2757,259.5898,3493900.0
2020-02-21,258.5442,258.7665,256.7216,257.6018,3271800.0
2020-02-24,249.2356,251.4139,248.0265,248.551,6595200.0
2020-02-25,249.6534,250.1513,239.9447,240.6737,9903700.0
2020-02-26,241.8206,244.7724,239.0111,239.8202,7477600.0
2020-02-27,235.4815,238.0332,228.8401,228.9379,11188900.0
2020-02-28,222.7322,226.8219,219.6026,226.324,17541400.0
2020-03-02,228.2356,237.6065,225.8795,237.4109,8544500.0
2020-03-03,238.0954,240.9583,228.6534,230.5383,11482600.0
2020-03-04,236.0061,241.0383,233.7923,240.8427,5408100.0
2020-03-05,234.957,236.9663,230.7694,232.4586,5872900.0
2020-03-06,225.5327,231.2495,224.4303,230.1382,7372400.0
2020-03-09,214.7126,219.6648,210.8629,212.241,10406900.0
2020-03-10,219.8604,222.7499,210.7918,222.6877,9407100.0
2020-03-11,216.5264,217.7444,207.6889,209.6805,7687200.0
2020-03-12,196.042,203.5991,188.3336,188.5826,17322600.0
2020-03-13,200.6207,206.6931,189.6317,206.3642,13676000.0
2020-03-16,183.5949,194.0949,179.1584,180.0297,12407000.0
2020-03-17,184.0482,190.6808,177.2379,189.7917,16128100.0
2020-03-18,176.989,182.6524,168.6316,177.2735,13369800.0
2020-03-19,176.3667,182.2436,170.9878,178.9806,13532100.0
2020-03-20,181.2831,183.0666,170.3235,171.1261,12206000.0
2020-03-23,169.5477,170.5019,162.387,165.9807,15712300.0
2020-03-24,175.0229,184.7786,174.9694,184.2703,14123600.0
2020-03-25,187.7749,196.3357,183.0933,189.1036,17556100.0
2020-03-26,191.2171,201.4186,190.8425,200.7053,16071900.0
2020-03-27,194.0529,199.0912,191.342,192.9293,10545600.0
2020-03-30,193.8298,199.5013,191.8145,198.9485,7691800.0
2020-03-31,197.923,200.4199,194.793,195.4974,8426600.0
2020-04-01,187.8463,191.5292,185.2781,186.7138,8570300.0
2020-04-02,185.7596,191.5381,184.7519,190.798,8231900.0
2020-04-03,189.7012,191.3242,186.0985,187.8018,6664500.0
2020-04-06,195.2478,203.2378,194.5076,202.0072,10322500.0
2020-04-07,209.9705,210.5947,201.9358,202.0696,10857700.0
2020-04-08,204.3347,209.7832,202.2836,208.9628,7010200.0
2020-04-09,212.0929,214.1885,209.6584,211.4687,9393200.0
2020-04-13,210.8177,211.0674,205.9577,208.6329,6761900.0
2020-04-14,212.8598,214.4382,211.2368,213.7337,5391900.0
2020-04-15,209.0966,210.9693,207.2329,209.6317,6828000.0
2020-04-16,210.1845,210.5056,207.0456,209.8635,6126400.0
2020-04-17,215.5649,216.5107,212.5759,216.3054,5924500.0
2020-04-20,212.567,215.1277,210.8004,211.1394,7357400.0
2020-04-21,206.4016,208.195,204.6885,205.4112,6571400.0
2020-04-22,209.1407,210.8092,208.2396,209.4709,4318000.0
2020-04-23,210.1312,213.1737,209.5245,209.7386,6364800.0
2020-04-24,211.1127,212.6473,208.9624,212.2012,3568500.0
2020-04-27,213.3522,216.0913,212.7544,215.3151,3632500.0
2020-04-28,218.6074,218.7413,214.4585,215.1098,4709900.0
2020-04-29,219.0267,220.9807,217.8847,219.8922,5015300.0
2020-04-30,217.8847,218.7502,215.8415,217.0103,4928900.0
2020-05-01,213.7626,214.4317,211.0145,211.7104,4723500.0
2020-05-04,209.8634,212.1297,208.4626,211.8353,3845500.0
2020-05-05,214.1552,215.6898,212.9774,213.0667,3143500.0
2020-05-06,214.4406,214.6191,211.1037,211.3357,3082300.0
2020-05-07,213.4593,215.1902,212.8436,213.1648,3411500.0
2020-05-08,216.1627,217.5279,215.3329,217.3672,3894800.0
2020-05-11,215.6363,217.6528,215.0296,216.4215,2743000.0
2020-05-12,217.5368,217.8312,212.2993,212.4242,6433900.0
2020-05-13,211.4249,211.9067,206.125,207.7311,7531300.0
2020-05-14,205.2863,211.2465,203.6981,211.2376,6964500.0
2020-05-15,209.3352,212.0976,208.6647,211.7936,4811100.0
2020-05-18,217.694,220.9928,217.5599,219.8574,5207700.0
2020-05-19,219.4283,219.9379,216.4066,216.5407,4404700.0
2020-05-20,219.3835,220.4384,218.7845,219.6785,3280600.0
2020-05-21,219.5176,221.1536,218.0247,219.0438,3378200.0
2020-05-22,218.9455,219.1153,217.3899,218.9186,2521100.0
2020-05-26,224.2467,225.3016,223.3885,223.7193,4872300.0
2020-05-27,226.8303,228.672,223.7908,228.6541,5326100.0
2020-05-28,230.5315,230.5941,226.9735,227.3847,4957600.0
2020-05-29,226.4192,228.2519,224.1038,227.331,5082300.0
2020-06-01,226.8751,228.4575,225.9096,228.2071,2060800.0
2020-06-02,229.3514,230.5762,228.6005,230.5136,3045800.0
2020-06-03,232.7486,236.0116,232.1317,235.2696,5184500.0
2020-06-04,234.5544,236.396,233.6783,235.4126,3937100.0
2020-06-05,241.7331,244.9067,241.1878,242.7522,7866800.0
2020-06-08,243.968,247.0791,243.968,246.9897,4667600.0
2020-06-09,244.272,245.8633,243.2797,244.3972,4632600.0
2020-06-10,244.2363,245.1124,241.3845,241.7868,6531200.0
2020-06-11,234.3488,235.5736,224.7295,225.3106,14257800.0
2020-06-12,231.5417,232.7217,224.7742,229.5213,9817200.0
2020-06-15,223.755,232.078,222.6912,230.9605,7421300.0
2020-06-16,238.774,238.8187,231.2645,235.8507,9238000.0
2020-06-17,236.5569,236.6374,233.5621,234.0627,3669300.0
2020-06-18,232.4715,234.4561,231.64,233.732,3268700.0
2020-06-19,236.8816,237.1057,230.9642,232.0311,5852600.0
2020-06-22,231.2064,233.6271,230.1305,233.394,2823500.0
2020-06-23,235.6442,235.9312,234.0215,234.4518,2948000.0
2020-06-24,232.4077,232.6767,226.7773,228.2925,5903500.0
2020-06-25,227.1359,231.0539,225.9883,230.8118,4312300.0
2020-06-26,229.207,229.5656,223.8724,224.4821,5331400.0
2020-06-29,226.0959,229.6284,224.9932,229.4401,3759000.0
2020-06-30,228.687,232.2553,228.3732,231.1974,3667900.0
2020-07-01,232.0939,233.3402,230.5429,230.6953,3575300.0
2020-07-02,234.1381,235.0526,231.2063,231.6905,3830000.0
2020-07-06,235.0437,235.8416,233.8871,235.7968,2989100.0
2020-07-07,234.0933,234.7657,232.0133,232.2464,2828700.0
2020-07-08,232.7843,234.174,231.5381,233.7526,2837800.0
2020-07-09,233.8871,234.174,228.938,230.6325,3995600.0
2020-07-10,230.5967,234.1471,229.9332,233.8422,3110100.0
2020-07-13,235.8506,238.9527,233.6271,234.0395,4876000.0
2020-07-14,233.5912,239.4278,233.1967,239.0154,7614300.0
2020-07-15,242.4941,242.5568,239.4278,241.0954,5220600.0
2020-07-16,239.5265,241.1134,238.5044,239.8044,2478100.0
2020-07-17,240.4244,240.5321,238.8272,239.3387,3415100.0
2020-07-20,239.0247,240.1462,237.8043,239.4105,4017400.0
2020-07-21,241.2051,242.5061,240.1553,240.7744,3173200.0
2020-07-22,240.3078,242.5779,240.2629,242.2459,2039300.0
2020-07-23,241.9408,242.0664,238.3337,239.2938,2838000.0
2020-07-24,237.912,238.9798,236.925,237.4993,2637700.0
2020-07-27,237.5711,238.9529,237.1942,238.6299,2637900.0
2020-07-28,237.7057,238.3248,236.5482,236.8174,1989300.0
2020-07-29,237.0507,238.7376,236.7008,238.2262,1917900.0
2020-07-30,235.5164,236.7187,233.2373,236.2342,3055600.0
2020-07-31,236.6647,237.3197,233.4525,237.1941,3306800.0
2020-08-03,238.3786,239.7066,238.0915,239.3207,2569300.0
2020-08-04,238.935,240.8462,238.7017,240.8372,1909800.0
2020-08-05,242.2549,244.3007,242.1742,244.0584,2122900.0
2020-08-06,243.7264,245.8798,243.6725,245.7632,1948100.0
2020-08-07,245.162,246.5887,244.4891,246.4092,2311300.0
2020-08-10,247.2078,249.6932,247.1808,249.5676,2313900.0
2020-08-11,252.044,252.8336,248.0691,248.7152,4546400.0
2020-08-12,251.093,251.9005,250.088,251.2724,2641600.0
2020-08-13,250.4559,251.4339,249.6484,250.7161,1668300.0
2020-08-14,249.6484,251.3801,249.3522,251.0571,2247000.0
2020-08-17,251.3621,251.4608,249.8906,250.2944,2436900.0
2020-08-18,250.4289,250.6712,248.6433,249.6214,1678300.0
2020-08-19,250.0521,251.0032,248.5178,248.9305,3374300.0
2020-08-20,247.6835,249.7472,247.5309,249.3255,2063700.0
2020-08-21,249.1222,251.4332,248.9603,251.1454,2601200.0
2020-08-24,253.3305,254.7063,252.2065,254.6434,2622800.0
2020-08-25,255.5876,255.5876,252.7011,254.1398,3346000.0
2020-08-26,254.1306,255.0299,253.1954,254.868,2647500.0
2020-08-27,255.7765,257.5839,255.093,256.316,3432800.0
2020-08-28,257.3859,258.483,256.2798,257.8085,2715500.0
2020-08-31,257.4129,257.4848,255.2817,255.6324,4070100.0
2020-09-01,255.138,258.0156,254.6345,257.8897,3023600.0
2020-09-02,259.0495,262.6285,258.6179,261.8641,3464300.0
2020-09-03,261.6485,262.8984,252.7731,254.7874,6118500.0
2020-09-04,256.1991,256.9904,249.0952,253.3755,7145800.0
2020-09-08,250.7228,250.7318,247.2967,247.6654,4780100.0
2020-09-09,250.0663,254.0229,249.4369,251.649,3488900.0
2020-09-10,252.8,253.7352,247.1528,247.9981,3455800.0
2020-09-11,249.0412,250.7228,247.2518,249.1671,2787500.0
2020-09-14,250.8127,253.0697,250.5879,252.2604,2371700.0
2020-09-15,253.9599,254.3915,251.6759,252.3053,2331800.0
2020-09-16,253.1688,255.5877,252.4853,252.7101,2651800.0
2020-09-17,249.7067,252.818,249.1671,251.3972,3305300.0
2020-09-18,251.5025,251.845,247.6717,249.2491,3156700.0
2020-09-21,244.7963,245.3282,240.7131,244.6702,5936900.0
2020-09-22,244.8776,246.2928,243.183,245.9052,3169800.0
2020-09-23,247.14,247.5095,240.7402,241.1909,3575900.0
2020-09-24,240.5418,244.1654,239.1087,241.6596,4432100.0
2020-09-25,240.4518,245.4545,239.9741,244.9046,3606800.0
2020-09-28,248.1134,249.79,247.6267,248.6903,2790200.0
2020-09-29,248.42,248.7625,246.3378,247.3564,1971100.0
2020-09-30,247.8791,252.5392,247.8791,250.1325,4028500.0
2020-10-01,251.782,252.7014,249.2942,250.7094,2968000.0
2020-10-02,247.131,251.043,246.6172,249.5016,4771600.0
2020-10-05,251.2953,253.8191,251.2592,253.747,1862500.0
2020-10-06,254.6754,255.5588,249.8981,250.3308,4364400.0
2020-10-07,252.6384,255.694,252.5933,255.018,2422600.0
2020-10-08,256.4602,256.6044,254.8107,256.2529,2148000.0
2020-10-09,257.4427,258.5244,256.3611,257.7311,2549100.0
2020-10-12,258.6504,261.0481,258.4071,260.0115,2534800.0
2020-10-13,259.2906,259.6962,257.8123,258.4613,2430600.0
2020-10-14,258.894,259.552,256.5143,257.0101,2264000.0
2020-10-15,254.2158,257.2534,253.8823,256.929,3128000.0
2020-10-16,258.1165,260.0372,257.8009,257.873,2409300.0
2020-10-19,258.4772,258.856,253.6438,254.3202,2837600.0
2020-10-20,255.3391,257.5935,254.5185,255.1498,3339000.0
2020-10-21,254.7801,256.5205,254.1399,254.2661,2907100.0
2020-10-22,254.3834,256.241,252.7602,255.7811,2324200.0
2020-10-23,256.5024,256.5836,253.8513,255.5015,2161000.0
2020-10-26,252.6159,252.8413,246.8086,249.7844,5140600.0
2020-10-27,249.7393,249.8475,247.6202,247.6743,3029800.0
2020-10-28,242.5703,244.1484,238.9814,239.3962,5815200.0
2020-10-29,239.0806,242.5163,236.9886,240.3972,5479400.0
2020-10-30,238.9904,240.1536,235.726,239.0174,5271200.0
2020-11-02,242.4802,243.923,240.7037,242.7507,5062900.0
2020-11-03,245.8709,249.2705,245.4561,247.6654,4343000.0
2020-11-04,248.7925,255.249,248.4859,251.1461,6766400.0
2020-11-05,254.5546,256.9622,254.3562,256.0154,4316200.0
2020-11-06,256.0515,256.4393,254.1939,255.3932,3078200.0
2020-11-09,269.2712,270.0647,262.7606,263.0582,10839300.0
2020-11-10,264.4829,265.9798,262.7696,265.574,4354500.0
2020-11-11,266.9805,267.0436,264.149,265.2131,2910400.0
2020-11-12,263.509,264.5009,260.7767,262.4539,4361900.0
2020-11-13,264.1853,266.8454,263.6893,266.1511,3090400.0
2020-11-16,269.8754,270.5967,268.3334,270.5066,4615000.0
2020-11-17,268.0989,269.7581,266.5569,269.0007,4049200.0
2020-11-18,269.8032,270.2991,265.7994,265.7994,3566400.0
2020-11-19,265.1682,266.7463,264.1222,266.3134,3266600.0
2020-11-20,265.8996,266.234,264.074,264.3723,3090200.0
2020-11-23,265.9357,268.0956,265.2308,267.4088,2855600.0
2020-11-24,270.1652,272.1263,269.5868,271.5117,4022700.0
2020-11-25,271.0779,271.1593,269.3608,269.9844,2629200.0
2020-11-27,270.617,271.3039,269.4693,270.4363,1518000.0
2020-11-30,268.8817,269.1348,266.3784,268.0684,4159300.0
2020-12-01,270.8792,272.036,269.4784,269.7134,2841100.0
2020-12-02,268.5025,270.5268,267.8246,270.3822,2481700.0
2020-12-03,270.5628,272.3883,270.2645,271.1773,3140900.0
2020-12-04,271.792,273.4639,271.6655,273.4639,2747300.0
2020-12-07,272.7227,273.0752,271.1231,272.1172,2589900.0
2020-12-08,271.1322,273.7169,271.1051,273.1114,2205400.0
2020-12-09,274.0332,274.3766,271.096,271.9185,3074500.0
2020-12-10,271.1141,272.1625,270.4002,271.6112,2413000.0
2020-12-11,270.6081,272.1896,269.9303,271.9637,2454300.0
2020-12-14,273.8524,274.5573,270.2194,270.3098,3646100.0
2020-12-15,271.9817,273.7801,270.6532,273.4909,4211500.0
2020-12-16,273.4187,273.7169,272.3161,273.0662,1977300.0
2020-12-17,274.0332,274.476,273.6988,274.2772,3002900.0
2020-12-18,274.4293,274.4927,271.8577,273.3698,4442100.0
2020-12-21,270.5537,274.3387,269.3132,273.5872,6340800.0
2020-12-22,273.3156,273.3518,271.5227,271.7128,2698200.0
2020-12-23,272.736,274.1757,272.6817,272.8084,2714400.0
2020-12-24,273.1525,273.551,272.4915,273.4785,1955700.0
2020-12-28,274.9907,276.3127,274.6829,275.2714,2382400.0
2020-12-29,276.5663,276.8108,274.04,274.7825,2319600.0
2020-12-30,275.371,276.2946,275.1446,275.3891,2081300.0
2020-12-31,275.2715,277.3451,274.6829,276.8923,2797000.0
2021-01-04,277.6166,277.68,270.5084,273.7501,5106600.0
2021-01-05,273.3971,276.2222,272.899,275.1266,3355200.0
2021-01-06,275.0451,280.9218,274.4203,279.0836,7290300.0
2021-01-07,280.4509,282.4973,279.8532,281.1572,4107900.0
2021-01-08,281.8362,281.9992,278.8843,281.6461,3234900.0
2021-01-11,279.3372,281.61,279.2738,280.8585,2811400.0
2021-01-12,280.8675,281.8364,279.7175,281.3745,2290900.0
2021-01-13,281.275,282.1533,280.6321,281.275,1854400.0
2021-01-14,282.1443,282.76,280.605,280.7498,3232400.0
2021-01-15,279.0177,280.2044,277.224,279.1173,4009100.0
2021-01-19,281.1464,281.4907,279.5521,280.2043,2781700.0
2021-01-20,281.21,282.9402,280.7662,282.4239,2398400.0
2021-01-21,282.6412,283.2753,281.9074,282.5143,1930000.0
2021-01-22,280.6935,281.7443,279.996,280.7932,2049700.0
2021-01-25,279.9055,280.6211,276.8527,280.5034,4546400.0
2021-01-26,281.3096,281.8984,280.1047,280.2678,2256100.0
2021-01-27,277.6862,277.8492,273.6641,274.7149,5743100.0
2021-01-28,276.2729,280.295,276.137,277.2603,6392100.0
2021-01-29,275.3128,276.0918,270.4845,271.5897,5929900.0
2021-02-01,273.827,274.7963,271.8884,273.5915,3138600.0
2021-02-02,275.8742,279.3981,275.8561,277.9396,3090500.0
2021-02-03,277.2875,278.9543,276.4541,278.3383,2087800.0
2021-02-04,278.8727,281.4272,278.8002,281.4272,2638800.0
2021-02-05,282.9581,283.1302,281.6084,282.2153,1955600.0
2021-02-08,283.2662,284.3442,283.0035,284.3442,1690000.0
2021-02-09,283.7734,284.8967,283.1484,284.3713,1798700.0
2021-02-10,285.5038,285.5672,282.9039,284.8969,3048000.0
2021-02-11,285.4311,286.038,283.3566,285.0597,1937100.0
2021-02-12,284.6974,285.4765,284.2897,285.3859,2479500.0
2021-02-16,286.5545,286.7447,285.2319,285.8751,1836300.0
2021-02-17,285.0689,287.08,284.3261,286.7992,2007400.0
2021-02-18,285.1232,286.2556,283.8822,285.857,2609600.0
2021-02-19,286.4479,287.1104,285.513,285.8217,2314900.0
2021-02-22,283.9883,287.2466,283.8703,286.0848,2978000.0
2021-02-23,285.6854,287.2465,282.8084,286.2482,5723400.0
2021-02-24,285.6037,290.4685,285.1499,290.0056,4290300.0
2021-02-25,290.1691,290.3597,284.0428,284.9685,7648600.0
2021-02-26,285.3679,285.386,280.249,280.8571,7925600.0
2021-03-01,284.5147,287.6368,284.4875,286.4297,4749700.0
2021-03-02,286.5479,287.1923,284.9959,285.1592,4075700.0
2021-03-03,284.9321,286.6838,283.9247,284.0699,5148100.0
2021-03-04,284.2516,285.8217,277.4355,280.9751,8577600.0
2021-03-05,283.6253,286.8472,279.4503,286.1121,7016100.0
2021-03-08,287.4826,292.0025,286.6476,288.844,8230700.0
2021-03-09,289.9512,292.0387,289.0164,289.1707,5829900.0
2021-03-10,290.9133,294.344,290.8588,293.4546,6472200.0
2021-03-11,294.7069,296.7581,293.9083,295.2697,5745900.0
2021-03-12,295.5783,298.1377,295.424,297.9743,4257200.0
2021-03-15,298.7641,299.7262,296.6131,299.59,4456000.0
2021-03-16,299.3719,299.5081,297.9833,298.4734,3270600.0
2021-03-17,298.7913,300.4431,298.038,300.2071,4338200.0
2021-03-18,299.7807,302.1041,298.392,298.9275,5376500.0
2021-03-19,298.3826,298.4645,295.5543,296.491,5628800.0
2021-03-22,296.0727,298.2827,295.5998,297.6097,3807600.0
2021-03-23,296.7728,297.8278,294.1536,294.7175,5068400.0
2021-03-24,295.827,298.0552,294.7357,294.7357,6099000.0
2021-03-25,293.4898,297.0458,291.5891,296.6547,5557900.0
2021-03-26,297.9371,300.9292,297.1004,300.6746,4956600.0
2021-03-29,299.4738,302.3568,299.1191,301.6292,5200900.0
2021-03-30,301.0746,301.5749,299.9196,300.8655,4568800.0
2021-03-31,300.6744,301.5929,300.0651,300.2833,3763700.0
2021-04-01,300.8291,301.5749,299.8651,301.4385,5936100.0
2021-04-05,303.703,305.7129,303.6757,304.8489,5632700.0
2021-04-06,304.385,305.0489,303.5574,304.094,2987500.0
2021-04-07,303.8848,304.8216,303.2482,304.094,2658500.0
2021-04-08,304.0303,304.8033,303.2391,304.7852,2665000.0
2021-04-09,305.3218,307.4681,304.9944,307.268,3034700.0
2021-04-12,306.7223,307.268,306.1675,306.986,2951500.0
2021-04-13,306.1493,306.8678,305.1126,306.2949,3391700.0
2021-04-14,306.313,308.4047,306.2493,306.9678,3966800.0
2021-04-15,308.1503,309.8691,308.1503,309.6145,3881800.0
2021-04-16,310.8899,311.5267,310.2076,311.0082,3748900.0
2021-04-19,310.2894,310.5078,308.9976,309.9983,3222800.0
2021-04-20,308.7702,309.1886,306.3593,307.6057,3762900.0
2021-04-21,307.16,310.7171,307.0963,310.4987,4191200.0
2021-04-22,310.3349,310.4168,306.6686,307.6057,4962500.0
2021-04-23,307.269,310.7625,306.705,309.7072,3613900.0
2021-04-26,310.3621,310.6623,308.7609,309.1976,2090900.0
2021-04-27,308.9521,309.7071,308.1333,309.1613,2732700.0
2021-04-28,308.6155,308.852,307.551,307.8331,3025100.0
2021-04-29,309.2159,310.0983,306.9233,309.8345,3688400.0
2021-04-30,308.3334,308.9975,307.36,308.3516,2909600.0
2021-05-03,310.0346,311.2992,309.8163,310.3257,2698400.0
2021-05-04,309.3068,310.7079,307.1507,310.6715,4478300.0
2021-05-05,311.3628,312.318,309.6524,311.39,3506100.0
2021-05-06,311.9816,314.4471,311.0537,314.3288,4276700.0
2021-05-07,314.0194,316.8578,313.6919,316.4848,3526500.0
2021-05-10,317.7403,319.4052,316.221,316.3575,6092500.0
2021-05-11,313.8555,314.0648,310.1256,311.9633,8396400.0
2021-05-12,310.7261,311.3447,305.4131,305.677,7034100.0
2021-05-13,305.9498,311.1718,305.9225,309.7253,5741300.0
2021-05-14,311.4175,313.801,311.0263,313.1915,4677300.0
2021-05-17,312.3454,313.983,311.1719,312.6366,3262200.0
2021-05-18,312.8185,313.4098,310.1074,310.3257,3462300.0
2021-05-19,307.0962,308.9157,304.9492,308.8065,7223900.0
2021-05-20,309.0794,311.9906,308.7155,310.6987,4532800.0
2021-05-21,312.0416,313.6643,311.1209,311.8137,4481000.0
2021-05-24,313.0261,314.2295,312.7344,313.564,2531800.0
2021-05-25,314.2205,314.5122,312.379,312.853,2623200.0
2021-05-26,313.1994,313.7099,312.388,312.935,2064500.0
2021-05-27,314.8313,315.5697,313.4821,314.1476,3026200.0
2021-05-28,315.7701,315.8613,314.8312,315.0956,2641400.0
2021-06-01,317.7395,317.8397,315.0593,315.3054,2584300.0
2021-06-02,316.1076,316.6545,315.1959,315.752,2576700.0
2021-06-03,314.1566,316.2989,313.1994,315.442,4436400.0
2021-06-04,316.3992,317.2378,315.916,317.1558,2594200.0
2021-06-07,317.7029,317.7393,315.442,315.9616,2224300.0
2021-06-08,316.0528,316.2533,314.2842,315.7337,2748700.0
2021-06-09,315.9162,316.2261,314.2297,314.3208,2591200.0
2021-06-10,315.916,317.0008,314.3297,314.4938,3089400.0
2021-06-11,315.4512,315.9252,313.2086,314.6216,3003000.0
2021-06-14,314.3572,314.3937,312.2058,313.8741,2527000.0
2021-06-15,314.0654,314.0836,312.1145,313.0626,2138500.0
2021-06-16,313.0627,313.2724,309.4891,310.6469,4032000.0
2021-06-17,310.4644,311.1208,306.8726,308.7232,5169100.0
2021-06-18,305.2478,306.0694,303.7231,303.9787,7126600.0
2021-06-21,306.0784,309.575,305.3024,309.292,5435700.0
2021-06-22,309.2464,310.7802,308.0778,309.9037,4042100.0
2021-06-23,310.0315,310.5519,309.2007,309.292,3082700.0
2021-06-24,311.0175,312.5238,310.7436,312.2134,3704700.0
2021-06-25,313.7746,314.9523,313.2268,314.4684,3638000.0
2021-06-28,314.3589,314.4411,312.0674,312.9621,3606300.0
2021-06-29,314.0394,314.7241,312.7886,313.0168,2375800.0
2021-06-30,312.5787,315.4363,312.5513,314.925,3778900.0
2021-07-01,315.6829,316.2489,314.8978,316.2124,3606900.0
2021-07-02,316.8331,317.9743,316.0479,317.6548,3013500.0
2021-07-06,317.4814,317.81,313.6926,315.7194,3910600.0
2021-07-07,315.5641,316.9244,314.4503,316.7236,3347000.0
2021-07-08,312.7431,314.9707,311.8028,314.4047,6379900.0
2021-07-09,316.4042,318.6866,315.7377,318.3762,5063100.0
2021-07-12,317.7187,319.8002,317.1344,319.5628,3999800.0
2021-07-13,319.1064,319.7638,318.4856,318.6226,3310200.0
2021-07-14,319.709,320.1655,318.0383,318.9969,3933300.0
2021-07-15,317.6182,319.5354,317.3809,319.4807,5082600.0
2021-07-16,320.3824,320.4007,316.3813,316.7467,5710400.0
2021-07-19,312.2248,319.752,308.1962,310.48,9715300.0
2021-07-20,310.8546,316.1802,310.3613,315.2302,5802200.0
2021-07-21,316.9567,318.0346,316.4086,317.8885,3056800.0
2021-07-22,317.6875,318.6375,316.6918,318.1351,2429300.0
2021-07-23,319.7247,320.629,319.003,320.2454,4142300.0
2021-07-26,319.7245,321.0491,319.2586,321.0126,2466600.0
2021-07-27,319.7429,320.3458,318.5645,320.291,3902600.0
2021-07-28,320.6565,320.8483,318.5463,319.1401,3697700.0
2021-07-29,320.5925,321.2867,320.0718,320.4737,2425700.0
2021-07-30,319.6148,320.6471,318.5095,319.2495,3576700.0
2021-08-02,320.1355,321.4692,317.9522,318.2172,2827100.0
2021-08-03,318.8933,320.8117,317.0846,320.7203,3819300.0
2021-08-04,319.3501,319.7977,317.788,317.8885,3118500.0
2021-08-05,318.6741,320.3183,318.5096,320.2818,2261400.0
2021-08-06,321.2045,321.9992,321.0583,321.6338,2123700.0
2021-08-09,321.1861,321.6063,320.2269,320.775,2322500.0
2021-08-10,321.0126,322.4103,320.6472,322.2184,2841000.0
2021-08-11,323.3238,324.4017,323.1045,324.2373,3422500.0
2021-08-12,324.4656,324.5204,323.141,324.5021,3118600.0
2021-08-13,325.0686,325.5436,324.2921,324.6484,2414900.0
2021-08-16,323.7531,325.7537,322.1545,325.7263,3634600.0
2021-08-17,323.2964,323.9907,321.104,323.2233,5019600.0
2021-08-18,322.1179,323.4151,319.6241,319.8341,4038000.0
2021-08-19,317.2854,320.1629,317.2671,319.2495,5442200.0
2021-08-20,319.3512,321.886,318.9394,321.3461,3394800.0
2021-08-23,322.9932,324.2286,322.9566,323.4416,3569200.0
2021-08-24,324.0181,324.3933,323.5971,323.7069,1981400.0
2021-08-25,323.7436,324.8967,322.9567,324.1097,2434700.0
2021-08-26,324.375,324.86,322.1787,322.2611,3008900.0
2021-08-27,322.7095,324.7227,322.7095,324.4665,3163700.0
2021-08-30,324.8233,325.0613,323.835,324.018,2482000.0
2021-08-31,323.762,324.6771,323.1946,323.8718,2913800.0
2021-09-01,324.2103,324.2652,323.2952,323.5331,2739200.0
2021-09-02,324.6587,325.0247,323.8717,324.741,2390000.0
2021-09-03,323.6519,324.5396,323.112,324.0729,2465400.0
2021-09-07,323.6156,323.6613,321.1905,321.6023,3168500.0
2021-09-08,321.0349,322.2703,319.9551,320.9526,3075700.0
2021-09-09,320.7969,322.5813,319.2961,319.653,3484700.0
2021-09-10,321.4285,321.8037,317.1458,317.2648,4539000.0
2021-09-13,319.287,320.2296,317.9693,319.6439,5439700.0
2021-09-14,320.6507,320.8063,316.3589,317.0544,3902200.0
2021-09-15,316.9994,319.7904,316.4228,319.2047,3267300.0
2021-09-16,319.2871,320.3577,316.6241,318.619,3646000.0
2021-09-17,318.0744,318.8538,316.4329,316.9648,5380900.0
2021-09-20,311.9944,313.7735,308.1154,311.2425,10010600.0
2021-09-21,313.0857,314.608,310.8849,310.9765,6071100.0
2021-09-22,312.8563,315.7633,312.1961,314.0852,6862700.0
2021-09-23,316.2036,319.7434,315.9469,318.7255,5592200.0
2021-09-24,317.7534,319.5233,317.5792,319.0097,3121600.0
2021-09-27,319.3949,321.4215,319.2849,319.6883,3426000.0
2021-09-28,318.4962,318.9639,314.0027,314.4704,7493800.0
2021-09-29,315.3416,316.9922,314.4337,315.2498,4116600.0
2021-09-30,316.4512,316.7814,310.0595,310.2246,7926000.0
2021-10-01,311.8201,316.1761,309.6651,314.7088,6219800.0
2021-10-04,314.1861,315.4883,310.0228,311.8018,7037700.0
2021-10-05,312.829,316.2587,312.2238,314.6631,3826100.0
2021-10-06,312.2328,315.7359,310.3896,315.5708,6276300.0
2021-10-07,318.0927,320.7521,318.001,318.7897,5310400.0
2021-10-08,319.0555,319.5507,317.8267,318.6979,3658300.0
2021-10-11,318.8171,320.5595,316.2494,316.3595,4098400.0
2021-10-12,316.8272,317.3866,314.718,315.2591,5100300.0
2021-10-13,315.4149,315.9743,312.8197,315.3599,4189100.0
2021-10-14,318.4045,320.2478,317.8451,320.1653,4473900.0
2021-10-15,322.5844,323.8962,321.9147,323.6852,4206800.0
2021-10-18,322.2998,323.9419,321.2999,323.364,3310600.0
2021-10-19,324.4373,325.2078,323.6392,325.162,2380900.0
2021-10-20,325.2077,327.1065,325.0792,326.602,2873800.0
2021-10-21,326.0151,326.6573,325.0152,326.538,2243800.0
2021-10-22,326.5471,328.0607,325.9508,327.2534,3872300.0
2021-10-25,327.8224,328.3086,326.8408,327.9967,2518200.0
2021-10-26,328.9231,329.2625,327.8315,327.9507,3182200.0
2021-10-27,328.492,328.6846,325.6207,325.6391,3542100.0
2021-10-28,326.3453,327.8406,326.3453,327.7672,2490500.0
2021-10-29,327.1709,328.8864,326.9325,328.6204,2979600.0
2021-11-01,329.7395,330.2899,328.391,329.446,2548400.0
2021-11-02,329.7027,331.0512,329.134,330.7668,2629000.0
2021-11-03,330.1615,331.9319,329.2349,331.6751,3557400.0
2021-11-04,331.4733,331.7577,330.1248,331.4825,3870900.0
2021-11-05,332.9594,334.7758,331.9779,333.2713,4489000.0
2021-11-08,334.8859,335.4179,333.2988,334.207,3056000.0
2021-11-09,334.0877,334.1885,331.9136,333.2529,3680600.0
2021-11-10,332.5557,333.6657,330.5009,331.2256,3529000.0
2021-11-11,331.3357,331.3999,329.6753,329.7487,2461200.0
2021-11-12,330.877,331.8402,329.8587,331.4182,3099800.0
2021-11-15,332.6292,332.7485,330.8588,331.3816,2555000.0
2021-11-16,331.9136,333.4914,331.8035,332.0145,2728600.0
2021-11-17,331.5651,331.6935,329.8221,330.1065,2976000.0
2021-11-18,330.2716,330.29,327.6113,329.6478,3438100.0
2021-11-19,328.9502,328.9502,326.6432,327.1303,3542200.0
2021-11-22,328.5733,330.1909,327.2956,327.3968,4929200.0
2021-11-23,327.4702,329.3912,326.6062,329.0695,5789300.0
2021-11-24,327.2681,329.2351,327.0291,329.0788,4246700.0
2021-11-26,322.0014,323.0401,319.2716,320.7974,9075000.0
2021-11-29,324.0788,324.2442,320.7056,322.792,5243000.0
2021-11-30,320.5033,321.7074,316.5142,317.0106,9543500.0
2021-12-01,319.8966,322.0474,312.8008,312.9295,8415000.0
2021-12-02,314.1704,319.8139,313.5822,318.5823,8326400.0
2021-12-03,319.7312,320.3194,315.3377,318.2422,11365300.0
2021-12-06,321.0181,325.3931,320.6228,324.2902,7026500.0
2021-12-07,327.1487,329.612,327.02,328.8123,5271500.0
2021-12-08,329.2076,329.851,327.5991,329.0421,3355600.0
2021-12-09,327.9023,330.1358,327.5346,329.1523,3774500.0
2021-12-10,330.5127,331.1928,328.6928,331.101,3855200.0
2021-12-13,330.3656,330.8803,327.7736,328.1689,4563000.0
2021-12-14,326.9465,329.4282,326.2664,327.3694,4079700.0
2021-12-15,327.0567,330.8619,325.7791,330.7149,9274900.0
2021-12-16,332.0568,333.1965,329.3362,330.3748,9493700.0
2021-12-17,328.093,328.6731,324.7872,325.6344,10638300.0
2021-12-20,321.7208,321.9603,319.1057,321.6195,7303400.0
2021-12-21,324.2807,326.8774,323.6821,326.813,4693300.0
2021-12-22,326.8498,329.2532,326.1316,329.0967,2999500.0
2021-12-23,330.0176,331.9605,329.8058,330.9108,2655000.0
2021-12-27,331.5554,334.2258,331.2239,334.189,2594300.0
2021-12-28,334.3638,336.2147,334.1613,335.1742,3048500.0
2021-12-29,335.0913,336.6936,334.99,335.9569,3012200.0
2021-12-30,336.7395,337.6879,334.8149,335.2477,2863200.0
2021-12-31,334.7322,335.8648,334.1797,334.5573,3133800.0
2022-01-03,335.4966,336.887,333.618,336.7305,5624100.0
2022-01-04,338.2591,339.981,338.1394,338.7471,5462200.0
2022-01-05,338.5996,340.2479,335.1649,335.2662,7638000.0
2022-01-06,335.2846,335.7818,333.3048,333.7008,7019800.0
2022-01-07,333.2405,335.0638,332.5407,333.6273,5806300.0
2022-01-10,332.4854,332.6235,328.2219,332.2276,8091800.0
2022-01-11,332.1355,334.0324,329.3822,333.8391,7310900.0
2022-01-12,334.9348,335.6991,333.0379,334.2166,4493200.0
2022-01-13,335.3769,336.2241,331.9146,332.6052,6418100.0
2022-01-14,329.8517,331.3158,328.185,330.7081,8575400.0
2022-01-18,327.1999,327.2275,324.7044,325.8371,8166100.0
2022-01-19,326.8131,327.4024,322.4852,322.6141,7386500.0
2022-01-20,323.6546,326.9419,319.3543,319.8331,8968700.0
2022-01-21,319.8498,321.4717,315.2883,315.4818,16301600.0
2022-01-24,311.8693,317.1127,305.3449,316.827,29707000.0
2022-01-25,313.5557,318.6516,309.0218,316.0437,18657900.0
2022-01-26,318.8822,320.6884,311.9616,314.6617,19047300.0
2022-01-27,317.3708,320.3473,313.2148,314.7445,12854100.0
2022-01-28,315.0301,319.9326,311.3809,319.8681,12008900.0
2022-01-31,318.6426,323.7847,317.6658,323.5266,8379100.0
2022-02-01,324.0611,326.4663,322.2365,326.1622,7636000.0
2022-02-02,325.8394,328.6685,325.0746,328.0879,8856400.0
2022-02-03,326.973,327.3416,323.0658,323.4344,9339900.0
2022-02-04,322.9,325.5263,320.5225,323.3331,8532300.0
2022-02-07,323.6925,325.4434,322.3747,323.3607,4746200.0
2022-02-08,324.0058,327.4615,323.2593,326.715,4568400.0
2022-02-09,329.3045,329.9956,328.6686,329.5994,4781700.0
2022-02-10,326.9362,329.9587,323.4805,324.8812,10298500.0
2022-02-11,324.7983,326.6045,319.0573,320.0341,8211500.0
2022-02-14,319.5088,320.2737,316.2651,318.744,7315100.0
2022-02-15,321.5453,323.2317,321.0108,322.734,4932200.0
2022-02-16,321.3886,323.1948,319.4995,322.2272,4496500.0
2022-02-17,320.163,320.421,315.9516,316.7073,4433500.0
2022-02-18,316.4665,317.6663,313.4855,314.6945,6193700.0
2022-02-22,312.6735,314.0301,307.8651,310.1078,7942700.0
2022-02-23,312.0919,312.1842,305.3178,305.9638,5732600.0
2022-02-24,297.9344,307.0897,297.8144,306.7205,14167100.0
2022-02-25,307.9572,314.7314,307.385,314.2884,9496300.0
2022-02-28,310.0523,313.6239,308.9817,313.1809,8217300.0
2022-03-01,311.2704,312.8855,305.7883,307.4773,8532900.0
2022-03-02,309.4246,314.2053,308.8893,312.8671,6836200.0
2022-03-03,314.4452,315.7189,310.7259,312.0641,7790700.0
2022-03-04,308.8156,310.9014,307.1451,310.5322,6025000.0
2022-03-07,309.3599,309.4799,303.0287,303.1487,6590800.0
2022-03-08,303.1673,308.6217,300.9247,301.3584,8209800.0
2022-03-09,307.4403,309.2123,306.0098,307.6987,4669200.0
2022-03-10,303.9333,307.1912,303.3426,306.5082,3317400.0
2022-03-11,308.3448,309.8491,304.2747,304.5793,6923400.0
2022-03-14,306.1759,308.8062,303.4441,304.6254,5640600.0
2022-03-15,306.4067,310.8829,305.5853,310.2737,6648500.0
2022-03-16,313.0423,315.1004,308.7508,315.045,9577100.0
2022-03-17,313.7347,318.9491,313.4301,318.8199,6032900.0
2022-03-18,317.8411,321.3746,316.9439,321.1433,5903900.0
2022-03-21,320.6069,321.8279,317.5452,319.5247,4329900.0
2022-03-22,321.0786,322.5585,320.8381,322.0221,4430800.0
2022-03-23,319.8115,320.4498,317.5916,317.6471,4098700.0
2022-03-24,318.6459,321.0231,317.6747,321.0231,3550000.0
2022-03-25,321.7076,323.1136,320.2184,322.3922,3206200.0
2022-03-28,321.6614,323.2708,319.4692,323.2708,2962400.0
2022-03-29,326.203,327.1743,323.8628,326.4898,4711800.0
2022-03-30,325.7313,326.9523,324.1496,325.7036,3909800.0
2022-03-31,324.7323,325.1948,320.7457,320.8104,3978900.0
2022-04-01,322.0314,322.2164,319.3397,321.9019,3560200.0
2022-04-04,321.5596,323.0766,320.0704,323.0396,3829900.0
2022-04-05,321.7262,324.7138,319.5802,320.3572,4331700.0
2022-04-06,317.8135,320.0982,316.9902,318.8864,5431300.0
2022-04-07,317.9801,321.0603,316.2411,320.015,4599900.0
2022-04-08,319.7745,322.9286,318.794,321.3099,4535900.0
2022-04-11,319.4507,321.0417,317.0273,317.4528,5344400.0
2022-04-12,318.5719,320.7364,315.4178,316.5462,4501400.0
2022-04-13,316.056,320.0889,315.9173,319.8207,3605000.0
2022-04-14,320.8164,322.6856,318.5401,318.5771,4179600.0
2022-04-18,318.1885,320.2242,317.0411,318.4013,3939000.0
2022-04-19,318.5771,323.62,318.54,323.0463,4261200.0
2022-04-20,324.8415,326.7014,324.1198,325.2764,5677000.0
2022-04-21,327.5249,328.3762,321.2513,321.7417,5369600.0
2022-04-22,320.474,320.5388,312.5163,313.0067,6855100.0
2022-04-25,311.3226,315.6068,308.3154,315.1257,6806600.0
2022-04-26,312.7846,313.7284,307.4547,307.6213,7619800.0
2022-04-27,308.9445,311.8315,306.3536,308.158,6894400.0
2022-04-28,310.2029,315.1071,307.6583,313.9505,5976600.0
2022-04-29,312.4052,313.8949,304.5215,305.0674,6495600.0
2022-05-02,305.6782,307.5195,300.228,306.039,9221700.0
2022-05-03,306.4462,308.5189,304.5308,306.511,6051000.0
2022-05-04,307.02,315.6902,305.5395,315.1535,10569700.0
2022-05-05,312.5996,312.979,302.4767,305.5764,9101200.0
2022-05-06,303.2632,305.9559,300.4965,304.4939,10644200.0
2022-05-09,300.7092,301.9954,297.3688,298.507,7817200.0
2022-05-10,302.1159,303.143,295.2315,297.7946,7716500.0
2022-05-11,297.7112,301.7178,294.3985,294.6761,9374700.0
2022-05-12,292.9551,295.5737,289.189,293.9174,6790800.0
2022-05-13,296.4065,298.9049,295.037,298.1646,4236700.0
2022-05-16,297.6836,301.2553,295.8237,298.6737,3692600.0
2022-05-17,302.421,302.9207,299.3027,302.6709,3316800.0
2022-05-18,299.9967,300.1633,290.9471,291.9835,3659000.0
2022-05-19,288.8097,292.7238,287.6161,289.7906,3836700.0
2022-05-20,291.9748,292.2345,284.0815,289.7766,4654000.0
2022-05-23,292.4664,296.4825,291.9655,295.7312,4484600.0
2022-05-24,293.6258,296.9464,290.8896,296.2415,5260500.0
2022-05-25,294.9336,299.1631,294.442,297.9944,4612800.0
2022-05-26,299.5434,304.014,299.497,302.7897,3270200.0
2022-05-27,303.3462,308.058,303.1329,308.0024,2773100.0
2022-05-31,306.2402,308.4476,303.9121,306.268,4354000.0
2022-06-01,308.3178,308.8187,302.4652,304.5613,3721400.0
2022-06-02,304.7376,308.661,301.7788,308.6517,3718800.0
2022-06-03,305.9619,307.6871,304.9046,305.4796,4150900.0
2022-06-06,307.5571,308.6237,304.7188,305.5722,1957600.0
2022-06-07,303.1329,308.3734,303.1329,308.0952,2424000.0
2022-06-08,306.6017,307.8724,304.7467,305.5072,2032900.0
2022-06-09,304.3759,306.0732,299.5898,299.5898,2591500.0
2022-06-10,295.2396,295.6663,291.5388,291.5852,4484700.0
2022-06-13,285.2132,287.1795,282.1153,283.4323,6317200.0
2022-06-14,284.3877,285.1483,280.0469,282.2451,3724000.0
2022-06-15,284.1928,288.1626,280.3529,284.9627,7060900.0
2022-06-16,279.5274,279.7964,276.4202,278.164,4943500.0
2022-06-17,277.292,280.3692,275.5443,277.7104,4738000.0
2022-06-21,281.7637,284.9153,281.336,283.8183,3246500.0
2022-06-22,280.3226,286.0401,280.1367,283.186,6361200.0
2022-06-23,284.1715,285.4638,281.4848,285.1663,3582600.0
2022-06-24,287.4532,292.9568,287.3788,292.8638,3314800.0
2022-06-27,293.2171,293.6727,291.3392,292.2503,1896500.0
2022-06-28,293.775,296.3315,287.4811,287.5834,3025900.0
2022-06-29,288.5688,289.5729,287.1092,288.2434,2462800.0
2022-06-30,285.1756,288.0297,282.8515,286.1704,4117800.0
2022-07-01,285.7797,289.4147,283.3347,288.9871,3315000.0
2022-07-05,285.0361,287.9739,282.2285,287.9274,3767700.0
2022-07-06,288.1969,290.3259,286.2818,288.5781,2493300.0
2022-07-07,290.5584,292.1667,289.6938,291.8693,2267500.0
2022-07-08,291.4508,292.9755,290.2144,291.4136,2094300.0
2022-07-11,289.7402,291.6739,289.2847,289.7774,2633200.0
2022-07-12,288.7176,291.4973,286.8955,288.1691,2806000.0
2022-07-13,284.6549,288.1411,283.6508,286.1052,3481200.0
2022-07-14,281.3732,285.2778,280.2669,284.8502,2893100.0
2022-07-15,289.0707,290.9029,287.5268,290.7913,3027500.0
2022-07-18,293.6746,294.2233,288.0664,288.922,2344900.0
2022-07-19,291.1727,296.1299,290.7913,295.8601,3004900.0
2022-07-20,295.9812,297.0879,294.3164,296.4462,3243000.0
2022-07-21,295.4138,298.0458,293.3211,297.9993,2159800.0
2022-07-22,299.2548,299.6641,295.144,296.7437,3264100.0
2022-07-25,297.6832,297.9808,295.9905,297.5809,4002500.0
2022-07-26,296.5857,297.1344,294.9209,295.3301,2101700.0
2022-07-27,296.5763,300.8173,295.795,299.4874,3338100.0
2022-07-28,299.8966,303.3099,297.4412,302.4821,2688400.0
2022-07-29,302.7519,306.2396,302.1938,305.6722,3225600.0
2022-08-01,304.0447,306.6582,303.6169,305.0957,2745500.0
2022-08-02,304.1006,304.8539,301.2453,301.3755,5394600.0
2022-08-03,302.9194,306.1188,302.3985,305.2073,2564600.0
2022-08-04,304.7701,305.3932,303.7098,304.4631,2426400.0
2022-08-05,302.3334,305.2352,302.2032,305.0305,2672400.0
2022-08-08,306.7418,307.9601,304.7886,305.449,2528800.0
2022-08-09,305.3188,305.9327,304.3051,304.9747,1655100.0
2022-08-10,309.3368,310.4807,308.7415,309.8948,2934400.0
2022-08-11,312.3315,313.2429,309.8761,310.369,2401600.0
2022-08-12,311.3828,314.2846,310.8154,314.2008,2606900.0
2022-08-15,312.6012,316.0796,312.5547,315.6331,1936500.0
2022-08-16,315.1216,319.093,315.0565,317.8374,3897100.0
2022-08-17,315.9122,318.135,315.01,316.4051,2960300.0
2022-08-18,316.4051,317.1491,315.2611,316.7585,1850900.0
2022-08-19,315.2919,315.5807,313.3443,314.0711,2010300.0
2022-08-22,310.4089,310.791,307.66,308.2191,2684500.0
2022-08-23,307.7998,308.8621,306.2436,306.6815,2897200.0
2022-08-24,306.5138,308.4707,305.9547,307.3804,2581700.0
2022-08-25,307.5948,310.4463,306.5791,310.4463,2498900.0
2022-08-26,310.7629,310.9307,300.8201,300.9226,4191000.0
2022-08-29,298.6955,301.2953,297.9593,299.2173,2896900.0
2022-08-30,300.14,300.2145,294.9962,296.366,2926300.0
2022-08-31,296.7572,298.3507,294.0922,294.1387,2981600.0
2022-09-01,292.8715,295.6298,291.3898,295.4527,3228000.0
2022-09-02,297.9781,298.8913,291.0265,292.3777,3826200.0
2022-09-06,293.1137,293.7194,289.7404,290.9239,3320400.0
2022-09-07,290.4022,295.341,290.2251,294.7726,2520200.0
2022-09-08,293.2442,296.7013,292.303,296.5522,3301100.0
2022-09-09,298.2668,300.9319,297.7264,300.3169,2479300.0
2022-09-12,301.258,303.4851,301.1835,302.4508,2486900.0
2022-09-13,297.074,297.8102,289.6472,290.4859,4301200.0
2022-09-14,291.073,292.1167,288.4359,290.7935,2868800.0
2022-09-15,290.3929,292.154,288.436,289.2094,3294600.0
2022-09-16,285.8672,288.3151,285.2973,287.8199,4071000.0
2022-09-19,285.316,289.8195,285.2413,289.7821,2730000.0
2022-09-20,287.4836,287.7639,284.5778,286.8576,2822800.0
2022-09-21,288.2591,289.8942,281.9057,281.9898,5110700.0
2022-09-22,281.7561,283.0735,280.1958,280.7844,3492500.0
2022-09-23,278.2617,278.4299,273.1976,276.4304,4949300.0
2022-09-26,275.2532,276.7855,272.3568,273.4967,4143400.0
2022-09-27,275.4214,277.0565,270.4881,272.1699,3681000.0
2022-09-28,273.151,278.458,271.9363,277.2433,3995700.0
2022-09-29,275.4121,275.4869,270.8152,273.0202,3351100.0
2022-09-30,272.0858,274.1881,268.1897,268.4326,3827200.0
2022-10-03,271.4784,276.9069,270.46,275.4307,3457600.0
2022-10-04,278.9999,283.2698,278.8411,283.2324,4163800.0
2022-10-05,280.0464,284.5498,279.1774,282.9054,2746900.0
2022-10-06,281.672,283.3911,278.9998,279.5791,3081700.0
2022-10-07,277.2433,277.3928,272.3007,273.7302,3029300.0
2022-10-10,274.9542,275.5522,271.0393,272.7865,3154500.0
2022-10-11,272.0578,276.6921,271.628,273.0949,3849900.0
2022-10-12,273.2537,275.2252,272.2353,272.9734,4378700.0
2022-10-13,268.2832,281.915,267.7973,280.8219,7389600.0
2022-10-14,282.6718,284.3722,276.7388,277.3274,5519400.0
2022-10-17,281.1301,283.2978,280.2799,282.2233,3555700.0
2022-10-18,288.0161,288.1282,283.1389,285.4093,4685500.0
2022-10-19,284.3535,286.5118,282.4381,284.3628,2939800.0
2022-10-20,284.8115,288.1191,282.8588,283.3914,3574700.0
2022-10-21,283.3463,290.9377,282.346,290.6385,5357200.0
2022-10-24,292.1811,295.4252,291.3117,294.537,4331700.0
2022-10-25,293.8825,298.024,293.6581,297.7529,6024800.0
2022-10-26,297.2762,300.7727,297.0798,297.6501,4991800.0
2022-10-27,300.6231,302.7827,299.0899,299.5948,4262200.0
2022-10-28,300.8194,307.4758,300.5296,307.186,5251400.0
2022-10-31,305.6341,307.4104,304.6431,306.1015,5128200.0
2022-11-01,307.9246,308.3547,303.6522,305.1574,4376400.0
2022-11-02,304.2692,309.2148,300.3988,300.4362,7110300.0
2022-11-03,298.557,300.8942,296.5283,299.0432,4112700.0
2022-11-04,302.5396,304.9049,298.5477,303.0352,6263700.0
2022-11-07,303.9701,307.532,303.0445,307.0365,4518300.0
2022-11-08,308.0181,311.8418,306.9149,310.1122,6349000.0
2022-11-09,308.2425,309.327,303.8018,304.157,4799200.0
2022-11-10,312.4587,315.5158,310.2711,315.3008,6002300.0
2022-11-11,315.8992,316.3386,312.384,315.7964,5190700.0
2022-11-14,314.7867,317.741,313.7116,313.9079,3303300.0
2022-11-15,316.4508,317.9747,311.7109,314.3192,4824100.0
2022-11-16,313.8144,315.2915,313.7022,314.1884,3085500.0
2022-11-17,311.0658,314.8521,311.0658,314.2164,3606500.0
2022-11-18,316.1284,316.7748,314.0675,316.0441,3659100.0
2022-11-21,316.3158,317.2433,314.3205,315.7444,2304100.0
2022-11-22,317.4679,319.557,316.9996,319.4071,4389400.0
2022-11-23,319.0793,320.9247,318.4985,320.3346,3108500.0
2022-11-25,320.4657,322.0676,320.4095,321.8053,1498300.0
2022-11-28,320.091,321.2995,316.5874,317.0933,3089800.0
2022-11-29,316.5686,317.9176,315.3321,317.0839,2943600.0
2022-11-30,317.2432,324.3066,314.9293,324.2691,6940400.0
2022-12-01,324.8311,324.8405,320.091,322.639,5325900.0
2022-12-02,319.3135,323.5759,319.3135,322.9482,3736500.0
2022-12-05,320.803,321.6086,317.5991,318.5359,3827200.0
2022-12-06,318.2924,319.1167,313.5616,315.1916,5516300.0
2022-12-07,314.8919,316.9434,314.3298,315.1729,3577100.0
2022-12-08,316.3906,318.1799,315.7536,317.0651,3278400.0
2022-12-09,316.325,317.674,314.058,314.1704,3815500.0
2022-12-12,314.8919,319.1168,314.8169,319.0887,5017300.0
2022-12-13,326.1707,326.2082,318.0394,320.2034,5274300.0
2022-12-14,320.1753,322.8733,316.2971,318.714,5498400.0
2022-12-15,315.304,316.0441,309.8707,311.763,5865600.0
2022-12-16,309.1715,310.3076,306.5051,308.8711,6672200.0
2022-12-19,308.7773,310.148,305.8103,307.3783,3709600.0
2022-12-20,307.5755,309.7162,306.4676,308.3172,4721700.0
2022-12-21,311.2842,313.9037,310.8898,313.2183,5086800.0
2022-12-22,311.2465,311.5752,305.7539,310.0823,4876900.0
2022-12-23,309.4815,311.8945,308.0168,311.6503,3997900.0
2022-12-27,312.0352,313.4248,310.3734,312.0634,3098900.0
2022-12-28,312.3639,313.3498,308.4956,308.4956,3102400.0
2022-12-29,310.3358,312.5141,309.9602,311.7723,2458800.0
2022-12-30,310.4203,311.1526,308.289,311.0869,3881800.0
2023-01-03,312.1104,313.4342,308.2891,310.9837,3910700.0
2023-01-04,312.2418,313.6314,310.026,312.2418,4137300.0
2023-01-05,310.7489,310.9179,308.0543,309.1058,4350100.0
2023-01-06,311.885,316.5232,309.7537,315.7345,4800800.0
2023-01-09,317.0583,318.6732,314.4576,314.805,3864000.0
2023-01-10,314.4857,316.7203,313.866,316.6264,2277500.0
2023-01-11,317.725,319.0488,316.5326,319.0019,3265800.0
2023-01-12,320.0535,322.0439,317.3025,321.105,4332600.0
2023-01-13,318.4386,322.504,318.3916,322.0815,3473400.0
2023-01-17,321.443,321.8092,317.9409,318.4385,3929700.0
2023-01-18,318.8234,319.415,312.3732,312.6267,5164300.0
2023-01-19,310.8335,312.148,309.8101,310.4298,3454200.0
2023-01-20,310.8714,313.6059,309.49,313.5495,4120200.0
2023-01-23,314.508,317.3835,312.9669,315.8988,3985300.0
2023-01-24,314.7618,317.3553,313.5778,316.7727,3360900.0
2023-01-25,314.0851,317.2801,312.497,316.9794,4318600.0
2023-01-26,318.0412,318.9903,315.9269,318.8963,2930900.0
2023-01-27,318.9341,320.9451,317.7689,319.1314,2907400.0
2023-01-30,318.0508,319.902,316.5379,316.7352,3032700.0
2023-01-31,317.2426,320.306,316.2183,320.2778,2593500.0
2023-02-01,318.6709,322.5706,315.3444,320.3154,6175400.0
2023-02-02,320.9166,320.9166,317.6277,319.9017,5169400.0
2023-02-03,318.3419,321.0671,317.5808,318.5393,6504300.0
2023-02-06,317.2894,319.0843,316.3873,318.0694,2708400.0
2023-02-07,316.6317,321.6685,315.9176,320.9261,4969600.0
2023-02-08,319.8455,320.8698,318.4078,318.9528,2769500.0
2023-02-09,321.1423,321.9034,315.7954,316.7538,3094700.0
2023-02-10,316.4343,318.5675,315.692,318.3044,2523900.0
2023-02-13,318.4454,321.9034,318.4454,321.894,2653900.0
2023-02-14,320.9262,322.815,318.0037,320.5691,3501100.0
2023-02-15,318.9904,321.0672,318.2105,321.0578,1967700.0
2023-02-16,318.0883,320.3342,316.9701,317.0453,3229600.0
2023-02-17,315.9928,318.5436,315.3904,318.4118,3034200.0
2023-02-21,315.0516,316.1999,311.6443,311.7855,3142900.0
2023-02-22,312.2562,312.8962,310.0913,311.0984,2896400.0
2023-02-23,312.3503,313.1974,308.7077,312.1809,5999600.0
2023-02-24,308.5665,309.7996,307.2488,308.8395,3764700.0
2023-02-27,311.2961,312.4726,308.9148,309.7242,2887300.0
2023-02-28,309.5455,309.5455,307.3241,307.3806,3155300.0
2023-03-01,306.8817,308.5571,306.1852,307.7853,3317500.0
2023-03-02,308.3217,311.7384,307.5969,311.023,3047500.0
2023-03-03,312.0397,314.7787,311.0043,314.5716,3033500.0
2023-03-06,314.9669,316.3694,314.5434,315.014,2641700.0
2023-03-07,315.0046,315.2399,309.4042,309.5453,5009200.0
2023-03-08,309.5926,310.1385,307.4089,309.1878,3169600.0
2023-03-09,310.3453,311.023,303.4554,304.0955,4760900.0
2023-03-10,303.5873,305.7804,299.7188,300.9424,7741600.0
2023-03-13,298.147,304.1804,298.0529,300.086,6831600.0
2023-03-14,303.2767,304.6886,299.9824,303.2579,4760500.0
2023-03-15,298.2788,301.0178,296.4622,300.7637,6518000.0
2023-03-16,298.9941,304.5568,297.8364,304.2556,6569900.0
2023-03-17,302.6776,303.0268,299.3179,300.5825,5314900.0
2023-03-20,301.3658,304.5935,301.3658,304.1688,4695000.0
2023-03-21,307.1133,307.5097,305.1503,307.3021,3527300.0
2023-03-22,307.3303,309.1329,302.0548,302.168,4378700.0
2023-03-23,303.2533,306.7357,300.5825,302.7909,4772600.0
2023-03-24,301.4791,304.3197,300.0257,304.1876,4484900.0
2023-03-27,306.33,307.2549,305.1126,306.0658,3550900.0
2023-03-28,305.7637,307.3303,304.6784,305.5938,2536500.0
2023-03-29,308.2081,308.7649,306.9907,308.68,2531700.0
2023-03-30,310.3787,310.4448,308.3402,310.0012,2487000.0
2023-03-31,311.0487,314.0875,310.9732,313.9082,2837300.0
2023-04-03,314.8236,317.3339,314.7481,317.0131,3450700.0
2023-04-04,317.0132,317.3435,313.9177,315.1541,2449900.0
2023-04-05,315.2107,316.5791,314.9842,315.9846,2566600.0
2023-04-06,315.541,316.447,314.5312,316.0601,2333300.0
2023-04-10,315.2106,317.0604,314.6727,317.0604,2834200.0
2023-04-11,317.3906,318.8629,317.1075,317.9474,2343100.0
2023-04-12,319.5612,319.9387,317.0603,317.6737,3363800.0
2023-04-13,318.108,321.4205,317.1642,321.2223,3040900.0
2023-04-14,320.8166,321.6754,318.3345,319.7785,3107900.0
2023-04-17,320.0426,320.807,318.9761,320.7976,2226400.0
2023-04-18,320.8165,321.0807,318.8912,320.6844,2191100.0
2023-04-19,320.0332,320.524,319.165,319.92,2854700.0
2023-04-20,318.4476,319.7877,317.9003,318.9384,2179300.0
2023-04-21,319.4049,319.707,318.0357,319.2632,2470100.0
2023-04-24,319.0743,320.0186,318.4134,319.8675,2288800.0
2023-04-25,319.3199,319.8015,316.5155,316.6382,2745300.0
2023-04-26,316.8932,317.7053,313.7866,314.3909,3588400.0
2023-04-27,315.5523,319.707,315.2218,319.3482,3066600.0
2023-04-28,318.3946,322.03,318.3379,322.0205,3651100.0
2023-05-01,322.0866,323.4935,321.2934,321.3878,2296200.0
2023-05-02,320.9913,321.0479,315.6751,318.0924,3275800.0
2023-05-03,318.3378,319.3293,315.3162,315.4861,3924100.0
2023-05-04,314.7025,314.9952,311.0105,312.8612,3576800.0
2023-05-05,315.6278,318.6872,315.3256,317.9601,3542700.0
2023-05-08,318.3757,318.5834,316.4116,317.4786,1789900.0
2023-05-09,316.7137,317.9129,316.4682,317.0536,1924900.0
2023-05-10,318.5928,319.0178,313.9565,316.7893,3365500.0
2023-05-11,315.1369,315.2597,312.9934,314.7498,2744700.0
2023-05-12,315.7789,315.8072,312.8422,314.6269,2636400.0
2023-05-15,314.9196,315.6278,313.3616,315.1651,2171000.0
2023-05-16,314.1643,314.5042,311.8697,311.9359,2265200.0
2023-05-17,313.6261,316.4872,312.4458,315.9584,3068800.0
2023-05-18,315.2879,317.6863,314.202,317.3275,3553500.0
2023-05-19,317.92,318.3837,315.3271,316.245,3706700.0
2023-05-22,316.1788,317.1535,314.1916,315.0243,2555100.0
2023-05-23,313.9455,315.2135,312.3557,312.8572,2526200.0
2023-05-24,312.2798,312.5069,309.8951,310.3967,2978300.0
2023-05-25,310.4536,311.0781,308.3244,310.1507,3499900.0
2023-05-26,310.5104,313.8129,310.3116,313.0748,3580000.0
2023-05-30,312.895,313.529,311.2579,312.772,3474500.0
2023-05-31,311.7595,312.4408,310.1035,311.8257,3067600.0
2023-06-01,311.2485,314.1536,309.7439,313.1695,3081300.0
2023-06-02,315.3459,320.3234,315.2229,319.9165,5584700.0
2023-06-05,320.049,320.3045,317.9198,318.0807,3415600.0
2023-06-06,317.9861,318.6579,316.5098,318.1186,2824900.0
2023-06-07,318.4689,319.3962,317.8916,319.065,2739000.0
2023-06-08,319.1218,321.0428,318.6675,320.6169,2700300.0
2023-06-09,320.3899,321.9891,320.1533,321.0523,3162300.0
2023-06-12,321.4969,322.9732,321.0143,322.8502,2035500.0
2023-06-13,323.3895,325.1781,323.2571,324.2223,3259300.0
2023-06-14,323.0584,323.6734,320.1721,322.1404,3766000.0
2023-06-15,322.0742,327.0233,321.9133,326.2568,4722500.0
2023-06-16,327.5428,327.9032,325.0484,325.2666,5576800.0
2023-06-20,323.7017,323.9957,321.5203,322.905,3387200.0
2023-06-21,322.1085,323.332,321.2169,321.9283,3050700.0
2023-06-22,321.4635,322.4024,320.7995,321.8428,2605500.0
2023-06-23,319.7374,320.7522,318.8838,319.7753,3721600.0
2023-06-26,319.4338,320.6478,318.6276,319.7563,2301900.0
2023-06-27,319.7183,322.1368,319.7183,321.7385,1778800.0
2023-06-28,321.2644,321.4635,320.0314,321.1695,2305000.0
2023-06-29,320.9607,323.7871,320.6762,323.5689,2902700.0
2023-06-30,325.5227,326.8125,325.0864,326.1202,3027500.0
2023-07-03,325.3141,326.7652,325.1054,326.3289,1698400.0
2023-07-05,324.7261,326.016,324.6028,325.1339,2717000.0
2023-07-06,322.6964,323.2939,320.2874,321.7385,3742400.0
2023-07-07,320.5435,322.8482,319.8037,320.0313,2852200.0
2023-07-10,320.0028,322.1368,319.7847,322.0704,2560200.0
2023-07-11,323.1706,325.2382,322.4214,324.9727,2477100.0
2023-07-12,327.1256,328.0645,325.4563,325.9116,4140200.0
2023-07-13,326.585,327.0971,325.978,326.1866,2472300.0
2023-07-14,327.8844,328.0836,326.7463,327.3722,3293400.0
2023-07-17,326.7937,328.8234,326.4712,328.0172,2860000.0
2023-07-18,327.8274,331.8677,327.448,331.5547,4617200.0
2023-07-19,332.3325,334.2769,332.3325,332.6076,5864300.0
2023-07-20,333.3284,335.6426,333.2335,334.2578,4561300.0
2023-07-21,334.873,335.357,333.8289,334.237,2971700.0
2023-07-24,334.778,336.5434,334.6071,336.0688,3073700.0
2023-07-25,335.8125,337.1224,335.5752,336.3061,2548700.0
2023-07-26,335.1862,338.1665,335.1672,337.1889,3084700.0
2023-07-27,337.7678,338.2424,334.1421,334.8349,4771000.0
2023-07-28,336.4865,337.4736,335.4613,336.458,3219000.0
2023-07-31,336.5434,337.521,336.1827,337.4925,2201400.0
2023-08-01,337.2078,338.5652,337.0845,338.0906,2581900.0
2023-08-02,336.458,337.1413,334.2084,334.8064,5061000.0
2023-08-03,333.7244,335.4235,333.2688,334.0946,3307000.0
2023-08-04,335.1671,336.9136,332.3956,332.8227,4269400.0
2023-08-07,334.142,336.8281,333.9902,336.5909,2390800.0
2023-08-08,334.5028,335.3855,332.1299,335.0723,3033600.0
2023-08-09,334.9298,335.6986,332.7183,333.4207,2873300.0
2023-08-10,335.1956,337.8247,333.3352,333.9996,4133500.0
2023-08-11,333.3353,335.7366,332.7847,335.0533,2602600.0
2023-08-14,334.7971,335.5279,333.8859,335.2527,3134100.0
2023-08-15,333.7909,334.1231,331.4275,331.8356,2818700.0
2023-08-16,331.5414,333.6485,330.0322,330.0891,3586800.0
2023-08-17,331.2092,331.5603,327.2891,327.5169,4804100.0
2023-08-18,325.996,328.8097,325.7394,328.0587,3525400.0
2023-08-21,328.2298,328.6291,325.5587,327.631,3176500.0
2023-08-22,327.745,328.0777,325.6348,326.0055,2816000.0
2023-08-23,326.5473,328.3248,326.2811,327.783,2605400.0
2023-08-24,327.2982,329.8172,324.1138,324.1709,3840800.0
2023-08-25,325.5302,327.5168,323.5245,326.5188,3868500.0
2023-08-28,328.1442,329.532,327.4693,328.6195,2382700.0
2023-08-29,328.477,331.5093,328.3249,331.3857,3107700.0
2023-08-30,331.842,333.3915,331.2907,332.1272,2792900.0
2023-08-31,333.5721,333.9143,330.5493,330.6158,2901400.0
2023-09-01,332.6309,333.0397,330.5587,331.7279,2533200.0
2023-09-05,331.823,332.0131,329.7508,329.8268,1906900.0
2023-09-06,329.3231,329.3801,326.4809,327.9447,2748400.0
2023-09-07,327.4314,329.1234,327.3268,328.6006,2378600.0
2023-09-08,328.6766,329.8839,328.401,329.3801,1665900.0
2023-09-11,330.8153,331.3571,329.38,330.1974,1722900.0
2023-09-12,329.5036,332.0321,329.2375,330.0454,1813800.0
2023-09-13,330.3781,331.2812,328.7242,329.4181,2025200.0
2023-09-14,331.4238,333.2964,330.5398,332.6405,3489400.0
2023-09-15,331.9191,332.4815,329.384,329.8986,3581700.0
2023-09-18,330.0319,330.842,329.1074,329.908,2122800.0
2023-09-19,329.2599,329.584,326.8868,328.8787,2740900.0
2023-09-20,329.8033,331.3472,328.0496,328.164,3411400.0
2023-09-21,327.0678,327.5253,324.4945,324.5993,3483700.0
2023-09-22,324.7043,325.4095,323.3986,323.6463,3376400.0
2023-09-25,322.8362,324.1133,321.845,324.0276,3104700.0
2023-09-26,322.0165,322.8457,319.8054,320.2724,4657300.0
2023-09-27,321.073,321.3304,317.3084,319.6911,4442200.0
2023-09-28,319.5861,321.8259,318.8713,320.8251,4053600.0
2023-09-29,322.8839,322.9315,318.2424,319.2336,3786500.0
2023-10-02,318.6045,319.3003,316.4982,318.4139,4192600.0
2023-10-03,317.2226,318.2138,313.6009,314.4968,4871100.0
2023-10-04,314.6398,315.9074,313.1911,315.4594,4877100.0
2023-10-05,315.2974,316.1838,313.9345,315.631,3172200.0
2023-10-06,314.8494,319.8911,313.0671,318.4234,4491300.0
2023-10-09,317.3274,320.5965,316.9843,320.3201,3756300.0
2023-10-10,321.378,323.1031,320.2629,321.6163,3769400.0
2023-10-11,322.3216,322.9411,320.3868,322.1691,2773900.0
2023-10-12,322.8744,322.8744,318.8715,320.4917,3315000.0
2023-10-13,321.6448,323.6748,319.7767,320.8823,5154600.0
2023-10-16,322.8742,324.9138,322.5311,323.9417,3969300.0
2023-10-17,322.455,325.4953,322.3978,324.0371,3777800.0
2023-10-18,323.7988,324.0181,320.2343,320.8348,4141200.0
2023-10-19,320.8919,322.7313,318.0993,318.4424,5201800.0
2023-10-20,317.9152,318.7258,315.7696,315.8268,3960800.0
2023-10-23,314.5966,316.9139,313.6239,314.0435,3898300.0
2023-10-24,315.6456,317.2667,314.5489,316.0652,3583900.0
2023-10-25,316.809,317.2572,314.5299,315.0258,3836300.0
2023-10-26,314.8445,315.6646,312.1744,312.6131,4882600.0
2023-10-27,312.6321,312.6703,308.2169,309.1515,4757300.0
2023-10-30,311.2494,314.711,311.2303,313.9577,4617200.0
2023-10-31,313.91,315.3404,312.6321,315.1497,3645800.0
2023-11-01,315.5691,317.8959,314.7871,317.2474,4546200.0
2023-11-02,319.2502,322.8167,318.8974,322.6928,5356300.0
2023-11-03,324.3425,325.7729,323.6464,324.8098,4046900.0
2023-11-06,325.0482,325.792,324.1232,325.2198,2766000.0
2023-11-07,324.9241,326.202,324.5141,325.6966,2793700.0
2023-11-08,326.2306,326.6979,324.1708,325.2961,2787900.0
2023-11-09,326.1448,326.1829,323.0551,323.3793,3940700.0
2023-11-10,325.0004,327.3749,323.5319,327.0984,3268600.0
2023-11-13,326.4976,328.3286,326.3546,327.6324,2624500.0
2023-11-14,331.3992,333.3065,330.5887,332.2575,4815500.0
2023-11-15,333.0871,334.508,332.7915,334.0216,3149400.0
2023-11-16,333.3636,334.527,332.5721,333.7832,3848000.0
2023-11-17,334.2295,334.6499,333.2262,333.895,2059200.0
2023-11-20,333.5797,336.5801,333.551,335.8921,2904300.0
2023-11-21,335.5004,335.5959,334.7837,335.2233,1849500.0
2023-11-22,336.2457,337.4402,335.8731,336.8859,3486200.0
2023-11-24,337.4592,338.2141,337.3445,338.0707,1245100.0
2023-11-27,337.9084,338.3957,337.0962,337.6122,2532400.0
2023-11-28,337.7744,339.3511,337.3922,338.3669,2759600.0
2023-11-29,339.1887,340.2971,338.6154,338.8829,2736300.0
2023-11-30,340.8514,344.1672,340.603,343.9952,4094300.0
2023-12-01,344.0142,347.1006,343.8613,346.9095,5852500.0
2023-12-04,345.094,346.814,344.9698,346.5178,4211000.0
2023-12-05,345.7725,346.1547,344.6641,345.8203,5372700.0
2023-12-06,346.6802,347.3873,344.7882,345.1609,5583700.0
2023-12-07,345.868,346.2502,344.8838,345.7437,3295600.0
2023-12-08,345.677,347.5116,345.3139,346.9765,2930400.0
2023-12-11,347.4351,348.6486,346.8617,348.4766,3673200.0
2023-12-12,349.1645,350.3781,348.2281,350.1201,3239600.0
2023-12-13,350.3016,355.2131,349.7283,355.2131,4304800.0
2023-12-14,356.1401,357.0574,354.7545,356.7325,5507000.0
2023-12-15,356.0075,357.5877,355.6149,356.8599,6948400.0
2023-12-18,357.492,358.0474,356.9844,357.1951,3403200.0
2023-12-19,357.444,359.6658,357.3291,359.6083,3749200.0
2023-12-20,358.8135,360.4128,354.9253,355.1073,4564700.0
2023-12-21,357.1089,358.2964,355.4521,358.0569,3837500.0
2023-12-22,357.8272,359.4265,356.812,357.9804,3330700.0
2023-12-26,357.8654,360.1734,357.7696,359.4647,2217800.0
2023-12-27,359.2252,360.8437,358.89,360.6234,3061200.0
2023-12-28,360.5852,361.7056,360.5852,361.0736,2620400.0
2023-12-29,360.997,361.4854,359.3881,360.9204,3364400.0
2024-01-02,358.938,361.8302,358.938,361.1311,5776300.0
2024-01-03,359.6754,360.2021,358.076,358.3729,6393600.0
2024-01-04,358.9764,361.2557,358.555,358.6891,4251900.0
2024-01-05,358.5837,360.3267,357.4153,358.7848,5381700.0
2024-01-08,357.5973,361.0162,356.7066,360.8917,4604900.0
2024-01-09,358.938,359.7041,357.9324,359.3019,3230900.0
2024-01-10,359.6563,361.495,359.4073,360.997,2718700.0
2024-01-11,361.7823,362.1175,358.4113,361.2077,4095700.0
2024-01-12,361.5046,362.242,358.871,360.0011,3816700.0
2024-01-16,359.1008,359.6371,356.2948,357.8463,4471600.0
2024-01-17,356.017,357.9324,355.6244,356.946,4361000.0
2024-01-18,356.4767,359.4455,355.6435,358.9475,3953400.0
2024-01-19,360.0811,363.5211,358.8162,362.7833,5218600.0
2024-01-22,363.8278,365.1597,363.2432,364.1919,5433400.0
2024-01-23,363.5115,363.9811,362.1892,363.2049,3110100.0
2024-01-24,364.326,364.7189,362.1508,362.2946,3967200.0
2024-01-25,363.2337,364.6615,362.1318,364.5848,3539100.0
2024-01-26,364.1057,366.1659,364.077,365.1693,3221000.0
2024-01-29,365.0831,367.3924,364.6423,367.2966,2730900.0
2024-01-30,366.8271,368.8681,366.5109,368.4273,2747900.0
2024-01-31,369.1172,369.7017,365.4088,365.4376,4476600.0
2024-02-01,365.4664,369.0597,365.0543,369.0118,3652500.0
2024-02-02,367.9482,371.5798,367.2295,370.2767,3344800.0
2024-02-05,369.8647,369.8647,366.1563,367.5553,3761600.0
2024-02-06,367.8811,369.2705,367.4786,368.9926,2507800.0
2024-02-07,370.2479,371.2636,369.5388,370.5162,2797600.0
2024-02-08,371.2828,371.4649,369.4047,371.1678,2549800.0
2024-02-09,371.0145,371.3116,369.6443,370.5641,3526300.0
2024-02-12,370.3437,373.1417,370.2958,371.896,2412200.0
2024-02-13,368.9831,369.0693,364.5656,366.8271,5325300.0
2024-02-14,367.9577,368.4847,366.1084,368.2356,3465200.0
2024-02-15,369.0981,372.1069,368.801,372.0302,3497200.0
2024-02-16,371.581,372.6175,370.1702,370.6404,3772300.0
2024-02-20,369.988,371.0053,369.057,370.1607,3295700.0
2024-02-21,369.4601,370.6214,367.8861,370.5062,3027600.0
2024-02-22,372.7232,375.708,372.2913,374.8155,4990700.0
2024-02-23,375.9959,377.0228,375.1801,375.5256,3451600.0
2024-02-26,375.6887,376.61,374.5274,374.9785,1914100.0
2024-02-27,374.6426,374.729,373.0974,373.9708,2370900.0
2024-02-28,372.3201,374.0476,371.9938,373.9133,3313900.0
2024-02-29,374.9594,375.3624,372.8096,374.2492,3026900.0
2024-03-01,374.1532,375.8423,373.2222,375.5544,3857500.0
2024-03-04,373.6732,375.4967,373.6732,374.5178,3048500.0
2024-03-05,373.3277,373.6156,369.4216,370.6404,4132400.0
2024-03-06,372.8479,373.4621,370.5829,371.5906,3039100.0
2024-03-07,373.4045,374.0284,372.2144,372.8095,2965700.0
2024-03-08,372.6079,374.7002,372.0993,372.368,4256900.0
2024-03-11,371.3412,373.0015,369.9784,372.7808,3396000.0
2024-03-12,373.5677,375.6791,372.2241,375.0553,3275800.0
2024-03-13,375.919,376.9747,374.3547,375.468,2788700.0
2024-03-14,376.3798,376.6101,372.2241,374.3643,4471900.0
2024-03-15,373.0203,374.4826,371.3848,372.3084,4372300.0
2024-03-18,373.6071,374.0978,372.7702,373.0107,2060600.0
2024-03-19,373.4243,376.2431,372.7605,376.0603,3303800.0
2024-03-20,375.3388,380.2163,375.0887,379.9951,4823900.0
2024-03-21,381.265,383.6797,380.7839,382.6503,4348400.0
2024-03-22,382.6599,382.9485,379.514,379.5525,3156100.0
2024-03-25,378.9658,379.187,377.9075,378.0326,2535600.0
2024-03-26,378.7348,379.3024,377.7247,377.9363,3395400.0
2024-03-27,380.0047,382.4867,379.4948,382.4675,4427300.0
2024-03-28,382.9486,383.4296,381.9673,382.66,3155000.0
2024-04-01,382.7176,382.9389,379.7449,380.3221,3825200.0
2024-04-02,377.0898,377.2533,375.4639,376.7627,4034900.0
2024-04-03,376.8108,378.0037,375.1849,376.4067,3547000.0
2024-04-04,379.0715,379.2735,370.9615,371.3655,5041200.0
2024-04-05,371.6831,375.6275,371.4233,374.0978,4423500.0
2024-04-08,374.2806,375.3292,373.8188,374.3287,2431300.0
2024-04-09,374.8289,375.1752,371.0866,374.0785,4003900.0
2024-04-10,370.3074,371.3175,368.4891,369.913,5173100.0
2024-04-11,370.8364,371.4232,367.4981,369.9417,3972800.0
2024-04-12,367.7965,368.393,364.4294,365.4491,5305100.0
2024-04-15,368.7777,369.2491,362.3032,362.9862,4870700.0
2024-04-16,365.3241,365.5068,362.7266,363.6309,4383500.0
2024-04-17,364.8141,365.7569,361.8607,363.121,4584900.0
2024-04-18,364.6601,366.4687,362.5436,363.496,4579200.0
2024-04-19,364.5049,366.7572,363.7637,365.5733,5078600.0
2024-04-22,367.4311,370.0396,365.583,368.0471,4129000.0
2024-04-23,369.3175,371.1463,368.5667,370.5977,3126400.0
2024-04-24,370.4534,371.031,368.6727,370.0396,3575800.0
2024-04-25,365.5637,367.2577,363.3402,366.6513,4682800.0
2024-04-26,366.4877,368.9807,366.276,367.9893,4252400.0
2024-04-29,368.7497,369.6449,367.7583,369.4235,3265900.0
2024-04-30,368.1337,368.4129,363.9178,363.9659,3463600.0
2024-05-01,364.2065,369.1154,363.8214,364.6974,5731600.0
2024-05-02,366.8727,368.5668,364.707,367.9123,3535600.0
2024-05-03,372.6384,373.4565,370.6363,372.2822,4471100.0
2024-05-06,373.7741,374.1784,372.3399,373.8993,2596100.0
2024-05-07,374.5923,375.1505,373.7933,374.1783,2428600.0
2024-05-08,373.7934,376.2672,373.649,375.8533,2855100.0
2024-05-09,375.4971,379.4916,375.4008,379.2414,4141200.0
2024-05-10,380.4446,381.0702,379.3377,380.3772,3505600.0
2024-05-13,381.5323,381.7536,379.3088,379.6842,2635800.0
2024-05-14,379.7612,381.4071,379.0585,380.7622,2702700.0
2024-05-15,382.3601,384.5354,382.0713,384.3237,3421200.0
2024-05-16,384.7761,385.9793,384.1793,384.2563,2877200.0
2024-05-17,384.7324,385.6096,384.0865,385.5421,2702900.0
2024-05-20,385.3686,386.2844,383.5082,383.7588,2094800.0
2024-05-21,383.9709,384.6842,383.4407,384.4143,1618300.0
2024-05-22,383.6142,384.4818,381.2621,382.3707,2647200.0
2024-05-23,382.7562,382.7851,376.1915,376.5868,3361200.0
2024-05-24,377.1266,378.1195,376.1048,376.5675,2072200.0
2024-05-28,375.7675,376.1627,373.078,374.6011,2176100.0
2024-05-29,371.4296,371.8249,370.3982,370.7259,2715000.0
2024-05-30,367.6315,368.6244,366.7061,367.7376,4063400.0
2024-05-31,368.2195,373.6467,367.5351,373.5696,4748400.0
2024-06-03,373.8974,373.9167,369.1353,372.3261,3614300.0
2024-06-04,371.1307,374.3889,370.6873,373.5503,2822500.0
2024-06-05,374.6011,374.9578,372.0659,374.5336,2181400.0
2024-06-06,374.8034,376.5193,373.8202,375.3047,2241900.0
2024-06-07,374.871,377.5123,373.9167,374.4951,1952000.0
2024-06-10,374.0515,375.3336,373.2418,375.2661,1380600.0
2024-06-11,373.6949,374.2155,371.0344,373.9938,2522600.0
2024-06-12,377.4738,377.7919,372.7599,373.7239,3866700.0
2024-06-13,372.8851,373.7045,370.7354,372.9429,3136100.0
2024-06-14,370.7644,372.6153,369.8101,372.5381,2884300.0
2024-06-17,371.3718,375.1891,371.1115,374.5818,2025300.0
2024-06-18,374.8999,376.1338,374.042,375.1217,1848700.0
2024-06-20,374.7359,378.9485,374.3889,377.946,3588000.0
2024-06-21,378.4039,379.1768,377.2349,378.0851,2592100.0
2024-06-24,379.1769,382.1912,378.6262,380.6358,3096600.0
2024-06-25,380.2299,380.7613,376.6166,377.776,2879100.0
2024-06-26,376.8775,378.462,375.8341,377.9886,1501900.0
2024-06-27,377.38,379.0997,376.9452,378.2978,1601100.0
2024-06-28,378.1142,380.9643,376.0177,377.8823,3624400.0
2024-07-01,378.8001,380.9352,377.0417,378.2011,2536500.0
2024-07-02,377.5539,379.9692,377.4573,379.9692,1711600.0
2024-07-03,380.3943,380.7131,378.8581,379.5247,2319100.0
2024-07-05,379.8725,380.6551,378.3847,380.3653,2011000.0
2024-07-08,381.0512,383.2926,379.4764,380.1334,3374500.0
2024-07-09,379.9015,381.6599,378.2108,379.631,3821600.0
2024-07-10,379.6311,383.998,379.3316,383.8047,4234300.0
2024-07-11,384.0365,385.3794,382.8868,384.1621,4020700.0
2024-07-12,385.3505,389.0508,384.6356,386.761,4711800.0
2024-07-15,388.8382,389.9106,387.8045,388.7319,4433500.0
2024-07-16,390.1811,396.1035,390.1715,395.7847,6547600.0
2024-07-17,394.722,398.374,394.722,397.9778,4490600.0
2024-07-18,396.7701,399.8424,392.2969,392.9442,4922200.0
2024-07-19,391.8268,392.4938,388.5211,389.4877,4284500.0
2024-07-22,390.5414,391.2083,388.7822,390.6477,2314000.0
2024-07-23,390.783,391.7496,389.7488,390.0097,1693500.0
2024-07-24,388.3085,389.1784,384.7804,385.3507,3701300.0
2024-07-25,385.3121,390.8797,385.0608,386.1433,4179800.0
2024-07-26,388.3858,394.0017,388.2892,392.4069,2810600.0
2024-07-29,393.2671,393.4024,390.464,391.9622,2039000.0
2024-07-30,392.3102,395.065,391.7399,393.7987,2576400.0
2024-07-31,393.8471,398.2451,392.9095,394.8427,5634800.0
2024-08-01,396.0123,397.2012,387.5642,389.7584,5497900.0
2024-08-02,386.5686,387.0035,380.4114,383.8621,4844900.0
2024-08-05,373.6066,377.2603,372.0697,373.8869,8680200.0
2024-08-06,374.6119,381.3394,373.3553,376.9317,4058000.0
2024-08-07,379.5125,381.6004,374.3413,374.8149,3969400.0
2024-08-08,376.4968,381.9387,376.2358,381.3394,2993500.0
2024-08-09,381.0107,383.2436,379.3096,381.9483,3380200.0
2024-08-12,382.7216,382.8086,379.4931,380.6144,1902000.0
2024-08-13,381.871,384.8288,380.9044,384.5002,3510800.0
2024-08-14,384.4517,387.4868,384.2294,386.7232,5230400.0
2024-08-15,391.2179,392.5711,389.71,392.3198,3764100.0
2024-08-16,391.8139,394.0776,391.398,393.4681,2789200.0
2024-08-19,394.0678,395.9639,393.9711,395.7607,2012400.0
2024-08-20,395.2868,395.993,394.4742,395.2288,1999600.0
2024-08-21,395.9639,396.612,394.2903,395.6447,1439000.0
2024-08-22,396.3315,397.1054,392.7716,394.184,2353500.0
2024-08-23,395.935,398.8661,395.2288,398.3921,3818300.0
2024-08-26,399.1756,400.9942,398.2179,399.253,3145000.0
2024-08-27,398.837,399.5915,397.9373,399.4174,1710200.0
2024-08-28,399.195,400.4235,395.3739,397.9181,2732600.0
2024-08-29,400.8491,402.7161,397.8793,400.4041,5024800.0
2024-08-30,400.9845,402.958,398.6725,402.6291,2283800.0
2024-09-03,400.675,401.6327,395.2867,396.8635,3754700.0
2024-09-04,396.5927,399.0885,395.8768,397.028,2131200.0
2024-09-05,397.918,398.2276,392.7329,395.132,2234700.0
2024-09-06,395.6157,397.5892,390.6048,391.2722,3351000.0
2024-09-09,394.0678,397.4827,392.8586,395.7027,3038200.0
2024-09-10,396.7185,396.7475,391.7559,394.9386,1970500.0
2024-09-11,393.8647,396.554,387.7316,395.9156,3134600.0
2024-09-12,396.3315,398.5565,394.184,398.5274,3131600.0
2024-09-13,399.1272,402.7259,398.8951,401.4006,5210300.0
2024-09-16,402.8613,404.8928,402.0874,403.761,3881100.0
2024-09-17,404.6413,405.8021,402.2422,403.6449,2561700.0
2024-09-18,403.877,407.2628,401.9906,402.6097,3173600.0
2024-09-19,408.2108,408.9847,405.6956,407.6594,4073000.0
2024-09-20,406.9008,408.7636,406.0469,408.0554,2902200.0
2024-09-23,408.589,409.1517,407.5023,408.5793,2318700.0
2024-09-24,409.1226,410.0734,407.871,409.5689,2790700.0
2024-09-25,409.8697,410.3548,405.9305,406.6485,2048000.0
2024-09-26,408.7054,409.5592,407.6964,409.0741,2703700.0
2024-09-27,410.0152,413.5178,409.6756,410.3645,3667700.0
2024-09-30,409.8503,410.7041,406.6097,410.5295,3819800.0
2024-10-01,409.8503,410.5586,406.8135,408.9577,5101300.0
2024-10-02,409.2779,409.9279,407.0948,409.3555,2599600.0
2024-10-03,407.8322,408.5889,405.8335,407.4829,2534400.0
2024-10-04,409.8018,411.0049,407.1725,410.8109,2520900.0
2024-10-07,409.5495,410.3451,405.8141,407.1239,2632600.0
2024-10-08,407.9971,408.7442,406.2507,408.2785,1872900.0
2024-10-09,408.3658,412.9939,407.5314,412.402,3935100.0
2024-10-10,412.3535,412.4214,410.4518,412.0236,2179000.0
2024-10-11,412.6251,416.3024,412.3632,415.9725,3753500.0
2024-10-14,415.5747,418.5825,414.4783,418.0682,2180600.0
2024-10-15,416.5546,417.3308,414.3231,414.8179,3291200.0
2024-10-16,414.4686,418.2525,414.2163,417.9033,2583700.0
2024-10-17,419.6691,420.0087,418.369,419.5818,3462800.0
2024-10-18,419.5421,420.4544,417.6689,419.9109,2303700.0
2024-10-21,419.707,420.2991,416.145,416.7371,2702600.0
2024-10-22,415.058,417.7563,414.5922,416.6789,2306100.0
2024-10-23,414.4659,415.1744,410.4769,412.6509,4006500.0
2024-10-24,411.8357,412.1754,409.5257,411.3116,1936600.0
2024-10-25,412.9324,413.4662,408.0989,408.7492,2518800.0
2024-10-28,411.0883,412.321,410.8166,411.593,2912000.0
2024-10-29,409.8071,412.4665,409.351,410.0692,2697700.0
2024-10-30,409.6033,412.1559,409.0501,409.3412,2933600.0
2024-10-31,406.8954,407.5748,404.7504,405.3813,4297100.0
2024-11-01,407.3224,410.8456,406.973,408.0503,3856400.0
2024-11-04,407.4874,407.9339,404.1875,405.7501,3125400.0
2024-11-05,405.9636,410.1857,405.4201,409.8751,3093100.0
2024-11-06,421.8715,424.9094,420.9494,424.3659,7271800.0
2024-11-07,424.657,425.3558,423.5893,424.5211,4267900.0
2024-11-08,425.4043,428.7043,424.5308,427.161,5014300.0
2024-11-11,428.8789,431.7809,428.8207,429.9757,4065100.0
2024-11-12,430.529,431.1502,426.1323,426.4623,3483000.0
2024-11-13,426.967,428.5587,425.5402,426.8699,2631000.0
2024-11-14,427.6269,427.9667,424.2396,424.822,2528300.0
2024-11-15,423.2739,423.9246,421.0208,421.9823,3486900.0
2024-11-18,421.6521,422.7787,420.7004,421.6715,2243000.0
2024-11-19,418.3112,421.6035,417.2527,420.3604,3202500.0
2024-11-20,421.05,422.3708,418.4958,421.7686,3956000.0
2024-11-21,423.2933,427.8384,421.1276,426.3137,7558000.0
2024-11-22,426.9158,430.781,426.6536,430.3828,5492800.0
2024-11-25,433.7334,435.4718,432.5583,434.656,2976100.0
2024-11-26,433.6849,436.3751,431.8397,435.938,4126500.0
2024-11-27,436.2293,437.6473,434.4715,434.8308,2985900.0
2024-11-29,435.3746,438.2687,435.3163,437.113,3474100.0
2024-12-02,437.618,437.9968,435.0153,435.8019,2661200.0
2024-12-03,436.2002,436.6372,433.7334,434.9765,1697400.0
2024-12-04,436.88,438.531,435.8408,437.9386,3694400.0
2024-12-05,437.4918,438.4629,435.4232,435.7339,1917600.0
2024-12-06,436.5303,436.9868,433.8985,434.2578,1973900.0
2024-12-09,434.7434,435.3552,431.9755,432.2475,1998600.0
2024-12-10,431.6939,432.9467,430.1789,430.8975,2461000.0
2024-12-11,431.3056,431.9174,429.6255,429.7517,2084300.0
2024-12-12,429.7321,430.344,427.3625,427.5761,3585300.0
2024-12-13,428.1491,428.7998,426.2651,426.7021,2548400.0
2024-12-16,426.9741,427.9648,425.3232,425.731,1987500.0
2024-12-17,423.6041,424.2354,421.9046,423.0117,3130300.0
2024-12-18,423.4099,425.4105,411.7559,411.9889,6135700.0
2024-12-19,415.1841,416.602,412.2123,412.29,4948000.0
2024-12-20,411.0755,420.8347,410.7443,417.3868,6069600.0
2024-12-23,416.179,418.2634,413.9195,417.7277,2602700.0
2024-12-24,417.7277,421.3704,417.1336,421.2437,1431700.0
2024-12-26,419.7535,422.3833,419.7048,421.9352,1867400.0
2024-12-27,419.3737,421.0392,416.3057,418.8088,2429100.0
2024-12-30,414.3967,416.5297,411.5235,414.6889,3858300.0
2024-12-31,415.7992,416.6076,413.0039,414.4259,2442700.0
2025-01-02,417.1921,417.7959,410.6178,412.7702,4231500.0
2025-01-03,414.7668,416.6368,413.1598,416.0427,2203200.0
2025-01-06,417.6984,419.8996,414.9908,416.0135,3463300.0
2025-01-07,417.7375,418.1466,412.8286,414.2604,2053900.0
2025-01-08,414.3383,415.4583,412.2442,415.0395,2020200.0
2025-01-10,413.2377,413.2863,407.9003,408.4165,3415500.0
2025-01-13,407.8613,412.2247,407.6178,411.952,2608100.0
2025-01-14,413.8221,414.4357,410.5788,414.0851,2643300.0
2025-01-15,420.3282,422.0035,419.2958,420.9905,4059800.0
2025-01-16,420.8444,421.6431,419.549,420.3282,2532500.0
2025-01-17,423.3896,425.1921,422.8342,423.565,2771000.0
2025-01-21,425.1531,429.1284,425.1142,428.8069,2113800.0
2025-01-22,430.1613,430.6582,429.0505,429.9567,3724100.0
2025-01-23,430.1905,434.0197,430.1905,433.9515,2352500.0
2025-01-24,433.3864,434.0489,431.9638,432.7238,2022000.0
2025-01-27,429.3331,435.8319,429.2356,435.6468,3822400.0
2025-01-28,435.7248,438.1996,434.7309,436.9037,2233500.0
2025-01-29,436.7088,438.0729,434.3314,435.7053,2225100.0
2025-01-30,435.0816,438.56,434.8965,437.3031,2322600.0
2025-01-31,438.4821,438.8037,433.6202,433.9612,3085400.0
2025-02-03,428.3295,434.4581,427.4429,432.8699,4527700.0
2025-02-04,432.8309,434.5555,431.8955,434.0976,1890500.0
2025-02-05,434.2827,437.3324,432.0319,437.157,2273400.0
2025-02-06,437.8196,438.1899,433.9612,435.8806,1867200.0
2025-02-07,436.2898,436.9816,431.4376,431.7494,2259200.0
2025-02-10,434.3802,434.8186,431.73,433.3669,1858100.0
2025-02-11,431.9638,435.0817,431.8567,434.6628,1436200.0
2025-02-12,430.9895,433.3766,429.7521,432.2464,2444500.0
2025-02-13,433.9028,436.3581,432.3146,435.7833,2961500.0
2025-02-14,435.6273,436.5432,433.9222,434.3509,2005400.0
2025-02-18,433.854,434.5556,432.2464,434.4776,2451200.0
2025-02-19,433.3668,435.335,432.1684,435.2083,2239400.0
2025-02-20,433.8443,434.1268,428.6803,431.0382,2960000.0
2025-02-21,428.4709,428.7539,422.8601,423.6407,3842200.0
2025-02-24,425.28,426.3241,422.8601,424.0115,3629300.0
2025-02-25,424.997,426.9486,422.177,425.5727,2953100.0
2025-02-26,425.8753,427.9049,422.5185,423.8261,2427800.0
2025-02-27,423.9237,428.1293,421.6403,421.8843,3296900.0
2025-02-28,422.5771,428.1977,420.5865,427.7585,3249900.0
2025-03-03,428.9003,430.0224,419.0838,421.6306,3925200.0
2025-03-04,419.2788,420.6547,413.5899,415.2683,3586900.0
2025-03-05,414.9171,421.1524,414.1755,420.0497,3018300.0
2025-03-06,415.8538,419.7082,413.7754,415.5904,2824100.0
2025-03-07,413.8339,418.9275,411.7652,417.8932,3719500.0
2025-03-10,413.1413,415.7368,406.5351,409.3356,3442800.0
2025-03-11,408.3402,408.8866,402.2708,404.7005,3893400.0
2025-03-12,406.8667,407.462,400.6217,403.9296,2960500.0
2025-03-13,403.3442,404.1638,397.3918,398.8848,2557200.0
2025-03-14,400.8852,405.8422,399.9875,405.3055,2422700.0
2025-03-17,404.8957,410.5944,404.7981,409.0623,2141000.0
2025-03-18,408.2914,408.5354,404.8371,406.4471,1844100.0
2025-03-19,407.501,412.2629,406.7106,410.243,1813800.0
2025-03-20,407.8036,412.8972,407.5303,409.9503,1646500.0
2025-03-21,406.7543,410.6258,404.9359,410.2445,2485700.0
2025-03-24,413.8912,416.7069,413.3437,415.9834,2474900.0
2025-03-25,416.7949,417.3032,414.8786,416.306,3997600.0
2025-03-26,416.8046,418.5742,413.6859,414.7516,2442100.0
2025-03-27,414.2138,415.5923,412.0434,413.4904,1646000.0
2025-03-28,412.5518,412.9429,405.9233,406.3339,2600600.0
2025-03-31,402.9904,411.9457,402.2473,410.4988,2985300.0
2025-04-01,409.0616,411.8675,405.7278,410.2152,2384800.0
2025-04-02,407.0672,414.1845,406.8814,412.6007,2299800.0
2025-04-03,401.7389,402.4134,395.9511,396.1662,7440100.0
2025-04-04,386.1062,387.7877,374.1299,374.6578,8667200.0
2025-04-07,363.0825,383.4471,358.1355,371.0895,12718200.0
2025-04-08,384.6887,385.549,362.7403,368.0685,7283000.0
2025-04-09,363.7276,398.6789,363.7276,397.007,9861100.0
2025-04-10,390.6719,391.2487,375.7235,386.8394,6624200.0
2025-04-11,385.6272,395.0616,383.9163,392.9303,3789900.0
2025-04-14,398.3758,398.7472,392.7347,396.3618,2286200.0
2025-04-15,396.7236,398.9037,394.5141,394.69,2387300.0
2025-04-16,393.3213,395.2571,385.2361,387.9051,3004400.0
2025-04-17,382.9235,385.7992,380.9965,382.8061,4537500.0
2025-04-21,379.9694,380.2042,370.0804,373.2789,2881800.0
2025-04-22,377.6316,384.0776,376.7806,383.3048,3308100.0
2025-04-23,390.5627,394.9252,386.2687,387.2566,4049200.0
2025-04-24,386.8653,392.9005,385.1927,392.2158,4010500.0
2025-04-25,391.1398,392.5972,388.4597,392.2549,1790800.0
2025-04-28,393.0178,395.336,390.0051,393.4775,1534700.0
2025-04-29,393.6048,397.4391,393.4091,396.3533,1888100.0
2025-04-30,393.634,398.8671,388.7238,397.4586,2487400.0
2025-05-01,399.6203,401.9483,398.1238,398.515,1917600.0
2025-05-02,402.7797,404.824,401.3614,404.0122,2277700.0
2025-05-05,401.8407,405.3816,401.4886,403.2492,3866000.0
2025-05-06,399.5421,402.7406,398.6031,399.3171,1745600.0
2025-05-07,400.9017,403.7774,399.2291,402.0657,2420600.0
2025-05-08,404.0709,408.6193,402.5744,404.8339,2001000.0
2025-05-09,405.3816,406.0956,402.5743,403.4057,1789200.0
2025-05-12,413.7153,415.026,411.8862,414.9576,2398600.0
2025-05-13,413.4414,414.7228,412.209,412.297,3018000.0
2025-05-14,412.8546,413.4219,410.4385,411.358,3064800.0
2025-05-15,409.3919,414.4196,409.343,414.224,3927000.0
2025-05-16,414.7937,417.7695,413.5799,417.5443,2430300.0
2025-05-19,414.7545,419.6098,414.686,419.0029,3121500.0
2025-05-20,418.3764,419.1595,416.0565,417.9555,1971000.0
2025-05-21,414.1575,415.6062,409.263,409.9091,3624800.0
2025-05-22,409.0476,412.2584,408.5582,409.9776,2638600.0
2025-05-23,405.2006,409.3413,405.0929,407.5401,3117800.0
2025-05-27,411.8179,414.9112,410.3398,414.9014,3126600.0
2025-05-28,414.7839,415.8606,411.857,412.5226,1790900.0
2025-05-29,413.5408,414.0889,409.7427,413.5408,2751400.0
2025-05-30,413.2471,415.3125,410.653,413.9225,2957500.0
2025-06-02,412.415,414.9013,410.232,414.7643,2636100.0
2025-06-03,414.1379,417.3682,413.5505,417.0158,2332600.0
2025-06-04,417.378,418.1415,415.89,415.9684,2163300.0
2025-06-05,416.9571,417.8087,413.9323,415.0189,3018800.0
2025-06-06,418.7483,421.0095,417.5443,419.3356,3081100.0
2025-06-09,419.4728,420.6475,417.4269,419.3162,2680200.0
2025-06-10,419.228,421.0194,418.8364,420.5397,2022600.0
2025-06-11,420.7845,422.9381,419.1302,420.53,3025000.0
2025-06-12,419.1596,421.4599,417.9555,421.4012,2587700.0
2025-06-13,417.1136,417.9065,412.6988,413.8833,4826100.0
2025-06-16,416.0761,419.1596,415.9097,417.2801,3177100.0
2025-06-17,415.4985,417.4171,413.4428,414.177,2450200.0
2025-06-18,414.7252,417.2115,413.3156,413.9127,2786700.0
2025-06-20,415.61,416.3757,413.0086,414.0295,3810500.0
2025-06-23,414.2651,418.1525,411.9287,417.9169,4315000.0
2025-06-24,420.6755,423.8168,419.841,422.894,4958200.0
2025-06-25,422.8548,423.0119,420.6558,421.9811,3265500.0
2025-06-26,422.9235,426.2317,422.9038,425.9764,2444800.0
2025-06-27,427.1741,431.5033,427.125,429.9719,3621000.0
2025-06-30,432.377,433.1721,430.6198,432.5733,2827800.0
2025-07-01,432.1217,437.7958,431.9352,436.7356,4520300.0
2025-07-02,436.5294,437.2362,435.2434,436.5588,3141700.0
2025-07-03,437.5013,440.6328,437.4031,439.8769,2807100.0
2025-07-07,439.18,439.6315,433.4666,435.8619,3657500.0
2025-07-08,435.5576,436.2349,433.9476,434.2716,3563200.0
2025-07-09,436.2448,437.4326,434.1734,436.3723,3251900.0
2025-07-10,436.2349,439.602,435.5674,438.316,2262600.0
2025-07-11,435.538,436.3135,434.6446,435.4398,3345500.0
2025-07-14,434.9882,436.6079,434.3697,436.4312,2244700.0
2025-07-15,436.4312,437.0104,432.0726,432.0824,3810700.0
2025-07-16,433.7611,434.4973,429.6184,434.2519,4230300.0
2025-07-17,433.9476,437.4424,433.8789,437.0595,3790800.0
2025-07-18,437.7381,437.7872,434.1928,435.3124,3901900.0
2025-07-21,436.2356,438.0131,435.1946,435.4892,2548800.0
2025-07-22,434.9196,437.4632,434.8999,436.9819,3091600.0
2025-07-23,439.2309,442.1771,438.347,442.1378,5486500.0
2025-07-24,438.9952,441.0772,438.7399,439.0934,5078300.0
2025-07-25,439.5059,441.3522,438.406,440.9692,3710600.0
2025-07-28,440.6155,441.4208,439.3585,440.3013,2864200.0
2025-07-29,440.5862,440.8023,437.6597,438.4748,3146200.0
2025-07-30,438.7005,439.3585,434.674,436.7855,3765000.0
2025-07-31,437.2864,438.1997,432.6019,433.417,4223300.0
2025-08-01,429.9013,429.9111,425.6292,427.9077,5980000.0
2025-08-04,430.0288,433.9767,429.744,433.8884,5065800.0
2025-08-05,433.8786,435.0571,431.3351,433.2305,4081600.0
2025-08-06,434.183,435.008,432.2386,434.0456,2975300.0
2025-08-07,436.3043,437.031,430.1271,431.8358,5205100.0
2025-08-08,432.9063,434.9392,432.4153,433.9965,3684500.0
2025-08-11,434.399,434.9294,431.3547,432.1207,3538100.0
2025-08-12,433.7706,437.1685,433.2305,436.707,5012600.0
2025-08-13,438.4354,441.5879,438.0524,441.362,6203200.0
2025-08-14,439.7121,441.5781,438.9658,441.1067,4553200.0
2025-08-15,444.0605,444.2079,441.1813,441.7316,5584400.0
2025-08-18,441.5548,442.164,440.8473,441.2599,3809100.0
2025-08-19,442.046,444.3061,440.4345,441.4958,5794900.0
2025-08-20,441.9871,442.7044,439.9039,441.5645,4731400.0
2025-08-21,439.953,441.2796,438.1449,440.179,3780700.0
2025-08-22,442.6062,449.9269,442.4784,448.7183,8534700.0
2025-08-25,447.7357,448.2761,445.1709,445.2102,3898200.0
2025-08-26,444.9351,446.8611,444.6894,446.6056,3190500.0
2025-08-27,446.3992,448.7183,446.3304,448.1188,2943900.0
2025-08-28,448.6102,449.2686,446.9004,448.8657,3576500.0
2025-08-29,448.2073,448.9148,446.3992,448.1778,3605900.0
2025-09-02,444.149,445.8293,442.3507,445.7409,6009200.0
2025-09-03,445.0235,445.8686,442.7143,445.3969,3948200.0
2025-09-04,445.6819,449.3275,444.7091,449.1212,4524200.0
2025-09-05,449.1899,450.7131,445.1218,447.0969,5828200.0
2025-09-08,447.4801,448.3744,445.7605,448.2859,4395200.0
2025-09-09,448.05,450.5951,447.3229,450.0645,5979400.0
2025-09-10,449.7697,449.9564,446.8217,448.0206,5412200.0
2025-09-11,448.9246,454.2997,448.679,453.9067,6352100.0
2025-09-12,453.2483,453.6807,451.1061,451.3518,3784600.0
2025-09-15,452.0298,452.9142,450.8703,452.0888,4862200.0
2025-09-16,452.1281,452.8061,449.8385,450.8212,4526100.0
2025-09-17,451.8136,455.8032,450.0153,453.2581,5998000.0
2025-09-18,453.2876,456.3141,452.6685,454.6043,6681000.0
2025-09-19,455.9919,457.0365,454.1688,456.2087,5871400.0
2025-09-22,454.4546,457.5391,453.4691,456.9281,4074900.0
2025-09-23,457.4701,460.2096,455.3119,456.1397,5904600.0
2025-09-24,456.7112,457.6671,454.0997,454.3165,4588800.0
2025-09-25,453.2129,454.3757,451.0547,452.7497,4767200.0
2025-09-26,454.563,456.6719,453.6268,455.5583,4167200.0
2025-09-29,457.0167,457.0364,454.6023,456.3072,3752700.0
2025-09-30,455.8933,457.342,454.1392,456.997,4253300.0
2025-10-01,455.8441,458.3767,455.8243,457.5095,4551600.0
2025-10-02,457.5588,458.9975,455.8933,458.3471,5458300.0
2025-10-03,459.0173,463.5405,458.9088,460.7122,9693900.0
2025-10-06,461.5105,461.6583,457.48,460.052,7405400.0
2025-10-07,460.7516,461.7962,457.6376,459.1946,7368700.0
2025-10-08,460.525,461.3232,458.1697,459.2932,4621200.0
2025-10-09,459.3917,459.9928,455.8834,456.7605,5411000.0
2025-10-10,458.357,459.7169,448.1082,448.256,9309100.0
2025-10-13,451.5671,454.8487,451.3996,453.9815,6272500.0
2025-10-14,450.3846,458.4555,447.9505,455.982,7827400.0
2025-10-15,457.9135,460.1505,453.5577,455.982,6187100.0
2025-10-16,456.6325,457.5194,451.1829,452.8779,8149500.0
2025-10-17,452.7744,456.5302,452.3998,455.2191,8439900.0
2025-10-20,456.8653,460.8873,456.8456,460.3846,4556600.0
2025-10-21,460.434,464.5546,460.2762,462.5534,5951600.0
2025-10-22,462.5435,462.5731,457.8807,459.1623,7604700.0
2025-10-23,458.9355,461.3211,458.2553,460.6508,5144200.0
2025-10-24,463.342,466.5163,462.6126,465.5009,7228900.0
2025-10-27,468.0146,468.8624,466.9795,468.5963,4720200.0
2025-10-28,471.9973,472.5986,470.0454,470.3707,9435500.0
2025-10-29,471.8494,473.5647,467.7485,469.6018,10006500.0
2025-10-30,467.364,473.3281,467.1767,468.2611,9338300.0
2025-10-31,469.099,470.3806,466.6937,468.9117,7990900.0
2025-11-03,469.3948,469.5328,464.6038,466.743,4858700.0
2025-11-04,463.7364,465.9938,462.1394,464.2095,6013300.0
2025-11-05,464.1109,467.8174,463.7165,466.388,7030200.0
2025-11-06,465.3826,466.7134,461.2029,462.6125,7125200.0
2025-11-07,461.6267,463.273,458.2553,463.1843,8604400.0
2025-11-10,465.1952,467.4626,462.7801,467.088,5636600.0
2025-11-11,467.5218,473.0422,467.2655,472.5986,4839100.0
2025-11-12,473.6633,477.5177,473.6633,475.901,7066900.0
2025-11-13,474.5603,475.556,467.4823,467.9949,8722300.0
2025-11-14,464.6827,467.3147,462.2083,465.0967,10940200.0
2025-11-17,464.18,465.6488,457.9399,459.6946,7599500.0
2025-11-18,455.6035,457.5061,453.001,454.7458,12817500.0
2025-11-19,454.953,456.8161,452.8927,455.1994,5833400.0
2025-11-20,460.0101,462.3661,451.207,451.5914,13414200.0
2025-11-21,453.5812,459.7798,451.9131,456.5719,11821400.0
2025-11-24,457.7366,459.8291,455.0322,458.4177,6206800.0
2025-11-25,459.5429,465.781,457.4406,465.0703,7203600.0
2025-11-26,466.0771,469.6205,465.8106,468.1992,5689100.0
2025-11-28,468.6631,471.4169,468.6631,470.9925,2281800.0
2025-12-01,468.1893,470.7655,466.8174,467.1826,4413900.0
2025-12-02,468.061,470.2818,466.9851,469.0974,5233500.0
2025-12-03,468.6729,473.9536,468.515,473.1936,5994200.0
2025-12-04,473.4897,474.99,471.3083,472.858,4003800.0
2025-12-05,473.2627,475.6809,473.0751,473.8055,4596600.0
2025-12-08,474.2595,474.2891,470.6568,471.9499,4427600.0
2025-12-09,471.871,474.0523,469.9166,470.2424,4266900.0
2025-12-10,469.9561,476.4903,469.1961,475.1084,5476200.0
2025-12-11,475.9474,482.0473,475.7105,481.5439,6972300.0
2025-12-12,482.3632,483.3107,477.8919,479.1059,7089900.0
2025-12-15,481.2576,481.4057,477.4378,478.8789,4891300.0
2025-12-16,478.178,479.1848,474.1016,475.7302,5373200.0
2025-12-17,476.5495,478.5038,473.2725,473.5785,6381600.0
2025-12-18,475.9276,478.3459,473.1936,474.2793,6422800.0
2025-12-19,475.4208,477.5772,475.2329,475.9451,6439100.0
2025-12-22,476.6474,479.1896,476.6474,478.2301,4162000.0
2025-12-23,476.964,479.8722,476.964,478.9918,3677800.0
2025-12-24,478.9522,482.2957,478.3587,481.7417,1544000.0
2025-12-26,481.5736,482.3451,480.4756,481.7615,2711500.0
2025-12-29,480.6339,481.6428,478.517,479.3479,3390100.0
2025-12-30,479.3776,479.427,477.597,478.3587,3042700.0
2025-12-31,478.4181,478.5763,475.1636,475.3714,3441900.0
2026-01-02,476.6376,478.7149,473.2051,478.3983,7021100.0
2026-01-05,479.1698,486.7173,479.0116,484.4718,7574400.0
2026-01-06,484.0366,489.764,483.6706,489.2595,6061400.0
2026-01-07,490.2882,490.8817,484.2047,484.6598,5603700.0
2026-01-08,482.5331,488.1813,482.5331,487.202,6544800.0
2026-01-09,487.5285,490.3378,486.5888,489.6651,6004600.0
2026-01-12,487.0042,490.9708,484.7488,490.5356,5722400.0
2026-01-13,490.1893,490.5949,485.3226,486.6184,5966400.0
2026-01-14,485.3522,486.6184,483.265,486.2622,6767800.0
2026-01-15,487.0437,490.4663,486.8855,489.1309,8519900.0
2026-01-16,489.3278,490.8122,487.1212,488.2592,5845500.0
2026-01-20,481.085,483.9447,479.1851,479.8085,7416300.0
2026-01-21,480.5902,487.7544,480.4813,485.6665,6718600.0
2026-01-22,488.3086,490.822,487.3091,488.5263,5087200.0
2026-01-23,486.6759,486.9826,484.4395,485.7952,4915700.0
2026-01-26,486.7649,489.6742,486.3295,488.8924,3722800.0
2026-01-27,485.5576,486.4482,483.4499,484.9342,5971400.0
2026-01-28,485.1519,486.2503,483.816,485.0035,4726500.0
2026-01-29,484.954,487.794,480.8079,485.0827,9706500.0
2026-01-30,483.9942,485.3499,479.4918,483.915,8112100.0
2026-02-02,483.7567,489.6345,481.8865,488.8627,5584500.0
2026-02-03,487.9821,491.3267,483.1729,487.1607,8799100.0
2026-02-04,488.7539,491.3069,485.9732,489.5752,8797100.0
2026-02-05,487.3586,488.2789,483.1234,483.7963,7767500.0
2026-02-06,487.2201,496.4229,486.9826,495.7896,10635300.0
2026-02-09,494.8791,496.9076,493.0979,495.9775,6414800.0
2026-02-10,497.0858,500.0148,496.0171,496.6504,8163100.0
2026-02-11,498.9362,499.8367,493.9094,496.0864,5743800.0
2026-02-12,497.8675,499.2628,489.1497,489.496,9160300.0
2026-02-13,489.8622,492.5735,486.0624,490.0997,8378100.0
2026-02-17,490.1491,492.3657,486.9628,490.6637,6779400.0
2026-02-18,491.584,494.1172,489.4762,491.8017,4454300.0
2026-02-19,490.3767,491.297,487.2597,489.2091,4625400.0
2026-02-20,487.9934,492.4123,486.8541,491.5007,6086800.0
2026-02-23,489.9353,492.4023,482.6531,483.5052,8269200.0
2026-02-24,483.8818,488.3006,482.9504,487.2504,5335000.0
2026-02-25,489.0734,490.5595,487.3593,490.2524,4446200.0
2026-02-26,492.4123,493.6111,487.6962,490.292,6467000.0
2026-02-27,485.1103,486.4181,482.2668,485.14,7198400.0
2026-03-02,479.8691,486.4478,479.6809,484.6644,7218500.0
2026-03-03,475.7277,482.8909,472.3293,481.0382,11570700.0
2026-03-04,482.0686,484.5158,479.4827,483.2377,7590700.0
2026-03-05,479.3539,481.0085,471.7547,475.4106,8758600.0
2026-03-06,469.3471,471.834,466.1172,470.8432,8206100.0
2026-03-09,466.5334,474.9549,462.3722,473.4688,10305600.0
2026-03-10,473.33,478.4127,470.6252,473.2904,6265600.0
2026-03-11,472.9932,473.3597,468.0987,470.4271,6701700.0
2026-03-12,465.9983,467.1278,463.0954,463.1648,8000200.0
2026-03-13,465.602,467.7421,461.4804,462.1046,7471700.0
2026-03-16,465.7308,468.3365,464.6509,465.9587,7059900.0
2026-03-17,469.0102,470.7441,466.2856,466.5531,6189400.0
2026-03-18,464.4428,465.4138,458.4883,458.7261,7090700.0
2026-03-19,455.7241,459.0927,453.9308,456.804,7882800.0
2026-03-20,455.4775,457.3044,450.3243,452.6576,10543300.0
2026-03-23,460.015,463.7285,457.6519,458.6945,9978100.0
2026-03-24,455.1697,460.6505,454.1966,457.9002,8188000.0
2026-03-25,462.4278,463.9271,458.5257,460.8491,7019700.0
2026-03-26,458.2675,462.1299,455.6859,456.0533,8284000.0
2026-03-27,454.1172,454.2562,447.2959,448.1895,6938500.0
2026-03-30,452.3697,452.886,447.2463,448.8548,9181600.0
2026-03-31,453.5711,460.5314,451.4462,459.9058,11656300.0
2026-04-01,462.6959,464.5825,461.2066,462.1796,7790300.0
2026-04-02,456.8973,464.2051,455.6264,461.7626,3955900.0
2026-04-06,460.869,463.7087,460.174,463.4605,2905300.0
2026-04-07,462.4477,463.0038,458.8335,462.5768,3943200.0
2026-04-08,475.4846,476.7953,472.1882,475.7626,4697500.0
2026-04-09,474.1044,479.8435,473.6279,478.4832,4213700.0
2026-04-10,478.7811,478.9797,475.2364,475.852,2659000.0
2026-04-13,472.7243,478.8605,471.7811,478.7116,3768700.0
2026-04-14,478.9896,482.5243,478.4435,482.0477,4217900.0
2026-04-15,483.0605,483.6264,479.4363,481.2832,3474500.0
2026-04-16,482.3754,483.3286,479.9229,482.1867,4111500.0
2026-04-17,487.3978,493.7253,487.0898,490.9241,10238700.0
2026-04-20,490.1592,491.4803,489.0268,491.0333,3764000.0
2026-04-21,493.9239,495.0563,487.0501,488.0831,4322200.0
2026-04-22,492.0167,492.8313,489.9407,491.4605,4022400.0
2026-04-23,489.2652,491.828,485.2522,489.7122,4077300.0
2026-04-24,489.7619,490.1989,487.4971,488.9275,3372300.0
2026-04-27,488.3215,490.2585,487.0203,488.55,2132100.0
2026-04-28,490.1692,490.5268,487.4971,488.1428,3057100.0
2026-04-29,487.6759,488.2123,483.7523,485.4111,3322300.0
2026-04-30,487.7057,494.2617,487.1197,493.3379,5352300.0
2026-05-01,495.5133,496.596,491.6095,491.7188,4402600.0
2026-05-04,490.2089,491.0333,485.7389,486.2952,3310400.0
2026-05-05,488.6096,490.2983,486.762,489.6725,3386200.0
2026-05-06,493.6657,496.745,493.5862,495.7218,4317300.0
2026-05-07,497.1721,497.8575,491.4704,492.6028,4490500.0
2026-05-08,495.1557,495.2252,491.6293,492.8214,3495200.0
2026-05-11,492.4935,494.5199,491.4605,493.7948,4249100.0
2026-05-12,493.1988,495.0861,489.9009,494.5696,7445700.0
2026-05-13,492.8512,494.2915,491.3413,493.8246,3256800.0
2026-05-14,498.0463,498.8111,495.5232,497.4602,4920500.0
2026-05-15,494.2758,494.6933,492.0495,492.3378,5300700.0
2026-05-18,492.6161,494.5939,490.5786,493.9677,5496200.0
2026-05-19,491.801,493.3018,489.5648,490.9562,5361300.0
2026-05-20,492.8347,497.8637,489.4754,497.1779,6516100.0
2026-05-21,495.7269,500.9646,494.1665,500.0304,6576000.0
2026-05-22,503.9065,505.6259,502.5946,503.0219,5172200.0
2026-05-26,504.4631,505.129,500.8851,502.1573,3897800.0
2026-05-27,502.8331,505.5861,502.7138,503.7773,4247800.0
2026-05-28,502.2467,505.0991,500.5571,503.9462,3709600.0
2026-05-29,504.7911,508.1802,504.0954,507.6534,5346700.0
2026-06-01,506.7291,508.7268,505.2184,508.3094,4424800.0
2026-06-02,505.9638,511.3407,505.8147,510.9034,5078000.0
2026-06-03,508.0411,509.7107,504.8805,505.1489,4098000.0
2026-06-04,510.5456,514.4118,509.5418,513.5372,6390700.0
2026-06-05,514.541,514.5808,505.6359,506.58,6610700.0
2026-06-08,507.6435,510.6152,505.2085,505.7949,4825700.0
2026-06-09,508.3491,510.3965,500.0005,506.2918,6249400.0
2026-06-10,504.3835,505.6259,497.0388,497.1878,5153400.0
2026-06-11,500.1099,507.6336,498.4998,506.2421,6353900.0
2026-06-12,509.7505,512.1457,506.3614,509.9195,8384500.0
2026-06-15,516.0517,517.6519,514.7,515.2665,5379400.0
2026-06-16,517.1351,520.0968,516.8767,518.2482,4812600.0
2026-06-17,518.0692,520.9614,512.1457,513.1396,6563500.0
2026-06-18,516.6626,517.7489,513.6729,513.7626,7134400.0
2026-06-22,515.078,517.1409,514.2309,515.3172,6552200.0
2026-06-23,512.9254,516.9516,511.2212,514.8588,5039200.0
2026-06-24,514.4302,520.649,514.2509,516.7523,4395900.0
2026-06-25,519.4132,524.7748,516.7821,517.4897,5357500.0
2026-06-26,515.2375,519.5029,514.3405,515.9849,3823600.0
2026-06-29,518.8551,521.197,517.6293,519.9015,5733400.0
2026-06-30,520.5692,521.3566,517.8187,520.6091,3607900.0
2026-07-01,519.6524,524.9244,517.8486,520.6191,3438400.0
2026-07-02,523.6985,526.459,521.9444,526.0803,3518700.0
2026-07-06,526.9175,528.2829,524.0573,528.2829,3236900.0
2026-07-07,530.6947,530.7245,525.313,526.6485,4489200.0
2026-07-08,521.5559,522.6721,518.2572,520.9879,3575000.0
2026-07-09,521.8648,523.3596,520.3599,522.4029,3056400.0
2026-07-10,523.848,524.6751,519.9613,523.9875,3469400.0
2026-07-13,524.0474,526.0605,521.1174,522.682,2723800.0
2026-07-14,521.5359,524.9243,520.7785,522.9012,3664000.0
2026-07-15,524.1072,525.9309,521.9147,524.157,3246900.0
2026-07-16,525.014,526.1302,521.2868,523.0408,3173300.0
2026-07-17,518.0156,523.7176,517.2779,519.1819,4741300.0
2026-07-20,520.408,521.7638,515.5433,516.3209,2336600.0
2026-07-21,518.0056,521.375,516.5003,519.8797,3240700.0
2026-07-22,519.9993,522.7307,519.3813,519.8398,3204100.0
2026-07-23,513.4598,516.5501,513.1109,514.6461,4305100.0
2026-07-24,515.663,518.9327,514.6561,517.1383,3328400.0
2026-07-27,523.0597,523.6978,517.6666,519.6305,3355200.0
2026-07-28,524.545,526.8179,522.0329,525.2429,5157900.0
2026-07-29,520.8267,521.5345,513.2106,513.7987,7369400.0
2026-07-30,517.2181,520.3482,514.2573,519.8797,3225300.0
2026-07-31,522.4417,523.9669,517.6268,522.6809,3981100.0
2026-08-03,527.8945,529.988,527.0372,529.5593,4328000.0
2026-08-04,536.2184,540.3953,534.3243,538.7405,6705400.0
2026-08-05,541.6016,545.0408,540.9536,541.1131,5256700.0
2026-08-06,542.1,542.8676,536.0091,536.5076,3651800.0
2026-08-07,537.0259,538.5311,535.7499,537.933,2230100.0
2026-08-10,537.016,538.3319,536.1985,537.3051,3408900.0
2026-08-11,538.2221,540.0265,535.2315,535.6004,2826800.0
2026-08-12,537.325,537.5044,535.1817,535.4708,3167600.0
2026-08-13,537.016,538.282,534.0154,536.2284,2033100.0
2026-08-14,535.73,536.5973,534.5238,535.1219,2089100.0
2026-08-17,532.829,534.3044,531.8222,532.52,2668100.0
2026-08-18,531.7126,532.5898,530.3568,531.244,3825700.0
2026-08-19,533.6565,535.0022,531.9119,532.5998,3062700.0
2026-08-20,528.692,530.1176,525.5519,525.8609,2868500.0
2026-08-21,528.8112,531.6845,528.2125,530.9961,3034400.0
2026-08-24,530.607,533.2509,530.607,532.4229,4587500.0
2026-08-25,535.1366,535.2862,531.9639,534.0092,2443900.0
2026-08-26,534.109,534.7175,532.0836,533.0015,1761300.0
2026-08-27,532.333,535.396,531.6945,533.9892,2500300.0
2026-08-28,535.2962,536.4934,533.1711,533.8296,2655400.0
2026-08-31,532.333,532.333,529.5594,530.3476,1744800.0
2026-09-01,527.4542,530.4274,525.6285,526.5364,3189300.0
2026-09-02,528.2923,530.9462,528.0229,529.3998,3114500.0
2026-09-03,532.8119,536.3837,531.7144,535.6953,4806300.0
2026-09-04,533.8994,535.1366,531.7045,532.8519,2321500.0
2026-09-08,529.0007,529.1704,526.1373,526.8158,3643200.0
2026-09-09,524.4313,524.531,522.0467,522.8649,3782000.0
2026-09-10,521.0889,521.8173,518.6047,519.5525,4748300.0
2026-09-11,524.1619,526.1473,523.0843,524.5809,3435700.0
2026-09-14,523.3337,525.5786,521.8971,523.2839,2698100.0
2026-09-15,521.9769,522.4359,518.0161,520.0314,3226000.0
2026-09-16,520.6998,521.0989,511.1119,514.0352,5678700.0
2026-09-17,519.2931,519.4726,515.3621,517.158,4204900.0
2026-09-18,516.52,517.08,514.15,515.88,2690000.0
2026-09-21,520.03,520.52,516.76,519.78,3079200.0
2026-09-22,522.48,522.55,516.51,518.0,3367800.0
2026-09-23,516.02,517.66,513.95,514.3,4171500.0
2026-09-24,512.85,514.14,510.42,512.68,2761500.0
2026-09-25,514.0,517.92,512.59,517.49,2788600.0
2026-09-28,514.29,517.04,513.3,514.02,2433800.0
2026-09-29,513.79,514.26,510.46,512.88,2567500.0
2026-09-30,513.99,514.16,508.34,508.55,2695300.0
2026-10-01,509.37,510.95,504.7,508.62,4411400.0
2026-10-02,512.54,513.06,508.69,511.1,3977100.0
