date,open,high,low,close,volume
1962-01-02,0.0626,0.0632,0.0626,0.0629,633830.0
1962-01-03,0.0629,0.0629,0.0598,0.0603,6564672.0
1962-01-04,0.0603,0.0608,0.0594,0.0597,1199750.0
1962-01-05,0.0594,0.0594,0.0573,0.0576,520646.0
1962-01-08,0.0576,0.0582,0.0575,0.0578,1380845.0
1962-01-09,0.058,0.0588,0.058,0.0581,1177114.0
1962-01-10,0.0583,0.0594,0.0583,0.059,882835.0
1962-01-11,0.059,0.0594,0.0585,0.0592,588557.0
1962-01-12,0.0592,0.0598,0.059,0.059,407462.0
1962-01-15,0.059,0.0594,0.0583,0.0585,792288.0
1962-01-16,0.0582,0.0582,0.0576,0.0578,384826.0
1962-01-17,0.0578,0.058,0.0564,0.0564,498010.0
1962-01-18,0.0564,0.0575,0.0561,0.0575,1177114.0
1962-01-19,0.0576,0.0589,0.0576,0.0585,633830.0
1962-01-22,0.0585,0.0587,0.0576,0.058,837562.0
1962-01-23,0.0578,0.0578,0.0573,0.0576,928109.0
1962-01-24,0.0576,0.0582,0.0569,0.0581,996019.0
1962-01-25,0.0581,0.0581,0.0576,0.0578,611194.0
1962-01-26,0.0576,0.0576,0.0564,0.0564,928109.0
1962-01-29,0.0567,0.0578,0.0567,0.0576,747014.0
1962-01-30,0.0576,0.0581,0.0576,0.0576,882835.0
1962-01-31,0.0576,0.0583,0.0575,0.0583,814925.0
1962-02-01,0.0583,0.0587,0.0582,0.0587,498010.0
1962-02-02,0.0587,0.0587,0.0583,0.0587,430099.0
1962-02-05,0.0587,0.0589,0.0582,0.0585,928109.0
1962-02-06,0.0586,0.0592,0.0586,0.0592,1448755.0
1962-02-07,0.0592,0.0593,0.0588,0.0593,588557.0
1962-02-08,0.0593,0.0594,0.0588,0.0593,475373.0
1962-02-09,0.0593,0.0598,0.059,0.0598,679104.0
1962-02-12,0.0598,0.0598,0.0594,0.0596,135821.0
1962-02-13,0.0596,0.0603,0.0594,0.0603,1222387.0
1962-02-14,0.0603,0.0608,0.0601,0.0608,1041293.0
1962-02-15,0.0608,0.0615,0.0607,0.0615,928109.0
1962-02-16,0.0614,0.0614,0.0609,0.0611,769651.0
1962-02-19,0.0611,0.0614,0.0608,0.0608,1471392.0
1962-02-20,0.0608,0.0624,0.0606,0.0624,1607213.0
1962-02-21,0.0626,0.0631,0.0626,0.0628,950746.0
1962-02-23,0.0628,0.0634,0.0626,0.0631,1154477.0
1962-02-26,0.0631,0.0634,0.0625,0.0626,2037312.0
1962-02-27,0.0622,0.0622,0.0618,0.062,837562.0
1962-02-28,0.062,0.0627,0.0619,0.0627,452736.0
1962-03-01,0.0627,0.0631,0.0627,0.063,611194.0
1962-03-02,0.063,0.0631,0.0624,0.0627,905472.0
1962-03-05,0.0627,0.0628,0.0617,0.0627,905472.0
1962-03-06,0.063,0.0637,0.063,0.0636,1109203.0
1962-03-07,0.0636,0.064,0.0634,0.064,1041293.0
1962-03-08,0.064,0.0646,0.0639,0.0644,294278.0
1962-03-09,0.0644,0.0651,0.0639,0.0649,1177114.0
1962-03-12,0.0649,0.0651,0.0646,0.0649,2444774.0
1962-03-13,0.0652,0.0664,0.0652,0.0655,2241043.0
1962-03-14,0.0657,0.0662,0.0657,0.0657,1539302.0
1962-03-15,0.0657,0.066,0.0655,0.0659,814925.0
1962-03-16,0.0659,0.0664,0.0657,0.0664,928109.0
1962-03-19,0.0664,0.0664,0.066,0.0661,724378.0
1962-03-20,0.0661,0.0666,0.0657,0.0658,1267661.0
1962-03-21,0.0658,0.0663,0.0651,0.0651,2059949.0
1962-03-22,0.0653,0.0664,0.0653,0.066,565920.0
1962-03-23,0.0664,0.067,0.0664,0.0668,1063930.0
1962-03-26,0.0668,0.067,0.0664,0.0664,769651.0
1962-03-27,0.0664,0.0666,0.066,0.0662,588557.0
1962-03-28,0.0662,0.0662,0.0657,0.066,1358208.0
1962-03-29,0.0662,0.0664,0.0662,0.0664,294278.0
1962-03-30,0.0664,0.0667,0.066,0.0666,905472.0
1962-04-02,0.0666,0.0666,0.066,0.0663,520646.0
1962-04-03,0.0661,0.0661,0.0651,0.0651,701741.0
1962-04-04,0.0651,0.0654,0.065,0.0651,747014.0
1962-04-05,0.0651,0.0651,0.0647,0.0651,814925.0
1962-04-06,0.065,0.065,0.0628,0.063,656467.0
1962-04-09,0.063,0.063,0.0623,0.0626,565920.0
1962-04-10,0.0626,0.0639,0.0623,0.0637,611194.0
1962-04-11,0.0637,0.0641,0.0634,0.0634,271642.0
1962-04-12,0.063,0.063,0.0618,0.062,724378.0
1962-04-13,0.062,0.0628,0.0606,0.0628,882835.0
1962-04-16,0.0628,0.0632,0.0618,0.0621,973382.0
1962-04-17,0.0621,0.0624,0.0606,0.0606,633830.0
1962-04-18,0.0606,0.0614,0.0606,0.0614,498010.0
1962-04-19,0.0618,0.0621,0.0618,0.0619,339552.0
1962-04-23,0.0619,0.0623,0.0616,0.062,407462.0
1962-04-24,0.062,0.0623,0.0613,0.0616,679104.0
1962-04-25,0.0613,0.0613,0.0606,0.0607,339552.0
1962-04-26,0.0607,0.0607,0.06,0.0601,679104.0
1962-04-27,0.0601,0.0602,0.0594,0.0594,724378.0
1962-04-30,0.0595,0.0602,0.0595,0.0596,611194.0
1962-05-01,0.0593,0.0593,0.0581,0.0593,747014.0
1962-05-02,0.0597,0.0606,0.0597,0.06,1607213.0
1962-05-03,0.06,0.0606,0.06,0.0604,1335571.0
1962-05-04,0.0604,0.0613,0.0603,0.0613,2082586.0
1962-05-07,0.0613,0.062,0.0613,0.0618,724378.0
1962-05-08,0.0618,0.0625,0.0613,0.0614,520646.0
1962-05-09,0.0613,0.0613,0.0602,0.0613,633830.0
1962-05-10,0.0609,0.0609,0.0602,0.0604,747014.0
1962-05-11,0.0604,0.0611,0.0603,0.0604,882835.0
1962-05-14,0.0593,0.0593,0.0575,0.0593,1539302.0
1962-05-15,0.0593,0.06,0.0588,0.06,1177114.0
1962-05-16,0.06,0.0604,0.0598,0.0602,656467.0
1962-05-17,0.0597,0.0597,0.0584,0.0584,430099.0
1962-05-18,0.0584,0.059,0.0577,0.059,882835.0
1962-05-21,0.059,0.0595,0.0588,0.0589,475373.0
1962-05-22,0.0589,0.0592,0.0582,0.0583,701741.0
1962-05-23,0.0582,0.0582,0.0565,0.0565,1109203.0
1962-05-24,0.0565,0.0566,0.0542,0.0542,1697760.0
1962-05-25,0.0538,0.0538,0.0523,0.0526,1539302.0
1962-05-28,0.0526,0.0527,0.0507,0.0519,1561939.0
1962-05-29,0.0519,0.0519,0.0498,0.0512,3259699.0
1962-05-31,0.0514,0.0547,0.0514,0.0522,3961440.0
1962-06-01,0.0522,0.0522,0.0509,0.0514,1448755.0
1962-06-04,0.0514,0.0514,0.0481,0.0485,2535322.0
1962-06-05,0.0488,0.0488,0.0467,0.0472,2512685.0
1962-06-06,0.0478,0.0494,0.0478,0.0483,2105222.0
1962-06-07,0.0483,0.0488,0.0478,0.0488,973382.0
1962-06-08,0.0488,0.0503,0.0488,0.0503,1516666.0
1962-06-11,0.0503,0.0517,0.0487,0.0487,1901491.0
1962-06-12,0.0487,0.0487,0.0476,0.0476,1494029.0
1962-06-13,0.0476,0.0495,0.047,0.0472,2173133.0
1962-06-14,0.0472,0.0479,0.0465,0.0471,2693779.0
1962-06-15,0.0471,0.0483,0.0447,0.0479,3802982.0
1962-06-18,0.0479,0.0492,0.0469,0.0483,814925.0
1962-06-19,0.0483,0.0483,0.0477,0.0479,701741.0
1962-06-20,0.0479,0.0481,0.0463,0.0471,1629850.0
1962-06-21,0.0462,0.0462,0.0455,0.0455,1494029.0
1962-06-22,0.0453,0.0453,0.0438,0.0438,2603232.0
1962-06-25,0.0438,0.0447,0.0426,0.0447,3055968.0
1962-06-26,0.0447,0.046,0.0444,0.0445,1652486.0
1962-06-27,0.0441,0.0441,0.0431,0.044,1743034.0
1962-06-28,0.0447,0.0463,0.0447,0.0462,1946765.0
1962-06-29,0.0462,0.0484,0.0462,0.0462,1901491.0
1962-07-02,0.0462,0.0482,0.046,0.0479,996019.0
1962-07-03,0.048,0.0501,0.048,0.0494,1561939.0
1962-07-05,0.0494,0.05,0.0492,0.0499,1403482.0
1962-07-06,0.0497,0.0497,0.0483,0.0489,1131840.0
1962-07-09,0.0489,0.0495,0.0485,0.0495,1267661.0
1962-07-10,0.0499,0.0516,0.0499,0.05,2422138.0
1962-07-11,0.05,0.05,0.0495,0.0498,1358208.0
1962-07-12,0.0498,0.0508,0.0498,0.0498,1290298.0
1962-07-13,0.0498,0.0498,0.0494,0.0495,747014.0
1962-07-16,0.0495,0.0495,0.0487,0.0494,1471392.0
1962-07-17,0.0494,0.0495,0.0487,0.0487,1154477.0
1962-07-18,0.0487,0.0487,0.048,0.0482,837562.0
1962-07-19,0.0482,0.0489,0.048,0.0487,928109.0
1962-07-20,0.0487,0.0496,0.0487,0.0496,1199750.0
1962-07-23,0.0496,0.0504,0.0494,0.0503,565920.0
1962-07-24,0.0503,0.0507,0.0495,0.0499,1154477.0
1962-07-25,0.0496,0.0496,0.0488,0.0494,996019.0
1962-07-26,0.0494,0.0506,0.0493,0.0499,747014.0
1962-07-27,0.0499,0.0503,0.0494,0.0503,769651.0
1962-07-30,0.0507,0.0536,0.0507,0.0533,1131840.0
1962-07-31,0.0533,0.0545,0.0529,0.053,1312934.0
1962-08-01,0.053,0.0535,0.0524,0.0526,928109.0
1962-08-02,0.0523,0.0523,0.0518,0.0518,905472.0
1962-08-03,0.0518,0.0527,0.0518,0.0526,814925.0
1962-08-06,0.0526,0.0526,0.0515,0.0515,973382.0
1962-08-07,0.0506,0.0506,0.0494,0.0495,1426118.0
1962-08-08,0.0495,0.0495,0.0487,0.0495,1448755.0
1962-08-09,0.0493,0.0493,0.0487,0.0488,1267661.0
1962-08-10,0.0488,0.0495,0.0484,0.0484,520646.0
1962-08-13,0.0484,0.0488,0.0481,0.0481,611194.0
1962-08-14,0.0481,0.0482,0.0471,0.0481,2852237.0
1962-08-15,0.0485,0.049,0.0485,0.0488,905472.0
1962-08-16,0.0485,0.0485,0.0478,0.0479,611194.0
1962-08-17,0.0479,0.0479,0.0477,0.0477,498010.0
1962-08-20,0.0476,0.0476,0.0474,0.0475,1969402.0
1962-08-21,0.0473,0.0473,0.0458,0.0461,837562.0
1962-08-22,0.0461,0.0474,0.0458,0.0474,1743034.0
1962-08-23,0.0473,0.0473,0.0466,0.0466,882835.0
1962-08-24,0.0463,0.0463,0.0457,0.046,950746.0
1962-08-27,0.046,0.046,0.0457,0.0457,679104.0
1962-08-28,0.0457,0.0459,0.0449,0.0449,1245024.0
1962-08-29,0.0448,0.0448,0.0444,0.0444,747014.0
1962-08-30,0.0446,0.0452,0.0446,0.0447,1199750.0
1962-08-31,0.0447,0.0451,0.0447,0.0449,1312934.0
1962-09-04,0.0449,0.0455,0.0448,0.0449,1358208.0
1962-09-05,0.0452,0.0461,0.0452,0.0456,724378.0
1962-09-06,0.0456,0.0463,0.0452,0.0459,1199750.0
1962-09-07,0.0459,0.0461,0.0457,0.0457,1063930.0
1962-09-10,0.0458,0.0465,0.0458,0.0465,407462.0
1962-09-11,0.0465,0.0479,0.0465,0.0479,792288.0
1962-09-12,0.0479,0.0484,0.0479,0.0482,633830.0
1962-09-13,0.0482,0.0484,0.0479,0.0484,701741.0
1962-09-14,0.0484,0.0486,0.0479,0.0482,905472.0
1962-09-17,0.0482,0.0485,0.0482,0.0483,1018656.0
1962-09-18,0.0483,0.0489,0.0482,0.0488,769651.0
1962-09-19,0.0488,0.0497,0.0483,0.0494,1335571.0
1962-09-20,0.0493,0.0493,0.0477,0.0477,2263680.0
1962-09-21,0.0477,0.0479,0.0466,0.0471,1901491.0
1962-09-24,0.0466,0.0466,0.0462,0.0462,1403482.0
1962-09-25,0.0462,0.047,0.0461,0.0465,1018656.0
1962-09-26,0.0466,0.0469,0.0466,0.0466,792288.0
1962-09-27,0.0466,0.0475,0.0465,0.0469,1109203.0
1962-09-28,0.0469,0.047,0.0465,0.0466,950746.0
1962-10-01,0.0464,0.0464,0.0455,0.0457,1607213.0
1962-10-02,0.0457,0.0467,0.0456,0.0466,1041293.0
1962-10-03,0.0466,0.0467,0.0457,0.0457,1177114.0
1962-10-04,0.0457,0.0459,0.0454,0.0459,814925.0
1962-10-05,0.0459,0.0466,0.0459,0.0466,860198.0
1962-10-08,0.0466,0.0468,0.0466,0.0467,882835.0
1962-10-09,0.0469,0.0475,0.0469,0.0474,701741.0
1962-10-10,0.0474,0.0474,0.0469,0.047,973382.0
1962-10-11,0.047,0.047,0.0465,0.0467,1312934.0
1962-10-12,0.0467,0.0469,0.0465,0.0469,701741.0
1962-10-15,0.0469,0.0474,0.0467,0.0474,543283.0
1962-10-16,0.0474,0.0479,0.047,0.0473,1199750.0
1962-10-17,0.0473,0.0474,0.0465,0.0466,1290298.0
1962-10-18,0.0466,0.047,0.0465,0.0469,1335571.0
1962-10-19,0.0469,0.0472,0.0467,0.0467,1992038.0
1962-10-22,0.0467,0.0481,0.0463,0.0481,1607213.0
1962-10-23,0.0478,0.0478,0.0468,0.0469,1199750.0
1962-10-24,0.0469,0.0486,0.0462,0.0486,1516666.0
1962-10-25,0.0482,0.0482,0.0468,0.0475,1494029.0
1962-10-26,0.047,0.047,0.0465,0.0466,316915.0
1962-10-29,0.0476,0.0489,0.0476,0.0484,1403482.0
1962-10-30,0.0486,0.0498,0.0486,0.0494,769651.0
1962-10-31,0.0494,0.0499,0.0493,0.0493,611194.0
1962-11-01,0.0493,0.0504,0.0486,0.0504,1380845.0
1962-11-02,0.0509,0.0525,0.0509,0.0518,1335571.0
1962-11-05,0.0521,0.0531,0.0521,0.0531,950746.0
1962-11-07,0.0531,0.0532,0.0522,0.0529,520646.0
1962-11-08,0.0529,0.0529,0.0524,0.0525,1245024.0
1962-11-09,0.0525,0.0525,0.0515,0.0515,543283.0
1962-11-12,0.0516,0.0524,0.0516,0.052,950746.0
1962-11-13,0.052,0.0525,0.0516,0.0522,860198.0
1962-11-14,0.0522,0.0525,0.0518,0.0524,701741.0
1962-11-15,0.0524,0.0528,0.0524,0.0527,565920.0
1962-11-16,0.0527,0.0533,0.0525,0.0532,928109.0
1962-11-19,0.0528,0.0528,0.0516,0.0516,950746.0
1962-11-20,0.0516,0.0517,0.0513,0.0515,837562.0
1962-11-21,0.0515,0.052,0.0511,0.052,1109203.0
1962-11-23,0.052,0.0528,0.0519,0.0522,1607213.0
1962-11-26,0.0522,0.0529,0.0521,0.0529,1267661.0
1962-11-27,0.0536,0.055,0.0536,0.0546,814925.0
1962-11-28,0.0547,0.0558,0.0547,0.0558,973382.0
1962-11-29,0.0557,0.0557,0.055,0.0557,973382.0
1962-11-30,0.0557,0.0568,0.0553,0.0559,1109203.0
1962-12-03,0.0559,0.057,0.0556,0.0569,1358208.0
1962-12-04,0.0572,0.0581,0.0561,0.058,1041293.0
1962-12-05,0.058,0.0597,0.0573,0.0595,1358208.0
1962-12-06,0.0594,0.0594,0.0584,0.0588,950746.0
1962-12-07,0.0588,0.0589,0.058,0.058,950746.0
1962-12-10,0.058,0.0582,0.0573,0.0577,973382.0
1962-12-11,0.0572,0.0572,0.0564,0.057,565920.0
1962-12-12,0.057,0.0575,0.0568,0.0571,837562.0
1962-12-13,0.0571,0.0573,0.0568,0.0571,588557.0
1962-12-14,0.0571,0.0571,0.0564,0.0564,996019.0
1962-12-17,0.0564,0.0571,0.0564,0.0566,882835.0
1962-12-18,0.0566,0.0571,0.0564,0.0566,543283.0
1962-12-19,0.0566,0.0568,0.0564,0.0568,792288.0
1962-12-20,0.0568,0.0574,0.0566,0.0573,588557.0
1962-12-21,0.0573,0.0574,0.0568,0.0571,430099.0
1962-12-24,0.0564,0.0564,0.0559,0.0564,362189.0
1962-12-26,0.0564,0.0564,0.0557,0.0563,407462.0
1962-12-27,0.0563,0.0565,0.0559,0.0561,543283.0
1962-12-28,0.0561,0.0563,0.0558,0.0558,656467.0
1962-12-31,0.0558,0.0562,0.0557,0.0558,271642.0
1963-01-02,0.0558,0.0564,0.0557,0.056,339552.0
1963-01-03,0.056,0.0567,0.056,0.0567,543283.0
1963-01-04,0.0568,0.0579,0.0568,0.0576,1177114.0
1963-01-07,0.0576,0.0582,0.0571,0.058,1109203.0
1963-01-08,0.058,0.0584,0.0574,0.0584,181094.0
1963-01-09,0.0584,0.0585,0.0577,0.0579,543283.0
1963-01-10,0.0579,0.058,0.0577,0.0577,339552.0
1963-01-11,0.0577,0.058,0.0575,0.058,249005.0
1963-01-14,0.058,0.0589,0.0575,0.0589,1358208.0
1963-01-15,0.0597,0.0616,0.0597,0.0613,2082586.0
1963-01-16,0.0613,0.0618,0.0607,0.0609,1290298.0
1963-01-17,0.0601,0.0601,0.0591,0.0597,1380845.0
1963-01-18,0.0597,0.0602,0.0588,0.0588,1335571.0
1963-01-21,0.0588,0.0592,0.0586,0.0591,950746.0
1963-01-22,0.0593,0.0604,0.0593,0.0597,928109.0
1963-01-23,0.0597,0.0601,0.0597,0.06,316915.0
1963-01-24,0.06,0.0602,0.0598,0.0602,679104.0
1963-01-25,0.0605,0.0614,0.0605,0.0611,1154477.0
1963-01-28,0.0611,0.0615,0.0611,0.0612,407462.0
1963-01-29,0.0613,0.0631,0.0613,0.0631,2535322.0
1963-01-30,0.0631,0.0632,0.0618,0.0618,701741.0
1963-01-31,0.0618,0.0622,0.0614,0.0618,1312934.0
1963-02-01,0.0618,0.0623,0.0618,0.0623,2127859.0
1963-02-04,0.0623,0.0627,0.0618,0.0618,1177114.0
1963-02-05,0.0618,0.0618,0.0615,0.0616,860198.0
1963-02-06,0.0616,0.0616,0.0614,0.0615,452736.0
1963-02-07,0.0615,0.0617,0.0614,0.0614,588557.0
1963-02-08,0.0616,0.0622,0.0616,0.062,679104.0
1963-02-11,0.0618,0.0618,0.0611,0.0611,249005.0
1963-02-12,0.0602,0.0602,0.0591,0.06,747014.0
1963-02-13,0.06,0.0605,0.0597,0.0602,543283.0
1963-02-14,0.0604,0.0616,0.0604,0.0616,3169152.0
1963-02-15,0.0616,0.0622,0.0612,0.0618,747014.0
1963-02-18,0.0618,0.0618,0.0616,0.0616,498010.0
1963-02-19,0.0616,0.0617,0.0613,0.0615,769651.0
1963-02-20,0.0609,0.0609,0.0602,0.0606,588557.0
1963-02-21,0.06,0.06,0.0586,0.0595,430099.0
1963-02-25,0.0594,0.0594,0.058,0.058,860198.0
1963-02-26,0.058,0.0585,0.0568,0.0585,1063930.0
1963-02-27,0.0585,0.0593,0.0585,0.0585,1018656.0
1963-02-28,0.0582,0.0582,0.0575,0.0579,905472.0
1963-03-01,0.0579,0.0584,0.0574,0.0579,407462.0
1963-03-04,0.0586,0.0593,0.0586,0.0589,633830.0
1963-03-05,0.0592,0.0593,0.0585,0.0588,565920.0
1963-03-06,0.0587,0.0587,0.0582,0.0585,769651.0
1963-03-07,0.0585,0.0591,0.0584,0.0585,679104.0
1963-03-08,0.0585,0.0593,0.0585,0.0588,498010.0
1963-03-11,0.0589,0.0596,0.0589,0.0596,452736.0
1963-03-12,0.0596,0.0605,0.0596,0.0596,792288.0
1963-03-13,0.0598,0.06,0.0598,0.06,633830.0
1963-03-14,0.06,0.06,0.0597,0.0597,1312934.0
1963-03-15,0.0597,0.06,0.0597,0.06,2195770.0
1963-03-18,0.0599,0.0599,0.0587,0.0596,679104.0
1963-03-19,0.0596,0.0599,0.0588,0.0591,837562.0
1963-03-20,0.0591,0.0595,0.0585,0.0595,452736.0
1963-03-21,0.0593,0.0593,0.0588,0.0592,611194.0
1963-03-22,0.0592,0.06,0.0592,0.06,656467.0
1963-03-25,0.06,0.06,0.0597,0.0598,1290298.0
1963-03-26,0.0598,0.0603,0.0598,0.06,1743034.0
1963-03-27,0.06,0.0604,0.0598,0.06,498010.0
1963-03-28,0.06,0.0604,0.0598,0.0598,792288.0
1963-03-29,0.0599,0.0602,0.0599,0.0601,407462.0
1963-04-01,0.0601,0.0602,0.0597,0.0602,792288.0
1963-04-02,0.0602,0.0607,0.0602,0.0607,656467.0
1963-04-03,0.0606,0.0606,0.0604,0.0606,814925.0
1963-04-04,0.0606,0.0607,0.0603,0.0603,1086566.0
1963-04-05,0.0604,0.0616,0.0604,0.0616,2512685.0
1963-04-08,0.0616,0.0616,0.0611,0.0614,1267661.0
1963-04-09,0.0614,0.0614,0.0611,0.0613,701741.0
1963-04-10,0.0613,0.0619,0.0609,0.0613,1041293.0
1963-04-11,0.0614,0.0618,0.0614,0.0616,1177114.0
1963-04-15,0.0619,0.0629,0.0619,0.0629,1675123.0
1963-04-16,0.0629,0.0629,0.0625,0.0629,498010.0
1963-04-17,0.0629,0.0631,0.0625,0.0627,475373.0
1963-04-18,0.0623,0.0623,0.0618,0.0618,656467.0
1963-04-19,0.062,0.0625,0.062,0.0625,973382.0
1963-04-22,0.0631,0.0636,0.0631,0.0636,724378.0
1963-04-23,0.0636,0.0647,0.0632,0.0643,1199750.0
1963-04-24,0.0646,0.0654,0.0646,0.0654,1539302.0
1963-04-25,0.065,0.065,0.0642,0.0648,701741.0
1963-04-26,0.0648,0.0654,0.0646,0.0647,747014.0
1963-04-29,0.0647,0.0651,0.0645,0.0647,747014.0
1963-04-30,0.0647,0.0649,0.0638,0.0649,520646.0
1963-05-01,0.0647,0.0647,0.0643,0.0643,769651.0
1963-05-02,0.0643,0.0643,0.0634,0.064,475373.0
1963-05-03,0.0638,0.0638,0.0625,0.0632,271642.0
1963-05-06,0.0632,0.0634,0.0614,0.0614,633830.0
1963-05-07,0.062,0.0625,0.062,0.0621,701741.0
1963-05-08,0.0621,0.0623,0.062,0.0623,814925.0
1963-05-09,0.0623,0.0628,0.0622,0.0623,973382.0
1963-05-10,0.0624,0.0632,0.0624,0.0632,1199750.0
1963-05-13,0.0632,0.0632,0.0625,0.0629,814925.0
1963-05-14,0.0629,0.0631,0.0623,0.0625,814925.0
1963-05-15,0.0625,0.063,0.0623,0.063,656467.0
1963-05-16,0.063,0.0632,0.0629,0.0629,384826.0
1963-05-17,0.0629,0.0632,0.0627,0.0628,1177114.0
1963-05-20,0.0628,0.0632,0.0628,0.0628,565920.0
1963-05-21,0.0628,0.0631,0.0625,0.0631,1312934.0
1963-05-22,0.0631,0.0632,0.0628,0.0632,565920.0
1963-05-23,0.0632,0.0647,0.0632,0.0647,1494029.0
1963-05-24,0.0647,0.0647,0.0643,0.0645,475373.0
1963-05-27,0.064,0.064,0.0632,0.0636,475373.0
1963-05-28,0.0637,0.0644,0.0637,0.064,656467.0
1963-05-29,0.064,0.0645,0.0638,0.0645,701741.0
1963-05-31,0.0649,0.0651,0.0649,0.065,837562.0
1963-06-03,0.065,0.0653,0.0638,0.0653,1448755.0
1963-06-04,0.0653,0.0661,0.0642,0.0658,1426118.0
1963-06-05,0.0658,0.066,0.0647,0.0647,1901491.0
1963-06-06,0.0647,0.0651,0.0638,0.0647,837562.0
1963-06-07,0.0647,0.0652,0.0636,0.0642,1041293.0
1963-06-10,0.0642,0.0642,0.0636,0.064,588557.0
1963-06-11,0.064,0.0645,0.0632,0.0642,679104.0
1963-06-12,0.0642,0.0657,0.0642,0.0651,973382.0
1963-06-13,0.0651,0.066,0.0651,0.0651,724378.0
1963-06-14,0.0654,0.0672,0.0654,0.0667,1177114.0
1963-06-17,0.0673,0.0686,0.0673,0.0679,1471392.0
1963-06-18,0.0679,0.0681,0.067,0.0673,814925.0
1963-06-19,0.0673,0.0677,0.0672,0.0677,430099.0
1963-06-20,0.0674,0.0674,0.0666,0.067,498010.0
1963-06-21,0.067,0.0677,0.0669,0.067,769651.0
1963-06-24,0.067,0.067,0.0667,0.067,249005.0
1963-06-25,0.067,0.067,0.067,0.067,0.0
1963-06-26,0.066,0.066,0.0656,0.0658,882835.0
1963-06-27,0.0652,0.0652,0.0649,0.0649,928109.0
1963-06-28,0.0649,0.0655,0.0647,0.0651,860198.0
1963-07-01,0.0651,0.0654,0.0645,0.0647,1131840.0
1963-07-02,0.0647,0.0658,0.0645,0.0658,928109.0
1963-07-03,0.0658,0.0672,0.0658,0.067,1743034.0
1963-07-05,0.0676,0.0689,0.0676,0.0689,1561939.0
1963-07-08,0.0686,0.0686,0.0678,0.0678,656467.0
1963-07-09,0.0681,0.0688,0.0681,0.0687,1041293.0
1963-07-10,0.0687,0.0689,0.0683,0.0687,565920.0
1963-07-11,0.0687,0.069,0.0683,0.0683,701741.0
1963-07-12,0.0683,0.0687,0.0676,0.0687,611194.0
1963-07-15,0.0687,0.0692,0.0673,0.0678,656467.0
1963-07-16,0.0678,0.0683,0.0674,0.0678,430099.0
1963-07-17,0.0678,0.0679,0.0674,0.0676,452736.0
1963-07-18,0.0676,0.0679,0.0666,0.0666,249005.0
1963-07-19,0.0666,0.0666,0.066,0.066,656467.0
1963-07-22,0.066,0.0662,0.0658,0.0658,384826.0
1963-07-23,0.066,0.0674,0.066,0.0674,1177114.0
1963-07-24,0.0674,0.0679,0.0669,0.0679,814925.0
1963-07-25,0.0679,0.0683,0.0679,0.0681,996019.0
1963-07-26,0.0679,0.0679,0.0675,0.0678,543283.0
1963-07-29,0.0679,0.0682,0.0679,0.0679,407462.0
1963-07-30,0.0681,0.0686,0.0681,0.0683,339552.0
1963-07-31,0.0686,0.0692,0.0686,0.0689,724378.0
1963-08-01,0.0689,0.0691,0.0685,0.0685,362189.0
1963-08-02,0.0685,0.069,0.0683,0.0686,249005.0
1963-08-05,0.0686,0.0708,0.0686,0.0707,1245024.0
1963-08-06,0.0716,0.0726,0.0716,0.072,1245024.0
1963-08-07,0.072,0.0721,0.0716,0.072,588557.0
1963-08-08,0.072,0.0727,0.0717,0.0719,1267661.0
1963-08-09,0.0723,0.0729,0.0723,0.0727,928109.0
1963-08-12,0.0727,0.0728,0.0719,0.0722,633830.0
1963-08-13,0.0721,0.0721,0.0705,0.0714,792288.0
1963-08-14,0.0714,0.0723,0.0703,0.0723,792288.0
1963-08-15,0.0723,0.0726,0.0719,0.0723,747014.0
1963-08-16,0.0722,0.0722,0.0701,0.0707,543283.0
1963-08-19,0.0707,0.0716,0.0705,0.071,384826.0
1963-08-20,0.071,0.0718,0.0708,0.0714,430099.0
1963-08-21,0.0714,0.0716,0.0708,0.071,588557.0
1963-08-22,0.071,0.0715,0.0706,0.0715,407462.0
1963-08-23,0.0715,0.0716,0.0712,0.0715,430099.0
1963-08-26,0.0715,0.0741,0.0643,0.0741,2059949.0
1963-08-27,0.0745,0.0755,0.0745,0.0748,1018656.0
1963-08-28,0.0755,0.0769,0.0755,0.0762,1222387.0
1963-08-29,0.0762,0.0773,0.076,0.077,724378.0
1963-08-30,0.077,0.078,0.077,0.078,701741.0
1963-09-03,0.0771,0.0771,0.0762,0.0768,1199750.0
1963-09-04,0.0768,0.0773,0.0755,0.0755,860198.0
1963-09-05,0.0755,0.0764,0.0751,0.076,452736.0
1963-09-06,0.076,0.0762,0.0751,0.0753,588557.0
1963-09-09,0.0751,0.0751,0.0739,0.0739,747014.0
1963-09-10,0.0739,0.0742,0.0736,0.0742,769651.0
1963-09-11,0.0742,0.0749,0.0739,0.0741,747014.0
1963-09-12,0.074,0.074,0.0735,0.0739,226368.0
1963-09-13,0.074,0.0757,0.074,0.0744,724378.0
1963-09-16,0.0748,0.076,0.0748,0.0748,1222387.0
1963-09-17,0.0748,0.075,0.0735,0.0737,452736.0
1963-09-18,0.0733,0.0733,0.0711,0.0711,1199750.0
1963-09-19,0.0717,0.0728,0.0717,0.0722,1131840.0
1963-09-20,0.0726,0.0732,0.0726,0.0726,905472.0
1963-09-23,0.0726,0.0729,0.072,0.0729,407462.0
1963-09-24,0.0729,0.0731,0.0724,0.0728,384826.0
1963-09-25,0.0728,0.0733,0.0719,0.0719,860198.0
1963-09-26,0.0717,0.0717,0.0709,0.0709,679104.0
1963-09-27,0.0711,0.0717,0.0711,0.0717,588557.0
1963-09-30,0.0716,0.0716,0.0708,0.071,701741.0
1963-10-01,0.0715,0.072,0.0715,0.0718,543283.0
1963-10-02,0.0718,0.0729,0.0717,0.0729,724378.0
1963-10-03,0.0729,0.0733,0.072,0.072,1245024.0
1963-10-04,0.0724,0.0731,0.0724,0.0724,792288.0
1963-10-07,0.0724,0.0729,0.0721,0.0722,271642.0
1963-10-08,0.0722,0.0726,0.072,0.072,543283.0
1963-10-09,0.072,0.0722,0.0709,0.0709,656467.0
1963-10-10,0.0709,0.0715,0.0705,0.0711,430099.0
1963-10-11,0.0718,0.0722,0.0718,0.072,1199750.0
1963-10-14,0.072,0.0737,0.072,0.0724,1086566.0
1963-10-15,0.0737,0.0744,0.0737,0.0737,905472.0
1963-10-16,0.0737,0.0745,0.0735,0.0739,792288.0
1963-10-17,0.0744,0.075,0.0744,0.075,1516666.0
1963-10-18,0.0748,0.0748,0.0741,0.0741,633830.0
1963-10-21,0.0748,0.0759,0.0748,0.0751,860198.0
1963-10-22,0.0751,0.076,0.0746,0.0751,860198.0
1963-10-23,0.0757,0.0777,0.0757,0.0766,1878854.0
1963-10-24,0.0769,0.0777,0.0769,0.0774,1018656.0
1963-10-25,0.0774,0.0779,0.0772,0.0778,679104.0
1963-10-28,0.0781,0.0796,0.0781,0.0796,1245024.0
1963-10-29,0.0793,0.0793,0.0782,0.0784,905472.0
1963-10-30,0.0777,0.0777,0.0759,0.0762,1358208.0
1963-10-31,0.0762,0.0766,0.0756,0.0766,1018656.0
1963-11-01,0.0766,0.0777,0.0766,0.0766,565920.0
1963-11-04,0.0766,0.0769,0.076,0.076,1426118.0
1963-11-06,0.0755,0.0755,0.0748,0.0751,1199750.0
1963-11-07,0.0751,0.0753,0.0748,0.0749,543283.0
1963-11-08,0.0752,0.0761,0.0752,0.0757,837562.0
1963-11-11,0.0757,0.076,0.0748,0.0751,407462.0
1963-11-12,0.0751,0.0753,0.0748,0.0749,905472.0
1963-11-13,0.0749,0.0753,0.0749,0.075,452736.0
1963-11-14,0.075,0.0753,0.0748,0.0751,588557.0
1963-11-15,0.075,0.075,0.0748,0.0749,203731.0
1963-11-18,0.0749,0.0753,0.0749,0.0752,1177114.0
1963-11-19,0.0752,0.0767,0.0749,0.0755,475373.0
1963-11-20,0.0755,0.0759,0.0748,0.0759,996019.0
1963-11-21,0.0759,0.076,0.0753,0.076,611194.0
1963-11-22,0.0759,0.0759,0.0733,0.0733,1312934.0
1963-11-26,0.0748,0.0757,0.0748,0.0748,928109.0
1963-11-27,0.0745,0.0745,0.073,0.0735,565920.0
1963-11-29,0.0737,0.0747,0.0737,0.0747,316915.0
1963-12-02,0.0748,0.0768,0.0748,0.0766,701741.0
1963-12-03,0.0771,0.0771,0.0756,0.0769,882835.0
1963-12-04,0.0773,0.078,0.0773,0.0778,565920.0
1963-12-05,0.0778,0.0786,0.0776,0.0785,611194.0
1963-12-06,0.078,0.078,0.0771,0.0775,543283.0
1963-12-09,0.0775,0.0778,0.0773,0.0773,67910.0
1963-12-10,0.0773,0.0784,0.0773,0.078,905472.0
1963-12-11,0.078,0.0782,0.0773,0.0773,362189.0
1963-12-12,0.0775,0.078,0.0775,0.0775,203731.0
1963-12-13,0.0775,0.0778,0.0771,0.0776,498010.0
1963-12-16,0.078,0.0784,0.078,0.0782,1380845.0
1963-12-17,0.0775,0.0775,0.0768,0.0768,543283.0
1963-12-18,0.0768,0.0775,0.076,0.0763,452736.0
1963-12-19,0.0763,0.0764,0.0757,0.076,362189.0
1963-12-20,0.076,0.0764,0.0758,0.0763,407462.0
1963-12-23,0.0763,0.0764,0.0753,0.076,565920.0
1963-12-24,0.076,0.0771,0.076,0.0762,430099.0
1963-12-26,0.0764,0.0771,0.0764,0.0771,362189.0
1963-12-27,0.0775,0.0782,0.0775,0.0779,339552.0
1963-12-30,0.0782,0.0787,0.0782,0.0784,565920.0
1963-12-31,0.0789,0.0804,0.0789,0.08,475373.0
1964-01-02,0.0804,0.0811,0.0804,0.0807,588557.0
1964-01-03,0.0807,0.0826,0.0806,0.0806,498010.0
1964-01-06,0.0807,0.0815,0.0807,0.0807,701741.0
1964-01-07,0.0807,0.0816,0.08,0.0804,701741.0
1964-01-08,0.0804,0.0806,0.08,0.08,407462.0
1964-01-09,0.08,0.0829,0.0796,0.0828,1471392.0
1964-01-10,0.0828,0.0828,0.0818,0.0821,1063930.0
1964-01-13,0.0821,0.0828,0.0819,0.0828,565920.0
1964-01-14,0.0828,0.084,0.0823,0.0831,679104.0
1964-01-15,0.0831,0.0832,0.0823,0.0823,271642.0
1964-01-16,0.0823,0.0831,0.0822,0.0831,792288.0
1964-01-17,0.0831,0.0836,0.0829,0.0833,565920.0
1964-01-20,0.0833,0.0837,0.0831,0.0835,498010.0
1964-01-21,0.0835,0.0837,0.0831,0.0833,633830.0
1964-01-22,0.0833,0.0836,0.0825,0.0825,701741.0
1964-01-23,0.0824,0.0824,0.0816,0.0816,543283.0
1964-01-24,0.0816,0.0817,0.0806,0.0807,430099.0
1964-01-27,0.0807,0.0828,0.0807,0.0824,928109.0
1964-01-28,0.0822,0.0822,0.0815,0.082,339552.0
1964-01-29,0.082,0.0824,0.0815,0.0815,543283.0
1964-01-30,0.082,0.0828,0.082,0.0826,588557.0
1964-01-31,0.0826,0.0831,0.0826,0.0831,543283.0
1964-02-03,0.0833,0.0843,0.0833,0.084,1063930.0
1964-02-04,0.084,0.0851,0.084,0.0846,1245024.0
1964-02-05,0.0847,0.087,0.0847,0.0862,1426118.0
1964-02-06,0.0866,0.088,0.0866,0.0871,1245024.0
1964-02-07,0.0871,0.0877,0.0869,0.0869,1539302.0
1964-02-10,0.0864,0.0864,0.0851,0.0853,498010.0
1964-02-11,0.0853,0.0853,0.0838,0.0838,498010.0
1964-02-12,0.0838,0.0853,0.0838,0.0849,701741.0
1964-02-13,0.0849,0.0855,0.0848,0.0853,520646.0
1964-02-14,0.0852,0.0852,0.0846,0.0852,565920.0
1964-02-17,0.0849,0.0849,0.0842,0.0842,203731.0
1964-02-18,0.0842,0.0844,0.084,0.0841,520646.0
1964-02-19,0.0846,0.0855,0.0846,0.0849,520646.0
1964-02-20,0.0849,0.0857,0.0848,0.0857,158458.0
1964-02-24,0.0859,0.0881,0.0859,0.0877,1856218.0
1964-02-25,0.0877,0.088,0.0873,0.0874,882835.0
1964-02-26,0.0874,0.0875,0.0859,0.0862,701741.0
1964-02-27,0.0862,0.0867,0.0859,0.0862,1063930.0
1964-02-28,0.0862,0.0866,0.086,0.0862,475373.0
1964-03-02,0.0862,0.0866,0.0861,0.0861,316915.0
1964-03-03,0.0861,0.0873,0.086,0.0873,362189.0
1964-03-04,0.0872,0.0872,0.0864,0.0871,633830.0
1964-03-05,0.0871,0.0871,0.0864,0.0864,588557.0
1964-03-06,0.0864,0.0864,0.0862,0.0862,226368.0
1964-03-09,0.0866,0.0873,0.0866,0.0871,633830.0
1964-03-10,0.0868,0.0868,0.0865,0.0865,407462.0
1964-03-11,0.0865,0.0871,0.0851,0.086,543283.0
1964-03-12,0.086,0.0861,0.0855,0.0861,814925.0
1964-03-13,0.0861,0.0862,0.0855,0.0855,792288.0
1964-03-16,0.0855,0.0864,0.0855,0.0864,543283.0
1964-03-17,0.0864,0.087,0.0864,0.0866,837562.0
1964-03-18,0.0868,0.089,0.0868,0.089,792288.0
1964-03-19,0.089,0.0891,0.0881,0.0881,633830.0
1964-03-20,0.0875,0.0875,0.087,0.0871,362189.0
1964-03-23,0.0871,0.0879,0.0868,0.0868,543283.0
1964-03-24,0.0866,0.0866,0.0863,0.0864,339552.0
1964-03-25,0.0865,0.0873,0.0865,0.0871,973382.0
1964-03-26,0.0871,0.0877,0.0868,0.0876,724378.0
1964-03-30,0.0874,0.0874,0.0866,0.0866,384826.0
1964-03-31,0.0866,0.0881,0.0853,0.0855,1177114.0
1964-04-01,0.0855,0.0857,0.0851,0.0851,1177114.0
1964-04-02,0.0851,0.0859,0.0851,0.0851,1154477.0
1964-04-03,0.0851,0.0855,0.0848,0.0855,249005.0
1964-04-06,0.0857,0.0864,0.0857,0.0859,430099.0
1964-04-07,0.0853,0.0853,0.0833,0.0841,1267661.0
1964-04-08,0.084,0.084,0.0833,0.084,588557.0
1964-04-09,0.084,0.0841,0.0837,0.084,203731.0
1964-04-10,0.084,0.084,0.0825,0.0825,452736.0
1964-04-13,0.0825,0.0827,0.0822,0.0826,543283.0
1964-04-14,0.0827,0.0837,0.0827,0.0837,543283.0
1964-04-15,0.0844,0.0855,0.0844,0.0851,588557.0
1964-04-16,0.0851,0.0855,0.0848,0.0855,452736.0
1964-04-17,0.0851,0.0851,0.0844,0.0844,339552.0
1964-04-20,0.0848,0.0862,0.0848,0.0849,792288.0
1964-04-21,0.0849,0.0849,0.0838,0.084,430099.0
1964-04-22,0.0848,0.0851,0.0848,0.0851,181094.0
1964-04-23,0.0859,0.0862,0.0859,0.0859,656467.0
1964-04-24,0.0859,0.086,0.0844,0.0844,1222387.0
1964-04-27,0.0844,0.0844,0.0827,0.0829,611194.0
1964-04-28,0.0829,0.0831,0.0826,0.0827,430099.0
1964-04-29,0.0831,0.0837,0.0831,0.0833,724378.0
1964-04-30,0.0833,0.0836,0.0826,0.0826,588557.0
1964-05-01,0.0826,0.0828,0.0825,0.0825,633830.0
1964-05-04,0.0825,0.0831,0.0825,0.0825,950746.0
1964-05-05,0.0825,0.084,0.0825,0.084,362189.0
1964-05-06,0.0844,0.0851,0.0844,0.0851,316915.0
1964-05-07,0.0851,0.0851,0.0833,0.0833,950746.0
1964-05-08,0.0833,0.084,0.0833,0.0837,316915.0
1964-05-11,0.0829,0.0829,0.0822,0.0822,430099.0
1964-05-12,0.0822,0.0822,0.0818,0.0818,498010.0
1964-05-13,0.0818,0.082,0.0814,0.0814,747014.0
1964-05-14,0.0814,0.0817,0.081,0.0816,407462.0
1964-05-15,0.0816,0.0818,0.0813,0.0813,339552.0
1964-05-18,0.0813,0.0816,0.08,0.08,1448755.0
1964-05-19,0.0799,0.0799,0.0792,0.0798,475373.0
1964-05-20,0.0798,0.0803,0.0794,0.08,2761690.0
1964-05-21,0.08,0.0805,0.0794,0.0794,316915.0
1964-05-22,0.0794,0.08,0.0793,0.0796,452736.0
1964-05-25,0.0796,0.0803,0.0796,0.0803,384826.0
1964-05-26,0.08,0.08,0.0793,0.0799,565920.0
1964-05-27,0.0798,0.0798,0.0781,0.0784,762106.0
1964-05-28,0.0781,0.0781,0.0768,0.0773,671558.0
1964-06-01,0.0773,0.0787,0.0765,0.0765,762106.0
1964-06-02,0.0765,0.077,0.0762,0.077,588557.0
1964-06-03,0.077,0.0773,0.0762,0.077,309370.0
1964-06-04,0.077,0.077,0.0759,0.0759,656467.0
1964-06-05,0.0759,0.0768,0.0757,0.0768,618739.0
1964-06-08,0.0768,0.0773,0.0759,0.0773,581011.0
1964-06-09,0.0777,0.0777,0.0763,0.0774,1101658.0
1964-06-10,0.0774,0.0777,0.0769,0.0772,716832.0
1964-06-11,0.0774,0.0791,0.0774,0.0791,1048838.0
1964-06-12,0.0797,0.0816,0.0797,0.0816,1282752.0
1964-06-15,0.0816,0.0816,0.0805,0.0816,1146931.0
1964-06-16,0.0816,0.0821,0.0799,0.0808,1056384.0
1964-06-17,0.081,0.0821,0.081,0.0821,799834.0
1964-06-18,0.0821,0.0821,0.0808,0.0808,422554.0
1964-06-19,0.0808,0.0824,0.0808,0.0821,724378.0
1964-06-22,0.0821,0.0824,0.0802,0.081,799834.0
1964-06-23,0.0813,0.0835,0.0813,0.0821,777197.0
1964-06-24,0.0821,0.0827,0.0805,0.0824,731923.0
1964-06-25,0.0824,0.0827,0.081,0.0824,777197.0
1964-06-26,0.0824,0.083,0.0819,0.0824,633830.0
1964-06-29,0.0824,0.0838,0.0824,0.0835,724378.0
1964-06-30,0.0833,0.0833,0.0821,0.0824,754560.0
1964-07-01,0.0824,0.0844,0.0824,0.0844,1471392.0
1964-07-02,0.0844,0.086,0.0835,0.0841,973382.0
1964-07-06,0.0846,0.0871,0.0846,0.0871,1184659.0
1964-07-07,0.0871,0.088,0.0866,0.088,852653.0
1964-07-08,0.088,0.0885,0.088,0.0885,543283.0
1964-07-09,0.0885,0.0893,0.0871,0.0882,935654.0
1964-07-10,0.0882,0.091,0.0882,0.0902,1033747.0
1964-07-13,0.0904,0.0927,0.0904,0.0927,679104.0
1964-07-14,0.0921,0.0921,0.0904,0.0913,633830.0
1964-07-15,0.0913,0.0921,0.0902,0.0918,460282.0
1964-07-16,0.0918,0.0924,0.0918,0.0918,369734.0
1964-07-17,0.0918,0.0927,0.0915,0.0927,467827.0
1964-07-20,0.0927,0.0927,0.0921,0.0921,188640.0
1964-07-21,0.0918,0.0918,0.0896,0.0918,618739.0
1964-07-22,0.0904,0.0904,0.0896,0.0899,354643.0
1964-07-23,0.0899,0.0899,0.0882,0.0882,437645.0
1964-07-24,0.0882,0.0896,0.0882,0.0896,581011.0
1964-07-27,0.0896,0.0913,0.0891,0.0899,1282752.0
1964-07-28,0.0893,0.0893,0.0882,0.0893,347098.0
1964-07-29,0.0893,0.0896,0.0882,0.0888,618739.0
1964-07-30,0.0893,0.0902,0.0893,0.0902,482918.0
1964-07-31,0.0902,0.0921,0.0896,0.0915,664013.0
1964-08-03,0.0913,0.0913,0.0902,0.0907,324461.0
1964-08-04,0.0907,0.0907,0.088,0.0885,543283.0
1964-08-05,0.0885,0.0896,0.0863,0.0891,679104.0
1964-08-06,0.0891,0.0896,0.0885,0.0885,354643.0
1964-08-07,0.0885,0.0893,0.0874,0.0893,558374.0
1964-08-10,0.0893,0.0899,0.0891,0.0896,301824.0
1964-08-11,0.0896,0.0896,0.0888,0.0891,498010.0
1964-08-12,0.0891,0.0913,0.0891,0.0904,747014.0
1964-08-13,0.0913,0.0929,0.0913,0.0929,550829.0
1964-08-14,0.0932,0.094,0.0932,0.094,430099.0
1964-08-17,0.094,0.0979,0.0938,0.0979,860198.0
1964-08-18,0.0979,0.0985,0.0974,0.0976,626285.0
1964-08-19,0.0976,0.0982,0.096,0.0963,558374.0
1964-08-20,0.0963,0.0965,0.0935,0.0935,377280.0
1964-08-21,0.0932,0.0932,0.0918,0.0929,603648.0
1964-08-24,0.0929,0.0932,0.0918,0.0932,256550.0
1964-08-25,0.0921,0.0921,0.0913,0.0918,294278.0
1964-08-26,0.0904,0.0904,0.0891,0.0893,611194.0
1964-08-27,0.0893,0.0902,0.0893,0.0899,430099.0
1964-08-28,0.0899,0.0904,0.0893,0.0893,407462.0
1964-08-31,0.0893,0.0896,0.088,0.0896,430099.0
1964-09-01,0.0896,0.0899,0.088,0.088,362189.0
1964-09-02,0.088,0.0899,0.088,0.0891,731923.0
1964-09-03,0.0891,0.0904,0.0888,0.0899,882835.0
1964-09-04,0.0904,0.0924,0.0904,0.0924,671558.0
1964-09-08,0.0928,0.0939,0.0914,0.0939,415008.0
1964-09-09,0.0956,0.0981,0.0956,0.0981,1810944.0
1964-09-10,0.0978,0.0978,0.095,0.095,694195.0
1964-09-11,0.095,0.0956,0.0947,0.0953,747014.0
1964-09-14,0.0953,0.0961,0.0947,0.0958,656467.0
1964-09-15,0.0958,0.0958,0.0953,0.0956,490464.0
1964-09-16,0.0956,0.0964,0.095,0.0964,543283.0
1964-09-17,0.0964,0.0972,0.0958,0.0967,377280.0
1964-09-18,0.0975,0.0989,0.0975,0.0989,784742.0
1964-09-21,0.0989,0.1,0.0967,0.0972,656467.0
1964-09-22,0.0972,0.0986,0.0969,0.0975,196186.0
1964-09-23,0.0975,0.0978,0.0956,0.0956,422554.0
1964-09-24,0.0956,0.0972,0.0956,0.0972,558374.0
1964-09-25,0.0972,0.0972,0.0953,0.0956,1079021.0
1964-09-28,0.0956,0.0969,0.095,0.0964,573466.0
1964-09-29,0.0964,0.0969,0.0958,0.0961,656467.0
1964-09-30,0.0961,0.0967,0.0958,0.0958,437645.0
1964-10-01,0.0961,0.0967,0.0961,0.0967,347098.0
1964-10-02,0.0967,0.0972,0.0964,0.0972,581011.0
1964-10-05,0.0972,0.0978,0.0964,0.0978,460282.0
1964-10-06,0.0978,0.0981,0.0964,0.0967,452736.0
1964-10-07,0.0972,0.0983,0.0972,0.0983,392371.0
1964-10-08,0.0986,0.1014,0.0986,0.1011,648922.0
1964-10-09,0.1011,0.1019,0.1006,0.1019,739469.0
1964-10-12,0.1019,0.1025,0.1017,0.1025,211277.0
1964-10-13,0.1025,0.1025,0.1011,0.1011,467827.0
1964-10-14,0.1011,0.1011,0.0997,0.1,294278.0
1964-10-15,0.1,0.1022,0.0989,0.1006,467827.0
1964-10-16,0.1006,0.1019,0.0994,0.1008,384826.0
1964-10-19,0.1008,0.1017,0.1,0.1017,513101.0
1964-10-20,0.1017,0.1031,0.1017,0.1022,626285.0
1964-10-21,0.1022,0.1022,0.1003,0.1008,264096.0
1964-10-22,0.1008,0.1011,0.0994,0.0994,475373.0
1964-10-23,0.0994,0.1025,0.0989,0.1022,460282.0
1964-10-26,0.1022,0.1042,0.1019,0.1022,1139386.0
1964-10-27,0.1019,0.1019,0.1008,0.1014,301824.0
1964-10-28,0.1011,0.1011,0.1,0.1003,354643.0
1964-10-29,0.1003,0.1003,0.0989,0.1,98093.0
1964-10-30,0.1,0.1006,0.0997,0.1,573466.0
1964-11-02,0.1022,0.1053,0.1022,0.1036,988474.0
1964-11-04,0.1036,0.1053,0.1036,0.1044,679104.0
1964-11-05,0.1044,0.1072,0.1039,0.1072,513101.0
1964-11-06,0.1072,0.1072,0.1039,0.1053,724378.0
1964-11-09,0.1053,0.1078,0.1053,0.1061,581011.0
1964-11-10,0.1061,0.1064,0.1058,0.1064,286733.0
1964-11-11,0.1064,0.1072,0.1053,0.1069,679104.0
1964-11-12,0.1069,0.1069,0.1056,0.1058,558374.0
1964-11-13,0.1061,0.1086,0.1061,0.1086,633830.0
1964-11-16,0.1086,0.1086,0.1067,0.1075,377280.0
1964-11-17,0.1083,0.1122,0.1083,0.1094,1041293.0
1964-11-18,0.1094,0.1094,0.1075,0.1081,845107.0
1964-11-19,0.1081,0.1086,0.1064,0.1086,399917.0
1964-11-20,0.1086,0.1089,0.1081,0.1081,558374.0
1964-11-23,0.1075,0.1075,0.1056,0.1061,324461.0
1964-11-24,0.1061,0.1086,0.1061,0.1078,603648.0
1964-11-25,0.1078,0.1083,0.1061,0.1072,1003565.0
1964-11-27,0.1067,0.1067,0.1028,0.1039,603648.0
1964-11-30,0.1042,0.1067,0.1042,0.1044,588557.0
1964-12-01,0.1056,0.1073,0.1039,0.1064,581011.0
1964-12-02,0.1064,0.1064,0.1047,0.1064,550829.0
1964-12-03,0.1064,0.1073,0.1056,0.1073,565920.0
1964-12-04,0.107,0.107,0.1056,0.1064,347098.0
1964-12-07,0.1067,0.1073,0.1067,0.107,445190.0
1964-12-08,0.107,0.107,0.105,0.105,324461.0
1964-12-09,0.105,0.1078,0.1047,0.1067,709286.0
1964-12-10,0.1067,0.107,0.1047,0.105,739469.0
1964-12-11,0.105,0.1058,0.1047,0.1047,528192.0
1964-12-14,0.1047,0.1056,0.1025,0.1025,430099.0
1964-12-15,0.1022,0.1022,0.1005,0.1011,950746.0
1964-12-16,0.1011,0.1016,0.1005,0.1011,543283.0
1964-12-17,0.1011,0.1039,0.1005,0.1033,535738.0
1964-12-18,0.1033,0.1042,0.1022,0.1022,694195.0
1964-12-21,0.103,0.1044,0.103,0.1042,482918.0
1964-12-22,0.1042,0.1047,0.1033,0.1033,716832.0
1964-12-23,0.1039,0.1056,0.1039,0.1056,1486483.0
1964-12-24,0.1056,0.1154,0.1056,0.1109,3138970.0
1964-12-28,0.1109,0.1123,0.1092,0.1095,867744.0
1964-12-29,0.1095,0.1101,0.1084,0.1101,422554.0
1964-12-30,0.1101,0.1112,0.1095,0.1109,377280.0
1964-12-31,0.1109,0.1117,0.1106,0.1115,324461.0
1965-01-04,0.1115,0.112,0.1089,0.1089,498010.0
1965-01-05,0.1098,0.1115,0.1098,0.1103,505555.0
1965-01-06,0.1103,0.1112,0.1092,0.1106,860198.0
1965-01-07,0.1106,0.1129,0.1103,0.1123,1048838.0
1965-01-08,0.1129,0.116,0.1129,0.1151,1086566.0
1965-01-11,0.116,0.1182,0.116,0.1174,1101658.0
1965-01-12,0.1185,0.121,0.1185,0.1207,2067494.0
1965-01-13,0.1207,0.1255,0.1207,0.1213,2112768.0
1965-01-14,0.1213,0.1221,0.1179,0.1179,1418573.0
1965-01-15,0.1179,0.1188,0.1171,0.1185,664013.0
1965-01-18,0.1185,0.1185,0.1174,0.1176,1131840.0
1965-01-19,0.1176,0.1182,0.1174,0.1176,837562.0
1965-01-20,0.1176,0.1182,0.1151,0.1157,822470.0
1965-01-21,0.1154,0.1154,0.1134,0.1148,573466.0
1965-01-22,0.1148,0.1162,0.114,0.1162,611194.0
1965-01-25,0.1162,0.1168,0.1131,0.114,694195.0
1965-01-26,0.114,0.1148,0.1137,0.1148,709286.0
1965-01-27,0.1148,0.1148,0.114,0.1143,490464.0
1965-01-28,0.1143,0.1146,0.1129,0.1146,588557.0
1965-01-29,0.1146,0.1168,0.1143,0.1162,988474.0
1965-02-01,0.1174,0.119,0.1174,0.1179,747014.0
1965-02-02,0.1179,0.119,0.1171,0.1176,460282.0
1965-02-03,0.1174,0.1174,0.1157,0.1165,452736.0
1965-02-04,0.1165,0.1174,0.1162,0.1168,935654.0
1965-02-05,0.1168,0.1171,0.1157,0.1165,1124294.0
1965-02-08,0.1162,0.1162,0.1151,0.1157,792288.0
1965-02-09,0.1157,0.116,0.1146,0.1148,611194.0
1965-02-10,0.1148,0.116,0.1123,0.116,830016.0
1965-02-11,0.116,0.1162,0.114,0.1151,596102.0
1965-02-12,0.1151,0.1157,0.114,0.1146,920563.0
1965-02-15,0.1146,0.1157,0.1134,0.114,626285.0
1965-02-16,0.1143,0.1151,0.1143,0.1148,377280.0
1965-02-17,0.1148,0.1157,0.114,0.1143,747014.0
1965-02-18,0.1146,0.1185,0.1146,0.1185,830016.0
1965-02-19,0.1185,0.119,0.1171,0.1179,581011.0
1965-02-23,0.1179,0.1188,0.1168,0.1182,490464.0
1965-02-24,0.1182,0.119,0.1171,0.1176,611194.0
1965-02-25,0.1176,0.1176,0.1157,0.1162,633830.0
1965-02-26,0.1162,0.1162,0.1148,0.116,664013.0
1965-03-01,0.116,0.1174,0.116,0.1168,792288.0
1965-03-02,0.1168,0.1176,0.1165,0.1168,392371.0
1965-03-03,0.1168,0.1179,0.1137,0.114,1041293.0
1965-03-04,0.114,0.1146,0.1129,0.114,739469.0
1965-03-05,0.114,0.1148,0.1134,0.114,445190.0
1965-03-08,0.114,0.1162,0.114,0.1162,422554.0
1965-03-09,0.1168,0.1191,0.1165,0.1191,754560.0
1965-03-10,0.1191,0.1202,0.1182,0.1199,460282.0
1965-03-11,0.1208,0.123,0.1208,0.123,958291.0
1965-03-12,0.123,0.1241,0.1224,0.1227,792288.0
1965-03-15,0.1224,0.1224,0.1205,0.1205,513101.0
1965-03-16,0.1205,0.121,0.1174,0.1185,528192.0
1965-03-17,0.1185,0.1188,0.1162,0.1162,354643.0
1965-03-18,0.1162,0.1196,0.1162,0.1191,384826.0
1965-03-19,0.1196,0.1219,0.1196,0.1219,475373.0
1965-03-22,0.1219,0.1224,0.1202,0.1208,324461.0
1965-03-23,0.1208,0.1222,0.1208,0.121,332006.0
1965-03-24,0.121,0.1219,0.121,0.121,573466.0
1965-03-25,0.121,0.1224,0.1196,0.1196,316915.0
1965-03-26,0.1196,0.1196,0.1179,0.1179,256550.0
1965-03-29,0.1179,0.1196,0.1174,0.1188,460282.0
1965-03-30,0.1188,0.1205,0.1188,0.1191,535738.0
1965-03-31,0.1188,0.1188,0.1165,0.1171,581011.0
1965-04-01,0.1171,0.1182,0.1165,0.1171,309370.0
1965-04-02,0.1171,0.1185,0.1168,0.1179,445190.0
1965-04-05,0.1185,0.1193,0.1185,0.1193,128275.0
1965-04-06,0.1193,0.1205,0.1185,0.1185,543283.0
1965-04-07,0.1185,0.1193,0.1182,0.1185,513101.0
1965-04-08,0.1193,0.1224,0.1193,0.1222,452736.0
1965-04-09,0.1222,0.123,0.1208,0.1219,845107.0
1965-04-12,0.1219,0.1236,0.1219,0.1222,611194.0
1965-04-13,0.1222,0.123,0.1222,0.123,294278.0
1965-04-14,0.123,0.1241,0.1224,0.1241,739469.0
1965-04-15,0.1241,0.125,0.1219,0.1224,686650.0
1965-04-19,0.1224,0.1247,0.1222,0.123,762106.0
1965-04-20,0.123,0.1241,0.1227,0.1236,739469.0
1965-04-21,0.1236,0.1255,0.1233,0.1247,611194.0
1965-04-22,0.1258,0.1292,0.1258,0.1292,754560.0
1965-04-23,0.1295,0.1309,0.1295,0.1309,535738.0
1965-04-26,0.1309,0.1326,0.1303,0.132,611194.0
1965-04-27,0.1323,0.1349,0.1323,0.134,1131840.0
1965-04-28,0.134,0.1349,0.1334,0.1334,573466.0
1965-04-29,0.1318,0.1318,0.1295,0.1303,505555.0
1965-04-30,0.1303,0.1315,0.1281,0.1281,973382.0
1965-05-03,0.1281,0.1303,0.1281,0.1298,309370.0
1965-05-04,0.1298,0.1309,0.1287,0.1306,498010.0
1965-05-05,0.1306,0.1318,0.1287,0.1287,830016.0
1965-05-06,0.1287,0.1301,0.1284,0.1295,377280.0
1965-05-07,0.1295,0.1303,0.1295,0.1303,301824.0
1965-05-10,0.1303,0.1303,0.1289,0.1298,347098.0
1965-05-11,0.1298,0.1301,0.1287,0.1295,362189.0
1965-05-12,0.1295,0.1301,0.1287,0.1289,309370.0
1965-05-13,0.1289,0.1303,0.1284,0.1289,513101.0
1965-05-14,0.1289,0.1301,0.1278,0.1301,641376.0
1965-05-17,0.1301,0.1309,0.1289,0.1289,286733.0
1965-05-18,0.1287,0.1287,0.1255,0.1267,777197.0
1965-05-19,0.1258,0.1258,0.1227,0.1241,980928.0
1965-05-20,0.1241,0.1241,0.1224,0.1241,716832.0
1965-05-21,0.1241,0.1261,0.1241,0.1253,581011.0
1965-05-24,0.1253,0.1253,0.1224,0.1236,430099.0
1965-05-25,0.1236,0.1247,0.1233,0.1233,460282.0
1965-05-26,0.1233,0.1247,0.1227,0.1233,430099.0
1965-05-27,0.1233,0.1239,0.1224,0.1239,286733.0
1965-05-28,0.1239,0.1239,0.1227,0.1236,437645.0
1965-06-01,0.1236,0.1241,0.123,0.1236,596102.0
1965-06-02,0.1236,0.1239,0.1216,0.1219,731923.0
1965-06-03,0.1219,0.1239,0.1219,0.1224,618739.0
1965-06-04,0.1222,0.1222,0.1202,0.1208,513101.0
1965-06-07,0.1208,0.1213,0.1179,0.1188,882835.0
1965-06-08,0.1193,0.1196,0.1174,0.1185,1109203.0
1965-06-09,0.1185,0.1219,0.1185,0.1191,1071475.0
1965-06-10,0.1191,0.1191,0.1171,0.1176,641376.0
1965-06-11,0.1185,0.1222,0.1185,0.1219,573466.0
1965-06-14,0.1219,0.123,0.1185,0.1193,513101.0
1965-06-15,0.1193,0.1256,0.1185,0.1247,1516666.0
1965-06-16,0.1247,0.1276,0.1247,0.1276,988474.0
1965-06-17,0.1276,0.129,0.1259,0.1273,633830.0
1965-06-18,0.1273,0.129,0.127,0.1278,731923.0
1965-06-21,0.1278,0.129,0.1267,0.1287,626285.0
1965-06-22,0.1287,0.129,0.1267,0.1281,528192.0
1965-06-23,0.1281,0.1287,0.1261,0.1261,505555.0
1965-06-24,0.1261,0.1264,0.1225,0.1236,490464.0
1965-06-25,0.1236,0.1247,0.1216,0.1239,505555.0
1965-06-28,0.1239,0.1264,0.1236,0.1242,777197.0
1965-06-29,0.1242,0.125,0.1208,0.1222,2007130.0
1965-06-30,0.1225,0.1247,0.1225,0.1233,1290298.0
1965-07-01,0.1242,0.127,0.1242,0.127,694195.0
1965-07-02,0.127,0.1278,0.1253,0.1267,535738.0
1965-07-06,0.1267,0.1267,0.1253,0.1264,271642.0
1965-07-07,0.1259,0.1259,0.1242,0.1244,203731.0
1965-07-08,0.1244,0.1301,0.1244,0.1301,596102.0
1965-07-09,0.1304,0.1335,0.1304,0.1304,641376.0
1965-07-12,0.1312,0.1355,0.1312,0.1344,882835.0
1965-07-13,0.1344,0.1358,0.133,0.1349,618739.0
1965-07-14,0.1349,0.1349,0.1321,0.1327,505555.0
1965-07-15,0.1327,0.1335,0.1318,0.1324,279187.0
1965-07-16,0.1324,0.1324,0.1298,0.1312,731923.0
1965-07-19,0.1312,0.1312,0.129,0.1293,369734.0
1965-07-20,0.1287,0.1287,0.127,0.127,301824.0
1965-07-21,0.1267,0.1267,0.125,0.1256,369734.0
1965-07-22,0.1253,0.1253,0.1247,0.1253,709286.0
1965-07-23,0.1253,0.1253,0.1242,0.1247,543283.0
1965-07-26,0.125,0.1261,0.125,0.1259,686650.0
1965-07-27,0.1259,0.1259,0.1253,0.1259,520646.0
1965-07-28,0.1259,0.1264,0.1253,0.1256,233914.0
1965-07-29,0.1259,0.127,0.1259,0.127,596102.0
1965-07-30,0.1273,0.1284,0.1273,0.1278,958291.0
1965-08-02,0.1278,0.129,0.1276,0.1278,724378.0
1965-08-03,0.1281,0.129,0.1281,0.129,445190.0
1965-08-04,0.129,0.1298,0.1278,0.1281,611194.0
1965-08-05,0.1281,0.1281,0.1267,0.127,581011.0
1965-08-06,0.127,0.1273,0.1264,0.127,528192.0
1965-08-09,0.127,0.127,0.1261,0.1267,369734.0
1965-08-10,0.1264,0.1264,0.1256,0.1261,505555.0
1965-08-11,0.1261,0.1264,0.1259,0.1259,505555.0
1965-08-12,0.1259,0.1264,0.1256,0.1259,505555.0
1965-08-13,0.1259,0.1264,0.1244,0.1244,596102.0
1965-08-16,0.125,0.1259,0.125,0.1259,618739.0
1965-08-17,0.1261,0.1278,0.1261,0.1273,890381.0
1965-08-18,0.1273,0.1293,0.1273,0.129,1086566.0
1965-08-19,0.129,0.1312,0.1281,0.1295,626285.0
1965-08-20,0.1295,0.1307,0.1284,0.1298,596102.0
1965-08-23,0.1301,0.1321,0.1301,0.1304,875290.0
1965-08-24,0.1315,0.1332,0.1315,0.1332,535738.0
1965-08-25,0.1332,0.1344,0.133,0.133,641376.0
1965-08-26,0.1332,0.1347,0.1332,0.1344,641376.0
1965-08-27,0.1349,0.1366,0.1349,0.1349,1041293.0
1965-08-30,0.1352,0.1366,0.1352,0.1361,588557.0
1965-08-31,0.1361,0.1392,0.1358,0.1392,814925.0
1965-09-01,0.1392,0.1423,0.1392,0.142,1026202.0
1965-09-02,0.1434,0.1463,0.1434,0.146,1312934.0
1965-09-03,0.146,0.1471,0.1443,0.1471,928109.0
1965-09-07,0.1483,0.1514,0.1483,0.1514,1131840.0
1965-09-08,0.1514,0.1542,0.1468,0.148,1758125.0
1965-09-09,0.148,0.1511,0.1474,0.148,1154477.0
1965-09-10,0.148,0.1485,0.1454,0.1457,1229933.0
1965-09-13,0.1457,0.1463,0.1434,0.1448,1003565.0
1965-09-14,0.1448,0.1457,0.1443,0.1443,588557.0
1965-09-15,0.1443,0.1451,0.1437,0.1448,399917.0
1965-09-16,0.1448,0.1463,0.144,0.144,845107.0
1965-09-17,0.144,0.1451,0.1434,0.1446,362189.0
1965-09-20,0.1446,0.1463,0.144,0.1451,822470.0
1965-09-21,0.1451,0.1471,0.1446,0.1446,799834.0
1965-09-22,0.1446,0.1468,0.1446,0.146,513101.0
1965-09-23,0.146,0.1466,0.142,0.142,1131840.0
1965-09-24,0.142,0.1431,0.14,0.1429,777197.0
1965-09-27,0.1434,0.1463,0.1434,0.1463,490464.0
1965-09-28,0.1463,0.1466,0.1426,0.144,633830.0
1965-09-29,0.1437,0.1437,0.1397,0.1397,747014.0
1965-09-30,0.1397,0.1397,0.1372,0.1394,852653.0
1965-10-01,0.1394,0.1397,0.1377,0.1386,475373.0
1965-10-04,0.1386,0.1386,0.1377,0.138,452736.0
1965-10-05,0.138,0.1411,0.138,0.1411,837562.0
1965-10-06,0.1411,0.1411,0.1383,0.14,437645.0
1965-10-07,0.1406,0.1426,0.1406,0.1417,701741.0
1965-10-08,0.1417,0.1434,0.1414,0.1414,799834.0
1965-10-11,0.1414,0.1443,0.1411,0.1411,860198.0
1965-10-12,0.142,0.144,0.142,0.1429,452736.0
1965-10-13,0.1429,0.1437,0.1414,0.1423,701741.0
1965-10-14,0.1423,0.1426,0.1409,0.1411,830016.0
1965-10-15,0.1411,0.1423,0.1389,0.1423,860198.0
1965-10-18,0.1423,0.1434,0.1417,0.1429,618739.0
1965-10-19,0.1429,0.1434,0.1426,0.1431,694195.0
1965-10-20,0.1434,0.1446,0.1434,0.1446,860198.0
1965-10-21,0.1451,0.1488,0.1451,0.1457,1131840.0
1965-10-22,0.1466,0.148,0.1466,0.1466,430099.0
1965-10-25,0.1466,0.1474,0.144,0.1457,731923.0
1965-10-26,0.1457,0.1463,0.1448,0.1454,701741.0
1965-10-27,0.146,0.1497,0.146,0.1497,686650.0
1965-10-28,0.1497,0.1525,0.1485,0.1525,830016.0
1965-10-29,0.1537,0.1585,0.1537,0.1585,1644941.0
1965-11-01,0.1582,0.1582,0.1571,0.1582,1478938.0
1965-11-03,0.1582,0.1591,0.1577,0.1585,731923.0
1965-11-04,0.1594,0.1616,0.1594,0.1614,596102.0
1965-11-05,0.1614,0.1625,0.1608,0.1622,935654.0
1965-11-08,0.1622,0.1628,0.1585,0.1588,1169568.0
1965-11-09,0.1588,0.1594,0.1574,0.1582,603648.0
1965-11-10,0.1594,0.1602,0.1594,0.1602,581011.0
1965-11-11,0.1599,0.1599,0.1568,0.1577,384826.0
1965-11-12,0.1577,0.1602,0.1577,0.1596,543283.0
1965-11-15,0.1591,0.1591,0.1565,0.1579,724378.0
1965-11-16,0.1577,0.1577,0.1551,0.1551,377280.0
1965-11-17,0.1551,0.1554,0.1508,0.1525,799834.0
1965-11-18,0.1525,0.1525,0.1483,0.1525,769651.0
1965-11-19,0.1545,0.1571,0.1545,0.1562,890381.0
1965-11-22,0.1562,0.1577,0.1554,0.1568,611194.0
1965-11-23,0.1568,0.1574,0.1562,0.1568,490464.0
1965-11-24,0.1568,0.1568,0.1548,0.1554,1418573.0
1965-11-26,0.1554,0.1579,0.1548,0.1565,890381.0
1965-11-29,0.1565,0.1579,0.1559,0.1571,596102.0
1965-11-30,0.1579,0.1579,0.1559,0.1559,573466.0
1965-12-01,0.1559,0.1574,0.1525,0.1525,445190.0
1965-12-02,0.1525,0.1559,0.1514,0.1559,1290298.0
1965-12-03,0.1559,0.1559,0.1531,0.1536,490464.0
1965-12-06,0.1536,0.1554,0.1496,0.1525,1063930.0
1965-12-07,0.1525,0.1557,0.1525,0.1548,498010.0
1965-12-08,0.1548,0.1582,0.1545,0.1582,513101.0
1965-12-09,0.1591,0.1617,0.1591,0.1617,618739.0
1965-12-10,0.162,0.1643,0.162,0.1643,520646.0
1965-12-13,0.1643,0.1648,0.1628,0.1645,415008.0
1965-12-14,0.1657,0.172,0.1657,0.1703,603648.0
1965-12-15,0.1697,0.1697,0.1668,0.1677,513101.0
1965-12-16,0.1677,0.1694,0.1671,0.1694,588557.0
1965-12-17,0.1694,0.1711,0.1674,0.1691,603648.0
1965-12-20,0.1691,0.1703,0.168,0.1697,467827.0
1965-12-21,0.1697,0.1717,0.1697,0.1708,701741.0
1965-12-22,0.1708,0.1714,0.1697,0.1697,309370.0
1965-12-23,0.1691,0.1691,0.164,0.164,316915.0
1965-12-27,0.164,0.1654,0.162,0.162,437645.0
1965-12-28,0.162,0.1645,0.1617,0.164,784742.0
1965-12-29,0.1637,0.1637,0.1617,0.162,339552.0
1965-12-30,0.162,0.1625,0.1608,0.1611,362189.0
1965-12-31,0.1611,0.1622,0.1611,0.1617,316915.0
1966-01-03,0.1617,0.1645,0.1614,0.1645,709286.0
1966-01-04,0.1654,0.1683,0.1654,0.1663,460282.0
1966-01-05,0.1663,0.1674,0.1663,0.1668,430099.0
1966-01-06,0.1668,0.1683,0.1663,0.1665,543283.0
1966-01-07,0.1663,0.1663,0.1643,0.1645,641376.0
1966-01-10,0.1645,0.166,0.164,0.1651,656467.0
1966-01-11,0.1663,0.1683,0.1663,0.1683,837562.0
1966-01-12,0.1683,0.172,0.1671,0.172,1305389.0
1966-01-13,0.172,0.1737,0.1703,0.1708,822470.0
1966-01-14,0.1708,0.1717,0.1686,0.17,814925.0
1966-01-17,0.17,0.17,0.1674,0.1683,724378.0
1966-01-18,0.1683,0.1691,0.1671,0.1683,648922.0
1966-01-19,0.1683,0.1683,0.1657,0.1663,588557.0
1966-01-20,0.1663,0.1671,0.1648,0.1648,920563.0
1966-01-21,0.1648,0.1668,0.164,0.1651,928109.0
1966-01-24,0.1657,0.1671,0.1657,0.1657,762106.0
1966-01-25,0.1657,0.1674,0.1654,0.1657,799834.0
1966-01-26,0.1657,0.1668,0.164,0.164,1056384.0
1966-01-27,0.164,0.1645,0.1611,0.1622,769651.0
1966-01-28,0.1622,0.164,0.1617,0.1617,460282.0
1966-01-31,0.162,0.1645,0.162,0.162,407462.0
1966-02-01,0.162,0.1631,0.1608,0.1614,724378.0
1966-02-02,0.1614,0.1628,0.16,0.16,664013.0
1966-02-03,0.16,0.1625,0.1539,0.1579,965837.0
1966-02-04,0.1579,0.1594,0.1571,0.1585,867744.0
1966-02-07,0.1585,0.1594,0.1571,0.1574,882835.0
1966-02-08,0.1574,0.1579,0.1559,0.1579,935654.0
1966-02-09,0.1579,0.1602,0.1559,0.1602,731923.0
1966-02-10,0.1665,0.1677,0.1665,0.1674,1531757.0
1966-02-11,0.17,0.1737,0.17,0.1717,807379.0
1966-02-14,0.1717,0.1763,0.1708,0.1746,762106.0
1966-02-15,0.1757,0.178,0.1757,0.1766,1199750.0
1966-02-16,0.1766,0.1783,0.1737,0.1751,754560.0
1966-02-17,0.1751,0.1754,0.1717,0.1731,845107.0
1966-02-18,0.1731,0.1757,0.1714,0.1729,1071475.0
1966-02-21,0.1729,0.1749,0.1711,0.172,754560.0
1966-02-23,0.172,0.1723,0.1708,0.1714,482918.0
1966-02-24,0.1714,0.1726,0.1683,0.1708,513101.0
1966-02-25,0.1708,0.1714,0.1686,0.1697,1018656.0
1966-02-28,0.1697,0.1697,0.1657,0.168,467827.0
1966-03-01,0.1674,0.1674,0.1645,0.1645,852653.0
1966-03-02,0.1645,0.1668,0.1634,0.1657,430099.0
1966-03-03,0.1654,0.1654,0.1605,0.1645,550829.0
1966-03-04,0.1651,0.1668,0.1651,0.1651,1003565.0
1966-03-07,0.1651,0.1657,0.1617,0.164,928109.0
1966-03-08,0.1647,0.1655,0.1618,0.1629,807379.0
1966-03-09,0.1629,0.1652,0.1615,0.1641,460282.0
1966-03-10,0.1641,0.1658,0.1629,0.1658,1079021.0
1966-03-11,0.1632,0.1632,0.1615,0.1629,1162022.0
1966-03-14,0.1635,0.1658,0.1635,0.1635,1267661.0
1966-03-15,0.1635,0.1638,0.1615,0.1624,573466.0
1966-03-16,0.1624,0.1629,0.16,0.1629,1546848.0
1966-03-17,0.1644,0.167,0.1644,0.1667,701741.0
1966-03-18,0.1667,0.1721,0.1664,0.1721,316915.0
1966-03-21,0.1721,0.1733,0.1719,0.1724,558374.0
1966-03-22,0.1724,0.1733,0.1704,0.1704,369734.0
1966-03-23,0.1704,0.173,0.1704,0.1713,633830.0
1966-03-24,0.1713,0.1719,0.1687,0.1687,618739.0
1966-03-25,0.1704,0.1727,0.1704,0.171,739469.0
1966-03-28,0.171,0.1724,0.171,0.1719,724378.0
1966-03-29,0.1719,0.173,0.171,0.1721,482918.0
1966-03-30,0.1727,0.1756,0.1727,0.1744,807379.0
1966-03-31,0.1762,0.1779,0.1762,0.1779,1056384.0
1966-04-01,0.1779,0.1796,0.1773,0.1782,1101658.0
1966-04-04,0.1782,0.1785,0.1756,0.1767,1260115.0
1966-04-05,0.1767,0.177,0.1733,0.1733,679104.0
1966-04-06,0.1733,0.1744,0.1716,0.1721,588557.0
1966-04-07,0.1721,0.177,0.1721,0.1759,1131840.0
1966-04-11,0.1767,0.1796,0.1767,0.1796,724378.0
1966-04-12,0.1808,0.1834,0.1808,0.1814,581011.0
1966-04-13,0.1814,0.1814,0.1793,0.1811,618739.0
1966-04-14,0.1811,0.1816,0.1802,0.1814,475373.0
1966-04-15,0.1814,0.1819,0.1808,0.1811,301824.0
1966-04-18,0.1811,0.1819,0.1767,0.1773,3531341.0
1966-04-19,0.1773,0.1785,0.1767,0.1767,490464.0
1966-04-20,0.1767,0.1767,0.1747,0.1747,369734.0
1966-04-21,0.1747,0.1779,0.1739,0.1744,558374.0
1966-04-22,0.1744,0.1762,0.173,0.1733,596102.0
1966-04-25,0.1733,0.1744,0.1727,0.1736,513101.0
1966-04-26,0.1736,0.1744,0.1727,0.1739,211277.0
1966-04-27,0.1739,0.1747,0.1727,0.1736,301824.0
1966-04-28,0.1736,0.1747,0.1721,0.1739,633830.0
1966-04-29,0.1739,0.1744,0.1719,0.1733,452736.0
1966-05-02,0.1733,0.1739,0.1716,0.1719,347098.0
1966-05-03,0.1719,0.1733,0.1698,0.1733,814925.0
1966-05-04,0.1721,0.1721,0.1687,0.1701,482918.0
1966-05-05,0.1701,0.1704,0.1661,0.1664,565920.0
1966-05-06,0.1664,0.1664,0.1612,0.1635,731923.0
1966-05-09,0.1635,0.1652,0.16,0.1615,618739.0
1966-05-10,0.1615,0.1681,0.1609,0.1681,1569485.0
1966-05-11,0.1681,0.1716,0.167,0.167,641376.0
1966-05-12,0.1681,0.1701,0.1681,0.1693,528192.0
1966-05-13,0.169,0.169,0.1641,0.1647,814925.0
1966-05-16,0.1647,0.1649,0.1606,0.1641,784742.0
1966-05-17,0.1641,0.1655,0.1629,0.1635,777197.0
1966-05-18,0.1635,0.167,0.1629,0.167,1418573.0
1966-05-19,0.167,0.1693,0.1644,0.1687,1569485.0
1966-05-20,0.1684,0.1684,0.1618,0.1641,814925.0
1966-05-23,0.1641,0.1698,0.1641,0.1698,1094112.0
1966-05-24,0.1698,0.1724,0.1693,0.1693,581011.0
1966-05-25,0.1693,0.1727,0.1684,0.1727,437645.0
1966-05-26,0.1727,0.173,0.1698,0.173,618739.0
1966-05-27,0.1727,0.1727,0.1707,0.1719,279187.0
1966-05-31,0.1719,0.1719,0.1698,0.1701,430099.0
1966-06-01,0.1698,0.1698,0.167,0.1681,430099.0
1966-06-02,0.1695,0.1719,0.1695,0.1698,656467.0
1966-06-03,0.1698,0.1713,0.169,0.1713,422554.0
1966-06-06,0.1713,0.1724,0.171,0.171,384826.0
1966-06-07,0.1717,0.172,0.1691,0.1711,543283.0
1966-06-08,0.1711,0.172,0.1699,0.172,626285.0
1966-06-09,0.172,0.1723,0.1708,0.1717,407462.0
1966-06-10,0.1717,0.1731,0.1717,0.1717,377280.0
1966-06-13,0.1717,0.1728,0.1697,0.1728,543283.0
1966-06-14,0.1728,0.1734,0.172,0.1723,731923.0
1966-06-15,0.1723,0.1734,0.1717,0.1734,830016.0
1966-06-16,0.1734,0.1769,0.1734,0.1769,694195.0
1966-06-17,0.178,0.1812,0.178,0.1812,860198.0
1966-06-20,0.1812,0.1815,0.1783,0.1809,354643.0
1966-06-21,0.1809,0.1818,0.1804,0.1806,354643.0
1966-06-22,0.1806,0.1806,0.178,0.1806,294278.0
1966-06-23,0.1806,0.1821,0.178,0.178,233914.0
1966-06-24,0.178,0.1786,0.1766,0.178,535738.0
1966-06-27,0.178,0.1815,0.1778,0.1792,543283.0
1966-06-28,0.1792,0.1809,0.178,0.1809,407462.0
1966-06-29,0.1809,0.1818,0.1778,0.1786,845107.0
1966-06-30,0.1786,0.1795,0.1772,0.1789,384826.0
1966-07-01,0.1778,0.1778,0.1751,0.1751,724378.0
1966-07-05,0.1751,0.1763,0.1746,0.1746,332006.0
1966-07-06,0.1746,0.1757,0.174,0.1757,377280.0
1966-07-07,0.1757,0.1757,0.1749,0.1749,196186.0
1966-07-08,0.1749,0.1751,0.1734,0.1743,301824.0
1966-07-11,0.174,0.174,0.1717,0.1723,324461.0
1966-07-12,0.1728,0.1746,0.1728,0.1743,565920.0
1966-07-13,0.1743,0.1754,0.1743,0.1751,294278.0
1966-07-14,0.1751,0.1786,0.1751,0.1775,626285.0
1966-07-15,0.1775,0.1789,0.1769,0.1789,264096.0
1966-07-18,0.1789,0.1827,0.178,0.1804,784742.0
1966-07-19,0.1804,0.1809,0.1757,0.1775,543283.0
1966-07-20,0.1775,0.1786,0.1754,0.1757,384826.0
1966-07-21,0.1746,0.1746,0.1728,0.174,384826.0
1966-07-22,0.1743,0.1754,0.1743,0.1749,407462.0
1966-07-25,0.1749,0.1749,0.1717,0.172,565920.0
1966-07-26,0.172,0.1737,0.1714,0.1734,407462.0
1966-07-27,0.1734,0.1749,0.1723,0.1728,445190.0
1966-07-28,0.1728,0.1746,0.1728,0.1734,196186.0
1966-07-29,0.1734,0.1734,0.1717,0.1725,422554.0
1966-08-01,0.1725,0.174,0.1699,0.1699,498010.0
1966-08-02,0.1702,0.1717,0.1702,0.1705,664013.0
1966-08-03,0.1711,0.1725,0.1711,0.1723,362189.0
1966-08-04,0.1723,0.1734,0.1714,0.1728,550829.0
1966-08-05,0.1728,0.1731,0.1714,0.1723,294278.0
1966-08-08,0.1723,0.1731,0.1717,0.1728,264096.0
1966-08-09,0.1728,0.1728,0.1702,0.1702,460282.0
1966-08-10,0.1708,0.1731,0.1708,0.172,686650.0
1966-08-11,0.172,0.1728,0.1711,0.172,475373.0
1966-08-12,0.172,0.172,0.1702,0.1711,671558.0
1966-08-15,0.1699,0.1699,0.1688,0.1699,316915.0
1966-08-16,0.1699,0.1699,0.1676,0.1691,286733.0
1966-08-17,0.1688,0.1688,0.1659,0.1662,973382.0
1966-08-18,0.1662,0.1673,0.1645,0.1656,588557.0
1966-08-19,0.1656,0.1662,0.1645,0.1645,437645.0
1966-08-22,0.1645,0.1645,0.1607,0.1616,1094112.0
1966-08-23,0.1616,0.1656,0.1613,0.1636,769651.0
1966-08-24,0.1647,0.1673,0.1647,0.1671,445190.0
1966-08-25,0.1671,0.1688,0.1642,0.1642,264096.0
1966-08-26,0.1627,0.1627,0.1616,0.1621,588557.0
1966-08-29,0.1613,0.1613,0.1572,0.1581,1411027.0
1966-08-30,0.1581,0.1584,0.1541,0.1572,596102.0
1966-08-31,0.1572,0.163,0.1572,0.1595,1063930.0
1966-09-01,0.1595,0.1601,0.1575,0.1581,415008.0
1966-09-02,0.1581,0.1593,0.1541,0.1593,679104.0
1966-09-06,0.1597,0.1597,0.157,0.1573,294278.0
1966-09-07,0.157,0.157,0.1544,0.1553,837562.0
1966-09-08,0.1553,0.1576,0.1504,0.1524,1101658.0
1966-09-09,0.1524,0.153,0.151,0.1518,1094112.0
1966-09-12,0.1518,0.1521,0.1501,0.1512,814925.0
1966-09-13,0.1515,0.155,0.1515,0.155,920563.0
1966-09-14,0.1553,0.1655,0.1553,0.1643,1056384.0
1966-09-15,0.1643,0.1646,0.1614,0.1646,498010.0
1966-09-16,0.1646,0.1695,0.1646,0.1695,754560.0
1966-09-19,0.1695,0.1695,0.1663,0.1672,475373.0
1966-09-20,0.1672,0.1701,0.1655,0.1655,430099.0
1966-09-21,0.1655,0.1672,0.1608,0.1608,754560.0
1966-09-22,0.1608,0.1643,0.1585,0.1631,656467.0
1966-09-23,0.1631,0.1646,0.1626,0.1626,211277.0
1966-09-26,0.1617,0.1617,0.1579,0.1608,965837.0
1966-09-27,0.1631,0.1678,0.1631,0.1672,460282.0
1966-09-28,0.1672,0.1689,0.1646,0.166,1079021.0
1966-09-29,0.1649,0.1649,0.1617,0.162,603648.0
1966-09-30,0.162,0.1666,0.162,0.1663,543283.0
1966-10-03,0.1663,0.1684,0.162,0.162,528192.0
1966-10-04,0.162,0.1655,0.1594,0.1629,897926.0
1966-10-05,0.1629,0.1643,0.1617,0.1617,618739.0
1966-10-06,0.1617,0.1617,0.1579,0.1608,1079021.0
1966-10-07,0.1591,0.1591,0.1562,0.1565,769651.0
1966-10-10,0.1565,0.1591,0.1512,0.1591,1350662.0
1966-10-11,0.1591,0.1626,0.1579,0.1585,943200.0
1966-10-12,0.1585,0.1643,0.1585,0.1643,618739.0
1966-10-13,0.1643,0.1689,0.1643,0.1646,1531757.0
1966-10-14,0.1646,0.1649,0.1597,0.1629,784742.0
1966-10-17,0.1629,0.1646,0.1614,0.1646,618739.0
1966-10-18,0.1646,0.1649,0.1634,0.1637,1079021.0
1966-10-19,0.1637,0.1649,0.1623,0.1626,1554394.0
1966-10-20,0.1626,0.1634,0.1591,0.1608,762106.0
1966-10-21,0.1608,0.1608,0.1579,0.1608,1094112.0
1966-10-24,0.1608,0.166,0.1608,0.166,958291.0
1966-10-25,0.166,0.1672,0.1658,0.1666,1033747.0
1966-10-26,0.1666,0.1692,0.1666,0.1678,603648.0
1966-10-27,0.1678,0.1695,0.1672,0.1675,1003565.0
1966-10-28,0.1695,0.1719,0.1695,0.1716,694195.0
1966-10-31,0.1716,0.1739,0.1698,0.1707,520646.0
1966-11-01,0.1707,0.1736,0.1701,0.1727,777197.0
1966-11-02,0.1727,0.1736,0.1721,0.1727,633830.0
1966-11-03,0.1727,0.1765,0.1724,0.1756,671558.0
1966-11-04,0.1756,0.1765,0.1733,0.1765,965837.0
1966-11-07,0.1768,0.1832,0.1768,0.1811,1312934.0
1966-11-09,0.1811,0.1835,0.1803,0.1835,852653.0
1966-11-10,0.1835,0.184,0.1829,0.1835,626285.0
1966-11-11,0.1835,0.1858,0.1835,0.1846,897926.0
1966-11-14,0.184,0.184,0.1803,0.1806,490464.0
1966-11-15,0.1806,0.1864,0.1788,0.1858,920563.0
1966-11-16,0.1852,0.1852,0.1806,0.1809,1086566.0
1966-11-17,0.1809,0.1832,0.18,0.1806,686650.0
1966-11-18,0.1806,0.1817,0.1794,0.1806,701741.0
1966-11-21,0.1806,0.1806,0.1777,0.1782,724378.0
1966-11-22,0.1782,0.1797,0.1771,0.1782,588557.0
1966-11-23,0.1785,0.1809,0.1785,0.1794,596102.0
1966-11-25,0.1794,0.1803,0.1782,0.1803,173549.0
1966-11-28,0.1803,0.1835,0.1779,0.1791,1063930.0
1966-11-29,0.1791,0.1806,0.1788,0.1803,467827.0
1966-11-30,0.1816,0.1857,0.1789,0.1848,950746.0
1966-12-01,0.1848,0.1857,0.1807,0.1818,633830.0
1966-12-02,0.1818,0.1821,0.1807,0.1813,316915.0
1966-12-05,0.1813,0.1854,0.1807,0.1842,520646.0
1966-12-06,0.1842,0.1868,0.1839,0.1859,588557.0
1966-12-07,0.1859,0.1871,0.1854,0.1871,565920.0
1966-12-08,0.1871,0.1889,0.1868,0.1889,437645.0
1966-12-09,0.1889,0.1915,0.1854,0.1865,716832.0
1966-12-12,0.1871,0.1883,0.1871,0.1877,573466.0
1966-12-13,0.1877,0.1906,0.1848,0.1854,897926.0
1966-12-14,0.1854,0.1871,0.1836,0.1836,1116749.0
1966-12-15,0.183,0.183,0.1795,0.1807,1456301.0
1966-12-16,0.1807,0.1813,0.1801,0.1807,415008.0
1966-12-19,0.1807,0.1813,0.1795,0.1795,550829.0
1966-12-20,0.1795,0.1801,0.1769,0.1783,550829.0
1966-12-21,0.1783,0.1801,0.1769,0.178,1826035.0
1966-12-22,0.178,0.1798,0.1778,0.1789,422554.0
1966-12-23,0.1789,0.1798,0.1786,0.1798,354643.0
1966-12-27,0.1795,0.1795,0.1778,0.1789,301824.0
1966-12-28,0.1789,0.1813,0.1786,0.1801,882835.0
1966-12-29,0.1801,0.1816,0.1786,0.1795,701741.0
1966-12-30,0.1795,0.1798,0.178,0.1795,316915.0
1967-01-03,0.1795,0.1798,0.1748,0.176,1063930.0
1967-01-04,0.1754,0.1754,0.1731,0.1754,882835.0
1967-01-05,0.1754,0.1754,0.1734,0.1754,392371.0
1967-01-06,0.1754,0.1795,0.1751,0.1792,1131840.0
1967-01-09,0.1789,0.1789,0.1745,0.1789,1705306.0
1967-01-10,0.1789,0.1795,0.1748,0.176,535738.0
1967-01-11,0.1751,0.1751,0.1731,0.1751,814925.0
1967-01-12,0.1751,0.1766,0.174,0.1751,1584576.0
1967-01-13,0.1754,0.1775,0.1754,0.1775,1146931.0
1967-01-16,0.1783,0.1813,0.1783,0.1783,1245024.0
1967-01-17,0.1795,0.1813,0.1795,0.1798,913018.0
1967-01-18,0.1801,0.1824,0.1801,0.1821,1094112.0
1967-01-19,0.1821,0.1821,0.1795,0.1801,882835.0
1967-01-20,0.1801,0.1813,0.1772,0.1772,792288.0
1967-01-23,0.1772,0.1775,0.1757,0.1769,958291.0
1967-01-24,0.1783,0.1824,0.1783,0.1813,1546848.0
1967-01-25,0.1813,0.1818,0.1778,0.1801,905472.0
1967-01-26,0.1801,0.1801,0.1766,0.1778,664013.0
1967-01-27,0.1783,0.1807,0.1783,0.1798,777197.0
1967-01-30,0.1798,0.1807,0.178,0.178,799834.0
1967-01-31,0.178,0.1798,0.178,0.1783,1184659.0
1967-02-01,0.1783,0.1783,0.176,0.1778,996019.0
1967-02-02,0.1786,0.1807,0.1786,0.1786,1071475.0
1967-02-03,0.1786,0.1792,0.1757,0.1775,573466.0
1967-02-06,0.1775,0.1775,0.1754,0.1772,837562.0
1967-02-07,0.1766,0.1766,0.1745,0.1754,769651.0
1967-02-08,0.1754,0.176,0.1742,0.176,3018240.0
1967-02-09,0.176,0.1766,0.1742,0.1748,694195.0
1967-02-10,0.1748,0.1757,0.1745,0.1754,1101658.0
1967-02-13,0.1754,0.1772,0.1751,0.176,709286.0
1967-02-14,0.176,0.1772,0.1757,0.1766,1063930.0
1967-02-15,0.1766,0.1789,0.1757,0.1789,950746.0
1967-02-16,0.1789,0.1792,0.1772,0.1786,656467.0
1967-02-17,0.1786,0.1786,0.1754,0.178,1003565.0
1967-02-20,0.178,0.1798,0.1766,0.178,897926.0
1967-02-21,0.178,0.1813,0.1775,0.1813,928109.0
1967-02-23,0.1813,0.1857,0.1813,0.1848,814925.0
1967-02-24,0.1854,0.1871,0.1854,0.1871,694195.0
1967-02-27,0.1871,0.1871,0.183,0.1842,769651.0
1967-02-28,0.1842,0.1842,0.1824,0.1842,467827.0
1967-03-01,0.1842,0.1854,0.1836,0.1836,271642.0
1967-03-02,0.183,0.183,0.1813,0.1821,716832.0
1967-03-03,0.1821,0.1833,0.181,0.1827,852653.0
1967-03-06,0.1827,0.1854,0.1824,0.1854,460282.0
1967-03-07,0.1865,0.1879,0.1865,0.1879,973382.0
1967-03-08,0.1879,0.1897,0.1871,0.1879,814925.0
1967-03-09,0.1879,0.1882,0.1862,0.1879,830016.0
1967-03-10,0.1885,0.1915,0.1885,0.1912,920563.0
1967-03-13,0.1912,0.1923,0.1894,0.1903,897926.0
1967-03-14,0.19,0.19,0.185,0.1874,505555.0
1967-03-15,0.1853,0.1853,0.1832,0.1844,980928.0
1967-03-16,0.1847,0.1868,0.1847,0.1856,611194.0
1967-03-17,0.1856,0.1865,0.185,0.1862,218822.0
1967-03-20,0.1862,0.1894,0.1862,0.1894,958291.0
1967-03-21,0.1894,0.1912,0.1879,0.1897,648922.0
1967-03-22,0.1891,0.1891,0.1874,0.1882,679104.0
1967-03-23,0.1882,0.1891,0.1876,0.1879,694195.0
1967-03-27,0.1879,0.1906,0.1879,0.1897,618739.0
1967-03-28,0.1903,0.1923,0.1903,0.1903,498010.0
1967-03-29,0.1903,0.1926,0.1903,0.1926,618739.0
1967-03-30,0.1926,0.1965,0.1912,0.1962,897926.0
1967-03-31,0.1962,0.1965,0.1903,0.1915,7273958.0
1967-04-03,0.1912,0.1912,0.1879,0.1882,5644109.0
1967-04-04,0.1882,0.1888,0.1871,0.1885,460282.0
1967-04-05,0.1888,0.1903,0.1888,0.1891,415008.0
1967-04-06,0.1891,0.1897,0.1862,0.1862,7009862.0
1967-04-07,0.1862,0.1888,0.1853,0.1862,626285.0
1967-04-10,0.1838,0.1838,0.1809,0.1824,1079021.0
1967-04-11,0.1824,0.1838,0.1803,0.1832,784742.0
1967-04-12,0.1835,0.1868,0.1835,0.1847,671558.0
1967-04-13,0.1856,0.1876,0.1856,0.1876,935654.0
1967-04-14,0.1876,0.1885,0.1844,0.1856,1260115.0
1967-04-17,0.1856,0.1882,0.1844,0.1882,626285.0
1967-04-18,0.1882,0.1915,0.1862,0.1876,1041293.0
1967-04-19,0.1876,0.1888,0.1874,0.1874,422554.0
1967-04-20,0.1874,0.1885,0.1862,0.1876,482918.0
1967-04-21,0.1876,0.1879,0.1835,0.1879,5930842.0
1967-04-24,0.1879,0.1926,0.1868,0.1918,1328026.0
1967-04-25,0.1926,0.1962,0.1926,0.1962,845107.0
1967-04-26,0.1962,0.1994,0.1938,0.1947,958291.0
1967-04-27,0.1947,0.1959,0.1941,0.1959,354643.0
1967-04-28,0.1962,0.1994,0.1962,0.1991,565920.0
1967-05-01,0.1991,0.202,0.1968,0.1973,852653.0
1967-05-02,0.1973,0.2015,0.1973,0.1973,716832.0
1967-05-03,0.1973,0.1982,0.1962,0.197,264096.0
1967-05-04,0.1956,0.1956,0.1926,0.195,1003565.0
1967-05-05,0.195,0.1968,0.1923,0.1941,1079021.0
1967-05-08,0.1932,0.1932,0.1909,0.1926,694195.0
1967-05-09,0.1926,0.1956,0.1915,0.1918,875290.0
1967-05-10,0.1909,0.1909,0.1856,0.1865,1237478.0
1967-05-11,0.1865,0.1885,0.1856,0.1862,1222387.0
1967-05-12,0.1862,0.1862,0.1835,0.1835,799834.0
1967-05-15,0.1835,0.1844,0.1809,0.1841,1373299.0
1967-05-16,0.1841,0.1868,0.1838,0.1859,1426118.0
1967-05-17,0.1856,0.1856,0.1838,0.1847,1637395.0
1967-05-18,0.1847,0.185,0.1827,0.1832,430099.0
1967-05-19,0.1832,0.1832,0.1815,0.1827,513101.0
1967-05-22,0.1821,0.1821,0.1797,0.18,950746.0
1967-05-23,0.18,0.1806,0.1765,0.1785,897926.0
1967-05-24,0.1785,0.1794,0.1736,0.175,1056384.0
1967-05-25,0.175,0.1803,0.175,0.1803,762106.0
1967-05-26,0.1803,0.1815,0.1785,0.1809,558374.0
1967-05-29,0.1809,0.1821,0.1797,0.18,528192.0
1967-05-31,0.18,0.1809,0.1791,0.1809,664013.0
1967-06-01,0.1809,0.1832,0.1777,0.1797,1471392.0
1967-06-02,0.18,0.1821,0.18,0.1809,1033747.0
1967-06-05,0.1809,0.1815,0.1762,0.1809,852653.0
1967-06-06,0.1823,0.1861,0.1823,0.1858,754560.0
1967-06-07,0.1873,0.1894,0.1873,0.1894,679104.0
1967-06-08,0.1894,0.1909,0.1888,0.1897,739469.0
1967-06-09,0.1897,0.1909,0.1888,0.1903,664013.0
1967-06-12,0.1909,0.1979,0.1909,0.1962,814925.0
1967-06-13,0.1962,0.1982,0.195,0.1965,890381.0
1967-06-14,0.1965,0.1971,0.1938,0.1947,550829.0
1967-06-15,0.1929,0.1929,0.1915,0.1923,339552.0
1967-06-16,0.1923,0.1941,0.1923,0.1926,271642.0
1967-06-19,0.1941,0.1959,0.1941,0.1959,422554.0
1967-06-20,0.1974,0.2006,0.1974,0.1994,1048838.0
1967-06-21,0.1994,0.2015,0.1991,0.1994,573466.0
1967-06-22,0.1994,0.2006,0.1971,0.1971,965837.0
1967-06-23,0.1971,0.1979,0.1971,0.1976,528192.0
1967-06-26,0.1976,0.2006,0.1959,0.1976,1109203.0
1967-06-27,0.1976,0.1997,0.1971,0.1979,279187.0
1967-06-28,0.1979,0.1991,0.1953,0.1956,437645.0
1967-06-29,0.1956,0.1956,0.1912,0.1915,415008.0
1967-06-30,0.1915,0.1944,0.1903,0.1935,565920.0
1967-07-03,0.1941,0.1959,0.1941,0.1941,830016.0
1967-07-05,0.1941,0.1944,0.1915,0.1917,656467.0
1967-07-06,0.1935,0.1956,0.1935,0.1956,490464.0
1967-07-07,0.1956,0.1962,0.195,0.1956,354643.0
1967-07-10,0.1956,0.1982,0.1956,0.1976,845107.0
1967-07-11,0.1979,0.1997,0.1979,0.1994,286733.0
1967-07-12,0.2,0.2009,0.2,0.2,437645.0
1967-07-13,0.2,0.2,0.1979,0.1994,377280.0
1967-07-14,0.1985,0.1985,0.1971,0.1974,218822.0
1967-07-17,0.1974,0.1979,0.1953,0.1959,1026202.0
1967-07-18,0.1962,0.1979,0.1962,0.1965,392371.0
1967-07-19,0.1965,0.2006,0.1965,0.1988,965837.0
1967-07-20,0.1988,0.2003,0.1971,0.1971,241459.0
1967-07-21,0.1971,0.1974,0.195,0.1962,1554394.0
1967-07-24,0.1962,0.1968,0.1941,0.1947,648922.0
1967-07-25,0.195,0.1979,0.195,0.1979,664013.0
1967-07-26,0.1991,0.2038,0.1991,0.203,1139386.0
1967-07-27,0.2035,0.2071,0.2035,0.2041,490464.0
1967-07-28,0.2041,0.2065,0.2038,0.2059,724378.0
1967-07-31,0.2059,0.2083,0.2059,0.2083,626285.0
1967-08-01,0.2106,0.2159,0.2106,0.2159,1192205.0
1967-08-02,0.2159,0.2212,0.2153,0.2159,897926.0
1967-08-03,0.2153,0.2153,0.2124,0.2142,422554.0
1967-08-04,0.2142,0.2148,0.2109,0.2109,633830.0
1967-08-07,0.2109,0.2121,0.21,0.2109,347098.0
1967-08-08,0.2109,0.2112,0.21,0.2106,301824.0
1967-08-09,0.2112,0.2121,0.2112,0.2112,271642.0
1967-08-10,0.2112,0.2121,0.2112,0.2112,686650.0
1967-08-11,0.2106,0.2106,0.2071,0.2077,430099.0
1967-08-14,0.2077,0.2086,0.2071,0.2077,256550.0
1967-08-15,0.213,0.2145,0.213,0.2139,807379.0
1967-08-16,0.2139,0.2139,0.2106,0.2136,490464.0
1967-08-17,0.2136,0.2156,0.2136,0.2153,233914.0
1967-08-18,0.2148,0.2148,0.2118,0.2127,1478938.0
1967-08-21,0.2127,0.2142,0.2127,0.2136,226368.0
1967-08-22,0.2136,0.2136,0.2106,0.2115,226368.0
1967-08-23,0.2115,0.2136,0.2103,0.2133,445190.0
1967-08-24,0.2124,0.2124,0.2094,0.2094,324461.0
1967-08-25,0.2089,0.2089,0.2077,0.2077,505555.0
1967-08-28,0.2077,0.2089,0.2074,0.2083,120730.0
1967-08-29,0.2083,0.2086,0.2077,0.2077,286733.0
1967-08-30,0.2077,0.21,0.2077,0.2077,339552.0
1967-08-31,0.2077,0.2083,0.2068,0.2077,135821.0
1967-09-01,0.2077,0.2077,0.2065,0.2077,203731.0
1967-09-05,0.2085,0.2097,0.2073,0.2097,475373.0
1967-09-06,0.21,0.2144,0.21,0.2132,1780762.0
1967-09-07,0.2144,0.2153,0.2144,0.2153,203731.0
1967-09-08,0.2153,0.2189,0.2144,0.2144,648922.0
1967-09-11,0.2156,0.2186,0.2156,0.218,384826.0
1967-09-12,0.218,0.218,0.2165,0.218,294278.0
1967-09-13,0.218,0.218,0.2168,0.2177,324461.0
1967-09-14,0.2186,0.2215,0.2186,0.2209,550829.0
1967-09-15,0.2209,0.2227,0.2209,0.2224,241459.0
1967-09-18,0.2224,0.2224,0.2186,0.2186,369734.0
1967-09-19,0.2186,0.2195,0.2168,0.218,588557.0
1967-09-20,0.218,0.218,0.2162,0.2171,369734.0
1967-09-21,0.2171,0.2183,0.215,0.215,286733.0
1967-09-22,0.215,0.215,0.2115,0.2124,294278.0
1967-09-25,0.2115,0.2115,0.2094,0.2103,294278.0
1967-09-26,0.2103,0.2118,0.2097,0.2097,377280.0
1967-09-27,0.2103,0.2112,0.2103,0.2103,316915.0
1967-09-28,0.2103,0.2106,0.2091,0.21,279187.0
1967-09-29,0.21,0.2106,0.2061,0.2061,460282.0
1967-10-02,0.2055,0.2055,0.2038,0.2047,271642.0
1967-10-03,0.2047,0.2055,0.2038,0.2055,332006.0
1967-10-04,0.2055,0.2064,0.2055,0.2061,377280.0
1967-10-05,0.2061,0.2073,0.2055,0.2061,482918.0
1967-10-06,0.2061,0.2085,0.2061,0.2067,490464.0
1967-10-09,0.2067,0.2085,0.2067,0.2073,498010.0
1967-10-10,0.2073,0.2085,0.205,0.205,626285.0
1967-10-11,0.2055,0.2094,0.2055,0.2088,1207296.0
1967-10-12,0.2088,0.2103,0.2085,0.2088,550829.0
1967-10-13,0.2088,0.2103,0.2085,0.2088,271642.0
1967-10-16,0.2088,0.2118,0.2076,0.2097,581011.0
1967-10-17,0.2097,0.2103,0.205,0.205,4180262.0
1967-10-18,0.2053,0.2061,0.2053,0.2058,437645.0
1967-10-19,0.2058,0.2061,0.205,0.205,286733.0
1967-10-20,0.205,0.205,0.2017,0.2026,641376.0
1967-10-23,0.2014,0.2014,0.197,0.2014,384826.0
1967-10-24,0.2014,0.202,0.2002,0.2002,143366.0
1967-10-25,0.1993,0.1993,0.1984,0.1993,528192.0
1967-10-26,0.1993,0.2008,0.1984,0.2005,279187.0
1967-10-27,0.2005,0.2014,0.1996,0.2005,822470.0
1967-10-30,0.2005,0.2005,0.1978,0.1996,890381.0
1967-10-31,0.1996,0.1996,0.1937,0.1961,369734.0
1967-11-01,0.1961,0.1964,0.1925,0.1949,935654.0
1967-11-02,0.1949,0.1981,0.1943,0.1943,596102.0
1967-11-03,0.1943,0.197,0.1943,0.1961,550829.0
1967-11-06,0.1961,0.1984,0.1943,0.1955,852653.0
1967-11-08,0.1955,0.1955,0.1922,0.1934,1229933.0
1967-11-09,0.1934,0.1943,0.1919,0.1943,739469.0
1967-11-10,0.1943,0.1967,0.1934,0.1955,822470.0
1967-11-13,0.1955,0.1973,0.1937,0.1964,747014.0
1967-11-14,0.1964,0.1981,0.1922,0.1922,777197.0
1967-11-15,0.1922,0.1937,0.1916,0.1934,467827.0
1967-11-16,0.194,0.1976,0.194,0.1976,867744.0
1967-11-17,0.2014,0.2038,0.2014,0.2023,830016.0
1967-11-20,0.2023,0.2047,0.1996,0.2035,490464.0
1967-11-21,0.2029,0.2029,0.2014,0.2026,724378.0
1967-11-22,0.2026,0.2047,0.2014,0.2032,701741.0
1967-11-24,0.2032,0.2047,0.2023,0.2038,460282.0
1967-11-27,0.2038,0.2091,0.2026,0.2026,814925.0
1967-11-28,0.2026,0.2047,0.202,0.2029,339552.0
1967-11-29,0.2035,0.2058,0.2035,0.2047,490464.0
1967-11-30,0.2047,0.2073,0.2035,0.2035,460282.0
1967-12-01,0.2032,0.2032,0.2014,0.2014,1011110.0
1967-12-04,0.2014,0.205,0.199,0.205,2067494.0
1967-12-05,0.2061,0.2097,0.2061,0.2082,1146931.0
1967-12-06,0.2082,0.2138,0.207,0.2138,679104.0
1967-12-07,0.215,0.215,0.2129,0.2135,550829.0
1967-12-08,0.2135,0.2159,0.2129,0.2135,550829.0
1967-12-11,0.2135,0.2141,0.2111,0.2135,498010.0
1967-12-12,0.2135,0.2141,0.2105,0.2117,762106.0
1967-12-13,0.2117,0.2123,0.209,0.2093,377280.0
1967-12-14,0.2093,0.2105,0.2075,0.2081,520646.0
1967-12-15,0.2081,0.2093,0.2063,0.2066,543283.0
1967-12-18,0.2069,0.2087,0.2069,0.2075,407462.0
1967-12-19,0.2075,0.2081,0.2042,0.2069,731923.0
1967-12-20,0.2069,0.2072,0.2039,0.2057,520646.0
1967-12-21,0.2057,0.2069,0.2039,0.2051,528192.0
1967-12-22,0.2051,0.2075,0.2016,0.2019,482918.0
1967-12-26,0.2019,0.2039,0.2007,0.2027,218822.0
1967-12-27,0.2027,0.203,0.201,0.2019,392371.0
1967-12-28,0.2025,0.2039,0.2025,0.203,256550.0
1967-12-29,0.203,0.203,0.2001,0.2013,475373.0
1968-01-02,0.2001,0.2001,0.1932,0.1932,467827.0
1968-01-03,0.1932,0.1941,0.1914,0.1914,792288.0
1968-01-04,0.1914,0.1926,0.1896,0.1899,2346682.0
1968-01-05,0.1899,0.1986,0.1899,0.1986,1403482.0
1968-01-08,0.1986,0.2001,0.1962,0.1962,958291.0
1968-01-09,0.1962,0.1965,0.1932,0.1932,716832.0
1968-01-10,0.1932,0.1944,0.1917,0.1938,784742.0
1968-01-11,0.1938,0.1953,0.192,0.1926,1192205.0
1968-01-12,0.1926,0.1938,0.1908,0.1929,1003565.0
1968-01-15,0.1929,0.1947,0.1929,0.1944,1079021.0
1968-01-16,0.1938,0.1938,0.1911,0.1929,935654.0
1968-01-17,0.1929,0.1929,0.1911,0.192,1478938.0
1968-01-18,0.192,0.1935,0.1917,0.1926,603648.0
1968-01-19,0.1926,0.1932,0.1908,0.1923,731923.0
1968-01-22,0.1923,0.1926,0.1905,0.1908,822470.0
1968-01-23,0.1908,0.192,0.1902,0.1914,762106.0
1968-01-24,0.1914,0.1914,0.1878,0.1881,1305389.0
1968-01-25,0.1881,0.1893,0.1861,0.1869,1094112.0
1968-01-26,0.1869,0.1872,0.1861,0.1872,731923.0
1968-01-29,0.1872,0.1887,0.1869,0.1869,550829.0
1968-01-30,0.1869,0.1884,0.1858,0.1884,671558.0
1968-01-31,0.1884,0.1896,0.1861,0.1872,596102.0
1968-02-01,0.1872,0.1884,0.1858,0.1878,528192.0
1968-02-02,0.1878,0.1914,0.1843,0.1843,897926.0
1968-02-05,0.1843,0.1855,0.1837,0.1855,694195.0
1968-02-06,0.1843,0.1843,0.1828,0.1837,452736.0
1968-02-07,0.1837,0.1858,0.1837,0.1843,1003565.0
1968-02-08,0.1843,0.1852,0.1837,0.1837,852653.0
1968-02-09,0.1837,0.1837,0.1813,0.1834,792288.0
1968-02-13,0.1834,0.1834,0.1792,0.1792,875290.0
1968-02-14,0.1792,0.181,0.1786,0.181,1192205.0
1968-02-15,0.181,0.1858,0.1771,0.1849,1094112.0
1968-02-16,0.1849,0.1858,0.184,0.1843,1139386.0
1968-02-19,0.1843,0.1855,0.1813,0.1846,1154477.0
1968-02-20,0.1846,0.1855,0.1834,0.1849,1056384.0
1968-02-21,0.1855,0.1899,0.1855,0.1884,1169568.0
1968-02-23,0.1884,0.192,0.1884,0.1917,1109203.0
1968-02-26,0.1917,0.1944,0.1908,0.1929,1026202.0
1968-02-27,0.1929,0.1929,0.1884,0.1884,686650.0
1968-02-28,0.1884,0.1917,0.1849,0.1855,973382.0
1968-02-29,0.1855,0.1861,0.1828,0.1849,1403482.0
1968-03-01,0.1849,0.1866,0.1828,0.1837,1207296.0
1968-03-04,0.1822,0.1822,0.1786,0.1822,988474.0
1968-03-05,0.1822,0.1843,0.1822,0.1834,2965421.0
1968-03-06,0.1846,0.1879,0.1846,0.1864,565920.0
1968-03-07,0.1858,0.1858,0.184,0.1855,588557.0
1968-03-08,0.1855,0.1855,0.1819,0.184,1033747.0
1968-03-11,0.184,0.1879,0.1834,0.1879,1539302.0
1968-03-12,0.1879,0.1912,0.187,0.1879,784742.0
1968-03-13,0.1879,0.1894,0.187,0.1894,482918.0
1968-03-14,0.1858,0.1858,0.1813,0.1825,822470.0
1968-03-15,0.1825,0.1864,0.1786,0.181,2120314.0
1968-03-18,0.1825,0.187,0.1825,0.1849,1320480.0
1968-03-19,0.1849,0.1864,0.1822,0.1831,807379.0
1968-03-20,0.1831,0.184,0.1816,0.1828,943200.0
1968-03-21,0.1828,0.1843,0.1816,0.1825,1071475.0
1968-03-22,0.1816,0.1816,0.1789,0.1816,860198.0
1968-03-25,0.1807,0.1807,0.1768,0.1768,920563.0
1968-03-26,0.1783,0.1816,0.1783,0.1816,1177114.0
1968-03-27,0.1846,0.187,0.1846,0.187,452736.0
1968-03-28,0.1888,0.1912,0.1888,0.19,913018.0
1968-03-29,0.19,0.1915,0.1888,0.1888,671558.0
1968-04-01,0.1909,0.1942,0.1909,0.1927,1071475.0
1968-04-02,0.1927,0.1942,0.1909,0.1939,747014.0
1968-04-03,0.1939,0.1972,0.1933,0.1951,943200.0
1968-04-04,0.1954,0.2023,0.1954,0.2014,1712851.0
1968-04-05,0.2014,0.2035,0.1999,0.1999,498010.0
1968-04-08,0.2014,0.2053,0.2014,0.2032,558374.0
1968-04-10,0.2032,0.2059,0.2014,0.2023,1056384.0
1968-04-11,0.2023,0.2026,0.2008,0.2014,694195.0
1968-04-15,0.2014,0.2044,0.1996,0.2038,1441210.0
1968-04-16,0.2044,0.2122,0.2044,0.2107,1056384.0
1968-04-17,0.2101,0.2101,0.2077,0.2092,505555.0
1968-04-18,0.2092,0.2101,0.2056,0.2095,2029766.0
1968-04-19,0.2095,0.211,0.2077,0.211,656467.0
1968-04-22,0.2104,0.2104,0.2062,0.208,837562.0
1968-04-23,0.208,0.2131,0.208,0.2122,513101.0
1968-04-24,0.2122,0.2134,0.2101,0.2122,973382.0
1968-04-25,0.2122,0.2125,0.208,0.2098,837562.0
1968-04-26,0.2098,0.2107,0.2068,0.2098,1961856.0
1968-04-29,0.2098,0.2104,0.2086,0.2095,377280.0
1968-04-30,0.2095,0.2098,0.2068,0.2086,520646.0
1968-05-01,0.2086,0.2095,0.2074,0.2092,784742.0
1968-05-02,0.2092,0.2095,0.208,0.2095,648922.0
1968-05-03,0.2095,0.2119,0.2086,0.2101,1101658.0
1968-05-06,0.2098,0.2098,0.208,0.2098,430099.0
1968-05-07,0.2098,0.2107,0.2086,0.2086,754560.0
1968-05-08,0.2086,0.2104,0.2086,0.2095,528192.0
1968-05-09,0.2095,0.2101,0.2086,0.2101,415008.0
1968-05-10,0.2104,0.2128,0.2104,0.2128,1184659.0
1968-05-13,0.2128,0.2155,0.2128,0.214,528192.0
1968-05-14,0.214,0.2149,0.2101,0.2128,716832.0
1968-05-15,0.2128,0.2143,0.2128,0.2143,814925.0
1968-05-16,0.2143,0.2152,0.2128,0.2152,814925.0
1968-05-17,0.2152,0.2161,0.2104,0.2104,2075040.0
1968-05-20,0.2104,0.2128,0.208,0.2098,513101.0
1968-05-21,0.2098,0.2128,0.2092,0.2119,505555.0
1968-05-22,0.2137,0.2155,0.2137,0.2143,626285.0
1968-05-23,0.2134,0.2134,0.2116,0.2116,354643.0
1968-05-24,0.2113,0.2113,0.2089,0.2089,377280.0
1968-05-27,0.2089,0.2095,0.2056,0.2074,1162022.0
1968-05-28,0.2074,0.2086,0.2056,0.2071,731923.0
1968-05-29,0.2071,0.2095,0.2068,0.2086,1177114.0
1968-05-31,0.2101,0.2122,0.2101,0.2122,452736.0
1968-06-03,0.2122,0.2146,0.211,0.2131,1207296.0
1968-06-04,0.2141,0.2144,0.212,0.2132,875290.0
1968-06-05,0.2132,0.2141,0.2083,0.2089,1237478.0
1968-06-06,0.2098,0.2135,0.2098,0.2101,686650.0
1968-06-07,0.2104,0.212,0.2104,0.2117,1267661.0
1968-06-10,0.2117,0.2144,0.2089,0.2144,1207296.0
1968-06-11,0.2144,0.2171,0.2135,0.2171,1607213.0
1968-06-13,0.2186,0.2225,0.2186,0.2192,2059949.0
1968-06-14,0.2192,0.2198,0.2183,0.2192,762106.0
1968-06-17,0.218,0.218,0.2162,0.2165,845107.0
1968-06-18,0.2165,0.218,0.212,0.2126,1109203.0
1968-06-20,0.2126,0.2165,0.2108,0.2156,784742.0
1968-06-21,0.2156,0.218,0.2132,0.2132,611194.0
1968-06-24,0.2144,0.2162,0.2144,0.2144,445190.0
1968-06-25,0.2126,0.2126,0.2059,0.2071,882835.0
1968-06-27,0.2101,0.2117,0.2101,0.2101,1622304.0
1968-06-28,0.2101,0.212,0.2095,0.212,875290.0
1968-07-01,0.212,0.2165,0.212,0.2165,558374.0
1968-07-02,0.2168,0.2216,0.2168,0.2207,739469.0
1968-07-03,0.2213,0.2264,0.2213,0.2264,611194.0
1968-07-08,0.2264,0.233,0.2246,0.2288,2014675.0
1968-07-09,0.2264,0.2264,0.2222,0.2228,1063930.0
1968-07-11,0.2228,0.2246,0.2168,0.2198,1909037.0
1968-07-12,0.2198,0.2204,0.215,0.215,1509120.0
1968-07-15,0.215,0.2159,0.2123,0.215,498010.0
1968-07-16,0.2132,0.2132,0.2059,0.2059,1984493.0
1968-07-18,0.2059,0.2071,0.2035,0.2053,1871309.0
1968-07-19,0.2053,0.2101,0.2035,0.2086,1101658.0
1968-07-22,0.2086,0.2095,0.2059,0.2071,769651.0
1968-07-23,0.2071,0.2083,0.2023,0.2056,1056384.0
1968-07-25,0.2056,0.2056,0.2011,0.2056,648922.0
1968-07-26,0.2056,0.2074,0.2029,0.2065,467827.0
1968-07-29,0.2065,0.2068,0.2035,0.2035,460282.0
1968-07-30,0.2044,0.2092,0.2044,0.2068,1162022.0
1968-08-01,0.2068,0.2083,0.2047,0.2047,1237478.0
1968-08-02,0.2047,0.2056,0.2014,0.2041,430099.0
1968-08-05,0.2041,0.2053,0.2017,0.2017,1011110.0
1968-08-06,0.2017,0.2056,0.2017,0.2044,377280.0
1968-08-08,0.2056,0.2077,0.2056,0.2065,694195.0
1968-08-09,0.2065,0.2117,0.2056,0.2117,558374.0
1968-08-12,0.2126,0.2162,0.2126,0.2162,399917.0
1968-08-13,0.2162,0.2174,0.215,0.2174,437645.0
1968-08-15,0.2159,0.2159,0.2114,0.2132,679104.0
1968-08-16,0.2132,0.2144,0.212,0.2135,1094112.0
1968-08-19,0.2135,0.2144,0.2111,0.2144,596102.0
1968-08-20,0.2144,0.2162,0.2132,0.2138,339552.0
1968-08-22,0.2138,0.2162,0.2132,0.2162,611194.0
1968-08-23,0.2162,0.2168,0.2144,0.2144,475373.0
1968-08-26,0.2144,0.2165,0.2144,0.2162,347098.0
1968-08-27,0.2162,0.2171,0.2159,0.2168,271642.0
1968-08-29,0.2156,0.2156,0.2135,0.2144,513101.0
1968-08-30,0.2153,0.2153,0.2135,0.2141,339552.0
1968-09-03,0.2141,0.2147,0.2129,0.2135,218822.0
1968-09-04,0.2135,0.2147,0.2123,0.2132,392371.0
1968-09-05,0.2129,0.2129,0.2105,0.2126,799834.0
1968-09-06,0.2126,0.2141,0.2123,0.2141,633830.0
1968-09-09,0.2141,0.2153,0.2123,0.2132,445190.0
1968-09-10,0.2132,0.2144,0.2123,0.2138,784742.0
1968-09-12,0.2129,0.2129,0.2105,0.2123,1320480.0
1968-09-13,0.2123,0.2126,0.2057,0.2057,513101.0
1968-09-16,0.2044,0.2044,0.2023,0.2038,1079021.0
1968-09-17,0.2038,0.205,0.2017,0.2044,656467.0
1968-09-19,0.2038,0.2038,0.2023,0.2032,1426118.0
1968-09-20,0.2032,0.2032,0.2014,0.2017,694195.0
1968-09-23,0.2017,0.2017,0.1999,0.2014,747014.0
1968-09-24,0.2014,0.2032,0.1996,0.202,1297843.0
1968-09-26,0.202,0.2032,0.2014,0.2032,1154477.0
1968-09-27,0.2032,0.2054,0.2014,0.2035,1101658.0
1968-09-30,0.2035,0.2044,0.2029,0.2032,399917.0
1968-10-01,0.2038,0.2093,0.2038,0.2093,1139386.0
1968-10-03,0.2093,0.2102,0.2075,0.2087,950746.0
1968-10-04,0.2087,0.2087,0.2069,0.2081,1343117.0
1968-10-07,0.2081,0.2123,0.2063,0.2123,996019.0
1968-10-08,0.2117,0.2117,0.2081,0.2096,543283.0
1968-10-10,0.2096,0.2105,0.2063,0.2105,2120314.0
1968-10-11,0.2105,0.2117,0.2105,0.2114,950746.0
1968-10-14,0.2114,0.2129,0.2108,0.2129,935654.0
1968-10-15,0.2129,0.2141,0.2111,0.2123,633830.0
1968-10-17,0.2135,0.2178,0.2135,0.2159,1184659.0
1968-10-18,0.2159,0.219,0.215,0.2184,958291.0
1968-10-21,0.2184,0.2199,0.2171,0.2178,1041293.0
1968-10-22,0.2178,0.2187,0.2117,0.2129,452736.0
1968-10-24,0.2129,0.2147,0.2105,0.2105,1229933.0
1968-10-25,0.2105,0.2129,0.209,0.2093,618739.0
1968-10-28,0.2093,0.2129,0.2075,0.2129,422554.0
1968-10-29,0.2129,0.2178,0.2129,0.2138,498010.0
1968-10-31,0.2129,0.2129,0.2105,0.2114,158458.0
1968-11-01,0.2114,0.2123,0.205,0.2057,716832.0
1968-11-04,0.2047,0.2047,0.2023,0.2041,1079021.0
1968-11-06,0.2041,0.2047,0.2032,0.2032,618739.0
1968-11-07,0.2032,0.2041,0.2008,0.2032,1282752.0
1968-11-08,0.2032,0.2044,0.2023,0.2044,648922.0
1968-11-12,0.2063,0.2111,0.2063,0.2105,1282752.0
1968-11-13,0.2111,0.2129,0.2111,0.2111,528192.0
1968-11-14,0.2093,0.2093,0.2057,0.2063,1139386.0
1968-11-15,0.2072,0.2117,0.2072,0.2105,701741.0
1968-11-18,0.2129,0.2208,0.2129,0.2208,1245024.0
1968-11-19,0.2202,0.2202,0.2147,0.2178,845107.0
1968-11-21,0.2178,0.2178,0.2132,0.2144,1999584.0
1968-11-22,0.2144,0.2153,0.2129,0.2141,626285.0
1968-11-25,0.2141,0.2141,0.212,0.2138,792288.0
1968-11-26,0.2138,0.2165,0.2132,0.2153,611194.0
1968-11-27,0.2153,0.219,0.2147,0.2147,550829.0
1968-11-29,0.2153,0.2199,0.2153,0.219,565920.0
1968-12-02,0.2178,0.2178,0.2151,0.2151,626285.0
1968-12-03,0.2151,0.2175,0.2138,0.2163,686650.0
1968-12-05,0.2169,0.2199,0.2169,0.2193,1154477.0
1968-12-06,0.2193,0.2193,0.2181,0.2193,1184659.0
1968-12-09,0.2193,0.2193,0.2175,0.2187,430099.0
1968-12-10,0.2187,0.2218,0.2187,0.2193,769651.0
1968-12-12,0.2193,0.2212,0.2193,0.2212,980928.0
1968-12-13,0.2212,0.2263,0.2208,0.2242,1275206.0
1968-12-16,0.2254,0.2279,0.2254,0.2266,996019.0
1968-12-17,0.2266,0.2288,0.2248,0.2254,664013.0
1968-12-19,0.2254,0.2272,0.2151,0.2224,2490048.0
1968-12-20,0.2224,0.2242,0.2181,0.2218,754560.0
1968-12-23,0.2218,0.2242,0.2169,0.2193,1388390.0
1968-12-24,0.2208,0.2254,0.2208,0.2251,731923.0
1968-12-26,0.2251,0.226,0.2245,0.2245,377280.0
1968-12-27,0.2245,0.2263,0.2193,0.2193,686650.0
1968-12-30,0.2193,0.2212,0.2169,0.219,362189.0
1968-12-31,0.219,0.2205,0.2175,0.2193,845107.0
1969-01-02,0.2193,0.2202,0.2193,0.2202,724378.0
1969-01-03,0.2202,0.2202,0.2184,0.2193,724378.0
1969-01-06,0.2193,0.2215,0.2181,0.2181,1041293.0
1969-01-07,0.2181,0.219,0.2169,0.2172,731923.0
1969-01-08,0.2172,0.2199,0.2163,0.2169,754560.0
1969-01-09,0.2169,0.2181,0.216,0.2175,543283.0
1969-01-10,0.2175,0.2187,0.2169,0.2187,264096.0
1969-01-13,0.2169,0.2169,0.2132,0.2163,1509120.0
1969-01-14,0.2154,0.2154,0.2108,0.2108,362189.0
1969-01-15,0.2108,0.2111,0.2077,0.2096,897926.0
1969-01-16,0.2096,0.2102,0.2087,0.2102,1478938.0
1969-01-17,0.2102,0.2114,0.2084,0.2084,1509120.0
1969-01-20,0.209,0.2135,0.209,0.209,1433664.0
1969-01-21,0.2096,0.2108,0.2096,0.2102,762106.0
1969-01-22,0.2102,0.2114,0.2099,0.2099,679104.0
1969-01-23,0.2105,0.212,0.2105,0.2105,897926.0
1969-01-24,0.2105,0.2117,0.2102,0.2111,1094112.0
1969-01-27,0.2111,0.212,0.2102,0.2117,641376.0
1969-01-28,0.2117,0.2132,0.2102,0.2132,1003565.0
1969-01-29,0.2132,0.2141,0.212,0.2138,430099.0
1969-01-30,0.2138,0.2169,0.212,0.2169,837562.0
1969-01-31,0.2172,0.2279,0.2172,0.2266,1999584.0
1969-02-03,0.2266,0.2266,0.2236,0.2245,1773216.0
1969-02-04,0.2218,0.2218,0.2184,0.2199,2271226.0
1969-02-05,0.2181,0.2181,0.216,0.2169,407462.0
1969-02-06,0.2169,0.2178,0.2163,0.2163,437645.0
1969-02-07,0.2163,0.2187,0.2132,0.2132,339552.0
1969-02-11,0.2132,0.2151,0.212,0.2129,784742.0
1969-02-12,0.2145,0.2169,0.2145,0.2154,339552.0
1969-02-13,0.2154,0.216,0.2145,0.216,347098.0
1969-02-14,0.216,0.2199,0.2151,0.2199,739469.0
1969-02-17,0.2193,0.2193,0.2151,0.2151,943200.0
1969-02-18,0.2145,0.2145,0.2099,0.2099,973382.0
1969-02-19,0.2099,0.2132,0.2077,0.2096,897926.0
1969-02-20,0.2099,0.2117,0.2099,0.2099,626285.0
1969-02-24,0.2096,0.2096,0.2065,0.2065,1660032.0
1969-02-25,0.2062,0.2062,0.2029,0.205,965837.0
1969-02-26,0.205,0.205,0.2035,0.2035,1116749.0
1969-02-27,0.2035,0.2047,0.202,0.2032,1524211.0
1969-02-28,0.2032,0.2047,0.2032,0.2035,905472.0
1969-03-03,0.204,0.204,0.2021,0.2028,1063930.0
1969-03-04,0.2034,0.2043,0.2034,0.204,1033747.0
1969-03-05,0.204,0.2046,0.2028,0.2034,1229933.0
1969-03-06,0.2034,0.2043,0.2034,0.2034,1222387.0
1969-03-07,0.2034,0.2046,0.2024,0.2046,513101.0
1969-03-10,0.2046,0.2064,0.2037,0.2064,633830.0
1969-03-11,0.2064,0.2064,0.2046,0.2061,996019.0
1969-03-12,0.2061,0.2064,0.2052,0.2052,769651.0
1969-03-13,0.2052,0.2067,0.2052,0.2061,747014.0
1969-03-14,0.207,0.208,0.207,0.2077,648922.0
1969-03-17,0.2077,0.2092,0.207,0.2092,1365754.0
1969-03-18,0.2116,0.2144,0.2116,0.2138,528192.0
1969-03-19,0.2138,0.2168,0.2138,0.2159,1222387.0
1969-03-20,0.2159,0.2181,0.2159,0.2171,830016.0
1969-03-21,0.2171,0.2193,0.2171,0.2178,852653.0
1969-03-24,0.2178,0.2202,0.215,0.2162,913018.0
1969-03-25,0.2162,0.2165,0.2107,0.211,2188224.0
1969-03-26,0.211,0.2116,0.2086,0.211,1388390.0
1969-03-27,0.2113,0.2141,0.2113,0.2135,1939219.0
1969-03-28,0.2138,0.2168,0.2138,0.2138,897926.0
1969-04-01,0.2135,0.2135,0.2113,0.2119,490464.0
1969-04-02,0.2119,0.2132,0.2095,0.2101,709286.0
1969-04-03,0.2101,0.2122,0.2095,0.211,633830.0
1969-04-07,0.211,0.2119,0.2095,0.2098,603648.0
1969-04-08,0.2098,0.2107,0.2095,0.2098,475373.0
1969-04-09,0.2101,0.2141,0.2101,0.2141,1079021.0
1969-04-10,0.2141,0.2175,0.2132,0.2175,867744.0
1969-04-11,0.2175,0.2181,0.2159,0.2171,739469.0
1969-04-14,0.2171,0.2202,0.2156,0.2159,565920.0
1969-04-15,0.2159,0.2159,0.2141,0.2147,316915.0
1969-04-16,0.2141,0.2141,0.2092,0.2104,513101.0
1969-04-17,0.2101,0.2101,0.2052,0.2052,769651.0
1969-04-18,0.2058,0.208,0.2058,0.2061,5659200.0
1969-04-21,0.2064,0.2073,0.2064,0.2064,1229933.0
1969-04-22,0.2064,0.2073,0.2058,0.2073,792288.0
1969-04-23,0.2073,0.208,0.2064,0.207,1252570.0
1969-04-24,0.2077,0.2126,0.2077,0.2126,1094112.0
1969-04-25,0.2119,0.2119,0.2098,0.2119,618739.0
1969-04-28,0.2119,0.2138,0.2113,0.2129,603648.0
1969-04-29,0.2129,0.2162,0.2122,0.2162,988474.0
1969-04-30,0.2175,0.2217,0.2175,0.2199,1388390.0
1969-05-01,0.2199,0.2205,0.2187,0.219,973382.0
1969-05-02,0.219,0.2199,0.2184,0.2193,528192.0
1969-05-05,0.2193,0.2202,0.2187,0.2196,1131840.0
1969-05-06,0.2196,0.2196,0.2187,0.2196,739469.0
1969-05-07,0.2196,0.2196,0.2184,0.2193,1101658.0
1969-05-08,0.2193,0.2202,0.2181,0.2202,996019.0
1969-05-09,0.2202,0.2224,0.2199,0.2205,1403482.0
1969-05-12,0.2205,0.2217,0.2199,0.2208,603648.0
1969-05-13,0.2211,0.226,0.2211,0.226,694195.0
1969-05-14,0.226,0.2285,0.226,0.2269,1018656.0
1969-05-15,0.2269,0.2276,0.2257,0.226,777197.0
1969-05-16,0.226,0.2266,0.2248,0.2248,996019.0
1969-05-19,0.2245,0.2245,0.222,0.2242,882835.0
1969-05-20,0.2236,0.2236,0.2211,0.2224,1826035.0
1969-05-21,0.2224,0.2248,0.2211,0.2242,648922.0
1969-05-22,0.2242,0.2254,0.223,0.223,460282.0
1969-05-23,0.223,0.2248,0.2214,0.2214,664013.0
1969-05-26,0.2214,0.2217,0.2199,0.2208,460282.0
1969-05-27,0.2211,0.223,0.2211,0.2227,354643.0
1969-05-28,0.2227,0.226,0.2227,0.226,460282.0
1969-05-29,0.226,0.2279,0.2254,0.2273,362189.0
1969-06-02,0.226,0.226,0.2242,0.2248,422554.0
1969-06-03,0.2259,0.2265,0.2228,0.2234,1826035.0
1969-06-04,0.2241,0.2262,0.2241,0.2256,279187.0
1969-06-05,0.2256,0.2333,0.2241,0.2284,1433664.0
1969-06-06,0.229,0.2314,0.229,0.2314,965837.0
1969-06-09,0.2302,0.2302,0.2271,0.2296,505555.0
1969-06-10,0.2296,0.2336,0.2281,0.2281,1041293.0
1969-06-11,0.2296,0.2314,0.2296,0.2302,1124294.0
1969-06-12,0.2296,0.2296,0.2265,0.2265,860198.0
1969-06-13,0.2265,0.2299,0.2256,0.229,1380845.0
1969-06-16,0.229,0.2293,0.2256,0.2256,1252570.0
1969-06-17,0.2241,0.2241,0.2219,0.2234,814925.0
1969-06-18,0.2234,0.2281,0.2231,0.2271,1079021.0
1969-06-19,0.2271,0.229,0.2265,0.2265,2407046.0
1969-06-20,0.2265,0.2321,0.2265,0.2308,1592122.0
1969-06-23,0.2308,0.2311,0.2293,0.2296,1335571.0
1969-06-24,0.2296,0.2302,0.2274,0.2296,928109.0
1969-06-25,0.2299,0.2318,0.2299,0.2302,913018.0
1969-06-26,0.2302,0.2302,0.2271,0.2302,973382.0
1969-06-27,0.2302,0.2321,0.2287,0.2287,460282.0
1969-06-30,0.2284,0.2284,0.2265,0.2281,279187.0
1969-07-01,0.2281,0.2296,0.2262,0.2296,1222387.0
1969-07-02,0.2296,0.233,0.2293,0.2327,2007130.0
1969-07-03,0.2327,0.2401,0.2321,0.2376,2603232.0
1969-07-07,0.2376,0.2407,0.2364,0.2364,731923.0
1969-07-08,0.2364,0.2367,0.2314,0.2318,1116749.0
1969-07-09,0.2318,0.2318,0.229,0.2293,498010.0
1969-07-10,0.2293,0.2302,0.2281,0.2296,822470.0
1969-07-11,0.2296,0.2358,0.2293,0.2351,1358208.0
1969-07-14,0.2351,0.2351,0.2296,0.2296,535738.0
1969-07-15,0.2296,0.2296,0.2262,0.229,2158042.0
1969-07-16,0.2314,0.2339,0.2314,0.233,1841126.0
1969-07-17,0.2339,0.2379,0.2339,0.237,1705306.0
1969-07-18,0.237,0.237,0.2318,0.2321,1086566.0
1969-07-22,0.2321,0.2351,0.2278,0.2284,1494029.0
1969-07-23,0.2278,0.2278,0.2231,0.2265,1826035.0
1969-07-24,0.2265,0.2271,0.2244,0.225,1358208.0
1969-07-25,0.225,0.2268,0.225,0.2253,897926.0
1969-07-28,0.2253,0.2259,0.2216,0.2216,852653.0
1969-07-29,0.2216,0.2222,0.217,0.2176,1758125.0
1969-07-30,0.2176,0.2204,0.2158,0.2185,1139386.0
1969-07-31,0.2188,0.2247,0.2188,0.2238,1003565.0
1969-08-01,0.2244,0.2302,0.2244,0.2287,1660032.0
1969-08-04,0.2287,0.2305,0.2265,0.2265,535738.0
1969-08-05,0.2265,0.2284,0.2259,0.2278,535738.0
1969-08-06,0.2278,0.2311,0.2271,0.2281,498010.0
1969-08-07,0.2281,0.2308,0.2271,0.2278,875290.0
1969-08-08,0.2278,0.2278,0.2268,0.2268,769651.0
1969-08-11,0.2268,0.2274,0.2265,0.2271,286733.0
1969-08-12,0.2271,0.2287,0.2253,0.2259,271642.0
1969-08-13,0.2259,0.2265,0.2241,0.2265,430099.0
1969-08-14,0.2274,0.2296,0.2274,0.2296,498010.0
1969-08-15,0.2296,0.2314,0.229,0.2314,460282.0
1969-08-18,0.2327,0.2361,0.2327,0.2358,596102.0
1969-08-19,0.2358,0.2407,0.2358,0.2382,1516666.0
1969-08-20,0.2382,0.2391,0.237,0.2382,867744.0
1969-08-21,0.2382,0.2401,0.2376,0.2401,777197.0
1969-08-22,0.2401,0.241,0.2398,0.2401,618739.0
1969-08-25,0.2388,0.2388,0.2358,0.2364,520646.0
1969-08-26,0.2351,0.2351,0.2314,0.2327,437645.0
1969-08-27,0.2364,0.2395,0.2364,0.2395,641376.0
1969-08-28,0.2395,0.2419,0.2364,0.2395,822470.0
1969-08-29,0.2388,0.2388,0.2364,0.2364,452736.0
1969-09-02,0.2375,0.2375,0.2359,0.2372,467827.0
1969-09-03,0.2372,0.2378,0.2356,0.2363,233914.0
1969-09-04,0.2363,0.2363,0.2325,0.2325,573466.0
1969-09-05,0.2325,0.2325,0.2301,0.2319,814925.0
1969-09-08,0.231,0.231,0.226,0.227,807379.0
1969-09-09,0.227,0.2298,0.226,0.2298,588557.0
1969-09-10,0.2307,0.235,0.2307,0.235,1184659.0
1969-09-11,0.235,0.2363,0.2325,0.2325,565920.0
1969-09-12,0.2332,0.235,0.2332,0.2338,656467.0
1969-09-15,0.2338,0.2375,0.2335,0.2375,860198.0
1969-09-16,0.2375,0.24,0.2363,0.2375,656467.0
1969-09-17,0.2381,0.24,0.2381,0.2381,445190.0
1969-09-18,0.2381,0.2393,0.2363,0.2381,2806963.0
1969-09-19,0.2381,0.239,0.2375,0.239,618739.0
1969-09-22,0.239,0.2397,0.2375,0.2397,347098.0
1969-09-23,0.2397,0.2418,0.2393,0.2415,1727942.0
1969-09-24,0.2415,0.2418,0.2403,0.2412,867744.0
1969-09-25,0.2412,0.2418,0.2409,0.2415,324461.0
1969-09-26,0.2415,0.2415,0.239,0.239,543283.0
1969-09-29,0.239,0.2397,0.2328,0.2347,769651.0
1969-09-30,0.2347,0.2356,0.2338,0.2347,573466.0
1969-10-01,0.2347,0.2347,0.2325,0.2325,701741.0
1969-10-02,0.2325,0.2341,0.2313,0.2341,769651.0
1969-10-03,0.2341,0.2347,0.2316,0.2332,686650.0
1969-10-06,0.2332,0.2344,0.2322,0.2344,422554.0
1969-10-07,0.2344,0.2375,0.2338,0.2375,867744.0
1969-10-08,0.2375,0.2375,0.2366,0.2375,845107.0
1969-10-09,0.2375,0.2412,0.2369,0.2406,724378.0
1969-10-10,0.2415,0.2449,0.2415,0.2449,1735488.0
1969-10-13,0.2449,0.2471,0.2449,0.2471,1139386.0
1969-10-14,0.2474,0.2548,0.2474,0.2548,1803398.0
1969-10-15,0.2548,0.256,0.2517,0.252,1214842.0
1969-10-16,0.2523,0.2585,0.2523,0.2548,1893946.0
1969-10-17,0.2548,0.2573,0.2542,0.2542,1267661.0
1969-10-20,0.2542,0.2545,0.2523,0.2536,264096.0
1969-10-21,0.2548,0.2622,0.2548,0.261,1335571.0
1969-10-22,0.2641,0.269,0.2641,0.2647,1305389.0
1969-10-23,0.2635,0.2635,0.256,0.2625,1041293.0
1969-10-24,0.2647,0.2678,0.2647,0.2672,1116749.0
1969-10-27,0.2672,0.2703,0.2628,0.2669,830016.0
1969-10-28,0.2669,0.2681,0.2647,0.2681,347098.0
1969-10-29,0.2672,0.2672,0.2598,0.2619,505555.0
1969-10-30,0.2619,0.2635,0.256,0.2628,2474957.0
1969-10-31,0.2628,0.2647,0.2591,0.2598,1592122.0
1969-11-03,0.2585,0.2585,0.2564,0.2573,965837.0
1969-11-04,0.2573,0.2573,0.2542,0.2573,1116749.0
1969-11-05,0.2573,0.2598,0.2573,0.2588,641376.0
1969-11-06,0.2598,0.2628,0.2598,0.2628,1328026.0
1969-11-07,0.2647,0.2696,0.2647,0.2681,1267661.0
1969-11-10,0.269,0.2706,0.269,0.269,867744.0
1969-11-11,0.269,0.2703,0.269,0.269,686650.0
1969-11-12,0.269,0.2696,0.2672,0.2672,1139386.0
1969-11-13,0.2672,0.2678,0.2647,0.2653,249005.0
1969-11-14,0.2653,0.2672,0.2647,0.2666,581011.0
1969-11-17,0.2666,0.2678,0.2653,0.2653,1154477.0
1969-11-18,0.2653,0.2669,0.2647,0.2653,490464.0
1969-11-19,0.2653,0.2669,0.2653,0.2666,309370.0
1969-11-20,0.2666,0.2672,0.2622,0.2653,980928.0
1969-11-21,0.2653,0.2666,0.2632,0.2641,807379.0
1969-11-24,0.2632,0.2632,0.2529,0.2529,1614758.0
1969-11-25,0.2529,0.2554,0.2505,0.2542,1705306.0
1969-11-26,0.2542,0.2573,0.2542,0.2567,814925.0
1969-11-28,0.261,0.2647,0.261,0.2647,716832.0
1969-12-01,0.2664,0.2689,0.2655,0.2664,648922.0
1969-12-02,0.2664,0.2714,0.2652,0.2714,588557.0
1969-12-03,0.2714,0.2717,0.2705,0.2705,837562.0
1969-12-04,0.2702,0.2702,0.2633,0.2689,845107.0
1969-12-05,0.2692,0.2739,0.2692,0.2692,1622304.0
1969-12-08,0.2692,0.2727,0.268,0.2683,905472.0
1969-12-09,0.2683,0.2714,0.2683,0.2699,3304973.0
1969-12-10,0.2696,0.2696,0.2664,0.2689,973382.0
1969-12-11,0.2689,0.2708,0.2658,0.2671,671558.0
1969-12-12,0.2671,0.2692,0.2658,0.2671,618739.0
1969-12-15,0.2671,0.2696,0.2671,0.2696,777197.0
1969-12-16,0.2696,0.2714,0.2696,0.2705,807379.0
1969-12-17,0.2705,0.2714,0.2696,0.2696,1561939.0
1969-12-18,0.2727,0.287,0.2727,0.2789,1660032.0
1969-12-19,0.2801,0.2851,0.2801,0.2808,1554394.0
1969-12-22,0.2808,0.2826,0.2745,0.2808,867744.0
1969-12-23,0.2798,0.2798,0.2764,0.278,482918.0
1969-12-24,0.278,0.2798,0.2776,0.2795,339552.0
1969-12-26,0.2801,0.2836,0.2801,0.2836,113184.0
1969-12-29,0.2836,0.2839,0.2829,0.2839,467827.0
1969-12-30,0.2839,0.2851,0.2808,0.282,513101.0
1969-12-31,0.282,0.2826,0.2808,0.2814,882835.0
1970-01-02,0.2808,0.2808,0.2764,0.277,498010.0
1970-01-05,0.277,0.2789,0.2745,0.2755,701741.0
1970-01-06,0.2755,0.2776,0.2739,0.2776,596102.0
1970-01-07,0.2776,0.2801,0.2745,0.2752,935654.0
1970-01-08,0.2758,0.2789,0.2758,0.277,520646.0
1970-01-09,0.277,0.2795,0.2739,0.2764,1712851.0
1970-01-12,0.2764,0.278,0.2752,0.2764,679104.0
1970-01-13,0.2764,0.277,0.2727,0.2758,1214842.0
1970-01-14,0.2752,0.2752,0.272,0.2752,550829.0
1970-01-15,0.2752,0.2776,0.2727,0.2739,1109203.0
1970-01-16,0.2739,0.277,0.2714,0.2739,1803398.0
1970-01-19,0.2727,0.2727,0.2689,0.2702,3259699.0
1970-01-20,0.2702,0.272,0.2696,0.272,913018.0
1970-01-21,0.272,0.2748,0.2714,0.2739,1094112.0
1970-01-22,0.2727,0.2727,0.2702,0.2727,830016.0
1970-01-23,0.2727,0.2748,0.2702,0.2714,1018656.0
1970-01-26,0.2689,0.2689,0.2602,0.2602,1312934.0
1970-01-27,0.2602,0.2627,0.2571,0.2615,1682669.0
1970-01-28,0.2602,0.2602,0.2565,0.2571,958291.0
1970-01-29,0.2571,0.2583,0.2465,0.254,1275206.0
1970-01-30,0.254,0.2608,0.2515,0.2515,1524211.0
1970-02-02,0.254,0.2562,0.254,0.2552,852653.0
1970-02-03,0.2583,0.2727,0.2583,0.2727,2286317.0
1970-02-04,0.2714,0.2714,0.2615,0.2652,1546848.0
1970-02-05,0.2664,0.2686,0.2664,0.2683,513101.0
1970-02-06,0.2683,0.2686,0.2633,0.2652,316915.0
1970-02-09,0.2671,0.2702,0.2671,0.2689,822470.0
1970-02-10,0.2689,0.2714,0.2671,0.2677,460282.0
1970-02-11,0.2677,0.2689,0.2664,0.2689,384826.0
1970-02-12,0.2702,0.2733,0.2702,0.2708,618739.0
1970-02-13,0.272,0.2739,0.272,0.2733,626285.0
1970-02-16,0.2733,0.277,0.2733,0.2748,731923.0
1970-02-17,0.2748,0.2761,0.273,0.2742,1720397.0
1970-02-18,0.2727,0.2727,0.2683,0.2699,1795853.0
1970-02-19,0.2699,0.2708,0.268,0.2702,965837.0
1970-02-20,0.2702,0.2739,0.2689,0.2733,1335571.0
1970-02-24,0.2745,0.2789,0.2745,0.278,807379.0
1970-02-25,0.278,0.2795,0.2752,0.2795,1411027.0
1970-02-26,0.2795,0.2798,0.2727,0.2727,2127859.0
1970-02-27,0.2727,0.2727,0.2658,0.2714,1516666.0
1970-03-02,0.2714,0.2733,0.2658,0.2677,611194.0
1970-03-03,0.2677,0.2696,0.2652,0.2683,1350662.0
1970-03-04,0.2683,0.2702,0.2671,0.2671,830016.0
1970-03-05,0.2671,0.2689,0.2646,0.2646,558374.0
1970-03-06,0.2652,0.2664,0.2652,0.2655,452736.0
1970-03-09,0.2646,0.2646,0.2621,0.2633,701741.0
1970-03-10,0.2633,0.2652,0.254,0.2602,1252570.0
1970-03-11,0.2602,0.2602,0.2565,0.259,1026202.0
1970-03-12,0.2577,0.2577,0.2503,0.254,1403482.0
1970-03-13,0.2481,0.2481,0.2431,0.2453,3463430.0
1970-03-16,0.2447,0.2447,0.2419,0.2422,1788307.0
1970-03-17,0.2422,0.244,0.2419,0.244,1146931.0
1970-03-18,0.2459,0.2521,0.2459,0.2521,1531757.0
1970-03-19,0.2521,0.2552,0.249,0.2521,1275206.0
1970-03-20,0.2521,0.2537,0.2419,0.2459,1335571.0
1970-03-23,0.2459,0.2475,0.2422,0.2475,505555.0
1970-03-24,0.2496,0.2552,0.2496,0.2515,1592122.0
1970-03-25,0.2534,0.2627,0.2534,0.259,1139386.0
1970-03-26,0.259,0.2599,0.2571,0.259,1101658.0
1970-03-30,0.259,0.2615,0.2571,0.258,565920.0
1970-03-31,0.2559,0.2559,0.2524,0.254,1192205.0
1970-04-01,0.254,0.2577,0.254,0.2546,1003565.0
1970-04-02,0.2546,0.2549,0.2527,0.2537,528192.0
1970-04-03,0.2537,0.2537,0.2484,0.249,1139386.0
1970-04-06,0.249,0.2515,0.2478,0.2478,747014.0
1970-04-07,0.2478,0.2487,0.2459,0.2487,739469.0
1970-04-08,0.2487,0.2546,0.2487,0.2546,716832.0
1970-04-09,0.2546,0.259,0.249,0.2496,3101242.0
1970-04-10,0.2496,0.2509,0.2487,0.2493,913018.0
1970-04-13,0.2493,0.2496,0.244,0.2459,1033747.0
1970-04-14,0.2459,0.2478,0.2409,0.2465,1652486.0
1970-04-15,0.2465,0.2546,0.2465,0.2478,837562.0
1970-04-16,0.2478,0.249,0.2431,0.244,1335571.0
1970-04-17,0.2425,0.2425,0.2384,0.2403,1667578.0
1970-04-20,0.2403,0.244,0.2391,0.2415,799834.0
1970-04-21,0.2415,0.2478,0.2372,0.2403,1154477.0
1970-04-22,0.2403,0.2428,0.2366,0.2378,1094112.0
1970-04-23,0.2366,0.2366,0.2294,0.2306,1743034.0
1970-04-24,0.2316,0.2338,0.2316,0.2325,1222387.0
1970-04-27,0.2325,0.2353,0.2325,0.2341,701741.0
1970-04-28,0.2341,0.2363,0.2316,0.2322,1697760.0
1970-04-29,0.2322,0.2384,0.2303,0.2366,2293862.0
1970-04-30,0.2366,0.2375,0.2334,0.2347,1735488.0
1970-05-01,0.2347,0.2353,0.2328,0.2344,1131840.0
1970-05-04,0.2328,0.2328,0.2266,0.2297,2822054.0
1970-05-05,0.2297,0.2303,0.2257,0.2288,1924128.0
1970-05-06,0.2288,0.2334,0.2272,0.2291,1388390.0
1970-05-07,0.2291,0.2319,0.2266,0.2291,739469.0
1970-05-08,0.2291,0.2313,0.2269,0.2278,1252570.0
1970-05-11,0.2278,0.23,0.2278,0.2282,581011.0
1970-05-12,0.2282,0.2316,0.2282,0.2285,1418573.0
1970-05-13,0.226,0.226,0.2241,0.226,1961856.0
1970-05-14,0.226,0.2266,0.2198,0.2238,1365754.0
1970-05-15,0.2238,0.2263,0.2216,0.2263,1720397.0
1970-05-18,0.2263,0.2263,0.2247,0.226,2127859.0
1970-05-19,0.226,0.2275,0.2219,0.2219,664013.0
1970-05-20,0.2216,0.2216,0.2166,0.2166,852653.0
1970-05-21,0.2166,0.2166,0.2067,0.2079,4014259.0
1970-05-22,0.2079,0.211,0.2048,0.2073,2105222.0
1970-05-25,0.2073,0.2085,0.2042,0.2057,1116749.0
1970-05-26,0.2051,0.2051,0.1961,0.1961,6104390.0
1970-05-27,0.1961,0.2042,0.1961,0.2042,2459866.0
1970-05-28,0.2054,0.2107,0.2054,0.2098,1765670.0
1970-05-29,0.2098,0.2117,0.2082,0.2092,2595686.0
1970-06-01,0.2104,0.2138,0.2104,0.2135,1124294.0
1970-06-02,0.2154,0.2179,0.2154,0.2179,1154477.0
1970-06-03,0.2179,0.2214,0.2179,0.2214,1018656.0
1970-06-04,0.2214,0.2229,0.2179,0.2179,1939219.0
1970-06-05,0.2179,0.2189,0.2129,0.217,1750579.0
1970-06-08,0.217,0.2217,0.2154,0.2204,1003565.0
1970-06-09,0.2204,0.2235,0.2204,0.2229,792288.0
1970-06-10,0.2229,0.2242,0.2192,0.2214,1018656.0
1970-06-11,0.2214,0.2214,0.216,0.2163,1011110.0
1970-06-12,0.2163,0.2176,0.2154,0.2163,920563.0
1970-06-15,0.2163,0.221,0.2157,0.2195,784742.0
1970-06-16,0.2198,0.2264,0.2198,0.2264,905472.0
1970-06-17,0.2264,0.2292,0.2261,0.227,1773216.0
1970-06-18,0.227,0.2301,0.2261,0.2298,664013.0
1970-06-19,0.2298,0.2314,0.2292,0.2314,1116749.0
1970-06-22,0.2314,0.2317,0.2301,0.2317,739469.0
1970-06-23,0.2307,0.2307,0.2204,0.2214,882835.0
1970-06-24,0.2214,0.2214,0.2195,0.2201,1901491.0
1970-06-25,0.2201,0.221,0.2195,0.2201,671558.0
1970-06-26,0.2201,0.2201,0.2167,0.2167,958291.0
1970-06-29,0.2167,0.2167,0.2135,0.2148,852653.0
1970-06-30,0.216,0.2192,0.216,0.2182,747014.0
1970-07-01,0.2182,0.2204,0.2173,0.2204,784742.0
1970-07-02,0.2204,0.2242,0.2179,0.2179,1863763.0
1970-07-06,0.2179,0.2198,0.2148,0.2151,1003565.0
1970-07-07,0.2151,0.2176,0.2126,0.2167,1388390.0
1970-07-08,0.2167,0.2195,0.2148,0.2185,1403482.0
1970-07-09,0.2198,0.2217,0.2198,0.2207,1841126.0
1970-07-10,0.2207,0.2239,0.2198,0.2226,1139386.0
1970-07-13,0.2226,0.2235,0.2217,0.2229,1418573.0
1970-07-14,0.2229,0.2242,0.2217,0.2229,1743034.0
1970-07-15,0.2229,0.2239,0.2223,0.2235,807379.0
1970-07-16,0.2235,0.2254,0.2235,0.2254,513101.0
1970-07-17,0.2254,0.2326,0.2251,0.2326,1079021.0
1970-07-20,0.2326,0.2367,0.2323,0.2329,535738.0
1970-07-21,0.2329,0.2342,0.2307,0.2317,860198.0
1970-07-22,0.2314,0.2314,0.2279,0.2292,1109203.0
1970-07-23,0.2292,0.2311,0.2254,0.2292,1426118.0
1970-07-24,0.2292,0.2304,0.2286,0.2304,415008.0
1970-07-27,0.2304,0.2314,0.2292,0.2304,437645.0
1970-07-28,0.2298,0.2298,0.2279,0.2282,430099.0
1970-07-29,0.2254,0.2254,0.2079,0.2091,9628186.0
1970-07-30,0.2091,0.2098,0.1982,0.2063,14751648.0
1970-07-31,0.2063,0.2079,0.2016,0.2029,4082170.0
1970-08-03,0.2029,0.206,0.2004,0.201,5198918.0
1970-08-04,0.207,0.2104,0.207,0.2088,7024954.0
1970-08-05,0.2088,0.2104,0.2079,0.2085,2799418.0
1970-08-06,0.2085,0.2091,0.2073,0.2079,2127859.0
1970-08-07,0.2079,0.2085,0.2029,0.2029,1411027.0
1970-08-10,0.2029,0.2041,0.2004,0.2013,716832.0
1970-08-11,0.2013,0.2019,0.1979,0.1979,2067494.0
1970-08-12,0.1979,0.1979,0.1941,0.1941,2286317.0
1970-08-13,0.1941,0.1941,0.1841,0.1857,3191789.0
1970-08-14,0.1857,0.1891,0.1857,0.1875,1139386.0
1970-08-17,0.1879,0.1938,0.1879,0.1938,1169568.0
1970-08-18,0.1954,0.1991,0.1954,0.1966,777197.0
1970-08-19,0.1966,0.1998,0.1941,0.1947,1056384.0
1970-08-20,0.1944,0.1944,0.1894,0.1944,920563.0
1970-08-21,0.1944,0.1972,0.1916,0.1972,1509120.0
1970-08-24,0.1972,0.1998,0.196,0.1985,1946765.0
1970-08-25,0.1985,0.2016,0.1985,0.2004,1335571.0
1970-08-26,0.2004,0.2016,0.2004,0.2004,996019.0
1970-08-27,0.2004,0.2016,0.1991,0.1998,1554394.0
1970-08-28,0.1998,0.2001,0.1972,0.1976,505555.0
1970-08-31,0.1976,0.2004,0.1969,0.2004,958291.0
1970-09-01,0.2004,0.2004,0.1985,0.1991,1003565.0
1970-09-02,0.2004,0.2023,0.2001,0.2023,596102.0
1970-09-03,0.2029,0.2086,0.2029,0.2079,1478938.0
1970-09-04,0.2079,0.2111,0.2067,0.2105,2731507.0
1970-09-08,0.2105,0.2117,0.2095,0.2105,867744.0
1970-09-09,0.2105,0.2114,0.2067,0.2067,1637395.0
1970-09-10,0.2067,0.2092,0.2057,0.2089,1079021.0
1970-09-11,0.2095,0.2108,0.2095,0.2102,709286.0
1970-09-14,0.2102,0.2114,0.2092,0.2105,845107.0
1970-09-15,0.2105,0.2105,0.2061,0.2061,3003149.0
1970-09-16,0.2061,0.2117,0.2057,0.2117,897926.0
1970-09-17,0.212,0.2139,0.212,0.2127,1607213.0
1970-09-18,0.2127,0.2142,0.212,0.2142,1245024.0
1970-09-21,0.2142,0.2146,0.2111,0.2133,882835.0
1970-09-22,0.2133,0.2165,0.2133,0.2161,897926.0
1970-09-23,0.2161,0.2218,0.2149,0.2212,1154477.0
1970-09-24,0.2212,0.2256,0.2161,0.2202,1818490.0
1970-09-25,0.2202,0.2218,0.2174,0.2199,1418573.0
1970-09-28,0.2199,0.2209,0.2193,0.2206,852653.0
1970-09-29,0.2206,0.2224,0.218,0.219,4172717.0
1970-09-30,0.2206,0.2231,0.2206,0.2231,1599667.0
1970-10-01,0.2231,0.2234,0.2193,0.2206,1539302.0
1970-10-02,0.2209,0.2237,0.2209,0.2237,1863763.0
1970-10-05,0.2237,0.2253,0.2231,0.2253,2082586.0
1970-10-06,0.2262,0.2294,0.2262,0.2287,1720397.0
1970-10-07,0.2287,0.2291,0.2256,0.2287,1395936.0
1970-10-08,0.2284,0.2284,0.2265,0.2269,1229933.0
1970-10-09,0.2269,0.2269,0.2243,0.2269,762106.0
1970-10-12,0.2259,0.2259,0.2193,0.2206,1199750.0
1970-10-13,0.2206,0.2215,0.2202,0.2209,603648.0
1970-10-14,0.2209,0.2212,0.218,0.2193,769651.0
1970-10-15,0.2193,0.2212,0.2193,0.2199,860198.0
1970-10-16,0.219,0.219,0.2168,0.2168,664013.0
1970-10-19,0.2168,0.218,0.2165,0.218,2218406.0
1970-10-20,0.218,0.2187,0.2168,0.2183,920563.0
1970-10-21,0.2206,0.2243,0.2206,0.2231,1282752.0
1970-10-22,0.2231,0.224,0.2168,0.2187,3357792.0
1970-10-23,0.2187,0.2212,0.2187,0.2212,467827.0
1970-10-26,0.2212,0.2218,0.2199,0.2199,1124294.0
1970-10-27,0.219,0.219,0.2168,0.2183,1056384.0
1970-10-28,0.2183,0.2193,0.2161,0.2183,716832.0
1970-10-29,0.2183,0.2206,0.2177,0.2196,1192205.0
1970-10-30,0.2196,0.2206,0.219,0.2206,890381.0
1970-11-02,0.2206,0.2231,0.2206,0.2218,588557.0
1970-11-03,0.2224,0.225,0.2224,0.2243,256550.0
1970-11-04,0.2243,0.2269,0.2243,0.2256,1199750.0
1970-11-05,0.2256,0.2281,0.224,0.2269,950746.0
1970-11-06,0.2269,0.2281,0.2265,0.2275,814925.0
1970-11-09,0.2275,0.2287,0.2256,0.2281,1041293.0
1970-11-10,0.2269,0.2269,0.2243,0.2269,1773216.0
1970-11-11,0.2269,0.2272,0.2243,0.2256,347098.0
1970-11-12,0.2256,0.2265,0.2237,0.2243,792288.0
1970-11-13,0.224,0.224,0.2212,0.2228,1184659.0
1970-11-16,0.2228,0.2237,0.2221,0.2237,905472.0
1970-11-17,0.2237,0.225,0.2234,0.2237,618739.0
1970-11-18,0.2237,0.2243,0.2224,0.2228,1056384.0
1970-11-19,0.2228,0.2228,0.2212,0.2228,988474.0
1970-11-20,0.2221,0.2221,0.2187,0.2218,1041293.0
1970-11-23,0.2218,0.2221,0.2199,0.2218,686650.0
1970-11-24,0.2218,0.2231,0.2206,0.2224,1071475.0
1970-11-25,0.2224,0.2228,0.2212,0.2218,1237478.0
1970-11-27,0.2218,0.2218,0.2209,0.2218,596102.0
1970-11-30,0.2218,0.2237,0.2218,0.2231,1026202.0
1970-12-01,0.2245,0.2251,0.2229,0.2235,1184659.0
1970-12-02,0.2235,0.2245,0.2229,0.2245,1448755.0
1970-12-03,0.2257,0.2292,0.2257,0.2292,2256134.0
1970-12-04,0.2292,0.234,0.2292,0.233,3108787.0
1970-12-07,0.233,0.2356,0.2327,0.2327,1878854.0
1970-12-08,0.2327,0.2384,0.2324,0.2384,2361773.0
1970-12-09,0.2384,0.241,0.2365,0.2387,1124294.0
1970-12-10,0.2384,0.2384,0.2368,0.2375,550829.0
1970-12-11,0.2375,0.2397,0.2375,0.2384,1245024.0
1970-12-14,0.2384,0.2384,0.2352,0.2362,1494029.0
1970-12-15,0.2362,0.2371,0.2352,0.2359,1071475.0
1970-12-16,0.2359,0.2362,0.2346,0.2356,890381.0
1970-12-17,0.2356,0.2378,0.2352,0.2378,709286.0
1970-12-18,0.2378,0.2406,0.2352,0.2359,1448755.0
1970-12-21,0.2359,0.2368,0.2346,0.2359,762106.0
1970-12-22,0.2359,0.2371,0.234,0.2356,1486483.0
1970-12-23,0.2356,0.2368,0.2352,0.2359,1229933.0
1970-12-24,0.2359,0.2378,0.2359,0.2362,784742.0
1970-12-28,0.2362,0.2384,0.2362,0.2381,1222387.0
1970-12-29,0.2397,0.2425,0.2397,0.2416,709286.0
1970-12-30,0.2416,0.247,0.2416,0.247,913018.0
1970-12-31,0.247,0.2511,0.2467,0.2511,996019.0
1971-01-04,0.246,0.246,0.2403,0.241,1328026.0
1971-01-05,0.241,0.2419,0.2403,0.241,445190.0
1971-01-06,0.241,0.2413,0.2403,0.241,1079021.0
1971-01-07,0.241,0.2419,0.2397,0.2413,731923.0
1971-01-08,0.2413,0.2413,0.2394,0.241,1546848.0
1971-01-11,0.241,0.2413,0.2397,0.2413,664013.0
1971-01-12,0.2413,0.2429,0.2413,0.2429,1222387.0
1971-01-13,0.2429,0.2435,0.2422,0.2429,1048838.0
1971-01-14,0.2429,0.2441,0.2416,0.2441,505555.0
1971-01-15,0.2444,0.2486,0.2444,0.247,1245024.0
1971-01-18,0.247,0.2479,0.2438,0.2438,4316083.0
1971-01-19,0.2438,0.246,0.2419,0.2448,747014.0
1971-01-20,0.2448,0.2467,0.2444,0.2467,452736.0
1971-01-21,0.2467,0.2492,0.2463,0.2486,1245024.0
1971-01-22,0.2492,0.2508,0.2492,0.2498,1350662.0
1971-01-25,0.2498,0.2508,0.2467,0.2479,1577030.0
1971-01-26,0.2479,0.2486,0.246,0.2479,3946349.0
1971-01-27,0.246,0.246,0.2416,0.2441,1478938.0
1971-01-28,0.2441,0.2467,0.2429,0.2435,792288.0
1971-01-29,0.2432,0.2432,0.2397,0.2416,1478938.0
1971-02-01,0.2416,0.2435,0.2403,0.241,2414592.0
1971-02-02,0.2422,0.2454,0.2422,0.2448,860198.0
1971-02-03,0.2441,0.2441,0.2425,0.2435,777197.0
1971-02-04,0.2435,0.2467,0.2435,0.2467,1237478.0
1971-02-05,0.2467,0.2492,0.246,0.2479,1403482.0
1971-02-08,0.2479,0.2482,0.246,0.2473,814925.0
1971-02-09,0.2473,0.2498,0.247,0.2486,2429683.0
1971-02-10,0.2492,0.254,0.2492,0.254,1305389.0
1971-02-11,0.254,0.2552,0.2524,0.2536,890381.0
1971-02-12,0.2536,0.2536,0.2498,0.2511,596102.0
1971-02-16,0.2511,0.253,0.2473,0.2486,1373299.0
1971-02-17,0.2486,0.2508,0.2486,0.2492,769651.0
1971-02-18,0.2492,0.2505,0.2482,0.2495,3161606.0
1971-02-19,0.2495,0.2495,0.246,0.2463,543283.0
1971-02-22,0.2463,0.2463,0.2419,0.2419,1471392.0
1971-02-23,0.2419,0.2441,0.2403,0.2441,1267661.0
1971-02-24,0.2441,0.2444,0.2397,0.2416,1531757.0
1971-02-25,0.2416,0.2441,0.241,0.2441,1976947.0
1971-02-26,0.2441,0.2441,0.2422,0.2441,1501574.0
1971-03-01,0.2441,0.2451,0.2429,0.2444,1048838.0
1971-03-02,0.2458,0.2458,0.243,0.2436,1056384.0
1971-03-03,0.2436,0.2449,0.2423,0.243,2052403.0
1971-03-04,0.2433,0.2442,0.2433,0.2442,1290298.0
1971-03-05,0.2442,0.2455,0.2436,0.2436,2142950.0
1971-03-08,0.2436,0.2465,0.2423,0.2433,2663597.0
1971-03-09,0.2433,0.2436,0.2423,0.2423,1569485.0
1971-03-10,0.2423,0.2442,0.2423,0.2423,958291.0
1971-03-11,0.2423,0.2446,0.2411,0.243,1712851.0
1971-03-12,0.2433,0.2446,0.2433,0.2446,973382.0
1971-03-15,0.2446,0.2487,0.2446,0.2487,2588141.0
1971-03-16,0.2506,0.2548,0.2506,0.2525,2754144.0
1971-03-17,0.2525,0.2545,0.2519,0.2532,784742.0
1971-03-18,0.2532,0.2545,0.2519,0.2545,1086566.0
1971-03-19,0.2545,0.2548,0.2525,0.2535,1380845.0
1971-03-22,0.2535,0.2554,0.2535,0.2554,754560.0
1971-03-23,0.2554,0.2567,0.2541,0.2551,1365754.0
1971-03-24,0.2551,0.2551,0.2513,0.2532,1448755.0
1971-03-25,0.2532,0.2538,0.2506,0.2522,1448755.0
1971-03-26,0.2522,0.2525,0.2474,0.25,1048838.0
1971-03-29,0.25,0.2516,0.25,0.2516,1275206.0
1971-03-30,0.2522,0.2583,0.2522,0.2576,1199750.0
1971-03-31,0.2576,0.2589,0.2551,0.2554,1048838.0
1971-04-01,0.2554,0.2576,0.2548,0.2567,807379.0
1971-04-02,0.2567,0.2589,0.2564,0.2589,5229101.0
1971-04-05,0.2589,0.2634,0.2567,0.2576,1426118.0
1971-04-06,0.2576,0.2602,0.2557,0.2583,762106.0
1971-04-07,0.2583,0.2596,0.2551,0.256,2120314.0
1971-04-08,0.2554,0.2554,0.25,0.2532,1018656.0
1971-04-12,0.2532,0.2557,0.2532,0.2551,1245024.0
1971-04-13,0.2551,0.2573,0.2551,0.2573,686650.0
1971-04-14,0.2573,0.2615,0.2564,0.2608,1048838.0
1971-04-15,0.2608,0.2618,0.257,0.257,1426118.0
1971-04-16,0.257,0.2599,0.2551,0.2586,1071475.0
1971-04-19,0.2596,0.2602,0.2596,0.2602,1184659.0
1971-04-20,0.2602,0.2608,0.2564,0.2567,890381.0
1971-04-21,0.2567,0.2576,0.2557,0.257,1350662.0
1971-04-22,0.257,0.257,0.2551,0.2567,897926.0
1971-04-23,0.2567,0.257,0.2538,0.2548,2256134.0
1971-04-26,0.2548,0.2564,0.2525,0.2538,1335571.0
1971-04-27,0.2538,0.2596,0.2532,0.2589,814925.0
1971-04-28,0.2589,0.264,0.257,0.2589,1531757.0
1971-04-29,0.2589,0.2627,0.2554,0.2627,1162022.0
1971-04-30,0.2627,0.2666,0.2627,0.2647,1411027.0
1971-05-03,0.2647,0.271,0.2647,0.2698,1109203.0
1971-05-04,0.2723,0.2755,0.2723,0.2749,943200.0
1971-05-05,0.2749,0.2749,0.2723,0.2749,784742.0
1971-05-06,0.2755,0.2819,0.2755,0.2803,2550413.0
1971-05-07,0.2803,0.2816,0.2787,0.2787,980928.0
1971-05-10,0.2787,0.2803,0.2742,0.2787,1546848.0
1971-05-11,0.2793,0.2819,0.2793,0.2806,1282752.0
1971-05-12,0.2806,0.2816,0.2787,0.2812,769651.0
1971-05-13,0.2812,0.2812,0.2787,0.279,422554.0
1971-05-14,0.279,0.2806,0.2774,0.2774,716832.0
1971-05-17,0.2755,0.2755,0.271,0.2717,1041293.0
1971-05-18,0.2717,0.2726,0.2698,0.2704,339552.0
1971-05-19,0.2717,0.2755,0.2717,0.2736,1252570.0
1971-05-20,0.2736,0.2761,0.2723,0.2729,1577030.0
1971-05-21,0.2729,0.2749,0.2704,0.271,769651.0
1971-05-24,0.271,0.2717,0.2678,0.2685,437645.0
1971-05-25,0.2666,0.2666,0.264,0.2653,852653.0
1971-05-26,0.2653,0.2672,0.264,0.2647,1003565.0
1971-05-27,0.2647,0.2653,0.2634,0.2643,573466.0
1971-05-28,0.2647,0.2659,0.2647,0.2653,264096.0
1971-06-01,0.2653,0.2666,0.2643,0.2647,430099.0
1971-06-02,0.265,0.2666,0.265,0.2666,581011.0
1971-06-03,0.2666,0.2704,0.2666,0.2694,890381.0
1971-06-04,0.2694,0.2704,0.2685,0.2685,671558.0
1971-06-07,0.2699,0.2718,0.2686,0.2705,618739.0
1971-06-08,0.2705,0.2712,0.2683,0.2686,739469.0
1971-06-09,0.2686,0.2689,0.2673,0.2673,377280.0
1971-06-10,0.2673,0.2686,0.2654,0.266,467827.0
1971-06-11,0.2654,0.2654,0.2641,0.2648,1071475.0
1971-06-14,0.2648,0.2654,0.2635,0.2641,490464.0
1971-06-15,0.2641,0.2648,0.2628,0.2641,1275206.0
1971-06-16,0.2641,0.2648,0.2616,0.2635,641376.0
1971-06-17,0.2635,0.2635,0.2609,0.2622,762106.0
1971-06-18,0.2622,0.2628,0.2584,0.259,1214842.0
1971-06-21,0.259,0.259,0.2545,0.259,1282752.0
1971-06-22,0.259,0.2603,0.2558,0.259,814925.0
1971-06-23,0.259,0.2628,0.2577,0.2628,762106.0
1971-06-24,0.2628,0.2632,0.2577,0.2584,920563.0
1971-06-25,0.2584,0.2609,0.2584,0.26,1109203.0
1971-06-28,0.2596,0.2596,0.2558,0.2558,1116749.0
1971-06-29,0.2571,0.259,0.2571,0.2584,1207296.0
1971-06-30,0.2584,0.2616,0.2584,0.2612,1109203.0
1971-07-01,0.2609,0.2609,0.2596,0.2596,1214842.0
1971-07-02,0.2577,0.2577,0.2558,0.2564,618739.0
1971-07-06,0.2561,0.2561,0.2545,0.2548,777197.0
1971-07-07,0.2577,0.2603,0.2577,0.2603,2112768.0
1971-07-08,0.2603,0.2612,0.2593,0.2603,1320480.0
1971-07-09,0.2603,0.2612,0.2603,0.2609,656467.0
1971-07-12,0.2609,0.2616,0.2606,0.2606,1705306.0
1971-07-13,0.2606,0.2616,0.2603,0.2616,399917.0
1971-07-14,0.2616,0.2622,0.2596,0.2616,2573050.0
1971-07-15,0.2616,0.2641,0.2616,0.2625,1984493.0
1971-07-16,0.2625,0.2641,0.2625,0.2638,1184659.0
1971-07-19,0.2638,0.2648,0.2622,0.2632,897926.0
1971-07-20,0.2641,0.266,0.2641,0.2657,2037312.0
1971-07-21,0.266,0.2693,0.266,0.2693,1448755.0
1971-07-22,0.2693,0.2693,0.266,0.268,1924128.0
1971-07-23,0.268,0.2699,0.268,0.2689,822470.0
1971-07-26,0.2689,0.2718,0.2683,0.2696,784742.0
1971-07-27,0.2696,0.2699,0.268,0.268,709286.0
1971-07-28,0.268,0.2686,0.2667,0.268,920563.0
1971-07-29,0.268,0.2683,0.2667,0.2667,445190.0
1971-07-30,0.2664,0.2664,0.2635,0.2635,905472.0
1971-08-02,0.2641,0.2667,0.2641,0.2667,1275206.0
1971-08-03,0.266,0.266,0.2596,0.2603,1290298.0
1971-08-04,0.2603,0.2616,0.2596,0.2603,1712851.0
1971-08-05,0.2603,0.2625,0.2596,0.2625,709286.0
1971-08-06,0.2625,0.2641,0.2568,0.259,837562.0
1971-08-09,0.259,0.26,0.2571,0.2577,588557.0
1971-08-10,0.2577,0.26,0.2558,0.26,996019.0
1971-08-11,0.26,0.2609,0.2564,0.2577,633830.0
1971-08-12,0.2577,0.259,0.2574,0.2587,1139386.0
1971-08-13,0.2587,0.2603,0.2558,0.2558,1018656.0
1971-08-16,0.2609,0.2648,0.2609,0.2628,3440794.0
1971-08-17,0.2628,0.2641,0.2584,0.2635,2241043.0
1971-08-18,0.2635,0.2667,0.2628,0.266,603648.0
1971-08-19,0.2654,0.2654,0.2622,0.2654,1607213.0
1971-08-20,0.2654,0.2689,0.2654,0.2689,354643.0
1971-08-23,0.2693,0.2782,0.2693,0.2769,1086566.0
1971-08-24,0.2769,0.2776,0.2744,0.2763,490464.0
1971-08-25,0.2769,0.2818,0.2769,0.2801,1599667.0
1971-08-26,0.2801,0.2827,0.2801,0.2814,1018656.0
1971-08-27,0.2814,0.2827,0.2808,0.2821,1162022.0
1971-08-30,0.2818,0.2818,0.2779,0.2792,1252570.0
1971-08-31,0.2792,0.2792,0.2744,0.2747,1358208.0
1971-09-01,0.2747,0.2801,0.2744,0.2795,943200.0
1971-09-02,0.2795,0.2818,0.2782,0.2818,814925.0
1971-09-03,0.2832,0.2938,0.2828,0.2938,1509120.0
1971-09-07,0.2938,0.2961,0.2899,0.2899,2625869.0
1971-09-08,0.2896,0.2896,0.2861,0.2874,837562.0
1971-09-09,0.2874,0.2883,0.2861,0.2861,1252570.0
1971-09-10,0.2841,0.2841,0.2809,0.2835,860198.0
1971-09-13,0.2835,0.2835,0.2812,0.2812,860198.0
1971-09-14,0.2809,0.2809,0.279,0.2796,1637395.0
1971-09-15,0.2796,0.2828,0.279,0.2828,1056384.0
1971-09-16,0.2838,0.287,0.2838,0.2861,1501574.0
1971-09-17,0.2874,0.2932,0.2874,0.2899,2942784.0
1971-09-20,0.2899,0.2906,0.2874,0.2899,1290298.0
1971-09-21,0.2899,0.2903,0.2874,0.2903,528192.0
1971-09-22,0.2903,0.2906,0.2864,0.2874,1146931.0
1971-09-23,0.2874,0.2886,0.2864,0.288,830016.0
1971-09-24,0.288,0.2893,0.2864,0.2883,686650.0
1971-09-27,0.2874,0.2874,0.2822,0.2845,807379.0
1971-09-28,0.2845,0.288,0.2841,0.2867,573466.0
1971-09-29,0.2867,0.2874,0.2854,0.2861,377280.0
1971-09-30,0.2861,0.2893,0.2854,0.2893,724378.0
1971-10-01,0.2893,0.2899,0.2867,0.2886,581011.0
1971-10-04,0.2886,0.2896,0.2861,0.2886,1712851.0
1971-10-05,0.2886,0.2903,0.2851,0.2896,611194.0
1971-10-06,0.2909,0.2944,0.2909,0.2944,1350662.0
1971-10-07,0.2951,0.2983,0.2951,0.2957,2618323.0
1971-10-08,0.2957,0.2973,0.2951,0.2973,905472.0
1971-10-11,0.297,0.297,0.2964,0.297,203731.0
1971-10-12,0.297,0.2996,0.2957,0.297,731923.0
1971-10-13,0.2983,0.3012,0.2983,0.3009,837562.0
1971-10-14,0.3009,0.3025,0.3002,0.3006,671558.0
1971-10-15,0.3006,0.3009,0.2964,0.2977,731923.0
1971-10-18,0.2977,0.2977,0.2899,0.2899,1199750.0
1971-10-19,0.2899,0.2938,0.289,0.2938,913018.0
1971-10-20,0.2938,0.2948,0.2854,0.2861,2195770.0
1971-10-21,0.2861,0.2867,0.2838,0.2867,1033747.0
1971-10-22,0.2867,0.2899,0.2854,0.2861,1245024.0
1971-10-25,0.2861,0.288,0.2861,0.2861,407462.0
1971-10-26,0.2861,0.2883,0.2835,0.2835,596102.0
1971-10-27,0.2841,0.2867,0.2841,0.2848,520646.0
1971-10-28,0.2848,0.2919,0.2835,0.2893,1094112.0
1971-10-29,0.2906,0.2961,0.2906,0.2961,1199750.0
1971-11-01,0.2961,0.2961,0.2919,0.2919,950746.0
1971-11-02,0.2912,0.2912,0.288,0.2912,1667578.0
1971-11-03,0.2925,0.2951,0.2925,0.2948,1048838.0
1971-11-04,0.2951,0.299,0.2951,0.2951,1116749.0
1971-11-05,0.2951,0.2977,0.2951,0.2977,445190.0
1971-11-08,0.2977,0.299,0.2967,0.2973,309370.0
1971-11-09,0.2986,0.3015,0.2986,0.3012,392371.0
1971-11-10,0.3012,0.3064,0.3002,0.3041,882835.0
1971-11-11,0.3031,0.3031,0.2912,0.2932,2256134.0
1971-11-12,0.2925,0.2925,0.2848,0.2874,913018.0
1971-11-15,0.2874,0.2919,0.2857,0.2896,671558.0
1971-11-16,0.2896,0.2899,0.2861,0.288,905472.0
1971-11-17,0.288,0.2954,0.2848,0.2951,1335571.0
1971-11-18,0.2951,0.3012,0.2951,0.297,830016.0
1971-11-19,0.297,0.297,0.2919,0.297,724378.0
1971-11-22,0.297,0.297,0.2886,0.2899,875290.0
1971-11-23,0.2899,0.2906,0.2822,0.2867,988474.0
1971-11-24,0.2867,0.288,0.2861,0.2861,943200.0
1971-11-26,0.2867,0.2932,0.2867,0.2932,762106.0
1971-11-29,0.2938,0.299,0.2938,0.299,1290298.0
1971-11-30,0.299,0.3038,0.2964,0.3038,980928.0
1971-12-01,0.3038,0.3044,0.3012,0.3044,1011110.0
1971-12-02,0.3044,0.3106,0.3035,0.3089,1358208.0
1971-12-03,0.3089,0.317,0.307,0.3118,1214842.0
1971-12-06,0.3133,0.3197,0.312,0.3146,1448755.0
1971-12-07,0.3146,0.3184,0.3133,0.3149,860198.0
1971-12-08,0.3152,0.3184,0.3152,0.3178,2988058.0
1971-12-09,0.3178,0.3181,0.312,0.3133,1056384.0
1971-12-10,0.3133,0.3155,0.312,0.3155,1682669.0
1971-12-13,0.3155,0.3171,0.3113,0.3146,671558.0
1971-12-14,0.3146,0.3178,0.3139,0.3152,980928.0
1971-12-15,0.3152,0.3184,0.3133,0.3184,1192205.0
1971-12-16,0.3184,0.3204,0.3159,0.3191,3810528.0
1971-12-17,0.3197,0.3282,0.3197,0.3282,2165587.0
1971-12-20,0.3333,0.3398,0.3333,0.3385,2044858.0
1971-12-21,0.3385,0.3388,0.334,0.3366,1282752.0
1971-12-22,0.3346,0.3346,0.3294,0.3301,1478938.0
1971-12-23,0.3301,0.3311,0.3243,0.3249,1350662.0
1971-12-27,0.3249,0.3256,0.3201,0.3223,822470.0
1971-12-28,0.3223,0.3223,0.3191,0.321,852653.0
1971-12-29,0.321,0.3223,0.3171,0.3171,996019.0
1971-12-30,0.3171,0.321,0.3159,0.3191,648922.0
1971-12-31,0.3204,0.3223,0.3204,0.321,445190.0
1972-01-03,0.321,0.3256,0.3204,0.3243,769651.0
1972-01-04,0.3262,0.3314,0.3262,0.3314,603648.0
1972-01-05,0.3353,0.3392,0.3353,0.3353,1509120.0
1972-01-06,0.3353,0.3392,0.3314,0.3343,1478938.0
1972-01-07,0.3343,0.3362,0.3314,0.3346,837562.0
1972-01-10,0.334,0.334,0.3314,0.333,633830.0
1972-01-11,0.334,0.3366,0.334,0.3359,709286.0
1972-01-12,0.3359,0.3359,0.334,0.334,550829.0
1972-01-13,0.3307,0.3307,0.3262,0.3301,1131840.0
1972-01-14,0.3307,0.3317,0.3307,0.3311,430099.0
1972-01-17,0.3311,0.3346,0.3307,0.3327,1260115.0
1972-01-18,0.3333,0.334,0.3333,0.334,671558.0
1972-01-19,0.334,0.334,0.3304,0.3314,1124294.0
1972-01-20,0.3282,0.3282,0.3236,0.3249,1418573.0
1972-01-21,0.3249,0.3262,0.3236,0.3249,784742.0
1972-01-24,0.3249,0.3259,0.3236,0.3249,784742.0
1972-01-25,0.3249,0.3314,0.3239,0.3307,822470.0
1972-01-26,0.3307,0.3311,0.3278,0.3301,860198.0
1972-01-27,0.332,0.3353,0.332,0.3353,1456301.0
1972-01-28,0.3353,0.3372,0.3353,0.3372,1373299.0
1972-01-31,0.3372,0.3392,0.3353,0.3366,1177114.0
1972-02-01,0.3366,0.3385,0.3353,0.3375,701741.0
1972-02-02,0.3398,0.3469,0.3398,0.3469,565920.0
1972-02-03,0.3508,0.3586,0.3508,0.354,1826035.0
1972-02-04,0.354,0.3579,0.3534,0.3553,1222387.0
1972-02-07,0.3553,0.3566,0.3476,0.3476,437645.0
1972-02-08,0.3476,0.3515,0.3463,0.3482,543283.0
1972-02-09,0.3511,0.3544,0.3511,0.3534,739469.0
1972-02-10,0.3534,0.3557,0.3502,0.3502,2407046.0
1972-02-11,0.3502,0.3527,0.3469,0.3502,920563.0
1972-02-14,0.3502,0.3515,0.3469,0.3469,656467.0
1972-02-15,0.3482,0.3505,0.3482,0.3495,415008.0
1972-02-16,0.3495,0.3495,0.3463,0.3489,1871309.0
1972-02-17,0.3502,0.3531,0.3502,0.3521,1743034.0
1972-02-18,0.3521,0.3527,0.3502,0.3511,513101.0
1972-02-22,0.3511,0.3518,0.345,0.345,2180678.0
1972-02-23,0.345,0.3469,0.345,0.3456,980928.0
1972-02-24,0.3463,0.3518,0.3463,0.3508,399917.0
1972-02-25,0.3508,0.3508,0.3476,0.3492,996019.0
1972-02-28,0.3492,0.3515,0.3417,0.3417,2588141.0
1972-02-29,0.3421,0.3456,0.3421,0.3456,1509120.0
1972-03-01,0.3463,0.3495,0.3463,0.3472,1358208.0
1972-03-02,0.3487,0.3516,0.3483,0.35,814925.0
1972-03-03,0.35,0.3535,0.3496,0.3535,2520230.0
1972-03-06,0.3548,0.3587,0.3548,0.3571,1116749.0
1972-03-07,0.3571,0.3591,0.3561,0.3587,1094112.0
1972-03-08,0.3587,0.3587,0.3568,0.3578,505555.0
1972-03-09,0.3578,0.3587,0.3561,0.3565,754560.0
1972-03-10,0.3565,0.3607,0.3561,0.3561,1494029.0
1972-03-13,0.3561,0.3571,0.3542,0.3542,958291.0
1972-03-14,0.3542,0.3574,0.3529,0.3571,1154477.0
1972-03-15,0.3571,0.3587,0.3561,0.3568,671558.0
1972-03-16,0.3558,0.3558,0.3542,0.3558,233914.0
1972-03-17,0.3558,0.36,0.3548,0.3581,958291.0
1972-03-20,0.3594,0.3626,0.3594,0.3613,958291.0
1972-03-21,0.3613,0.3626,0.3594,0.362,384826.0
1972-03-22,0.362,0.3665,0.36,0.3652,1094112.0
1972-03-23,0.3652,0.3665,0.3633,0.3639,558374.0
1972-03-24,0.3639,0.3649,0.3613,0.3613,422554.0
1972-03-27,0.362,0.3649,0.362,0.3646,611194.0
1972-03-28,0.3646,0.3665,0.3646,0.3652,301824.0
1972-03-29,0.3639,0.3639,0.3607,0.362,467827.0
1972-03-30,0.362,0.3639,0.361,0.361,498010.0
1972-04-03,0.3626,0.3672,0.3626,0.3639,792288.0
1972-04-04,0.3639,0.3646,0.3626,0.3646,581011.0
1972-04-05,0.3649,0.3717,0.3649,0.3717,648922.0
1972-04-06,0.3717,0.3769,0.3704,0.3763,671558.0
1972-04-07,0.3763,0.3795,0.376,0.3769,482918.0
1972-04-10,0.3769,0.3815,0.375,0.3756,1124294.0
1972-04-11,0.3756,0.3776,0.3743,0.3776,852653.0
1972-04-12,0.3776,0.3802,0.3763,0.3795,460282.0
1972-04-13,0.3825,0.3841,0.3825,0.3841,543283.0
1972-04-14,0.3841,0.3847,0.3815,0.3825,641376.0
1972-04-17,0.3828,0.386,0.3828,0.3841,747014.0
1972-04-18,0.3847,0.3873,0.3847,0.3873,694195.0
1972-04-19,0.3873,0.3873,0.3805,0.3818,754560.0
1972-04-20,0.3818,0.3821,0.3782,0.3795,867744.0
1972-04-21,0.3821,0.3847,0.3821,0.3834,747014.0
1972-04-24,0.3831,0.3831,0.3808,0.3812,822470.0
1972-04-25,0.3795,0.3795,0.3773,0.3782,1056384.0
1972-04-26,0.3776,0.3776,0.375,0.3756,882835.0
1972-04-27,0.3756,0.3782,0.3756,0.3769,701741.0
1972-04-28,0.3769,0.3792,0.375,0.3776,679104.0
1972-05-01,0.3763,0.3763,0.3665,0.3665,988474.0
1972-05-02,0.3665,0.3701,0.3652,0.3685,731923.0
1972-05-03,0.3685,0.3717,0.3626,0.3626,762106.0
1972-05-04,0.3626,0.3639,0.3568,0.361,1214842.0
1972-05-05,0.3626,0.3669,0.3626,0.3665,905472.0
1972-05-08,0.3665,0.3701,0.3639,0.3639,558374.0
1972-05-09,0.361,0.361,0.3542,0.3587,1116749.0
1972-05-10,0.3587,0.362,0.3587,0.362,694195.0
1972-05-11,0.362,0.3646,0.362,0.362,754560.0
1972-05-12,0.362,0.3639,0.3594,0.36,513101.0
1972-05-15,0.36,0.362,0.3587,0.3613,618739.0
1972-05-16,0.361,0.361,0.36,0.36,460282.0
1972-05-17,0.36,0.3626,0.3594,0.3623,1124294.0
1972-05-18,0.3623,0.3665,0.362,0.3665,1139386.0
1972-05-19,0.3691,0.3782,0.3691,0.3782,1667578.0
1972-05-22,0.3782,0.3815,0.3782,0.3808,905472.0
1972-05-23,0.3808,0.3821,0.3782,0.3795,1124294.0
1972-05-24,0.3799,0.3834,0.3799,0.3834,1531757.0
1972-05-25,0.3834,0.3854,0.3815,0.3828,739469.0
1972-05-26,0.3828,0.3838,0.3795,0.3808,784742.0
1972-05-30,0.3821,0.3847,0.3821,0.3834,626285.0
1972-05-31,0.3834,0.3847,0.3802,0.3802,513101.0
1972-06-01,0.3815,0.3815,0.3776,0.3808,403690.0
1972-06-02,0.3795,0.3795,0.373,0.3743,482918.0
1972-06-05,0.3743,0.3743,0.3691,0.3724,1045066.0
1972-06-06,0.3724,0.3743,0.3652,0.3678,482918.0
1972-06-07,0.3678,0.3717,0.3646,0.3685,652694.0
1972-06-08,0.3685,0.373,0.3672,0.3711,452736.0
1972-06-09,0.3725,0.3725,0.3686,0.3712,430099.0
1972-06-12,0.3712,0.3732,0.3667,0.3667,603648.0
1972-06-13,0.3667,0.3667,0.3641,0.3654,943200.0
1972-06-14,0.3654,0.3693,0.3654,0.3673,565920.0
1972-06-15,0.368,0.3745,0.368,0.3706,1094112.0
1972-06-16,0.3706,0.3725,0.366,0.3686,950746.0
1972-06-19,0.3686,0.3686,0.3667,0.3673,460282.0
1972-06-20,0.3673,0.3751,0.3667,0.3751,464054.0
1972-06-21,0.3758,0.3849,0.3758,0.383,931882.0
1972-06-22,0.383,0.383,0.3771,0.381,581011.0
1972-06-23,0.381,0.3862,0.3784,0.3823,1018656.0
1972-06-26,0.3823,0.3901,0.3823,0.3862,709286.0
1972-06-27,0.3862,0.3901,0.3797,0.3888,505555.0
1972-06-28,0.3895,0.4058,0.3895,0.3999,1252570.0
1972-06-29,0.4019,0.4071,0.4019,0.4071,577238.0
1972-06-30,0.4071,0.4149,0.4025,0.4058,1448755.0
1972-07-03,0.4058,0.4084,0.4025,0.4045,388598.0
1972-07-05,0.4045,0.4202,0.4032,0.4202,969610.0
1972-07-06,0.4228,0.4299,0.4228,0.426,1414800.0
1972-07-07,0.4273,0.4384,0.4273,0.4332,641376.0
1972-07-10,0.4332,0.4358,0.4241,0.4267,762106.0
1972-07-11,0.4267,0.4332,0.4202,0.4202,856426.0
1972-07-12,0.4202,0.4247,0.4123,0.4162,630058.0
1972-07-13,0.4162,0.4175,0.4006,0.4032,822470.0
1972-07-14,0.4032,0.4117,0.4019,0.411,460282.0
1972-07-17,0.411,0.4123,0.4019,0.4058,554602.0
1972-07-18,0.4058,0.4071,0.4019,0.4071,543283.0
1972-07-19,0.4071,0.4123,0.4045,0.4045,392371.0
1972-07-20,0.4045,0.4058,0.4019,0.4025,958291.0
1972-07-21,0.4025,0.4038,0.3928,0.4038,765878.0
1972-07-24,0.4038,0.4084,0.4032,0.4052,1007338.0
1972-07-25,0.4052,0.4149,0.4032,0.4123,1139386.0
1972-07-26,0.4156,0.4306,0.4156,0.4286,943200.0
1972-07-27,0.4286,0.4332,0.426,0.4312,1105430.0
1972-07-28,0.4312,0.4384,0.4306,0.4384,1267661.0
1972-07-31,0.4384,0.4456,0.4384,0.441,569693.0
1972-08-01,0.441,0.4436,0.4365,0.4404,445190.0
1972-08-02,0.4404,0.4404,0.4319,0.4404,905472.0
1972-08-03,0.4404,0.4463,0.4358,0.4463,1086566.0
1972-08-04,0.4476,0.4587,0.4476,0.4554,830016.0
1972-08-07,0.4554,0.458,0.4489,0.4502,679104.0
1972-08-08,0.4463,0.4463,0.4306,0.4423,1595894.0
1972-08-09,0.4423,0.4436,0.4397,0.4423,490464.0
1972-08-10,0.4423,0.4456,0.4371,0.4397,652694.0
1972-08-11,0.4391,0.4391,0.4345,0.4384,1063930.0
1972-08-14,0.4384,0.4469,0.4384,0.4423,958291.0
1972-08-15,0.4423,0.4456,0.4417,0.4436,343325.0
1972-08-16,0.4436,0.4436,0.4397,0.4397,301824.0
1972-08-17,0.4397,0.443,0.4345,0.4358,664013.0
1972-08-18,0.4358,0.441,0.4339,0.4358,626285.0
1972-08-21,0.4358,0.4358,0.426,0.4267,860198.0
1972-08-22,0.4267,0.428,0.4221,0.4254,1358208.0
1972-08-23,0.4254,0.4299,0.4215,0.428,1290298.0
1972-08-24,0.428,0.4306,0.4273,0.4286,539510.0
1972-08-25,0.4286,0.4293,0.4175,0.4195,913018.0
1972-08-28,0.4189,0.4189,0.3993,0.4058,2048630.0
1972-08-29,0.4084,0.4156,0.4084,0.4097,1079021.0
1972-08-30,0.411,0.4175,0.411,0.4175,1614758.0
1972-08-31,0.4175,0.4293,0.4175,0.4267,697968.0
1972-09-01,0.4267,0.428,0.4228,0.426,535738.0
1972-09-05,0.426,0.4299,0.4241,0.428,550829.0
1972-09-06,0.428,0.428,0.4241,0.4267,569693.0
1972-09-07,0.4267,0.4345,0.4254,0.4299,471600.0
1972-09-08,0.4306,0.4358,0.4306,0.4332,426326.0
1972-09-11,0.4332,0.4358,0.426,0.426,1101658.0
1972-09-12,0.426,0.4267,0.4195,0.4221,1090339.0
1972-09-13,0.4221,0.4241,0.4202,0.4228,679104.0
1972-09-14,0.4228,0.4254,0.4221,0.4254,554602.0
1972-09-15,0.4254,0.4254,0.4215,0.4215,1350662.0
1972-09-18,0.4215,0.4254,0.4202,0.4254,501782.0
1972-09-19,0.4254,0.4299,0.4241,0.4241,479146.0
1972-09-20,0.4241,0.4267,0.4228,0.4228,411235.0
1972-09-21,0.4228,0.426,0.4221,0.4221,233914.0
1972-09-22,0.4221,0.4234,0.4202,0.4215,249005.0
1972-09-25,0.4215,0.4221,0.4175,0.4175,611194.0
1972-09-26,0.4175,0.4215,0.4156,0.4175,871517.0
1972-09-27,0.4175,0.4189,0.4149,0.4189,381053.0
1972-09-28,0.4189,0.4247,0.4175,0.4234,1301616.0
1972-09-29,0.4241,0.428,0.4241,0.428,992246.0
1972-10-02,0.428,0.4306,0.4215,0.4215,1067702.0
1972-10-03,0.4215,0.4293,0.4215,0.428,1105430.0
1972-10-04,0.428,0.4352,0.428,0.4319,1275206.0
1972-10-05,0.4299,0.4299,0.4202,0.4202,1603440.0
1972-10-06,0.4202,0.4293,0.4149,0.4293,1622304.0
1972-10-09,0.4267,0.4267,0.4228,0.4228,505555.0
1972-10-10,0.4228,0.4326,0.4228,0.4241,1520438.0
1972-10-11,0.4241,0.4254,0.4215,0.4221,305597.0
1972-10-12,0.4221,0.4306,0.4215,0.4267,475373.0
1972-10-13,0.4254,0.4254,0.4221,0.4254,539510.0
1972-10-16,0.4254,0.4267,0.4228,0.4228,343325.0
1972-10-17,0.4228,0.428,0.4208,0.4241,1294070.0
1972-10-18,0.4241,0.4273,0.4228,0.426,705514.0
1972-10-19,0.426,0.4286,0.4228,0.4241,1026202.0
1972-10-20,0.4241,0.4286,0.4241,0.4286,630058.0
1972-10-23,0.4286,0.4306,0.4267,0.4267,705514.0
1972-10-24,0.4267,0.4332,0.426,0.4319,543283.0
1972-10-25,0.4319,0.4358,0.4306,0.4312,558374.0
1972-10-26,0.4326,0.4378,0.4326,0.4326,1063930.0
1972-10-27,0.4326,0.4352,0.4306,0.4319,1011110.0
1972-10-30,0.4326,0.4371,0.4326,0.4345,471600.0
1972-10-31,0.4384,0.4476,0.4384,0.4463,818698.0
1972-11-01,0.4502,0.4567,0.4502,0.4541,720605.0
1972-11-02,0.4541,0.4619,0.4521,0.4619,958291.0
1972-11-03,0.4632,0.4691,0.4632,0.4671,784742.0
1972-11-06,0.4671,0.4684,0.4567,0.46,916790.0
1972-11-08,0.46,0.4632,0.4567,0.4587,980928.0
1972-11-09,0.4587,0.4613,0.4554,0.4613,863971.0
1972-11-10,0.4613,0.4684,0.456,0.4567,1195978.0
1972-11-13,0.4554,0.4554,0.441,0.4489,871517.0
1972-11-14,0.4469,0.4469,0.4436,0.4469,894154.0
1972-11-15,0.4469,0.458,0.4463,0.4541,747014.0
1972-11-16,0.4541,0.4547,0.4476,0.4489,656467.0
1972-11-17,0.4489,0.4521,0.4443,0.4489,780970.0
1972-11-20,0.4489,0.4515,0.4463,0.4463,630058.0
1972-11-21,0.4463,0.4508,0.445,0.4463,1063930.0
1972-11-22,0.4463,0.4495,0.4449,0.4489,667786.0
1972-11-24,0.4489,0.4502,0.4463,0.4482,656467.0
1972-11-27,0.4482,0.4482,0.4423,0.4423,713059.0
1972-11-28,0.4423,0.4423,0.4339,0.4423,958291.0
1972-11-29,0.4417,0.4417,0.4365,0.441,547056.0
1972-11-30,0.441,0.4436,0.4384,0.443,664013.0
1972-12-01,0.443,0.4528,0.4397,0.4515,939427.0
1972-12-04,0.4528,0.4593,0.4528,0.4554,852653.0
1972-12-05,0.4569,0.4609,0.4556,0.4576,875290.0
1972-12-06,0.4582,0.4635,0.4582,0.4615,445190.0
1972-12-07,0.4615,0.4674,0.4615,0.4661,622512.0
1972-12-08,0.4661,0.47,0.4654,0.4674,765878.0
1972-12-11,0.4674,0.4694,0.4582,0.4609,811152.0
1972-12-12,0.4609,0.4641,0.4589,0.4622,573466.0
1972-12-13,0.4622,0.4681,0.4622,0.4668,648922.0
1972-12-14,0.4674,0.472,0.4674,0.4674,920563.0
1972-12-15,0.4674,0.4713,0.4668,0.4674,1075248.0
1972-12-18,0.4674,0.4687,0.4582,0.4674,867744.0
1972-12-19,0.4674,0.4707,0.4635,0.4681,954518.0
1972-12-20,0.4681,0.4713,0.4635,0.4661,762106.0
1972-12-21,0.4661,0.4661,0.4543,0.4569,498010.0
1972-12-22,0.4569,0.4635,0.4556,0.4596,682877.0
1972-12-26,0.4596,0.4648,0.4582,0.4635,332006.0
1972-12-27,0.4641,0.4681,0.4641,0.4641,267869.0
1972-12-29,0.4641,0.4694,0.4635,0.4668,622512.0
1973-01-02,0.4668,0.474,0.4622,0.474,973382.0
1973-01-03,0.4766,0.4818,0.4766,0.4792,822470.0
1973-01-04,0.4792,0.4857,0.4785,0.4818,1792080.0
1973-01-05,0.4831,0.4923,0.4831,0.4897,856426.0
1973-01-08,0.4929,0.4969,0.4929,0.4949,931882.0
1973-01-09,0.4956,0.4988,0.4956,0.4956,1294070.0
1973-01-10,0.4956,0.508,0.4936,0.5067,1018656.0
1973-01-11,0.5152,0.5283,0.5152,0.5152,2233498.0
1973-01-12,0.5152,0.5172,0.5041,0.5067,1195978.0
1973-01-15,0.5067,0.5126,0.4975,0.4975,928109.0
1973-01-16,0.4962,0.4962,0.4818,0.4962,1312934.0
1973-01-17,0.4975,0.5028,0.4975,0.5008,1135613.0
1973-01-18,0.5008,0.508,0.5001,0.5028,630058.0
1973-01-19,0.5028,0.508,0.4975,0.508,1173341.0
1973-01-22,0.508,0.5132,0.5067,0.5119,505555.0
1973-01-23,0.5119,0.5159,0.5028,0.5054,796061.0
1973-01-24,0.5041,0.5041,0.4949,0.4975,531965.0
1973-01-26,0.4975,0.5014,0.4949,0.5001,1497802.0
1973-01-29,0.4988,0.4988,0.4903,0.4903,728150.0
1973-01-30,0.4903,0.4975,0.4897,0.4942,1082794.0
1973-01-31,0.4942,0.4962,0.4923,0.4923,845107.0
1973-02-01,0.4923,0.4942,0.4779,0.4818,977155.0
1973-02-02,0.4818,0.4825,0.4713,0.4713,2063722.0
1973-02-05,0.4713,0.4805,0.4713,0.4805,1229933.0
1973-02-06,0.4805,0.487,0.4785,0.4844,1343117.0
1973-02-07,0.4851,0.4897,0.4851,0.4877,1558166.0
1973-02-08,0.487,0.487,0.4825,0.4864,833789.0
1973-02-09,0.4897,0.4962,0.4897,0.4962,1158250.0
1973-02-12,0.4962,0.5041,0.4949,0.5008,969610.0
1973-02-13,0.506,0.5159,0.506,0.5113,1116749.0
1973-02-14,0.5113,0.5119,0.5047,0.5054,962064.0
1973-02-15,0.5054,0.5093,0.5054,0.5067,547056.0
1973-02-16,0.5067,0.51,0.5054,0.5054,430099.0
1973-02-20,0.5054,0.5126,0.5047,0.5126,509328.0
1973-02-21,0.5113,0.5113,0.5067,0.5067,780970.0
1973-02-22,0.5067,0.5126,0.5041,0.508,1343117.0
1973-02-23,0.508,0.5119,0.5041,0.5054,509328.0
1973-02-26,0.4988,0.4988,0.4857,0.4942,916790.0
1973-02-27,0.4942,0.4975,0.4884,0.4923,792288.0
1973-02-28,0.487,0.487,0.4805,0.4844,769651.0
1973-03-01,0.4844,0.4923,0.4753,0.4753,569693.0
1973-03-02,0.4753,0.4844,0.4517,0.4844,2052403.0
1973-03-05,0.486,0.4925,0.482,0.4879,977155.0
1973-03-06,0.4886,0.5096,0.4886,0.5096,1652486.0
1973-03-07,0.5096,0.5142,0.5044,0.5122,796061.0
1973-03-08,0.5122,0.5175,0.509,0.5109,1195978.0
1973-03-09,0.5109,0.5162,0.507,0.5149,660240.0
1973-03-12,0.5188,0.5274,0.5188,0.5188,1150704.0
1973-03-13,0.5214,0.5333,0.5214,0.528,837562.0
1973-03-14,0.528,0.5306,0.5201,0.5228,486691.0
1973-03-15,0.5228,0.5247,0.5188,0.5188,445190.0
1973-03-16,0.5188,0.5214,0.5149,0.5168,486691.0
1973-03-19,0.5168,0.5175,0.5109,0.5109,901699.0
1973-03-20,0.5096,0.5096,0.4991,0.5004,686650.0
1973-03-21,0.5004,0.5017,0.484,0.484,916790.0
1973-03-22,0.484,0.4899,0.4768,0.4794,1497802.0
1973-03-23,0.4794,0.4939,0.4794,0.4912,1369526.0
1973-03-26,0.4912,0.4952,0.4847,0.4939,694195.0
1973-03-27,0.4939,0.507,0.4847,0.5037,1026202.0
1973-03-28,0.5037,0.5096,0.5037,0.5083,697968.0
1973-03-29,0.509,0.5175,0.509,0.5122,626285.0
1973-03-30,0.5122,0.5136,0.4998,0.5024,475373.0
1973-04-02,0.5004,0.5004,0.4847,0.4847,354643.0
1973-04-03,0.484,0.484,0.4801,0.482,1131840.0
1973-04-04,0.482,0.4912,0.4807,0.4886,1007338.0
1973-04-05,0.4886,0.4899,0.486,0.4886,935654.0
1973-04-06,0.4886,0.4939,0.4866,0.4932,777197.0
1973-04-09,0.4939,0.4985,0.4939,0.4965,388598.0
1973-04-10,0.5004,0.5109,0.5004,0.509,1245024.0
1973-04-11,0.509,0.509,0.5004,0.5063,494237.0
1973-04-12,0.5044,0.5044,0.4925,0.4965,614966.0
1973-04-13,0.4965,0.4991,0.4886,0.4978,980928.0
1973-04-16,0.4978,0.5004,0.4847,0.4912,728150.0
1973-04-17,0.4912,0.4971,0.486,0.4939,524419.0
1973-04-18,0.4939,0.5037,0.4939,0.5037,339552.0
1973-04-19,0.5037,0.5083,0.5011,0.5083,675331.0
1973-04-23,0.5083,0.5129,0.507,0.5122,633830.0
1973-04-24,0.5116,0.5116,0.4991,0.4991,1580803.0
1973-04-25,0.4991,0.4991,0.4886,0.4886,796061.0
1973-04-26,0.4853,0.4853,0.4788,0.484,1079021.0
1973-04-27,0.484,0.4879,0.4623,0.4636,1316707.0
1973-04-30,0.4636,0.4715,0.4558,0.4636,1456301.0
1973-05-01,0.4637,0.4715,0.4577,0.465,811152.0
1973-05-02,0.4728,0.4886,0.4728,0.4886,1807171.0
1973-05-03,0.4886,0.4912,0.4728,0.4912,1316707.0
1973-05-04,0.4919,0.5031,0.4919,0.4991,1192205.0
1973-05-07,0.4978,0.4978,0.4899,0.4912,833789.0
1973-05-08,0.4912,0.4985,0.4847,0.4985,780970.0
1973-05-09,0.4985,0.5044,0.4912,0.4912,882835.0
1973-05-10,0.486,0.486,0.4728,0.4834,2105222.0
1973-05-11,0.4768,0.4768,0.4676,0.4676,2124086.0
1973-05-14,0.4676,0.4702,0.461,0.463,1776989.0
1973-05-15,0.463,0.4722,0.4538,0.4689,1897718.0
1973-05-16,0.4689,0.4768,0.4656,0.4728,1671350.0
1973-05-17,0.4728,0.4728,0.4696,0.4722,739469.0
1973-05-18,0.4702,0.4702,0.4577,0.461,1192205.0
1973-05-21,0.4584,0.4584,0.4492,0.4551,2063722.0
1973-05-22,0.461,0.4702,0.461,0.4623,1116749.0
1973-05-23,0.4623,0.4728,0.4584,0.4682,1116749.0
1973-05-24,0.4682,0.4801,0.4682,0.4788,1233706.0
1973-05-25,0.4788,0.4814,0.4742,0.4774,946973.0
1973-05-29,0.4774,0.4807,0.4715,0.4742,679104.0
1973-05-30,0.4728,0.4728,0.4676,0.4689,814925.0
1973-05-31,0.4689,0.4748,0.4656,0.4689,731923.0
1973-06-01,0.4689,0.4702,0.4558,0.4558,1180886.0
1973-06-04,0.4551,0.4551,0.4505,0.4512,679104.0
1973-06-05,0.4527,0.4659,0.4514,0.4646,867744.0
1973-06-06,0.4692,0.4738,0.4692,0.4699,784742.0
1973-06-07,0.4738,0.4811,0.4738,0.4811,1037520.0
1973-06-08,0.4811,0.489,0.4778,0.4863,1305389.0
1973-06-11,0.4863,0.4903,0.4817,0.4863,599875.0
1973-06-12,0.487,0.4982,0.487,0.4982,931882.0
1973-06-13,0.4982,0.5022,0.4956,0.4969,1380845.0
1973-06-14,0.4969,0.4989,0.4916,0.4975,863971.0
1973-06-15,0.4975,0.4982,0.4837,0.4837,1116749.0
1973-06-18,0.4837,0.485,0.4797,0.485,520646.0
1973-06-19,0.485,0.487,0.4771,0.4797,977155.0
1973-06-20,0.4797,0.4797,0.4679,0.4712,581011.0
1973-06-21,0.4712,0.4712,0.4567,0.4659,882835.0
1973-06-22,0.4659,0.4771,0.4646,0.4666,1112976.0
1973-06-25,0.4666,0.4666,0.4567,0.4573,890381.0
1973-06-26,0.4573,0.4639,0.4554,0.4639,867744.0
1973-06-27,0.4639,0.4718,0.4613,0.4718,777197.0
1973-06-28,0.4718,0.4791,0.4718,0.4791,1301616.0
1973-06-29,0.4791,0.4791,0.4738,0.4738,1014883.0
1973-07-02,0.4738,0.4738,0.4718,0.4738,1282752.0
1973-07-03,0.4699,0.4699,0.456,0.4587,765878.0
1973-07-05,0.4534,0.4534,0.4428,0.4481,2456093.0
1973-07-06,0.4468,0.4468,0.4389,0.4389,2025994.0
1973-07-09,0.4389,0.4395,0.4303,0.4395,1478938.0
1973-07-10,0.4395,0.4428,0.4336,0.4395,1478938.0
1973-07-11,0.4428,0.4534,0.4428,0.4534,3086150.0
1973-07-12,0.4534,0.4547,0.4461,0.4508,1184659.0
1973-07-13,0.4501,0.4501,0.4435,0.4468,3029558.0
1973-07-16,0.4468,0.4587,0.4442,0.4587,1316707.0
1973-07-17,0.4646,0.4712,0.4646,0.4692,1097885.0
1973-07-18,0.4692,0.4705,0.4652,0.4666,1380845.0
1973-07-19,0.4666,0.4725,0.4646,0.4679,1361981.0
1973-07-20,0.4679,0.4732,0.4679,0.4725,1048838.0
1973-07-23,0.4725,0.4751,0.4613,0.4679,1350662.0
1973-07-24,0.4679,0.4712,0.4666,0.4712,1792080.0
1973-07-25,0.4718,0.483,0.4718,0.483,2056176.0
1973-07-26,0.483,0.4916,0.4804,0.4837,1924128.0
1973-07-27,0.4837,0.4909,0.4817,0.4903,980928.0
1973-07-30,0.4903,0.4923,0.4863,0.4896,1112976.0
1973-07-31,0.4896,0.4903,0.4863,0.4903,1154477.0
1973-08-01,0.4857,0.4857,0.4778,0.4797,630058.0
1973-08-02,0.4797,0.4811,0.4758,0.4797,418781.0
1973-08-03,0.4797,0.4797,0.4712,0.4758,494237.0
1973-08-06,0.4758,0.4765,0.4705,0.4732,879062.0
1973-08-07,0.4745,0.4791,0.4745,0.4771,958291.0
1973-08-08,0.4758,0.4758,0.4725,0.4745,747014.0
1973-08-09,0.4745,0.4758,0.4718,0.4732,1852445.0
1973-08-10,0.4732,0.4738,0.4712,0.4725,501782.0
1973-08-13,0.4725,0.4732,0.4652,0.4652,641376.0
1973-08-14,0.4639,0.4639,0.4488,0.4508,2078813.0
1973-08-15,0.4508,0.4613,0.4481,0.4514,1165795.0
1973-08-16,0.4494,0.4494,0.4422,0.4468,1592122.0
1973-08-17,0.4461,0.4461,0.4395,0.4395,2576822.0
1973-08-20,0.4395,0.4395,0.4343,0.4369,1373299.0
1973-08-21,0.4369,0.4376,0.4283,0.4283,1671350.0
1973-08-22,0.4257,0.4257,0.4191,0.4218,3014467.0
1973-08-23,0.4224,0.4297,0.4224,0.4283,1637395.0
1973-08-24,0.4316,0.4415,0.4316,0.4415,1761898.0
1973-08-27,0.4415,0.4442,0.4349,0.4428,2278771.0
1973-08-28,0.4428,0.4475,0.4428,0.4455,1720397.0
1973-08-29,0.4435,0.4435,0.4389,0.4428,1524211.0
1973-08-30,0.4428,0.4428,0.4349,0.4349,1546848.0
1973-08-31,0.4338,0.4338,0.4226,0.4305,2478730.0
1973-09-04,0.4305,0.4338,0.4219,0.4219,2086358.0
1973-09-05,0.4219,0.4246,0.4206,0.4213,2595686.0
1973-09-06,0.4213,0.4253,0.418,0.418,1663805.0
1973-09-07,0.418,0.4206,0.4127,0.4127,2478730.0
1973-09-10,0.4114,0.4114,0.4034,0.4114,2214634.0
1973-09-11,0.4114,0.4246,0.4087,0.4246,1716624.0
1973-09-12,0.4246,0.4391,0.4233,0.4352,1773216.0
1973-09-13,0.4352,0.4577,0.4325,0.4444,1893946.0
1973-09-14,0.4444,0.4471,0.4418,0.4444,901699.0
1973-09-17,0.4444,0.4477,0.4424,0.4471,826243.0
1973-09-18,0.4451,0.4451,0.4365,0.4418,939427.0
1973-09-19,0.4418,0.4444,0.4338,0.4444,2625869.0
1973-09-20,0.4444,0.4458,0.4378,0.4444,2256134.0
1973-09-21,0.4444,0.4444,0.4372,0.4391,1395936.0
1973-09-24,0.4391,0.4491,0.4391,0.4391,1263888.0
1973-09-25,0.4391,0.4444,0.4391,0.4444,935654.0
1973-09-26,0.4431,0.4431,0.4365,0.4385,1022429.0
1973-09-27,0.4385,0.4438,0.4385,0.4398,905472.0
1973-09-28,0.4378,0.4378,0.4286,0.4332,1588349.0
1973-10-01,0.4279,0.4279,0.4233,0.4266,1007338.0
1973-10-02,0.4266,0.4352,0.4266,0.4312,1301616.0
1973-10-03,0.4352,0.4471,0.4352,0.4405,1792080.0
1973-10-04,0.4405,0.4438,0.4398,0.4424,822470.0
1973-10-05,0.4424,0.4537,0.4418,0.4517,1086566.0
1973-10-08,0.4517,0.4629,0.4497,0.4629,554602.0
1973-10-09,0.4629,0.4762,0.461,0.4669,913018.0
1973-10-10,0.4669,0.4749,0.4629,0.4636,2535322.0
1973-10-11,0.4643,0.4729,0.4643,0.4669,603648.0
1973-10-12,0.4709,0.4828,0.4709,0.4709,1226160.0
1973-10-15,0.4709,0.4729,0.4656,0.4656,724378.0
1973-10-16,0.4656,0.4735,0.4636,0.4696,660240.0
1973-10-17,0.4709,0.4808,0.4709,0.4722,894154.0
1973-10-18,0.4722,0.4808,0.4702,0.4768,773424.0
1973-10-19,0.4768,0.4815,0.4715,0.4722,716832.0
1973-10-22,0.4689,0.4689,0.4603,0.4603,1067702.0
1973-10-23,0.4603,0.4749,0.4497,0.4663,1275206.0
1973-10-24,0.4663,0.4722,0.4623,0.4656,569693.0
1973-10-25,0.4656,0.4815,0.4656,0.4762,1267661.0
1973-10-26,0.4762,0.4801,0.4729,0.4729,1037520.0
1973-10-29,0.4762,0.4808,0.4762,0.4795,803606.0
1973-10-30,0.4795,0.4801,0.4696,0.4696,1776989.0
1973-10-31,0.4656,0.4656,0.451,0.455,958291.0
1973-11-01,0.455,0.459,0.4517,0.453,403690.0
1973-11-02,0.453,0.4596,0.4517,0.4577,581011.0
1973-11-05,0.4557,0.4557,0.451,0.4544,569693.0
1973-11-06,0.4544,0.4583,0.4537,0.4537,535738.0
1973-11-07,0.4537,0.4563,0.4504,0.4563,754560.0
1973-11-08,0.4563,0.4656,0.4563,0.459,1229933.0
1973-11-09,0.4603,0.4656,0.4603,0.4629,796061.0
1973-11-12,0.4629,0.4656,0.457,0.4603,1041293.0
1973-11-13,0.4629,0.4749,0.4629,0.4749,845107.0
1973-11-14,0.4749,0.4762,0.4682,0.4689,1743034.0
1973-11-15,0.4689,0.4749,0.4636,0.4722,826243.0
1973-11-16,0.4722,0.4755,0.4676,0.4709,969610.0
1973-11-19,0.4702,0.4702,0.4629,0.4629,754560.0
1973-11-20,0.4629,0.4636,0.4583,0.461,1290298.0
1973-11-21,0.461,0.4702,0.453,0.4577,2373091.0
1973-11-23,0.4577,0.4577,0.4504,0.451,713059.0
1973-11-26,0.4471,0.4471,0.4372,0.4444,1229933.0
1973-11-27,0.4444,0.4484,0.4378,0.4385,1754352.0
1973-11-28,0.4405,0.4524,0.4405,0.4497,1392163.0
1973-11-29,0.4497,0.459,0.4444,0.455,1022429.0
1973-11-30,0.4544,0.4544,0.4491,0.4497,814925.0
1973-12-03,0.4503,0.4503,0.4383,0.4463,977155.0
1973-12-04,0.4463,0.4503,0.4456,0.4476,796061.0
1973-12-05,0.4463,0.4463,0.4363,0.4363,1188432.0
1973-12-06,0.4363,0.4429,0.435,0.4423,1595894.0
1973-12-07,0.4429,0.4496,0.4429,0.4436,856426.0
1973-12-10,0.4436,0.4509,0.441,0.4509,731923.0
1973-12-11,0.4509,0.4529,0.4416,0.4416,788515.0
1973-12-12,0.4416,0.4416,0.433,0.4363,882835.0
1973-12-13,0.4363,0.437,0.4217,0.425,1716624.0
1973-12-14,0.425,0.4297,0.423,0.425,1154477.0
1973-12-17,0.4257,0.4317,0.4257,0.4317,652694.0
1973-12-18,0.4317,0.4383,0.429,0.4337,886608.0
1973-12-19,0.4343,0.4443,0.4343,0.437,792288.0
1973-12-20,0.437,0.437,0.421,0.425,1029974.0
1973-12-21,0.425,0.4263,0.417,0.4184,1218614.0
1973-12-24,0.417,0.417,0.4131,0.4164,769651.0
1973-12-26,0.425,0.4323,0.425,0.427,1214842.0
1973-12-27,0.4317,0.4403,0.4317,0.4396,720605.0
1973-12-28,0.4396,0.4403,0.4343,0.4356,822470.0
1973-12-31,0.4343,0.4343,0.429,0.429,811152.0
1974-01-02,0.429,0.4356,0.4257,0.427,1626077.0
1974-01-03,0.4277,0.435,0.4277,0.429,2361773.0
1974-01-04,0.4263,0.4263,0.4078,0.4097,1426118.0
1974-01-07,0.4018,0.4018,0.3945,0.4011,1758125.0
1974-01-08,0.3998,0.3998,0.3951,0.3958,2184451.0
1974-01-09,0.3931,0.3931,0.3858,0.3878,2542867.0
1974-01-10,0.3878,0.3925,0.3819,0.3852,1690214.0
1974-01-11,0.3858,0.3951,0.3858,0.3905,1512893.0
1974-01-14,0.3918,0.4011,0.3918,0.3945,1833581.0
1974-01-15,0.3945,0.4064,0.3918,0.4038,1554394.0
1974-01-16,0.4051,0.4104,0.4051,0.4078,1610986.0
1974-01-17,0.4078,0.4151,0.4071,0.4091,2218406.0
1974-01-18,0.4084,0.4084,0.4011,0.4024,928109.0
1974-01-21,0.4024,0.4117,0.3998,0.4117,943200.0
1974-01-22,0.4117,0.425,0.4104,0.4197,1448755.0
1974-01-23,0.4224,0.429,0.4224,0.4263,1426118.0
1974-01-24,0.425,0.425,0.4197,0.4224,1426118.0
1974-01-25,0.4224,0.4283,0.4184,0.4283,1294070.0
1974-01-28,0.4283,0.4283,0.4144,0.4197,788515.0
1974-01-29,0.4197,0.4197,0.4117,0.4144,807379.0
1974-01-30,0.4144,0.4237,0.4144,0.4184,833789.0
1974-01-31,0.4184,0.421,0.4124,0.4151,531965.0
1974-02-01,0.4137,0.4137,0.4097,0.4117,1045066.0
1974-02-04,0.4071,0.4071,0.3971,0.4038,1165795.0
1974-02-05,0.4038,0.4064,0.3985,0.4011,626285.0
1974-02-06,0.4011,0.4084,0.3991,0.4024,980928.0
1974-02-07,0.4024,0.4051,0.3998,0.3998,645149.0
1974-02-08,0.3998,0.4011,0.3945,0.3951,799834.0
1974-02-11,0.3945,0.3945,0.3865,0.3878,1897718.0
1974-02-12,0.3878,0.3878,0.3825,0.3878,1441210.0
1974-02-13,0.3878,0.3945,0.3852,0.3852,1199750.0
1974-02-14,0.3852,0.3892,0.3838,0.3838,818698.0
1974-02-15,0.3838,0.3958,0.3832,0.3905,750787.0
1974-02-19,0.3998,0.4117,0.3998,0.4018,1214842.0
1974-02-20,0.4018,0.4051,0.3971,0.4038,769651.0
1974-02-21,0.4051,0.4197,0.4051,0.419,1162022.0
1974-02-22,0.419,0.425,0.4117,0.4124,1629850.0
1974-02-25,0.4124,0.4151,0.4091,0.4104,988474.0
1974-02-26,0.4104,0.417,0.4064,0.4144,1901491.0
1974-02-27,0.4144,0.4217,0.4117,0.4197,909245.0
1974-02-28,0.4197,0.4224,0.417,0.417,1901491.0
1974-03-01,0.417,0.4197,0.4124,0.4184,1086566.0
1974-03-04,0.4202,0.4202,0.4122,0.4182,1090339.0
1974-03-05,0.4229,0.4289,0.4229,0.4256,1494029.0
1974-03-06,0.4256,0.4309,0.4236,0.4269,1512893.0
1974-03-07,0.4269,0.4276,0.4202,0.4216,607421.0
1974-03-08,0.4216,0.4363,0.4176,0.4323,1712851.0
1974-03-11,0.4323,0.4376,0.4262,0.4349,1226160.0
1974-03-12,0.4376,0.4509,0.4376,0.4509,1754352.0
1974-03-13,0.4509,0.4576,0.4503,0.4569,1207296.0
1974-03-14,0.4569,0.4589,0.4523,0.4523,1399709.0
1974-03-15,0.4523,0.4556,0.4456,0.4529,1720397.0
1974-03-18,0.4523,0.4523,0.4429,0.4483,777197.0
1974-03-19,0.4483,0.4496,0.4443,0.4456,1188432.0
1974-03-20,0.4456,0.4456,0.4429,0.4436,728150.0
1974-03-21,0.4436,0.4476,0.4429,0.4476,686650.0
1974-03-22,0.4476,0.4509,0.4443,0.4496,660240.0
1974-03-25,0.4496,0.4543,0.4463,0.4543,713059.0
1974-03-26,0.4543,0.4543,0.4483,0.4483,396144.0
1974-03-27,0.4483,0.4516,0.4436,0.4436,1180886.0
1974-03-28,0.4429,0.4429,0.4356,0.4363,894154.0
1974-03-29,0.4363,0.4369,0.4309,0.4316,709286.0
1974-04-01,0.4316,0.4349,0.4289,0.4309,320688.0
1974-04-02,0.4309,0.4343,0.4256,0.4303,875290.0
1974-04-03,0.4329,0.4416,0.4329,0.4416,599875.0
1974-04-04,0.4416,0.4416,0.4323,0.4349,505555.0
1974-04-05,0.4343,0.4343,0.4296,0.4309,1309162.0
1974-04-08,0.4309,0.4309,0.4262,0.4262,762106.0
1974-04-09,0.4262,0.4282,0.4229,0.4262,924336.0
1974-04-10,0.4262,0.4309,0.4256,0.4269,811152.0
1974-04-11,0.4269,0.4296,0.4222,0.4229,792288.0
1974-04-15,0.4242,0.4282,0.4242,0.4249,750787.0
1974-04-16,0.4256,0.4403,0.4256,0.4363,1154477.0
1974-04-17,0.4363,0.4403,0.4289,0.4369,599875.0
1974-04-18,0.4349,0.4349,0.4256,0.4296,1927901.0
1974-04-19,0.4296,0.4349,0.4276,0.4296,641376.0
1974-04-22,0.4296,0.4296,0.4269,0.4296,943200.0
1974-04-23,0.4296,0.4309,0.4242,0.4256,520646.0
1974-04-24,0.4236,0.4236,0.4182,0.4189,1248797.0
1974-04-25,0.4189,0.4256,0.4142,0.4256,1116749.0
1974-04-26,0.4256,0.4282,0.4189,0.4189,788515.0
1974-04-29,0.4189,0.4222,0.4149,0.4209,581011.0
1974-04-30,0.4236,0.4289,0.4236,0.4289,671558.0
1974-05-01,0.4289,0.4423,0.4242,0.4389,1169568.0
1974-05-02,0.4389,0.4443,0.4349,0.4376,773424.0
1974-05-03,0.4343,0.4343,0.4256,0.4256,592330.0
1974-05-06,0.4256,0.4262,0.4189,0.4262,724378.0
1974-05-07,0.4262,0.4296,0.4216,0.4269,724378.0
1974-05-08,0.4269,0.4289,0.4216,0.4269,2274998.0
1974-05-09,0.4269,0.4369,0.4269,0.4349,520646.0
1974-05-10,0.4349,0.4363,0.4316,0.4323,630058.0
1974-05-13,0.4323,0.4349,0.4269,0.4349,845107.0
1974-05-14,0.4403,0.4449,0.4403,0.4429,1429891.0
1974-05-15,0.4429,0.4429,0.4363,0.4363,716832.0
1974-05-16,0.4363,0.4429,0.4356,0.4389,520646.0
1974-05-17,0.4389,0.4409,0.4336,0.4363,784742.0
1974-05-20,0.4363,0.4416,0.4323,0.4369,1112976.0
1974-05-21,0.4369,0.4429,0.4336,0.4389,1588349.0
1974-05-22,0.4389,0.4469,0.4336,0.4363,818698.0
1974-05-23,0.4363,0.4429,0.4329,0.4363,848880.0
1974-05-24,0.4389,0.4463,0.4389,0.4416,731923.0
1974-05-28,0.4449,0.4523,0.4449,0.4523,803606.0
1974-05-29,0.4523,0.4536,0.4356,0.4376,1267661.0
1974-05-30,0.4356,0.4356,0.4256,0.4269,2244816.0
1974-05-31,0.4249,0.4249,0.4176,0.4216,1316707.0
1974-06-03,0.4235,0.4315,0.4235,0.4308,916790.0
1974-06-04,0.4315,0.4369,0.4315,0.4342,2063722.0
1974-06-05,0.4342,0.4442,0.4315,0.4382,867744.0
1974-06-06,0.4395,0.4476,0.4395,0.4462,984701.0
1974-06-07,0.4462,0.4523,0.4449,0.4489,2248589.0
1974-06-10,0.4489,0.4503,0.4395,0.4503,1826035.0
1974-06-11,0.4503,0.4516,0.4449,0.4449,588557.0
1974-06-12,0.4449,0.4543,0.4409,0.4536,935654.0
1974-06-13,0.4536,0.459,0.4516,0.459,1112976.0
1974-06-14,0.4556,0.4556,0.4489,0.4509,845107.0
1974-06-17,0.4509,0.4516,0.4436,0.4436,554602.0
1974-06-18,0.4436,0.4476,0.4395,0.4395,890381.0
1974-06-19,0.4395,0.4449,0.4369,0.4402,856426.0
1974-06-20,0.4402,0.4482,0.4402,0.4409,845107.0
1974-06-21,0.4409,0.4436,0.4389,0.4395,1128067.0
1974-06-24,0.4395,0.4462,0.4355,0.4395,1192205.0
1974-06-25,0.4395,0.4462,0.4395,0.4422,694195.0
1974-06-26,0.4409,0.4409,0.4342,0.4348,679104.0
1974-06-27,0.4348,0.4348,0.4288,0.4295,1048838.0
1974-06-28,0.4295,0.4302,0.4194,0.4208,916790.0
1974-07-01,0.4208,0.4268,0.4208,0.4248,1112976.0
1974-07-02,0.4248,0.4261,0.4127,0.4127,1124294.0
1974-07-03,0.4127,0.4161,0.408,0.4154,1328026.0
1974-07-05,0.4141,0.4141,0.4087,0.4087,765878.0
1974-07-08,0.408,0.408,0.4034,0.408,1743034.0
1974-07-09,0.408,0.4127,0.4054,0.4094,2044858.0
1974-07-10,0.4094,0.4127,0.402,0.402,1426118.0
1974-07-11,0.402,0.4127,0.3993,0.406,1577030.0
1974-07-12,0.4087,0.4181,0.4087,0.4134,1022429.0
1974-07-15,0.4134,0.4174,0.4101,0.4127,1463846.0
1974-07-16,0.4107,0.4107,0.4034,0.4067,879062.0
1974-07-17,0.4067,0.4107,0.402,0.406,1361981.0
1974-07-18,0.4101,0.4208,0.4101,0.4154,1377072.0
1974-07-19,0.4154,0.4248,0.4154,0.4221,950746.0
1974-07-22,0.4208,0.4208,0.4087,0.4101,1056384.0
1974-07-23,0.4094,0.4094,0.4027,0.4074,1395936.0
1974-07-24,0.402,0.402,0.3926,0.394,2316499.0
1974-07-25,0.394,0.394,0.3866,0.3886,2093904.0
1974-07-26,0.3873,0.3873,0.3799,0.3799,2014675.0
1974-07-29,0.3766,0.3766,0.3645,0.3678,3086150.0
1974-07-30,0.3678,0.3678,0.3518,0.3565,2640960.0
1974-07-31,0.3565,0.3591,0.3531,0.3591,1169568.0
1974-08-01,0.3591,0.3645,0.3565,0.3605,1143158.0
1974-08-02,0.3605,0.3605,0.3491,0.3491,1399709.0
1974-08-05,0.3491,0.3538,0.3431,0.3504,1803398.0
1974-08-06,0.3598,0.3692,0.3598,0.3618,2274998.0
1974-08-07,0.3618,0.3699,0.3585,0.3699,1109203.0
1974-08-08,0.3699,0.3699,0.3524,0.3578,1226160.0
1974-08-09,0.3565,0.3565,0.3498,0.3518,916790.0
1974-08-12,0.3518,0.3591,0.3498,0.3511,660240.0
1974-08-13,0.3511,0.3518,0.341,0.3417,1618531.0
1974-08-14,0.3417,0.3431,0.3276,0.3283,1509120.0
1974-08-15,0.3283,0.3317,0.3276,0.331,1641168.0
1974-08-16,0.331,0.3337,0.3216,0.3216,2693779.0
1974-08-19,0.3216,0.3236,0.3122,0.3142,3048422.0
1974-08-20,0.3142,0.3176,0.3082,0.3163,1878854.0
1974-08-21,0.3163,0.3209,0.3129,0.3156,894154.0
1974-08-22,0.3156,0.3176,0.3116,0.3136,2591914.0
1974-08-23,0.3136,0.3183,0.3089,0.3089,999792.0
1974-08-26,0.3089,0.323,0.3082,0.3163,2248589.0
1974-08-27,0.3163,0.3216,0.3129,0.3169,1411027.0
1974-08-28,0.3169,0.3283,0.3156,0.3183,1573258.0
1974-08-29,0.3183,0.327,0.3176,0.3263,1343117.0
1974-08-30,0.3302,0.3444,0.3302,0.3423,1580803.0
1974-09-03,0.3423,0.3457,0.3302,0.3302,1146931.0
1974-09-04,0.3248,0.3248,0.3188,0.3248,1954310.0
1974-09-05,0.3248,0.3383,0.3221,0.3343,1263888.0
1974-09-06,0.3343,0.3437,0.3309,0.3343,2135405.0
1974-09-09,0.3343,0.3343,0.3208,0.3228,1441210.0
1974-09-10,0.3228,0.3248,0.314,0.3154,1788307.0
1974-09-11,0.3154,0.3201,0.3134,0.314,1011110.0
1974-09-12,0.3127,0.3127,0.2803,0.2824,8024746.0
1974-09-13,0.2662,0.2662,0.2514,0.2642,6715584.0
1974-09-16,0.2642,0.2797,0.2642,0.279,2961648.0
1974-09-17,0.2857,0.3107,0.2857,0.2985,2410819.0
1974-09-18,0.2985,0.3046,0.2918,0.3019,2350454.0
1974-09-19,0.31,0.3201,0.31,0.3167,2667370.0
1974-09-20,0.3154,0.3154,0.3019,0.3107,2833373.0
1974-09-23,0.3059,0.3059,0.2992,0.2992,1369526.0
1974-09-24,0.2945,0.2945,0.2898,0.2905,2467411.0
1974-09-25,0.2905,0.3046,0.2864,0.2918,2422138.0
1974-09-26,0.2918,0.2925,0.2878,0.2898,969610.0
1974-09-27,0.2898,0.2911,0.2743,0.275,3248381.0
1974-09-30,0.2729,0.2729,0.2621,0.2709,2961648.0
1974-10-01,0.2709,0.2736,0.2601,0.2696,4138762.0
1974-10-02,0.2696,0.2763,0.2696,0.2702,1803398.0
1974-10-03,0.2702,0.2743,0.2655,0.2689,1184659.0
1974-10-04,0.2689,0.2797,0.2655,0.275,1660032.0
1974-10-07,0.2763,0.2898,0.2763,0.2871,1335571.0
1974-10-08,0.2871,0.2931,0.281,0.2824,2312726.0
1974-10-09,0.2824,0.2985,0.2776,0.2985,3086150.0
1974-10-10,0.3019,0.3181,0.3019,0.3086,3584160.0
1974-10-11,0.3086,0.3275,0.3059,0.3208,2697552.0
1974-10-14,0.3221,0.3329,0.3221,0.3268,1626077.0
1974-10-15,0.3268,0.3356,0.3228,0.3316,2358000.0
1974-10-16,0.3316,0.3356,0.3161,0.3194,3848256.0
1974-10-17,0.3194,0.3214,0.3086,0.3154,1833581.0
1974-10-18,0.3181,0.3235,0.3181,0.3194,2693779.0
1974-10-21,0.3194,0.341,0.3181,0.341,1644941.0
1974-10-22,0.341,0.3518,0.3383,0.341,2931466.0
1974-10-23,0.3369,0.3369,0.3262,0.3289,2539094.0
1974-10-24,0.3289,0.3302,0.3235,0.3302,1769443.0
1974-10-25,0.3302,0.3343,0.3181,0.3188,2769235.0
1974-10-28,0.3188,0.3262,0.3167,0.3248,690422.0
1974-10-29,0.3262,0.3477,0.3262,0.3477,1754352.0
1974-10-30,0.3477,0.3626,0.3444,0.3585,3188016.0
1974-10-31,0.3585,0.3639,0.3551,0.3558,1992038.0
1974-11-01,0.3558,0.3612,0.3491,0.3531,1520438.0
1974-11-04,0.3477,0.3477,0.3383,0.3437,1769443.0
1974-11-05,0.3437,0.3659,0.3423,0.3659,1610986.0
1974-11-06,0.3659,0.3814,0.3639,0.3653,2075040.0
1974-11-07,0.3653,0.3848,0.3653,0.3801,1776989.0
1974-11-08,0.3801,0.3882,0.3727,0.3841,1199750.0
1974-11-11,0.3841,0.3909,0.3821,0.3868,879062.0
1974-11-12,0.3868,0.3922,0.3781,0.3821,1256342.0
1974-11-13,0.3821,0.3882,0.3733,0.3747,2361773.0
1974-11-14,0.3747,0.3781,0.3639,0.3666,1580803.0
1974-11-15,0.3619,0.3619,0.3504,0.3504,2954102.0
1974-11-18,0.3423,0.3423,0.3316,0.3316,2301408.0
1974-11-19,0.3302,0.3302,0.3208,0.3255,4078397.0
1974-11-20,0.3255,0.3343,0.3241,0.3275,1418573.0
1974-11-21,0.3275,0.3417,0.3248,0.3417,1501574.0
1974-11-22,0.3457,0.3524,0.3457,0.3477,1203523.0
1974-11-25,0.3477,0.3558,0.3457,0.3558,1162022.0
1974-11-26,0.3558,0.3626,0.3464,0.3551,1931674.0
1974-11-27,0.3585,0.3659,0.3585,0.3639,2290090.0
1974-11-29,0.3639,0.372,0.3619,0.3693,973382.0
1974-12-02,0.3666,0.3666,0.3524,0.3538,1094112.0
1974-12-03,0.3518,0.3518,0.3444,0.3457,1565712.0
1974-12-04,0.3457,0.3531,0.3457,0.3524,1377072.0
1974-12-05,0.3524,0.3524,0.3396,0.3396,799834.0
1974-12-06,0.3396,0.3396,0.3214,0.3262,2158042.0
1974-12-09,0.3262,0.3396,0.3241,0.3396,2241043.0
1974-12-10,0.345,0.3578,0.345,0.3518,1494029.0
1974-12-11,0.3538,0.3639,0.3538,0.3612,2644733.0
1974-12-12,0.3612,0.3673,0.3565,0.3572,3240835.0
1974-12-13,0.3578,0.3666,0.3578,0.3592,1633622.0
1974-12-16,0.3592,0.3626,0.3518,0.3545,1165795.0
1974-12-17,0.3545,0.3632,0.3511,0.3612,1875082.0
1974-12-18,0.3612,0.37,0.3612,0.3612,1226160.0
1974-12-19,0.3612,0.3639,0.3572,0.3599,1116749.0
1974-12-20,0.3599,0.3619,0.3565,0.3585,980928.0
1974-12-23,0.3585,0.3626,0.3551,0.3599,1535530.0
1974-12-24,0.3605,0.3639,0.3605,0.3639,565920.0
1974-12-26,0.3639,0.3679,0.3524,0.3545,2878646.0
1974-12-27,0.3545,0.3545,0.341,0.345,3520022.0
1974-12-30,0.3437,0.3437,0.339,0.3437,1380845.0
1974-12-31,0.345,0.3578,0.345,0.3578,1252570.0
1975-01-02,0.3585,0.3673,0.3585,0.3626,1648714.0
1975-01-03,0.3626,0.3679,0.3585,0.3646,988474.0
1975-01-06,0.3646,0.3733,0.3626,0.3646,1305389.0
1975-01-07,0.3646,0.37,0.3572,0.3572,1501574.0
1975-01-08,0.3572,0.3592,0.3491,0.3518,1924128.0
1975-01-09,0.3484,0.3484,0.3369,0.345,2950330.0
1975-01-10,0.345,0.3531,0.339,0.343,3203107.0
1975-01-13,0.343,0.3491,0.3369,0.339,2278771.0
1975-01-14,0.3383,0.3383,0.3302,0.3316,1656259.0
1975-01-15,0.3316,0.3343,0.3201,0.3329,2969194.0
1975-01-16,0.3329,0.3396,0.3316,0.3316,1927901.0
1975-01-17,0.3316,0.3322,0.3167,0.3174,3048422.0
1975-01-20,0.3174,0.3208,0.31,0.3167,3105014.0
1975-01-21,0.3167,0.3214,0.3154,0.3174,2256134.0
1975-01-22,0.3174,0.3309,0.3147,0.3309,2652278.0
1975-01-23,0.3309,0.3369,0.3268,0.3309,1180886.0
1975-01-24,0.3309,0.3363,0.3309,0.3356,1731715.0
1975-01-27,0.3403,0.3471,0.3403,0.3471,3331382.0
1975-01-28,0.3471,0.3531,0.341,0.343,3372883.0
1975-01-29,0.343,0.3558,0.3423,0.3545,2263680.0
1975-01-30,0.3545,0.3639,0.3437,0.3444,3048422.0
1975-01-31,0.3444,0.345,0.3383,0.3423,3448339.0
1975-02-03,0.3437,0.3491,0.3437,0.3491,1893946.0
1975-02-04,0.3491,0.3653,0.3464,0.3599,2075040.0
1975-02-05,0.3599,0.3754,0.3585,0.3754,2358000.0
1975-02-06,0.3754,0.3841,0.3693,0.374,3572842.0
1975-02-07,0.374,0.3801,0.3686,0.3787,1320480.0
1975-02-10,0.3787,0.3814,0.3747,0.3787,1705306.0
1975-02-11,0.3787,0.3841,0.376,0.3774,1433664.0
1975-02-12,0.3774,0.3902,0.376,0.3902,2297635.0
1975-02-13,0.3936,0.4043,0.3936,0.3936,4640544.0
1975-02-14,0.3936,0.403,0.3922,0.401,1852445.0
1975-02-18,0.4003,0.4003,0.3909,0.3922,1622304.0
1975-02-19,0.3922,0.3949,0.3814,0.3936,2203315.0
1975-02-20,0.3936,0.3963,0.3861,0.3963,1475165.0
1975-02-21,0.3989,0.4057,0.3989,0.4023,1407254.0
1975-02-24,0.4003,0.4003,0.3922,0.3989,1784534.0
1975-02-25,0.3983,0.3983,0.3909,0.3936,1146931.0
1975-02-26,0.3936,0.3989,0.3936,0.3976,1354435.0
1975-02-27,0.3976,0.403,0.3976,0.3989,833789.0
1975-02-28,0.3989,0.4064,0.3963,0.4043,1328026.0
1975-03-03,0.4062,0.4117,0.4035,0.4117,1411027.0
1975-03-04,0.4117,0.4171,0.4117,0.4137,3523795.0
1975-03-05,0.4137,0.4218,0.4123,0.4157,2127859.0
1975-03-06,0.4157,0.4157,0.4103,0.4157,1524211.0
1975-03-07,0.4157,0.4211,0.4144,0.4211,2195770.0
1975-03-10,0.4211,0.4211,0.4123,0.4171,1494029.0
1975-03-11,0.4171,0.4184,0.4137,0.4137,1433664.0
1975-03-12,0.4137,0.4171,0.4096,0.413,1871309.0
1975-03-13,0.413,0.413,0.4049,0.4062,1184659.0
1975-03-14,0.4062,0.4117,0.4035,0.4089,1207296.0
1975-03-17,0.4089,0.4265,0.4069,0.4245,1807171.0
1975-03-18,0.4245,0.4333,0.4225,0.4225,2531549.0
1975-03-19,0.4225,0.4252,0.4157,0.4211,1312934.0
1975-03-20,0.4211,0.4218,0.415,0.4157,1961856.0
1975-03-21,0.4157,0.4218,0.4157,0.4198,1139386.0
1975-03-24,0.4137,0.4137,0.4083,0.4089,1112976.0
1975-03-25,0.4089,0.4103,0.4015,0.4062,1792080.0
1975-03-26,0.4083,0.4171,0.4083,0.4157,1475165.0
1975-03-27,0.4157,0.4238,0.4144,0.4177,1131840.0
1975-03-31,0.4177,0.4218,0.4089,0.4103,1399709.0
1975-04-01,0.4103,0.4103,0.3995,0.3995,1780762.0
1975-04-02,0.3995,0.4062,0.3968,0.3988,2263680.0
1975-04-03,0.3988,0.4008,0.39,0.39,1282752.0
1975-04-04,0.3873,0.3873,0.3792,0.3798,1641168.0
1975-04-07,0.3798,0.3798,0.3737,0.3792,2490048.0
1975-04-08,0.3792,0.3859,0.3785,0.3859,2603232.0
1975-04-09,0.3866,0.4035,0.3866,0.4008,2448547.0
1975-04-10,0.4035,0.4083,0.4035,0.4035,2335363.0
1975-04-11,0.4035,0.4035,0.3988,0.4028,2195770.0
1975-04-14,0.4028,0.4117,0.4022,0.4062,2320272.0
1975-04-15,0.4062,0.413,0.4062,0.4117,1633622.0
1975-04-16,0.4096,0.4096,0.4008,0.4022,2927693.0
1975-04-17,0.4089,0.4164,0.4089,0.4144,2407046.0
1975-04-18,0.4144,0.4171,0.4096,0.4103,1429891.0
1975-04-21,0.4103,0.4117,0.4069,0.4083,1301616.0
1975-04-22,0.4096,0.4171,0.4096,0.4117,1539302.0
1975-04-23,0.4117,0.413,0.4056,0.4062,1377072.0
1975-04-24,0.4062,0.4062,0.3968,0.3981,2180678.0
1975-04-25,0.3981,0.4015,0.3968,0.3968,1516666.0
1975-04-28,0.3968,0.3995,0.3927,0.394,1448755.0
1975-04-29,0.394,0.4008,0.394,0.4008,1527984.0
1975-04-30,0.4022,0.4252,0.4022,0.4245,1067702.0
1975-05-01,0.4198,0.4198,0.4076,0.413,3033331.0
1975-05-02,0.4144,0.4211,0.4144,0.4144,1388390.0
1975-05-05,0.4144,0.4177,0.4096,0.413,1501574.0
1975-05-06,0.413,0.4245,0.4117,0.4225,2391955.0
1975-05-07,0.4225,0.4245,0.4137,0.4225,1942992.0
1975-05-08,0.4225,0.4245,0.4177,0.4211,1014883.0
1975-05-09,0.4265,0.4347,0.4265,0.4326,3123878.0
1975-05-12,0.436,0.4509,0.436,0.4455,2037312.0
1975-05-13,0.4469,0.459,0.4469,0.4516,1867536.0
1975-05-14,0.4516,0.4577,0.4496,0.4523,1305389.0
1975-05-15,0.4523,0.4577,0.4455,0.4496,1682669.0
1975-05-16,0.4489,0.4489,0.4441,0.4489,1195978.0
1975-05-19,0.4489,0.4496,0.4414,0.4462,1490256.0
1975-05-20,0.4462,0.4509,0.4455,0.4455,2308954.0
1975-05-21,0.4435,0.4435,0.436,0.4394,1712851.0
1975-05-22,0.4394,0.4469,0.4381,0.4435,1388390.0
1975-05-23,0.4435,0.4469,0.4414,0.4462,1165795.0
1975-05-27,0.4462,0.4475,0.4387,0.4455,973382.0
1975-05-28,0.4455,0.4462,0.4414,0.4435,1769443.0
1975-05-29,0.4435,0.4469,0.4414,0.4435,1207296.0
1975-05-30,0.4435,0.4496,0.4428,0.4482,1229933.0
1975-06-02,0.4542,0.4624,0.4542,0.461,1290298.0
1975-06-03,0.461,0.4651,0.4556,0.4617,1569485.0
1975-06-04,0.4624,0.4664,0.4624,0.4651,1595894.0
1975-06-05,0.4624,0.4624,0.4556,0.461,1648714.0
1975-06-06,0.461,0.4664,0.4583,0.4624,1154477.0
1975-06-09,0.461,0.461,0.4542,0.4542,2293862.0
1975-06-10,0.4488,0.4488,0.4433,0.4474,1946765.0
1975-06-11,0.4474,0.4515,0.446,0.4481,1414800.0
1975-06-12,0.4481,0.4488,0.4433,0.4433,739469.0
1975-06-13,0.4433,0.446,0.4406,0.442,1509120.0
1975-06-16,0.442,0.4454,0.4392,0.4406,1135613.0
1975-06-17,0.4406,0.442,0.4324,0.4358,1531757.0
1975-06-18,0.4358,0.4372,0.4324,0.4372,1184659.0
1975-06-19,0.4372,0.4406,0.4345,0.4406,1222387.0
1975-06-20,0.4481,0.4528,0.4481,0.4515,1614758.0
1975-06-23,0.4515,0.4542,0.4467,0.4528,1350662.0
1975-06-24,0.4528,0.4569,0.4494,0.4515,1550621.0
1975-06-25,0.4515,0.4556,0.4474,0.4556,845107.0
1975-06-26,0.4556,0.4583,0.4542,0.4556,1573258.0
1975-06-27,0.4569,0.4624,0.4569,0.4617,1120522.0
1975-06-30,0.4617,0.4644,0.4569,0.4624,547056.0
1975-07-01,0.4624,0.4637,0.4556,0.4603,841334.0
1975-07-02,0.4596,0.4596,0.4535,0.4569,811152.0
1975-07-03,0.4569,0.461,0.4549,0.459,603648.0
1975-07-07,0.459,0.461,0.4515,0.4515,848880.0
1975-07-08,0.4515,0.4535,0.4494,0.4508,1309162.0
1975-07-09,0.4508,0.4528,0.4488,0.4488,1109203.0
1975-07-10,0.446,0.446,0.4365,0.4386,1822262.0
1975-07-11,0.4386,0.442,0.4352,0.4392,2840918.0
1975-07-14,0.4392,0.4447,0.4386,0.4426,863971.0
1975-07-15,0.4426,0.4426,0.4338,0.4352,2071267.0
1975-07-16,0.4352,0.4386,0.4304,0.4324,1426118.0
1975-07-17,0.4311,0.4311,0.4256,0.4277,1807171.0
1975-07-18,0.4263,0.4263,0.4216,0.4236,1475165.0
1975-07-21,0.4236,0.429,0.4229,0.4236,988474.0
1975-07-22,0.4236,0.4297,0.4195,0.427,1188432.0
1975-07-23,0.427,0.4311,0.4229,0.4229,2048630.0
1975-07-24,0.4229,0.4284,0.4222,0.427,1897718.0
1975-07-25,0.427,0.4284,0.4202,0.4229,1241251.0
1975-07-28,0.4216,0.4216,0.4148,0.4161,1086566.0
1975-07-29,0.4161,0.4188,0.4025,0.4073,1931674.0
1975-07-30,0.408,0.4134,0.408,0.4107,1731715.0
1975-07-31,0.4107,0.4148,0.4086,0.4086,2282544.0
1975-08-01,0.4086,0.4127,0.4052,0.4066,2056176.0
1975-08-04,0.4066,0.408,0.3998,0.4012,980928.0
1975-08-05,0.3991,0.3991,0.3835,0.3848,3493613.0
1975-08-06,0.3842,0.3842,0.3733,0.3787,7217366.0
1975-08-07,0.3787,0.3821,0.376,0.3821,2025994.0
1975-08-08,0.3821,0.3835,0.3787,0.3808,1139386.0
1975-08-11,0.3808,0.3903,0.3794,0.3896,1950538.0
1975-08-12,0.3896,0.3971,0.3896,0.391,2637187.0
1975-08-13,0.3889,0.3889,0.3808,0.3835,1090339.0
1975-08-14,0.3835,0.3848,0.3814,0.3842,780970.0
1975-08-15,0.3842,0.3896,0.3835,0.3896,826243.0
1975-08-18,0.3896,0.3903,0.3855,0.3876,830016.0
1975-08-19,0.3862,0.3862,0.3808,0.3808,652694.0
1975-08-20,0.3808,0.3862,0.378,0.378,1373299.0
1975-08-21,0.378,0.3794,0.3699,0.374,2912602.0
1975-08-22,0.374,0.3767,0.3699,0.3746,1135613.0
1975-08-25,0.378,0.3848,0.378,0.3835,1011110.0
1975-08-26,0.3835,0.3862,0.3753,0.3753,1180886.0
1975-08-27,0.3753,0.3828,0.374,0.3794,1033747.0
1975-08-28,0.3808,0.3862,0.3808,0.3848,909245.0
1975-08-29,0.3868,0.3874,0.3813,0.384,1460074.0
1975-09-02,0.384,0.3854,0.3758,0.3813,1056384.0
1975-09-03,0.3786,0.3786,0.3738,0.3779,747014.0
1975-09-04,0.3779,0.3827,0.3765,0.3813,1105430.0
1975-09-05,0.3799,0.3799,0.3745,0.3765,962064.0
1975-09-08,0.3765,0.3806,0.3751,0.3772,667786.0
1975-09-09,0.3772,0.3779,0.3669,0.369,2093904.0
1975-09-10,0.3656,0.3656,0.3581,0.3649,1701533.0
1975-09-11,0.3649,0.369,0.3601,0.3649,1086566.0
1975-09-12,0.3649,0.3697,0.3635,0.3649,769651.0
1975-09-15,0.3649,0.3656,0.3615,0.3656,596102.0
1975-09-16,0.3656,0.3676,0.3608,0.3608,1045066.0
1975-09-17,0.3608,0.3669,0.3601,0.3656,599875.0
1975-09-18,0.3656,0.3731,0.3649,0.3731,1124294.0
1975-09-19,0.3745,0.3868,0.3745,0.3868,1561939.0
1975-09-22,0.3868,0.3881,0.3717,0.3724,1909037.0
1975-09-23,0.3697,0.3697,0.3567,0.3608,5791248.0
1975-09-24,0.3608,0.3663,0.3581,0.3615,3652070.0
1975-09-25,0.3615,0.3649,0.3594,0.3594,1082794.0
1975-09-26,0.3772,0.3929,0.3772,0.3881,6217574.0
1975-09-29,0.3881,0.3902,0.3717,0.3745,1995811.0
1975-09-30,0.3738,0.3738,0.369,0.3724,1429891.0
1975-10-01,0.3724,0.3813,0.369,0.3745,1569485.0
1975-10-02,0.3745,0.3854,0.3745,0.3847,1637395.0
1975-10-03,0.3847,0.4018,0.384,0.4004,2701325.0
1975-10-06,0.4038,0.4107,0.4038,0.4079,2173133.0
1975-10-07,0.4066,0.4066,0.3997,0.4025,1754352.0
1975-10-08,0.4025,0.4093,0.4004,0.4079,1052611.0
1975-10-09,0.4079,0.4168,0.4059,0.4114,1765670.0
1975-10-10,0.41,0.41,0.4011,0.4032,1041293.0
1975-10-13,0.4032,0.4155,0.3991,0.4141,1097885.0
1975-10-14,0.4141,0.425,0.4141,0.4155,2033539.0
1975-10-15,0.4155,0.4175,0.41,0.412,2425910.0
1975-10-16,0.4155,0.4237,0.4155,0.4155,2874874.0
1975-10-17,0.4155,0.4209,0.4127,0.4196,739469.0
1975-10-20,0.4196,0.4278,0.4196,0.4264,1112976.0
1975-10-21,0.4264,0.4278,0.4209,0.4223,1984493.0
1975-10-22,0.4223,0.423,0.4155,0.4182,1207296.0
1975-10-23,0.4182,0.4209,0.4155,0.4202,1656259.0
1975-10-24,0.4202,0.4209,0.4114,0.412,1871309.0
1975-10-27,0.412,0.4127,0.4073,0.412,777197.0
1975-10-28,0.412,0.4196,0.4114,0.4182,765878.0
1975-10-29,0.4175,0.4175,0.412,0.4141,2150496.0
1975-10-30,0.4141,0.4141,0.4086,0.4086,1169568.0
1975-10-31,0.4086,0.4114,0.4073,0.4093,747014.0
1975-11-03,0.4093,0.41,0.4032,0.4038,682877.0
1975-11-04,0.4038,0.4093,0.4011,0.4086,652694.0
1975-11-05,0.41,0.4141,0.41,0.4114,1052611.0
1975-11-06,0.4114,0.4161,0.4086,0.4134,1192205.0
1975-11-07,0.4134,0.4168,0.4114,0.4141,1037520.0
1975-11-10,0.4141,0.4202,0.4127,0.4196,381053.0
1975-11-11,0.4202,0.423,0.4202,0.4223,2191997.0
1975-11-12,0.4223,0.4305,0.4223,0.4305,1079021.0
1975-11-13,0.4305,0.4353,0.4305,0.4312,1501574.0
1975-11-14,0.4312,0.4312,0.4264,0.4278,848880.0
1975-11-17,0.4278,0.4325,0.4278,0.4305,788515.0
1975-11-18,0.4305,0.4346,0.4291,0.4305,1426118.0
1975-11-19,0.4291,0.4291,0.425,0.4257,1158250.0
1975-11-20,0.4257,0.4291,0.4257,0.4271,1052611.0
1975-11-21,0.4271,0.4278,0.4243,0.425,1373299.0
1975-11-24,0.425,0.4312,0.423,0.4291,1071475.0
1975-11-25,0.4305,0.4332,0.4305,0.4325,860198.0
1975-11-26,0.4325,0.4353,0.4305,0.4319,969610.0
1975-11-28,0.4319,0.4319,0.4291,0.4319,822470.0
1975-12-01,0.4338,0.4372,0.4317,0.4324,1875082.0
1975-12-02,0.4324,0.4338,0.4255,0.4255,1595894.0
1975-12-03,0.4228,0.4228,0.4187,0.4221,1905264.0
1975-12-04,0.4221,0.4242,0.4146,0.418,2335363.0
1975-12-05,0.418,0.42,0.4118,0.4125,1328026.0
1975-12-08,0.4125,0.4173,0.4104,0.4132,1033747.0
1975-12-09,0.4132,0.4159,0.4104,0.4159,1026202.0
1975-12-10,0.4159,0.4221,0.4159,0.4194,950746.0
1975-12-11,0.4194,0.4221,0.4159,0.418,1082794.0
1975-12-12,0.4159,0.4159,0.4125,0.4146,1343117.0
1975-12-15,0.4146,0.4166,0.4118,0.4166,1097885.0
1975-12-16,0.4173,0.4228,0.4173,0.4194,977155.0
1975-12-17,0.4029,0.4029,0.394,0.3995,8111520.0
1975-12-18,0.3926,0.3926,0.3802,0.3837,7243776.0
1975-12-19,0.3837,0.3844,0.3775,0.3844,3535114.0
1975-12-22,0.3844,0.3878,0.383,0.3878,1561939.0
1975-12-23,0.3878,0.3933,0.3857,0.3926,1531757.0
1975-12-24,0.3926,0.394,0.3898,0.3912,1882627.0
1975-12-26,0.3912,0.394,0.3912,0.3933,452736.0
1975-12-29,0.3933,0.3953,0.385,0.3864,965837.0
1975-12-30,0.385,0.385,0.3761,0.3816,1954310.0
1975-12-31,0.3816,0.3844,0.3802,0.3802,750787.0
1976-01-02,0.3802,0.383,0.3789,0.3823,713059.0
1976-01-05,0.3823,0.3857,0.3796,0.3844,1897718.0
1976-01-06,0.385,0.3898,0.385,0.3857,2161814.0
1976-01-07,0.3857,0.3953,0.3857,0.3912,2127859.0
1976-01-08,0.3912,0.3981,0.3905,0.3933,2712643.0
1976-01-09,0.3933,0.394,0.3878,0.3892,1063930.0
1976-01-12,0.3892,0.3974,0.3864,0.396,3995395.0
1976-01-13,0.3995,0.4063,0.3995,0.4008,2976739.0
1976-01-14,0.3974,0.3974,0.3844,0.3926,8420890.0
1976-01-15,0.3926,0.3926,0.3789,0.3796,3659616.0
1976-01-16,0.3796,0.3823,0.3754,0.3775,3237062.0
1976-01-19,0.3775,0.3782,0.3617,0.3693,5745974.0
1976-01-20,0.3693,0.3734,0.3658,0.372,3433248.0
1976-01-21,0.372,0.372,0.3638,0.3638,3478522.0
1976-01-22,0.3624,0.3624,0.3569,0.3597,3991622.0
1976-01-23,0.3597,0.3761,0.3597,0.3754,4908413.0
1976-01-26,0.3823,0.3871,0.3823,0.3857,3595478.0
1976-01-27,0.3857,0.3926,0.383,0.3857,6062890.0
1976-01-28,0.3857,0.3892,0.3802,0.3823,2610778.0
1976-01-29,0.3823,0.3933,0.3802,0.3919,3719981.0
1976-01-30,0.3967,0.407,0.3967,0.3981,3074832.0
1976-02-02,0.3981,0.4008,0.3926,0.3988,1878854.0
1976-02-03,0.4008,0.4091,0.4008,0.4056,2297635.0
1976-02-04,0.4056,0.4098,0.4029,0.4077,2659824.0
1976-02-05,0.4077,0.4125,0.396,0.3981,3523795.0
1976-02-06,0.3967,0.3967,0.3871,0.3953,2018448.0
1976-02-09,0.3953,0.4001,0.3898,0.3947,1671350.0
1976-02-10,0.3947,0.3988,0.3933,0.3974,3346474.0
1976-02-11,0.3974,0.3988,0.3919,0.3967,2607005.0
1976-02-12,0.3967,0.3988,0.3919,0.394,1158250.0
1976-02-13,0.394,0.396,0.3885,0.3892,1467619.0
1976-02-17,0.3892,0.3898,0.3857,0.3857,1867536.0
1976-02-18,0.3857,0.3871,0.3816,0.383,2889965.0
1976-02-19,0.383,0.3892,0.383,0.3844,1595894.0
1976-02-20,0.3844,0.385,0.3809,0.3837,3719981.0
1976-02-23,0.3837,0.385,0.3754,0.3789,3418157.0
1976-02-24,0.3789,0.3823,0.3754,0.3782,2320272.0
1976-02-25,0.3782,0.3789,0.3727,0.3747,3425702.0
1976-02-26,0.3747,0.3782,0.3699,0.3713,3599251.0
1976-02-27,0.3713,0.3761,0.3672,0.3706,2225952.0
1976-03-01,0.3706,0.3761,0.3686,0.3706,2595686.0
1976-03-02,0.3726,0.3774,0.3712,0.3726,3195562.0
1976-03-03,0.3726,0.3753,0.3698,0.3726,2161814.0
1976-03-04,0.3726,0.376,0.3691,0.3712,1969402.0
1976-03-05,0.3712,0.3746,0.3712,0.3733,2414592.0
1976-03-08,0.3746,0.385,0.3746,0.3822,1637395.0
1976-03-09,0.3822,0.3905,0.3808,0.3836,3191789.0
1976-03-10,0.3836,0.3877,0.3822,0.3836,4210445.0
1976-03-11,0.3836,0.385,0.3808,0.3808,1595894.0
1976-03-12,0.3808,0.385,0.3739,0.3753,2803190.0
1976-03-15,0.3753,0.3753,0.3698,0.3712,2810736.0
1976-03-16,0.3739,0.3843,0.3739,0.3843,2097677.0
1976-03-17,0.3843,0.3905,0.3843,0.3864,2305181.0
1976-03-18,0.3864,0.3891,0.3822,0.3836,2237270.0
1976-03-19,0.3843,0.3905,0.3843,0.3898,1290298.0
1976-03-22,0.394,0.4002,0.394,0.3953,2093904.0
1976-03-23,0.396,0.4084,0.396,0.4084,1735488.0
1976-03-24,0.4126,0.4188,0.4126,0.414,4251946.0
1976-03-25,0.414,0.416,0.4084,0.4112,3218198.0
1976-03-26,0.4112,0.414,0.4071,0.4105,1395936.0
1976-03-29,0.4105,0.414,0.4084,0.4105,1203523.0
1976-03-30,0.4105,0.4112,0.4071,0.4105,2116541.0
1976-03-31,0.4105,0.4126,0.4084,0.4112,1211069.0
1976-04-01,0.4112,0.4112,0.4057,0.4077,1203523.0
1976-04-02,0.4077,0.4084,0.405,0.4077,679104.0
1976-04-05,0.4084,0.4146,0.4084,0.4119,1312934.0
1976-04-06,0.4126,0.416,0.4126,0.414,1199750.0
1976-04-07,0.414,0.414,0.4064,0.4064,939427.0
1976-04-08,0.4057,0.4057,0.3974,0.4022,1837354.0
1976-04-09,0.4022,0.4022,0.3974,0.3988,1116749.0
1976-04-12,0.3988,0.3988,0.3905,0.3926,2244816.0
1976-04-13,0.3926,0.3988,0.3877,0.3974,2086358.0
1976-04-14,0.3974,0.4002,0.3898,0.3898,1610986.0
1976-04-15,0.3898,0.396,0.3898,0.396,2063722.0
1976-04-19,0.396,0.4084,0.3953,0.4009,1407254.0
1976-04-20,0.4064,0.4181,0.4064,0.4153,2048630.0
1976-04-21,0.4153,0.4195,0.4098,0.4146,1841126.0
1976-04-22,0.414,0.414,0.4084,0.4112,1743034.0
1976-04-23,0.4112,0.4133,0.4057,0.4126,1380845.0
1976-04-26,0.4119,0.4119,0.4057,0.4084,1754352.0
1976-04-27,0.4084,0.4112,0.4043,0.4057,1429891.0
1976-04-28,0.4057,0.4077,0.4043,0.4057,1331798.0
1976-04-29,0.4057,0.4084,0.4029,0.4043,1388390.0
1976-04-30,0.4043,0.4064,0.3967,0.3981,1497802.0
1976-05-03,0.3981,0.4036,0.3967,0.3995,909245.0
1976-05-04,0.4002,0.4112,0.4002,0.4098,1558166.0
1976-05-05,0.4098,0.4119,0.405,0.4071,1546848.0
1976-05-06,0.4071,0.4105,0.405,0.4098,1837354.0
1976-05-07,0.4098,0.4119,0.4078,0.4098,1154477.0
1976-05-10,0.4112,0.4153,0.4112,0.4153,2191997.0
1976-05-11,0.4153,0.4174,0.4126,0.4126,1565712.0
1976-05-12,0.4126,0.4153,0.4112,0.4153,1203523.0
1976-05-13,0.414,0.414,0.4084,0.4112,1988266.0
1976-05-14,0.4112,0.4112,0.4057,0.4064,1214842.0
1976-05-17,0.4057,0.4057,0.4015,0.4029,1418573.0
1976-05-18,0.4029,0.4057,0.3933,0.3967,1365754.0
1976-05-19,0.3967,0.4002,0.396,0.3995,1158250.0
1976-05-20,0.3995,0.3995,0.3946,0.3974,1441210.0
1976-05-21,0.3974,0.3995,0.3953,0.3953,965837.0
1976-05-24,0.3953,0.3967,0.3926,0.3946,1014883.0
1976-05-25,0.3933,0.3933,0.3871,0.3905,1139386.0
1976-05-26,0.3905,0.3919,0.3864,0.3864,1135613.0
1976-05-27,0.3864,0.3877,0.3836,0.3871,1667578.0
1976-05-28,0.3871,0.3884,0.3822,0.3864,1539302.0
1976-06-01,0.3883,0.3883,0.3814,0.3828,1169568.0
1976-06-02,0.3828,0.3855,0.38,0.3821,1154477.0
1976-06-03,0.3821,0.3841,0.3772,0.3772,1992038.0
1976-06-04,0.3765,0.3765,0.3689,0.3717,1890173.0
1976-06-07,0.3717,0.3724,0.3696,0.371,1629850.0
1976-06-08,0.3717,0.3765,0.3717,0.3724,2127859.0
1976-06-09,0.3724,0.3744,0.3661,0.373,1765670.0
1976-06-10,0.373,0.3744,0.3696,0.3744,1120522.0
1976-06-11,0.3751,0.3855,0.3751,0.3841,1569485.0
1976-06-14,0.3841,0.3876,0.3821,0.3821,1607213.0
1976-06-15,0.3821,0.3848,0.3758,0.3793,1701533.0
1976-06-16,0.3793,0.3821,0.3758,0.3807,1263888.0
1976-06-17,0.3814,0.3862,0.3814,0.3835,2248589.0
1976-06-18,0.3855,0.3904,0.3855,0.3876,1848672.0
1976-06-21,0.3876,0.3897,0.3828,0.3897,1641168.0
1976-06-22,0.3897,0.3904,0.3828,0.3855,1143158.0
1976-06-23,0.3841,0.3841,0.38,0.3828,1607213.0
1976-06-24,0.3828,0.3841,0.3772,0.3807,984701.0
1976-06-25,0.3807,0.3821,0.3786,0.3814,1101658.0
1976-06-28,0.3814,0.3862,0.3807,0.3848,1214842.0
1976-06-29,0.3855,0.3932,0.3855,0.3918,1656259.0
1976-06-30,0.3932,0.4022,0.3932,0.3994,1859990.0
1976-07-01,0.4029,0.4119,0.4029,0.4077,2320272.0
1976-07-02,0.4077,0.4098,0.4036,0.4098,1120522.0
1976-07-06,0.4098,0.4147,0.4098,0.4098,1984493.0
1976-07-07,0.4098,0.4126,0.4084,0.4112,1754352.0
1976-07-08,0.4105,0.4105,0.4036,0.4077,1229933.0
1976-07-09,0.4077,0.4105,0.4077,0.4105,1656259.0
1976-07-12,0.4119,0.414,0.4119,0.4126,931882.0
1976-07-13,0.4126,0.4153,0.4077,0.4084,1946765.0
1976-07-14,0.4084,0.4126,0.4084,0.4105,1780762.0
1976-07-15,0.4105,0.4119,0.4084,0.4091,633830.0
1976-07-16,0.4091,0.4091,0.398,0.4008,2116541.0
1976-07-19,0.4008,0.4049,0.3966,0.398,1660032.0
1976-07-20,0.3966,0.3966,0.3869,0.3925,1807171.0
1976-07-21,0.3925,0.3952,0.3828,0.389,558374.0
1976-07-22,0.389,0.389,0.3821,0.3862,875290.0
1976-07-23,0.3862,0.3897,0.3862,0.3876,2607005.0
1976-07-26,0.3876,0.3883,0.3834,0.3869,769651.0
1976-07-27,0.3869,0.3883,0.3848,0.3876,1052611.0
1976-07-28,0.3876,0.389,0.3841,0.3876,1482710.0
1976-07-29,0.3862,0.3862,0.3828,0.3848,999792.0
1976-07-30,0.3855,0.3883,0.3855,0.3883,841334.0
1976-08-02,0.3883,0.3918,0.3883,0.3883,671558.0
1976-08-03,0.3911,0.3966,0.3911,0.3959,1037520.0
1976-08-04,0.3959,0.4001,0.3952,0.3952,1312934.0
1976-08-05,0.3952,0.3994,0.3932,0.3952,837562.0
1976-08-06,0.3952,0.3987,0.3952,0.3987,773424.0
1976-08-09,0.3987,0.3994,0.3959,0.3966,1312934.0
1976-08-10,0.398,0.4022,0.398,0.4008,1294070.0
1976-08-11,0.4008,0.4022,0.4001,0.4008,1060157.0
1976-08-12,0.4008,0.4015,0.3994,0.4008,709286.0
1976-08-13,0.4008,0.4029,0.3987,0.4022,973382.0
1976-08-16,0.4022,0.4084,0.4001,0.4084,1082794.0
1976-08-17,0.4084,0.4133,0.4077,0.4091,1456301.0
1976-08-18,0.4091,0.4126,0.4091,0.4091,1897718.0
1976-08-19,0.4091,0.4105,0.4029,0.4029,958291.0
1976-08-20,0.4022,0.4022,0.398,0.3987,863971.0
1976-08-23,0.398,0.398,0.389,0.3966,1671350.0
1976-08-24,0.3966,0.3994,0.3966,0.3973,999792.0
1976-08-25,0.3973,0.4008,0.3959,0.4001,1384618.0
1976-08-26,0.4001,0.4001,0.398,0.3987,852653.0
1976-08-27,0.3987,0.4008,0.3959,0.3994,709286.0
1976-08-30,0.4013,0.4062,0.4013,0.4041,1441210.0
1976-08-31,0.4048,0.4083,0.4048,0.4069,1120522.0
1976-09-01,0.4083,0.4181,0.4083,0.4174,2791872.0
1976-09-02,0.4174,0.4202,0.416,0.4167,2803190.0
1976-09-03,0.4167,0.4216,0.4146,0.4209,1135613.0
1976-09-07,0.4209,0.4257,0.4188,0.4257,1531757.0
1976-09-08,0.4257,0.4271,0.4223,0.425,1735488.0
1976-09-09,0.425,0.4264,0.4223,0.425,1527984.0
1976-09-10,0.425,0.4292,0.4243,0.4285,1535530.0
1976-09-13,0.4285,0.4313,0.4278,0.4278,1437437.0
1976-09-14,0.4278,0.4278,0.4257,0.4271,1460074.0
1976-09-15,0.4271,0.4306,0.4264,0.4292,924336.0
1976-09-16,0.4292,0.4369,0.4271,0.4348,3029558.0
1976-09-17,0.4348,0.4445,0.4313,0.439,2618323.0
1976-09-20,0.439,0.4432,0.4376,0.439,3278563.0
1976-09-21,0.439,0.4501,0.4369,0.448,3169152.0
1976-09-22,0.448,0.4543,0.4466,0.4473,3878438.0
1976-09-23,0.4466,0.4466,0.4411,0.4446,2373091.0
1976-09-24,0.4439,0.4439,0.4369,0.4432,2474957.0
1976-09-27,0.4432,0.4459,0.4411,0.4432,1448755.0
1976-09-28,0.4432,0.4452,0.439,0.4404,1546848.0
1976-09-29,0.4397,0.4397,0.4341,0.4341,1856218.0
1976-09-30,0.4341,0.4376,0.4306,0.4369,1112976.0
1976-10-01,0.4369,0.4376,0.4264,0.4264,1124294.0
1976-10-04,0.4264,0.4271,0.4243,0.425,581011.0
1976-10-05,0.425,0.425,0.4188,0.4209,1939219.0
1976-10-06,0.4209,0.425,0.4174,0.4223,1482710.0
1976-10-07,0.4223,0.432,0.4216,0.432,1305389.0
1976-10-08,0.432,0.4341,0.4264,0.4278,1082794.0
1976-10-11,0.425,0.425,0.4209,0.4209,618739.0
1976-10-12,0.4209,0.4236,0.4188,0.4216,920563.0
1976-10-13,0.4216,0.4306,0.4195,0.4278,1343117.0
1976-10-14,0.4278,0.4278,0.4188,0.4209,1131840.0
1976-10-15,0.4209,0.4243,0.4188,0.4209,1256342.0
1976-10-18,0.4209,0.4236,0.4181,0.4202,1358208.0
1976-10-19,0.4202,0.4209,0.4139,0.4167,1275206.0
1976-10-20,0.4167,0.4236,0.4132,0.4132,818698.0
1976-10-21,0.4132,0.4167,0.4118,0.4146,1403482.0
1976-10-22,0.4125,0.4125,0.4069,0.4097,1150704.0
1976-10-25,0.4097,0.4125,0.4048,0.4062,2071267.0
1976-10-26,0.4062,0.4062,0.4,0.4048,2014675.0
1976-10-27,0.4048,0.4069,0.4027,0.4069,996019.0
1976-10-28,0.4076,0.4118,0.4076,0.4104,1162022.0
1976-10-29,0.4111,0.4202,0.4111,0.4202,1807171.0
1976-11-01,0.4202,0.4202,0.4153,0.4153,1139386.0
1976-11-03,0.4132,0.4132,0.4062,0.409,1079021.0
1976-11-04,0.409,0.4111,0.4083,0.4097,2573050.0
1976-11-05,0.4097,0.4111,0.4,0.4007,2652278.0
1976-11-08,0.3986,0.3986,0.3916,0.3937,1671350.0
1976-11-09,0.3937,0.3958,0.3846,0.3902,2493821.0
1976-11-10,0.3902,0.3951,0.3874,0.3888,1173341.0
1976-11-11,0.3888,0.3916,0.386,0.3881,1026202.0
1976-11-12,0.386,0.386,0.3791,0.386,2101450.0
1976-11-15,0.386,0.393,0.3832,0.393,1335571.0
1976-11-16,0.393,0.3937,0.3853,0.3874,1644941.0
1976-11-17,0.386,0.386,0.3811,0.3846,2539094.0
1976-11-18,0.3846,0.3881,0.3791,0.3797,2146723.0
1976-11-19,0.3797,0.3818,0.3644,0.3707,3138970.0
1976-11-22,0.3707,0.3791,0.3707,0.3784,2478730.0
1976-11-23,0.3756,0.3756,0.3707,0.3735,2244816.0
1976-11-24,0.3735,0.3735,0.3679,0.37,1539302.0
1976-11-26,0.37,0.3707,0.3672,0.3672,1810944.0
1976-11-29,0.3672,0.3686,0.3609,0.3623,1886400.0
1976-11-30,0.3644,0.3658,0.3588,0.3588,2029766.0
1976-12-01,0.3581,0.3581,0.3553,0.3574,2701325.0
1976-12-02,0.3574,0.3588,0.3511,0.3532,3384202.0
1976-12-03,0.3532,0.3672,0.3518,0.3644,3625661.0
1976-12-06,0.3686,0.3777,0.3686,0.3756,2708870.0
1976-12-07,0.3756,0.3756,0.3679,0.3686,1580803.0
1976-12-08,0.3693,0.3742,0.3693,0.3728,2795645.0
1976-12-09,0.3728,0.377,0.37,0.3714,1539302.0
1976-12-10,0.3714,0.3728,0.3672,0.3693,1139386.0
1976-12-13,0.3693,0.37,0.363,0.363,1852445.0
1976-12-14,0.363,0.3728,0.3616,0.3714,2456093.0
1976-12-15,0.3714,0.377,0.3693,0.3707,3648298.0
1976-12-16,0.3707,0.3721,0.3665,0.37,2063722.0
1976-12-17,0.37,0.377,0.3686,0.3735,2327818.0
1976-12-20,0.3735,0.3749,0.3714,0.3714,1361981.0
1976-12-21,0.3714,0.3784,0.3686,0.3784,2905056.0
1976-12-22,0.3784,0.3827,0.3777,0.3791,4565088.0
1976-12-23,0.3791,0.3791,0.3728,0.3763,2437229.0
1976-12-27,0.3763,0.3799,0.3714,0.3791,1973174.0
1976-12-28,0.3791,0.3813,0.3763,0.3777,2795645.0
1976-12-29,0.3777,0.3806,0.3763,0.3798,2520230.0
1976-12-30,0.3798,0.3834,0.3777,0.382,2007130.0
1976-12-31,0.382,0.3848,0.3813,0.382,1282752.0
1977-01-03,0.3742,0.3827,0.3742,0.3756,818698.0
1977-01-04,0.3756,0.3777,0.3693,0.3714,1595894.0
1977-01-05,0.3714,0.3742,0.3658,0.3679,1558166.0
1977-01-06,0.3679,0.3749,0.3679,0.3728,1448755.0
1977-01-07,0.3728,0.3756,0.3728,0.3742,1595894.0
1977-01-10,0.3742,0.3777,0.3728,0.3742,996019.0
1977-01-11,0.3742,0.3763,0.3693,0.37,1682669.0
1977-01-12,0.3693,0.3693,0.3651,0.3679,2640960.0
1977-01-13,0.3679,0.3728,0.3665,0.37,1128067.0
1977-01-14,0.37,0.3707,0.3616,0.3637,2191997.0
1977-01-17,0.3595,0.3595,0.3546,0.3588,1629850.0
1977-01-18,0.3588,0.3588,0.3539,0.3581,2441002.0
1977-01-19,0.3581,0.3609,0.3518,0.3602,1414800.0
1977-01-20,0.3602,0.3609,0.3434,0.3469,2557958.0
1977-01-21,0.3483,0.3518,0.3483,0.3483,2418365.0
1977-01-24,0.3483,0.349,0.3392,0.3392,2603232.0
1977-01-25,0.3392,0.3392,0.3308,0.3336,4308538.0
1977-01-26,0.3336,0.335,0.3308,0.3308,2078813.0
1977-01-27,0.3308,0.335,0.328,0.3315,2765462.0
1977-01-28,0.3308,0.3308,0.3182,0.3196,8971718.0
1977-01-31,0.3196,0.3252,0.3168,0.3245,3335155.0
1977-02-01,0.3245,0.3301,0.3238,0.328,2754144.0
1977-02-02,0.328,0.3364,0.328,0.3301,4312310.0
1977-02-03,0.3301,0.3308,0.328,0.3308,2025994.0
1977-02-04,0.3308,0.335,0.3308,0.3308,1969402.0
1977-02-07,0.3315,0.335,0.3315,0.3336,2471184.0
1977-02-08,0.3336,0.335,0.3308,0.3322,1124294.0
1977-02-09,0.3322,0.3343,0.328,0.3322,1709078.0
1977-02-10,0.3322,0.335,0.3301,0.3322,924336.0
1977-02-11,0.3322,0.3336,0.3266,0.3301,4463222.0
1977-02-14,0.3301,0.3301,0.3238,0.3273,2422138.0
1977-02-15,0.3273,0.3294,0.3238,0.328,2539094.0
1977-02-16,0.328,0.328,0.3238,0.3252,1769443.0
1977-02-17,0.3252,0.3259,0.3203,0.3203,1980720.0
1977-02-18,0.3203,0.3231,0.3182,0.3231,1826035.0
1977-02-22,0.3238,0.328,0.3238,0.328,2003357.0
1977-02-23,0.328,0.3294,0.3231,0.3252,1154477.0
1977-02-24,0.3245,0.3245,0.3154,0.3175,2237270.0
1977-02-25,0.3154,0.3154,0.3112,0.3154,2603232.0
1977-02-28,0.3147,0.3147,0.3119,0.3147,1633622.0
1977-03-01,0.3168,0.3182,0.314,0.3154,2305181.0
1977-03-02,0.3161,0.3217,0.3161,0.3189,2195770.0
1977-03-03,0.3189,0.3238,0.3175,0.3238,2052403.0
1977-03-04,0.3246,0.3274,0.3246,0.3267,1629850.0
1977-03-07,0.3267,0.3288,0.326,0.3274,2067494.0
1977-03-08,0.3274,0.3302,0.3253,0.3253,2282544.0
1977-03-09,0.3253,0.3253,0.3231,0.3246,1162022.0
1977-03-10,0.3246,0.3274,0.3224,0.326,2312726.0
1977-03-11,0.3267,0.3288,0.3267,0.3288,1701533.0
1977-03-14,0.3288,0.3316,0.3274,0.3309,999792.0
1977-03-15,0.333,0.3358,0.333,0.3337,2557958.0
1977-03-16,0.3337,0.3373,0.3323,0.333,3229517.0
1977-03-17,0.333,0.3351,0.3274,0.3302,2124086.0
1977-03-18,0.3302,0.3316,0.3274,0.3274,1150704.0
1977-03-21,0.3274,0.3309,0.3274,0.3281,1052611.0
1977-03-22,0.3274,0.3274,0.3238,0.3267,1082794.0
1977-03-23,0.3267,0.3281,0.3246,0.326,1437437.0
1977-03-24,0.326,0.3295,0.326,0.3288,2120314.0
1977-03-25,0.3288,0.3302,0.3253,0.326,946973.0
1977-03-28,0.3246,0.3246,0.3161,0.3182,5319648.0
1977-03-29,0.3182,0.3217,0.3182,0.3217,1452528.0
1977-03-30,0.3217,0.3217,0.3104,0.3111,1403482.0
1977-03-31,0.3111,0.3175,0.3104,0.3111,1520438.0
1977-04-01,0.3133,0.3175,0.3133,0.3168,1848672.0
1977-04-04,0.3161,0.3161,0.3083,0.3104,5014051.0
1977-04-05,0.3104,0.3111,0.3062,0.3104,2259907.0
1977-04-06,0.3104,0.3111,0.3048,0.3069,1618531.0
1977-04-07,0.3069,0.3083,0.3055,0.3076,1856218.0
1977-04-11,0.3076,0.309,0.3062,0.3076,1852445.0
1977-04-12,0.3076,0.3133,0.3076,0.3119,6413760.0
1977-04-13,0.3119,0.3147,0.309,0.3133,1795853.0
1977-04-14,0.3147,0.3203,0.3147,0.3175,4051987.0
1977-04-15,0.3175,0.3189,0.3126,0.3126,1418573.0
1977-04-18,0.3126,0.3133,0.3069,0.3083,1022429.0
1977-04-19,0.3083,0.3104,0.3062,0.3076,1018656.0
1977-04-20,0.3076,0.3076,0.3055,0.3055,2678688.0
1977-04-21,0.3048,0.3048,0.2949,0.2956,1909037.0
1977-04-22,0.2956,0.2963,0.2879,0.2886,3621888.0
1977-04-25,0.2879,0.2879,0.2822,0.2843,2806963.0
1977-04-26,0.285,0.2907,0.285,0.2886,1844899.0
1977-04-27,0.2886,0.2907,0.2879,0.2879,2905056.0
1977-04-28,0.2886,0.2914,0.2886,0.2886,2403274.0
1977-04-29,0.2886,0.2921,0.2879,0.2893,2263680.0
1977-05-02,0.2893,0.2914,0.2872,0.2879,1207296.0
1977-05-03,0.29,0.2921,0.29,0.2921,2788099.0
1977-05-04,0.2921,0.2977,0.2907,0.2949,2233498.0
1977-05-05,0.2949,0.297,0.2935,0.2949,2712643.0
1977-05-06,0.2949,0.2977,0.2928,0.2977,2063722.0
1977-05-09,0.2977,0.302,0.2963,0.2977,1305389.0
1977-05-10,0.2977,0.3034,0.2977,0.2984,3531341.0
1977-05-11,0.2984,0.2984,0.2886,0.2914,1607213.0
1977-05-12,0.2914,0.2949,0.2886,0.2949,1350662.0
1977-05-13,0.2949,0.2977,0.2942,0.2949,2158042.0
1977-05-16,0.2949,0.2999,0.2949,0.2984,1233706.0
1977-05-17,0.2984,0.3027,0.2984,0.3013,2444774.0
1977-05-18,0.3013,0.3034,0.3006,0.302,2422138.0
1977-05-19,0.302,0.3034,0.2999,0.302,1384618.0
1977-05-20,0.3006,0.3006,0.2963,0.2999,2350454.0
1977-05-23,0.2999,0.3006,0.297,0.297,1184659.0
1977-05-24,0.297,0.2977,0.2928,0.2963,1712851.0
1977-05-25,0.2956,0.2956,0.2879,0.2893,1554394.0
1977-05-26,0.2893,0.2935,0.2879,0.2907,4180262.0
1977-05-27,0.2893,0.2893,0.2857,0.2865,1324253.0
1977-05-31,0.2886,0.2893,0.2872,0.2879,1720397.0
1977-06-01,0.2879,0.2928,0.2879,0.2928,1116749.0
1977-06-02,0.2928,0.295,0.2886,0.2907,1128067.0
1977-06-03,0.2907,0.2928,0.2879,0.2928,2471184.0
1977-06-06,0.2928,0.2957,0.2921,0.2957,1724170.0
1977-06-07,0.2957,0.2957,0.2928,0.2957,2278771.0
1977-06-08,0.2957,0.3,0.2957,0.2957,2131632.0
1977-06-09,0.2957,0.3,0.295,0.3,1139386.0
1977-06-10,0.3,0.3014,0.2978,0.3,2120314.0
1977-06-13,0.3021,0.3071,0.3021,0.3049,3648298.0
1977-06-14,0.3064,0.312,0.3064,0.3113,3659616.0
1977-06-15,0.3113,0.3156,0.3113,0.3128,2463638.0
1977-06-16,0.3128,0.317,0.3092,0.3156,2652278.0
1977-06-17,0.3156,0.3199,0.3142,0.3184,1395936.0
1977-06-20,0.3184,0.3234,0.3184,0.3227,1467619.0
1977-06-21,0.3227,0.3284,0.3227,0.3241,2041085.0
1977-06-22,0.3241,0.3255,0.3191,0.322,2780554.0
1977-06-23,0.322,0.3241,0.3206,0.3213,1343117.0
1977-06-24,0.322,0.3248,0.322,0.322,1595894.0
1977-06-27,0.322,0.322,0.3191,0.3206,1758125.0
1977-06-28,0.3206,0.322,0.3177,0.3177,901699.0
1977-06-29,0.3177,0.3177,0.3149,0.3177,1169568.0
1977-06-30,0.3177,0.3199,0.317,0.317,705514.0
1977-07-01,0.317,0.3184,0.3128,0.317,1399709.0
1977-07-05,0.3163,0.3163,0.3128,0.3149,1309162.0
1977-07-06,0.3149,0.317,0.3099,0.3099,1471392.0
1977-07-07,0.3099,0.312,0.3085,0.3106,1007338.0
1977-07-08,0.3106,0.3142,0.3106,0.3113,962064.0
1977-07-11,0.3113,0.3142,0.3071,0.3128,807379.0
1977-07-12,0.3128,0.3156,0.3113,0.312,1350662.0
1977-07-13,0.312,0.3135,0.3085,0.3099,1158250.0
1977-07-15,0.3099,0.3113,0.3085,0.3106,1297843.0
1977-07-18,0.3106,0.3128,0.3085,0.3113,1263888.0
1977-07-19,0.3113,0.3156,0.3099,0.3156,1135613.0
1977-07-20,0.317,0.3227,0.317,0.3213,2852237.0
1977-07-21,0.3213,0.3213,0.3142,0.3199,1263888.0
1977-07-22,0.3199,0.3199,0.3163,0.3177,1622304.0
1977-07-25,0.3177,0.3191,0.3085,0.3085,3433248.0
1977-07-26,0.3085,0.3099,0.3064,0.3085,2214634.0
1977-07-27,0.3085,0.3113,0.3014,0.3042,860198.0
1977-07-28,0.3042,0.3071,0.2992,0.3,2991830.0
1977-07-29,0.3,0.3071,0.2985,0.3035,1343117.0
1977-08-01,0.3035,0.3064,0.3035,0.3035,4746182.0
1977-08-02,0.3035,0.3064,0.3021,0.3042,1195978.0
1977-08-03,0.3042,0.3042,0.3,0.3021,1788307.0
1977-08-04,0.3021,0.3042,0.2957,0.3042,3010694.0
1977-08-05,0.3042,0.3064,0.3028,0.3049,2580595.0
1977-08-08,0.3049,0.3056,0.3042,0.3056,780970.0
1977-08-09,0.3056,0.3071,0.3042,0.3056,1241251.0
1977-08-10,0.3056,0.3064,0.3035,0.3064,1365754.0
1977-08-11,0.3064,0.3092,0.3049,0.3049,1494029.0
1977-08-12,0.3049,0.3056,0.3028,0.3056,1392163.0
1977-08-15,0.3056,0.3071,0.3021,0.3071,1309162.0
1977-08-16,0.3078,0.3128,0.3078,0.312,1248797.0
1977-08-17,0.312,0.3177,0.3099,0.3163,2290090.0
1977-08-18,0.3177,0.3298,0.3177,0.3248,3071059.0
1977-08-19,0.3263,0.3298,0.3263,0.3291,1048838.0
1977-08-22,0.3291,0.3376,0.3284,0.3355,1886400.0
1977-08-23,0.3355,0.3383,0.3348,0.3362,1720397.0
1977-08-24,0.3355,0.3355,0.3319,0.3355,1976947.0
1977-08-25,0.3341,0.3341,0.3298,0.3312,1463846.0
1977-08-26,0.3305,0.3305,0.327,0.3284,1169568.0
1977-08-29,0.332,0.3377,0.332,0.3363,2727734.0
1977-08-30,0.3363,0.3377,0.3334,0.3355,1214842.0
1977-08-31,0.3355,0.3363,0.332,0.3363,1188432.0
1977-09-01,0.3363,0.3377,0.3348,0.3348,856426.0
1977-09-02,0.3348,0.337,0.3334,0.337,826243.0
1977-09-06,0.337,0.3384,0.3348,0.3363,1086566.0
1977-09-07,0.3363,0.3384,0.3348,0.3377,1203523.0
1977-09-08,0.3377,0.3377,0.332,0.332,1241251.0
1977-09-09,0.3298,0.3298,0.327,0.327,1418573.0
1977-09-12,0.3262,0.3262,0.3212,0.3248,1505347.0
1977-09-13,0.3255,0.3277,0.3255,0.3277,1056384.0
1977-09-14,0.3277,0.3305,0.3277,0.3305,765878.0
1977-09-15,0.3305,0.3341,0.3298,0.3334,1822262.0
1977-09-16,0.3334,0.3334,0.3305,0.3327,2874874.0
1977-09-19,0.3327,0.3334,0.3298,0.3298,1875082.0
1977-09-20,0.3298,0.3313,0.3284,0.3305,1226160.0
1977-09-21,0.3305,0.3327,0.3248,0.3248,1920355.0
1977-09-22,0.3248,0.3248,0.3219,0.3248,1784534.0
1977-09-23,0.3248,0.3284,0.3227,0.3248,1286525.0
1977-09-26,0.3248,0.3284,0.3241,0.3284,1501574.0
1977-09-27,0.3284,0.3313,0.327,0.3291,814925.0
1977-09-28,0.3291,0.3313,0.3277,0.3291,988474.0
1977-09-29,0.3291,0.3334,0.3291,0.332,1607213.0
1977-09-30,0.3327,0.3363,0.3327,0.3348,1433664.0
1977-10-03,0.3348,0.3348,0.3305,0.3341,686650.0
1977-10-04,0.3341,0.3363,0.3312,0.3312,3022013.0
1977-10-05,0.3313,0.3348,0.3313,0.3334,1829808.0
1977-10-06,0.3334,0.337,0.332,0.3334,1135613.0
1977-10-07,0.3334,0.3363,0.3327,0.3327,1346890.0
1977-10-10,0.3327,0.3348,0.332,0.3327,814925.0
1977-10-11,0.3327,0.3355,0.332,0.332,1169568.0
1977-10-12,0.332,0.332,0.3262,0.3284,2108995.0
1977-10-13,0.3284,0.3313,0.3191,0.3219,4395312.0
1977-10-14,0.3212,0.3212,0.3162,0.3205,1414800.0
1977-10-17,0.3205,0.3219,0.3162,0.3169,1233706.0
1977-10-18,0.3169,0.3184,0.3033,0.3105,2195770.0
1977-10-19,0.3084,0.3084,0.2933,0.2991,4606589.0
1977-10-20,0.2991,0.3019,0.2955,0.2976,2754144.0
1977-10-21,0.2976,0.2976,0.2933,0.2955,2203315.0
1977-10-24,0.2955,0.2955,0.2919,0.294,2233498.0
1977-10-25,0.294,0.3019,0.2926,0.3019,3429475.0
1977-10-26,0.3019,0.3105,0.3005,0.3069,3965213.0
1977-10-27,0.3091,0.3148,0.3091,0.3105,4361357.0
1977-10-28,0.3112,0.3148,0.3112,0.3148,1490256.0
1977-10-31,0.3148,0.3148,0.3091,0.3091,1143158.0
1977-11-01,0.3091,0.3112,0.3019,0.3019,1527984.0
1977-11-02,0.3019,0.3055,0.2998,0.3041,2033539.0
1977-11-03,0.3041,0.3091,0.2998,0.2998,1995811.0
1977-11-04,0.2998,0.3048,0.2991,0.3026,3550205.0
1977-11-07,0.3026,0.3048,0.3019,0.3048,2742826.0
1977-11-08,0.3048,0.3048,0.3005,0.3041,2014675.0
1977-11-09,0.3041,0.3062,0.3026,0.3055,1942992.0
1977-11-10,0.3076,0.3126,0.3076,0.3105,3882211.0
1977-11-11,0.3169,0.3227,0.3169,0.3219,2527776.0
1977-11-14,0.3219,0.3255,0.3205,0.3227,1543075.0
1977-11-15,0.3227,0.3248,0.3212,0.3248,3493613.0
1977-11-16,0.3255,0.3291,0.3255,0.3262,2542867.0
1977-11-17,0.3262,0.3291,0.3234,0.3248,2908829.0
1977-11-18,0.3248,0.3248,0.3212,0.3227,1988266.0
1977-11-21,0.3227,0.3241,0.3205,0.3234,1139386.0
1977-11-22,0.327,0.3334,0.327,0.3291,4233082.0
1977-11-23,0.3291,0.3313,0.3291,0.3305,3176698.0
1977-11-25,0.3305,0.3377,0.3298,0.3355,1354435.0
1977-11-28,0.3373,0.3373,0.3315,0.3322,724378.0
1977-11-29,0.3308,0.3308,0.3178,0.3207,2052403.0
1977-11-30,0.3207,0.3257,0.3178,0.3243,1656259.0
1977-12-01,0.3243,0.3265,0.3214,0.3214,4406630.0
1977-12-02,0.3214,0.3243,0.3164,0.3185,2614550.0
1977-12-05,0.3185,0.3214,0.3135,0.3207,1882627.0
1977-12-06,0.3193,0.3193,0.3135,0.3157,1558166.0
1977-12-07,0.3157,0.3164,0.3128,0.3142,1433664.0
1977-12-08,0.3149,0.3193,0.3149,0.3164,1810944.0
1977-12-09,0.3164,0.3185,0.3149,0.3149,4021805.0
1977-12-12,0.3149,0.3164,0.3135,0.3135,1954310.0
1977-12-13,0.3135,0.3149,0.3113,0.3128,1494029.0
1977-12-14,0.3128,0.3171,0.312,0.3157,1456301.0
1977-12-15,0.3157,0.3185,0.3113,0.3142,1784534.0
1977-12-16,0.3142,0.3157,0.312,0.3128,2067494.0
1977-12-19,0.3128,0.3142,0.312,0.3135,1697760.0
1977-12-20,0.3135,0.3135,0.3113,0.3128,2184451.0
1977-12-21,0.3128,0.3149,0.3092,0.3142,3331382.0
1977-12-22,0.3149,0.3229,0.3149,0.32,2490048.0
1977-12-23,0.32,0.3236,0.3178,0.3236,2350454.0
1977-12-27,0.3236,0.3243,0.32,0.3243,788515.0
1977-12-28,0.3243,0.3257,0.3221,0.3236,1207296.0
1977-12-29,0.3236,0.3257,0.32,0.3236,1014883.0
1977-12-30,0.3236,0.3257,0.32,0.32,1120522.0
1978-01-03,0.3178,0.3178,0.3084,0.3092,1067702.0
1978-01-04,0.3092,0.3142,0.3063,0.3142,1580803.0
1978-01-05,0.3142,0.3171,0.3092,0.3092,3037104.0
1978-01-06,0.3092,0.3099,0.3027,0.3048,2358000.0
1978-01-09,0.3041,0.3041,0.2984,0.3041,1905264.0
1978-01-10,0.3041,0.307,0.3034,0.3063,1678896.0
1978-01-11,0.3063,0.3113,0.3063,0.3113,2818282.0
1978-01-12,0.3113,0.3157,0.3113,0.312,2029766.0
1978-01-13,0.3135,0.3185,0.3135,0.3157,652694.0
1978-01-16,0.3157,0.3185,0.3142,0.3142,1460074.0
1978-01-17,0.3142,0.3185,0.3142,0.3171,1320480.0
1978-01-18,0.3171,0.32,0.3171,0.3178,1644941.0
1978-01-19,0.3178,0.3193,0.3157,0.3171,1678896.0
1978-01-20,0.3171,0.3214,0.3157,0.3185,667786.0
1978-01-23,0.3185,0.3214,0.3171,0.32,928109.0
1978-01-24,0.32,0.3207,0.3171,0.32,2893738.0
1978-01-25,0.32,0.32,0.3178,0.3178,1237478.0
1978-01-26,0.3178,0.3221,0.3142,0.3142,1859990.0
1978-01-27,0.3142,0.3185,0.3113,0.3128,1252570.0
1978-01-30,0.3128,0.3178,0.312,0.3178,1211069.0
1978-01-31,0.3178,0.3193,0.3142,0.3164,1369526.0
1978-02-01,0.3164,0.32,0.3157,0.32,1678896.0
1978-02-02,0.32,0.3229,0.3178,0.3207,1863763.0
1978-02-03,0.3207,0.3229,0.3207,0.3214,939427.0
1978-02-06,0.3214,0.3214,0.3193,0.3214,996019.0
1978-02-07,0.3214,0.3236,0.3207,0.3221,2025994.0
1978-02-08,0.3229,0.3279,0.3229,0.3272,1048838.0
1978-02-09,0.3265,0.3265,0.3236,0.3236,852653.0
1978-02-10,0.3236,0.3243,0.3207,0.3221,3354019.0
1978-02-13,0.3221,0.3229,0.3207,0.3229,1063930.0
1978-02-14,0.3229,0.3236,0.3207,0.3207,1048838.0
1978-02-15,0.3207,0.3214,0.3157,0.3157,2248589.0
1978-02-16,0.3157,0.3164,0.3113,0.3128,4700909.0
1978-02-17,0.3128,0.3149,0.307,0.3084,1592122.0
1978-02-21,0.3084,0.3084,0.3056,0.3084,1712851.0
1978-02-22,0.3084,0.3092,0.3056,0.3056,2108995.0
1978-02-23,0.3048,0.3048,0.3027,0.3048,1501574.0
1978-02-24,0.307,0.3099,0.307,0.3077,1071475.0
1978-02-27,0.3077,0.3113,0.307,0.307,1033747.0
1978-02-28,0.3048,0.3048,0.3005,0.3034,913018.0
1978-03-01,0.3034,0.3063,0.302,0.3041,1520438.0
1978-03-02,0.3051,0.3051,0.3001,0.3022,1859990.0
1978-03-03,0.3022,0.303,0.2986,0.3008,1656259.0
1978-03-06,0.3008,0.3008,0.2971,0.2979,1407254.0
1978-03-07,0.2979,0.3015,0.2979,0.2993,822470.0
1978-03-08,0.2993,0.3015,0.2979,0.3008,1282752.0
1978-03-09,0.3015,0.3066,0.3015,0.3044,2203315.0
1978-03-10,0.3051,0.3095,0.3051,0.3088,2486275.0
1978-03-13,0.3088,0.3124,0.3059,0.3059,2142950.0
1978-03-14,0.3059,0.3066,0.3037,0.3044,1950538.0
1978-03-15,0.3044,0.3066,0.2993,0.2993,2607005.0
1978-03-16,0.2979,0.2979,0.2957,0.2979,3320064.0
1978-03-17,0.2979,0.3037,0.2964,0.3015,1750579.0
1978-03-20,0.3051,0.3088,0.3051,0.308,2629642.0
1978-03-21,0.3066,0.3066,0.2993,0.2993,2142950.0
1978-03-22,0.2979,0.2979,0.2935,0.295,6096845.0
1978-03-23,0.2935,0.2935,0.2855,0.2877,3067286.0
1978-03-27,0.2819,0.2819,0.2754,0.2797,4549997.0
1978-03-28,0.2804,0.2848,0.2804,0.2833,2659824.0
1978-03-29,0.2833,0.2855,0.2819,0.2833,1644941.0
1978-03-30,0.2833,0.2848,0.2812,0.2833,2195770.0
1978-03-31,0.2833,0.2841,0.2819,0.2826,1901491.0
1978-04-03,0.2826,0.2826,0.2804,0.2812,1746806.0
1978-04-04,0.2819,0.2848,0.2819,0.2841,2542867.0
1978-04-05,0.2841,0.2877,0.2841,0.287,1969402.0
1978-04-06,0.287,0.2892,0.2855,0.287,1984493.0
1978-04-07,0.287,0.2921,0.2855,0.2892,2637187.0
1978-04-10,0.2892,0.295,0.2884,0.2942,1520438.0
1978-04-11,0.2942,0.2942,0.2906,0.2935,1912810.0
1978-04-12,0.2935,0.2957,0.2906,0.2957,1377072.0
1978-04-13,0.2957,0.3037,0.2957,0.3037,3067286.0
1978-04-14,0.3066,0.3131,0.3066,0.3102,5810112.0
1978-04-17,0.3124,0.3168,0.3124,0.3124,4478314.0
1978-04-18,0.3124,0.3124,0.3037,0.3059,2603232.0
1978-04-19,0.3059,0.311,0.3044,0.3095,2727734.0
1978-04-20,0.3095,0.3153,0.3088,0.3102,4746182.0
1978-04-21,0.3102,0.3131,0.3102,0.3117,3821846.0
1978-04-24,0.3117,0.3175,0.3117,0.3175,1988266.0
1978-04-25,0.3211,0.3269,0.3211,0.3226,7466371.0
1978-04-26,0.3226,0.3277,0.3211,0.3226,5168736.0
1978-04-27,0.3226,0.324,0.3168,0.3218,4746182.0
1978-04-28,0.3218,0.3248,0.3204,0.3248,3746390.0
1978-05-01,0.3248,0.3313,0.3248,0.3284,5002733.0
1978-05-02,0.3284,0.3386,0.3277,0.332,4165171.0
1978-05-03,0.332,0.3386,0.3313,0.3335,3120106.0
1978-05-04,0.3262,0.3262,0.3204,0.3248,5745974.0
1978-05-05,0.3248,0.3277,0.3182,0.3197,3719981.0
1978-05-08,0.3197,0.3197,0.3124,0.3153,1844899.0
1978-05-09,0.3153,0.3182,0.3095,0.311,3504931.0
1978-05-10,0.311,0.3131,0.3095,0.311,1780762.0
1978-05-11,0.311,0.3182,0.3095,0.3168,2965421.0
1978-05-12,0.3182,0.3277,0.3182,0.3233,5945933.0
1978-05-15,0.3233,0.3313,0.3233,0.3269,2693779.0
1978-05-16,0.332,0.3378,0.332,0.3371,3603024.0
1978-05-17,0.3371,0.3386,0.3349,0.3357,4093488.0
1978-05-18,0.3357,0.3371,0.3327,0.3335,4365130.0
1978-05-19,0.3335,0.3364,0.332,0.3327,2603232.0
1978-05-22,0.3342,0.3458,0.3342,0.3444,4176490.0
1978-05-23,0.3444,0.3502,0.3415,0.3422,2988058.0
1978-05-24,0.3407,0.3407,0.3357,0.3393,2901283.0
1978-05-25,0.3393,0.3415,0.3371,0.3393,2425910.0
1978-05-26,0.3418,0.3418,0.3367,0.3381,1754352.0
1978-05-30,0.3381,0.341,0.3359,0.3396,1384618.0
1978-05-31,0.3403,0.344,0.3403,0.341,1592122.0
1978-06-01,0.341,0.3432,0.3396,0.3396,1497802.0
1978-06-02,0.3396,0.3484,0.3396,0.3476,1090339.0
1978-06-05,0.3491,0.3674,0.3491,0.3637,2652278.0
1978-06-06,0.3637,0.3689,0.3601,0.3645,3870893.0
1978-06-07,0.3615,0.3615,0.3557,0.3601,6587309.0
1978-06-08,0.3601,0.3615,0.3549,0.3549,2554186.0
1978-06-09,0.3542,0.3542,0.3454,0.3469,3071059.0
1978-06-12,0.3469,0.3506,0.3432,0.3432,2078813.0
1978-06-13,0.3432,0.3469,0.3396,0.3469,2697552.0
1978-06-14,0.3491,0.3542,0.3491,0.3506,3848256.0
1978-06-15,0.3506,0.3528,0.3381,0.3403,1452528.0
1978-06-16,0.3403,0.3447,0.3403,0.3418,1399709.0
1978-06-19,0.3418,0.344,0.3396,0.344,1411027.0
1978-06-20,0.3425,0.3425,0.3352,0.3352,3055968.0
1978-06-21,0.3352,0.3352,0.3315,0.3345,1792080.0
1978-06-22,0.3345,0.3352,0.3323,0.3323,1331798.0
1978-06-23,0.3323,0.3345,0.3279,0.3279,1297843.0
1978-06-26,0.3279,0.3286,0.3191,0.3205,1769443.0
1978-06-27,0.3205,0.3271,0.3191,0.3235,2078813.0
1978-06-28,0.3235,0.3279,0.3227,0.3271,1626077.0
1978-06-29,0.3271,0.3301,0.3249,0.3264,1116749.0
1978-06-30,0.3264,0.3271,0.3227,0.3249,1509120.0
1978-07-03,0.3242,0.3242,0.3213,0.3235,267869.0
1978-07-05,0.3227,0.3227,0.3205,0.3213,2191997.0
1978-07-06,0.3213,0.3249,0.3198,0.3249,1467619.0
1978-07-07,0.3249,0.3293,0.3235,0.3271,1463846.0
1978-07-10,0.3271,0.3323,0.3242,0.3293,1082794.0
1978-07-11,0.3323,0.341,0.3323,0.3381,3565296.0
1978-07-12,0.3403,0.3447,0.3403,0.341,1924128.0
1978-07-13,0.341,0.3425,0.3367,0.3381,1411027.0
1978-07-14,0.3381,0.3469,0.3374,0.3462,1584576.0
1978-07-17,0.3506,0.3586,0.3506,0.3542,3338928.0
1978-07-18,0.3542,0.3557,0.3484,0.3513,1826035.0
1978-07-19,0.3513,0.3557,0.3498,0.3557,1494029.0
1978-07-20,0.3557,0.3579,0.3491,0.3491,2248589.0
1978-07-21,0.3491,0.3513,0.3469,0.3513,2029766.0
1978-07-24,0.3513,0.3513,0.3454,0.3498,1795853.0
1978-07-25,0.3469,0.3469,0.3374,0.341,3452112.0
1978-07-26,0.341,0.3454,0.3374,0.344,2165587.0
1978-07-27,0.344,0.3447,0.3396,0.3425,1829808.0
1978-07-28,0.3425,0.3469,0.3425,0.3469,1595894.0
1978-07-31,0.3484,0.3542,0.3484,0.3535,969610.0
1978-08-01,0.3535,0.3586,0.3498,0.3564,2905056.0
1978-08-02,0.3564,0.3652,0.3542,0.3645,3063514.0
1978-08-03,0.3703,0.3762,0.3703,0.3747,7168320.0
1978-08-04,0.374,0.374,0.3674,0.3696,2361773.0
1978-08-07,0.3696,0.371,0.363,0.363,1116749.0
1978-08-08,0.363,0.3674,0.363,0.3652,1124294.0
1978-08-09,0.3652,0.3732,0.363,0.3652,1558166.0
1978-08-10,0.3652,0.3667,0.3571,0.3586,1361981.0
1978-08-11,0.3586,0.3601,0.3557,0.3571,1169568.0
1978-08-14,0.3571,0.3586,0.3528,0.3557,1399709.0
1978-08-15,0.3557,0.3593,0.3535,0.3549,1256342.0
1978-08-16,0.3549,0.3586,0.352,0.3528,1305389.0
1978-08-17,0.3528,0.3564,0.3513,0.3513,1976947.0
1978-08-18,0.3513,0.3535,0.3484,0.3484,2742826.0
1978-08-21,0.3484,0.3498,0.3447,0.3447,1494029.0
1978-08-22,0.3447,0.3586,0.3447,0.3579,1935446.0
1978-08-23,0.3571,0.3571,0.3542,0.3571,4036896.0
1978-08-24,0.3571,0.3579,0.3528,0.3564,1339344.0
1978-08-25,0.3557,0.3557,0.352,0.3542,1418573.0
1978-08-28,0.3523,0.3523,0.3479,0.3494,1569485.0
1978-08-29,0.3501,0.3538,0.3501,0.3508,2354227.0
1978-08-30,0.3508,0.353,0.3479,0.3516,1565712.0
1978-08-31,0.3516,0.3582,0.3494,0.3582,2927693.0
1978-09-01,0.3582,0.3626,0.3567,0.3611,2727734.0
1978-09-05,0.3626,0.367,0.3626,0.367,1954310.0
1978-09-06,0.3685,0.3744,0.3685,0.3729,4334947.0
1978-09-07,0.3729,0.3796,0.3722,0.3796,7783286.0
1978-09-08,0.3803,0.3855,0.3803,0.3847,2686234.0
1978-09-11,0.3869,0.3914,0.3869,0.3877,3482294.0
1978-09-12,0.3862,0.3862,0.381,0.3833,1931674.0
1978-09-13,0.3833,0.3862,0.3715,0.3722,1629850.0
1978-09-14,0.37,0.37,0.3641,0.3641,2018448.0
1978-09-15,0.3641,0.3663,0.3604,0.3634,2418365.0
1978-09-18,0.3634,0.3678,0.3604,0.3641,2505139.0
1978-09-19,0.3641,0.3707,0.3641,0.367,1512893.0
1978-09-20,0.367,0.3685,0.3604,0.3626,1626077.0
1978-09-21,0.3626,0.3634,0.3552,0.3582,3644525.0
1978-09-22,0.3582,0.3626,0.3552,0.3575,2410819.0
1978-09-25,0.3567,0.3567,0.3501,0.3538,1245024.0
1978-09-26,0.3538,0.3538,0.3508,0.3523,1629850.0
1978-09-27,0.3523,0.3552,0.3449,0.3464,1867536.0
1978-09-28,0.3464,0.3508,0.3449,0.3508,1312934.0
1978-09-29,0.3508,0.3538,0.3508,0.3538,2059949.0
1978-10-02,0.3538,0.3626,0.3523,0.3552,3176698.0
1978-10-03,0.3552,0.3552,0.3516,0.3516,1569485.0
1978-10-04,0.3516,0.353,0.3457,0.3508,1505347.0
1978-10-05,0.3508,0.3508,0.3449,0.3449,1844899.0
1978-10-06,0.3449,0.3494,0.3435,0.3435,1124294.0
1978-10-09,0.3457,0.3552,0.3457,0.3538,1516666.0
1978-10-10,0.3538,0.3552,0.3501,0.3523,1712851.0
1978-10-11,0.3523,0.3575,0.3516,0.3567,2263680.0
1978-10-12,0.356,0.356,0.3508,0.3508,2305181.0
1978-10-13,0.3508,0.3538,0.3508,0.3508,1471392.0
1978-10-16,0.3508,0.3508,0.3442,0.3442,1452528.0
1978-10-17,0.342,0.342,0.3331,0.3376,2444774.0
1978-10-18,0.3376,0.3412,0.3361,0.3361,1003565.0
1978-10-19,0.3368,0.3405,0.3368,0.3368,1343117.0
1978-10-20,0.3368,0.3398,0.3331,0.3331,1603440.0
1978-10-23,0.3331,0.3398,0.3331,0.339,1799626.0
1978-10-24,0.339,0.3405,0.3361,0.3368,1090339.0
1978-10-25,0.3368,0.3376,0.3287,0.3331,1580803.0
1978-10-26,0.3317,0.3317,0.325,0.3287,2025994.0
1978-10-27,0.3287,0.3302,0.3243,0.3243,1494029.0
1978-10-30,0.3243,0.3435,0.3169,0.3435,1920355.0
1978-10-31,0.3398,0.3398,0.3272,0.3317,1826035.0
1978-11-01,0.342,0.3626,0.342,0.3626,4119898.0
1978-11-02,0.3582,0.3582,0.3479,0.3494,3357792.0
1978-11-03,0.3494,0.3538,0.3449,0.3523,1826035.0
1978-11-06,0.3523,0.3582,0.3508,0.3508,2256134.0
1978-11-07,0.3479,0.3479,0.3442,0.3442,1263888.0
1978-11-08,0.3442,0.3457,0.339,0.3449,1109203.0
1978-11-09,0.3449,0.3471,0.3412,0.3412,1603440.0
1978-11-10,0.3412,0.3449,0.3405,0.342,946973.0
1978-11-13,0.342,0.3449,0.3383,0.342,1233706.0
1978-11-14,0.3412,0.3412,0.3346,0.3405,1090339.0
1978-11-15,0.3405,0.3435,0.3361,0.3361,2041085.0
1978-11-16,0.3361,0.3457,0.3361,0.3449,1358208.0
1978-11-17,0.3471,0.3523,0.3471,0.3501,3395520.0
1978-11-20,0.3501,0.3538,0.3501,0.3523,2037312.0
1978-11-21,0.3508,0.3508,0.3471,0.3494,1029974.0
1978-11-22,0.3494,0.3508,0.3457,0.3457,1546848.0
1978-11-24,0.3457,0.3479,0.3449,0.3479,445190.0
1978-11-27,0.3479,0.3508,0.3457,0.3479,845107.0
1978-11-28,0.3479,0.3552,0.3479,0.3508,4274582.0
1978-11-29,0.3494,0.3494,0.3427,0.3427,1697760.0
1978-11-30,0.3442,0.3523,0.3442,0.3523,2237270.0
1978-12-01,0.3552,0.3626,0.3552,0.3626,3780346.0
1978-12-04,0.3654,0.3744,0.364,0.3699,6406214.0
1978-12-05,0.3699,0.3892,0.3699,0.3892,3912394.0
1978-12-06,0.3892,0.3892,0.381,0.381,2671142.0
1978-12-07,0.381,0.3885,0.3788,0.384,4625453.0
1978-12-08,0.384,0.3944,0.3825,0.3922,3953894.0
1978-12-11,0.3922,0.3944,0.3877,0.3907,1875082.0
1978-12-12,0.3907,0.3937,0.387,0.3877,2437229.0
1978-12-13,0.3877,0.3877,0.3773,0.3788,4029350.0
1978-12-14,0.3796,0.384,0.3796,0.3833,1920355.0
1978-12-15,0.3833,0.3833,0.3788,0.3788,1863763.0
1978-12-18,0.3729,0.3729,0.3647,0.3714,2927693.0
1978-12-19,0.3714,0.3803,0.3699,0.3773,2188224.0
1978-12-20,0.3781,0.3981,0.3781,0.3981,3780346.0
1978-12-21,0.3981,0.407,0.3974,0.3989,4451904.0
1978-12-22,0.3989,0.4055,0.3981,0.4055,2407046.0
1978-12-26,0.4055,0.4115,0.4026,0.4107,1822262.0
1978-12-27,0.4063,0.4063,0.3981,0.4041,3459658.0
1978-12-28,0.4041,0.4055,0.4003,0.4026,3248381.0
1978-12-29,0.4026,0.4055,0.4011,0.4018,1312934.0
1979-01-02,0.4018,0.4033,0.3944,0.4033,2327818.0
1979-01-03,0.4033,0.407,0.4026,0.4048,2701325.0
1979-01-04,0.4048,0.4115,0.4026,0.4041,3655843.0
1979-01-05,0.4041,0.407,0.4011,0.4063,3542659.0
1979-01-08,0.4063,0.4063,0.4018,0.4041,2988058.0
1979-01-09,0.4041,0.4063,0.4033,0.4041,4391539.0
1979-01-10,0.4041,0.4055,0.4026,0.4041,2097677.0
1979-01-11,0.4055,0.4159,0.4055,0.4159,14242320.0
1979-01-12,0.4211,0.4249,0.4211,0.4211,9175450.0
1979-01-15,0.4211,0.4256,0.4211,0.4256,6500534.0
1979-01-16,0.4249,0.4249,0.4174,0.4174,6093072.0
1979-01-17,0.4174,0.4174,0.4115,0.4174,3157834.0
1979-01-18,0.4174,0.4182,0.4137,0.4174,1377072.0
1979-01-19,0.4174,0.4197,0.413,0.4145,3535114.0
1979-01-22,0.4137,0.4137,0.41,0.4115,2524003.0
1979-01-23,0.4115,0.4174,0.4085,0.41,2505139.0
1979-01-24,0.41,0.41,0.3981,0.3996,3836938.0
1979-01-25,0.3996,0.4093,0.3996,0.4093,3599251.0
1979-01-26,0.4093,0.4122,0.4041,0.41,3010694.0
1979-01-29,0.41,0.4122,0.407,0.4085,1516666.0
1979-01-30,0.4085,0.4159,0.4048,0.407,3433248.0
1979-01-31,0.407,0.4085,0.4018,0.4041,3135197.0
1979-02-01,0.4041,0.4055,0.3996,0.4033,5051779.0
1979-02-02,0.4033,0.4041,0.3989,0.3996,1527984.0
1979-02-05,0.3996,0.3996,0.3944,0.3952,1309162.0
1979-02-06,0.3952,0.3996,0.3937,0.3952,1550621.0
1979-02-07,0.3952,0.3981,0.3922,0.3959,2784326.0
1979-02-08,0.3966,0.4033,0.3966,0.4003,2622096.0
1979-02-09,0.4003,0.4026,0.3966,0.3974,1271434.0
1979-02-12,0.3974,0.3974,0.3944,0.3974,2456093.0
1979-02-13,0.3989,0.4033,0.3989,0.4026,1788307.0
1979-02-14,0.4026,0.4063,0.4011,0.4033,1346890.0
1979-02-15,0.4011,0.4011,0.3974,0.4003,1712851.0
1979-02-16,0.3996,0.3996,0.3922,0.3922,1501574.0
1979-02-20,0.3922,0.3952,0.3833,0.3952,3761482.0
1979-02-21,0.3952,0.3981,0.3929,0.3929,1909037.0
1979-02-22,0.3929,0.3929,0.3877,0.3877,2229725.0
1979-02-23,0.3877,0.3937,0.3877,0.39,1999584.0
1979-02-26,0.39,0.3922,0.3877,0.3885,1275206.0
1979-02-27,0.387,0.387,0.3848,0.3848,1856218.0
1979-02-28,0.3848,0.3877,0.3833,0.3877,1365754.0
1979-03-01,0.3898,0.3898,0.3861,0.3876,1026202.0
1979-03-02,0.3876,0.3913,0.3868,0.3868,1844899.0
1979-03-05,0.3868,0.3921,0.3868,0.3921,1067702.0
1979-03-06,0.3921,0.3951,0.3906,0.3921,1678896.0
1979-03-07,0.3921,0.3995,0.3921,0.3973,1486483.0
1979-03-08,0.3973,0.4025,0.3958,0.3988,1897718.0
1979-03-09,0.4003,0.407,0.4003,0.401,996019.0
1979-03-12,0.401,0.4033,0.3921,0.398,1433664.0
1979-03-13,0.398,0.3995,0.3928,0.398,1618531.0
1979-03-14,0.398,0.4003,0.3936,0.3936,962064.0
1979-03-15,0.3936,0.3966,0.3928,0.3936,1267661.0
1979-03-16,0.3936,0.398,0.3913,0.3966,1482710.0
1979-03-19,0.3966,0.4025,0.3966,0.3995,1995811.0
1979-03-20,0.3988,0.3988,0.3966,0.3988,860198.0
1979-03-21,0.3988,0.4018,0.398,0.4018,2946557.0
1979-03-22,0.4018,0.4085,0.3995,0.4085,4240627.0
1979-03-23,0.4085,0.4085,0.4048,0.407,2803190.0
1979-03-26,0.4063,0.4063,0.398,0.398,826243.0
1979-03-27,0.3988,0.4063,0.3988,0.4063,1509120.0
1979-03-28,0.4055,0.4055,0.3995,0.401,2588141.0
1979-03-29,0.401,0.4018,0.3921,0.3936,739469.0
1979-03-30,0.3936,0.3966,0.3921,0.3951,1007338.0
1979-04-02,0.3951,0.3951,0.3876,0.3913,928109.0
1979-04-03,0.3928,0.4018,0.3928,0.3973,1169568.0
1979-04-04,0.401,0.4063,0.401,0.4025,2418365.0
1979-04-05,0.4025,0.4025,0.3995,0.3995,1803398.0
1979-04-06,0.3995,0.4033,0.3995,0.401,2071267.0
1979-04-09,0.401,0.401,0.3951,0.4003,1456301.0
1979-04-10,0.4003,0.4033,0.3995,0.4033,2365546.0
1979-04-11,0.4033,0.4033,0.3966,0.3966,1810944.0
1979-04-12,0.3966,0.398,0.3921,0.3921,1497802.0
1979-04-16,0.3906,0.3906,0.3868,0.3898,1618531.0
1979-04-17,0.3898,0.3928,0.3898,0.3921,1739261.0
1979-04-18,0.3921,0.3966,0.3913,0.3966,3603024.0
1979-04-19,0.3966,0.398,0.3936,0.398,1633622.0
1979-04-20,0.3966,0.3966,0.3913,0.3951,1814717.0
1979-04-23,0.3921,0.3921,0.3868,0.3906,8734032.0
1979-04-24,0.3906,0.3951,0.3906,0.3943,5474333.0
1979-04-25,0.3943,0.3973,0.3921,0.3973,1709078.0
1979-04-26,0.3973,0.401,0.3921,0.401,1852445.0
1979-04-27,0.4018,0.4085,0.4018,0.4063,2542867.0
1979-04-30,0.4063,0.4123,0.4055,0.41,3769027.0
1979-05-01,0.41,0.4115,0.4085,0.41,4119898.0
1979-05-02,0.4093,0.4093,0.4055,0.4063,2897510.0
1979-05-03,0.4063,0.4078,0.404,0.4048,2067494.0
1979-05-04,0.4048,0.4063,0.3995,0.3995,1237478.0
1979-05-07,0.3973,0.3973,0.3913,0.3913,2199542.0
1979-05-08,0.3913,0.3988,0.3891,0.3966,2761690.0
1979-05-09,0.3966,0.3966,0.3906,0.3921,2112768.0
1979-05-10,0.3891,0.3891,0.3831,0.3831,3263472.0
1979-05-11,0.3831,0.3921,0.3816,0.3906,1324253.0
1979-05-14,0.3906,0.3913,0.3876,0.3891,1014883.0
1979-05-15,0.3891,0.3936,0.3868,0.3876,4448131.0
1979-05-16,0.3868,0.3868,0.3771,0.3793,4368902.0
1979-05-17,0.3801,0.3906,0.3801,0.3883,2467411.0
1979-05-18,0.3883,0.3906,0.3831,0.3853,1029974.0
1979-05-21,0.3861,0.3898,0.3861,0.3861,1505347.0
1979-05-22,0.3861,0.3891,0.3853,0.3861,1682669.0
1979-05-23,0.3861,0.3891,0.3838,0.3846,2301408.0
1979-05-24,0.3846,0.3846,0.3786,0.3801,7760650.0
1979-05-25,0.383,0.386,0.3799,0.3845,2324045.0
1979-05-29,0.3845,0.3852,0.3814,0.383,1788307.0
1979-05-30,0.3814,0.3814,0.3777,0.3777,3429475.0
1979-05-31,0.3777,0.3807,0.3769,0.3784,2056176.0
1979-06-01,0.3784,0.3814,0.3784,0.3784,1139386.0
1979-06-04,0.3784,0.3807,0.3784,0.3807,773424.0
1979-06-05,0.3807,0.3875,0.3807,0.3845,1792080.0
1979-06-06,0.3845,0.3943,0.3837,0.3935,1897718.0
1979-06-07,0.3935,0.398,0.392,0.3965,1709078.0
1979-06-08,0.395,0.395,0.3905,0.3928,2090131.0
1979-06-11,0.3928,0.3973,0.3905,0.3973,826243.0
1979-06-12,0.3973,0.4033,0.3965,0.401,1660032.0
1979-06-13,0.401,0.4041,0.4003,0.4003,950746.0
1979-06-14,0.3988,0.3988,0.3935,0.3965,1275206.0
1979-06-15,0.3965,0.4003,0.3958,0.3973,1833581.0
1979-06-18,0.3973,0.3973,0.392,0.3935,2444774.0
1979-06-19,0.3935,0.3973,0.3928,0.395,1992038.0
1979-06-20,0.395,0.395,0.3905,0.3905,2048630.0
1979-06-21,0.3905,0.395,0.3905,0.392,3369110.0
1979-06-22,0.392,0.395,0.392,0.3928,939427.0
1979-06-25,0.3928,0.3958,0.392,0.395,1384618.0
1979-06-26,0.395,0.3973,0.3905,0.3905,2957875.0
1979-06-27,0.3905,0.3958,0.3897,0.3958,1592122.0
1979-06-28,0.3958,0.398,0.392,0.3958,2429683.0
1979-06-29,0.3995,0.4071,0.3995,0.4071,3908621.0
1979-07-02,0.4026,0.4026,0.395,0.395,1320480.0
1979-07-03,0.395,0.4048,0.395,0.4041,2022221.0
1979-07-05,0.4041,0.4056,0.4018,0.4018,1278979.0
1979-07-06,0.4026,0.4101,0.4026,0.4086,2331590.0
1979-07-09,0.4116,0.4176,0.4116,0.4139,3282336.0
1979-07-10,0.4139,0.4161,0.4124,0.4146,3437021.0
1979-07-11,0.4146,0.4146,0.4086,0.4139,1369526.0
1979-07-12,0.4124,0.4124,0.4026,0.4071,2090131.0
1979-07-13,0.4071,0.4086,0.4026,0.4071,1252570.0
1979-07-16,0.4071,0.4093,0.4048,0.4093,1309162.0
1979-07-17,0.4086,0.4086,0.398,0.4003,2256134.0
1979-07-18,0.4003,0.4041,0.392,0.4026,2603232.0
1979-07-19,0.4026,0.4056,0.395,0.3988,5263056.0
1979-07-20,0.3988,0.4033,0.3988,0.401,1218614.0
1979-07-23,0.401,0.401,0.395,0.3973,1361981.0
1979-07-24,0.3973,0.3988,0.3958,0.3973,1260115.0
1979-07-25,0.3973,0.4026,0.3965,0.4026,1701533.0
1979-07-26,0.4026,0.4071,0.401,0.4063,2256134.0
1979-07-27,0.4018,0.4018,0.3965,0.3995,1671350.0
1979-07-30,0.3995,0.4026,0.398,0.3995,1531757.0
1979-07-31,0.3995,0.4018,0.398,0.3995,1592122.0
1979-08-01,0.3995,0.4026,0.3965,0.4018,2108995.0
1979-08-02,0.4018,0.4056,0.398,0.4003,2135405.0
1979-08-03,0.4003,0.4018,0.395,0.395,1750579.0
1979-08-06,0.395,0.398,0.3943,0.398,2086358.0
1979-08-07,0.398,0.4041,0.398,0.4026,5708246.0
1979-08-08,0.4026,0.4071,0.4026,0.4071,2908829.0
1979-08-09,0.4071,0.4086,0.4048,0.4071,2950330.0
1979-08-10,0.4071,0.4093,0.4041,0.4063,3459658.0
1979-08-13,0.4078,0.4154,0.4078,0.4154,5183827.0
1979-08-14,0.4154,0.4176,0.4146,0.4169,2293862.0
1979-08-15,0.4169,0.4252,0.4161,0.4252,3282336.0
1979-08-16,0.4267,0.4312,0.4267,0.4282,7941744.0
1979-08-17,0.4282,0.4304,0.4252,0.4289,2225952.0
1979-08-20,0.4289,0.4312,0.4267,0.4289,3437021.0
1979-08-21,0.4289,0.4297,0.4252,0.4297,1105430.0
1979-08-22,0.4297,0.4297,0.4252,0.4274,1592122.0
1979-08-23,0.4267,0.4267,0.4222,0.4222,1678896.0
1979-08-24,0.4214,0.4214,0.4176,0.4191,1384618.0
1979-08-27,0.4191,0.4259,0.4161,0.4206,2501366.0
1979-08-28,0.4206,0.4237,0.4206,0.4222,1652486.0
1979-08-29,0.4222,0.4252,0.4214,0.4237,1561939.0
1979-08-30,0.4237,0.4237,0.4214,0.4237,2063722.0
1979-08-31,0.4265,0.4265,0.422,0.422,980928.0
1979-09-04,0.422,0.4243,0.4159,0.4174,3550205.0
1979-09-05,0.4144,0.4144,0.4098,0.4114,2142950.0
1979-09-06,0.4114,0.4129,0.4053,0.4053,4319856.0
1979-09-07,0.4053,0.4121,0.4007,0.4098,1097885.0
1979-09-10,0.4098,0.4129,0.4083,0.4106,2018448.0
1979-09-11,0.4091,0.4091,0.3977,0.4038,3584160.0
1979-09-12,0.4038,0.4045,0.4,0.4015,2210861.0
1979-09-13,0.4015,0.4045,0.4007,0.4023,1471392.0
1979-09-14,0.4023,0.4068,0.4015,0.4038,1973174.0
1979-09-17,0.4038,0.4076,0.4038,0.4068,1116749.0
1979-09-18,0.4053,0.4053,0.3992,0.4023,2127859.0
1979-09-19,0.4023,0.4061,0.4015,0.4038,1769443.0
1979-09-20,0.4038,0.4061,0.403,0.4053,1501574.0
1979-09-21,0.4083,0.4129,0.4083,0.4106,3301200.0
1979-09-24,0.4106,0.4129,0.4098,0.4106,1505347.0
1979-09-25,0.4106,0.4144,0.4083,0.4129,2165587.0
1979-09-26,0.4144,0.4235,0.4144,0.419,2769235.0
1979-09-27,0.419,0.422,0.4174,0.419,1260115.0
1979-09-28,0.419,0.4212,0.4159,0.4174,1720397.0
1979-10-01,0.4174,0.4174,0.4129,0.4136,962064.0
1979-10-02,0.4136,0.4326,0.4098,0.4303,7157002.0
1979-10-03,0.4296,0.4296,0.422,0.4265,4342493.0
1979-10-04,0.4265,0.4303,0.425,0.4281,2640960.0
1979-10-05,0.4281,0.4311,0.4281,0.4281,4142534.0
1979-10-08,0.4281,0.4334,0.4235,0.4235,2735280.0
1979-10-09,0.4159,0.4159,0.4098,0.4114,3784118.0
1979-10-10,0.4068,0.4068,0.3916,0.4007,8439754.0
1979-10-11,0.4007,0.4053,0.3932,0.3977,3618115.0
1979-10-12,0.3977,0.4023,0.3977,0.3977,2591914.0
1979-10-15,0.3977,0.4023,0.3916,0.3954,3995395.0
1979-10-16,0.3969,0.4023,0.3969,0.3992,2199542.0
1979-10-17,0.4007,0.4061,0.4007,0.4007,1810944.0
1979-10-18,0.4007,0.4045,0.4007,0.4015,1429891.0
1979-10-19,0.4,0.4,0.3924,0.3924,3889757.0
1979-10-22,0.3924,0.3962,0.3871,0.3954,3753936.0
1979-10-23,0.3954,0.3969,0.3901,0.3924,2078813.0
1979-10-24,0.3924,0.3969,0.3901,0.3932,1905264.0
1979-10-25,0.3932,0.4007,0.3916,0.3939,1814717.0
1979-10-26,0.3954,0.3992,0.3954,0.3992,1509120.0
1979-10-29,0.3992,0.4023,0.3977,0.3977,2063722.0
1979-10-30,0.3977,0.4061,0.3954,0.4061,1256342.0
1979-10-31,0.4061,0.4076,0.4015,0.4015,1260115.0
1979-11-01,0.4015,0.4053,0.4007,0.4038,1482710.0
1979-11-02,0.4038,0.4068,0.4023,0.4038,946973.0
1979-11-05,0.4023,0.4023,0.3969,0.4007,788515.0
1979-11-06,0.3992,0.3992,0.3962,0.3977,1018656.0
1979-11-07,0.3977,0.3985,0.3932,0.3954,2754144.0
1979-11-08,0.3954,0.4038,0.3932,0.3939,4112352.0
1979-11-09,0.3962,0.4038,0.3962,0.4015,1041293.0
1979-11-12,0.4015,0.4159,0.4015,0.4159,1184659.0
1979-11-13,0.4144,0.4144,0.4098,0.4121,1177114.0
1979-11-14,0.4121,0.4182,0.4045,0.4182,2557958.0
1979-11-15,0.4182,0.425,0.4182,0.422,4625453.0
1979-11-16,0.422,0.4273,0.4174,0.4174,1614758.0
1979-11-19,0.4174,0.425,0.4144,0.4159,1852445.0
1979-11-20,0.4159,0.4212,0.4144,0.4197,1146931.0
1979-11-21,0.4197,0.4235,0.4083,0.422,2701325.0
1979-11-23,0.4235,0.4311,0.4235,0.4296,2806963.0
1979-11-26,0.4326,0.4478,0.4326,0.444,3927485.0
1979-11-27,0.444,0.4486,0.4417,0.4432,2033539.0
1979-11-28,0.4432,0.4486,0.4379,0.4486,1516666.0
1979-11-29,0.4486,0.4493,0.4432,0.4455,1063930.0
1979-11-30,0.444,0.444,0.4395,0.4395,1901491.0
1979-12-03,0.4399,0.4399,0.4361,0.4376,1524211.0
1979-12-04,0.4376,0.4445,0.4368,0.443,2041085.0
1979-12-05,0.443,0.446,0.4399,0.4414,1622304.0
1979-12-06,0.4422,0.4499,0.4422,0.4499,2252362.0
1979-12-07,0.4499,0.4544,0.4499,0.4506,3293654.0
1979-12-10,0.4499,0.4499,0.4407,0.4483,2154269.0
1979-12-11,0.4483,0.4483,0.4422,0.4437,2448547.0
1979-12-12,0.4422,0.4422,0.4391,0.4399,2222179.0
1979-12-13,0.4399,0.4422,0.4376,0.4391,1478938.0
1979-12-14,0.4407,0.4499,0.4407,0.4499,3655843.0
1979-12-17,0.4499,0.4529,0.4453,0.4483,2920147.0
1979-12-18,0.4483,0.4499,0.4422,0.4422,3022013.0
1979-12-19,0.4422,0.4422,0.4376,0.4407,3116333.0
1979-12-20,0.4414,0.4468,0.4414,0.446,2139178.0
1979-12-21,0.4483,0.4499,0.4483,0.4499,1222387.0
1979-12-24,0.4491,0.4491,0.4453,0.446,596102.0
1979-12-26,0.446,0.4468,0.4437,0.4437,762106.0
1979-12-27,0.4437,0.4491,0.4437,0.4491,830016.0
1979-12-28,0.4483,0.4483,0.4453,0.4476,837562.0
1979-12-31,0.4476,0.4491,0.4422,0.4422,758333.0
1980-01-02,0.4422,0.4445,0.4323,0.433,4206672.0
1980-01-03,0.433,0.4391,0.4254,0.4391,2176906.0
1980-01-04,0.4407,0.4483,0.4407,0.4422,2018448.0
1980-01-07,0.4422,0.4522,0.4422,0.446,1905264.0
1980-01-08,0.446,0.4606,0.4445,0.459,3263472.0
1980-01-09,0.459,0.4613,0.4544,0.456,3248381.0
1980-01-10,0.456,0.4621,0.456,0.4606,2995603.0
1980-01-11,0.4606,0.4629,0.4453,0.4468,2788099.0
1980-01-14,0.4499,0.456,0.4499,0.4499,1486483.0
1980-01-15,0.4499,0.4506,0.4453,0.4453,1531757.0
1980-01-16,0.4453,0.4499,0.443,0.4445,1927901.0
1980-01-17,0.4445,0.4468,0.4346,0.4346,2056176.0
1980-01-18,0.433,0.433,0.4269,0.4315,5708246.0
1980-01-21,0.4315,0.4338,0.43,0.4323,2173133.0
1980-01-22,0.4323,0.433,0.4246,0.4284,8945309.0
1980-01-23,0.4284,0.433,0.4261,0.43,3369110.0
1980-01-24,0.43,0.4353,0.4254,0.43,3271018.0
1980-01-25,0.43,0.4307,0.4269,0.4284,1444982.0
1980-01-28,0.4277,0.4277,0.4177,0.4261,2350454.0
1980-01-29,0.4254,0.4254,0.4177,0.4215,2701325.0
1980-01-30,0.4215,0.4269,0.4193,0.4269,1795853.0
1980-01-31,0.4269,0.4315,0.4193,0.4193,2373091.0
1980-02-01,0.417,0.417,0.4078,0.4139,3648298.0
1980-02-04,0.4147,0.4177,0.4147,0.4177,2840918.0
1980-02-05,0.4177,0.4223,0.4177,0.4185,3406838.0
1980-02-06,0.4185,0.4238,0.4131,0.4177,4508496.0
1980-02-07,0.4177,0.4185,0.4062,0.4062,4278355.0
1980-02-08,0.4062,0.4147,0.4009,0.404,5549789.0
1980-02-11,0.404,0.4116,0.404,0.4116,3203107.0
1980-02-12,0.4116,0.4223,0.4101,0.4223,2191997.0
1980-02-13,0.4223,0.4231,0.4108,0.4108,2988058.0
1980-02-14,0.4108,0.4162,0.407,0.4101,2063722.0
1980-02-15,0.4085,0.4085,0.4009,0.4024,2754144.0
1980-02-19,0.4024,0.4024,0.3963,0.3963,2414592.0
1980-02-20,0.3963,0.4116,0.3963,0.4116,3101242.0
1980-02-21,0.4116,0.4154,0.3948,0.3978,3418157.0
1980-02-22,0.3978,0.4032,0.3963,0.3994,5368694.0
1980-02-25,0.3978,0.3978,0.3932,0.3978,2663597.0
1980-02-26,0.3963,0.3963,0.3887,0.3925,3414384.0
1980-02-27,0.3925,0.3932,0.3787,0.3795,4806547.0
1980-02-28,0.383,0.3892,0.373,0.3745,3904848.0
1980-02-29,0.3784,0.3915,0.3784,0.3915,4127443.0
1980-03-03,0.3915,0.3946,0.383,0.3846,2799418.0
1980-03-04,0.3799,0.3799,0.3738,0.3768,4489632.0
1980-03-05,0.3768,0.3792,0.3699,0.3707,4972550.0
1980-03-06,0.3691,0.3691,0.3599,0.3629,5696928.0
1980-03-07,0.3629,0.3753,0.3629,0.373,4761274.0
1980-03-10,0.373,0.3822,0.3707,0.3822,3968986.0
1980-03-11,0.3861,0.3907,0.3861,0.3907,5738429.0
1980-03-12,0.39,0.39,0.3768,0.3807,5927069.0
1980-03-13,0.3822,0.3892,0.3822,0.3861,3342701.0
1980-03-14,0.3861,0.3877,0.3807,0.3822,2048630.0
1980-03-17,0.3807,0.3807,0.3722,0.373,1229933.0
1980-03-18,0.373,0.3892,0.373,0.3869,3429475.0
1980-03-19,0.3869,0.3884,0.3838,0.3838,4104806.0
1980-03-20,0.3838,0.3853,0.3799,0.383,3731299.0
1980-03-21,0.383,0.3846,0.3807,0.3815,2150496.0
1980-03-24,0.3815,0.383,0.3707,0.3753,2780554.0
1980-03-25,0.3753,0.3884,0.3738,0.3884,1675123.0
1980-03-26,0.3884,0.3938,0.383,0.383,3704890.0
1980-03-27,0.383,0.3892,0.3792,0.3877,2825827.0
1980-03-28,0.3884,0.4,0.3884,0.3985,3335155.0
1980-03-31,0.3985,0.4201,0.3961,0.417,3667162.0
1980-04-01,0.417,0.4224,0.4139,0.4185,5855386.0
1980-04-02,0.4185,0.4255,0.4139,0.4209,3361565.0
1980-04-03,0.4209,0.4224,0.4178,0.4216,3463430.0
1980-04-07,0.4216,0.4216,0.4062,0.4062,4168944.0
1980-04-08,0.4062,0.41,0.4046,0.407,2799418.0
1980-04-09,0.407,0.4155,0.4062,0.4147,2301408.0
1980-04-10,0.4147,0.4155,0.4116,0.4155,1614758.0
1980-04-11,0.4155,0.417,0.4093,0.4093,1976947.0
1980-04-14,0.4077,0.4077,0.4,0.4023,2388182.0
1980-04-15,0.4023,0.4054,0.4016,0.4039,1380845.0
1980-04-16,0.4039,0.4093,0.4031,0.4046,863971.0
1980-04-17,0.4046,0.4046,0.4,0.4046,2376864.0
1980-04-18,0.4046,0.4062,0.3938,0.3969,3467203.0
1980-04-21,0.3954,0.3954,0.39,0.3931,2848464.0
1980-04-22,0.4023,0.4147,0.4023,0.4147,3678480.0
1980-04-23,0.4147,0.4201,0.4116,0.4124,2376864.0
1980-04-24,0.4124,0.4216,0.4093,0.417,4425494.0
1980-04-25,0.417,0.4201,0.4139,0.4185,1709078.0
1980-04-28,0.4185,0.4224,0.4185,0.4201,4542451.0
1980-04-29,0.4201,0.4224,0.417,0.4185,2305181.0
1980-04-30,0.4185,0.4193,0.4162,0.4193,1109203.0
1980-05-01,0.4193,0.4193,0.4108,0.4139,1316707.0
1980-05-02,0.4139,0.4155,0.4077,0.4139,2327818.0
1980-05-05,0.4139,0.4193,0.4139,0.4185,1207296.0
1980-05-06,0.4185,0.434,0.4185,0.4294,3455885.0
1980-05-07,0.4294,0.4355,0.4263,0.4278,5036688.0
1980-05-08,0.4294,0.434,0.4294,0.4309,3516250.0
1980-05-09,0.4301,0.4301,0.4247,0.4263,5146099.0
1980-05-12,0.4263,0.4278,0.4216,0.4255,1746806.0
1980-05-13,0.4255,0.4294,0.4239,0.4255,1709078.0
1980-05-14,0.4263,0.4317,0.4263,0.4294,2716416.0
1980-05-15,0.4294,0.4355,0.4294,0.4309,4965005.0
1980-05-16,0.4309,0.4355,0.4309,0.4355,2346682.0
1980-05-19,0.4355,0.4355,0.4309,0.4324,1531757.0
1980-05-20,0.4324,0.434,0.4309,0.4324,1750579.0
1980-05-21,0.4324,0.444,0.4324,0.4417,4685818.0
1980-05-22,0.4417,0.4471,0.4386,0.4386,2674915.0
1980-05-23,0.4386,0.444,0.4371,0.4378,3550205.0
1980-05-27,0.4378,0.4417,0.4363,0.4402,2871101.0
1980-05-28,0.4402,0.4433,0.4386,0.4425,1882627.0
1980-05-29,0.4425,0.4425,0.4386,0.4394,2486275.0
1980-05-30,0.4394,0.4417,0.4348,0.4417,1961856.0
1980-06-02,0.4422,0.4422,0.4398,0.4414,3123878.0
1980-06-03,0.4398,0.4398,0.4344,0.4375,2116541.0
1980-06-04,0.4375,0.4453,0.436,0.4437,2395728.0
1980-06-05,0.4437,0.4468,0.4398,0.4406,2693779.0
1980-06-06,0.4406,0.4476,0.4375,0.4476,3991622.0
1980-06-09,0.4476,0.4484,0.4453,0.4461,1203523.0
1980-06-10,0.4461,0.45,0.4461,0.4461,1512893.0
1980-06-11,0.4461,0.4476,0.4437,0.4445,2173133.0
1980-06-12,0.4445,0.4484,0.4422,0.4468,2301408.0
1980-06-13,0.4468,0.45,0.4453,0.4468,1331798.0
1980-06-16,0.4468,0.4484,0.4437,0.4437,1173341.0
1980-06-17,0.4437,0.4453,0.4406,0.4445,2029766.0
1980-06-18,0.4445,0.4468,0.4406,0.4453,2693779.0
1980-06-19,0.4453,0.4484,0.4406,0.4406,4674499.0
1980-06-20,0.4406,0.4422,0.4383,0.4406,2731507.0
1980-06-23,0.4406,0.4445,0.4406,0.4422,1886400.0
1980-06-24,0.4422,0.4437,0.4375,0.4406,6304349.0
1980-06-25,0.4406,0.4562,0.4406,0.4546,7734240.0
1980-06-26,0.4546,0.4577,0.4476,0.4476,4738637.0
1980-06-27,0.4476,0.4484,0.4437,0.4453,2418365.0
1980-06-30,0.4445,0.4445,0.4383,0.4406,1859990.0
1980-07-01,0.4406,0.4476,0.4406,0.4468,2463638.0
1980-07-02,0.4484,0.4515,0.4484,0.4484,2595686.0
1980-07-03,0.45,0.4554,0.45,0.4546,4085942.0
1980-07-07,0.4554,0.4601,0.4554,0.4562,3916166.0
1980-07-08,0.457,0.4601,0.457,0.4593,2505139.0
1980-07-09,0.4593,0.464,0.4562,0.4593,4606589.0
1980-07-10,0.4593,0.4624,0.4562,0.4562,4078397.0
1980-07-11,0.4562,0.457,0.4531,0.4531,2029766.0
1980-07-14,0.4531,0.4679,0.4523,0.4671,3984077.0
1980-07-15,0.4671,0.4725,0.4671,0.4671,3010694.0
1980-07-16,0.4671,0.4749,0.4655,0.4702,2984285.0
1980-07-17,0.4702,0.4718,0.4648,0.4702,3957667.0
1980-07-18,0.4718,0.4788,0.4718,0.4733,2871101.0
1980-07-21,0.4733,0.4858,0.4702,0.4858,3037104.0
1980-07-22,0.4858,0.4873,0.4749,0.4749,5149872.0
1980-07-23,0.4749,0.4819,0.4733,0.4757,3301200.0
1980-07-24,0.4757,0.4764,0.4686,0.4725,3946349.0
1980-07-25,0.4725,0.4733,0.4671,0.4686,1577030.0
1980-07-28,0.4686,0.4764,0.4671,0.4741,988474.0
1980-07-29,0.4741,0.478,0.4733,0.478,2607005.0
1980-07-30,0.478,0.4842,0.4772,0.478,1724170.0
1980-07-31,0.478,0.4811,0.471,0.4811,2524003.0
1980-08-01,0.4811,0.492,0.4764,0.4811,3731299.0
1980-08-04,0.4811,0.4858,0.4749,0.4858,2946557.0
1980-08-05,0.4858,0.492,0.4811,0.4827,1588349.0
1980-08-06,0.4827,0.4827,0.4749,0.478,6111936.0
1980-08-07,0.478,0.4827,0.4749,0.4827,3135197.0
1980-08-08,0.4866,0.492,0.4866,0.4873,4610362.0
1980-08-11,0.4873,0.492,0.4873,0.4904,1139386.0
1980-08-12,0.4904,0.4951,0.4858,0.4858,2165587.0
1980-08-13,0.4858,0.4897,0.4842,0.4858,1444982.0
1980-08-14,0.4858,0.4936,0.4858,0.4897,1403482.0
1980-08-15,0.4897,0.4959,0.4897,0.4959,1229933.0
1980-08-18,0.4936,0.4936,0.4858,0.4873,1177114.0
1980-08-19,0.4866,0.4866,0.4811,0.4811,1346890.0
1980-08-20,0.4811,0.4873,0.4803,0.4858,1414800.0
1980-08-21,0.4889,0.4982,0.4889,0.4967,2806963.0
1980-08-22,0.4967,0.4982,0.4936,0.4943,1516666.0
1980-08-25,0.4936,0.4936,0.4889,0.4904,924336.0
1980-08-26,0.4904,0.4904,0.4858,0.4889,1448755.0
1980-08-27,0.4873,0.4873,0.4842,0.4842,2795645.0
1980-08-28,0.4842,0.485,0.4795,0.4811,4565088.0
1980-08-29,0.4784,0.4784,0.4737,0.4753,1226160.0
1980-09-02,0.4753,0.4808,0.4745,0.4792,2867328.0
1980-09-03,0.4792,0.4871,0.4784,0.4847,1456301.0
1980-09-04,0.4871,0.4949,0.4871,0.4902,3282336.0
1980-09-05,0.4902,0.4926,0.4855,0.4886,4727318.0
1980-09-08,0.4886,0.4941,0.4847,0.4847,1871309.0
1980-09-09,0.4831,0.4831,0.4745,0.4831,2312726.0
1980-09-10,0.4847,0.491,0.4847,0.4855,2467411.0
1980-09-11,0.4863,0.4894,0.4863,0.4871,1395936.0
1980-09-12,0.4863,0.4863,0.4769,0.4816,2154269.0
1980-09-15,0.4816,0.4824,0.4784,0.48,728150.0
1980-09-16,0.4824,0.4926,0.4824,0.4902,3614342.0
1980-09-17,0.4941,0.502,0.4941,0.4988,2429683.0
1980-09-18,0.4988,0.5067,0.4957,0.4973,2471184.0
1980-09-19,0.4973,0.5082,0.4941,0.5035,1769443.0
1980-09-22,0.5035,0.5098,0.4988,0.5098,2644733.0
1980-09-23,0.5098,0.5145,0.5027,0.5067,2576822.0
1980-09-24,0.5067,0.5114,0.5004,0.5098,3240835.0
1980-09-25,0.5098,0.5169,0.5098,0.5114,4297219.0
1980-09-26,0.5114,0.5114,0.5075,0.5106,2946557.0
1980-09-29,0.5067,0.5067,0.4941,0.4941,3950122.0
1980-09-30,0.4988,0.5035,0.4988,0.5004,2980512.0
1980-10-01,0.5004,0.502,0.4933,0.4996,2946557.0
1980-10-02,0.4996,0.5012,0.4949,0.5004,1626077.0
1980-10-03,0.5004,0.5012,0.4957,0.4988,3901075.0
1980-10-06,0.5004,0.5059,0.5004,0.5035,3557750.0
1980-10-07,0.5035,0.5059,0.5004,0.5004,1169568.0
1980-10-08,0.502,0.5067,0.502,0.5027,1139386.0
1980-10-09,0.502,0.502,0.4973,0.4973,1788307.0
1980-10-10,0.4973,0.5004,0.4894,0.491,2274998.0
1980-10-13,0.491,0.4941,0.4894,0.4933,871517.0
1980-10-14,0.4933,0.5004,0.4926,0.4949,1086566.0
1980-10-15,0.4949,0.5004,0.491,0.4957,1192205.0
1980-10-16,0.4957,0.5051,0.4918,0.4918,2339136.0
1980-10-17,0.4918,0.4941,0.4871,0.4918,1784534.0
1980-10-20,0.491,0.491,0.4863,0.4894,2222179.0
1980-10-21,0.4894,0.4941,0.4894,0.4933,1135613.0
1980-10-22,0.4933,0.4996,0.4894,0.4941,1878854.0
1980-10-23,0.491,0.491,0.4769,0.4769,2241043.0
1980-10-24,0.4769,0.4769,0.462,0.4675,3259699.0
1980-10-27,0.4698,0.4753,0.4698,0.4722,1905264.0
1980-10-28,0.4722,0.4769,0.4643,0.4769,1897718.0
1980-10-29,0.4769,0.4792,0.4722,0.4737,1486483.0
1980-10-30,0.4737,0.4769,0.4588,0.4588,1248797.0
1980-10-31,0.4588,0.4706,0.4588,0.469,1976947.0
1980-11-03,0.4706,0.4792,0.4706,0.4769,1833581.0
1980-11-05,0.4847,0.4988,0.4847,0.4863,6915542.0
1980-11-06,0.4863,0.4863,0.4769,0.4784,1716624.0
1980-11-07,0.4784,0.4824,0.4753,0.4784,1448755.0
1980-11-10,0.4784,0.4816,0.4722,0.4769,2410819.0
1980-11-11,0.4769,0.4784,0.4737,0.4784,1727942.0
1980-11-12,0.4784,0.4816,0.4769,0.48,2618323.0
1980-11-13,0.4808,0.4926,0.4808,0.4926,1792080.0
1980-11-14,0.4926,0.5027,0.4926,0.4996,1792080.0
1980-11-17,0.4996,0.5004,0.4863,0.4988,1373299.0
1980-11-18,0.4988,0.5075,0.4973,0.5067,2161814.0
1980-11-19,0.5067,0.5137,0.5043,0.5043,1629850.0
1980-11-20,0.5035,0.5035,0.5004,0.502,1837354.0
1980-11-21,0.502,0.5067,0.5004,0.5067,1237478.0
1980-11-24,0.5067,0.5067,0.5004,0.502,909245.0
1980-11-25,0.502,0.5067,0.4957,0.4973,2097677.0
1980-11-26,0.4973,0.5012,0.4941,0.4988,2346682.0
1980-11-28,0.4988,0.4988,0.4894,0.4988,1154477.0
1980-12-01,0.498,0.498,0.4831,0.4855,1584576.0
1980-12-02,0.4896,0.492,0.4777,0.492,3882211.0
1980-12-03,0.4912,0.4912,0.4849,0.4896,1229933.0
1980-12-04,0.4896,0.4936,0.4872,0.4872,1595894.0
1980-12-05,0.4872,0.4936,0.4809,0.4857,3761482.0
1980-12-08,0.4809,0.4809,0.473,0.4746,1844899.0
1980-12-09,0.4746,0.4793,0.4698,0.4762,2308954.0
1980-12-10,0.4762,0.4809,0.4698,0.4706,2097677.0
1980-12-11,0.4706,0.4746,0.4643,0.4698,3769027.0
1980-12-12,0.4698,0.473,0.4667,0.473,1467619.0
1980-12-15,0.473,0.4809,0.4714,0.4793,1324253.0
1980-12-16,0.4793,0.4841,0.473,0.477,950746.0
1980-12-17,0.477,0.4793,0.4667,0.4667,4942368.0
1980-12-18,0.473,0.4793,0.473,0.4777,4067078.0
1980-12-19,0.4777,0.4888,0.4754,0.4872,2252362.0
1980-12-22,0.4872,0.5078,0.4872,0.5062,2957875.0
1980-12-23,0.5062,0.5078,0.4983,0.5031,2803190.0
1980-12-24,0.5023,0.5023,0.4951,0.4983,1712851.0
1980-12-26,0.4983,0.5015,0.4967,0.5015,599875.0
1980-12-29,0.5031,0.5086,0.5031,0.5078,2093904.0
1980-12-30,0.5078,0.5284,0.5038,0.5284,8537846.0
1980-12-31,0.5331,0.5442,0.5331,0.5363,3595478.0
1981-01-02,0.5363,0.5442,0.5363,0.5442,1350662.0
1981-01-05,0.5442,0.5505,0.5426,0.5426,2984285.0
1981-01-06,0.5426,0.5505,0.5426,0.5426,2429683.0
1981-01-07,0.5426,0.5426,0.5276,0.5339,5364922.0
1981-01-08,0.5339,0.5379,0.5315,0.5355,2086358.0
1981-01-09,0.5355,0.5442,0.5331,0.5363,3433248.0
1981-01-12,0.5379,0.5458,0.5379,0.5426,1531757.0
1981-01-13,0.5394,0.5394,0.5315,0.5379,3874666.0
1981-01-14,0.5379,0.541,0.5331,0.5339,1211069.0
1981-01-15,0.5339,0.5371,0.5252,0.5371,2433456.0
1981-01-16,0.5371,0.5371,0.5292,0.5331,3572842.0
1981-01-19,0.5331,0.5379,0.5268,0.5331,1618531.0
1981-01-20,0.5331,0.5347,0.522,0.522,2878646.0
1981-01-21,0.522,0.5244,0.5189,0.5244,1260115.0
1981-01-22,0.5244,0.5268,0.5141,0.522,1622304.0
1981-01-23,0.522,0.5228,0.5173,0.5189,1471392.0
1981-01-26,0.5189,0.5284,0.5157,0.5284,1988266.0
1981-01-27,0.5315,0.5363,0.5315,0.5347,1652486.0
1981-01-28,0.5347,0.5363,0.5236,0.5252,2410819.0
1981-01-29,0.5252,0.5252,0.5189,0.5205,1958083.0
1981-01-30,0.5205,0.5315,0.5189,0.5236,1343117.0
1981-02-02,0.522,0.522,0.5141,0.5205,1999584.0
1981-02-03,0.5197,0.5197,0.5141,0.5157,2127859.0
1981-02-04,0.5157,0.5157,0.5078,0.5133,1776989.0
1981-02-05,0.5133,0.5149,0.5086,0.5086,1316707.0
1981-02-06,0.5086,0.5149,0.5046,0.511,1905264.0
1981-02-09,0.511,0.5149,0.5094,0.5141,1256342.0
1981-02-10,0.5141,0.522,0.5094,0.5189,2942784.0
1981-02-11,0.5181,0.5181,0.511,0.511,2927693.0
1981-02-12,0.5102,0.5102,0.5062,0.5062,1437437.0
1981-02-13,0.5062,0.5094,0.5038,0.5062,1233706.0
1981-02-17,0.5062,0.5094,0.5046,0.5046,3237062.0
1981-02-18,0.5046,0.5118,0.5046,0.511,1610986.0
1981-02-19,0.5133,0.5252,0.5133,0.5189,5836522.0
1981-02-20,0.5189,0.5244,0.5102,0.5102,1931674.0
1981-02-23,0.511,0.5149,0.511,0.5149,2380637.0
1981-02-24,0.5149,0.5149,0.511,0.5125,4097261.0
1981-02-25,0.5125,0.5149,0.5094,0.5094,3206880.0
1981-02-26,0.5133,0.5228,0.5133,0.5189,5380013.0
1981-02-27,0.5205,0.5299,0.5205,0.5284,2727734.0
1981-03-02,0.5325,0.5421,0.5293,0.5421,2131632.0
1981-03-03,0.5405,0.5405,0.5309,0.5325,2637187.0
1981-03-04,0.5325,0.5437,0.5325,0.5437,3772800.0
1981-03-05,0.5437,0.5445,0.5373,0.5381,2082586.0
1981-03-06,0.5381,0.5429,0.5357,0.5413,1569485.0
1981-03-09,0.5413,0.5477,0.5397,0.5421,2708870.0
1981-03-10,0.5421,0.55,0.5413,0.5421,4704682.0
1981-03-11,0.5421,0.5445,0.5341,0.5389,5459242.0
1981-03-12,0.5389,0.5421,0.5357,0.5421,1958083.0
1981-03-13,0.5429,0.554,0.5429,0.5453,3482294.0
1981-03-16,0.5453,0.5485,0.5405,0.5421,3003149.0
1981-03-17,0.5421,0.5437,0.5389,0.5397,2637187.0
1981-03-18,0.5397,0.5453,0.5365,0.5453,1965629.0
1981-03-19,0.5453,0.5477,0.5405,0.5405,2173133.0
1981-03-20,0.5421,0.5516,0.5421,0.5477,4225536.0
1981-03-23,0.5485,0.5676,0.5485,0.5644,3225744.0
1981-03-24,0.5644,0.5684,0.5548,0.5564,3833165.0
1981-03-25,0.5564,0.5612,0.5548,0.5612,2633414.0
1981-03-26,0.558,0.558,0.5493,0.5532,2840918.0
1981-03-27,0.5524,0.5524,0.5469,0.5469,1663805.0
1981-03-30,0.5437,0.5437,0.5365,0.5373,2856010.0
1981-03-31,0.5389,0.5437,0.5389,0.5397,2169360.0
1981-04-01,0.5421,0.5692,0.5421,0.5676,9281088.0
1981-04-02,0.5676,0.5787,0.5548,0.5612,14891242.0
1981-04-03,0.5612,0.5612,0.5548,0.558,6719357.0
1981-04-06,0.558,0.5708,0.5532,0.5692,4802774.0
1981-04-07,0.5692,0.5851,0.5684,0.5795,6300576.0
1981-04-08,0.5779,0.5779,0.5748,0.5772,2610778.0
1981-04-09,0.5772,0.5803,0.5676,0.5756,7632374.0
1981-04-10,0.5756,0.5764,0.5708,0.5748,3089923.0
1981-04-13,0.5748,0.5764,0.5676,0.574,3199334.0
1981-04-14,0.574,0.5772,0.5708,0.5732,3493613.0
1981-04-15,0.5732,0.5795,0.5732,0.5795,2441002.0
1981-04-16,0.5795,0.5995,0.5748,0.5947,3753936.0
1981-04-20,0.5947,0.6146,0.5931,0.6106,4116125.0
1981-04-21,0.6106,0.6122,0.5995,0.6011,5783702.0
1981-04-22,0.5987,0.5987,0.5867,0.5899,3885984.0
1981-04-23,0.5899,0.5939,0.5819,0.5859,3527568.0
1981-04-24,0.5859,0.6011,0.5843,0.5963,2459866.0
1981-04-27,0.5963,0.6058,0.5883,0.5931,2305181.0
1981-04-28,0.5931,0.5947,0.5819,0.5883,1867536.0
1981-04-29,0.5883,0.5907,0.5843,0.5891,1535530.0
1981-04-30,0.5891,0.5915,0.5772,0.5803,2131632.0
1981-05-01,0.5803,0.5859,0.5748,0.5803,1524211.0
1981-05-04,0.5716,0.5716,0.5628,0.5644,3421930.0
1981-05-05,0.5636,0.5636,0.5469,0.5564,3693571.0
1981-05-06,0.5604,0.5668,0.5604,0.5636,2308954.0
1981-05-07,0.5636,0.5708,0.5628,0.5684,1671350.0
1981-05-08,0.5684,0.5756,0.5684,0.5708,2007130.0
1981-05-11,0.5716,0.5772,0.5716,0.5724,2124086.0
1981-05-12,0.5748,0.5835,0.5748,0.5827,2210861.0
1981-05-13,0.5827,0.5835,0.5724,0.5732,1754352.0
1981-05-14,0.5732,0.5779,0.5724,0.5779,1705306.0
1981-05-15,0.5795,0.5931,0.5795,0.5931,2354227.0
1981-05-18,0.5963,0.6082,0.5963,0.6082,3531341.0
1981-05-19,0.6082,0.6122,0.5939,0.5971,3686026.0
1981-05-20,0.5971,0.5971,0.5819,0.5891,2335363.0
1981-05-21,0.5891,0.5891,0.5803,0.5835,2663597.0
1981-05-22,0.5835,0.5867,0.5716,0.574,1844899.0
1981-05-26,0.5748,0.5843,0.5748,0.5779,2512685.0
1981-05-27,0.5883,0.6019,0.5883,0.5971,5247965.0
1981-05-28,0.5971,0.625,0.5931,0.621,8854762.0
1981-05-29,0.6322,0.6473,0.6322,0.6409,13023706.0
1981-06-01,0.6451,0.6611,0.6435,0.6563,10114877.0
1981-06-02,0.6563,0.6563,0.6427,0.6443,13468896.0
1981-06-03,0.6443,0.6451,0.6395,0.6443,4346266.0
1981-06-04,0.6443,0.6483,0.6427,0.6427,4938595.0
1981-06-05,0.6427,0.6443,0.6355,0.6403,2252362.0
1981-06-08,0.6403,0.6435,0.6379,0.6411,2708870.0
1981-06-09,0.6419,0.6579,0.6419,0.6571,5236646.0
1981-06-10,0.6571,0.6571,0.6242,0.6355,16298496.0
1981-06-11,0.6355,0.6387,0.6226,0.6379,14272502.0
1981-06-12,0.6379,0.6411,0.6323,0.6395,4233082.0
1981-06-15,0.6419,0.6483,0.6419,0.6427,4018032.0
1981-06-16,0.6427,0.6563,0.6419,0.6483,6775949.0
1981-06-17,0.6483,0.6499,0.6435,0.6467,3802982.0
1981-06-18,0.6467,0.6475,0.6419,0.6427,2086358.0
1981-06-19,0.6427,0.6467,0.6403,0.6435,3097469.0
1981-06-22,0.6435,0.6467,0.6419,0.6435,2373091.0
1981-06-23,0.6435,0.6451,0.6411,0.6411,3199334.0
1981-06-24,0.6411,0.6419,0.6339,0.6371,2535322.0
1981-06-25,0.6371,0.6467,0.6355,0.6371,2195770.0
1981-06-26,0.6371,0.6379,0.6178,0.6226,4689590.0
1981-06-29,0.6178,0.6178,0.6074,0.6082,2082586.0
1981-06-30,0.6082,0.6082,0.5905,0.5937,2331590.0
1981-07-01,0.5937,0.6002,0.5873,0.597,3493613.0
1981-07-02,0.597,0.6018,0.5913,0.5937,2663597.0
1981-07-06,0.5937,0.597,0.5881,0.5921,3048422.0
1981-07-07,0.5921,0.6002,0.5889,0.5921,3033331.0
1981-07-08,0.5905,0.5905,0.5761,0.5849,4908413.0
1981-07-09,0.5849,0.5889,0.5849,0.5873,2350454.0
1981-07-10,0.5873,0.5905,0.5857,0.5889,1644941.0
1981-07-13,0.5889,0.5905,0.5841,0.5841,1343117.0
1981-07-14,0.5841,0.5857,0.5809,0.5857,5527152.0
1981-07-15,0.5857,0.5865,0.5761,0.5777,2886192.0
1981-07-16,0.5777,0.5921,0.5769,0.5921,2354227.0
1981-07-17,0.5921,0.6098,0.5905,0.6098,2158042.0
1981-07-20,0.6058,0.6058,0.5986,0.6018,2746598.0
1981-07-21,0.5986,0.5986,0.5873,0.5889,3286109.0
1981-07-22,0.5889,0.5913,0.5753,0.5769,2018448.0
1981-07-23,0.5769,0.5777,0.5721,0.5729,2290090.0
1981-07-24,0.5745,0.5825,0.5745,0.5825,2033539.0
1981-07-27,0.5825,0.5905,0.5809,0.5897,1920355.0
1981-07-28,0.5897,0.5897,0.5809,0.5825,2059949.0
1981-07-29,0.5825,0.5865,0.5777,0.5777,1735488.0
1981-07-30,0.5777,0.5889,0.5761,0.5873,2105222.0
1981-07-31,0.5873,0.5929,0.5873,0.5921,2184451.0
1981-08-03,0.5921,0.5994,0.5897,0.5945,1048838.0
1981-08-04,0.5945,0.5986,0.5921,0.5954,1871309.0
1981-08-05,0.5954,0.5954,0.5833,0.5873,1490256.0
1981-08-06,0.5873,0.5873,0.5777,0.5801,2622096.0
1981-08-07,0.5777,0.5777,0.5617,0.5625,6628810.0
1981-08-10,0.5625,0.5681,0.5608,0.5665,2516458.0
1981-08-11,0.5665,0.5777,0.5633,0.5745,3433248.0
1981-08-12,0.5745,0.5761,0.5721,0.5729,1637395.0
1981-08-13,0.5729,0.5745,0.552,0.552,6221347.0
1981-08-14,0.552,0.5544,0.5504,0.552,9243360.0
1981-08-17,0.552,0.5536,0.5272,0.5296,10529885.0
1981-08-18,0.5296,0.5384,0.528,0.5384,6941952.0
1981-08-19,0.5384,0.5472,0.5384,0.5464,4444358.0
1981-08-20,0.5464,0.552,0.5464,0.5496,3112560.0
1981-08-21,0.5496,0.5496,0.536,0.5392,2882419.0
1981-08-24,0.5352,0.5352,0.5288,0.5304,3059741.0
1981-08-25,0.5304,0.536,0.5296,0.536,3395520.0
1981-08-26,0.54,0.5448,0.54,0.5424,3867120.0
1981-08-27,0.5424,0.544,0.5336,0.5392,2920147.0
1981-08-28,0.5392,0.5432,0.5392,0.5416,1686442.0
1981-08-31,0.5458,0.5482,0.5434,0.5434,1520438.0
1981-09-01,0.5434,0.5466,0.5345,0.5369,2746598.0
1981-09-02,0.5369,0.5426,0.5369,0.5369,2274998.0
1981-09-03,0.5369,0.5385,0.5256,0.5256,3203107.0
1981-09-04,0.5256,0.5272,0.5232,0.5256,4749955.0
1981-09-08,0.5256,0.5304,0.5207,0.5304,2331590.0
1981-09-09,0.5304,0.5329,0.5272,0.5288,2399501.0
1981-09-10,0.5288,0.5312,0.5248,0.5304,3474749.0
1981-09-11,0.5304,0.5337,0.5248,0.5337,1890173.0
1981-09-14,0.5329,0.5329,0.5288,0.5312,1158250.0
1981-09-15,0.5312,0.5353,0.5248,0.5248,2863555.0
1981-09-16,0.5248,0.5256,0.5215,0.5256,2229725.0
1981-09-17,0.5256,0.5256,0.5223,0.5223,1595894.0
1981-09-18,0.5223,0.5272,0.5191,0.5232,2248589.0
1981-09-21,0.5232,0.5385,0.5207,0.5369,3014467.0
1981-09-22,0.5369,0.5531,0.5345,0.5474,7145683.0
1981-09-23,0.5466,0.5466,0.5369,0.5466,2961648.0
1981-09-24,0.5466,0.5498,0.5409,0.5434,2041085.0
1981-09-25,0.5401,0.5401,0.5329,0.5329,3591706.0
1981-09-28,0.5329,0.5458,0.5256,0.5458,8013427.0
1981-09-29,0.5458,0.5547,0.545,0.5466,6127027.0
1981-09-30,0.5466,0.5523,0.5466,0.549,2101450.0
1981-10-01,0.549,0.5498,0.5418,0.5482,4059533.0
1981-10-02,0.5369,0.5369,0.5288,0.5288,16917235.0
1981-10-05,0.5288,0.5321,0.5159,0.5199,11540995.0
1981-10-06,0.5199,0.5361,0.5175,0.5296,6130800.0
1981-10-07,0.5304,0.5466,0.5304,0.5458,7922880.0
1981-10-08,0.5482,0.5531,0.5482,0.5531,5534698.0
1981-10-09,0.5531,0.5579,0.5515,0.5563,3799210.0
1981-10-12,0.5563,0.5595,0.5523,0.5539,1788307.0
1981-10-13,0.5539,0.5571,0.5531,0.5539,3120106.0
1981-10-14,0.5523,0.5523,0.5442,0.5442,6251530.0
1981-10-15,0.545,0.549,0.545,0.549,2622096.0
1981-10-16,0.549,0.5531,0.5312,0.5312,5915750.0
1981-10-19,0.5312,0.5369,0.524,0.5353,7685194.0
1981-10-20,0.5353,0.5401,0.5337,0.5345,6828768.0
1981-10-21,0.5369,0.5434,0.5369,0.5385,3708662.0
1981-10-22,0.5385,0.5401,0.5345,0.5385,5293238.0
1981-10-23,0.5369,0.5369,0.5321,0.5345,2961648.0
1981-10-26,0.5337,0.5337,0.5288,0.5329,2327818.0
1981-10-27,0.5329,0.5369,0.5312,0.5337,4116125.0
1981-10-28,0.5337,0.5337,0.5256,0.5256,7534282.0
1981-10-29,0.524,0.524,0.5021,0.5062,15792941.0
1981-10-30,0.5062,0.5167,0.5046,0.5167,7243776.0
1981-11-02,0.5199,0.5256,0.5199,0.5215,7134365.0
1981-11-03,0.5215,0.5232,0.5175,0.5175,4757501.0
1981-11-04,0.5167,0.5167,0.5013,0.5062,6213802.0
1981-11-05,0.5062,0.5086,0.4997,0.5013,4512269.0
1981-11-06,0.4997,0.4997,0.4932,0.4949,4142534.0
1981-11-09,0.4949,0.5078,0.4932,0.5046,2972966.0
1981-11-10,0.5062,0.5143,0.5062,0.5102,5376240.0
1981-11-11,0.5102,0.5167,0.5094,0.5151,4244400.0
1981-11-12,0.5151,0.5207,0.5094,0.5102,4138762.0
1981-11-13,0.511,0.5175,0.511,0.5175,3259699.0
1981-11-16,0.5159,0.5159,0.511,0.5126,4697136.0
1981-11-17,0.5143,0.5215,0.5143,0.5207,9099994.0
1981-11-18,0.5207,0.5232,0.5191,0.5191,5259283.0
1981-11-19,0.5191,0.5191,0.5094,0.5135,2954102.0
1981-11-20,0.5135,0.5232,0.5118,0.5207,3418157.0
1981-11-23,0.5207,0.524,0.5159,0.5191,5274374.0
1981-11-24,0.5191,0.5337,0.5183,0.5296,9465955.0
1981-11-25,0.5337,0.5409,0.5337,0.5393,8571802.0
1981-11-27,0.5426,0.5595,0.5426,0.5579,8085110.0
1981-11-30,0.5579,0.5595,0.5498,0.5539,3508704.0
1981-12-01,0.556,0.556,0.5519,0.5536,2712643.0
1981-12-02,0.5536,0.556,0.5479,0.5479,2474957.0
1981-12-03,0.5479,0.5511,0.5413,0.5446,2467411.0
1981-12-04,0.5479,0.5568,0.5479,0.5536,5323421.0
1981-12-07,0.5536,0.5544,0.5511,0.5519,4455677.0
1981-12-08,0.5519,0.5642,0.5511,0.5584,4067078.0
1981-12-09,0.5584,0.5633,0.5584,0.5633,2991830.0
1981-12-10,0.5682,0.5748,0.5682,0.5723,6847632.0
1981-12-11,0.5723,0.5772,0.569,0.5715,3384202.0
1981-12-14,0.5666,0.5666,0.5625,0.5633,2705098.0
1981-12-15,0.5633,0.569,0.5593,0.5625,2033539.0
1981-12-16,0.5625,0.5633,0.5495,0.5519,5187600.0
1981-12-17,0.5519,0.5552,0.5511,0.5552,2697552.0
1981-12-18,0.5552,0.5584,0.5536,0.5544,1686442.0
1981-12-21,0.5544,0.556,0.5462,0.5511,3150288.0
1981-12-22,0.5511,0.5511,0.5446,0.5446,3878438.0
1981-12-23,0.5446,0.5479,0.5397,0.5397,4048214.0
1981-12-24,0.5397,0.5446,0.5397,0.5446,1324253.0
1981-12-28,0.5446,0.5454,0.5413,0.5454,1256342.0
1981-12-29,0.5454,0.5479,0.5446,0.5454,1735488.0
1981-12-30,0.5487,0.5568,0.5487,0.5511,1478938.0
1981-12-31,0.5511,0.5568,0.5495,0.5527,1056384.0
1982-01-04,0.5544,0.5576,0.5511,0.5576,1543075.0
1982-01-05,0.5511,0.556,0.5454,0.547,1116749.0
1982-01-06,0.5405,0.5454,0.5348,0.5421,3636979.0
1982-01-07,0.5381,0.543,0.5332,0.5413,3980304.0
1982-01-08,0.5454,0.5495,0.5413,0.5479,3414384.0
1982-01-11,0.543,0.5503,0.5348,0.5348,1641168.0
1982-01-12,0.5348,0.5373,0.5315,0.5324,4689590.0
1982-01-13,0.5283,0.534,0.5218,0.5242,4429267.0
1982-01-14,0.5267,0.5315,0.5218,0.5267,1856218.0
1982-01-15,0.5299,0.5324,0.5267,0.5283,3142742.0
1982-01-18,0.5324,0.5389,0.525,0.5389,3769027.0
1982-01-19,0.543,0.547,0.5381,0.5381,3799210.0
1982-01-20,0.5389,0.5413,0.5356,0.5373,4127443.0
1982-01-21,0.5397,0.543,0.5364,0.5381,3897302.0
1982-01-22,0.534,0.5397,0.5275,0.5275,2961648.0
1982-01-25,0.5283,0.5324,0.5234,0.5307,1565712.0
1982-01-26,0.5356,0.5373,0.534,0.5356,1512893.0
1982-01-27,0.5315,0.5356,0.5275,0.5283,2444774.0
1982-01-28,0.5373,0.543,0.5315,0.543,3308746.0
1982-01-29,0.5511,0.5536,0.5479,0.5519,5828976.0
1982-02-01,0.5495,0.5544,0.5438,0.5479,2542867.0
1982-02-02,0.5495,0.5519,0.5462,0.5479,1999584.0
1982-02-03,0.547,0.5503,0.543,0.543,2735280.0
1982-02-04,0.5413,0.5454,0.5373,0.5413,2014675.0
1982-02-05,0.5446,0.5495,0.5397,0.5462,4270810.0
1982-02-08,0.5446,0.5495,0.5397,0.5397,2203315.0
1982-02-09,0.5397,0.543,0.5364,0.5381,1618531.0
1982-02-10,0.543,0.5462,0.5389,0.5446,1014883.0
1982-02-11,0.5446,0.5462,0.543,0.5462,1180886.0
1982-02-12,0.5479,0.5527,0.543,0.543,3195562.0
1982-02-16,0.543,0.5495,0.5364,0.5487,2252362.0
1982-02-17,0.5527,0.5601,0.5454,0.5519,5315875.0
1982-02-18,0.5552,0.5576,0.5527,0.5544,3753936.0
1982-02-19,0.5544,0.5568,0.5511,0.5552,4021805.0
1982-02-22,0.5495,0.5633,0.5348,0.5364,5568653.0
1982-02-23,0.5332,0.5332,0.5234,0.5307,6217574.0
1982-02-24,0.5234,0.5332,0.5136,0.5201,10812845.0
1982-02-25,0.5258,0.5315,0.5201,0.5234,8213386.0
1982-02-26,0.5152,0.5218,0.5087,0.5128,10269562.0
1982-03-01,0.5149,0.519,0.51,0.51,5270602.0
1982-03-02,0.5059,0.5149,0.4968,0.4977,8647258.0
1982-03-03,0.4878,0.4935,0.4812,0.4812,12446467.0
1982-03-04,0.473,0.4763,0.4689,0.4705,11714544.0
1982-03-05,0.4713,0.4754,0.4672,0.4738,10710979.0
1982-03-08,0.4754,0.4812,0.4697,0.4722,4617907.0
1982-03-09,0.4746,0.4804,0.468,0.4787,4244400.0
1982-03-10,0.4746,0.4804,0.4689,0.4689,5885568.0
1982-03-11,0.4705,0.473,0.4672,0.4672,3301200.0
1982-03-12,0.4664,0.4697,0.4631,0.468,6655219.0
1982-03-15,0.473,0.4771,0.4689,0.4755,2350454.0
1982-03-16,0.4754,0.4787,0.4722,0.473,4451904.0
1982-03-17,0.473,0.4754,0.4705,0.473,3391747.0
1982-03-18,0.4796,0.4853,0.473,0.4853,7141910.0
1982-03-19,0.482,0.4837,0.4779,0.4796,3387974.0
1982-03-22,0.4837,0.4886,0.4779,0.487,5006506.0
1982-03-23,0.4911,0.4944,0.4878,0.4919,5519606.0
1982-03-24,0.4911,0.4935,0.4886,0.4903,2806963.0
1982-03-25,0.487,0.4894,0.4837,0.487,5217782.0
1982-03-26,0.4787,0.482,0.4754,0.4763,2222179.0
1982-03-29,0.4738,0.4771,0.4697,0.4713,1618531.0
1982-03-30,0.4713,0.4746,0.4672,0.4722,3531341.0
1982-03-31,0.4746,0.4771,0.4722,0.4746,2999376.0
1982-04-01,0.4787,0.482,0.4746,0.482,3297427.0
1982-04-02,0.4878,0.4919,0.4837,0.4919,4931050.0
1982-04-05,0.4919,0.4927,0.4903,0.4903,1912810.0
1982-04-06,0.4886,0.4927,0.4837,0.4919,2214634.0
1982-04-07,0.4944,0.4968,0.4911,0.4919,2705098.0
1982-04-08,0.4935,0.4952,0.4911,0.4935,4074624.0
1982-04-12,0.4927,0.4952,0.4903,0.4944,2350454.0
1982-04-13,0.487,0.4903,0.4837,0.4845,2369318.0
1982-04-14,0.4771,0.482,0.4713,0.4763,3244608.0
1982-04-15,0.4754,0.4771,0.4738,0.4738,3999168.0
1982-04-16,0.4845,0.4911,0.4771,0.4894,11880547.0
1982-04-19,0.4944,0.4993,0.4886,0.4919,5538470.0
1982-04-20,0.4985,0.5034,0.4935,0.4993,3795437.0
1982-04-21,0.5009,0.5051,0.496,0.5034,3214426.0
1982-04-22,0.5018,0.5051,0.4985,0.5026,4848048.0
1982-04-23,0.5084,0.5133,0.5026,0.5133,4576406.0
1982-04-26,0.5116,0.5141,0.5084,0.5125,2599459.0
1982-04-27,0.5084,0.5133,0.5034,0.5084,2508912.0
1982-04-28,0.5059,0.5092,0.5018,0.5051,3437021.0
1982-04-29,0.5001,0.5026,0.4968,0.5009,4610362.0
1982-04-30,0.5018,0.5042,0.4993,0.5034,2935238.0
1982-05-03,0.5026,0.5059,0.4985,0.5059,3561523.0
1982-05-04,0.5084,0.5108,0.5051,0.5051,4961232.0
1982-05-05,0.5051,0.5067,0.5034,0.5042,3161606.0
1982-05-06,0.5075,0.51,0.5051,0.5067,6662765.0
1982-05-07,0.5059,0.5075,0.5034,0.5034,6134573.0
1982-05-10,0.5042,0.5059,0.5018,0.5034,2282544.0
1982-05-11,0.5051,0.5075,0.5026,0.5051,2384410.0
1982-05-12,0.5026,0.5067,0.4985,0.5001,3052195.0
1982-05-13,0.4968,0.5001,0.4935,0.4935,3338928.0
1982-05-14,0.4927,0.4952,0.4903,0.4935,4742410.0
1982-05-17,0.4927,0.4944,0.4911,0.4911,1580803.0
1982-05-18,0.4927,0.496,0.4886,0.4886,2090131.0
1982-05-19,0.4894,0.4927,0.4853,0.487,2003357.0
1982-05-20,0.4845,0.487,0.4812,0.4845,1776989.0
1982-05-21,0.4829,0.487,0.4779,0.487,2056176.0
1982-05-24,0.4861,0.4878,0.4845,0.4878,1478938.0
1982-05-25,0.4911,0.4952,0.4861,0.4903,1565712.0
1982-05-26,0.4829,0.487,0.4779,0.4796,4855594.0
1982-05-27,0.4787,0.4796,0.4771,0.4771,11835274.0
1982-05-28,0.4771,0.4787,0.4754,0.4771,2690006.0
1982-06-01,0.4768,0.4784,0.4743,0.4751,2078813.0
1982-06-02,0.4784,0.4817,0.4751,0.4784,3791664.0
1982-06-03,0.4826,0.4867,0.4776,0.4867,5131008.0
1982-06-04,0.4859,0.4884,0.4826,0.4826,1663805.0
1982-06-07,0.4826,0.4867,0.4784,0.4834,4459450.0
1982-06-08,0.4859,0.4876,0.4834,0.4851,2644733.0
1982-06-09,0.4842,0.4876,0.4801,0.4817,5678064.0
1982-06-10,0.4809,0.4826,0.4784,0.4809,4376448.0
1982-06-11,0.4851,0.4876,0.4817,0.4851,10963757.0
1982-06-14,0.4809,0.4842,0.4768,0.4776,2410819.0
1982-06-15,0.4709,0.4768,0.4651,0.4701,5142326.0
1982-06-16,0.4635,0.4751,0.4518,0.4527,11254262.0
1982-06-17,0.4527,0.4577,0.4469,0.4535,9669686.0
1982-06-18,0.4527,0.4543,0.451,0.4535,5187600.0
1982-06-21,0.4543,0.4568,0.4518,0.4543,2214634.0
1982-06-22,0.456,0.4585,0.4535,0.456,5081962.0
1982-06-23,0.4593,0.4643,0.4535,0.4643,4485859.0
1982-06-24,0.4651,0.4701,0.4602,0.4618,4040669.0
1982-06-25,0.456,0.4602,0.4518,0.4535,3082378.0
1982-06-28,0.4552,0.4585,0.4518,0.456,2003357.0
1982-06-29,0.4543,0.456,0.4527,0.4552,1992038.0
1982-06-30,0.4527,0.4577,0.4477,0.4485,5862931.0
1982-07-01,0.441,0.4485,0.4336,0.4352,9654595.0
1982-07-02,0.4344,0.4361,0.4327,0.4361,7436189.0
1982-07-06,0.4352,0.4386,0.4319,0.4386,2237270.0
1982-07-07,0.4352,0.4402,0.4302,0.4336,12159734.0
1982-07-08,0.4394,0.4477,0.4302,0.4477,8605757.0
1982-07-09,0.4477,0.4527,0.4427,0.4477,6745766.0
1982-07-12,0.4444,0.4469,0.4419,0.4452,4617907.0
1982-07-13,0.4469,0.4502,0.4435,0.4444,3489840.0
1982-07-14,0.4444,0.4469,0.4419,0.4452,4617907.0
1982-07-15,0.4477,0.4502,0.4452,0.4452,4138762.0
1982-07-16,0.4469,0.4502,0.4435,0.4477,8337888.0
1982-07-19,0.4535,0.4568,0.4494,0.451,5459242.0
1982-07-20,0.4626,0.4718,0.4535,0.4718,9137722.0
1982-07-21,0.4685,0.4751,0.4618,0.4618,9047174.0
1982-07-22,0.4635,0.4676,0.4593,0.4651,5621472.0
1982-07-23,0.4685,0.4709,0.4651,0.4668,4946141.0
1982-07-26,0.461,0.4643,0.4568,0.4585,2942784.0
1982-07-27,0.4602,0.4618,0.4577,0.4585,3210653.0
1982-07-28,0.4577,0.4602,0.456,0.4577,3369110.0
1982-07-29,0.4593,0.4635,0.4543,0.4626,5787475.0
1982-07-30,0.4651,0.4685,0.461,0.4643,3142742.0
1982-08-02,0.4693,0.4734,0.4651,0.4734,2776781.0
1982-08-03,0.4709,0.4759,0.4651,0.4651,5881795.0
1982-08-04,0.4543,0.4585,0.4502,0.451,4217990.0
1982-08-05,0.4444,0.4518,0.4369,0.441,5983661.0
1982-08-06,0.441,0.4444,0.4377,0.4386,3387974.0
1982-08-09,0.4352,0.4386,0.4319,0.4344,7839878.0
1982-08-10,0.441,0.4452,0.4369,0.441,4832957.0
1982-08-11,0.4377,0.4419,0.4336,0.4369,3357792.0
1982-08-12,0.4344,0.4386,0.4302,0.4302,12091824.0
1982-08-13,0.4286,0.4311,0.4253,0.4269,6070435.0
1982-08-16,0.4336,0.4369,0.4302,0.4352,4455677.0
1982-08-17,0.4435,0.4518,0.4352,0.451,7013635.0
1982-08-18,0.4602,0.4701,0.4502,0.4585,11793773.0
1982-08-19,0.4477,0.4568,0.4386,0.4527,7545600.0
1982-08-20,0.4651,0.4734,0.4568,0.4726,9149040.0
1982-08-23,0.4842,0.4942,0.4743,0.4942,11952230.0
1982-08-24,0.4892,0.495,0.4834,0.4834,10069603.0
1982-08-25,0.4734,0.4826,0.4635,0.4817,14031043.0
1982-08-26,0.4917,0.4967,0.4859,0.4917,8647258.0
1982-08-27,0.4909,0.495,0.4867,0.4925,3105014.0
1982-08-30,0.4972,0.5039,0.4897,0.5023,5074416.0
1982-08-31,0.5081,0.5132,0.5031,0.5107,5187600.0
1982-09-01,0.5148,0.5216,0.5073,0.5123,8341661.0
1982-09-02,0.509,0.5148,0.5031,0.5115,3984077.0
1982-09-03,0.5283,0.5367,0.519,0.5266,10880755.0
1982-09-07,0.5241,0.5283,0.519,0.5241,3625661.0
1982-09-08,0.5241,0.5299,0.5182,0.5283,4029350.0
1982-09-09,0.5224,0.5283,0.5165,0.519,3108787.0
1982-09-10,0.5157,0.5182,0.5132,0.5174,2825827.0
1982-09-13,0.519,0.5232,0.514,0.5232,6477898.0
1982-09-14,0.5316,0.54,0.5232,0.54,6345850.0
1982-09-15,0.5383,0.5425,0.5341,0.5425,2757917.0
1982-09-16,0.5417,0.545,0.5383,0.5417,3553978.0
1982-09-17,0.5308,0.5408,0.5199,0.5199,2954102.0
1982-09-20,0.5216,0.5257,0.5165,0.5257,4685818.0
1982-09-21,0.5325,0.54,0.5241,0.5392,3640752.0
1982-09-22,0.5459,0.5501,0.5408,0.5417,6530717.0
1982-09-23,0.54,0.545,0.5341,0.54,5485651.0
1982-09-24,0.5375,0.5408,0.5341,0.5375,3686026.0
1982-09-27,0.5358,0.5383,0.5325,0.5383,2897510.0
1982-09-28,0.5408,0.5434,0.5383,0.5383,2795645.0
1982-09-29,0.535,0.5367,0.5333,0.535,2867328.0
1982-09-30,0.5257,0.5333,0.5182,0.5241,4606589.0
1982-10-01,0.5249,0.5291,0.5199,0.5274,2539094.0
1982-10-04,0.5232,0.5266,0.5199,0.5216,2429683.0
1982-10-05,0.5107,0.5216,0.4998,0.5081,8605757.0
1982-10-06,0.519,0.5299,0.5081,0.5299,6466579.0
1982-10-07,0.54,0.5434,0.5367,0.5434,10114877.0
1982-10-08,0.54,0.5425,0.5375,0.54,3320064.0
1982-10-11,0.5534,0.5618,0.545,0.5534,4376448.0
1982-10-12,0.5559,0.5635,0.5492,0.5526,6983453.0
1982-10-13,0.5652,0.5819,0.5484,0.5819,9152813.0
1982-10-14,0.5702,0.5794,0.561,0.5618,3859574.0
1982-10-15,0.5568,0.5652,0.5501,0.5652,2927693.0
1982-10-18,0.5484,0.5626,0.54,0.5559,11250490.0
1982-10-19,0.5501,0.5585,0.5417,0.5534,7447507.0
1982-10-20,0.5476,0.5551,0.54,0.5551,7598419.0
1982-10-21,0.5559,0.566,0.545,0.5559,10435565.0
1982-10-22,0.5576,0.5652,0.5501,0.5534,6692947.0
1982-10-25,0.5425,0.5484,0.5367,0.54,2244816.0
1982-10-26,0.54,0.5476,0.5316,0.5434,6874042.0
1982-10-27,0.5467,0.5534,0.54,0.5501,3191789.0
1982-10-28,0.5467,0.5517,0.5408,0.5408,3557750.0
1982-10-29,0.5408,0.5425,0.5375,0.54,4304765.0
1982-11-01,0.5383,0.5408,0.535,0.5383,4825411.0
1982-11-02,0.5417,0.5459,0.5367,0.5367,7711603.0
1982-11-03,0.5442,0.5534,0.535,0.5534,13921632.0
1982-11-04,0.5517,0.5585,0.545,0.5467,7315459.0
1982-11-05,0.5484,0.5517,0.545,0.5467,3180470.0
1982-11-08,0.5526,0.5585,0.5467,0.5534,4697136.0
1982-11-09,0.5576,0.5626,0.5517,0.5576,5979888.0
1982-11-10,0.5735,0.5853,0.5618,0.5668,12838838.0
1982-11-11,0.5702,0.5769,0.5635,0.5735,4693363.0
1982-11-12,0.5719,0.5769,0.5668,0.5735,3848256.0
1982-11-15,0.5719,0.5761,0.5668,0.5752,3927485.0
1982-11-16,0.5652,0.5719,0.5585,0.5635,4500950.0
1982-11-17,0.5694,0.5727,0.5652,0.5702,4187808.0
1982-11-18,0.5685,0.5727,0.5643,0.5652,4810320.0
1982-11-19,0.5626,0.5694,0.5551,0.5568,5636563.0
1982-11-22,0.5534,0.5593,0.5467,0.5501,2452320.0
1982-11-23,0.5476,0.5551,0.54,0.54,2524003.0
1982-11-24,0.5425,0.5467,0.5383,0.5392,4915958.0
1982-11-26,0.535,0.54,0.5299,0.5325,2674915.0
1982-11-29,0.5341,0.5408,0.5266,0.5367,4274582.0
1982-11-30,0.5515,0.5617,0.5414,0.56,3572842.0
1982-12-01,0.5532,0.5634,0.5422,0.5431,5761066.0
1982-12-02,0.5515,0.5549,0.5482,0.5524,7051363.0
1982-12-03,0.5524,0.5566,0.5482,0.5482,1863763.0
1982-12-06,0.5642,0.5752,0.5524,0.5752,3131424.0
1982-12-07,0.5701,0.5744,0.5651,0.5744,4666954.0
1982-12-08,0.5811,0.5896,0.5727,0.582,6855178.0
1982-12-09,0.5803,0.5854,0.5752,0.582,2825827.0
1982-12-10,0.5803,0.5854,0.5752,0.5786,2810736.0
1982-12-13,0.571,0.5769,0.5651,0.5752,3874666.0
1982-12-14,0.5786,0.5871,0.5701,0.5701,3795437.0
1982-12-15,0.5583,0.5659,0.5498,0.5498,5696928.0
1982-12-16,0.5524,0.5566,0.5482,0.5558,2859782.0
1982-12-17,0.5617,0.5701,0.5532,0.5693,3157834.0
1982-12-20,0.5752,0.5803,0.5701,0.5727,3606797.0
1982-12-21,0.5811,0.5888,0.5735,0.5871,4010486.0
1982-12-22,0.5913,0.5972,0.5854,0.5896,4044442.0
1982-12-23,0.5921,0.5955,0.5888,0.5905,1735488.0
1982-12-27,0.5888,0.5972,0.5803,0.5938,2075040.0
1982-12-28,0.5879,0.5947,0.5803,0.5803,1660032.0
1982-12-29,0.5845,0.5871,0.582,0.5837,1380845.0
1982-12-30,0.582,0.5854,0.5786,0.5786,1705306.0
1982-12-31,0.5761,0.5803,0.5718,0.5727,1422346.0
1983-01-03,0.5735,0.5786,0.5685,0.5685,2561731.0
1983-01-04,0.5727,0.5744,0.5701,0.5735,2731507.0
1983-01-05,0.5778,0.582,0.5727,0.5811,3206880.0
1983-01-06,0.5905,0.5972,0.5828,0.5938,7455053.0
1983-01-07,0.5888,0.5938,0.5837,0.5871,3010694.0
1983-01-10,0.5828,0.5888,0.5769,0.5879,4040669.0
1983-01-11,0.5854,0.5888,0.582,0.5845,2856010.0
1983-01-12,0.5837,0.5905,0.5769,0.5778,8288842.0
1983-01-13,0.5735,0.5803,0.5668,0.5718,5764838.0
1983-01-14,0.5761,0.582,0.5701,0.5795,3252154.0
1983-01-17,0.5879,0.5947,0.5803,0.5913,4112352.0
1983-01-18,0.5955,0.6023,0.5888,0.5955,3180470.0
1983-01-19,0.5972,0.6006,0.593,0.5981,3640752.0
1983-01-20,0.5972,0.6006,0.593,0.5964,2308954.0
1983-01-21,0.5905,0.5955,0.5845,0.5896,5425286.0
1983-01-24,0.5786,0.582,0.5752,0.5786,6745766.0
1983-01-25,0.5837,0.5888,0.5778,0.5828,3429475.0
1983-01-26,0.5769,0.5837,0.5701,0.5752,3587933.0
1983-01-27,0.582,0.5871,0.5769,0.5837,6428851.0
1983-01-28,0.5854,0.5888,0.582,0.582,1829808.0
1983-01-31,0.582,0.5854,0.5778,0.5803,1988266.0
1983-02-01,0.5803,0.5837,0.5761,0.5761,2207088.0
1983-02-02,0.5735,0.5778,0.5685,0.5752,3297427.0
1983-02-03,0.5735,0.5786,0.5685,0.5685,2780554.0
1983-02-04,0.5718,0.5769,0.5659,0.5752,3195562.0
1983-02-07,0.582,0.5888,0.5752,0.582,2388182.0
1983-02-08,0.5786,0.5837,0.5735,0.5752,2508912.0
1983-02-09,0.5701,0.5769,0.5634,0.5642,5089507.0
1983-02-10,0.5592,0.5651,0.5532,0.5566,6432624.0
1983-02-11,0.5575,0.56,0.5549,0.5549,6824995.0
1983-02-14,0.5566,0.5583,0.5541,0.5583,1973174.0
1983-02-15,0.5651,0.5701,0.56,0.5685,6013843.0
1983-02-16,0.5744,0.5786,0.5701,0.5752,4221763.0
1983-02-17,0.5685,0.5744,0.5617,0.5625,5847840.0
1983-02-18,0.5625,0.5642,0.56,0.5608,2007130.0
1983-02-22,0.56,0.5634,0.5558,0.5583,4542451.0
1983-02-23,0.5625,0.5668,0.5575,0.5608,6511853.0
1983-02-24,0.571,0.5786,0.5634,0.5752,4097261.0
1983-02-25,0.5761,0.5803,0.571,0.5744,3606797.0
1983-02-28,0.5817,0.5919,0.5715,0.5715,6994771.0
1983-03-01,0.5766,0.5834,0.5698,0.5749,4923504.0
1983-03-02,0.5851,0.5902,0.58,0.5885,7847424.0
1983-03-03,0.5928,0.5954,0.5902,0.5945,9364090.0
1983-03-04,0.5962,0.5996,0.5928,0.5988,4682045.0
1983-03-07,0.5988,0.6022,0.5945,0.6005,5070643.0
1983-03-08,0.5979,0.6013,0.5937,0.5954,4142534.0
1983-03-09,0.5945,0.5996,0.5894,0.5988,5489424.0
1983-03-10,0.5988,0.603,0.5945,0.5962,5059325.0
1983-03-11,0.5945,0.5971,0.5919,0.5962,3874666.0
1983-03-14,0.5885,0.5954,0.5817,0.5894,1411027.0
1983-03-15,0.5885,0.5919,0.5851,0.5885,1162022.0
1983-03-16,0.5834,0.5868,0.58,0.5851,3757709.0
1983-03-17,0.5834,0.5851,0.5809,0.5826,2814509.0
1983-03-18,0.5783,0.5834,0.5732,0.5732,3308746.0
1983-03-21,0.5715,0.5783,0.5647,0.5774,5500742.0
1983-03-22,0.5774,0.5851,0.5749,0.5843,2980512.0
1983-03-23,0.5843,0.5885,0.5817,0.5834,5878022.0
1983-03-24,0.5817,0.5919,0.5817,0.5919,4561315.0
1983-03-25,0.5919,0.5919,0.58,0.5817,4002941.0
1983-03-28,0.5817,0.5826,0.574,0.5749,6719357.0
1983-03-29,0.5766,0.5834,0.5749,0.58,1248797.0
1983-03-30,0.58,0.5868,0.5783,0.5868,1675123.0
1983-03-31,0.5885,0.5919,0.5783,0.5792,2097677.0
1983-04-04,0.58,0.5817,0.574,0.58,1686442.0
1983-04-05,0.5834,0.5877,0.5757,0.5766,3504931.0
1983-04-06,0.5783,0.5783,0.5638,0.5681,4029350.0
1983-04-07,0.5698,0.5723,0.5578,0.5664,8085110.0
1983-04-08,0.5664,0.5698,0.5612,0.5655,5847840.0
1983-04-11,0.5715,0.5732,0.5681,0.5723,2656051.0
1983-04-12,0.5749,0.5766,0.5664,0.5698,2576822.0
1983-04-13,0.5706,0.5732,0.5638,0.5647,10507248.0
1983-04-14,0.5638,0.5681,0.5612,0.5647,4214218.0
1983-04-15,0.5638,0.5698,0.5629,0.5647,4002941.0
1983-04-18,0.5647,0.5723,0.5621,0.5723,5070643.0
1983-04-19,0.5723,0.5766,0.5698,0.5715,10337472.0
1983-04-20,0.5715,0.5723,0.5664,0.5715,9352771.0
1983-04-21,0.5715,0.5766,0.5698,0.5715,6896678.0
1983-04-22,0.5732,0.58,0.5715,0.58,5976115.0
1983-04-25,0.58,0.5817,0.5774,0.58,4919731.0
1983-04-26,0.5868,0.5954,0.5774,0.5919,7719149.0
1983-04-27,0.6073,0.6175,0.5971,0.6141,13970678.0
1983-04-28,0.6235,0.6337,0.6124,0.6286,7647466.0
1983-04-29,0.6372,0.6517,0.6227,0.6448,8454845.0
1983-05-02,0.638,0.6448,0.6312,0.638,7568237.0
1983-05-03,0.6329,0.6431,0.6312,0.6397,6994771.0
1983-05-04,0.6389,0.6448,0.6329,0.638,6296803.0
1983-05-05,0.6354,0.6397,0.6312,0.638,5402650.0
1983-05-06,0.6346,0.638,0.6295,0.6337,9447091.0
1983-05-09,0.6312,0.632,0.6209,0.6209,3916166.0
1983-05-10,0.6192,0.6295,0.6175,0.6209,4138762.0
1983-05-11,0.6192,0.6235,0.6124,0.6209,2308954.0
1983-05-12,0.6227,0.6269,0.6209,0.6269,2229725.0
1983-05-13,0.6252,0.6269,0.6184,0.6192,4123670.0
1983-05-16,0.6175,0.6175,0.6047,0.609,4157626.0
1983-05-17,0.6064,0.6116,0.6013,0.6022,2361773.0
1983-05-18,0.6039,0.6158,0.5988,0.6022,14298912.0
1983-05-19,0.6022,0.6056,0.5902,0.5902,5259283.0
1983-05-20,0.5928,0.6005,0.5919,0.5996,5327194.0
1983-05-23,0.5937,0.609,0.5937,0.6039,3014467.0
1983-05-24,0.6141,0.6141,0.6073,0.6073,9914918.0
1983-05-25,0.609,0.609,0.5937,0.6005,8352979.0
1983-05-26,0.6022,0.6022,0.5937,0.5954,6138346.0
1983-05-27,0.5937,0.5971,0.5911,0.5954,5149872.0
1983-05-31,0.5933,0.6002,0.5881,0.5916,2380637.0
1983-06-01,0.5864,0.5899,0.5813,0.5864,4372675.0
1983-06-02,0.5881,0.5907,0.583,0.5873,3791664.0
1983-06-03,0.5873,0.5881,0.5813,0.583,2622096.0
1983-06-06,0.5847,0.5881,0.5795,0.5821,3372883.0
1983-06-07,0.5813,0.583,0.5778,0.5787,7375824.0
1983-06-08,0.5778,0.5804,0.5752,0.5778,4595270.0
1983-06-09,0.5804,0.5864,0.5778,0.5864,8002109.0
1983-06-10,0.5864,0.5907,0.5813,0.5821,3037104.0
1983-06-13,0.5813,0.5856,0.5804,0.5856,2263680.0
1983-06-14,0.5873,0.5907,0.5856,0.5899,5383786.0
1983-06-15,0.589,0.589,0.5838,0.5847,5191373.0
1983-06-16,0.589,0.5942,0.5864,0.589,12159734.0
1983-06-17,0.5899,0.5907,0.5856,0.589,4927277.0
1983-06-20,0.589,0.5907,0.5847,0.5873,4116125.0
1983-06-21,0.5899,0.6045,0.5856,0.6002,9013219.0
1983-06-22,0.5993,0.6045,0.5942,0.5985,6304349.0
1983-06-23,0.6002,0.6079,0.5967,0.6053,3252154.0
1983-06-24,0.6105,0.6311,0.6096,0.6277,7915334.0
1983-06-27,0.6286,0.6286,0.62,0.6234,4927277.0
1983-06-28,0.6225,0.6311,0.6225,0.626,5251738.0
1983-06-29,0.6277,0.6311,0.626,0.6286,5602608.0
1983-06-30,0.6286,0.6389,0.6286,0.6389,2433456.0
1983-07-01,0.6432,0.65,0.6414,0.6466,5191373.0
1983-07-05,0.644,0.644,0.6337,0.6397,3776573.0
1983-07-06,0.6414,0.6449,0.638,0.6432,3704890.0
1983-07-07,0.6449,0.6552,0.6414,0.6483,4225536.0
1983-07-08,0.6492,0.6492,0.6414,0.644,3169152.0
1983-07-11,0.644,0.6457,0.6397,0.6414,4516042.0
1983-07-12,0.6397,0.6397,0.626,0.6303,5961024.0
1983-07-13,0.6294,0.6294,0.6191,0.6191,4074624.0
1983-07-14,0.6191,0.6277,0.6191,0.6217,9797962.0
1983-07-15,0.6217,0.6234,0.6157,0.62,2342909.0
1983-07-18,0.6225,0.6225,0.6165,0.6182,2399501.0
1983-07-19,0.6191,0.6363,0.6182,0.6363,5376240.0
1983-07-20,0.6518,0.6629,0.65,0.6621,12525696.0
1983-07-21,0.6604,0.6629,0.6552,0.6621,4738637.0
1983-07-22,0.675,0.6827,0.6672,0.6758,8575574.0
1983-07-25,0.6741,0.6758,0.6707,0.6715,5100826.0
1983-07-26,0.6733,0.6758,0.6655,0.6758,3520022.0
1983-07-27,0.6793,0.687,0.6655,0.6655,5783702.0
1983-07-28,0.6638,0.6715,0.6552,0.6595,3550205.0
1983-07-29,0.6561,0.6621,0.6397,0.6449,6198710.0
1983-08-01,0.6449,0.6509,0.6414,0.6492,5576198.0
1983-08-02,0.6483,0.6578,0.6483,0.6578,1626077.0
1983-08-03,0.6655,0.6664,0.6518,0.6552,5723338.0
1983-08-04,0.6552,0.6561,0.6346,0.6432,11046758.0
1983-08-05,0.644,0.644,0.6406,0.644,2701325.0
1983-08-08,0.6423,0.6423,0.6363,0.6389,3406838.0
1983-08-09,0.6406,0.6423,0.6363,0.638,8247341.0
1983-08-10,0.6363,0.644,0.632,0.6423,3916166.0
1983-08-11,0.6406,0.6535,0.6397,0.6535,1731715.0
1983-08-12,0.6552,0.6638,0.6518,0.6638,2814509.0
1983-08-15,0.6715,0.6733,0.6578,0.6586,3599251.0
1983-08-16,0.6586,0.6621,0.65,0.6518,3052195.0
1983-08-17,0.6526,0.6741,0.6526,0.6698,8341661.0
1983-08-18,0.6724,0.6741,0.6655,0.6681,7126819.0
1983-08-19,0.6672,0.669,0.6664,0.6681,3033331.0
1983-08-22,0.6698,0.6724,0.6612,0.6621,4097261.0
1983-08-23,0.6604,0.6612,0.6552,0.6552,1022429.0
1983-08-24,0.6518,0.6569,0.6518,0.6543,2086358.0
1983-08-25,0.6543,0.6586,0.6535,0.6561,1497802.0
1983-08-26,0.6543,0.6655,0.6543,0.6638,2614550.0
1983-08-29,0.6591,0.6687,0.6583,0.6661,2301408.0
1983-08-30,0.6643,0.6687,0.6635,0.6687,1950538.0
1983-08-31,0.6687,0.6704,0.6652,0.6678,2995603.0
1983-09-01,0.6695,0.6695,0.6132,0.6357,8420890.0
1983-09-02,0.6444,0.6461,0.6375,0.6392,15596755.0
1983-09-06,0.6427,0.6427,0.6375,0.6383,3806755.0
1983-09-07,0.6401,0.6409,0.6357,0.6383,4855594.0
1983-09-08,0.6392,0.6401,0.6349,0.6375,4700909.0
1983-09-09,0.6375,0.6392,0.6305,0.6323,4512269.0
1983-09-12,0.6375,0.6392,0.6253,0.6297,6979680.0
1983-09-13,0.6253,0.6323,0.6236,0.6323,2912602.0
1983-09-14,0.6357,0.6392,0.6349,0.6392,2139178.0
1983-09-15,0.6383,0.6383,0.6271,0.6271,1746806.0
1983-09-16,0.6305,0.6427,0.6271,0.6392,5632790.0
1983-09-19,0.6375,0.6505,0.6366,0.6487,4504723.0
1983-09-20,0.6487,0.66,0.6487,0.6557,8141702.0
1983-09-21,0.6583,0.6591,0.6496,0.6531,7824787.0
1983-09-22,0.6531,0.6583,0.6513,0.6583,7937971.0
1983-09-23,0.6583,0.6583,0.6531,0.6574,9084902.0
1983-09-26,0.66,0.679,0.6591,0.6782,6851405.0
1983-09-27,0.6721,0.673,0.6635,0.6652,7428643.0
1983-09-28,0.6669,0.6678,0.6617,0.6669,2512685.0
1983-09-29,0.6704,0.6704,0.6661,0.6687,4199126.0
1983-09-30,0.6678,0.6713,0.6669,0.6687,3210653.0
1983-10-03,0.6652,0.6756,0.6635,0.6739,3410611.0
1983-10-04,0.6739,0.6816,0.6721,0.6799,7017408.0
1983-10-05,0.6782,0.6929,0.6765,0.6929,7572010.0
1983-10-06,0.6929,0.705,0.6894,0.7024,11873002.0
1983-10-07,0.7102,0.7172,0.6981,0.7068,17883072.0
1983-10-10,0.705,0.7128,0.6981,0.7128,2505139.0
1983-10-11,0.7085,0.7102,0.6946,0.6946,7515418.0
1983-10-12,0.6929,0.705,0.6903,0.6929,6010070.0
1983-10-13,0.6946,0.705,0.692,0.7016,3889757.0
1983-10-14,0.705,0.7189,0.705,0.7154,4549997.0
1983-10-17,0.7206,0.725,0.718,0.7224,7375824.0
1983-10-18,0.7232,0.7232,0.7085,0.7094,4723546.0
1983-10-19,0.7094,0.7094,0.6903,0.699,8937763.0
1983-10-20,0.6998,0.7033,0.6946,0.6998,10937347.0
1983-10-21,0.6981,0.705,0.6929,0.705,11031667.0
1983-10-24,0.6964,0.6998,0.6929,0.6972,3855802.0
1983-10-25,0.7016,0.7024,0.6955,0.6981,3003149.0
1983-10-26,0.6998,0.7007,0.6946,0.6998,3421930.0
1983-10-27,0.6929,0.6946,0.6894,0.6912,5372467.0
1983-10-28,0.6929,0.6964,0.6479,0.6522,13276483.0
1983-10-31,0.6548,0.6782,0.6548,0.6635,12770928.0
1983-11-01,0.6652,0.6842,0.6635,0.6825,5157418.0
1983-11-02,0.6825,0.6825,0.6687,0.6747,7919107.0
1983-11-03,0.6756,0.6756,0.6704,0.6721,5678064.0
1983-11-04,0.6643,0.6669,0.66,0.6609,5285693.0
1983-11-07,0.6609,0.6687,0.66,0.6626,2444774.0
1983-11-08,0.6626,0.6695,0.6617,0.6678,2912602.0
1983-11-09,0.6678,0.6739,0.6669,0.673,3244608.0
1983-11-10,0.6721,0.6756,0.6721,0.6756,3716208.0
1983-11-11,0.679,0.6808,0.6756,0.6808,3478522.0
1983-11-14,0.6808,0.6894,0.679,0.686,5587517.0
1983-11-15,0.686,0.6877,0.6834,0.6842,2127859.0
1983-11-16,0.6851,0.686,0.6808,0.6842,2199542.0
1983-11-17,0.6842,0.6842,0.6765,0.679,2331590.0
1983-11-18,0.6773,0.6816,0.6704,0.6773,4587725.0
1983-11-21,0.6782,0.6808,0.6756,0.679,2784326.0
1983-11-22,0.679,0.6825,0.6756,0.6799,2199542.0
1983-11-23,0.679,0.679,0.6739,0.6747,2746598.0
1983-11-25,0.6782,0.6799,0.6765,0.6782,3297427.0
1983-11-28,0.6765,0.6799,0.6756,0.6782,1260115.0
1983-11-29,0.6799,0.6895,0.6756,0.6869,3244608.0
1983-11-30,0.6895,0.6939,0.6808,0.6825,3821846.0
1983-12-01,0.6808,0.6825,0.6686,0.6738,4372675.0
1983-12-02,0.6738,0.6738,0.6529,0.6581,5930842.0
1983-12-05,0.6555,0.6555,0.6433,0.6476,9379181.0
1983-12-06,0.6494,0.6546,0.6476,0.652,6643901.0
1983-12-07,0.6503,0.6599,0.6494,0.6546,4829184.0
1983-12-08,0.6564,0.6599,0.6476,0.6494,5217782.0
1983-12-09,0.6485,0.6529,0.6441,0.6459,10805299.0
1983-12-12,0.6459,0.6485,0.645,0.6459,1448755.0
1983-12-13,0.6441,0.6494,0.6407,0.6415,4319856.0
1983-12-14,0.6415,0.6433,0.6328,0.6372,4270810.0
1983-12-15,0.6354,0.6372,0.6302,0.6319,2663597.0
1983-12-16,0.6293,0.6372,0.6293,0.6319,4489632.0
1983-12-19,0.6354,0.6441,0.6337,0.6407,2131632.0
1983-12-20,0.6424,0.6494,0.638,0.6389,4414176.0
1983-12-21,0.6372,0.6407,0.6293,0.6372,3146515.0
1983-12-22,0.6372,0.6415,0.6337,0.6337,4278355.0
1983-12-23,0.6319,0.6337,0.6075,0.6188,11616451.0
1983-12-27,0.6232,0.6337,0.6232,0.6302,10058285.0
1983-12-28,0.6267,0.6302,0.6249,0.6302,2859782.0
1983-12-29,0.6311,0.6389,0.6284,0.6293,4942368.0
1983-12-30,0.6284,0.6311,0.6267,0.6311,1407254.0
1984-01-03,0.6311,0.6319,0.6284,0.6311,7258867.0
1984-01-04,0.6293,0.6311,0.6249,0.6302,10167696.0
1984-01-05,0.6389,0.6415,0.6319,0.6389,13665082.0
1984-01-06,0.6389,0.6407,0.6337,0.6363,9345226.0
1984-01-09,0.6337,0.6345,0.6249,0.6293,5821430.0
1984-01-10,0.6276,0.6284,0.6188,0.6223,12570970.0
1984-01-11,0.6206,0.6214,0.6145,0.6171,8088883.0
1984-01-12,0.6171,0.6223,0.6171,0.6214,4761274.0
1984-01-13,0.6214,0.6267,0.6162,0.6241,10571386.0
1984-01-16,0.6241,0.6267,0.6214,0.6267,7413552.0
1984-01-17,0.6232,0.6276,0.6197,0.6276,7070227.0
1984-01-18,0.6267,0.6319,0.6267,0.6302,8884944.0
1984-01-19,0.6311,0.6354,0.6293,0.6293,6251530.0
1984-01-20,0.6302,0.6311,0.6249,0.6276,4889549.0
1984-01-23,0.6267,0.6276,0.6171,0.618,4829184.0
1984-01-24,0.6197,0.6215,0.6171,0.6197,7824787.0
1984-01-25,0.6214,0.6302,0.6197,0.6214,8413344.0
1984-01-26,0.6249,0.6284,0.6214,0.6249,2437229.0
1984-01-27,0.6284,0.6319,0.6249,0.6249,2625869.0
1984-01-30,0.6319,0.6337,0.6214,0.6214,3889757.0
1984-01-31,0.6214,0.6267,0.6171,0.6171,4580179.0
1984-02-01,0.6206,0.6241,0.611,0.611,6059117.0
1984-02-02,0.6127,0.6276,0.6127,0.6241,9232042.0
1984-02-03,0.6337,0.6441,0.6214,0.6372,11639088.0
1984-02-06,0.6345,0.6424,0.6302,0.6354,6289258.0
1984-02-07,0.6407,0.6424,0.6354,0.6407,4557542.0
1984-02-08,0.6424,0.6424,0.6145,0.6162,7104182.0
1984-02-09,0.618,0.6249,0.6153,0.6162,11246717.0
1984-02-10,0.6162,0.6241,0.6162,0.6162,4104806.0
1984-02-13,0.6162,0.6197,0.6153,0.618,3248381.0
1984-02-14,0.6249,0.6372,0.6249,0.6337,4482086.0
1984-02-15,0.6389,0.6424,0.6337,0.6424,4814093.0
1984-02-16,0.6389,0.6459,0.6354,0.6389,4697136.0
1984-02-17,0.6372,0.645,0.6354,0.6363,5957251.0
1984-02-21,0.6354,0.6372,0.6319,0.6337,1901491.0
1984-02-22,0.6319,0.6354,0.6284,0.6284,3361565.0
1984-02-23,0.6302,0.6311,0.6162,0.6302,4195354.0
1984-02-24,0.6302,0.6389,0.6284,0.6363,1863763.0
1984-02-27,0.6354,0.6564,0.6337,0.6537,6564672.0
1984-02-28,0.6511,0.6529,0.6459,0.6485,5308330.0
1984-02-29,0.6511,0.6686,0.6503,0.6572,9507456.0
1984-03-01,0.659,0.6678,0.6581,0.6599,4731091.0
1984-03-02,0.6687,0.6757,0.6669,0.6757,12567197.0
1984-03-05,0.6757,0.6775,0.6669,0.6687,6723130.0
1984-03-06,0.6669,0.6669,0.6476,0.6476,8466163.0
1984-03-07,0.6476,0.6528,0.6423,0.6467,5187600.0
1984-03-08,0.6458,0.6564,0.6458,0.6511,7258867.0
1984-03-09,0.652,0.652,0.6458,0.6484,5406422.0
1984-03-12,0.6502,0.6502,0.6335,0.6388,15698621.0
1984-03-13,0.6458,0.6616,0.6458,0.6564,10205424.0
1984-03-14,0.6546,0.6572,0.6528,0.6555,5312102.0
1984-03-15,0.6555,0.6608,0.6546,0.6564,6176074.0
1984-03-16,0.6643,0.6652,0.6581,0.6599,4051987.0
1984-03-19,0.6511,0.6546,0.6493,0.6528,3452112.0
1984-03-20,0.6537,0.6572,0.6511,0.6528,7051363.0
1984-03-21,0.6528,0.6528,0.6458,0.6476,3003149.0
1984-03-22,0.6458,0.6493,0.6414,0.644,8858534.0
1984-03-23,0.644,0.6458,0.6405,0.6414,2867328.0
1984-03-26,0.6423,0.6502,0.6405,0.6467,2840918.0
1984-03-27,0.6467,0.6511,0.6458,0.6493,4632998.0
1984-03-28,0.6493,0.6652,0.6493,0.6616,8556710.0
1984-03-29,0.659,0.6625,0.6555,0.6564,2980512.0
1984-03-30,0.6546,0.6652,0.6546,0.6625,3188016.0
1984-04-02,0.6625,0.6652,0.6546,0.6564,9107539.0
1984-04-03,0.6555,0.6687,0.6528,0.6687,4757501.0
1984-04-04,0.6678,0.6687,0.6634,0.6634,5297011.0
1984-04-05,0.6652,0.666,0.652,0.652,6579763.0
1984-04-06,0.6511,0.6564,0.6449,0.6528,6696720.0
1984-04-09,0.6546,0.6608,0.6528,0.6581,2814509.0
1984-04-10,0.659,0.6643,0.6581,0.6599,6300576.0
1984-04-11,0.6608,0.6616,0.6564,0.6564,1512893.0
1984-04-12,0.6555,0.6678,0.6511,0.6678,7356960.0
1984-04-13,0.6696,0.6792,0.6687,0.6713,8330342.0
1984-04-16,0.6704,0.681,0.6687,0.6792,7662557.0
1984-04-17,0.6819,0.6863,0.6775,0.6828,12042778.0
1984-04-18,0.681,0.681,0.6581,0.6801,4519814.0
1984-04-19,0.6775,0.6828,0.6775,0.6828,5979888.0
1984-04-23,0.6828,0.6845,0.6722,0.6722,4425494.0
1984-04-24,0.6704,0.6722,0.6634,0.6634,8005882.0
1984-04-25,0.6546,0.6616,0.6546,0.659,3580387.0
1984-04-26,0.6643,0.6643,0.6581,0.6599,4897094.0
1984-04-27,0.6581,0.6581,0.644,0.6476,6621264.0
1984-04-30,0.6493,0.6502,0.644,0.6476,5602608.0
1984-05-01,0.6476,0.6546,0.6449,0.6484,6142118.0
1984-05-02,0.6484,0.6502,0.6414,0.6423,4780138.0
1984-05-03,0.6405,0.6423,0.6352,0.6405,4802774.0
1984-05-04,0.6432,0.644,0.6317,0.6335,3206880.0
1984-05-07,0.6326,0.6352,0.63,0.6317,3591706.0
1984-05-08,0.6317,0.6423,0.6291,0.6396,4542451.0
1984-05-09,0.6405,0.6432,0.6317,0.6335,3697344.0
1984-05-10,0.6335,0.6432,0.6335,0.6405,4406630.0
1984-05-11,0.6405,0.6405,0.6335,0.6361,2044858.0
1984-05-14,0.6379,0.6405,0.6344,0.6396,1863763.0
1984-05-15,0.6405,0.6467,0.6396,0.6414,3633206.0
1984-05-16,0.6414,0.6511,0.6405,0.6458,7111728.0
1984-05-17,0.6423,0.6449,0.6405,0.6432,3165379.0
1984-05-18,0.6432,0.6458,0.6229,0.6317,9801734.0
1984-05-21,0.6308,0.637,0.6308,0.6326,3629434.0
1984-05-22,0.6326,0.6352,0.6282,0.6282,4610362.0
1984-05-23,0.6308,0.6326,0.6247,0.6291,7236230.0
1984-05-24,0.63,0.63,0.6185,0.6194,11673043.0
1984-05-25,0.6159,0.6212,0.6141,0.6141,5508288.0
1984-05-29,0.6141,0.6177,0.6079,0.6106,3701117.0
1984-05-30,0.5981,0.6088,0.5866,0.5928,16298496.0
1984-05-31,0.5999,0.6079,0.5999,0.6061,10597795.0
1984-06-01,0.6141,0.6274,0.6141,0.6274,12869021.0
1984-06-04,0.6301,0.639,0.6248,0.631,9643277.0
1984-06-05,0.631,0.6328,0.6257,0.6283,3870893.0
1984-06-06,0.6248,0.6336,0.6248,0.6336,4429267.0
1984-06-07,0.6319,0.6372,0.6301,0.631,2339136.0
1984-06-08,0.6336,0.6354,0.6292,0.6345,5247965.0
1984-06-11,0.6345,0.6345,0.6274,0.6283,3067286.0
1984-06-12,0.6301,0.6301,0.6212,0.623,4368902.0
1984-06-13,0.6274,0.6381,0.6265,0.6354,9096221.0
1984-06-14,0.6372,0.6407,0.631,0.639,4738637.0
1984-06-15,0.6425,0.6452,0.6363,0.6399,5338512.0
1984-06-18,0.6381,0.6478,0.6381,0.6452,10043194.0
1984-06-19,0.6416,0.6461,0.6399,0.6443,4293446.0
1984-06-20,0.6425,0.6478,0.6372,0.6443,14789376.0
1984-06-21,0.6452,0.6585,0.6407,0.6541,8217158.0
1984-06-22,0.6523,0.6594,0.6505,0.6558,4568861.0
1984-06-25,0.6541,0.6567,0.6514,0.6541,3784118.0
1984-06-26,0.6541,0.6549,0.6514,0.6514,3338928.0
1984-06-27,0.6532,0.6549,0.6505,0.6523,3120106.0
1984-06-28,0.6532,0.6541,0.6505,0.6523,2780554.0
1984-06-29,0.6541,0.6585,0.6523,0.6567,4112352.0
1984-07-02,0.6558,0.6567,0.6461,0.6461,5164963.0
1984-07-03,0.6434,0.6496,0.6434,0.6496,3025786.0
1984-07-05,0.6496,0.6496,0.6407,0.6425,4591498.0
1984-07-06,0.639,0.6407,0.6372,0.639,3063514.0
1984-07-09,0.6399,0.6478,0.6354,0.6443,3806755.0
1984-07-10,0.6425,0.6425,0.6088,0.6115,21693600.0
1984-07-11,0.6035,0.6052,0.5973,0.5981,30020170.0
1984-07-12,0.5981,0.6052,0.5973,0.5973,11284445.0
1984-07-13,0.6017,0.6061,0.6008,0.6017,6047798.0
1984-07-16,0.6017,0.6026,0.5955,0.6026,4259491.0
1984-07-17,0.6017,0.607,0.5999,0.6052,3972758.0
1984-07-18,0.6052,0.6052,0.5857,0.591,7100410.0
1984-07-19,0.5786,0.5804,0.5662,0.5715,13593398.0
1984-07-20,0.5689,0.5706,0.5644,0.568,8537846.0
1984-07-23,0.5573,0.5662,0.5556,0.5662,9239587.0
1984-07-24,0.5653,0.5733,0.5644,0.5671,4799002.0
1984-07-25,0.5671,0.5733,0.5662,0.5698,7179638.0
1984-07-26,0.5733,0.5813,0.5715,0.5813,7213594.0
1984-07-27,0.5857,0.591,0.5848,0.5857,5772384.0
1984-07-30,0.5768,0.5893,0.5768,0.5866,4927277.0
1984-07-31,0.5857,0.591,0.5857,0.5902,5368694.0
1984-08-01,0.5919,0.6008,0.5902,0.5955,6145891.0
1984-08-02,0.6026,0.6097,0.5999,0.6097,6142118.0
1984-08-03,0.6141,0.6283,0.6097,0.6283,11597587.0
1984-08-06,0.6265,0.6354,0.6177,0.6221,7575782.0
1984-08-07,0.6159,0.6257,0.6123,0.6212,7270186.0
1984-08-08,0.6141,0.6194,0.6106,0.6115,8624621.0
1984-08-09,0.607,0.623,0.599,0.615,11574950.0
1984-08-10,0.6283,0.6292,0.6159,0.6168,18648950.0
1984-08-13,0.6177,0.623,0.6141,0.6203,6376032.0
1984-08-14,0.6194,0.6212,0.6115,0.6141,4546224.0
1984-08-15,0.6132,0.6159,0.607,0.6106,4772592.0
1984-08-16,0.6141,0.6194,0.6115,0.6168,5266829.0
1984-08-17,0.6168,0.6212,0.6141,0.6159,4353811.0
1984-08-20,0.615,0.6159,0.6115,0.6132,5859158.0
1984-08-21,0.6141,0.6194,0.6123,0.6159,9322589.0
1984-08-22,0.6168,0.6177,0.6079,0.6097,9247133.0
1984-08-23,0.6079,0.6097,0.5981,0.6017,12963341.0
1984-08-24,0.5999,0.6017,0.5964,0.5973,6040253.0
1984-08-27,0.5973,0.5973,0.5928,0.5946,3376656.0
1984-08-28,0.5946,0.5981,0.5946,0.5973,6047798.0
1984-08-29,0.5981,0.6026,0.5955,0.599,7406006.0
1984-08-30,0.599,0.5999,0.5964,0.5973,27292435.0
1984-08-31,0.6017,0.6017,0.5973,0.6008,5534698.0
1984-09-04,0.5991,0.5991,0.5928,0.5928,3482294.0
1984-09-05,0.5901,0.5919,0.5856,0.5856,9865872.0
1984-09-06,0.5865,0.5928,0.5856,0.5919,12386102.0
1984-09-07,0.5973,0.5999,0.591,0.5982,5308330.0
1984-09-10,0.5955,0.6044,0.5928,0.5946,3037104.0
1984-09-11,0.5964,0.6062,0.5955,0.5964,6549581.0
1984-09-12,0.5955,0.6008,0.5937,0.5964,4168944.0
1984-09-13,0.5946,0.6107,0.5937,0.6107,5561107.0
1984-09-14,0.6152,0.6179,0.6116,0.6143,7968154.0
1984-09-17,0.6125,0.6196,0.6107,0.6152,5493197.0
1984-09-18,0.6089,0.6179,0.6089,0.6098,8420890.0
1984-09-19,0.608,0.6125,0.6026,0.6035,4648090.0
1984-09-20,0.6035,0.6089,0.5999,0.6053,3444566.0
1984-09-21,0.6035,0.608,0.5874,0.5874,5466787.0
1984-09-24,0.5874,0.5982,0.5874,0.5964,4206672.0
1984-09-25,0.5946,0.5982,0.5919,0.5964,6300576.0
1984-09-26,0.591,0.5982,0.591,0.5937,4980096.0
1984-09-27,0.5964,0.6017,0.5955,0.5955,4704682.0
1984-09-28,0.5946,0.5955,0.5892,0.5919,3206880.0
1984-10-01,0.591,0.5999,0.591,0.5973,3365338.0
1984-10-02,0.5982,0.6008,0.5955,0.5973,3538886.0
1984-10-03,0.5946,0.6035,0.5937,0.6017,3991622.0
1984-10-04,0.6071,0.6116,0.6062,0.6071,9771552.0
1984-10-05,0.6089,0.6107,0.5874,0.591,5825203.0
1984-10-08,0.582,0.582,0.5731,0.5767,6606173.0
1984-10-09,0.5749,0.5829,0.5731,0.5749,9854554.0
1984-10-10,0.5749,0.5829,0.5713,0.582,14329094.0
1984-10-11,0.5811,0.5865,0.5767,0.5829,7443734.0
1984-10-12,0.5829,0.5865,0.582,0.5829,7655011.0
1984-10-15,0.5829,0.5865,0.5811,0.5838,3935030.0
1984-10-16,0.5892,0.5919,0.5874,0.5874,6504307.0
1984-10-17,0.5856,0.6017,0.5856,0.5999,4172717.0
1984-10-18,0.5964,0.6089,0.5964,0.6089,7749331.0
1984-10-19,0.6107,0.6241,0.6089,0.6232,24311923.0
1984-10-22,0.6214,0.6268,0.617,0.6179,5274374.0
1984-10-23,0.6125,0.6241,0.6125,0.6241,5779930.0
1984-10-24,0.6241,0.6259,0.6179,0.6223,4168944.0
1984-10-25,0.6196,0.6223,0.6035,0.6071,7413552.0
1984-10-26,0.6053,0.6116,0.6053,0.6098,2539094.0
1984-10-29,0.6098,0.6107,0.6053,0.608,1833581.0
1984-10-30,0.6214,0.6214,0.6116,0.6205,4753728.0
1984-10-31,0.6205,0.6232,0.6179,0.6214,3829392.0
1984-11-01,0.6223,0.6331,0.6223,0.6295,9416909.0
1984-11-02,0.6295,0.6367,0.6295,0.6349,9239587.0
1984-11-05,0.6376,0.6385,0.6322,0.6358,5134781.0
1984-11-06,0.6376,0.6411,0.6358,0.6393,5972342.0
1984-11-07,0.6349,0.6393,0.6304,0.6349,5066870.0
1984-11-08,0.6322,0.6349,0.6304,0.6313,4165171.0
1984-11-09,0.6331,0.6349,0.625,0.625,3542659.0
1984-11-12,0.6214,0.6232,0.6205,0.6232,1807171.0
1984-11-13,0.6196,0.6223,0.6125,0.6125,4383994.0
1984-11-14,0.6161,0.6196,0.6143,0.6161,3987850.0
1984-11-15,0.6179,0.6196,0.6125,0.6188,8352979.0
1984-11-16,0.617,0.6214,0.6107,0.6107,7900243.0
1984-11-19,0.6152,0.617,0.6125,0.6152,2788099.0
1984-11-20,0.6196,0.6259,0.6179,0.6259,3893530.0
1984-11-21,0.625,0.6367,0.6232,0.6358,3123878.0
1984-11-23,0.6358,0.6447,0.6358,0.6429,8481254.0
1984-11-26,0.6411,0.6429,0.6358,0.6385,3259699.0
1984-11-27,0.6376,0.6537,0.6376,0.6537,11084486.0
1984-11-28,0.6501,0.6501,0.6402,0.6411,9326362.0
1984-11-29,0.6393,0.6411,0.6349,0.6385,9579139.0
1984-11-30,0.6349,0.6393,0.634,0.6358,4670726.0
1984-12-03,0.637,0.6388,0.6343,0.6343,3572842.0
1984-12-04,0.637,0.6406,0.6343,0.6406,6104390.0
1984-12-05,0.6406,0.6406,0.6361,0.637,3576614.0
1984-12-06,0.6352,0.6415,0.6343,0.6397,3961440.0
1984-12-07,0.6406,0.6415,0.6379,0.6388,3440794.0
1984-12-10,0.6379,0.6425,0.6379,0.6397,5319648.0
1984-12-11,0.6397,0.6425,0.6388,0.6397,11695680.0
1984-12-12,0.6434,0.6488,0.6415,0.647,7673875.0
1984-12-13,0.647,0.6497,0.6434,0.6443,7919107.0
1984-12-14,0.6443,0.6542,0.6443,0.6497,7722922.0
1984-12-17,0.6524,0.6596,0.6506,0.6569,8349206.0
1984-12-18,0.6578,0.6705,0.6578,0.6705,10967530.0
1984-12-19,0.6705,0.6795,0.6696,0.6723,12533242.0
1984-12-20,0.6723,0.6741,0.6659,0.6668,4689590.0
1984-12-21,0.6687,0.6687,0.6596,0.665,9167904.0
1984-12-24,0.6687,0.6777,0.6668,0.6723,6670310.0
1984-12-26,0.6705,0.6723,0.6678,0.6687,3795437.0
1984-12-27,0.6687,0.6741,0.6687,0.6696,5889341.0
1984-12-28,0.6705,0.675,0.6705,0.6741,4474541.0
1984-12-31,0.6723,0.6795,0.6723,0.6795,4180262.0
1985-01-02,0.6786,0.6786,0.6723,0.6732,5187600.0
1985-01-03,0.6705,0.6723,0.6614,0.6614,15747667.0
1985-01-04,0.6605,0.6605,0.6542,0.656,4233082.0
1985-01-07,0.6551,0.6578,0.6524,0.6533,6575990.0
1985-01-08,0.6551,0.6569,0.6524,0.6542,3708662.0
1985-01-09,0.6569,0.665,0.6551,0.6623,4380221.0
1985-01-10,0.6632,0.6759,0.6623,0.6759,5115917.0
1985-01-11,0.6741,0.6759,0.6687,0.6705,3652070.0
1985-01-14,0.6687,0.6867,0.6668,0.6849,7805923.0
1985-01-15,0.6831,0.6849,0.675,0.6768,6726902.0
1985-01-16,0.6768,0.6813,0.6705,0.675,7036272.0
1985-01-17,0.6741,0.6759,0.6705,0.6741,2939011.0
1985-01-18,0.675,0.6795,0.6714,0.6759,4595270.0
1985-01-21,0.6759,0.6958,0.6759,0.6921,14891242.0
1985-01-22,0.694,0.6958,0.6777,0.6813,15868397.0
1985-01-23,0.6813,0.6813,0.6696,0.6804,9624413.0
1985-01-24,0.6822,0.6912,0.6687,0.6687,9481046.0
1985-01-25,0.6687,0.6777,0.6687,0.6759,7364506.0
1985-01-28,0.6741,0.6759,0.6668,0.675,14102726.0
1985-01-29,0.675,0.6822,0.6705,0.6804,6866496.0
1985-01-30,0.6903,0.6921,0.6858,0.6894,12163507.0
1985-01-31,0.6885,0.694,0.6867,0.694,6266621.0
1985-02-01,0.6903,0.6931,0.6867,0.6903,3429475.0
1985-02-04,0.6903,0.703,0.6876,0.703,9443318.0
1985-02-05,0.703,0.7057,0.6976,0.6994,8477482.0
1985-02-06,0.6976,0.7003,0.6949,0.6976,7836106.0
1985-02-07,0.6976,0.6994,0.6921,0.6949,5346058.0
1985-02-08,0.694,0.6967,0.6867,0.6931,7232458.0
1985-02-11,0.7012,0.7012,0.6967,0.7012,5059325.0
1985-02-12,0.6994,0.703,0.6958,0.7012,8368070.0
1985-02-13,0.7012,0.7102,0.7012,0.7084,14849741.0
1985-02-14,0.712,0.7129,0.7048,0.7102,9843235.0
1985-02-15,0.712,0.7202,0.7102,0.7111,12823747.0
1985-02-19,0.7093,0.7102,0.7057,0.7093,3354019.0
1985-02-20,0.7093,0.7111,0.7039,0.7093,11944685.0
1985-02-21,0.7093,0.7102,0.7057,0.7066,8707622.0
1985-02-22,0.7057,0.7129,0.7057,0.7111,7077773.0
1985-02-25,0.7084,0.7202,0.7057,0.7193,6591082.0
1985-02-26,0.7175,0.7265,0.7147,0.7265,10827936.0
1985-02-27,0.7283,0.7319,0.7238,0.7247,8575574.0
1985-02-28,0.7232,0.7287,0.7232,0.7278,4889549.0
1985-03-01,0.726,0.736,0.726,0.7287,9790416.0
1985-03-04,0.7305,0.7305,0.7205,0.725,3776573.0
1985-03-05,0.7278,0.7314,0.7223,0.7232,8300160.0
1985-03-06,0.726,0.7323,0.7232,0.7287,12819974.0
1985-03-07,0.7287,0.7287,0.725,0.7269,7775741.0
1985-03-08,0.725,0.7296,0.7241,0.7241,5455469.0
1985-03-11,0.7223,0.7269,0.7214,0.7241,5217782.0
1985-03-12,0.7232,0.7323,0.7223,0.7287,3995395.0
1985-03-13,0.7323,0.7414,0.7314,0.7332,8805715.0
1985-03-14,0.7351,0.7442,0.7351,0.7423,10941120.0
1985-03-15,0.7405,0.7433,0.7269,0.7323,7805923.0
1985-03-18,0.7323,0.7342,0.7287,0.7305,7753104.0
1985-03-19,0.7269,0.7414,0.725,0.7396,7930426.0
1985-03-20,0.7423,0.7487,0.7369,0.746,11457994.0
1985-03-21,0.7423,0.7569,0.7423,0.7551,8477482.0
1985-03-22,0.7533,0.7551,0.7496,0.7505,7949290.0
1985-03-25,0.7496,0.7505,0.7469,0.7487,4682045.0
1985-03-26,0.7496,0.7533,0.7469,0.7515,8153021.0
1985-03-27,0.7524,0.7642,0.7524,0.7615,12197462.0
1985-03-28,0.7633,0.7679,0.7578,0.7606,7145683.0
1985-03-29,0.7624,0.766,0.7615,0.7642,4670726.0
1985-04-01,0.7624,0.7642,0.7597,0.7615,5470560.0
1985-04-02,0.7597,0.7615,0.7578,0.7597,4116125.0
1985-04-03,0.7597,0.7633,0.7597,0.7606,7206048.0
1985-04-04,0.7606,0.7642,0.7597,0.7624,3448339.0
1985-04-08,0.7624,0.7633,0.7524,0.7524,3512477.0
1985-04-09,0.7515,0.7524,0.7451,0.7487,4780138.0
1985-04-10,0.7487,0.7542,0.7487,0.7515,3787891.0
1985-04-11,0.7515,0.7551,0.746,0.7487,4704682.0
1985-04-12,0.7433,0.7487,0.7396,0.7423,4059533.0
1985-04-15,0.7405,0.7487,0.7405,0.7487,3961440.0
1985-04-16,0.7542,0.7542,0.7496,0.7515,7726694.0
1985-04-17,0.7505,0.7524,0.746,0.7487,3840710.0
1985-04-18,0.7524,0.7533,0.7469,0.7524,9137722.0
1985-04-19,0.7542,0.7569,0.7515,0.7542,8820806.0
1985-04-22,0.7551,0.7551,0.7469,0.7487,5942160.0
1985-04-23,0.7478,0.7515,0.7469,0.7505,6059117.0
1985-04-24,0.7505,0.7578,0.7487,0.7578,2705098.0
1985-04-25,0.756,0.7606,0.756,0.7578,3282336.0
1985-04-26,0.7633,0.7633,0.756,0.756,2735280.0
1985-04-29,0.7542,0.756,0.7433,0.7433,4749955.0
1985-04-30,0.7414,0.7433,0.7369,0.7414,6342077.0
1985-05-01,0.736,0.7396,0.7232,0.7269,12046550.0
1985-05-02,0.7287,0.7305,0.7214,0.7214,6342077.0
1985-05-03,0.725,0.7314,0.7223,0.7296,6708038.0
1985-05-06,0.7278,0.7332,0.7278,0.7287,4259491.0
1985-05-07,0.7278,0.7323,0.726,0.726,5089507.0
1985-05-08,0.7159,0.7296,0.7159,0.7269,17049283.0
1985-05-09,0.7296,0.7414,0.7296,0.7378,8220931.0
1985-05-10,0.7433,0.7578,0.7378,0.7433,15193066.0
1985-05-13,0.7542,0.7542,0.7451,0.7505,4878230.0
1985-05-14,0.7578,0.7597,0.7533,0.7551,6821222.0
1985-05-15,0.7542,0.7542,0.7478,0.7496,6658992.0
1985-05-16,0.7487,0.7515,0.7478,0.7515,5334739.0
1985-05-17,0.7505,0.7669,0.7505,0.7578,11065622.0
1985-05-20,0.7706,0.7751,0.7688,0.7742,9537638.0
1985-05-21,0.7742,0.7961,0.7742,0.7897,11688134.0
1985-05-22,0.7888,0.7888,0.7815,0.787,8722714.0
1985-05-23,0.7888,0.7888,0.7842,0.7852,3165379.0
1985-05-24,0.7852,0.7915,0.7833,0.7915,3587933.0
1985-05-28,0.7934,0.7979,0.7861,0.7879,2844691.0
1985-05-29,0.7897,0.7897,0.7852,0.787,2067494.0
1985-05-30,0.7888,0.7897,0.7833,0.7861,3203107.0
1985-05-31,0.7842,0.7924,0.7833,0.7861,5368694.0
1985-06-03,0.8039,0.8039,0.7892,0.791,5274374.0
1985-06-04,0.7919,0.7974,0.7901,0.7965,8217158.0
1985-06-05,0.8002,0.813,0.7974,0.8057,15581664.0
1985-06-06,0.8075,0.8332,0.8057,0.8332,19097914.0
1985-06-07,0.8314,0.8314,0.8149,0.8149,7372051.0
1985-06-10,0.8158,0.8158,0.8094,0.813,4689590.0
1985-06-11,0.813,0.814,0.8057,0.8085,3995395.0
1985-06-12,0.8103,0.8103,0.8048,0.8075,2384410.0
1985-06-13,0.8057,0.8094,0.791,0.7929,11299536.0
1985-06-14,0.7984,0.7984,0.791,0.7974,5202691.0
1985-06-17,0.7956,0.8167,0.7929,0.8167,10473293.0
1985-06-18,0.8167,0.8241,0.8149,0.8213,10620432.0
1985-06-19,0.8213,0.8277,0.8195,0.825,6051571.0
1985-06-20,0.8231,0.8332,0.8231,0.8332,5715792.0
1985-06-21,0.8323,0.8479,0.8277,0.847,17743478.0
1985-06-24,0.8433,0.8452,0.8397,0.8406,4621680.0
1985-06-25,0.8424,0.8424,0.8296,0.8296,6013843.0
1985-06-26,0.8296,0.8296,0.8259,0.8286,2433456.0
1985-06-27,0.8286,0.8351,0.8277,0.8332,2878646.0
1985-06-28,0.8314,0.8323,0.8241,0.8268,4957459.0
1985-07-01,0.8241,0.8268,0.8186,0.8231,3999168.0
1985-07-02,0.8231,0.8277,0.8204,0.8222,2871101.0
1985-07-03,0.8002,0.8186,0.8002,0.8186,13151981.0
1985-07-05,0.8222,0.825,0.8186,0.8204,3757709.0
1985-07-08,0.8241,0.8277,0.8204,0.8277,5270602.0
1985-07-09,0.8296,0.8424,0.8296,0.8369,10612886.0
1985-07-10,0.8387,0.8525,0.8387,0.8516,8609530.0
1985-07-11,0.8479,0.8507,0.8452,0.8507,7481462.0
1985-07-12,0.8507,0.8507,0.8443,0.8461,6259075.0
1985-07-15,0.8452,0.8507,0.8443,0.8488,4587725.0
1985-07-16,0.8498,0.8525,0.8479,0.8525,6538262.0
1985-07-17,0.8534,0.8608,0.8534,0.8599,10141286.0
1985-07-18,0.8553,0.8608,0.8553,0.858,4353811.0
1985-07-19,0.8599,0.8608,0.8553,0.8589,13004842.0
1985-07-22,0.8571,0.8571,0.8534,0.8553,4202899.0
1985-07-23,0.8571,0.8608,0.8553,0.8562,5387558.0
1985-07-24,0.8543,0.8562,0.8479,0.8507,5749747.0
1985-07-25,0.8479,0.8498,0.8369,0.8387,6696720.0
1985-07-26,0.836,0.8378,0.8268,0.8277,8096429.0
1985-07-29,0.8277,0.8277,0.8231,0.8259,4342493.0
1985-07-30,0.8231,0.8287,0.8213,0.8277,3908621.0
1985-07-31,0.8296,0.8323,0.8259,0.8286,5074416.0
1985-08-01,0.8314,0.8323,0.8286,0.8314,3331382.0
1985-08-02,0.8296,0.8296,0.8231,0.8241,1686442.0
1985-08-05,0.8204,0.8241,0.8176,0.8231,4029350.0
1985-08-06,0.8231,0.8314,0.8158,0.8158,6338304.0
1985-08-07,0.8167,0.8204,0.8158,0.8204,4051987.0
1985-08-08,0.8186,0.8241,0.8186,0.8241,2203315.0
1985-08-09,0.8241,0.8241,0.8204,0.8204,6206256.0
1985-08-12,0.8222,0.8286,0.8222,0.8241,1543075.0
1985-08-13,0.8241,0.8314,0.8241,0.8286,3029558.0
1985-08-14,0.8296,0.8378,0.8296,0.8369,4553770.0
1985-08-15,0.8369,0.8443,0.8369,0.8415,7006090.0
1985-08-16,0.8406,0.8433,0.8397,0.8424,7809696.0
1985-08-19,0.8424,0.8479,0.8424,0.8442,2863555.0
1985-08-20,0.8461,0.8543,0.8442,0.8534,7911562.0
1985-08-21,0.8534,0.8626,0.8516,0.8626,6134573.0
1985-08-22,0.8608,0.8644,0.8562,0.8608,4844275.0
1985-08-23,0.8589,0.8608,0.8571,0.8589,3546432.0
1985-08-26,0.8571,0.8571,0.8461,0.8461,4538678.0
1985-08-27,0.8488,0.8488,0.8452,0.847,11069395.0
1985-08-28,0.8452,0.8516,0.8452,0.8507,2995603.0
1985-08-29,0.8488,0.8498,0.8442,0.8442,4802774.0
1985-08-30,0.8437,0.8502,0.84,0.8437,2844691.0
1985-09-03,0.8428,0.8428,0.84,0.8428,3138970.0
1985-09-04,0.8418,0.8437,0.84,0.8418,2267453.0
1985-09-05,0.8428,0.8428,0.84,0.84,3105014.0
1985-09-06,0.8391,0.8428,0.8382,0.8391,3976531.0
1985-09-09,0.8391,0.8428,0.8391,0.8418,1916582.0
1985-09-10,0.84,0.8418,0.8363,0.8363,2935238.0
1985-09-11,0.8391,0.8391,0.8289,0.8289,8922672.0
1985-09-12,0.8298,0.8298,0.8243,0.828,5447923.0
1985-09-13,0.8261,0.8298,0.8206,0.8224,6387350.0
1985-09-16,0.8224,0.828,0.8215,0.8234,3025786.0
1985-09-17,0.8234,0.8252,0.8187,0.8187,12276691.0
1985-09-18,0.815,0.815,0.7651,0.7975,42481728.0
1985-09-19,0.7938,0.8049,0.7938,0.803,10186560.0
1985-09-20,0.8012,0.8067,0.7984,0.7984,7937971.0
1985-09-23,0.8095,0.8114,0.8058,0.8077,9643277.0
1985-09-24,0.8086,0.8187,0.8077,0.8095,9643277.0
1985-09-25,0.8095,0.8095,0.7984,0.7993,10726070.0
1985-09-26,0.7984,0.8049,0.7984,0.8049,5553562.0
1985-09-30,0.804,0.8058,0.7984,0.8003,4625453.0
1985-10-01,0.7993,0.8058,0.7938,0.804,6772176.0
1985-10-02,0.8067,0.8067,0.791,0.791,10650614.0
1985-10-03,0.7882,0.7929,0.7836,0.7873,10024330.0
1985-10-04,0.7855,0.7882,0.7836,0.7882,3006922.0
1985-10-07,0.791,0.8058,0.7864,0.8003,8036064.0
1985-10-08,0.8012,0.8114,0.7984,0.8114,5738429.0
1985-10-09,0.8058,0.8114,0.8058,0.8058,4263264.0
1985-10-10,0.803,0.8049,0.7993,0.803,2761690.0
1985-10-11,0.8049,0.8095,0.8049,0.8095,4097261.0
1985-10-14,0.8086,0.8114,0.8077,0.8104,1867536.0
1985-10-15,0.8095,0.8114,0.804,0.8104,3414384.0
1985-10-16,0.8104,0.8354,0.8095,0.8354,12499286.0
1985-10-17,0.8372,0.8455,0.8326,0.8428,14495098.0
1985-10-18,0.8409,0.8446,0.8363,0.8409,10228061.0
1985-10-21,0.84,0.8409,0.8326,0.8326,2286317.0
1985-10-22,0.8326,0.8391,0.8298,0.8372,5406422.0
1985-10-23,0.8354,0.8354,0.8317,0.8354,5255510.0
1985-10-24,0.8354,0.8372,0.8308,0.8317,6379805.0
1985-10-25,0.8298,0.8326,0.8289,0.8289,2014675.0
1985-10-28,0.8271,0.8308,0.8252,0.828,2678688.0
1985-10-29,0.8298,0.8437,0.8289,0.8409,4595270.0
1985-10-30,0.8483,0.8557,0.8455,0.8557,8217158.0
1985-10-31,0.8539,0.8613,0.852,0.8613,12918067.0
1985-11-01,0.8585,0.8696,0.8585,0.8696,7511645.0
1985-11-04,0.8696,0.8871,0.8696,0.8871,11597587.0
1985-11-05,0.8862,0.8862,0.877,0.8844,7160774.0
1985-11-06,0.8834,0.8844,0.8733,0.8788,9337680.0
1985-11-07,0.877,0.877,0.8686,0.8696,4180262.0
1985-11-08,0.8677,0.8825,0.8659,0.8816,7398461.0
1985-11-11,0.8834,0.9047,0.8834,0.9038,8383162.0
1985-11-12,0.9019,0.9121,0.8982,0.9075,6855178.0
1985-11-13,0.9038,0.9038,0.8927,0.8945,3712435.0
1985-11-14,0.8927,0.9019,0.8927,0.9001,2659824.0
1985-11-15,0.8973,0.9084,0.8927,0.9038,7824787.0
1985-11-18,0.9019,0.9047,0.8945,0.8991,5519606.0
1985-11-19,0.8991,0.8991,0.8936,0.8982,2769235.0
1985-11-20,0.8982,0.8991,0.8964,0.8973,2961648.0
1985-11-21,0.901,0.9222,0.8973,0.9222,6840086.0
1985-11-22,0.9204,0.9315,0.9195,0.9306,9824371.0
1985-11-25,0.9315,0.9315,0.9269,0.9278,3406838.0
1985-11-26,0.9278,0.9426,0.9222,0.9352,6115709.0
1985-11-27,0.9463,0.9684,0.9463,0.9675,13857494.0
1985-11-29,0.9684,0.9721,0.9574,0.9611,6915542.0
1985-12-02,0.9648,0.9666,0.95,0.9555,5930842.0
1985-12-03,0.9576,0.9603,0.9529,0.9576,3704890.0
1985-12-04,0.9594,0.9752,0.9585,0.9715,5304557.0
1985-12-05,0.9771,0.992,0.9752,0.9752,10439338.0
1985-12-06,0.9762,0.9762,0.9603,0.9678,8236022.0
1985-12-09,0.9752,0.9818,0.9734,0.9799,6613718.0
1985-12-10,0.9799,0.9873,0.9799,0.9845,6821222.0
1985-12-11,0.9864,1.0013,0.9864,0.9994,8239795.0
1985-12-12,1.0041,1.005,0.9883,0.9901,5436605.0
1985-12-13,0.9966,1.0022,0.9911,1.0013,6711811.0
1985-12-16,1.0041,1.0218,0.9976,1.019,9232042.0
1985-12-17,1.0227,1.0227,1.0087,1.0087,7243776.0
1985-12-18,1.005,1.0115,0.9994,1.0022,7300368.0
1985-12-19,1.0004,1.0115,0.9994,1.0087,5779930.0
1985-12-20,1.0087,1.0162,1.0032,1.0032,15426979.0
1985-12-23,1.0041,1.0041,0.9864,0.9873,4942368.0
1985-12-24,0.9864,0.9864,0.9799,0.9855,4580179.0
1985-12-26,0.9855,0.9929,0.9855,0.992,3304973.0
1985-12-27,0.9976,1.0125,0.9976,1.0097,5368694.0
1985-12-30,1.0115,1.0162,1.0097,1.0153,4700909.0
1985-12-31,1.0134,1.0255,1.0125,1.0199,7443734.0
1986-01-02,1.0199,1.0274,1.018,1.0274,8635939.0
1986-01-03,1.0274,1.0488,1.0264,1.046,8639712.0
1986-01-06,1.0497,1.0525,1.0441,1.0488,7507872.0
1986-01-07,1.0525,1.0562,1.0497,1.0534,5644109.0
1986-01-08,1.0553,1.059,1.0329,1.0348,7334323.0
1986-01-09,1.0283,1.0311,1.0013,1.0162,18796090.0
1986-01-10,1.0218,1.0218,1.0032,1.0087,11431584.0
1986-01-13,1.0106,1.019,1.005,1.018,7436189.0
1986-01-14,1.019,1.0199,1.0115,1.018,5353603.0
1986-01-15,1.0134,1.0227,1.0134,1.018,6975907.0
1986-01-16,1.019,1.0218,0.9994,1.0218,11518358.0
1986-01-17,1.0199,1.0311,1.0134,1.0199,13314211.0
1986-01-20,1.0246,1.0311,1.0218,1.0255,4433040.0
1986-01-21,1.0246,1.0274,1.0171,1.0227,4780138.0
1986-01-22,1.0227,1.0236,1.0125,1.0143,4859366.0
1986-01-23,1.0143,1.0143,1.0097,1.0143,4780138.0
1986-01-24,1.0162,1.018,1.0013,1.0078,4451904.0
1986-01-27,1.0153,1.0199,1.0087,1.0097,5017824.0
1986-01-28,1.0134,1.0153,1.0069,1.0134,7190957.0
1986-01-29,1.0115,1.0218,1.0087,1.0125,5568653.0
1986-01-30,1.0143,1.0153,1.005,1.0078,4383994.0
1986-01-31,1.0097,1.0274,1.0097,1.0246,7364506.0
1986-02-03,1.0264,1.0515,1.0236,1.0478,9816826.0
1986-02-04,1.0571,1.0683,1.0478,1.0664,8247341.0
1986-02-05,1.0636,1.0664,1.0543,1.0636,5591290.0
1986-02-06,1.0627,1.072,1.0534,1.0562,5512061.0
1986-02-07,1.046,1.0609,1.0432,1.0609,6628810.0
1986-02-10,1.0636,1.0664,1.059,1.0655,3836938.0
1986-02-11,1.0674,1.0683,1.0627,1.0664,3304973.0
1986-02-12,1.0683,1.0711,1.0609,1.0664,4168944.0
1986-02-13,1.0711,1.072,1.0534,1.0702,7730467.0
1986-02-14,1.0683,1.0748,1.0618,1.072,9635731.0
1986-02-18,1.0748,1.0962,1.0655,1.0962,6741994.0
1986-02-19,1.0953,1.1167,1.0934,1.1018,6560899.0
1986-02-20,1.0981,1.1204,1.0925,1.1195,5564880.0
1986-02-21,1.1269,1.1353,1.1018,1.1353,13865040.0
1986-02-24,1.1334,1.1353,1.1223,1.126,7798378.0
1986-02-25,1.1241,1.1297,1.1148,1.1223,5214010.0
1986-02-26,1.1213,1.1306,1.113,1.1213,6749539.0
1986-02-27,1.1262,1.1608,1.1168,1.1421,8994355.0
1986-02-28,1.1431,1.1449,1.1262,1.1281,5700701.0
1986-03-03,1.1197,1.1281,1.114,1.1178,5764838.0
1986-03-04,1.1178,1.1328,1.1094,1.1122,5961024.0
1986-03-05,1.1122,1.1122,1.0953,1.1,6998544.0
1986-03-06,1.1047,1.1084,1.0991,1.1047,6930634.0
1986-03-07,1.1084,1.1365,1.1084,1.129,7160774.0
1986-03-10,1.1271,1.1309,1.1234,1.13,3169152.0
1986-03-11,1.1337,1.159,1.1309,1.1496,6262848.0
1986-03-12,1.1562,1.1824,1.1552,1.1646,10428019.0
1986-03-13,1.1608,1.1749,1.1571,1.1608,10620432.0
1986-03-14,1.1721,1.2133,1.1637,1.2105,14604509.0
1986-03-17,1.2048,1.2086,1.1936,1.1945,7836106.0
1986-03-18,1.1889,1.2086,1.1833,1.1955,7813469.0
1986-03-19,1.2002,1.217,1.1908,1.2077,4889549.0
1986-03-20,1.2198,1.2582,1.2198,1.2432,9703642.0
1986-03-21,1.2451,1.2526,1.2077,1.2077,17939664.0
1986-03-24,1.2105,1.2114,1.1889,1.1983,6934406.0
1986-03-25,1.203,1.2282,1.1983,1.2067,10129968.0
1986-03-26,1.217,1.2545,1.217,1.2545,8560483.0
1986-03-27,1.2807,1.3256,1.2657,1.2713,18230170.0
1986-03-31,1.2788,1.3106,1.2741,1.305,10062058.0
1986-04-01,1.3125,1.3284,1.3125,1.3172,15430752.0
1986-04-02,1.3125,1.3125,1.2882,1.3069,10118650.0
1986-04-03,1.305,1.306,1.2657,1.2769,12129552.0
1986-04-04,1.2657,1.2769,1.2208,1.232,8171885.0
1986-04-07,1.2208,1.2282,1.2058,1.2245,7870061.0
1986-04-08,1.2357,1.2423,1.217,1.2367,10077149.0
1986-04-09,1.2432,1.2563,1.2058,1.2245,12620016.0
1986-04-10,1.2357,1.2414,1.2133,1.2414,11876774.0
1986-04-11,1.2498,1.2545,1.2339,1.2442,7190957.0
1986-04-14,1.247,1.2732,1.2432,1.2732,9360317.0
1986-04-15,1.2694,1.3088,1.2694,1.2975,8726486.0
1986-04-16,1.3069,1.3406,1.3069,1.3331,10284653.0
1986-04-17,1.3237,1.3481,1.3219,1.3425,7696512.0
1986-04-18,1.3406,1.3705,1.3387,1.3481,18735725.0
1986-04-21,1.3481,1.3518,1.334,1.3518,9994147.0
1986-04-22,1.3499,1.3499,1.3106,1.3219,8734032.0
1986-04-23,1.3078,1.3219,1.2957,1.3219,7160774.0
1986-04-24,1.3256,1.3368,1.32,1.3294,8511437.0
1986-04-25,1.3294,1.335,1.2994,1.3209,5674291.0
1986-04-28,1.3191,1.3397,1.3191,1.3397,4614134.0
1986-04-29,1.3481,1.3481,1.3228,1.3275,4938595.0
1986-04-30,1.3294,1.335,1.2919,1.2994,9458410.0
1986-05-01,1.2928,1.2947,1.2732,1.2769,5795021.0
1986-05-02,1.2807,1.2994,1.2807,1.2882,6515626.0
1986-05-05,1.29,1.3181,1.2891,1.3144,6206256.0
1986-05-06,1.3219,1.335,1.3162,1.3303,9952646.0
1986-05-07,1.3256,1.335,1.32,1.334,8711395.0
1986-05-08,1.3359,1.3443,1.334,1.3387,6127027.0
1986-05-09,1.3368,1.3481,1.3331,1.3471,6432624.0
1986-05-12,1.3368,1.3462,1.3368,1.3406,4946141.0
1986-05-13,1.3537,1.3762,1.3406,1.364,12472877.0
1986-05-14,1.3696,1.4042,1.364,1.4042,13831085.0
1986-05-15,1.3986,1.3986,1.3743,1.3743,6530717.0
1986-05-16,1.3743,1.3743,1.3556,1.364,7074000.0
1986-05-19,1.3659,1.3668,1.3556,1.3593,2806963.0
1986-05-20,1.3612,1.379,1.3556,1.3752,6108163.0
1986-05-21,1.3724,1.3968,1.3724,1.3865,7953062.0
1986-05-22,1.3865,1.4005,1.3837,1.3958,8175658.0
1986-05-23,1.3968,1.4099,1.393,1.4099,10069603.0
1986-05-27,1.4623,1.4642,1.4267,1.4623,6443942.0
1986-05-28,1.481,1.5016,1.4679,1.496,7264526.0
1986-05-29,1.496,1.4979,1.4679,1.4848,5500742.0
1986-05-30,1.4717,1.481,1.4379,1.4454,5385672.0
1986-06-02,1.4492,1.4548,1.408,1.4192,6643901.0
1986-06-03,1.4486,1.4523,1.4147,1.4486,7326778.0
1986-06-04,1.4599,1.4636,1.4392,1.4542,5840294.0
1986-06-05,1.4561,1.4711,1.4467,1.4674,4634885.0
1986-06-06,1.4806,1.5012,1.4749,1.4824,8690645.0
1986-06-09,1.4636,1.4636,1.4486,1.4505,4915958.0
1986-06-10,1.4486,1.4561,1.4486,1.4486,5555448.0
1986-06-11,1.4523,1.4542,1.426,1.4448,3825619.0
1986-06-12,1.441,1.4505,1.3846,1.4241,6172301.0
1986-06-13,1.4523,1.5012,1.4486,1.4843,7117387.0
1986-06-16,1.49,1.5125,1.4881,1.4956,6587309.0
1986-06-17,1.505,1.5088,1.4918,1.505,5919523.0
1986-06-18,1.5163,1.5483,1.5125,1.5389,9624413.0
1986-06-19,1.5389,1.5727,1.5313,1.5313,11401402.0
1986-06-20,1.5483,1.5483,1.5012,1.5426,8932104.0
1986-06-23,1.5389,1.5577,1.5276,1.5351,3852029.0
1986-06-24,1.5408,1.5539,1.5238,1.5332,4559429.0
1986-06-25,1.5295,1.5483,1.5238,1.5295,5246078.0
1986-06-26,1.5276,1.5426,1.5069,1.537,3991622.0
1986-06-27,1.5408,1.5615,1.537,1.5558,5008392.0
1986-06-30,1.5633,1.5934,1.5615,1.5727,5781816.0
1986-07-01,1.5577,1.5897,1.5577,1.5897,4766933.0
1986-07-02,1.5897,1.5916,1.5746,1.5859,3431362.0
1986-07-03,1.584,1.584,1.5502,1.5596,4217990.0
1986-07-07,1.5577,1.5577,1.5088,1.5238,5625245.0
1986-07-08,1.4975,1.5012,1.4373,1.4975,6813677.0
1986-07-09,1.4994,1.5031,1.4862,1.4994,5163077.0
1986-07-10,1.4994,1.5012,1.4749,1.5012,7177752.0
1986-07-11,1.5031,1.5257,1.4975,1.5107,5442264.0
1986-07-14,1.49,1.5012,1.4824,1.4824,4980096.0
1986-07-15,1.4824,1.4975,1.4674,1.4862,10575158.0
1986-07-16,1.49,1.4975,1.4824,1.4881,6076094.0
1986-07-17,1.4937,1.537,1.4937,1.5313,9039629.0
1986-07-18,1.5445,1.5614,1.5276,1.5351,13900882.0
1986-07-21,1.5219,1.5351,1.5144,1.5201,3318178.0
1986-07-22,1.5276,1.5953,1.5276,1.5953,10633637.0
1986-07-23,1.5953,1.601,1.5596,1.569,7221139.0
1986-07-24,1.5652,1.569,1.5577,1.5652,4376448.0
1986-07-25,1.5652,1.569,1.5502,1.5633,7698398.0
1986-07-28,1.5652,1.5727,1.5351,1.5502,6059117.0
1986-07-29,1.5614,1.5671,1.5502,1.5539,4374562.0
1986-07-30,1.5558,1.5953,1.5483,1.584,6764630.0
1986-07-31,1.5803,1.6179,1.5803,1.6028,6379805.0
1986-08-01,1.6066,1.6311,1.5991,1.6235,6108163.0
1986-08-04,1.6104,1.6292,1.5991,1.6104,5197032.0
1986-08-05,1.6104,1.6292,1.6104,1.6179,5574312.0
1986-08-06,1.6179,1.6367,1.6141,1.6292,6223234.0
1986-08-07,1.6311,1.6442,1.6254,1.6273,5583744.0
1986-08-08,1.6254,1.6311,1.6066,1.6066,2574936.0
1986-08-11,1.6141,1.6461,1.6104,1.6442,7666330.0
1986-08-12,1.648,1.6612,1.6367,1.6574,7368278.0
1986-08-13,1.663,1.7082,1.6574,1.6894,8094542.0
1986-08-14,1.6875,1.7251,1.6875,1.7138,7155115.0
1986-08-15,1.7195,1.7345,1.7044,1.7345,9530093.0
1986-08-18,1.7402,1.7571,1.7308,1.7496,7356960.0
1986-08-19,1.7402,1.7496,1.7345,1.7383,4440586.0
1986-08-20,1.7345,1.7383,1.7101,1.7101,5670518.0
1986-08-21,1.7157,1.7195,1.6894,1.7025,5615813.0
1986-08-22,1.7007,1.7195,1.7007,1.7063,3802982.0
1986-08-25,1.7063,1.7063,1.6668,1.6743,5187600.0
1986-08-26,1.6706,1.7007,1.6668,1.695,6081754.0
1986-08-27,1.6894,1.7007,1.6724,1.6819,4814093.0
1986-08-28,1.6837,1.712,1.6743,1.712,4666954.0
1986-08-29,1.7157,1.7421,1.712,1.7402,4740523.0
1986-09-02,1.7466,1.7485,1.6672,1.6767,7709717.0
1986-09-03,1.6767,1.7088,1.6729,1.6937,7368278.0
1986-09-04,1.6975,1.7353,1.6861,1.7182,9814939.0
1986-09-05,1.705,1.7126,1.6559,1.6691,9424454.0
1986-09-08,1.6351,1.6351,1.5803,1.5878,18864000.0
1986-09-09,1.6067,1.6181,1.5689,1.5765,10128082.0
1986-09-10,1.5765,1.5859,1.5595,1.5821,6085526.0
1986-09-11,1.5784,1.5784,1.4971,1.5084,13042570.0
1986-09-12,1.5122,1.5198,1.4744,1.4876,18024552.0
1986-09-15,1.4914,1.516,1.4839,1.5009,8622734.0
1986-09-16,1.4933,1.5084,1.4744,1.5084,8351093.0
1986-09-17,1.5122,1.516,1.4782,1.482,10744934.0
1986-09-18,1.482,1.5084,1.4782,1.4971,7466371.0
1986-09-19,1.482,1.4895,1.4744,1.4744,10473293.0
1986-09-22,1.482,1.482,1.4668,1.4782,5613926.0
1986-09-23,1.482,1.5084,1.482,1.5084,7004203.0
1986-09-24,1.5198,1.5538,1.5084,1.5519,9452750.0
1986-09-25,1.5424,1.5424,1.5046,1.5046,6679742.0
1986-09-26,1.5084,1.5273,1.4895,1.5028,4804661.0
1986-09-29,1.5009,1.5046,1.4782,1.5009,6130800.0
1986-09-30,1.5046,1.5235,1.482,1.4895,5853499.0
1986-10-01,1.4914,1.533,1.4895,1.5179,5719565.0
1986-10-02,1.5103,1.5273,1.5065,1.5235,5200805.0
1986-10-03,1.5424,1.5538,1.5009,1.5103,9567821.0
1986-10-06,1.5179,1.5387,1.5084,1.5311,3631320.0
1986-10-07,1.5424,1.55,1.5254,1.5424,4700909.0
1986-10-08,1.5349,1.5576,1.533,1.5462,4450018.0
1986-10-09,1.5406,1.5765,1.5387,1.5651,6442056.0
1986-10-10,1.5614,1.5689,1.5368,1.5462,4953686.0
1986-10-13,1.5424,1.55,1.5387,1.5462,3055968.0
1986-10-14,1.5557,1.5651,1.5519,1.5614,6238325.0
1986-10-15,1.5651,1.6143,1.5614,1.6143,10363882.0
1986-10-16,1.6237,1.6426,1.6143,1.6389,9788530.0
1986-10-17,1.6351,1.6521,1.6294,1.6521,10416701.0
1986-10-20,1.637,1.637,1.6105,1.6275,4723546.0
1986-10-21,1.6256,1.6275,1.6105,1.6181,3699230.0
1986-10-22,1.6218,1.6407,1.6143,1.6313,5702587.0
1986-10-23,1.6332,1.6672,1.6332,1.6559,8405798.0
1986-10-24,1.6578,1.6634,1.6407,1.6483,4942368.0
1986-10-27,1.6445,1.6464,1.6256,1.6256,4463222.0
1986-10-28,1.637,1.6389,1.6181,1.6237,3112560.0
1986-10-29,1.6181,1.6332,1.6162,1.6294,2884306.0
1986-10-30,1.6559,1.6634,1.6502,1.6559,16736141.0
1986-10-31,1.6332,1.6445,1.6256,1.6426,4729205.0
1986-11-03,1.6483,1.6691,1.6445,1.6634,5664859.0
1986-11-04,1.6596,1.671,1.6559,1.6634,7807810.0
1986-11-05,1.6483,1.6748,1.6483,1.6559,7432416.0
1986-11-06,1.6559,1.6596,1.62,1.6407,6260962.0
1986-11-07,1.637,1.6426,1.6124,1.6237,4295333.0
1986-11-10,1.62,1.6275,1.5992,1.6181,3206880.0
1986-11-11,1.6181,1.6332,1.6181,1.6218,2386296.0
1986-11-12,1.6162,1.6275,1.6067,1.62,3789778.0
1986-11-13,1.6181,1.6275,1.5973,1.5992,4834843.0
1986-11-14,1.601,1.601,1.584,1.5878,3984077.0
1986-11-17,1.5803,1.5878,1.5746,1.5821,3944462.0
1986-11-18,1.5765,1.584,1.5198,1.5821,6032707.0
1986-11-19,1.5349,1.5614,1.5217,1.5349,6951384.0
1986-11-20,1.5727,1.6029,1.55,1.601,7219253.0
1986-11-21,1.6029,1.6672,1.6029,1.6672,12718109.0
1986-11-24,1.6634,1.6937,1.6596,1.6672,8622734.0
1986-11-25,1.6767,1.6785,1.6596,1.6748,4819752.0
1986-11-26,1.6691,1.6785,1.6672,1.6748,3433248.0
1986-11-28,1.6785,1.6823,1.6672,1.671,2561731.0
1986-12-01,1.6634,1.6748,1.6445,1.6748,5749747.0
1986-12-02,1.6983,1.7534,1.6945,1.7477,20373120.0
1986-12-03,1.7173,1.7515,1.7173,1.7325,10737389.0
1986-12-04,1.7325,1.7553,1.7249,1.7439,7034386.0
1986-12-05,1.7477,1.7515,1.7021,1.7363,9794189.0
1986-12-08,1.7363,1.7477,1.7097,1.7363,7475803.0
1986-12-09,1.7306,1.7439,1.7268,1.7325,3640752.0
1986-12-10,1.7344,1.7591,1.7325,1.7515,5234760.0
1986-12-11,1.7515,1.7515,1.6945,1.7192,7275845.0
1986-12-12,1.7135,1.7211,1.7021,1.7021,4159512.0
1986-12-15,1.6983,1.7173,1.6736,1.7173,8441640.0
1986-12-16,1.7268,1.7477,1.7211,1.7382,11791886.0
1986-12-17,1.7325,1.7382,1.7116,1.7192,8124725.0
1986-12-18,1.7306,1.7306,1.7116,1.7173,7057022.0
1986-12-19,1.7287,1.7762,1.7211,1.7762,50932800.0
1986-12-22,1.7724,1.8047,1.7667,1.7914,27352800.0
1986-12-23,1.8085,1.8313,1.8009,1.8199,15706166.0
1986-12-24,1.8199,1.8826,1.8199,1.8731,9216950.0
1986-12-26,1.8807,1.9681,1.8769,1.9681,8852875.0
1986-12-29,1.9301,1.9339,1.8921,1.8997,13746197.0
1986-12-30,1.9073,1.9263,1.8921,1.9168,9963965.0
1986-12-31,1.9187,1.9225,1.8769,1.8826,8488800.0
1987-01-02,1.8864,1.9149,1.8541,1.9149,15147792.0
1987-01-05,1.9605,1.9605,1.9377,1.9567,12091824.0
1987-01-06,1.9605,1.9643,1.9377,1.9377,14964811.0
1987-01-07,1.9225,1.9453,1.9149,1.9453,13627354.0
1987-01-08,1.9491,1.9719,1.932,1.97,17103989.0
1987-01-09,1.9624,1.9738,1.9586,1.9605,8528414.0
1987-01-12,1.9529,1.9605,1.9301,1.9358,10718525.0
1987-01-13,1.9301,1.9377,1.9225,1.9225,7023067.0
1987-01-14,1.9263,1.9434,1.9168,1.9396,9830030.0
1987-01-15,1.951,2.0194,1.9396,2.0194,15079882.0
1987-01-16,2.0327,2.0669,2.0213,2.0669,22070880.0
1987-01-19,2.0593,2.0726,2.0213,2.0707,8798170.0
1987-01-20,2.0688,2.0821,2.0175,2.0213,12599266.0
1987-01-21,2.0137,2.0479,2.0137,2.0308,10145059.0
1987-01-22,2.0327,2.0783,2.027,2.0783,10627978.0
1987-01-23,2.1049,2.196,2.0289,2.0403,19618560.0
1987-01-26,2.0441,2.0498,2.0099,2.0365,9958306.0
1987-01-27,2.0669,2.0973,2.0517,2.0802,10537430.0
1987-01-28,2.1277,2.1353,2.0821,2.1239,10860005.0
1987-01-29,2.1353,2.1391,2.0593,2.0707,8283182.0
1987-01-30,2.0688,2.0935,2.0555,2.0897,6366600.0
1987-02-02,2.0859,2.1391,2.0745,2.1125,7107955.0
1987-02-03,2.1163,2.122,2.0821,2.1011,7792718.0
1987-02-04,2.1087,2.1087,2.0821,2.0935,7223026.0
1987-02-05,2.0973,2.1049,2.0593,2.0821,8349206.0
1987-02-06,2.0783,2.0897,2.0631,2.0764,5581858.0
1987-02-09,2.0631,2.0821,2.0517,2.0707,6259075.0
1987-02-10,2.0726,2.0783,2.0365,2.046,7796491.0
1987-02-11,2.0517,2.0517,2.0213,2.0308,10601568.0
1987-02-12,2.0422,2.0821,2.0384,2.0688,11899411.0
1987-02-13,2.0783,2.1353,2.0783,2.1201,8624621.0
1987-02-17,2.122,2.1998,2.1201,2.1884,8915126.0
1987-02-18,2.2416,2.2492,2.1277,2.1485,16047605.0
1987-02-19,2.1561,2.2492,2.1429,2.2454,15072336.0
1987-02-20,2.2872,2.2948,2.2644,2.272,22070880.0
1987-02-23,2.2682,2.2758,2.2188,2.253,10888301.0
1987-02-24,2.2644,2.3328,2.2644,2.3157,9207518.0
1987-02-25,2.329,2.3784,2.329,2.3575,9967738.0
1987-02-26,2.3556,2.3632,2.329,2.329,7460712.0
1987-02-27,2.329,2.348,2.31,2.3442,6679742.0
1987-03-02,2.3469,2.3793,2.3412,2.3679,7792718.0
1987-03-03,2.3717,2.4098,2.3717,2.3907,9265997.0
1987-03-04,2.3945,2.4346,2.3717,2.4174,15206270.0
1987-03-05,2.4556,2.4708,2.4365,2.4498,10537430.0
1987-03-06,2.4537,2.467,2.4327,2.467,8000222.0
1987-03-09,2.4479,2.4498,2.3984,2.4251,6636355.0
1987-03-10,2.4308,2.4556,2.4136,2.4422,7911562.0
1987-03-11,2.4556,2.4632,2.4155,2.4155,9671573.0
1987-03-12,2.4117,2.4174,2.3831,2.3888,8571802.0
1987-03-13,2.4003,2.4022,2.3183,2.3335,11593814.0
1987-03-16,2.3259,2.3717,2.3107,2.3679,7932312.0
1987-03-17,2.3679,2.4479,2.3583,2.446,8881171.0
1987-03-18,2.4594,2.4632,2.4022,2.446,10484611.0
1987-03-19,2.3984,2.4346,2.3984,2.4346,6936293.0
1987-03-20,2.4403,2.4975,2.4308,2.4975,12669062.0
1987-03-23,2.4937,2.4994,2.4708,2.488,10131854.0
1987-03-24,2.4918,2.4956,2.4746,2.4842,6766517.0
1987-03-25,2.4803,2.4803,2.4422,2.4422,9233928.0
1987-03-26,2.4708,2.4994,2.4594,2.4842,12636994.0
1987-03-27,2.4975,2.4975,2.4174,2.4231,9792302.0
1987-03-30,2.2954,2.3717,2.2954,2.3335,17668022.0
1987-03-31,2.3488,2.3717,2.3412,2.3583,9671573.0
1987-04-01,2.345,2.385,2.3412,2.3793,8532187.0
1987-04-02,2.385,2.4022,2.385,2.3869,6919315.0
1987-04-03,2.3869,2.4822,2.3717,2.4708,12127666.0
1987-04-06,2.5032,2.528,2.4899,2.5261,10486498.0
1987-04-07,2.5108,2.528,2.4403,2.4403,11461766.0
1987-04-08,2.4632,2.4937,2.4498,2.4861,11116555.0
1987-04-09,2.4899,2.4975,2.4422,2.4632,10724184.0
1987-04-10,2.4403,2.4861,2.4365,2.4822,13168958.0
1987-04-13,2.4746,2.488,2.4327,2.4403,10263902.0
1987-04-14,2.4327,2.4365,2.3717,2.4155,14730898.0
1987-04-15,2.4365,2.4384,2.3412,2.3793,15115723.0
1987-04-16,2.3907,2.3945,2.3354,2.3412,18430128.0
1987-04-20,2.3488,2.3564,2.3069,2.3221,9243360.0
1987-04-21,2.3107,2.3679,2.2992,2.3679,13019933.0
1987-04-22,2.366,2.3869,2.3183,2.3183,12003163.0
1987-04-23,2.3335,2.345,2.3049,2.3221,10884528.0
1987-04-24,2.3069,2.3069,2.2477,2.263,14563008.0
1987-04-27,2.2344,2.2878,2.2115,2.2382,16877621.0
1987-04-28,2.2458,2.2668,2.2344,2.2439,12761496.0
1987-04-29,2.2573,2.263,2.2172,2.2249,8686872.0
1987-04-30,2.2287,2.2649,2.2268,2.2497,9443318.0
1987-05-01,2.2497,2.2763,2.2439,2.2497,10380859.0
1987-05-04,2.2458,2.2802,2.2439,2.2802,6962702.0
1987-05-05,2.303,2.3907,2.303,2.3812,12646426.0
1987-05-06,2.3774,2.3926,2.3202,2.3297,9390499.0
1987-05-07,2.3297,2.3488,2.3259,2.3393,7085318.0
1987-05-08,2.3488,2.3488,2.3126,2.3335,5883682.0
1987-05-11,2.345,2.3888,2.303,2.3107,7809696.0
1987-05-12,2.3145,2.3431,2.2878,2.3431,6568445.0
1987-05-13,2.3469,2.3545,2.3202,2.3335,5583744.0
1987-05-14,2.3431,2.3469,2.3183,2.3297,4551883.0
1987-05-15,2.3126,2.3221,2.2859,2.2878,11463653.0
1987-05-18,2.2878,2.2878,2.2477,2.2725,8073792.0
1987-05-19,2.2992,2.2992,2.2497,2.2497,11429698.0
1987-05-20,2.2458,2.2763,2.242,2.2706,13431168.0
1987-05-21,2.2992,2.3107,2.2878,2.2992,6862723.0
1987-05-22,2.2973,2.3335,2.2973,2.3335,5298898.0
1987-05-26,2.3545,2.3602,2.3049,2.3278,8807602.0
1987-05-27,2.3564,2.3736,2.3431,2.3564,10499702.0
1987-05-28,2.3717,2.4136,2.364,2.4098,12963341.0
1987-05-29,2.4365,2.4403,2.4041,2.4155,8349206.0
1987-06-01,2.4251,2.4251,2.3793,2.3869,7334323.0
1987-06-02,2.3973,2.3992,2.3647,2.3647,7136251.0
1987-06-03,2.3839,2.4393,2.3743,2.4374,10978848.0
1987-06-04,2.4451,2.4547,2.4298,2.4508,8679326.0
1987-06-05,2.4489,2.4642,2.4393,2.4604,8411458.0
1987-06-08,2.4508,2.5025,2.4489,2.491,6208142.0
1987-06-09,2.4948,2.5006,2.468,2.5006,8800056.0
1987-06-10,2.514,2.556,2.5025,2.5331,12008822.0
1987-06-11,2.5407,2.5446,2.5101,2.5197,6238325.0
1987-06-12,2.5388,2.5407,2.5178,2.5178,8639712.0
1987-06-15,2.5312,2.5541,2.5178,2.5388,9115085.0
1987-06-16,2.5388,2.5446,2.5274,2.5293,4046328.0
1987-06-17,2.535,2.5369,2.5082,2.5101,4419835.0
1987-06-18,2.5025,2.5082,2.4795,2.4853,5272488.0
1987-06-19,2.4948,2.5446,2.4872,2.5369,17937778.0
1987-06-22,2.5484,2.5905,2.5446,2.5867,9005674.0
1987-06-23,2.6077,2.6211,2.5962,2.6096,9805507.0
1987-06-24,2.6001,2.6249,2.5924,2.6001,7017408.0
1987-06-25,2.6058,2.6288,2.5981,2.623,6674083.0
1987-06-26,2.623,2.6326,2.6096,2.6307,4540565.0
1987-06-29,2.6211,2.6441,2.6211,2.6383,5740315.0
1987-06-30,2.646,2.6479,2.5867,2.6096,11827728.0
1987-07-01,2.5962,2.6632,2.5943,2.6613,13263278.0
1987-07-02,2.6785,2.7225,2.6785,2.7148,12987864.0
1987-07-06,2.7187,2.7206,2.6708,2.6747,10282766.0
1987-07-07,2.6728,2.7015,2.6708,2.6881,9064152.0
1987-07-08,2.6881,2.7129,2.6708,2.7129,9226382.0
1987-07-09,2.7091,2.7225,2.7034,2.7129,8126611.0
1987-07-10,2.711,2.7168,2.6957,2.6957,5151758.0
1987-07-13,2.6938,2.6938,2.6613,2.6728,7958722.0
1987-07-14,2.6728,2.7474,2.6708,2.7455,8441640.0
1987-07-15,2.7321,2.755,2.7244,2.7474,8620848.0
1987-07-16,2.7818,2.8067,2.7665,2.8029,11727749.0
1987-07-17,2.8143,2.8373,2.7895,2.8009,15951398.0
1987-07-20,2.7856,2.799,2.778,2.7856,9232042.0
1987-07-21,2.7837,2.7933,2.7244,2.755,9558389.0
1987-07-22,2.7703,2.778,2.7474,2.7608,6489216.0
1987-07-23,2.7684,2.7703,2.7474,2.755,5908205.0
1987-07-24,2.7569,2.7646,2.7435,2.755,3212539.0
1987-07-27,2.7474,2.8316,2.7474,2.8239,7277731.0
1987-07-28,2.8373,2.8832,2.8086,2.8794,22448160.0
1987-07-29,2.8794,2.8985,2.866,2.8928,9899827.0
1987-07-30,2.8985,2.9081,2.8775,2.9043,9237701.0
1987-07-31,2.9081,2.9081,2.8889,2.8966,5676178.0
1987-08-03,2.8583,2.8966,2.8583,2.8775,7047590.0
1987-08-04,2.8641,2.8756,2.8316,2.8488,6623150.0
1987-08-05,2.866,2.8756,2.8392,2.8507,6232666.0
1987-08-06,2.8583,2.8889,2.8469,2.8889,5804453.0
1987-08-07,2.9062,2.9425,2.9004,2.933,10605341.0
1987-08-10,2.9444,3.0114,2.9368,3.0114,19618560.0
1987-08-11,3.0133,3.0573,3.0037,3.0382,14419642.0
1987-08-12,3.0401,3.0611,3.0229,3.0363,11827728.0
1987-08-13,3.0439,3.1453,3.0382,3.13,18090576.0
1987-08-14,3.0937,3.1434,3.0918,3.1281,12601152.0
1987-08-17,3.1319,3.1798,3.1262,3.1798,18026438.0
1987-08-18,3.1606,3.1645,3.0994,3.1224,15670325.0
1987-08-19,3.0994,3.1491,3.0994,3.1491,10763798.0
1987-08-20,3.1759,3.1951,3.1568,3.1778,11663611.0
1987-08-21,3.1778,3.1874,3.153,3.1683,15034608.0
1987-08-24,3.1664,3.1759,3.1377,3.1453,10016784.0
1987-08-25,3.1606,3.1989,3.1606,3.1817,9369749.0
1987-08-26,3.1951,3.1989,3.1721,3.1759,7570123.0
1987-08-27,3.1568,3.1759,3.1453,3.1511,8362411.0
1987-08-28,3.1384,3.1499,3.0961,3.1,6298690.0
1987-08-31,3.0731,3.1422,3.0731,3.1403,9067925.0
1987-09-01,3.196,3.2306,3.1499,3.1557,16553160.0
1987-09-02,3.2191,3.2306,3.1806,3.2229,23014080.0
1987-09-03,3.2555,3.4265,3.2498,3.342,18618768.0
1987-09-04,3.3343,3.3381,3.2651,3.2767,13006728.0
1987-09-08,3.2421,3.2575,3.1806,3.2575,20184480.0
1987-09-09,3.2805,3.2997,3.2575,3.2728,15211930.0
1987-09-10,3.294,3.294,3.2152,3.2632,13848062.0
1987-09-11,3.2671,3.2882,3.2363,3.2575,8662349.0
1987-09-14,3.2767,3.2805,3.2498,3.2575,7511645.0
1987-09-15,3.2594,3.2728,3.2383,3.2421,9230155.0
1987-09-16,3.2191,3.2421,3.1576,3.1691,11844706.0
1987-09-17,3.1806,3.1845,3.0731,3.098,16902144.0
1987-09-18,3.1153,3.1384,3.1019,3.1038,19618560.0
1987-09-21,3.1077,3.1192,3.0308,3.05,18305626.0
1987-09-22,3.0616,3.1326,3.0078,3.1326,14781830.0
1987-09-23,3.1326,3.1576,3.1307,3.1461,14015952.0
1987-09-24,3.1384,3.1461,3.0731,3.0731,7430530.0
1987-09-25,3.0692,3.1038,3.0635,3.0712,8549165.0
1987-09-28,3.1384,3.148,3.123,3.1461,10077149.0
1987-09-29,3.1576,3.2248,3.1537,3.1653,11861683.0
1987-09-30,3.1653,3.1883,3.1576,3.1787,10844914.0
1987-10-01,3.1749,3.2191,3.1749,3.2114,8994355.0
1987-10-02,3.2114,3.2229,3.1768,3.2037,8696304.0
1987-10-05,3.2056,3.2056,3.1672,3.196,9475387.0
1987-10-06,3.1749,3.1806,3.0884,3.0884,14040475.0
1987-10-07,3.0923,3.1307,3.0731,3.1249,12531355.0
1987-10-08,3.1211,3.1249,3.0654,3.0923,9207518.0
1987-10-09,3.0884,3.1153,3.0654,3.0731,12508718.0
1987-10-12,3.05,3.0654,2.9694,3.0078,12214440.0
1987-10-13,3.0423,3.0539,3.0116,3.05,11544768.0
1987-10-14,3.0116,3.027,2.9194,2.9386,14779944.0
1987-10-15,2.9194,2.9963,2.9194,2.9233,21091838.0
1987-10-16,2.9655,2.9694,2.7197,2.8272,30512520.0
1987-10-19,2.7504,2.7504,2.3048,2.4585,36899870.0
1987-10-20,2.4585,2.5968,2.2587,2.4277,31544381.0
1987-10-21,2.566,2.5968,2.4585,2.5968,25822930.0
1987-10-22,2.5353,2.5737,2.4431,2.5084,20916403.0
1987-10-23,2.4738,2.5218,2.4585,2.5046,13989542.0
1987-10-26,2.4585,2.4604,2.3816,2.3816,15089314.0
1987-10-27,2.4431,2.5391,2.4124,2.4815,13193482.0
1987-10-28,2.3893,2.6121,2.3893,2.5046,21506846.0
1987-10-29,2.5046,2.7581,2.5046,2.7504,14981789.0
1987-10-30,2.9041,2.9194,2.7888,2.7888,20771150.0
1987-11-02,2.7658,2.8196,2.7504,2.7735,8339774.0
1987-11-03,2.6966,2.7274,2.6621,2.6966,14996880.0
1987-11-04,2.6774,2.7274,2.6736,2.7082,11656066.0
1987-11-05,2.712,2.8426,2.7062,2.8119,15432638.0
1987-11-06,2.8349,2.8426,2.735,2.7504,10437451.0
1987-11-09,2.6813,2.6966,2.6428,2.6621,14493211.0
1987-11-10,2.616,2.7043,2.5968,2.6717,15734462.0
1987-11-11,2.7005,2.7274,2.7005,2.7139,7460712.0
1987-11-12,2.7811,2.7811,2.7389,2.7658,13042570.0
1987-11-13,2.7619,2.7735,2.6889,2.6947,10958098.0
1987-11-16,2.7466,2.7466,2.6621,2.6851,9398045.0
1987-11-17,2.6621,2.6659,2.6121,2.616,9194314.0
1987-11-18,2.639,2.6467,2.566,2.6275,9437659.0
1987-11-19,2.6236,2.6582,2.591,2.6179,11405174.0
1987-11-20,2.5891,2.6544,2.5814,2.6486,14202706.0
1987-11-23,2.6275,2.6659,2.6236,2.664,7760650.0
1987-11-24,2.6889,2.7581,2.6774,2.7427,10633637.0
1987-11-25,2.7466,2.7581,2.735,2.7466,6119482.0
1987-11-27,2.7312,2.7389,2.6966,2.6966,3063514.0
1987-11-30,2.6313,2.6736,2.5852,2.6121,13431168.0
1987-12-01,2.6476,2.6476,2.6013,2.6013,10363882.0
1987-12-02,2.609,2.6399,2.5936,2.6225,7417325.0
1987-12-03,2.6303,2.636,2.4701,2.4701,11361787.0
1987-12-04,2.4392,2.4624,2.362,2.3697,15255317.0
1987-12-07,2.3929,2.4392,2.3852,2.4392,9997920.0
1987-12-08,2.4296,2.4469,2.3582,2.4469,10552522.0
1987-12-09,2.4354,2.5318,2.4334,2.4894,10435565.0
1987-12-10,2.4392,2.5473,2.4238,2.4547,12627562.0
1987-12-11,2.4469,2.4778,2.4238,2.4238,7200389.0
1987-12-14,2.4315,2.4817,2.4276,2.4817,9343339.0
1987-12-15,2.499,2.501,2.4392,2.4508,10758139.0
1987-12-16,2.4392,2.4855,2.362,2.4855,13721674.0
1987-12-17,2.4932,2.4971,2.418,2.4276,8805715.0
1987-12-18,2.4354,2.4952,2.4083,2.4855,16121174.0
1987-12-21,2.4778,2.5087,2.4739,2.501,6611832.0
1987-12-22,2.501,2.501,2.4508,2.4739,5623358.0
1987-12-23,2.4855,2.4932,2.4585,2.4855,6017616.0
1987-12-24,2.4952,2.4952,2.4701,2.4778,1959970.0
1987-12-28,2.4392,2.4392,2.3813,2.4122,5576198.0
1987-12-29,2.4122,2.4161,2.3813,2.4064,4040669.0
1987-12-30,2.4122,2.4527,2.4122,2.4527,5508288.0
1987-12-31,2.4392,2.4527,2.4315,2.4469,5280034.0
1988-01-04,2.4701,2.5473,2.4701,2.5376,10086581.0
1988-01-05,2.6245,2.6322,2.5743,2.582,11088259.0
1988-01-06,2.5782,2.5859,2.5396,2.5396,7549373.0
1988-01-07,2.5241,2.5839,2.5164,2.5743,7343755.0
1988-01-08,2.5666,2.5936,2.4064,2.4315,10309176.0
1988-01-11,2.3948,2.4547,2.3948,2.4469,9356544.0
1988-01-12,2.4238,2.4315,2.362,2.4064,9867758.0
1988-01-13,2.3775,2.4006,2.3311,2.3717,10067717.0
1988-01-14,2.362,2.3659,2.3022,2.3311,8213386.0
1988-01-15,2.3852,2.3852,2.3234,2.3254,16413566.0
1988-01-18,2.3466,2.362,2.335,2.362,8171885.0
1988-01-19,2.3466,2.4006,2.3408,2.3775,9016992.0
1988-01-20,2.362,2.3717,2.2424,2.2462,11244830.0
1988-01-21,2.2617,2.3003,2.2231,2.2848,11163715.0
1988-01-22,2.2887,2.3273,2.2848,2.3196,5434718.0
1988-01-25,2.335,2.3775,2.3215,2.3678,5808226.0
1988-01-26,2.362,2.3678,2.2848,2.2887,8079451.0
1988-01-27,2.308,2.3311,2.2597,2.2771,11101464.0
1988-01-28,2.2925,2.2925,2.2636,2.2868,8051155.0
1988-01-29,2.3022,2.3311,2.2983,2.3273,9484819.0
1988-02-01,2.3582,2.3832,2.3427,2.3736,8675554.0
1988-02-02,2.3697,2.4006,2.3562,2.3832,8573688.0
1988-02-03,2.3736,2.3813,2.3003,2.3118,7253208.0
1988-02-04,2.3196,2.3427,2.308,2.3254,9192427.0
1988-02-05,2.3369,2.3601,2.3311,2.3408,8671781.0
1988-02-08,2.3311,2.3543,2.3157,2.3389,5415854.0
1988-02-09,2.3504,2.3659,2.3389,2.3659,5521493.0
1988-02-10,2.362,2.4392,2.3601,2.4392,13095389.0
1988-02-11,2.4392,2.4855,2.4006,2.4199,10752480.0
1988-02-12,2.4238,2.4527,2.4238,2.4392,5378126.0
1988-02-16,2.4392,2.4585,2.4276,2.4585,5031029.0
1988-02-17,2.4643,2.4836,2.445,2.4604,8062474.0
1988-02-18,2.4489,2.4604,2.4315,2.4508,4978210.0
1988-02-19,2.4489,2.4894,2.4334,2.4894,7749331.0
1988-02-22,2.4894,2.5087,2.4778,2.5087,8545392.0
1988-02-23,2.5164,2.5666,2.5048,2.5531,11271240.0
1988-02-24,2.5434,2.5511,2.5048,2.5203,8669894.0
1988-02-25,2.5241,2.5589,2.4894,2.501,10716638.0
1988-02-26,2.5029,2.5068,2.4894,2.4971,4534906.0
1988-02-29,2.5101,2.5683,2.5101,2.5683,8011541.0
1988-03-01,2.5703,2.5741,2.5547,2.5664,7215480.0
1988-03-02,2.5741,2.5858,2.547,2.5508,5332853.0
1988-03-03,2.5508,2.5605,2.5334,2.5431,4531133.0
1988-03-04,2.5411,2.5528,2.5198,2.5431,6681629.0
1988-03-07,2.547,2.5547,2.5198,2.5392,5861045.0
1988-03-08,2.547,2.5586,2.5353,2.5508,6472238.0
1988-03-09,2.547,2.5586,2.5431,2.5508,7432416.0
1988-03-10,2.5508,2.5508,2.4926,2.4945,6396782.0
1988-03-11,2.5023,2.514,2.4344,2.4848,8877398.0
1988-03-14,2.4868,2.4907,2.4557,2.4693,5387558.0
1988-03-15,2.4654,2.4732,2.448,2.4577,4998960.0
1988-03-16,2.4518,2.4538,2.4149,2.4382,9252792.0
1988-03-17,2.4499,2.4693,2.4441,2.4654,12327624.0
1988-03-18,2.481,2.514,2.4732,2.4868,17298288.0
1988-03-21,2.4693,2.4693,2.4538,2.4577,6477898.0
1988-03-22,2.4693,2.4945,2.4693,2.4926,12693586.0
1988-03-23,2.5081,2.5625,2.5081,2.5625,13508510.0
1988-03-24,2.5198,2.5508,2.512,2.5508,13119912.0
1988-03-25,2.5431,2.547,2.5042,2.5081,7198502.0
1988-03-28,2.5042,2.5062,2.4732,2.4887,7130592.0
1988-03-29,2.5081,2.5081,2.481,2.4848,6385464.0
1988-03-30,2.4887,2.4926,2.446,2.446,7373938.0
1988-03-31,2.4382,2.4518,2.4149,2.4382,8739691.0
1988-04-04,2.4227,2.4538,2.413,2.4227,7588987.0
1988-04-05,2.4169,2.4305,2.4111,2.4247,7787059.0
1988-04-06,2.4247,2.4848,2.4208,2.4848,12523810.0
1988-04-07,2.4829,2.5159,2.4829,2.5081,10705320.0
1988-04-08,2.5081,2.5625,2.5081,2.5605,12286123.0
1988-04-11,2.5703,2.5897,2.5625,2.5683,10726070.0
1988-04-12,2.5722,2.5935,2.5625,2.5897,6526944.0
1988-04-13,2.5858,2.5974,2.5547,2.5974,6268507.0
1988-04-14,2.5314,2.5664,2.4771,2.479,20373120.0
1988-04-15,2.4887,2.4926,2.446,2.4829,13570762.0
1988-04-18,2.4615,2.4693,2.448,2.4499,6474125.0
1988-04-19,2.4848,2.5004,2.4538,2.4538,11539109.0
1988-04-20,2.4402,2.4577,2.4324,2.446,11401402.0
1988-04-21,2.4518,2.481,2.4072,2.4266,10633637.0
1988-04-22,2.4363,2.446,2.4247,2.4247,5004619.0
1988-04-25,2.4324,2.4421,2.4247,2.4344,6408101.0
1988-04-26,2.4402,2.4693,2.4382,2.4577,8362411.0
1988-04-27,2.4538,2.4732,2.4538,2.4577,7362619.0
1988-04-28,2.4654,2.4693,2.446,2.4557,4261378.0
1988-04-29,2.4538,2.4577,2.4305,2.4441,6013843.0
1988-05-02,2.4577,2.4635,2.4421,2.4499,3478522.0
1988-05-03,2.4615,2.4732,2.4577,2.4712,4101034.0
1988-05-04,2.4693,2.4712,2.4382,2.4402,3453998.0
1988-05-05,2.4324,2.4344,2.4091,2.4111,5759179.0
1988-05-06,2.415,2.4227,2.3606,2.3606,8298274.0
1988-05-09,2.3373,2.3722,2.3373,2.3645,6675970.0
1988-05-10,2.3761,2.3839,2.3625,2.3703,5759179.0
1988-05-11,2.3373,2.3412,2.3101,2.3295,12003163.0
1988-05-12,2.3334,2.3354,2.3179,2.3218,4061419.0
1988-05-13,2.3315,2.3412,2.3276,2.3354,3863347.0
1988-05-16,2.3431,2.3606,2.3431,2.3567,5613926.0
1988-05-17,2.3703,2.3722,2.347,2.3509,6181733.0
1988-05-18,2.3509,2.3509,2.3004,2.3043,5572426.0
1988-05-19,2.2985,2.3412,2.2888,2.3354,7570123.0
1988-05-20,2.3548,2.3548,2.3062,2.314,8966059.0
1988-05-23,2.314,2.3179,2.2752,2.2888,4727318.0
1988-05-24,2.2907,2.3257,2.2849,2.3237,7543714.0
1988-05-25,2.3295,2.3431,2.3257,2.3295,9735710.0
1988-05-26,2.3295,2.3936,2.3237,2.3761,7253837.0
1988-05-27,2.3878,2.3994,2.3412,2.3645,4529246.0
1988-05-31,2.3936,2.4926,2.3878,2.4868,8780563.0
1988-06-01,2.5101,2.5974,2.4926,2.5741,15000653.0
1988-06-02,2.5741,2.6207,2.5508,2.5625,9681634.0
1988-06-03,2.5599,2.6185,2.5541,2.5833,6916800.0
1988-06-06,2.5951,2.6009,2.5482,2.5951,3406210.0
1988-06-07,2.5658,2.6009,2.5541,2.5599,3911136.0
1988-06-08,2.5658,2.6361,2.5541,2.6185,8237280.0
1988-06-09,2.6185,2.6654,2.6126,2.6302,10563840.0
1988-06-10,2.6361,2.6536,2.6009,2.6126,5276261.0
1988-06-13,2.6009,2.6009,2.5599,2.5775,3518136.0
1988-06-14,2.6243,2.6595,2.6243,2.6302,8714539.0
1988-06-15,2.6361,2.6536,2.6302,2.6536,4104178.0
1988-06-16,2.6361,2.6361,2.5775,2.6009,4809691.0
1988-06-17,2.5775,2.5892,2.5248,2.5775,12099998.0
1988-06-20,2.5423,2.5599,2.5306,2.5423,3015096.0
1988-06-21,2.5482,2.5716,2.5248,2.5599,3906106.0
1988-06-22,2.6243,2.6361,2.5951,2.6009,6755827.0
1988-06-23,2.6068,2.6185,2.5892,2.5892,2927064.0
1988-06-24,2.6361,2.6361,2.5833,2.5892,3303715.0
1988-06-27,2.5951,2.6009,2.5365,2.5423,5073158.0
1988-06-28,2.5599,2.5833,2.5423,2.5775,5165592.0
1988-06-29,2.5892,2.5951,2.5423,2.5658,3970243.0
1988-06-30,2.5775,2.6361,2.5775,2.6361,4252574.0
1988-07-01,2.6536,2.6536,2.5892,2.5892,4290931.0
1988-07-05,2.5892,2.6361,2.5833,2.6302,3841968.0
1988-07-06,2.6419,2.6419,2.5365,2.5775,4858109.0
1988-07-07,2.5716,2.5775,2.5482,2.5716,4709712.0
1988-07-08,2.5716,2.5892,2.5482,2.5482,3197448.0
1988-07-11,2.5599,2.5833,2.5482,2.5599,3305602.0
1988-07-12,2.5716,2.5833,2.5365,2.5482,4504723.0
1988-07-13,2.5482,2.5658,2.513,2.5482,5447294.0
1988-07-14,2.5541,2.5775,2.5423,2.5599,3860203.0
1988-07-15,2.5658,2.5951,2.5541,2.5658,5712019.0
1988-07-18,2.5658,2.5833,2.5482,2.5658,3469090.0
1988-07-19,2.5775,2.5892,2.5306,2.5599,3930629.0
1988-07-20,2.5892,2.5951,2.5716,2.5892,2742197.0
1988-07-21,2.5892,2.5951,2.5423,2.5541,5573683.0
1988-07-22,2.5541,2.5599,2.5189,2.5189,4153853.0
1988-07-25,2.5248,2.5541,2.5072,2.5423,2584368.0
1988-07-26,2.5306,2.5541,2.5248,2.5365,3305602.0
1988-07-27,2.5599,2.5658,2.5189,2.5189,4429267.0
1988-07-28,2.5306,2.5892,2.5306,2.5599,2974224.0
1988-07-29,2.5833,2.6361,2.5775,2.6185,7431158.0
1988-08-01,2.6361,2.6654,2.6243,2.6595,5038574.0
1988-08-02,2.6712,2.7064,2.6536,2.6829,6782237.0
1988-08-03,2.6771,2.7298,2.6712,2.7064,6787267.0
1988-08-04,2.7239,2.7298,2.6888,2.6946,5630904.0
1988-08-05,2.6712,2.6888,2.6361,2.6595,4504723.0
1988-08-08,2.6712,2.6829,2.6126,2.6243,4803403.0
1988-08-09,2.6302,2.6302,2.5658,2.5833,7709717.0
1988-08-10,2.5833,2.6009,2.513,2.5189,7810954.0
1988-08-11,2.5365,2.5541,2.513,2.5482,5573683.0
1988-08-12,2.5423,2.5541,2.5306,2.5482,2230982.0
1988-08-15,2.5599,2.5716,2.5189,2.5306,2392584.0
1988-08-16,2.5306,2.5951,2.5189,2.5658,5271230.0
1988-08-17,2.5892,2.6009,2.5716,2.5833,3464688.0
1988-08-18,2.6009,2.6419,2.5951,2.6185,6409358.0
1988-08-19,2.6302,2.6595,2.6009,2.6243,5092651.0
1988-08-22,2.6185,2.6185,2.5716,2.5775,4696507.0
1988-08-23,2.5951,2.6068,2.5541,2.5541,3696715.0
1988-08-24,2.5716,2.6068,2.5658,2.6068,2928322.0
1988-08-25,2.5833,2.5892,2.5658,2.5775,2966050.0
1988-08-26,2.5658,2.6009,2.5658,2.5951,2395728.0
1988-08-29,2.5913,2.6325,2.5677,2.6325,2654165.0
1988-08-30,2.6325,2.6443,2.6207,2.6266,3042763.0
1988-08-31,2.6384,2.6443,2.5795,2.5854,3191789.0
1988-09-01,2.5618,2.5795,2.5383,2.556,5281291.0
1988-09-02,2.5795,2.6443,2.5736,2.6148,5589403.0
1988-09-06,2.6266,2.6561,2.6207,2.6561,3834422.0
1988-09-07,2.662,2.6796,2.6502,2.6796,4011115.0
1988-09-08,2.6737,2.6914,2.6678,2.6796,3631320.0
1988-09-09,2.6796,2.7326,2.6561,2.7209,4542451.0
1988-09-12,2.7209,2.7385,2.7032,2.7209,5634677.0
1988-09-13,2.7209,2.7267,2.6973,2.7209,4154482.0
1988-09-14,2.7444,2.7621,2.7326,2.7562,5802566.0
1988-09-15,2.7562,2.7739,2.7326,2.7385,5112144.0
1988-09-16,2.7326,2.7739,2.7267,2.7621,8967946.0
1988-09-19,2.7503,2.7503,2.715,2.7209,3584160.0
1988-09-20,2.7267,2.7326,2.715,2.7209,2678059.0
1988-09-21,2.7444,2.7739,2.7267,2.7562,8377502.0
1988-09-22,2.7562,2.7621,2.7032,2.7091,5394475.0
1988-09-23,2.7032,2.7091,2.6678,2.7032,2947186.0
1988-09-26,2.6973,2.7032,2.6796,2.6914,1565083.0
1988-09-27,2.6914,2.6973,2.6678,2.6973,1915954.0
1988-09-28,2.6914,2.715,2.6855,2.715,2514571.0
1988-09-29,2.7267,2.7739,2.7209,2.7621,6553982.0
1988-09-30,2.7562,2.7797,2.7209,2.7209,5160562.0
1988-10-03,2.7326,2.7385,2.6796,2.6973,3865862.0
1988-10-04,2.715,2.7326,2.7032,2.7091,3581645.0
1988-10-05,2.7209,2.7267,2.7032,2.715,3208766.0
1988-10-06,2.715,2.7444,2.6973,2.7444,3537000.0
1988-10-07,2.7621,2.8092,2.7503,2.8033,7494038.0
1988-10-10,2.7915,2.8033,2.7797,2.7974,3400550.0
1988-10-11,2.7797,2.7856,2.7562,2.7856,2694408.0
1988-10-12,2.7444,2.7562,2.7032,2.715,4783910.0
1988-10-13,2.7032,2.7562,2.7032,2.7503,2443517.0
1988-10-14,2.768,2.7797,2.7209,2.768,3785376.0
1988-10-17,2.7562,2.768,2.7267,2.7444,2382523.0
1988-10-18,2.7091,2.7503,2.7091,2.7326,3354019.0
1988-10-19,2.7503,2.7562,2.6914,2.7209,5566766.0
1988-10-20,2.715,2.7326,2.6855,2.7267,7837992.0
1988-10-21,2.7091,2.7326,2.6973,2.7326,6751426.0
1988-10-24,2.7326,2.7797,2.715,2.7326,3841339.0
1988-10-25,2.7503,2.7562,2.7209,2.7326,2065608.0
1988-10-26,2.7739,2.7739,2.7209,2.7267,5146099.0
1988-10-27,2.6973,2.7091,2.6502,2.7032,5798794.0
1988-10-28,2.7032,2.7267,2.6737,2.6914,2610149.0
1988-10-31,2.6914,2.7032,2.6737,2.6973,3420043.0
1988-11-01,2.6973,2.7032,2.6678,2.6973,3293654.0
1988-11-02,2.7091,2.7856,2.6973,2.7797,8117808.0
1988-11-03,2.768,2.7974,2.7562,2.7739,7529880.0
1988-11-04,2.7503,2.8033,2.7326,2.7326,4413547.0
1988-11-07,2.7209,2.7267,2.6855,2.7091,2998118.0
1988-11-08,2.7209,2.7267,2.6973,2.715,2790614.0
1988-11-09,2.6855,2.7032,2.6502,2.7032,4384622.0
1988-11-10,2.6973,2.7032,2.6678,2.6914,2686862.0
1988-11-11,2.6678,2.6855,2.6384,2.6384,4509754.0
1988-11-14,2.6561,2.6561,2.5677,2.609,6034594.0
1988-11-15,2.6148,2.6207,2.5972,2.5972,3181099.0
1988-11-16,2.6031,2.6031,2.5206,2.5265,7906531.0
1988-11-17,2.5618,2.6031,2.5442,2.5854,4328659.0
1988-11-18,2.609,2.6384,2.5913,2.6325,4790198.0
1988-11-21,2.6148,2.6266,2.5913,2.6266,2695666.0
1988-11-22,2.6148,2.6384,2.5913,2.6148,3436392.0
1988-11-23,2.6266,2.6443,2.6148,2.6266,2465525.0
1988-11-25,2.5913,2.6031,2.5795,2.5854,2071267.0
1988-11-28,2.5913,2.609,2.5618,2.5972,4417320.0
1988-11-29,2.6029,2.6503,2.5969,2.6384,3472234.0
1988-11-30,2.6503,2.7037,2.6384,2.6799,5550418.0
1988-12-01,2.6799,2.6977,2.674,2.6859,3562781.0
1988-12-02,2.6562,2.6977,2.6444,2.6918,3941318.0
1988-12-05,2.6799,2.7215,2.674,2.7096,5275003.0
1988-12-06,2.7096,2.757,2.7037,2.7511,4141277.0
1988-12-07,2.7511,2.7807,2.7333,2.7452,4756243.0
1988-12-08,2.7333,2.7392,2.7155,2.7155,2412706.0
1988-12-09,2.7096,2.7452,2.7037,2.7452,2643475.0
1988-12-12,2.7511,2.763,2.7096,2.7096,2475586.0
1988-12-13,2.7037,2.7511,2.6681,2.7274,3338299.0
1988-12-14,2.7274,2.7274,2.6977,2.7274,3382315.0
1988-12-15,2.7274,2.7274,2.6859,2.6977,3155318.0
1988-12-16,2.7333,2.7333,2.7037,2.7333,6465322.0
1988-12-19,2.7215,2.763,2.7215,2.7511,4309795.0
1988-12-20,2.763,2.7867,2.7392,2.7392,4580808.0
1988-12-21,2.7452,2.7511,2.6977,2.7155,3356534.0
1988-12-22,2.7215,2.7333,2.7037,2.7037,2827085.0
1988-12-23,2.7037,2.7096,2.6918,2.7037,1161394.0
1988-12-27,2.7037,2.7037,2.6799,2.6799,1866907.0
1988-12-28,2.6918,2.7096,2.6859,2.6859,2080699.0
1988-12-29,2.6977,2.7215,2.6918,2.7215,2666741.0
1988-12-30,2.7333,2.7452,2.7274,2.7392,3373512.0
1989-01-03,2.7155,2.7274,2.6681,2.7155,4168944.0
1989-01-04,2.7215,2.7392,2.7155,2.7215,4253203.0
1989-01-05,2.7333,2.763,2.7215,2.757,5339141.0
1989-01-06,2.7807,2.8045,2.763,2.763,7544971.0
1989-01-09,2.763,2.7689,2.7333,2.7511,4841760.0
1989-01-10,2.763,2.7689,2.7155,2.7392,3556493.0
1989-01-11,2.7511,2.8045,2.7392,2.8045,4849934.0
1989-01-12,2.8163,2.8519,2.8104,2.84,10785178.0
1989-01-13,2.846,2.8815,2.8282,2.8637,7676390.0
1989-01-16,2.8637,2.8875,2.8637,2.8756,5784960.0
1989-01-17,2.8697,2.8697,2.84,2.8519,4846790.0
1989-01-18,2.8578,2.8815,2.8341,2.8815,5178797.0
1989-01-19,2.8934,2.9053,2.846,2.8875,6329501.0
1989-01-20,2.8934,2.8993,2.8578,2.8637,5268086.0
1989-01-23,2.8815,2.8934,2.8578,2.8756,5460499.0
1989-01-24,2.8697,2.9527,2.8637,2.9349,8826466.0
1989-01-25,2.9645,2.9942,2.9527,2.9764,9311270.0
1989-01-26,2.9764,3.0298,2.9586,3.0179,5305814.0
1989-01-27,3.0298,3.1009,3.012,3.0594,13290946.0
1989-01-30,3.0476,3.0713,3.0179,3.0238,6133315.0
1989-01-31,3.0298,3.1009,3.0238,3.095,5810112.0
1989-02-01,3.0653,3.0772,3.0357,3.0535,7602821.0
1989-02-02,3.0594,3.095,3.0357,3.0713,3967099.0
1989-02-03,3.0713,3.095,3.0475,3.095,3504931.0
1989-02-06,3.0891,3.095,3.012,3.0772,2786842.0
1989-02-07,3.0535,3.1483,3.0535,3.0831,7250693.0
1989-02-08,3.1009,3.1306,3.0416,3.0416,4019290.0
1989-02-09,3.012,3.0476,2.9883,3.006,4090344.0
1989-02-10,3.006,3.006,2.9053,2.9586,5882424.0
1989-02-13,2.929,2.9645,2.929,2.9527,5674291.0
1989-02-14,2.9645,3.0001,2.9645,2.9705,3741989.0
1989-02-15,2.9705,3.0238,2.9645,3.0238,4294704.0
1989-02-16,3.0772,3.0891,3.0594,3.0713,6408730.0
1989-02-17,3.0713,3.0831,3.0594,3.0831,5763581.0
1989-02-21,3.095,3.095,3.0535,3.0772,2807592.0
1989-02-22,3.0772,3.0772,2.9823,3.0001,4318598.0
1989-02-23,2.9764,3.012,2.9586,3.012,4888291.0
1989-02-24,3.012,3.012,2.9468,2.9586,5602608.0
1989-02-27,2.9586,2.9883,2.9468,2.9645,3723754.0
1989-02-28,2.9764,3.0357,2.9705,3.0298,5583115.0
1989-03-01,3.0357,3.0535,2.9942,3.0238,5850355.0
1989-03-02,3.0076,3.0792,3.0016,3.0792,5701330.0
1989-03-03,3.0673,3.0792,3.0315,3.0434,2974853.0
1989-03-06,3.0732,3.0732,3.0494,3.0494,3259699.0
1989-03-07,3.0553,3.0673,3.0374,3.0374,3306859.0
1989-03-08,3.0494,3.115,3.0315,3.0852,6958930.0
1989-03-09,3.1031,3.115,3.0732,3.0792,3596107.0
1989-03-10,3.0792,3.0792,3.0195,3.0613,5291352.0
1989-03-13,3.0852,3.1508,3.0792,3.1329,6377290.0
1989-03-14,3.1628,3.1628,3.1329,3.1628,5048635.0
1989-03-15,3.1628,3.1747,3.1329,3.1389,4901496.0
1989-03-16,3.0971,3.1628,3.0852,3.1568,7099781.0
1989-03-17,3.0792,3.0971,3.0374,3.0792,9920578.0
1989-03-20,3.0613,3.0613,3.0136,3.0374,5495083.0
1989-03-21,3.0613,3.0792,3.0434,3.0553,3597365.0
1989-03-22,3.0732,3.0911,3.0494,3.0852,2665483.0
1989-03-23,3.0911,3.127,3.0434,3.0553,3328238.0
1989-03-27,3.0494,3.0852,3.0315,3.0732,2094533.0
1989-03-28,3.0971,3.1031,3.0852,3.0971,3404952.0
1989-03-29,3.115,3.1329,3.0911,3.115,3863347.0
1989-03-30,3.121,3.127,3.0971,3.109,2964163.0
1989-03-31,3.109,3.127,3.0792,3.1031,3963326.0
1989-04-03,3.0971,3.127,3.0852,3.109,3520022.0
1989-04-04,3.1091,3.1449,3.1091,3.1389,2513942.0
1989-04-05,3.1449,3.1508,3.0911,3.1389,3064142.0
1989-04-06,3.127,3.1628,3.115,3.1449,6318811.0
1989-04-07,3.1389,3.1389,3.109,3.115,3337042.0
1989-04-10,3.121,3.127,3.0971,3.109,2438486.0
1989-04-11,3.121,3.1508,3.1091,3.1508,4266408.0
1989-04-12,3.1568,3.1866,3.1508,3.1687,3775944.0
1989-04-13,3.1747,3.1747,3.127,3.1389,3876552.0
1989-04-14,3.1747,3.2224,3.1628,3.2105,6023275.0
1989-04-17,3.1866,3.2045,3.1807,3.1986,3509333.0
1989-04-18,3.2344,3.2403,3.2105,3.2224,5879280.0
1989-04-19,3.2105,3.2344,3.1986,3.2224,5003362.0
1989-04-20,3.2165,3.2165,3.1628,3.1986,5059954.0
1989-04-21,3.2045,3.2821,3.1926,3.2821,6647674.0
1989-04-24,3.2523,3.2881,3.2224,3.2344,4270810.0
1989-04-25,3.2463,3.2582,3.2224,3.2344,2694408.0
1989-04-26,3.2224,3.2403,3.2105,3.2344,2451691.0
1989-04-27,3.2403,3.2881,3.2344,3.2582,5584373.0
1989-04-28,3.2702,3.2761,3.2463,3.2582,2647877.0
1989-05-01,3.2344,3.2403,3.2105,3.2165,2403902.0
1989-05-02,3.2165,3.2582,3.2165,3.2284,3113818.0
1989-05-03,3.2165,3.2344,3.1986,3.2045,3544546.0
1989-05-04,3.1986,3.2224,3.1866,3.2165,2332848.0
1989-05-05,3.2523,3.2881,3.2224,3.2284,4365130.0
1989-05-08,3.2344,3.2403,3.1866,3.2105,3287995.0
1989-05-09,3.2344,3.2403,3.1986,3.2284,4724803.0
1989-05-10,3.2403,3.2642,3.2284,3.2463,3224486.0
1989-05-11,3.2642,3.2642,3.2284,3.2642,3038990.0
1989-05-12,3.3418,3.3657,3.3298,3.3597,9320074.0
1989-05-15,3.3657,3.3955,3.3537,3.3776,5012165.0
1989-05-16,3.3597,3.3895,3.3537,3.3716,4934194.0
1989-05-17,3.4015,3.4253,3.3836,3.4134,5122205.0
1989-05-18,3.4074,3.4313,3.4015,3.4015,7304770.0
1989-05-19,3.4253,3.4671,3.4194,3.4552,9484190.0
1989-05-22,3.4731,3.479,3.4194,3.4253,6162869.0
1989-05-23,3.3716,3.3776,3.3298,3.3418,7797120.0
1989-05-24,3.2821,3.3119,3.2344,3.2881,11217163.0
1989-05-25,3.3,3.3418,3.2881,3.3358,5805082.0
1989-05-26,3.3358,3.3836,3.3358,3.3657,3617486.0
1989-05-30,3.3673,3.3793,3.3013,3.3013,4868798.0
1989-05-31,3.2893,3.3493,3.2893,3.3313,4657522.0
1989-06-01,3.3253,3.3733,3.3253,3.3553,3538258.0
1989-06-02,3.3793,3.4574,3.3733,3.4574,5686238.0
1989-06-05,3.4514,3.4514,3.3913,3.4033,4026835.0
1989-06-06,3.4093,3.4394,3.3913,3.4394,4296590.0
1989-06-07,3.4394,3.4694,3.4274,3.4514,3977160.0
1989-06-08,3.4514,3.4514,3.4153,3.4214,3399293.0
1989-06-09,3.4093,3.4274,3.3853,3.4214,4178376.0
1989-06-12,3.4153,3.4454,3.3733,3.4033,3573470.0
1989-06-13,3.3373,3.3433,3.2893,3.3013,8727115.0
1989-06-14,3.3073,3.3073,3.2533,3.2773,7583328.0
1989-06-15,3.2653,3.2953,3.2473,3.2653,6296174.0
1989-06-16,3.2473,3.3253,3.2473,3.3013,9140237.0
1989-06-19,3.2833,3.2953,3.2653,3.2653,3482923.0
1989-06-20,3.2653,3.2833,3.1693,3.2353,3197448.0
1989-06-21,3.2413,3.2533,3.2053,3.2173,4030608.0
1989-06-22,3.2353,3.2593,3.2233,3.2473,3588562.0
1989-06-23,3.3013,3.3613,3.2653,3.3553,5859158.0
1989-06-26,3.3613,3.3613,3.2653,3.3253,3498014.0
1989-06-27,3.3193,3.3733,3.3193,3.3553,4709083.0
1989-06-28,3.3493,3.3493,3.2773,3.3313,4021805.0
1989-06-29,3.3013,3.3073,3.2533,3.2593,4128072.0
1989-06-30,3.2593,3.2593,3.1873,3.2113,6833170.0
1989-07-03,3.2113,3.2593,3.1993,3.2533,1997069.0
1989-07-05,3.2473,3.2773,3.2053,3.2653,5577456.0
1989-07-06,3.2713,3.3073,3.2533,3.2953,3782861.0
1989-07-07,3.3073,3.3973,3.2893,3.3913,6537634.0
1989-07-10,3.3973,3.4094,3.3673,3.3793,2835888.0
1989-07-11,3.4274,3.4574,3.4153,3.4454,6490474.0
1989-07-12,3.4454,3.4694,3.4394,3.4574,5020968.0
1989-07-13,3.4454,3.4694,3.4394,3.4514,2490048.0
1989-07-14,3.4574,3.4574,3.3913,3.4514,4782024.0
1989-07-17,3.4454,3.4814,3.4334,3.4754,3365966.0
1989-07-18,3.4514,3.5174,3.4454,3.4934,3610570.0
1989-07-19,3.5294,3.5654,3.5174,3.5534,5872363.0
1989-07-20,3.5654,3.6074,3.5354,3.5534,5681208.0
1989-07-21,3.5174,3.6194,3.5174,3.6074,8117179.0
1989-07-24,3.5954,3.6014,3.5534,3.5594,4373933.0
1989-07-25,3.5594,3.5894,3.5234,3.5414,4351296.0
1989-07-26,3.5354,3.6374,3.5294,3.6314,5095166.0
1989-07-27,3.6614,3.7395,3.6614,3.7395,5780558.0
1989-07-28,3.7275,3.7395,3.6554,3.6614,5189486.0
1989-07-31,3.6675,3.6735,3.5954,3.6494,5083219.0
1989-08-01,3.6434,3.6554,3.5774,3.5954,5855386.0
1989-08-02,3.5834,3.6374,3.5534,3.6134,4877602.0
1989-08-03,3.6074,3.6074,3.5594,3.5774,3337042.0
1989-08-04,3.5294,3.5774,3.5174,3.5294,4460707.0
1989-08-07,3.5414,3.6014,3.5414,3.6014,4275840.0
1989-08-08,3.5834,3.6134,3.5774,3.5834,4179005.0
1989-08-09,3.5894,3.6014,3.5174,3.5414,3818702.0
1989-08-10,3.5294,3.5534,3.4874,3.5534,5862931.0
1989-08-11,3.5774,3.6074,3.5294,3.5354,6652075.0
1989-08-14,3.5234,3.5954,3.5234,3.5714,3787891.0
1989-08-15,3.6014,3.6374,3.5894,3.6374,4009858.0
1989-08-16,3.6434,3.6674,3.6134,3.6674,4844904.0
1989-08-17,3.6675,3.6795,3.6134,3.6434,3919310.0
1989-08-18,3.6194,3.6374,3.6134,3.6254,4985755.0
1989-08-21,3.6194,3.6254,3.5534,3.5774,3560894.0
1989-08-22,3.5594,3.5654,3.4994,3.5294,4846162.0
1989-08-23,3.5654,3.5714,3.5294,3.5654,5472446.0
1989-08-24,3.5594,3.6074,3.5294,3.6074,8024746.0
1989-08-25,3.6074,3.6194,3.5534,3.5594,3599880.0
1989-08-28,3.5654,3.5834,3.5474,3.5774,3656472.0
1989-08-29,3.5931,3.6173,3.5569,3.581,4057646.0
1989-08-30,3.5871,3.5931,3.5388,3.5448,3782861.0
1989-08-31,3.5448,3.5629,3.5146,3.5448,4007971.0
1989-09-01,3.569,3.6173,3.5569,3.5629,4475170.0
1989-09-05,3.569,3.575,3.5327,3.5388,4418578.0
1989-09-06,3.5327,3.5388,3.4542,3.4905,7822272.0
1989-09-07,3.5025,3.5146,3.418,3.4361,6023275.0
1989-09-08,3.4603,3.4663,3.4059,3.424,6471610.0
1989-09-11,3.4421,3.4723,3.418,3.4723,4079654.0
1989-09-12,3.4542,3.4784,3.4421,3.4482,3594221.0
1989-09-13,3.4542,3.4663,3.424,3.424,6159725.0
1989-09-14,3.4301,3.4361,3.3757,3.3999,5823317.0
1989-09-15,3.4059,3.4361,3.3878,3.424,9985344.0
1989-09-18,3.4301,3.4663,3.424,3.4542,3627547.0
1989-09-19,3.4603,3.4784,3.4542,3.4784,2905056.0
1989-09-20,3.4663,3.4844,3.4542,3.4784,2839032.0
1989-09-21,3.5267,3.5267,3.4723,3.4784,3171667.0
1989-09-22,3.4905,3.4965,3.4663,3.4844,2539094.0
1989-09-25,3.4663,3.4723,3.4482,3.4603,3313776.0
1989-09-26,3.4723,3.4844,3.4301,3.4361,4673870.0
1989-09-27,3.4361,3.575,3.4301,3.575,5658571.0
1989-09-28,3.5871,3.6837,3.5871,3.6837,7150085.0
1989-09-29,3.6716,3.6777,3.6233,3.6595,4646832.0
1989-10-02,3.6354,3.6656,3.6173,3.6595,2649134.0
1989-10-03,3.6837,3.7441,3.6716,3.738,6503678.0
1989-10-04,3.7381,3.7441,3.7079,3.7199,4924762.0
1989-10-05,3.7199,3.7622,3.7079,3.7562,4092230.0
1989-10-06,3.7562,3.7682,3.738,3.7682,3528197.0
1989-10-09,3.7562,3.7682,3.7501,3.7682,1430520.0
1989-10-10,3.7682,3.7682,3.732,3.7562,3369110.0
1989-10-11,3.7441,3.7501,3.7079,3.732,2504510.0
1989-10-12,3.726,3.726,3.6656,3.6897,2844691.0
1989-10-13,3.6958,3.7199,3.3938,3.5146,8019715.0
1989-10-16,3.3636,3.6233,3.3274,3.6112,14779315.0
1989-10-17,3.6112,3.6595,3.5267,3.6354,7807810.0
1989-10-18,3.6354,3.7018,3.575,3.6716,5227843.0
1989-10-19,3.6958,3.7743,3.6897,3.738,6438283.0
1989-10-20,3.7441,3.7562,3.7018,3.7562,6547066.0
1989-10-23,3.7501,3.8045,3.7441,3.7562,4802774.0
1989-10-24,3.7199,3.7803,3.6233,3.7622,8535331.0
1989-10-25,3.7501,3.8467,3.7501,3.7803,4952429.0
1989-10-26,3.7501,3.7743,3.6958,3.7079,3780346.0
1989-10-27,3.6716,3.6837,3.6233,3.6414,3994138.0
1989-10-30,3.6656,3.6837,3.6475,3.6656,2388811.0
1989-10-31,3.6837,3.7924,3.6837,3.7622,4071480.0
1989-11-01,3.726,3.7682,3.726,3.7562,3587304.0
1989-11-02,3.726,3.7501,3.6958,3.738,4143163.0
1989-11-03,3.7079,3.738,3.6837,3.6837,1999584.0
1989-11-06,3.6595,3.6777,3.6414,3.6475,3153432.0
1989-11-07,3.6354,3.6958,3.6293,3.6777,3778459.0
1989-11-08,3.6958,3.7984,3.6897,3.7743,4499693.0
1989-11-09,3.7562,3.8528,3.7562,3.7864,6157210.0
1989-11-10,3.8166,3.8709,3.8166,3.8649,3885355.0
1989-11-13,3.889,3.9011,3.6354,3.6777,13022448.0
1989-11-14,3.7018,3.7199,3.6475,3.6535,11464910.0
1989-11-15,3.6837,3.6958,3.6414,3.6958,4526102.0
1989-11-16,3.7139,3.726,3.6716,3.7079,3194304.0
1989-11-17,3.7079,3.7139,3.6656,3.6958,5262427.0
1989-11-20,3.6897,3.726,3.6837,3.726,2252362.0
1989-11-21,3.726,3.7501,3.6958,3.7199,3260328.0
1989-11-22,3.732,3.7864,3.7018,3.7562,2752886.0
1989-11-24,3.8166,3.8407,3.8045,3.8347,2933352.0
1989-11-27,3.8226,3.8347,3.7864,3.8045,3747648.0
1989-11-28,3.8045,3.8166,3.7803,3.8045,3021384.0
1989-11-29,3.7984,3.8045,3.7622,3.7743,2094533.0
1989-11-30,3.7743,3.8105,3.7743,3.8105,1919726.0
1989-12-01,3.8347,3.8407,3.7924,3.8105,6265363.0
1989-12-04,3.8385,3.8385,3.7899,3.802,4040669.0
1989-12-05,3.8081,3.8081,3.7413,3.7413,2954102.0
1989-12-06,3.7231,3.7534,3.7048,3.7291,3643896.0
1989-12-07,3.7352,3.7716,3.7048,3.7352,4322371.0
1989-12-08,3.7534,3.7595,3.7109,3.7231,3489211.0
1989-12-11,3.7231,3.7534,3.6988,3.7473,3922454.0
1989-12-12,3.7473,3.7534,3.7291,3.7473,3710549.0
1989-12-13,3.7534,3.7595,3.717,3.7352,2908200.0
1989-12-14,3.7231,3.7473,3.717,3.7473,3440165.0
1989-12-15,3.7413,3.7473,3.6927,3.7352,7758763.0
1989-12-18,3.7048,3.7352,3.6562,3.6805,5471818.0
1989-12-19,3.6684,3.6866,3.632,3.6805,5410824.0
1989-12-20,3.6988,3.7048,3.6502,3.6805,4467624.0
1989-12-21,3.6927,3.6988,3.6562,3.6562,2546640.0
1989-12-22,3.6562,3.7231,3.6502,3.7109,2471813.0
1989-12-26,3.7109,3.7231,3.6745,3.6805,1550621.0
1989-12-27,3.6745,3.717,3.6623,3.717,5159933.0
1989-12-28,3.7048,3.7413,3.6988,3.7413,3014467.0
1989-12-29,3.7413,3.7656,3.7291,3.7656,3033960.0
1990-01-02,3.7534,3.8202,3.7231,3.8202,7453795.0
1990-01-03,3.8385,3.887,3.8385,3.881,7958722.0
1990-01-04,3.881,3.887,3.7838,3.8202,4758758.0
1990-01-05,3.8081,3.8688,3.7413,3.7413,6739478.0
1990-01-08,3.7413,3.8081,3.7352,3.7899,4405373.0
1990-01-09,3.7899,3.8142,3.7595,3.7595,3694200.0
1990-01-10,3.7413,3.7838,3.6927,3.7109,6274795.0
1990-01-11,3.7413,3.7716,3.7291,3.7413,3660874.0
1990-01-12,3.6684,3.6988,3.638,3.6502,7641806.0
1990-01-15,3.632,3.6502,3.5591,3.5591,8830238.0
1990-01-16,3.4983,3.5591,3.4437,3.553,11656066.0
1990-01-17,3.5591,3.5834,3.4983,3.4983,8384419.0
1990-01-18,3.4983,3.5469,3.4801,3.5469,6850147.0
1990-01-19,3.5955,3.5955,3.5712,3.5712,5465530.0
1990-01-22,3.5712,3.5773,3.4255,3.4437,5038574.0
1990-01-23,3.4619,3.5287,3.4437,3.4923,8052413.0
1990-01-24,3.4012,3.5651,3.389,3.5287,9399931.0
1990-01-25,3.553,3.5712,3.4497,3.4619,4668840.0
1990-01-26,3.468,3.5166,3.4012,3.4983,4505981.0
1990-01-29,3.4983,3.5409,3.4498,3.5044,2930208.0
1990-01-30,3.5044,3.5166,3.4255,3.4801,4825411.0
1990-01-31,3.5044,3.5105,3.474,3.5105,5782445.0
1990-02-01,3.5348,3.5348,3.4983,3.4983,3881582.0
1990-02-02,3.4923,3.5651,3.4862,3.5226,2816395.0
1990-02-05,3.5287,3.5348,3.4923,3.4983,3533856.0
1990-02-06,3.4983,3.5044,3.4315,3.4315,4313568.0
1990-02-07,3.4497,3.5409,3.4315,3.5348,4248173.0
1990-02-08,3.5348,3.553,3.5166,3.5348,4268923.0
1990-02-09,3.5348,3.553,3.5166,3.5409,3945091.0
1990-02-12,3.5287,3.5409,3.5044,3.5044,2090131.0
1990-02-13,3.5044,3.5105,3.4497,3.4619,4024949.0
1990-02-14,3.4619,3.4801,3.4497,3.4619,2911973.0
1990-02-15,3.4619,3.5348,3.4558,3.5348,2385667.0
1990-02-16,3.5226,3.5287,3.4619,3.474,6823738.0
1990-02-20,3.4497,3.4558,3.4012,3.4437,4280870.0
1990-02-21,3.4012,3.4255,3.3829,3.4133,6255302.0
1990-02-22,3.4255,3.4376,3.3647,3.389,4515413.0
1990-02-23,3.3647,3.3769,3.2554,3.304,10075891.0
1990-02-26,3.2918,3.3586,3.2797,3.3283,8017200.0
1990-02-27,3.3404,3.3769,3.3283,3.3526,5200805.0
1990-02-28,3.3404,3.3647,3.304,3.3222,7561320.0
1990-03-01,3.3283,3.3769,3.3161,3.3586,6630696.0
1990-03-02,3.3708,3.3829,3.3283,3.3829,5362406.0
1990-03-05,3.3988,3.4233,3.3805,3.3805,4878230.0
1990-03-06,3.3866,3.4477,3.3805,3.4477,4453790.0
1990-03-07,3.4477,3.4539,3.3866,3.3988,4718515.0
1990-03-08,3.4049,3.4111,3.3499,3.3744,7714118.0
1990-03-09,3.356,3.3683,3.3438,3.3499,5402021.0
1990-03-12,3.3377,3.3499,3.3133,3.3499,4040040.0
1990-03-13,3.3255,3.3377,3.2827,3.2827,4639915.0
1990-03-14,3.2888,3.3499,3.2827,3.3377,4167686.0
1990-03-15,3.3499,3.3805,3.3438,3.3744,3307488.0
1990-03-16,3.4049,3.46,3.3988,3.46,8977378.0
1990-03-19,3.4233,3.4722,3.4111,3.4661,4612248.0
1990-03-20,3.4539,3.4661,3.4111,3.4172,4767562.0
1990-03-21,3.4111,3.4172,3.3805,3.3805,4041298.0
1990-03-22,3.3622,3.3744,3.3316,3.3622,5878651.0
1990-03-23,3.3683,3.4111,3.3683,3.4049,2649763.0
1990-03-26,3.4233,3.4477,3.4111,3.4111,2172504.0
1990-03-27,3.4111,3.4966,3.3927,3.4905,3735701.0
1990-03-28,3.4783,3.5211,3.4722,3.515,4050730.0
1990-03-29,3.515,3.5394,3.46,3.4722,4818494.0
1990-03-30,3.4722,3.4722,3.3988,3.3988,3477264.0
1990-04-02,3.3744,3.4416,3.3622,3.4416,4202899.0
1990-04-03,3.4539,3.5211,3.4416,3.5028,4658779.0
1990-04-04,3.5089,3.5394,3.4722,3.4844,4336834.0
1990-04-05,3.4966,3.5578,3.4905,3.5272,4050730.0
1990-04-06,3.5517,3.5639,3.515,3.5578,2339765.0
1990-04-09,3.5272,3.5945,3.5272,3.5883,3001891.0
1990-04-10,3.5761,3.6189,3.5578,3.6067,2754773.0
1990-04-11,3.625,3.6434,3.6006,3.6128,3702374.0
1990-04-12,3.6189,3.6556,3.6128,3.6556,3347731.0
1990-04-16,3.6617,3.6678,3.6128,3.6189,2798789.0
1990-04-17,3.5822,3.6128,3.5639,3.6067,3008808.0
1990-04-18,3.6434,3.6617,3.625,3.6372,6752683.0
1990-04-19,3.625,3.6739,3.6189,3.6495,4824782.0
1990-04-20,3.625,3.6434,3.5822,3.6372,7278360.0
1990-04-23,3.6067,3.6128,3.5761,3.5883,4234968.0
1990-04-24,3.5944,3.5944,3.5333,3.5333,3825619.0
1990-04-25,3.5455,3.57,3.5394,3.5455,2976739.0
1990-04-26,3.5761,3.5945,3.5394,3.5822,3250896.0
1990-04-27,3.57,3.5822,3.5272,3.5333,2762947.0
1990-04-30,3.5272,3.5883,3.5028,3.5822,3854544.0
1990-05-01,3.6128,3.6189,3.5578,3.5822,2705098.0
1990-05-02,3.57,3.6006,3.5639,3.6006,3575986.0
1990-05-03,3.6067,3.6128,3.5822,3.5945,2686234.0
1990-05-04,3.6128,3.6128,3.5883,3.6006,2643475.0
1990-05-07,3.5944,3.625,3.5883,3.6189,3635722.0
1990-05-08,3.6189,3.6311,3.6067,3.6311,3127022.0
1990-05-09,3.6311,3.6556,3.625,3.6556,4447502.0
1990-05-10,3.6556,3.7045,3.6434,3.6984,5917637.0
1990-05-11,3.7106,3.7962,3.7106,3.7778,10099157.0
1990-05-14,3.7962,3.8818,3.784,3.8267,7256352.0
1990-05-15,3.8084,3.8634,3.8023,3.8267,6076723.0
1990-05-16,3.8451,3.8573,3.8206,3.8329,4103549.0
1990-05-17,3.839,3.9001,3.839,3.894,6254674.0
1990-05-18,3.894,3.9001,3.8695,3.8757,7116130.0
1990-05-21,3.8756,3.9857,3.8634,3.9857,7388400.0
1990-05-22,3.9857,4.004,3.9551,3.9857,6223234.0
1990-05-23,3.9796,4.0101,3.9429,4.004,4706568.0
1990-05-24,3.9918,4.0346,3.9551,4.0346,6410616.0
1990-05-25,3.9979,4.1752,3.9979,4.1079,12167909.0
1990-05-29,4.0686,4.0993,4.0563,4.0932,5608896.0
1990-05-30,4.1055,4.1239,4.0563,4.0809,6833170.0
1990-05-31,4.0625,4.087,4.0563,4.0686,3545174.0
1990-06-01,4.0932,4.1424,4.0686,4.1301,5803195.0
1990-06-04,4.1424,4.1547,4.0993,4.1424,5706989.0
1990-06-05,4.1485,4.1547,4.1055,4.1178,4377077.0
1990-06-06,4.0932,4.1239,4.0625,4.0686,3313147.0
1990-06-07,4.0563,4.0686,4.0071,4.0071,4369531.0
1990-06-08,4.0133,4.0194,3.9088,3.9334,4584581.0
1990-06-11,3.9211,3.9703,3.9211,3.9703,3445195.0
1990-06-12,3.9826,4.1178,3.9826,4.0993,6291144.0
1990-06-13,4.0932,4.1116,4.0686,4.087,4818494.0
1990-06-14,4.0809,4.087,4.0563,4.0748,2345424.0
1990-06-15,4.044,4.0993,4.044,4.0748,9560275.0
1990-06-18,4.0625,4.0748,4.0071,4.0071,3843226.0
1990-06-19,4.0071,4.0194,3.9826,4.0071,3072946.0
1990-06-20,4.0256,4.044,4.001,4.044,3645154.0
1990-06-21,4.0563,4.1116,4.0502,4.1116,4686446.0
1990-06-22,4.1055,4.1608,4.0194,4.0194,6565930.0
1990-06-25,4.044,4.0686,4.0194,4.044,3124507.0
1990-06-26,4.0563,4.087,4.0502,4.0748,2994974.0
1990-06-27,4.0748,4.1608,4.0748,4.1424,3579758.0
1990-06-28,4.1669,4.2407,4.1608,4.2345,5320277.0
1990-06-29,4.2407,4.2899,4.2407,4.2653,4827926.0
1990-07-02,4.2591,4.2899,4.2346,4.2776,2481245.0
1990-07-03,4.2776,4.3267,4.2776,4.3083,3486067.0
1990-07-05,4.2899,4.3022,4.2161,4.2345,3552720.0
1990-07-06,4.2468,4.2837,4.2345,4.253,3169152.0
1990-07-09,4.2468,4.253,4.2223,4.253,3166008.0
1990-07-10,4.253,4.2899,4.2407,4.2468,3262843.0
1990-07-11,4.2714,4.339,4.253,4.339,3359050.0
1990-07-12,4.3144,4.3452,4.296,4.339,4948656.0
1990-07-13,4.3452,4.4005,4.3267,4.3698,4437442.0
1990-07-16,4.3821,4.4251,4.3636,4.4128,4588982.0
1990-07-17,4.4066,4.4251,4.3882,4.4251,3507446.0
1990-07-18,4.4251,4.4742,4.4066,4.4312,5479363.0
1990-07-19,4.4189,4.4374,4.3821,4.4374,6017616.0
1990-07-20,4.4189,4.4804,4.4189,4.4251,8474966.0
1990-07-23,4.4251,4.4251,4.1669,4.3513,9282346.0
1990-07-24,4.3575,4.3575,4.2407,4.3513,5546016.0
1990-07-25,4.3329,4.3943,4.3267,4.3759,3425074.0
1990-07-26,4.4374,4.4742,4.3943,4.4189,4912186.0
1990-07-27,4.4128,4.4189,4.3329,4.339,2737166.0
1990-07-30,4.3083,4.4005,4.3022,4.4005,3693571.0
1990-07-31,4.4189,4.4312,4.339,4.382,4491518.0
1990-08-01,4.3943,4.4251,4.3636,4.4189,5825203.0
1990-08-02,4.339,4.3698,4.2776,4.2899,6099989.0
1990-08-03,4.1915,4.2161,4.044,4.2038,11307082.0
1990-08-06,4.0194,4.1178,3.9949,4.0563,8093285.0
1990-08-07,4.1301,4.1485,4.0748,4.0809,8598211.0
1990-08-08,4.1116,4.2223,4.0993,4.1854,6719986.0
1990-08-09,4.1792,4.2284,4.1731,4.2284,3612456.0
1990-08-10,4.2038,4.2038,4.1116,4.1669,3489840.0
1990-08-13,4.1301,4.2714,4.0932,4.2714,4639915.0
1990-08-14,4.2591,4.3083,4.2346,4.2776,4487117.0
1990-08-15,4.2899,4.339,4.2837,4.3206,2984285.0
1990-08-16,4.2653,4.2899,4.1055,4.1178,4463222.0
1990-08-17,4.0809,4.1055,3.9826,4.0379,12922469.0
1990-08-20,4.0379,4.0563,3.9887,4.0502,3810528.0
1990-08-21,3.9703,4.0502,3.9088,3.9949,9101251.0
1990-08-22,3.9949,4.0133,3.8596,3.8596,5612040.0
1990-08-23,3.749,3.8289,3.7121,3.7613,8854762.0
1990-08-24,3.8228,3.8474,3.7121,3.8166,7837363.0
1990-08-27,3.9764,4.0317,3.958,3.9826,7433674.0
1990-08-28,3.9732,4.0412,3.967,4.0041,4071480.0
1990-08-29,3.9855,4.0846,3.9855,4.0598,4765675.0
1990-08-30,4.0598,4.0722,3.936,3.9608,3665275.0
1990-08-31,3.9732,4.0412,3.9298,4.0412,2702582.0
1990-09-04,3.9979,4.035,3.9484,4.035,3467832.0
1990-09-05,4.0289,4.0474,3.9732,4.0227,3188645.0
1990-09-06,3.9979,4.0041,3.9298,3.9546,3098098.0
1990-09-07,3.936,4.0289,3.936,4.0165,3067915.0
1990-09-10,4.0969,4.0969,3.9917,4.0103,3553978.0
1990-09-11,4.0041,4.035,3.9732,4.0289,3181099.0
1990-09-12,4.035,4.0412,3.9794,4.0165,2933981.0
1990-09-13,4.0165,4.0412,3.9608,3.9608,2876131.0
1990-09-14,3.9484,3.9732,3.9298,3.9732,4028093.0
1990-09-17,3.9484,3.9732,3.9113,3.967,3506818.0
1990-09-18,3.9546,3.9855,3.9113,3.9608,4813464.0
1990-09-19,3.7627,3.8308,3.7627,3.8061,18291163.0
1990-09-20,3.8061,3.8061,3.7194,3.7504,6266621.0
1990-09-21,3.7504,3.7751,3.7194,3.7442,8938392.0
1990-09-24,3.738,3.738,3.639,3.6452,4953058.0
1990-09-25,3.6452,3.7256,3.639,3.7194,4412918.0
1990-09-26,3.7194,3.7318,3.6513,3.6699,4578293.0
1990-09-27,3.7132,3.7132,3.6142,3.6266,5449810.0
1990-09-28,3.6328,3.7689,3.5833,3.7689,6459034.0
1990-10-01,3.8123,3.9793,3.8061,3.9732,9055978.0
1990-10-02,3.9979,4.0041,3.9237,3.9237,7397203.0
1990-10-03,3.9236,3.9298,3.868,3.8927,4385251.0
1990-10-04,3.8865,3.9051,3.8556,3.8865,4513526.0
1990-10-05,3.8246,3.9175,3.7999,3.8556,7279618.0
1990-10-08,3.8865,3.9175,3.8618,3.8803,2281286.0
1990-10-09,3.837,3.8494,3.7132,3.7194,5197661.0
1990-10-10,3.738,3.8494,3.707,3.7627,8647258.0
1990-10-11,3.7566,3.7875,3.7009,3.7256,7414181.0
1990-10-12,3.7627,3.8432,3.7256,3.8246,7033757.0
1990-10-15,3.8618,3.9113,3.7875,3.8865,5588146.0
1990-10-16,3.8803,3.8989,3.8308,3.8556,3991622.0
1990-10-17,3.8618,3.9051,3.8556,3.8865,3511219.0
1990-10-18,3.9237,3.9732,3.8989,3.967,5505773.0
1990-10-19,4.0103,4.0103,3.9298,3.9979,11652922.0
1990-10-22,3.9917,4.0722,3.9732,4.0722,6482928.0
1990-10-23,4.0474,4.0846,3.9917,4.0289,4284014.0
1990-10-24,3.9979,4.0722,3.9917,4.0536,3477893.0
1990-10-25,4.066,4.0784,4.0041,4.0412,3932515.0
1990-10-26,4.0103,4.0227,3.9113,3.9175,3256555.0
1990-10-29,3.9175,3.967,3.8556,3.8741,4561315.0
1990-10-30,3.8803,3.9175,3.8494,3.8989,4217990.0
1990-10-31,3.9175,3.9175,3.7999,3.8061,4636142.0
1990-11-01,3.7999,3.837,3.7318,3.837,7101667.0
1990-11-02,3.8246,3.8865,3.8184,3.868,4666325.0
1990-11-05,3.8865,3.9422,3.8865,3.9237,3846998.0
1990-11-06,3.9237,3.9546,3.9113,3.9237,3055968.0
1990-11-07,3.9113,3.9546,3.8679,3.8741,6718099.0
1990-11-08,3.868,3.9051,3.8494,3.8865,7200389.0
1990-11-09,3.8865,3.9979,3.8865,3.9855,6265363.0
1990-11-12,4.0103,4.0846,4.0041,4.0784,6255931.0
1990-11-13,4.0722,4.1093,4.0598,4.0907,3560266.0
1990-11-14,4.0907,4.1898,4.0846,4.1774,4602816.0
1990-11-15,4.165,4.2021,4.1464,4.1898,4910928.0
1990-11-16,4.2021,4.2083,4.1836,4.2083,6712440.0
1990-11-19,4.2393,4.2455,4.2021,4.2331,5290094.0
1990-11-20,4.2269,4.2455,4.1898,4.196,3926227.0
1990-11-21,4.2021,4.2021,4.1403,4.1774,4599043.0
1990-11-23,4.165,4.2021,4.1464,4.1526,1485854.0
1990-11-26,4.1155,4.2021,4.1093,4.2021,3351504.0
1990-11-27,4.2083,4.2269,4.1836,4.2145,3948864.0
1990-11-28,4.196,4.2145,4.165,4.1712,1869422.0
1990-11-29,4.1588,4.1712,4.1217,4.1526,3821846.0
1990-11-30,4.1341,4.2764,4.1155,4.2702,6754570.0
1990-12-03,4.3106,4.3168,4.2421,4.2545,3452741.0
1990-12-04,4.2545,4.3106,4.2047,4.2857,3108158.0
1990-12-05,4.2732,4.3106,4.2545,4.3106,3081749.0
1990-12-06,4.3417,4.348,4.3106,4.3355,4974437.0
1990-12-07,4.3355,4.3666,4.3168,4.3168,3914280.0
1990-12-10,4.3044,4.3355,4.2919,4.3168,2694408.0
1990-12-11,4.3168,4.323,4.2421,4.2981,4406002.0
1990-12-12,4.323,4.4103,4.323,4.4103,4708454.0
1990-12-13,4.4102,4.4227,4.3729,4.3916,3034589.0
1990-12-14,4.3853,4.3853,4.3044,4.3168,3487325.0
1990-12-17,4.2981,4.3106,4.2794,4.2981,2093275.0
1990-12-18,4.2857,4.3542,4.2857,4.3355,5115917.0
1990-12-19,4.3044,4.323,4.2857,4.2981,3513734.0
1990-12-20,4.2483,4.3044,4.2483,4.2919,3604282.0
1990-12-21,4.3355,4.3853,4.3293,4.3666,10863149.0
1990-12-24,4.3666,4.3666,4.323,4.3417,1306646.0
1990-12-26,4.3355,4.4102,4.323,4.404,1639282.0
1990-12-27,4.4102,4.4227,4.3853,4.3916,1769443.0
1990-12-28,4.3853,4.4227,4.3666,4.4165,1728571.0
1990-12-31,4.4227,4.4788,4.4165,4.4788,1710336.0
1991-01-02,4.4476,4.4788,4.4414,4.4601,5369323.0
1991-01-03,4.4601,4.4601,4.3168,4.3168,4641173.0
1991-01-04,4.2857,4.2981,4.2171,4.2483,7219882.0
1991-01-07,4.186,4.2296,4.1299,4.1362,6252787.0
1991-01-08,4.1549,4.1735,4.1237,4.1486,6409358.0
1991-01-09,4.186,4.2483,4.0988,4.0988,6651446.0
1991-01-10,4.1299,4.1549,4.1175,4.1549,3509962.0
1991-01-11,4.1237,4.1673,4.0988,4.1673,3497386.0
1991-01-14,4.0863,4.1486,4.0863,4.1299,5407680.0
1991-01-15,4.1362,4.186,4.1299,4.1611,3221342.0
1991-01-16,4.1673,4.2421,4.1611,4.2234,3125136.0
1991-01-17,4.3542,4.3853,4.3106,4.3791,9220723.0
1991-01-18,4.3791,4.4165,4.348,4.4103,13416077.0
1991-01-21,4.3604,4.3978,4.348,4.3666,2827714.0
1991-01-22,4.3791,4.4227,4.3542,4.3666,4060790.0
1991-01-23,4.3666,4.4539,4.3666,4.4414,4350667.0
1991-01-24,4.4476,4.5161,4.4476,4.4788,4129958.0
1991-01-25,4.4788,4.4912,4.4414,4.4539,5433461.0
1991-01-28,4.4476,4.4663,4.4414,4.4476,2331590.0
1991-01-29,4.4663,4.485,4.4352,4.4663,3587304.0
1991-01-30,4.4601,4.5847,4.4476,4.566,5573683.0
1991-01-31,4.566,4.566,4.5411,4.5597,3785376.0
1991-02-01,4.5348,4.6532,4.5224,4.5909,5803195.0
1991-02-04,4.5909,4.7217,4.5847,4.7092,5124091.0
1991-02-05,4.7217,4.7965,4.6906,4.784,5991206.0
1991-02-06,4.784,4.8588,4.7529,4.8588,7936085.0
1991-02-07,4.8587,4.8712,4.7591,4.7591,6552725.0
1991-02-08,4.7653,4.8588,4.7653,4.8588,5235389.0
1991-02-11,4.8774,5.0145,4.865,5.002,6359054.0
1991-02-12,4.946,5.0207,4.9024,4.9086,6553982.0
1991-02-13,4.8837,4.9335,4.865,4.9148,4776365.0
1991-02-14,4.921,4.9646,4.8338,4.865,5911978.0
1991-02-15,4.9086,5.083,4.8837,5.083,11013432.0
1991-02-19,5.0581,5.1017,5.0456,5.1017,6820594.0
1991-02-20,5.0332,5.0581,5.0145,5.0207,3911136.0
1991-02-21,5.0082,5.0456,4.9709,5.0332,3997282.0
1991-02-22,5.0083,5.1827,5.0083,5.0705,5607010.0
1991-02-25,5.1515,5.2076,5.0892,5.1453,5389445.0
1991-02-26,5.0955,5.1141,5.0332,5.0705,5576827.0
1991-02-27,5.0955,5.1764,5.0768,5.1391,3430104.0
1991-02-28,5.1515,5.164,5.0892,5.0892,2751629.0
1991-03-01,5.0083,5.1079,4.9833,5.0955,3992251.0
1991-03-04,5.1173,5.2237,5.0985,5.1611,4038782.0
1991-03-05,5.1423,5.2488,5.1423,5.2112,3656472.0
1991-03-06,5.23,5.2363,5.1674,5.1799,4236226.0
1991-03-07,5.1423,5.2551,5.1423,5.2237,3175440.0
1991-03-08,5.23,5.3866,5.2175,5.2926,4594642.0
1991-03-11,5.2989,5.3866,5.2926,5.349,3186758.0
1991-03-12,5.349,5.3928,5.2738,5.2864,4825411.0
1991-03-13,5.2864,5.3427,5.2363,5.3114,2558587.0
1991-03-14,5.349,5.4617,5.3365,5.4054,6099989.0
1991-03-15,5.4304,5.4367,5.3615,5.4116,8589408.0
1991-03-18,5.3741,5.4179,5.2425,5.3052,5056810.0
1991-03-19,5.2488,5.2488,4.9857,5.0859,8057443.0
1991-03-20,5.111,5.2112,5.0985,5.1987,5551046.0
1991-03-21,5.2175,5.2425,5.136,5.1611,4040040.0
1991-03-22,5.1674,5.2049,5.1423,5.1987,2954102.0
1991-03-25,5.2049,5.2488,5.1799,5.23,2097048.0
1991-03-26,5.2237,5.4179,5.2175,5.4179,4080912.0
1991-03-27,5.4304,5.443,5.3114,5.3427,3924341.0
1991-03-28,5.3427,5.349,5.2738,5.2864,1998326.0
1991-04-01,5.2613,5.2864,5.2425,5.2864,3264101.0
1991-04-02,5.3114,5.4492,5.3052,5.4492,2848464.0
1991-04-03,5.468,5.4868,5.4304,5.4367,3596736.0
1991-04-04,5.4367,5.4993,5.3928,5.4304,3423816.0
1991-04-05,5.4492,5.468,5.3177,5.349,3725640.0
1991-04-08,5.349,5.4492,5.3365,5.4116,2416478.0
1991-04-09,5.4116,5.443,5.3302,5.3427,3184872.0
1991-04-10,5.3365,5.3678,5.3114,5.3427,2487533.0
1991-04-11,5.3678,5.4617,5.3678,5.4242,2551670.0
1991-04-12,5.4555,5.4743,5.3991,5.4367,2700067.0
1991-04-15,5.4492,5.5056,5.443,5.4931,2823941.0
1991-04-16,5.5119,5.6622,5.4931,5.6622,4942997.0
1991-04-17,5.6559,5.8,5.6497,5.7499,4858738.0
1991-04-18,5.7123,5.7311,5.6684,5.6935,2794387.0
1991-04-19,5.6246,5.6622,5.562,5.562,6975907.0
1991-04-22,5.5369,5.5557,5.4868,5.5056,4356326.0
1991-04-23,5.5244,5.5306,5.4617,5.5056,3088666.0
1991-04-24,5.5119,5.5244,5.4367,5.4743,4134989.0
1991-04-25,5.4617,5.5181,5.4242,5.4931,3857688.0
1991-04-26,5.4492,5.5056,5.4304,5.4617,2932723.0
1991-04-29,5.4743,5.5369,5.3803,5.3991,4421722.0
1991-04-30,5.4367,5.4617,5.3866,5.3991,4869427.0
1991-05-01,5.4242,5.587,5.4054,5.587,4927277.0
1991-05-02,5.6121,5.6622,5.6121,5.6559,5007763.0
1991-05-03,5.6434,5.7874,5.6371,5.7812,3581016.0
1991-05-06,5.7499,5.8501,5.7311,5.8313,3843226.0
1991-05-07,5.8313,5.9503,5.8313,5.8877,6111936.0
1991-05-08,5.8877,5.9127,5.8563,5.8626,4098518.0
1991-05-09,5.8751,5.9566,5.8751,5.9566,4894579.0
1991-05-10,5.9816,6.0192,5.919,5.9315,5427173.0
1991-05-13,5.944,5.944,5.9065,5.9378,3494870.0
1991-05-14,5.9002,5.9127,5.8188,5.8751,3404323.0
1991-05-15,5.8626,5.8877,5.7874,5.8501,5044234.0
1991-05-16,5.8814,5.9315,5.8563,5.9315,4477685.0
1991-05-17,5.8877,6.0004,5.8376,5.9628,8190120.0
1991-05-20,5.9754,6.0756,5.9628,5.9941,4375819.0
1991-05-21,6.0067,6.157,5.9941,6.1069,5076931.0
1991-05-22,6.1257,6.1257,6.0505,6.0944,2529662.0
1991-05-23,6.0818,6.1257,6.0255,6.0693,3510590.0
1991-05-24,6.0568,6.0881,6.0129,6.0568,2451691.0
1991-05-28,6.063,6.1131,6.0255,6.1131,3133939.0
1991-05-29,6.1131,6.1382,6.0756,6.0881,2715787.0
1991-05-30,6.063,6.1194,6.038,6.038,3600509.0
1991-05-31,6.0255,6.0442,5.8751,5.9566,7029984.0
1991-06-03,5.9407,5.9722,5.84,5.8463,5386301.0
1991-06-04,5.84,5.9029,5.84,5.8715,4875086.0
1991-06-05,5.8589,5.8904,5.8211,5.8526,3362194.0
1991-06-06,5.8526,5.8589,5.7834,5.7834,3040877.0
1991-06-07,5.7708,5.7771,5.7267,5.7708,3263472.0
1991-06-10,5.7393,5.8023,5.7393,5.7519,2749742.0
1991-06-11,5.7456,5.84,5.7456,5.8148,4455048.0
1991-06-12,5.8023,5.8652,5.7016,5.8589,5131008.0
1991-06-13,5.8589,5.9029,5.8023,5.8274,5679950.0
1991-06-14,5.8652,5.9533,5.84,5.9533,4267037.0
1991-06-17,5.9407,5.947,5.8966,5.947,2635930.0
1991-06-18,5.9344,5.9533,5.8589,5.8652,3155318.0
1991-06-19,5.84,5.84,5.7771,5.8211,3879067.0
1991-06-20,5.8085,5.8526,5.8023,5.8337,4009229.0
1991-06-21,5.8337,5.8589,5.8085,5.8526,6507451.0
1991-06-24,5.8274,5.8274,5.7519,5.7582,2217149.0
1991-06-25,5.7834,5.8715,5.7708,5.8715,3579130.0
1991-06-26,5.8778,5.9533,5.8589,5.9218,4310424.0
1991-06-27,5.9407,5.9785,5.9344,5.9659,2584368.0
1991-06-28,5.9407,5.9533,5.8211,5.8463,3513106.0
1991-07-01,5.8778,6.0036,5.8778,6.0036,3656472.0
1991-07-02,5.991,6.0225,5.9848,6.0099,2801304.0
1991-07-03,5.9407,5.947,5.8904,5.9029,2136662.0
1991-07-05,5.8841,5.9533,5.8778,5.9218,1228675.0
1991-07-08,5.8652,6.0162,5.84,6.0162,2868586.0
1991-07-09,5.991,6.0036,5.8967,5.9344,2386296.0
1991-07-10,5.9407,5.9848,5.9092,5.9155,3094954.0
1991-07-11,5.9344,5.9659,5.9155,5.9596,3207509.0
1991-07-12,6.0162,6.054,5.947,6.0351,3169781.0
1991-07-15,6.0414,6.1673,6.0288,6.1232,4133731.0
1991-07-16,6.1232,6.1547,6.0666,6.0917,2498222.0
1991-07-17,6.0791,6.1358,6.0791,6.0791,1882627.0
1991-07-18,6.0791,6.1232,6.0414,6.1169,3625032.0
1991-07-19,6.1169,6.1421,6.0729,6.098,5088878.0
1991-07-22,6.0854,6.0854,6.0414,6.0791,3257184.0
1991-07-23,6.0917,6.1232,6.0414,6.054,2599459.0
1991-07-24,6.0603,6.1043,6.0288,6.1043,2090131.0
1991-07-25,6.1169,6.1987,6.0917,6.1987,2914488.0
1991-07-26,6.1987,6.2491,6.1987,6.205,3152803.0
1991-07-29,6.205,6.2868,6.1798,6.2805,3287366.0
1991-07-30,6.3057,6.419,6.2805,6.4127,4596528.0
1991-07-31,6.4127,6.4882,6.4064,6.4819,3238949.0
1991-08-01,6.4756,6.4882,6.4316,6.4567,2757917.0
1991-08-02,6.4693,6.4819,6.4127,6.4253,2725219.0
1991-08-05,6.4127,6.4127,6.3246,6.3623,2298893.0
1991-08-06,6.3749,6.4693,6.3183,6.4504,4023062.0
1991-08-07,6.4441,6.5323,6.4316,6.463,3197448.0
1991-08-08,6.4316,6.4756,6.4064,6.419,2532806.0
1991-08-09,6.4064,6.419,6.3686,6.3686,1916582.0
1991-08-12,6.3623,6.4064,6.3435,6.3938,1404110.0
1991-08-13,6.4001,6.463,6.3686,6.3938,3061627.0
1991-08-14,6.4253,6.4253,6.3498,6.3623,2524632.0
1991-08-15,6.3686,6.4064,6.3183,6.3309,2800046.0
1991-08-16,6.3309,6.3686,6.2302,6.2868,5923925.0
1991-08-19,5.8904,6.205,5.8904,6.1798,9809909.0
1991-08-20,6.2302,6.2365,6.1421,6.1798,5625874.0
1991-08-21,6.2554,6.3686,6.2428,6.3623,6094330.0
1991-08-22,6.3686,6.3875,6.3372,6.356,3204994.0
1991-08-23,6.3561,6.4379,6.3309,6.3372,2754773.0
1991-08-26,6.3372,6.3561,6.312,6.3246,1836725.0
1991-08-27,6.3309,6.3309,6.2617,6.2994,2705098.0
1991-08-28,6.3057,6.4379,6.2931,6.4379,2986171.0
1991-08-29,6.4442,6.4756,6.4064,6.4756,2791243.0
1991-08-30,6.4695,6.4885,6.4,6.419,2042342.0
1991-09-03,6.3937,6.4569,6.3937,6.4,2906942.0
1991-09-04,6.4,6.4126,6.3431,6.362,2542238.0
1991-09-05,6.381,6.4253,6.3747,6.3873,3296170.0
1991-09-06,6.4063,6.4506,6.362,6.4316,2248589.0
1991-09-09,6.4379,6.5644,6.4379,6.5518,2740310.0
1991-09-10,6.5771,6.5897,6.4885,6.5201,3755194.0
1991-09-11,6.5265,6.615,6.5138,6.5897,2927693.0
1991-09-12,6.6213,6.6213,6.5581,6.615,2837774.0
1991-09-13,6.615,6.615,6.5012,6.5138,4158883.0
1991-09-16,6.5075,6.5707,6.4822,6.5581,3122621.0
1991-09-17,6.5518,6.6656,6.5454,6.6656,2889336.0
1991-09-18,6.6276,6.6656,6.615,6.6529,2130374.0
1991-09-19,6.6403,6.7225,6.6403,6.6656,2246702.0
1991-09-20,6.7035,6.7415,6.6719,6.7035,5996237.0
1991-09-23,6.6909,6.7099,6.5897,6.596,2763576.0
1991-09-24,6.596,6.6403,6.5075,6.6403,4275211.0
1991-09-25,6.634,6.6403,6.5518,6.5707,2225952.0
1991-09-26,6.5518,6.6087,6.5138,6.5771,2542867.0
1991-09-27,6.5771,6.615,6.5012,6.5138,2532806.0
1991-09-30,6.5138,6.6023,6.4948,6.5834,2535950.0
1991-10-01,6.6087,6.6466,6.596,6.634,2518973.0
1991-10-02,6.6276,6.6466,6.5581,6.596,2312098.0
1991-10-03,6.5644,6.5897,6.5644,6.5644,2049259.0
1991-10-04,6.5581,6.5834,6.5328,6.5518,2490677.0
1991-10-07,6.5581,6.5581,6.4506,6.4759,3038990.0
1991-10-08,6.4759,6.5075,6.4695,6.4822,2484389.0
1991-10-09,6.4506,6.4822,6.4442,6.4506,3238320.0
1991-10-10,6.4506,6.4695,6.4126,6.4506,3623146.0
1991-10-11,6.4506,6.5201,6.4126,6.5201,3776573.0
1991-10-14,6.5075,6.596,6.5075,6.596,2766091.0
1991-10-15,6.596,6.6529,6.5644,6.615,2925806.0
1991-10-16,6.615,6.6529,6.5897,6.615,2518973.0
1991-10-17,6.596,6.615,6.5707,6.5771,3186130.0
1991-10-18,6.596,6.6782,6.5834,6.6782,4426752.0
1991-10-21,6.6782,6.6972,6.615,6.6529,2505139.0
1991-10-22,6.6529,6.7035,6.5707,6.6024,2908200.0
1991-10-23,6.6024,6.6972,6.596,6.6972,3080491.0
1991-10-24,6.6972,6.7099,6.6277,6.7035,2703211.0
1991-10-25,6.7099,6.7541,6.6087,6.615,3182986.0
1991-10-28,6.6403,6.7921,6.615,6.7921,2521488.0
1991-10-29,6.7921,6.7984,6.7035,6.7478,3514992.0
1991-10-30,6.7415,6.7605,6.6719,6.7352,2988058.0
1991-10-31,6.7162,6.9438,6.7162,6.9438,3739474.0
1991-11-01,6.9186,6.9881,6.8616,6.8933,4131845.0
1991-11-04,6.8616,6.9375,6.8427,6.9312,2370576.0
1991-11-05,6.9375,7.045,6.9312,6.9818,3225744.0
1991-11-06,6.9944,7.0324,6.9059,6.9502,3232032.0
1991-11-07,6.9565,6.9565,6.8047,6.9502,4290931.0
1991-11-08,7.0071,7.0324,6.8743,6.8869,4190952.0
1991-11-11,6.8806,6.8996,6.8553,6.8553,3090552.0
1991-11-12,6.9312,7.083,6.8996,7.0703,4385880.0
1991-11-13,7.0577,7.2095,7.0134,7.2095,5495083.0
1991-11-14,7.2284,7.317,7.2221,7.317,5625245.0
1991-11-15,7.3043,7.3107,6.9312,6.9312,6409987.0
1991-11-18,6.9628,7.1715,6.9186,7.1399,8883686.0
1991-11-19,7.0577,7.0767,6.9059,7.0261,6674083.0
1991-11-20,7.2348,7.4118,7.2348,7.3359,10879498.0
1991-11-21,7.2601,7.3486,7.2348,7.3106,7988904.0
1991-11-22,7.317,7.317,7.2348,7.2917,5520864.0
1991-11-25,7.279,7.3865,7.2348,7.3486,4478314.0
1991-11-26,7.3359,7.3359,7.1336,7.2474,7788317.0
1991-11-27,7.2474,7.298,7.2221,7.279,3106901.0
1991-11-29,7.2854,7.4118,7.2727,7.4055,2119685.0
1991-12-02,7.3423,7.5328,7.1898,7.5264,5601350.0
1991-12-03,7.5201,7.6471,7.482,7.6344,4940482.0
1991-12-04,7.6281,7.6852,7.5455,7.6535,3482923.0
1991-12-05,7.6408,7.6662,7.5646,7.59,3321950.0
1991-12-06,7.5328,7.6852,7.5264,7.6725,3814301.0
1991-12-09,7.6725,7.7424,7.6344,7.6916,3077976.0
1991-12-10,7.6789,7.7233,7.609,7.6598,3729413.0
1991-12-11,7.6725,7.6852,7.5074,7.5963,5043605.0
1991-12-12,7.6027,7.6344,7.5201,7.5836,3528826.0
1991-12-13,7.6471,7.6662,7.5646,7.5709,3695458.0
1991-12-16,7.5709,7.6662,7.5519,7.6217,2494450.0
1991-12-17,7.6154,7.6979,7.5836,7.6916,3212539.0
1991-12-18,7.6662,7.7424,7.6598,7.7297,3367853.0
1991-12-19,7.7043,7.8186,7.6852,7.7996,3489840.0
1991-12-20,7.8567,7.8948,7.8059,7.8631,9938184.0
1991-12-23,7.8567,8.1425,7.8567,8.1298,5054923.0
1991-12-24,8.1171,8.1806,8.0663,8.0727,3025157.0
1991-12-26,8.0727,8.3712,8.06,8.3394,2911344.0
1991-12-27,8.3267,8.422,8.2696,8.4029,3272275.0
1991-12-30,8.3902,8.4728,8.3648,8.4474,4760645.0
1991-12-31,8.441,8.4855,8.3394,8.4601,5490682.0
1992-01-02,8.4347,8.4728,8.3331,8.4538,5141698.0
1992-01-03,8.4156,8.6252,8.4156,8.5808,4809062.0
1992-01-06,8.5744,8.5935,8.4538,8.4982,5682466.0
1992-01-07,8.4601,8.4792,8.422,8.4728,3459029.0
1992-01-08,8.4474,8.5173,8.4347,8.4728,4663181.0
1992-01-09,8.4792,8.4982,8.3966,8.4601,4712227.0
1992-01-10,8.4156,8.4474,8.2696,8.2823,4049472.0
1992-01-13,8.2696,8.2759,8.079,8.1362,6233923.0
1992-01-14,8.1171,8.1489,8.0028,8.1362,7145683.0
1992-01-15,8.1362,8.1425,7.9012,7.9329,9079872.0
1992-01-16,7.6852,7.8631,7.6408,7.8313,14335382.0
1992-01-17,7.6789,7.8123,7.6789,7.8123,12345859.0
1992-01-20,7.825,7.8885,7.7868,7.7996,5531554.0
1992-01-21,7.8186,7.8186,7.5709,7.6979,6626294.0
1992-01-22,7.6979,7.8694,7.6916,7.8694,5188229.0
1992-01-23,7.9012,7.9901,7.8504,7.8758,6201854.0
1992-01-24,7.8631,7.9266,7.7932,7.7996,5612669.0
1992-01-27,7.825,7.844,7.6979,7.7233,4396570.0
1992-01-28,7.7106,7.825,7.6535,7.7742,5528410.0
1992-01-29,7.7742,7.9647,7.7233,7.7424,7614139.0
1992-01-30,7.7678,7.9012,7.7424,7.8885,4285901.0
1992-01-31,7.9456,8.0473,7.9393,7.9837,5165592.0
1992-02-03,7.9901,8.06,7.825,7.844,5796907.0
1992-02-04,7.8313,8.0727,7.8313,8.0727,5639078.0
1992-02-05,8.1235,8.1743,7.9964,8.0346,7341240.0
1992-02-06,8.0092,8.0155,7.8377,7.9266,4997074.0
1992-02-07,7.952,7.9647,7.7614,7.7996,4343122.0
1992-02-10,7.7996,7.8885,7.7996,7.8123,3549576.0
1992-02-11,7.8186,7.844,7.7678,7.8186,3052824.0
1992-02-12,7.7805,7.8377,7.736,7.8059,4012373.0
1992-02-13,7.7741,7.7869,7.6408,7.6725,4267037.0
1992-02-14,7.6344,7.6408,7.5264,7.5328,6823738.0
1992-02-18,7.5836,7.6217,7.4185,7.4185,5784331.0
1992-02-19,7.4121,7.4185,7.2914,7.3232,8766730.0
1992-02-20,7.3994,7.5328,7.3994,7.482,6459662.0
1992-02-21,7.4947,7.5455,7.355,7.4312,6984710.0
1992-02-24,7.4185,7.6217,7.4185,7.5963,4154482.0
1992-02-25,7.6662,7.7487,7.6535,7.7487,5188858.0
1992-02-26,7.8694,8.0917,7.825,8.06,12049694.0
1992-02-27,8.0854,8.1298,8.0155,8.0473,7355074.0
1992-02-28,8.0536,8.0663,7.9393,8.0092,4624824.0
1992-03-02,8.038,8.0635,7.9806,8.0061,4001683.0
1992-03-03,8.0061,8.0125,7.853,7.853,4655006.0
1992-03-04,7.853,7.8594,7.6488,7.719,8561741.0
1992-03-05,7.7063,7.802,7.7063,7.719,5025370.0
1992-03-06,7.7254,7.7701,7.6297,7.6552,5312731.0
1992-03-09,7.668,7.7573,7.668,7.7254,4049472.0
1992-03-10,7.7254,7.8083,7.7254,7.7637,4820381.0
1992-03-11,7.7318,7.7509,7.6552,7.6744,3617486.0
1992-03-12,7.6616,7.6744,7.4894,7.5276,6167899.0
1992-03-13,7.5914,7.6042,7.4511,7.5404,5477477.0
1992-03-16,7.534,7.5404,7.4511,7.5276,4264522.0
1992-03-17,7.534,7.6488,7.534,7.6425,3963326.0
1992-03-18,7.6361,7.668,7.5532,7.5532,3493613.0
1992-03-19,7.5914,7.5978,7.5404,7.5659,2943413.0
1992-03-20,7.5595,7.5723,7.4575,7.5085,7965010.0
1992-03-23,7.5085,7.534,7.4511,7.5149,3749534.0
1992-03-24,7.5532,7.668,7.5149,7.6552,4421093.0
1992-03-25,7.6807,7.7254,7.6425,7.6552,4551254.0
1992-03-26,7.6616,7.668,7.5404,7.5532,3335784.0
1992-03-27,7.5276,7.534,7.4128,7.4447,5392589.0
1992-03-30,7.4256,7.5532,7.4192,7.5021,3559008.0
1992-03-31,7.5021,7.5978,7.5021,7.5085,3538258.0
1992-04-01,7.5085,7.6425,7.4766,7.6361,5377498.0
1992-04-02,7.6297,7.6552,7.4702,7.5149,5056181.0
1992-04-03,7.483,7.6297,7.4766,7.5468,4235597.0
1992-04-06,7.5914,7.6616,7.5851,7.6233,3658987.0
1992-04-07,7.6361,7.6488,7.4766,7.483,3023270.0
1992-04-08,7.4575,7.483,7.4,7.4766,7219253.0
1992-04-09,7.5021,7.6871,7.4766,7.6616,5913864.0
1992-04-10,7.7509,7.7956,7.6999,7.7764,4625453.0
1992-04-13,7.7573,7.8466,7.7063,7.8211,4910299.0
1992-04-14,7.8466,7.9487,7.8147,7.9232,5210237.0
1992-04-15,7.9232,7.9232,7.6488,7.719,7298482.0
1992-04-16,7.7063,7.7126,7.5276,7.5978,8660462.0
1992-04-20,7.4638,7.5021,7.3554,7.3682,7280875.0
1992-04-21,7.3809,7.4256,7.3044,7.4,6236438.0
1992-04-22,7.4128,7.4256,7.2533,7.2788,5673662.0
1992-04-23,7.2661,7.2852,6.9663,7.1321,14971099.0
1992-04-24,7.1959,7.2469,7.1513,7.1704,6242726.0
1992-04-27,7.1194,7.2406,7.0875,7.2087,5745974.0
1992-04-28,7.215,7.2469,7.1066,7.2023,6117595.0
1992-04-29,7.2406,7.3363,7.2342,7.3363,6486701.0
1992-04-30,7.3426,7.4,7.3107,7.4,6096216.0
1992-05-01,7.3618,7.3682,7.2533,7.3426,5633419.0
1992-05-04,7.4,7.5468,7.3937,7.5276,5548531.0
1992-05-05,7.5404,7.5532,7.5149,7.5404,4690219.0
1992-05-06,7.5595,7.5914,7.483,7.483,4600930.0
1992-05-07,7.483,7.5595,7.483,7.5532,3477264.0
1992-05-08,7.5659,7.5787,7.5149,7.5659,3150288.0
1992-05-11,7.5787,7.6106,7.5659,7.6106,2713272.0
1992-05-12,7.6297,7.6425,7.5276,7.5532,5017195.0
1992-05-13,7.5595,7.5723,7.5085,7.5468,3030816.0
1992-05-14,7.5085,7.5149,7.4,7.4447,4756243.0
1992-05-15,7.4,7.4383,7.3873,7.3937,6623779.0
1992-05-18,7.4128,7.4702,7.4064,7.4319,3924970.0
1992-05-19,7.4511,7.6425,7.4383,7.6042,5937130.0
1992-05-20,7.6106,7.6297,7.5659,7.5723,4360099.0
1992-05-21,7.5021,7.5723,7.5021,7.5532,4597157.0
1992-05-22,7.5978,7.8083,7.5978,7.7892,7012378.0
1992-05-26,7.7892,7.7892,7.5404,7.5978,4962699.0
1992-05-27,7.5787,7.6169,7.5213,7.5787,3590238.0
1992-05-28,7.5213,7.8083,7.5021,7.8083,3624613.0
1992-05-29,7.8083,7.8466,7.6744,7.7126,3939222.0
1992-06-01,7.6552,7.8657,7.5787,7.8657,4443939.0
1992-06-02,7.8434,7.8627,7.6128,7.632,5800890.0
1992-06-03,7.6897,7.7858,7.632,7.632,5017405.0
1992-06-04,7.6512,7.6896,7.5743,7.6704,3723334.0
1992-06-05,7.6704,7.7281,7.4782,7.5935,4132474.0
1992-06-08,7.632,7.6512,7.459,7.5551,2545382.0
1992-06-09,7.5551,7.5743,7.459,7.4974,3062885.0
1992-06-10,7.4782,7.5359,7.3628,7.3821,3883678.0
1992-06-11,7.4013,7.6128,7.3436,7.5743,4990995.0
1992-06-12,7.632,7.6512,7.5551,7.5743,2882000.0
1992-06-15,7.5166,7.6704,7.4782,7.5359,2334944.0
1992-06-16,7.5743,7.6128,7.4974,7.4974,2526938.0
1992-06-17,7.4013,7.459,7.2475,7.2667,5631742.0
1992-06-18,7.2667,7.4205,7.2475,7.3436,3753098.0
1992-06-19,7.3628,7.4782,7.3436,7.4205,6497600.0
1992-06-22,7.5166,7.7858,7.4974,7.7665,7440800.0
1992-06-23,7.6897,7.7089,7.5359,7.6128,6704266.0
1992-06-24,7.5551,7.6128,7.3821,7.4013,3856221.0
1992-06-25,7.459,7.4782,7.3052,7.3628,3844693.0
1992-06-26,7.2475,7.3244,7.2283,7.3052,3293026.0
1992-06-29,7.3244,7.5359,7.3052,7.5166,2952845.0
1992-06-30,7.5359,7.5359,7.4013,7.4974,3043182.0
1992-07-01,7.5359,7.6512,7.5166,7.632,4349829.0
1992-07-02,7.6512,7.6897,7.5359,7.6128,3610360.0
1992-07-06,7.6512,7.8434,7.6128,7.8434,4015307.0
1992-07-07,7.8434,7.8627,7.6897,7.7281,4127024.0
1992-07-08,7.7473,7.8434,7.7281,7.8242,3420043.0
1992-07-09,7.8242,7.8819,7.7858,7.8242,3458819.0
1992-07-10,7.8434,7.8627,7.7473,7.7473,1954939.0
1992-07-13,7.7858,7.7858,7.7089,7.7473,2259698.0
1992-07-14,7.7281,7.7281,7.632,7.6897,2868166.0
1992-07-15,7.6704,7.7281,7.6128,7.6704,2733603.0
1992-07-16,7.632,7.7473,7.6128,7.7089,2697342.0
1992-07-17,7.6897,7.7089,7.6512,7.6897,3641590.0
1992-07-20,7.5359,7.6704,7.4974,7.5935,3517298.0
1992-07-21,7.632,7.6512,7.4974,7.5551,3408306.0
1992-07-22,7.4974,7.6128,7.4782,7.5935,2606166.0
1992-07-23,7.6128,7.632,7.4974,7.5551,1857056.0
1992-07-24,7.4782,7.5743,7.4782,7.5743,1967725.0
1992-07-27,7.5743,7.8627,7.5743,7.8242,4573472.0
1992-07-28,7.8627,7.9588,7.8242,7.8434,3274371.0
1992-07-29,7.8819,7.9588,7.8434,7.8819,3598622.0
1992-07-30,7.8819,7.978,7.8627,7.978,2396357.0
1992-07-31,7.978,7.978,7.9203,7.978,1852654.0
1992-08-03,7.9588,8.1318,7.9396,8.1318,3818283.0
1992-08-04,8.151,8.2087,8.0934,8.1703,3832117.0
1992-08-05,8.0549,8.0934,8.0357,8.0934,1950328.0
1992-08-06,8.0549,8.0934,7.9972,7.9972,2755192.0
1992-08-07,8.0165,8.1703,7.9972,8.0165,3313566.0
1992-08-10,7.9972,8.0549,7.978,7.9972,1842384.0
1992-08-11,8.0357,8.0357,7.9203,7.9972,2431150.0
1992-08-12,8.0357,8.0549,7.9011,7.9011,2508912.0
1992-08-13,8.0549,8.0934,7.9396,7.9972,2384200.0
1992-08-14,8.0165,8.1318,7.978,8.1318,1985541.0
1992-08-17,8.0934,8.151,7.9972,7.9972,2613083.0
1992-08-18,7.978,8.0549,7.9588,8.0165,2501786.0
1992-08-19,8.0357,8.0549,7.9203,7.9396,2658566.0
1992-08-20,7.9203,7.978,7.9011,7.9588,2275837.0
1992-08-21,7.978,7.9972,7.7858,7.805,4919941.0
1992-08-24,7.7473,7.8242,7.6704,7.7473,2850560.0
1992-08-25,7.7473,7.8434,7.7281,7.8434,2472232.0
1992-08-26,7.8627,7.9203,7.805,7.8242,1830856.0
1992-08-27,7.8627,7.8819,7.6512,7.6704,2477262.0
1992-08-28,7.6512,7.6704,7.5166,7.5935,5450229.0
1992-08-31,7.5742,7.5742,7.4776,7.5162,3888290.0
1992-09-01,7.5162,7.6129,7.439,7.4583,4652701.0
1992-09-02,7.4969,7.5162,7.381,7.4196,4870266.0
1992-09-03,7.4776,7.6129,7.4583,7.4583,6106277.0
1992-09-04,7.4776,7.7095,7.439,7.5742,2634462.0
1992-09-08,7.5742,7.5935,7.4196,7.4583,3106691.0
1992-09-09,7.439,7.4776,7.4003,7.439,2861878.0
1992-09-10,7.4776,7.4969,7.4003,7.4003,3011952.0
1992-09-11,7.4196,7.439,7.3423,7.4196,2722914.0
1992-09-14,7.5162,7.5356,7.323,7.5162,4391330.0
1992-09-15,7.4583,7.5162,7.3037,7.3423,4001474.0
1992-09-16,7.3037,7.381,7.2264,7.2651,5349621.0
1992-09-17,7.3037,7.3423,7.2264,7.2651,3299523.0
1992-09-18,7.1684,7.3617,7.1105,7.323,8915126.0
1992-09-21,7.2844,7.323,7.1684,7.1878,4815350.0
1992-09-22,7.2071,7.2651,7.1491,7.2071,4257605.0
1992-09-23,7.1878,7.2457,7.1684,7.2264,3167685.0
1992-09-24,7.1878,7.2071,6.9752,7.0525,9203117.0
1992-09-25,6.9559,6.9752,6.5308,6.7627,12468056.0
1992-09-28,6.6854,6.7047,6.5308,6.6854,7992467.0
1992-09-29,6.6661,6.8593,6.6468,6.8013,5525475.0
1992-09-30,6.8786,6.9173,6.8207,6.8786,4579131.0
1992-10-01,6.9173,6.9559,6.8013,6.8207,5394685.0
1992-10-02,6.8207,6.8593,6.6274,6.6468,5977582.0
1992-10-05,6.5695,6.6468,6.2603,6.6274,9872370.0
1992-10-06,6.6661,6.6854,6.4729,6.5501,6357378.0
1992-10-07,6.5695,6.6468,6.4922,6.5501,4768819.0
1992-10-08,6.5695,6.6081,6.4535,6.5308,5973810.0
1992-10-09,6.5308,6.5501,6.3569,6.3569,5668842.0
1992-10-12,6.3956,6.5308,6.3956,6.4535,6735496.0
1992-10-13,6.4342,6.6468,6.3956,6.5888,7532186.0
1992-10-14,6.6081,6.8207,6.5888,6.724,6387979.0
1992-10-15,6.6661,6.8593,6.6661,6.782,5105437.0
1992-10-16,6.7627,6.782,6.5501,6.5695,8080499.0
1992-10-19,6.5888,6.84,6.5501,6.84,6010909.0
1992-10-20,6.8979,6.9366,6.4922,6.5115,8331181.0
1992-10-21,6.4342,6.5308,6.3376,6.4922,12288010.0
1992-10-22,6.4922,6.4922,6.3762,6.4535,5459661.0
1992-10-23,6.4149,6.4342,6.2796,6.3569,7681211.0
1992-10-26,6.3569,6.6468,6.3569,6.6468,5458403.0
1992-10-27,6.7047,6.724,6.5888,6.6661,4561944.0
1992-10-28,6.6661,6.724,6.6468,6.724,4947189.0
1992-10-29,6.7047,6.8013,6.6081,6.7047,4973389.0
1992-10-30,6.7627,6.8593,6.7434,6.782,5514995.0
1992-11-02,6.7627,6.9559,6.7047,6.8979,5185294.0
1992-11-03,6.9366,6.9559,6.7627,6.8013,3884517.0
1992-11-04,6.7627,6.8013,6.6081,6.6468,3806126.0
1992-11-05,6.6468,6.7047,6.4922,6.5308,5926230.0
1992-11-06,6.5115,6.5115,6.3956,6.5115,6386512.0
1992-11-09,6.4922,6.5888,6.4535,6.5115,4781814.0
1992-11-10,6.5888,6.6661,6.5308,6.6274,4814512.0
1992-11-11,6.6661,6.9559,6.6468,6.9366,8543715.0
1992-11-12,6.9945,7.1298,6.9945,7.0718,7084480.0
1992-11-13,7.0525,7.0718,6.8786,7.0332,4842389.0
1992-11-16,7.0332,7.0718,6.9752,7.0332,2899816.0
1992-11-17,7.0525,7.0912,6.9752,7.0912,3132472.0
1992-11-18,7.1298,7.2071,7.1105,7.1878,3766931.0
1992-11-19,7.2071,7.2071,7.1105,7.1491,3532808.0
1992-11-20,7.2071,7.2071,7.1298,7.1298,5283597.0
1992-11-23,7.1105,7.1298,6.9752,7.0139,3653957.0
1992-11-24,6.9945,7.0332,6.9366,6.9752,4104597.0
1992-11-25,6.9946,7.0332,6.9559,7.0139,3569069.0
1992-11-27,7.0332,7.0912,7.0139,7.0718,1735698.0
1992-11-30,7.0718,7.0718,6.9366,6.9752,3748906.0
1992-12-01,6.9752,7.0718,6.9559,7.0718,3503674.0
1992-12-02,7.1107,7.1301,7.0524,7.0913,2827504.0
1992-12-03,7.0913,7.1301,7.0136,7.1301,3030397.0
1992-12-04,7.1107,7.1884,7.0913,7.1107,3562152.0
1992-12-07,7.1301,7.2273,7.033,7.2273,3977789.0
1992-12-08,7.2273,7.3244,7.2273,7.2661,4601349.0
1992-12-09,7.305,7.4021,7.2855,7.4021,5320486.0
1992-12-10,7.3633,7.3827,7.2661,7.3244,3671563.0
1992-12-11,7.3244,7.3827,7.305,7.3827,2708242.0
1992-12-14,7.3633,7.4215,7.3244,7.3633,2409352.0
1992-12-15,7.3438,7.3633,7.2273,7.2661,2891222.0
1992-12-16,7.2855,7.3244,7.1884,7.2273,2971290.0
1992-12-17,7.2467,7.2855,7.169,7.2273,2989734.0
1992-12-18,7.305,7.305,7.1884,7.2855,9036066.0
1992-12-21,7.2855,7.4021,7.2661,7.3827,3306859.0
1992-12-22,7.3633,7.3827,7.1496,7.2661,3072736.0
1992-12-23,7.1107,7.1495,6.9747,6.9941,6048637.0
1992-12-24,6.9941,7.0136,6.9164,6.9553,2631318.0
1992-12-28,6.9553,6.9941,6.8776,6.9358,2772170.0
1992-12-29,6.9553,7.0136,6.8387,6.8581,3159510.0
1992-12-30,6.8776,6.897,6.761,6.8387,3457352.0
1992-12-31,6.8193,6.8581,6.7416,6.7416,3913022.0
1993-01-04,6.8193,6.8581,6.7416,6.8193,5648720.0
1993-01-05,6.8193,6.8193,6.6056,6.7027,4702166.0
1993-01-06,6.6833,6.7027,6.4696,6.5278,8943632.0
1993-01-07,6.5278,6.5667,6.4113,6.4501,7316717.0
1993-01-08,6.4307,6.625,6.3919,6.6056,6591501.0
1993-01-11,6.5861,6.8193,6.5473,6.7221,5095166.0
1993-01-12,6.7221,6.7416,6.5473,6.6444,4368693.0
1993-01-13,6.6833,6.761,6.6056,6.7416,3634464.0
1993-01-14,6.7221,6.7416,6.4113,6.5278,9825210.0
1993-01-15,6.5473,6.6638,6.4696,6.489,8515838.0
1993-01-18,6.5084,6.5667,6.4307,6.4307,4277307.0
1993-01-19,6.4501,6.4501,6.3141,6.3336,7253208.0
1993-01-20,6.3724,6.5084,6.3336,6.4113,6248805.0
1993-01-21,6.4696,6.5278,6.4307,6.5278,5204787.0
1993-01-22,6.5667,6.625,6.5084,6.5861,4403696.0
1993-01-25,6.5084,6.5084,6.3919,6.4113,4892064.0
1993-01-26,6.4113,6.4307,6.1393,6.1393,12660050.0
1993-01-27,6.1587,6.2753,6.1393,6.2559,8883267.0
1993-01-28,6.2947,6.353,6.2364,6.2947,5395104.0
1993-01-29,6.2947,6.3141,6.1976,6.2753,4455258.0
1993-02-01,6.1587,6.1976,6.0227,6.0421,8968784.0
1993-02-02,5.945,5.9644,5.7896,5.8479,16541422.0
1993-02-03,5.8479,6.1004,5.809,6.081,12918277.0
1993-02-04,6.1393,6.1393,5.8673,5.9061,8388402.0
1993-02-05,5.9061,5.9839,5.809,5.9644,7417534.0
1993-02-08,5.9644,6.1199,5.9644,5.9839,6376451.0
1993-02-09,6.0033,6.1199,5.945,6.081,6062470.0
1993-02-10,6.1393,6.2559,6.0033,6.2559,7193682.0
1993-02-11,6.3336,6.3724,6.2559,6.3336,6283389.0
1993-02-12,6.3336,6.353,6.217,6.2753,5256768.0
1993-02-16,6.0227,6.0616,5.8284,5.8867,11239171.0
1993-02-17,5.8867,5.9062,5.7702,5.8284,9614981.0
1993-02-18,5.9256,5.945,5.7507,5.8867,8871320.0
1993-02-19,5.9256,5.945,5.6536,5.7313,9538896.0
1993-02-22,5.7896,5.809,5.5564,5.6924,10278574.0
1993-02-23,5.7119,5.9256,5.5953,5.8479,9666752.0
1993-02-24,5.8284,6.0033,5.809,5.9644,8125563.0
1993-02-25,5.9256,5.9839,5.8673,5.9644,6002315.0
1993-02-26,6.0227,6.0227,5.945,5.9839,3678690.0
1993-03-01,6.1004,6.1976,6.0227,6.1393,5949077.0
1993-03-02,6.1197,6.1197,6.022,6.0806,4900867.0
1993-03-03,6.0806,6.0806,6.0024,6.0415,3933144.0
1993-03-04,6.0611,6.0806,5.8851,5.9047,4461126.0
1993-03-05,5.8851,5.9829,5.8265,5.8656,5094118.0
1993-03-08,5.8656,5.9829,5.7874,5.9829,5692946.0
1993-03-09,5.9633,5.9829,5.8851,5.9633,4635514.0
1993-03-10,6.022,6.2566,6.022,6.2566,8220093.0
1993-03-11,6.2175,6.413,6.1002,6.1393,6347526.0
1993-03-12,6.022,6.1393,5.9633,6.1197,4439538.0
1993-03-15,6.1588,6.1784,6.022,6.0415,3410192.0
1993-03-16,5.9633,6.0024,5.8656,5.9047,5051360.0
1993-03-17,5.8656,5.8851,5.6896,5.7287,8458618.0
1993-03-18,5.7287,5.7482,5.6505,5.6896,9795656.0
1993-03-19,5.7091,5.7287,5.5918,5.6505,10742838.0
1993-03-22,5.5918,5.6309,5.4745,5.5918,8886830.0
1993-03-23,5.6505,5.8656,5.6505,5.7874,6755618.0
1993-03-24,5.2986,5.4745,5.2008,5.4354,27385288.0
1993-03-25,5.4159,5.5918,5.3572,5.5527,9452122.0
1993-03-26,5.5332,5.5527,5.279,5.3181,11526323.0
1993-03-29,5.3572,5.455,5.2986,5.3963,8029357.0
1993-03-30,5.4354,5.6309,5.3572,5.6114,8565304.0
1993-03-31,5.7091,5.7874,5.4745,5.5332,11701968.0
1993-04-01,5.4941,5.5136,5.3768,5.3768,8121581.0
1993-04-02,5.3572,5.3768,5.279,5.3181,8983456.0
1993-04-05,5.4159,5.4159,5.279,5.3377,6395734.0
1993-04-06,5.3181,5.3572,5.2595,5.2986,5239371.0
1993-04-07,5.279,5.3572,5.2595,5.2986,5065403.0
1993-04-08,5.3181,5.3181,5.1617,5.1812,6203950.0
1993-04-12,5.2008,5.3963,5.1812,5.3572,6136878.0
1993-04-13,5.3768,5.4354,5.2595,5.2986,5888502.0
1993-04-14,5.3181,5.3377,5.2595,5.279,4122832.0
1993-04-15,5.279,5.2986,5.1617,5.1812,6165803.0
1993-04-16,5.2008,5.3181,5.1617,5.3181,7692320.0
1993-04-19,5.3181,5.6309,5.3181,5.6114,6634469.0
1993-04-20,5.6896,5.8656,5.6505,5.8656,10699661.0
1993-04-21,5.8656,5.8656,5.7287,5.7483,5588355.0
1993-04-22,5.7482,5.7482,5.455,5.4941,5922667.0
1993-04-23,5.4941,5.6309,5.4941,5.6309,4221973.0
1993-04-26,5.5723,5.6896,5.5527,5.6505,4473493.0
1993-04-27,5.6505,5.8656,5.6505,5.8069,9263901.0
1993-04-28,5.8656,5.8851,5.7678,5.846,7006509.0
1993-04-29,5.846,5.846,5.7287,5.7874,2891013.0
1993-04-30,5.8069,5.9047,5.7678,5.7874,4970245.0
1993-05-03,5.8265,5.9829,5.8069,5.9829,7402234.0
1993-05-04,6.0024,6.1002,5.9438,6.0024,6697139.0
1993-05-05,5.9829,6.0806,5.9633,5.9829,6014053.0
1993-05-06,5.9438,5.9633,5.8265,5.8656,4593594.0
1993-05-07,5.8851,5.9047,5.8069,5.8069,2598202.0
1993-05-10,5.8656,5.9633,5.846,5.9047,4297010.0
1993-05-11,5.9242,5.9438,5.8265,5.8851,3378962.0
1993-05-12,5.9047,5.9047,5.7287,5.7483,4023482.0
1993-05-13,5.6505,5.7287,5.5918,5.67,3960392.0
1993-05-14,5.6896,5.846,5.67,5.846,3328448.0
1993-05-17,5.9829,6.0806,5.8656,6.0415,6487539.0
1993-05-18,6.0806,6.0806,5.846,6.0024,5680370.0
1993-05-19,6.0415,6.1002,5.9633,6.0806,6404118.0
1993-05-20,6.0806,6.1393,6.0415,6.1197,5173557.0
1993-05-21,6.0415,6.1197,5.9633,5.9633,5515414.0
1993-05-24,5.9633,6.022,5.9242,6.0024,2854123.0
1993-05-25,5.9633,6.0024,5.9242,5.9633,2447499.0
1993-05-26,6.0024,6.1197,5.9047,6.1002,4106483.0
1993-05-27,6.1197,6.1588,5.8851,5.9047,4156997.0
1993-05-28,5.9242,6.0611,5.846,5.9829,3577872.0
1993-06-01,6.0024,6.0024,5.9438,5.9633,3605958.0
1993-06-02,5.924,5.9633,5.8059,5.8649,3516250.0
1993-06-03,5.8059,5.8846,5.7862,5.8059,3486067.0
1993-06-04,5.7665,5.8059,5.7075,5.7665,3295541.0
1993-06-07,5.7862,5.8059,5.7271,5.7665,3219875.0
1993-06-08,5.7468,5.8059,5.7271,5.7468,3782861.0
1993-06-09,5.7665,5.8256,5.7271,5.7862,2978416.0
1993-06-10,5.7862,5.9436,5.7862,5.924,4177328.0
1993-06-11,5.983,6.0814,5.9436,6.0814,4223440.0
1993-06-14,6.1011,6.1601,6.0814,6.1404,3887032.0
1993-06-15,6.1208,6.1208,5.9633,5.983,3962278.0
1993-06-16,6.0027,6.0617,5.9436,6.0617,3820798.0
1993-06-17,6.0617,6.1208,6.042,6.0814,3251106.0
1993-06-18,6.0027,6.0224,5.8256,5.8256,7472450.0
1993-06-21,5.8649,5.8846,5.8059,5.8256,2966888.0
1993-06-22,5.8059,5.8256,5.6681,5.7075,4917845.0
1993-06-23,5.6484,5.7075,5.6287,5.6681,4506190.0
1993-06-24,5.6681,5.7665,5.6681,5.7271,4221763.0
1993-06-25,5.7468,5.7862,5.6878,5.7468,2051146.0
1993-06-28,5.7665,5.7862,5.6091,5.6484,3389232.0
1993-06-29,5.5894,5.8059,5.5894,5.7862,3476845.0
1993-06-30,5.7665,5.8256,5.55,5.5894,4564250.0
1993-07-01,5.5107,5.55,5.4123,5.5107,7735078.0
1993-07-02,5.491,5.5107,5.4319,5.4319,4114238.0
1993-07-06,5.491,5.5303,5.3926,5.3926,3727317.0
1993-07-07,5.4123,5.4713,5.3729,5.3926,4732349.0
1993-07-08,5.4123,5.5697,5.3926,5.4713,5537632.0
1993-07-09,5.4713,5.491,5.4123,5.4713,4098518.0
1993-07-12,5.4319,5.4516,5.4123,5.4319,3024109.0
1993-07-13,5.3926,5.4713,5.3729,5.4319,4629435.0
1993-07-14,5.4319,5.491,5.4123,5.4713,3423397.0
1993-07-15,5.3729,5.3926,5.2745,5.3138,7368698.0
1993-07-16,5.2548,5.2745,5.1958,5.2154,7813678.0
1993-07-19,5.1958,5.2154,4.999,5.058,8763166.0
1993-07-20,5.1761,5.3729,5.1564,5.2351,7325101.0
1993-07-21,5.2351,5.2942,5.1761,5.1958,5673243.0
1993-07-22,5.1958,5.2154,5.0777,5.0974,4586886.0
1993-07-23,5.0974,5.1761,5.0974,5.1367,3449597.0
1993-07-26,5.1564,5.1958,5.058,5.058,4684560.0
1993-07-27,5.058,5.0777,4.999,5.058,7400976.0
1993-07-28,4.8809,4.9202,4.7628,4.8415,26131251.0
1993-07-29,4.8415,4.8612,4.8021,4.8021,19695693.0
1993-07-30,4.8021,4.8218,4.8021,4.8218,9581864.0
1993-08-02,4.8218,4.8612,4.8021,4.8415,8644533.0
1993-08-03,4.8415,4.9202,4.8415,4.9006,7663605.0
1993-08-04,4.9006,4.9596,4.8809,4.8809,8541410.0
1993-08-05,4.9006,4.9202,4.8021,4.8415,5394266.0
1993-08-06,4.8809,4.8809,4.8021,4.8415,4928115.0
1993-08-09,4.8415,4.8612,4.8021,4.8218,5726062.0
1993-08-10,4.8021,4.8218,4.7234,4.7234,7389658.0
1993-08-11,4.7431,4.7431,4.6053,4.6644,9008189.0
1993-08-12,4.6447,4.6644,4.5463,4.5463,8404541.0
1993-08-13,4.5266,4.6053,4.5069,4.5266,7565302.0
1993-08-16,4.5266,4.6447,4.5069,4.6447,6867544.0
1993-08-17,4.6841,4.8809,4.6644,4.8612,10293666.0
1993-08-18,4.999,5.1367,4.9793,5.117,18441656.0
1993-08-19,5.1761,5.3138,5.1564,5.2154,15828992.0
1993-08-20,5.2154,5.2351,5.0777,5.1564,8786013.0
1993-08-23,5.1367,5.1564,5.0186,5.117,6165174.0
1993-08-24,5.0974,5.117,5.058,5.0777,5124720.0
1993-08-25,5.0974,5.0974,4.999,4.999,5546645.0
1993-08-26,5.0186,5.1958,4.9793,5.1367,6221138.0
1993-08-27,5.1367,5.1761,5.117,5.1761,3752469.0
1993-08-30,5.1761,5.1761,4.999,5.0186,5482507.0
1993-08-31,5.0186,5.0777,4.9793,5.0186,7185926.0
1993-09-01,5.0186,5.0383,4.9793,5.0186,5568024.0
1993-09-02,5.1425,5.2815,5.1425,5.2617,13454224.0
1993-09-03,5.2617,5.2617,5.1822,5.222,7206467.0
1993-09-07,5.2418,5.2617,5.083,5.1227,4542661.0
1993-09-08,5.083,5.083,4.9638,5.0433,5343542.0
1993-09-09,5.0433,5.1227,5.0234,5.083,3706566.0
1993-09-10,5.083,5.083,5.0433,5.0631,3396149.0
1993-09-13,5.0433,5.0631,4.9638,4.9837,4356117.0
1993-09-14,4.9837,5.1028,4.9837,5.1028,6165594.0
1993-09-15,5.0631,5.1028,5.0035,5.083,6038786.0
1993-09-16,5.1028,5.1028,4.9837,5.0433,3316710.0
1993-09-17,4.9638,5.0433,4.9638,4.9837,9853296.0
1993-09-20,4.9837,5.0035,4.8447,4.8447,4900029.0
1993-09-21,4.8646,5.0035,4.8646,5.0035,7081336.0
1993-09-22,5.0234,5.0433,4.9241,5.0035,4506400.0
1993-09-23,5.0433,5.083,4.9837,5.0631,4930421.0
1993-09-24,5.0433,5.0631,5.0035,5.0234,3061418.0
1993-09-27,5.0234,5.0631,4.9241,4.9638,3766302.0
1993-09-28,4.9837,4.9837,4.7653,4.9043,3015725.0
1993-09-29,4.9043,4.9241,4.8447,4.8646,4298686.0
1993-09-30,4.8646,4.944,4.8447,4.8844,3815558.0
1993-10-01,4.8844,4.944,4.8646,4.9241,4117802.0
1993-10-04,4.944,4.944,4.8249,4.8447,3411240.0
1993-10-05,4.8646,4.8844,4.805,4.8844,4047795.0
1993-10-06,4.8447,4.8447,4.7653,4.805,5286741.0
1993-10-07,4.805,4.8248,4.7256,4.805,4201222.0
1993-10-08,4.805,4.8248,4.7653,4.805,3353600.0
1993-10-11,4.8248,4.9241,4.805,4.9241,6099360.0
1993-10-12,4.9638,4.9837,4.8844,4.9043,5151130.0
1993-10-13,4.9241,4.944,4.8646,4.9241,3924550.0
1993-10-14,4.9241,5.0234,4.9043,4.9837,6789573.0
1993-10-15,5.0035,5.0035,4.9241,4.9241,5612040.0
1993-10-18,4.9837,5.222,4.9638,5.1227,11295344.0
1993-10-19,5.1227,5.1425,5.083,5.1227,7198502.0
1993-10-20,5.1227,5.1624,5.0433,5.1425,5581858.0
1993-10-21,5.1624,5.1624,5.083,5.1028,4037525.0
1993-10-22,5.1227,5.1624,5.1028,5.1425,6119901.0
1993-10-25,5.1227,5.1425,5.0631,5.083,4141067.0
1993-10-26,5.1028,5.1227,5.083,5.1028,3436602.0
1993-10-27,5.1028,5.1227,5.0631,5.0631,3662341.0
1993-10-28,5.1028,5.1028,4.9638,5.1028,4402648.0
1993-10-29,5.1028,5.1425,5.083,5.1028,4601349.0
1993-11-01,5.1028,5.1425,5.083,5.083,5311893.0
1993-11-02,5.083,5.1028,5.0433,5.0433,5064146.0
1993-11-03,5.083,5.2418,5.0631,5.222,16151566.0
1993-11-04,5.2021,5.222,5.1028,5.1227,6274376.0
1993-11-05,5.1227,5.1425,5.083,5.1028,4289464.0
1993-11-08,5.1227,5.1227,5.0433,5.083,7347528.0
1993-11-09,5.083,5.1028,5.0433,5.0631,5046330.0
1993-11-10,5.0631,5.1624,5.0433,5.1624,9667381.0
1993-11-11,5.1822,5.222,5.1624,5.1624,9341034.0
1993-11-12,5.1822,5.2021,5.1624,5.2021,6703218.0
1993-11-15,5.2021,5.2617,5.1822,5.2021,11906328.0
1993-11-16,5.2418,5.4007,5.2418,5.3808,15892710.0
1993-11-17,5.4205,5.4205,5.3212,5.4007,11315256.0
1993-11-18,5.3808,5.5396,5.3609,5.4999,18016797.0
1993-11-19,5.4999,5.6389,5.4801,5.5794,12549381.0
1993-11-22,5.3808,5.4007,5.3014,5.3411,11841771.0
1993-11-23,5.3808,5.4404,5.3609,5.4404,8480206.0
1993-11-24,5.4404,5.4999,5.4007,5.4801,6861466.0
1993-11-26,5.5198,5.5198,5.4801,5.4801,1721864.0
1993-11-29,5.5198,5.5198,5.3808,5.3808,6046331.0
1993-11-30,5.3808,5.4404,5.3411,5.4404,7599467.0
1993-12-01,5.4602,5.4602,5.4007,5.4007,8505778.0
1993-12-02,5.4455,5.4655,5.3854,5.3854,6175445.0
1993-12-03,5.4055,5.4455,5.3654,5.4455,7514789.0
1993-12-06,5.4855,5.5256,5.4455,5.4855,7643693.0
1993-12-07,5.4855,5.5056,5.4455,5.4655,4723965.0
1993-12-08,5.4455,5.4655,5.3854,5.4055,3482714.0
1993-12-09,5.4255,5.4255,5.2853,5.3054,6668005.0
1993-12-10,5.2853,5.3054,5.1852,5.2853,9446882.0
1993-12-13,5.2853,5.3254,5.2253,5.2653,5686867.0
1993-12-14,5.2653,5.2653,5.2253,5.2253,4428219.0
1993-12-15,5.2453,5.3254,5.2253,5.2653,7509549.0
1993-12-16,5.3054,5.3254,5.2653,5.3054,5980517.0
1993-12-17,5.3254,5.4255,5.3054,5.3854,9835061.0
1993-12-20,5.4255,5.4655,5.3854,5.4255,6921621.0
1993-12-21,5.4455,5.4855,5.4255,5.4455,5543920.0
1993-12-22,5.4855,5.5056,5.4055,5.4655,6177541.0
1993-12-23,5.5056,5.5856,5.4655,5.4855,6404538.0
1993-12-27,5.5456,5.6457,5.5256,5.6457,7718101.0
1993-12-28,5.6257,5.7058,5.6057,5.6457,7594437.0
1993-12-29,5.6857,5.7058,5.5656,5.6257,6414389.0
1993-12-30,5.6057,5.6257,5.5656,5.5656,4078397.0
1993-12-31,5.5456,5.5656,5.5056,5.5056,4289883.0
1994-01-03,5.5656,5.6857,5.5456,5.6457,7951176.0
1994-01-04,5.7058,5.7858,5.6657,5.7658,7748493.0
1994-01-05,5.7858,6.0861,5.7658,5.966,23320096.0
1994-01-06,5.986,6.0061,5.8459,5.8659,8273331.0
1994-01-07,5.906,5.966,5.8259,5.946,7269766.0
1994-01-10,5.966,6.0261,5.906,6.0061,6402861.0
1994-01-11,6.0061,6.0061,5.8859,5.946,5256978.0
1994-01-12,5.946,5.946,5.8459,5.8659,5160352.0
1994-01-13,5.8459,5.8859,5.8259,5.8659,3682462.0
1994-01-14,5.8659,5.926,5.8059,5.8459,4759806.0
1994-01-17,5.8259,5.8859,5.8059,5.8459,3936917.0
1994-01-18,5.8659,5.946,5.8459,5.8659,5874040.0
1994-01-19,5.8459,5.8659,5.6857,5.7458,9641181.0
1994-01-20,5.7058,5.7458,5.6657,5.7258,6127237.0
1994-01-21,5.6857,5.7058,5.4855,5.6257,7168949.0
1994-01-24,5.6057,5.6457,5.5256,5.5656,6323842.0
1994-01-25,5.5856,5.7458,5.5656,5.7258,8600098.0
1994-01-26,5.6657,5.7658,5.6657,5.7458,5677226.0
1994-01-27,5.7458,5.7658,5.6857,5.7258,3822685.0
1994-01-28,5.7658,5.8459,5.7058,5.7658,5556077.0
1994-01-31,5.8059,5.8459,5.7658,5.8459,5644947.0
1994-02-01,5.8259,5.8459,5.7858,5.8059,4555027.0
1994-02-02,5.8059,5.8459,5.7858,5.8259,3964794.0
1994-02-03,5.8059,5.8859,5.6657,5.8459,6121158.0
1994-02-04,5.8659,5.8659,5.6057,5.6257,5906738.0
1994-02-07,5.5856,5.6657,5.5856,5.6257,7206886.0
1994-02-08,5.6257,5.6257,5.5056,5.5256,6076304.0
1994-02-09,5.5456,5.5856,5.5056,5.5856,3995605.0
1994-02-10,5.5856,5.6857,5.5656,5.5856,7018875.0
1994-02-11,5.5456,5.6657,5.5256,5.5856,4485650.0
1994-02-14,5.5856,5.5856,5.4055,5.4055,7449813.0
1994-02-15,5.4055,5.4455,5.3654,5.4055,7153648.0
1994-02-16,5.3854,5.4055,5.2853,5.3054,7395317.0
1994-02-17,5.3854,5.3854,5.2653,5.3054,6549371.0
1994-02-18,5.3054,5.3254,5.2453,5.2653,6727950.0
1994-02-22,5.2853,5.3054,5.1852,5.2253,6480413.0
1994-02-23,5.2453,5.3254,5.2053,5.2053,6711182.0
1994-02-24,5.2053,5.2053,5.0851,5.1052,7843651.0
1994-02-25,5.1452,5.2053,5.1052,5.1652,5043186.0
1994-02-28,5.2253,5.2653,5.1852,5.1852,5747861.0
1994-03-01,5.1652,5.1852,5.0651,5.1252,5968360.0
1994-03-02,5.0492,5.1704,5.0088,5.1704,6167270.0
1994-03-03,5.1704,5.2108,5.0088,5.0896,9495299.0
1994-03-04,5.0694,5.0896,4.9684,5.0088,6310008.0
1994-03-07,5.0896,5.2108,5.0896,5.1704,7924976.0
1994-03-08,5.1906,5.2108,5.0896,5.13,3981771.0
1994-03-09,5.1502,5.231,5.0694,5.231,5600093.0
1994-03-10,5.2512,5.2512,5.13,5.1502,5227634.0
1994-03-11,5.1704,5.2108,5.13,5.1906,4481458.0
1994-03-14,5.231,5.231,5.1502,5.1704,3140018.0
1994-03-15,5.1704,5.1906,5.0492,5.1098,4568651.0
1994-03-16,5.0896,5.13,5.029,5.0492,4709712.0
1994-03-17,5.0492,5.13,5.029,5.0896,4940272.0
1994-03-18,5.0896,5.13,5.0492,5.13,11481259.0
1994-03-21,5.13,5.2108,5.1098,5.1704,4322790.0
1994-03-22,5.0896,5.0896,4.9079,4.9281,10148832.0
1994-03-23,4.9483,4.9684,4.8271,4.8675,13450870.0
1994-03-24,4.8473,4.9482,4.8473,4.8877,8787270.0
1994-03-25,4.9483,4.9684,4.8675,4.8675,4302669.0
1994-03-28,4.9079,4.9079,4.8473,4.9079,4526312.0
1994-03-29,4.9079,4.9483,4.8473,4.8675,5246498.0
1994-03-30,4.8877,4.8877,4.7665,4.7665,8783078.0
1994-03-31,4.7665,4.8271,4.6453,4.8069,9476854.0
1994-04-04,4.6655,4.8069,4.6251,4.7059,9862099.0
1994-04-05,4.8069,4.8675,4.7867,4.8675,6940904.0
1994-04-06,4.8675,4.9079,4.7867,4.7867,4541403.0
1994-04-07,4.7867,4.8271,4.7261,4.8069,4450646.0
1994-04-08,4.7867,4.8877,4.7867,4.8473,4906526.0
1994-04-11,4.8271,4.8675,4.7261,4.7867,6577038.0
1994-04-12,4.8271,4.8675,4.7665,4.7867,5322582.0
1994-04-13,4.8069,4.8271,4.6655,4.7463,7053669.0
1994-04-14,4.6857,4.7463,4.6655,4.6857,6033336.0
1994-04-15,4.6857,4.6857,4.5443,4.5847,9661302.0
1994-04-18,4.5847,4.7059,4.5443,4.6453,6960397.0
1994-04-19,4.5847,4.7463,4.5847,4.5847,9726069.0
1994-04-20,4.6049,4.7463,4.6049,4.7463,9152603.0
1994-04-21,4.8271,5.0088,4.7867,4.9886,8357800.0
1994-04-22,5.0088,5.0492,4.9482,5.0088,5911139.0
1994-04-25,5.029,5.0492,4.9684,4.9886,4034800.0
1994-04-26,4.9886,5.0088,4.8675,5.0088,5599254.0
1994-04-28,4.7867,4.8877,4.7059,4.8675,8109634.0
1994-04-29,4.8271,4.8877,4.7665,4.7867,4701747.0
1994-05-02,4.8271,5.0694,4.8069,5.029,7743253.0
1994-05-03,5.0896,5.1098,4.9281,4.9483,6688546.0
1994-05-04,4.9886,5.0088,4.8675,4.8675,3626709.0
1994-05-05,4.9079,4.9281,4.8473,4.8473,2477262.0
1994-05-06,4.8069,4.8877,4.7665,4.8675,5037526.0
1994-05-09,4.8271,4.9281,4.8069,4.8271,4680997.0
1994-05-10,4.8675,4.9886,4.8473,4.9483,5946352.0
1994-05-11,4.9482,4.9684,4.8271,4.8271,3690637.0
1994-05-12,4.8675,4.9079,4.8473,4.8877,3892482.0
1994-05-13,4.9079,4.9079,4.8271,4.8877,2629851.0
1994-05-16,4.8877,4.9483,4.8675,4.9483,2632576.0
1994-05-17,4.9281,5.0492,4.9079,5.0088,5090555.0
1994-05-18,5.029,5.029,4.9281,4.9483,3970034.0
1994-05-19,4.9483,4.9684,4.8675,4.9281,3651022.0
1994-05-20,4.8675,4.9079,4.8473,4.8877,6616024.0
1994-05-23,4.8473,4.8877,4.8271,4.8877,3155109.0
1994-05-24,4.8675,5.2108,4.8069,4.9886,16443539.0
1994-05-25,4.9482,5.0492,4.9079,4.9684,7268090.0
1994-05-26,4.9684,4.9886,4.9079,4.9483,4765885.0
1994-05-27,4.9281,4.9483,4.8877,4.9281,3821427.0
1994-05-31,4.8877,4.9684,4.8675,4.9281,4702795.0
1994-06-01,4.9079,4.9281,4.8675,4.9079,5927278.0
1994-06-02,4.9127,4.9739,4.8924,4.9331,5367437.0
1994-06-03,4.9739,5.0554,4.9331,5.0554,5741363.0
1994-06-06,5.0758,5.137,5.0147,5.0351,9351514.0
1994-06-07,5.0147,5.0962,5.0147,5.0554,5331386.0
1994-06-08,5.0758,5.0962,5.0147,5.0147,4178586.0
1994-06-09,5.0758,5.1981,5.0758,5.1778,6998544.0
1994-06-10,5.1778,5.1778,5.0758,5.0962,4737170.0
1994-06-13,5.0962,5.137,5.0758,5.0962,3031654.0
1994-06-14,5.1166,5.1778,5.1166,5.137,3857688.0
1994-06-15,5.1166,5.1574,5.0962,5.1166,2863555.0
1994-06-16,5.1166,5.1166,5.0554,5.0758,2639283.0
1994-06-17,5.0554,5.0758,4.9739,5.0147,11770926.0
1994-06-20,4.9943,5.0554,4.9739,5.0351,3470976.0
1994-06-21,5.0351,5.1166,5.0147,5.0554,4525474.0
1994-06-22,5.0554,5.0758,4.9739,4.9739,3775525.0
1994-06-23,4.9943,5.0147,4.9739,4.9739,3849094.0
1994-06-24,4.9739,5.0758,4.9128,4.9128,3675546.0
1994-06-27,4.9127,4.9739,4.8924,4.9331,3193675.0
1994-06-28,4.9128,4.9331,4.872,4.9128,2857686.0
1994-06-29,4.9535,4.9943,4.8924,4.9128,3057645.0
1994-06-30,4.9331,4.9331,4.8312,4.8516,3263472.0
1994-07-01,4.872,4.9535,4.8516,4.872,3784538.0
1994-07-05,4.8312,4.9127,4.8108,4.8924,4044232.0
1994-07-06,4.8516,4.9127,4.8516,4.8924,2181098.0
1994-07-07,4.9127,4.9127,4.8516,4.872,2461542.0
1994-07-08,4.8516,4.872,4.7904,4.8108,3993090.0
1994-07-11,4.8516,4.872,4.7497,4.7497,4016774.0
1994-07-12,4.7904,4.7904,4.7293,4.7497,4067288.0
1994-07-13,4.7701,4.7904,4.7497,4.7701,2808221.0
1994-07-14,4.7701,4.8516,4.7497,4.8312,4198078.0
1994-07-15,4.7904,4.8516,4.7701,4.8108,7049058.0
1994-07-18,4.8312,4.872,4.7904,4.8516,3040458.0
1994-07-19,4.8516,4.872,4.8312,4.8312,2594010.0
1994-07-20,4.8108,4.8312,4.7701,4.7904,3055968.0
1994-07-21,4.7701,4.8312,4.7293,4.8108,3828554.0
1994-07-22,4.8312,4.8516,4.8108,4.8312,2967307.0
1994-07-25,4.8312,4.9127,4.8108,4.8924,5500323.0
1994-07-26,4.872,4.872,4.8312,4.8516,3312728.0
1994-07-27,4.8516,4.8516,4.7904,4.8312,2446242.0
1994-07-28,4.8108,4.8516,4.7904,4.8516,2705726.0
1994-07-29,4.8516,4.872,4.8108,4.8312,3444776.0
1994-08-01,4.8108,4.8516,4.7904,4.8312,4726690.0
1994-08-02,4.8312,4.9331,4.7701,4.9331,5150920.0
1994-08-03,4.8924,4.9331,4.8516,4.872,5725434.0
1994-08-04,4.9127,4.9127,4.8516,4.8924,5282339.0
1994-08-05,4.872,4.8924,4.8516,4.872,3665485.0
1994-08-08,4.9127,5.0147,4.8924,4.9739,5155112.0
1994-08-09,4.9739,5.0554,4.9739,5.0351,6060374.0
1994-08-10,5.0554,5.2593,5.0351,5.2593,11432842.0
1994-08-11,5.2389,5.2797,5.1777,5.2185,6994142.0
1994-08-12,5.2185,5.2593,5.1777,5.2593,4151547.0
1994-08-15,5.2797,5.4428,5.2593,5.402,9456314.0
1994-08-16,5.4835,5.5243,5.3816,5.5243,13247139.0
1994-08-17,5.5447,5.6262,5.5243,5.5447,11773442.0
1994-08-18,5.5447,5.5651,5.4835,5.5039,6799005.0
1994-08-19,5.5243,5.5651,5.4835,5.5651,6684982.0
1994-08-22,5.5243,5.5447,5.5039,5.5039,2623354.0
1994-08-23,5.4835,5.5243,5.4631,5.4835,4731720.0
1994-08-24,5.4631,5.4835,5.402,5.4428,4592965.0
1994-08-25,5.4224,5.4631,5.3816,5.3816,3786634.0
1994-08-26,5.402,5.5039,5.3816,5.5039,3860832.0
1994-08-29,5.5039,5.5447,5.4835,5.5447,4846790.0
1994-08-30,5.5447,5.5447,5.5039,5.5243,4177328.0
1994-08-31,5.5243,5.6466,5.5243,5.5651,7062053.0
1994-09-01,5.5651,5.6466,5.5447,5.6058,5568234.0
1994-09-02,5.6346,5.6552,5.5524,5.5729,3491307.0
1994-09-06,5.5729,5.5935,5.5318,5.5935,3379171.0
1994-09-07,5.6552,5.6758,5.5524,5.5935,7082384.0
1994-09-08,5.5935,5.6141,5.5729,5.5935,4151338.0
1994-09-09,5.5524,5.5935,5.4907,5.5318,4276888.0
1994-09-12,5.5112,5.5524,5.5112,5.5318,2856010.0
1994-09-13,5.5318,5.5524,5.4701,5.5318,3524843.0
1994-09-14,5.5112,5.5524,5.5112,5.5524,3212749.0
1994-09-15,5.5524,5.6346,5.5318,5.6346,4915539.0
1994-09-16,5.5729,5.6552,5.5524,5.6141,9550843.0
1994-09-19,5.6346,5.7374,5.6346,5.6963,5283806.0
1994-09-20,5.6552,5.6963,5.6141,5.6552,4696298.0
1994-09-21,5.6346,5.7169,5.6141,5.6963,6769242.0
1994-09-22,5.7169,5.7169,5.6552,5.6552,3772171.0
1994-09-23,5.6552,5.6963,5.6141,5.6963,3430314.0
1994-09-26,5.6552,5.7786,5.6552,5.7374,5542453.0
1994-09-27,5.7374,5.9225,5.7169,5.9225,10336424.0
1994-09-28,5.8403,5.9431,5.8403,5.8608,10898990.0
1994-09-29,5.8608,5.8814,5.758,5.7991,4347523.0
1994-09-30,5.8197,5.9225,5.7991,5.8608,5308120.0
1994-10-03,5.8814,6.0048,5.8814,6.0048,7664234.0
1994-10-04,6.0048,6.087,5.9637,5.9842,10207939.0
1994-10-05,5.9225,5.9431,5.8608,5.9225,7269976.0
1994-10-06,5.8608,5.902,5.8403,5.8814,4526731.0
1994-10-07,5.8608,5.9431,5.8608,5.9431,3566973.0
1994-10-10,5.9431,5.9431,5.8814,5.9225,2437858.0
1994-10-11,5.9225,6.0665,5.9225,6.0048,6590243.0
1994-10-12,5.9637,6.087,5.9431,6.087,5683514.0
1994-10-13,6.087,6.1282,6.0048,6.0253,5682256.0
1994-10-14,6.0253,6.0459,5.9225,5.9637,5271859.0
1994-10-17,5.9225,5.9842,5.9225,5.9431,3022432.0
1994-10-18,5.9637,5.9842,5.8403,5.8403,6871107.0
1994-10-19,5.8197,5.8608,5.7786,5.8403,4959974.0
1994-10-20,5.8608,5.9225,5.8403,5.9225,4735493.0
1994-10-21,5.902,5.902,5.8403,5.8403,5496970.0
1994-10-24,5.8403,5.8608,5.6963,5.7374,3436811.0
1994-10-25,5.6758,5.7374,5.6552,5.6758,3259490.0
1994-10-26,5.6758,5.6963,5.5935,5.6758,4323838.0
1994-10-27,5.6963,5.8403,5.6758,5.8403,4919731.0
1994-10-28,5.8403,5.9225,5.7991,5.9225,5066032.0
1994-10-31,5.9225,6.0048,5.8608,5.8608,6536166.0
1994-11-01,5.8403,5.9225,5.8197,5.8814,3653118.0
1994-11-02,5.8814,5.902,5.7786,5.7786,3589819.0
1994-11-03,5.7991,5.8197,5.758,5.7991,2360725.0
1994-11-04,5.8608,5.8814,5.758,5.7786,3254669.0
1994-11-07,5.7786,5.7991,5.7169,5.7991,2910925.0
1994-11-08,5.8197,5.9431,5.7991,5.8814,4001054.0
1994-11-09,6.0459,6.0665,6.0048,6.0459,10744515.0
1994-11-10,6.087,6.1899,6.0665,6.1076,9053043.0
1994-11-11,6.1076,6.1282,6.0459,6.0459,4919941.0
1994-11-14,6.0459,6.1693,6.0253,6.1282,3595898.0
1994-11-15,6.1076,6.1282,5.9842,6.0253,4974856.0
1994-11-16,6.0048,6.087,5.9842,6.087,3346474.0
1994-11-17,6.1487,6.231,6.0253,6.087,8393432.0
1994-11-18,6.0665,6.2516,6.0253,6.2104,10178176.0
1994-11-21,6.1899,6.231,6.0665,6.087,5231826.0
1994-11-22,5.9842,6.0253,5.8608,5.8814,7464066.0
1994-11-23,5.902,5.9431,5.8608,5.902,6050942.0
1994-11-25,5.9225,6.0459,5.9225,6.0253,2256763.0
1994-11-28,6.0253,6.1282,6.0253,6.1076,5197242.0
1994-11-29,6.0665,6.1282,6.0253,6.1282,4414595.0
1994-11-30,6.1693,6.231,6.1076,6.1282,8209194.0
1994-12-01,6.087,6.231,6.087,6.1076,6267459.0
1994-12-02,6.1366,6.2818,6.1159,6.261,4597786.0
1994-12-05,6.261,6.2818,6.1988,6.2403,4202899.0
1994-12-06,6.2403,6.3232,6.1988,6.2403,9693162.0
1994-12-07,6.1574,6.2403,6.1574,6.2403,5743250.0
1994-12-08,6.2196,6.2403,6.0744,6.0952,4907574.0
1994-12-09,6.0952,6.1988,6.0744,6.1781,4321114.0
1994-12-12,6.1781,6.261,6.1366,6.261,4406211.0
1994-12-13,6.2403,6.3025,6.2403,6.261,5112144.0
1994-12-14,6.2196,6.3232,6.2196,6.261,6263686.0
1994-12-15,6.2818,6.3232,6.2403,6.261,4452742.0
1994-12-16,6.3025,6.3647,6.2403,6.3439,10906746.0
1994-12-19,6.3232,6.3439,6.261,6.3439,4221763.0
1994-12-20,6.3439,6.4891,6.3439,6.4061,9754365.0
1994-12-21,6.4061,6.5305,6.4061,6.4891,8021392.0
1994-12-22,6.4891,6.5305,6.4269,6.4476,4509334.0
1994-12-23,6.4683,6.5305,6.4476,6.5098,3590867.0
1994-12-27,6.5098,6.5513,6.4891,6.5305,3526310.0
1994-12-28,6.4891,6.5098,6.4476,6.4683,3332221.0
1994-12-29,6.4683,6.4683,6.4061,6.4061,3137083.0
1994-12-30,6.4269,6.4476,6.3232,6.3232,3576614.0
1995-01-03,6.3025,6.4061,6.2818,6.3439,5817029.0
1995-01-04,6.3439,6.3647,6.2818,6.3232,4402229.0
1995-01-05,6.3025,6.3232,6.261,6.261,2865022.0
1995-01-06,6.261,6.2817,6.1988,6.2196,3417738.0
1995-01-09,6.1781,6.2196,6.0952,6.0952,5727110.0
1995-01-10,6.1159,6.1366,6.033,6.0537,6382320.0
1995-01-11,6.0744,6.2196,6.033,6.2196,5387139.0
1995-01-12,6.1781,6.2196,6.1159,6.1159,3760434.0
1995-01-13,6.1366,6.3025,6.1159,6.2818,5010278.0
1995-01-16,6.261,6.3854,6.261,6.3439,5350040.0
1995-01-17,6.3232,6.3854,6.3025,6.3854,4016355.0
1995-01-18,6.3232,6.4269,6.3232,6.3854,5072949.0
1995-01-19,6.3439,6.3854,6.3025,6.3232,2957666.0
1995-01-20,6.3025,6.3439,6.2403,6.261,6938598.0
1995-01-23,6.1988,6.3232,6.1988,6.2818,4127443.0
1995-01-24,6.2196,6.3439,6.1988,6.261,4598624.0
1995-01-25,6.2196,6.3647,6.2196,6.3232,4140019.0
1995-01-26,6.3025,6.4269,6.3025,6.4061,4581856.0
1995-01-27,6.4269,6.4476,6.3439,6.4269,4844694.0
1995-01-30,6.4061,6.5305,6.3854,6.4891,5413339.0
1995-01-31,6.5098,6.6964,6.4891,6.6757,11634267.0
1995-02-01,6.6757,6.6757,6.5513,6.5927,7059538.0
1995-02-02,6.572,6.5927,6.5513,6.5927,4101243.0
1995-02-03,6.5927,6.6757,6.5927,6.5927,6234133.0
1995-02-06,6.6342,6.7171,6.5927,6.7171,5192630.0
1995-02-07,6.6964,6.7171,6.6342,6.6342,4942997.0
1995-02-08,6.6342,6.6964,6.6135,6.6549,4510592.0
1995-02-09,6.6549,6.6964,6.6342,6.6964,4145678.0
1995-02-10,6.6964,6.7379,6.6549,6.6964,4078397.0
1995-02-13,6.6549,6.6757,6.6342,6.6549,2251104.0
1995-02-14,6.6549,6.6757,6.6135,6.6549,4050101.0
1995-02-15,6.6342,6.7586,6.572,6.7378,6879701.0
1995-02-16,6.7171,6.7379,6.6549,6.7171,5419627.0
1995-02-17,6.7171,6.9037,6.7171,6.8622,13174827.0
1995-02-21,6.8415,6.9244,6.8415,6.9037,5484184.0
1995-02-22,6.883,6.9452,6.8622,6.9244,5037317.0
1995-02-23,6.9866,7.0903,6.9659,7.0696,9050528.0
1995-02-24,7.0696,7.0903,7.0074,7.0281,4184874.0
1995-02-27,6.9866,7.0074,6.9452,6.9659,4908832.0
1995-02-28,6.9452,7.0281,6.9452,7.0281,3304134.0
1995-03-01,7.0074,7.0696,6.9866,7.0281,5022435.0
1995-03-02,7.0074,7.0488,6.9659,7.0074,4204366.0
1995-03-03,6.9322,6.9948,6.9113,6.9531,4154482.0
1995-03-06,6.9113,7.141,6.8696,7.0992,6544970.0
1995-03-07,7.0992,7.1619,7.0366,7.0575,6014053.0
1995-03-08,7.0575,7.0784,6.9948,7.0366,7682888.0
1995-03-09,6.9948,7.0157,6.974,6.9948,4018661.0
1995-03-10,6.9948,7.0575,6.974,6.9948,4914282.0
1995-03-13,6.9948,7.0366,6.974,7.0157,3963746.0
1995-03-14,7.0157,7.1201,7.0157,7.0992,5561526.0
1995-03-15,7.0992,7.1619,7.0784,7.1619,5858530.0
1995-03-16,7.1828,7.2872,7.1828,7.2245,7102296.0
1995-03-17,7.2454,7.3707,7.2245,7.3498,10779309.0
1995-03-20,7.3498,7.4751,7.3498,7.4542,6136040.0
1995-03-21,7.4124,7.496,7.3916,7.4542,7341450.0
1995-03-22,7.496,7.5377,7.3498,7.3916,7001059.0
1995-03-23,7.3498,7.3707,7.308,7.3498,5056390.0
1995-03-24,7.308,7.4751,7.2663,7.2872,7351510.0
1995-03-27,7.2036,7.2245,7.141,7.2036,6660878.0
1995-03-28,7.1619,7.2663,7.1201,7.2663,5156579.0
1995-03-29,7.2454,7.3289,7.2245,7.2245,5094118.0
1995-03-30,7.2245,7.2454,6.9948,7.0157,5864189.0
1995-03-31,6.9113,7.1828,6.8904,7.1201,7548744.0
1995-04-03,7.1619,7.2872,7.0888,7.2663,6983662.0
1995-04-04,7.2872,7.3289,7.2036,7.2454,4941320.0
1995-04-05,7.2454,7.2663,7.141,7.2036,3795437.0
1995-04-06,7.1828,7.2036,7.141,7.2036,4299525.0
1995-04-07,7.1828,7.2036,7.0992,7.1619,3857269.0
1995-04-10,7.141,7.2245,7.141,7.1619,3993509.0
1995-04-11,7.2036,7.2245,7.1619,7.1828,4306022.0
1995-04-12,7.1828,7.2036,7.141,7.1619,2981770.0
1995-04-13,7.1619,7.2245,7.141,7.2036,3408934.0
1995-04-17,7.2454,7.3289,7.2245,7.2454,5325307.0
1995-04-18,7.2663,7.2663,7.1828,7.1828,4020547.0
1995-04-19,7.0992,7.1201,6.9322,7.0366,7424870.0
1995-04-20,6.9948,7.0366,6.974,6.9948,4435346.0
1995-04-21,7.0366,7.2036,6.9948,7.1619,8557549.0
1995-04-24,7.141,7.2663,7.1201,7.2454,4686446.0
1995-04-25,7.2036,7.2245,7.1201,7.141,4203947.0
1995-04-26,7.1201,7.2036,7.0784,7.1619,5110467.0
1995-04-27,7.141,7.2036,7.0992,7.1201,3945720.0
1995-04-28,7.1201,7.2036,7.0575,7.1619,4914910.0
1995-05-01,7.1828,7.2454,7.1828,7.2036,5278357.0
1995-05-02,7.2036,7.2454,7.141,7.1828,3492774.0
1995-05-03,7.1828,7.3707,7.1828,7.3498,6155323.0
1995-05-04,7.3707,7.5168,7.3498,7.3916,8746398.0
1995-05-05,7.4333,7.4542,7.3916,7.4333,5791248.0
1995-05-08,7.3707,7.4124,7.3498,7.3916,3449806.0
1995-05-09,7.4333,7.4333,7.3289,7.3707,4438909.0
1995-05-10,7.3498,7.3707,7.141,7.1828,8346062.0
1995-05-11,7.1828,7.2245,7.0992,7.2036,6001477.0
1995-05-12,7.1828,7.1828,7.0575,7.0784,6654800.0
1995-05-15,7.0366,7.0784,6.9948,7.0366,7076096.0
1995-05-16,7.0366,7.0992,6.9948,7.0575,5911139.0
1995-05-17,7.0575,7.0575,6.974,6.974,5029981.0
1995-05-18,6.9531,6.9948,6.8904,6.8904,6732352.0
1995-05-19,6.9113,7.141,6.9113,7.0157,9555035.0
1995-05-22,7.0366,7.0992,7.0366,7.0992,3939013.0
1995-05-23,7.0992,7.1828,7.0784,7.141,4861043.0
1995-05-24,7.1619,7.4333,7.1619,7.4333,10682474.0
1995-05-25,7.4333,7.663,7.4333,7.6004,11524646.0
1995-05-26,7.6004,7.6421,7.496,7.5377,5554190.0
1995-05-30,7.5586,7.5795,7.5377,7.5586,4021805.0
1995-05-31,7.5795,7.8927,7.5586,7.8509,8706784.0
1995-06-01,7.8092,7.9344,7.8092,7.8927,9767360.0
1995-06-02,7.8591,8.0272,7.838,7.9641,7229523.0
1995-06-05,8.0272,8.3424,8.0062,8.2793,13783296.0
1995-06-06,8.2583,8.4054,8.2373,8.3634,12098950.0
1995-06-07,8.2793,8.3214,8.1533,8.1743,6970038.0
1995-06-08,8.1743,8.1953,8.1112,8.1322,5850355.0
1995-06-09,8.1112,8.1322,7.9851,7.9851,7174608.0
1995-06-12,8.0062,8.1322,8.0062,8.0902,3685816.0
1995-06-13,8.1322,8.1533,8.0482,8.1322,3175650.0
1995-06-14,8.1112,8.1322,7.9431,8.0902,2999586.0
1995-06-15,8.1743,8.2373,8.0902,8.1322,4656054.0
1995-06-16,8.1533,8.1953,8.1112,8.1953,8142750.0
1995-06-19,8.1743,8.2373,8.1532,8.1532,3571794.0
1995-06-20,8.1743,8.1953,8.0062,8.0692,4103968.0
1995-06-21,8.0692,8.2793,8.0062,8.2583,5789362.0
1995-06-22,8.2793,8.4054,8.2163,8.3844,8243987.0
1995-06-23,8.3844,8.6156,8.3634,8.3634,5623987.0
1995-06-26,8.3634,8.3844,8.2583,8.2793,3772800.0
1995-06-27,8.2583,8.3844,8.1533,8.1743,6370582.0
1995-06-28,8.1322,8.3844,8.1322,8.3424,4765046.0
1995-06-29,8.3634,8.4264,8.1322,8.3634,4817656.0
1995-06-30,8.4054,8.4264,8.2373,8.2583,2615179.0
1995-07-03,8.2373,8.3634,8.2373,8.3424,2058482.0
1995-07-05,8.3634,8.4054,8.2793,8.3003,4888082.0
1995-07-06,8.3003,8.3214,7.838,8.1953,5940483.0
1995-07-07,8.1322,8.1532,7.9431,8.0062,9031664.0
1995-07-10,8.0692,8.2373,8.0062,8.2373,6337466.0
1995-07-11,8.2163,8.3634,8.1953,8.3214,5816819.0
1995-07-12,8.3003,8.3844,8.1532,8.3214,6076933.0
1995-07-13,8.3634,8.5735,8.1743,8.5525,10000645.0
1995-07-14,8.4685,8.5525,8.4264,8.5105,6109002.0
1995-07-17,8.5105,8.5315,8.4685,8.4895,3088456.0
1995-07-18,8.4895,8.5945,8.4685,8.5315,5923506.0
1995-07-19,8.4685,8.5945,8.2583,8.4895,8384210.0
1995-07-20,8.4054,8.4264,8.1953,8.3634,4700699.0
1995-07-21,8.3634,8.4264,8.3214,8.4054,8285488.0
1995-07-24,8.4054,8.4054,8.3424,8.3844,3892482.0
1995-07-25,8.4054,8.4264,8.3424,8.3844,3494661.0
1995-07-26,8.3844,8.4054,8.3214,8.4054,4417949.0
1995-07-27,8.4054,8.5525,8.4054,8.5525,4634885.0
1995-07-28,8.5315,8.6996,8.5105,8.6576,3968566.0
1995-07-31,8.6366,8.7206,8.5735,8.6786,4056808.0
1995-08-01,8.6786,8.7837,8.6155,8.7416,4743038.0
1995-08-02,8.7626,8.8047,8.6786,8.6996,5347734.0
1995-08-03,8.6576,8.6786,8.5315,8.5735,3246285.0
1995-08-04,8.5945,8.6576,8.5525,8.6366,2445822.0
1995-08-07,8.6155,8.6576,8.5315,8.5525,2602394.0
1995-08-08,8.5525,8.5525,8.4474,8.4474,2164120.0
1995-08-09,8.4895,8.6366,8.4685,8.5945,3268712.0
1995-08-10,8.5525,8.6155,8.4474,8.4895,3852029.0
1995-08-11,8.4474,8.4895,8.3844,8.4264,3854334.0
1995-08-14,8.4474,8.5525,8.4054,8.5525,2657728.0
1995-08-15,8.4895,8.5315,8.3634,8.4054,5996446.0
1995-08-16,8.3634,8.4054,8.2583,8.3214,5718307.0
1995-08-17,8.2793,8.3844,8.1953,8.2583,5816610.0
1995-08-18,8.2373,8.3003,8.2163,8.2373,5950125.0
1995-08-21,8.2373,8.3214,8.2373,8.2793,3678270.0
1995-08-22,8.2583,8.3424,8.2163,8.3214,3462173.0
1995-08-23,8.3214,8.4474,8.1532,8.4054,4558171.0
1995-08-24,8.4054,8.5315,8.3844,8.5105,3916586.0
1995-08-25,8.5315,8.5945,8.4474,8.4895,3560475.0
1995-08-28,8.4685,8.4895,8.3003,8.4054,4211912.0
1995-08-29,8.4054,8.4264,8.3424,8.3844,3168733.0
1995-08-30,8.4054,8.4474,8.3424,8.4054,2929370.0
1995-08-31,8.3844,8.4054,8.3634,8.3844,2152173.0
1995-09-01,8.4054,8.4895,8.3844,8.4474,4304346.0
1995-09-05,8.5261,8.5685,8.4627,8.5685,4062048.0
1995-09-06,8.5685,8.6742,8.5261,8.6531,4822896.0
1995-09-07,8.6742,8.7166,8.6531,8.7166,4086781.0
1995-09-08,8.78,8.78,8.6954,8.7589,3445405.0
1995-09-11,8.78,8.8223,8.7589,8.8223,3988269.0
1995-09-12,8.8223,8.8435,8.7589,8.78,8385258.0
1995-09-13,8.8012,8.8223,8.78,8.8012,3852867.0
1995-09-14,8.8223,8.8858,8.8012,8.8858,5204578.0
1995-09-15,8.907,8.9916,8.8858,8.9916,8857906.0
1995-09-18,8.9916,9.2243,8.9704,9.182,5691478.0
1995-09-19,9.1397,9.1608,9.0762,9.1185,4371208.0
1995-09-20,9.2243,9.3089,9.2032,9.3089,6028096.0
1995-09-21,9.3089,9.584,9.3089,9.5628,8118227.0
1995-09-22,9.4782,9.7744,9.4782,9.7321,8023698.0
1995-09-25,9.6898,9.7532,9.6051,9.6686,5932309.0
1995-09-26,9.6474,9.7955,9.6474,9.7109,6601352.0
1995-09-27,9.6263,9.6474,9.4359,9.6263,7458616.0
1995-09-28,9.6263,9.6263,9.4782,9.5417,4649347.0
1995-09-29,9.5417,9.584,9.457,9.4782,4452952.0
1995-10-02,9.584,9.7532,9.5628,9.6263,8223656.0
1995-10-03,9.6474,9.8167,9.6263,9.8167,5419208.0
1995-10-04,9.8167,10.1552,9.8167,10.0283,9688131.0
1995-10-05,10.0283,10.134,9.8379,10.0706,8646210.0
1995-10-06,10.0283,10.1129,9.986,10.0917,5849098.0
1995-10-09,10.0706,10.1341,9.9013,9.9013,5930422.0
1995-10-10,9.9225,10.134,9.8802,10.1129,9272914.0
1995-10-11,10.1341,10.2398,10.0917,10.1552,7245453.0
1995-10-12,10.1341,10.1552,10.0706,10.1341,3909878.0
1995-10-13,10.1552,10.261,10.1129,10.1341,4604074.0
1995-10-16,10.1129,10.134,10.0494,10.0706,4151128.0
1995-10-17,10.0706,10.0706,9.9225,9.9859,4381269.0
1995-10-18,10.0071,10.1764,9.986,10.0917,5140859.0
1995-10-19,10.0071,10.1552,9.9436,10.1552,4646832.0
1995-10-20,10.1764,10.2398,10.1129,10.1552,6301624.0
1995-10-23,10.0917,10.134,10.0494,10.0706,3238949.0
1995-10-24,10.0706,10.2187,10.0494,10.2187,4170202.0
1995-10-25,10.2398,10.3879,10.1764,10.1975,7041722.0
1995-10-26,10.1764,10.261,10.0917,10.1552,5622520.0
1995-10-27,10.134,10.134,9.7744,9.859,7402653.0
1995-10-30,9.7744,9.8802,9.7321,9.7955,5000218.0
1995-10-31,9.8379,9.8379,9.6898,9.7321,3454418.0
1995-11-01,9.7321,9.859,9.584,9.6474,6559642.0
1995-11-02,9.5205,9.584,9.4147,9.5628,9235605.0
1995-11-03,9.5628,9.6263,9.4994,9.6263,5184666.0
1995-11-06,9.6686,9.7532,9.5417,9.5417,4872152.0
1995-11-07,9.5628,9.7744,9.5417,9.7744,5135619.0
1995-11-08,9.7955,9.9013,9.7532,9.9013,4702586.0
1995-11-09,9.9225,9.9648,9.8167,9.8802,3891853.0
1995-11-10,9.8379,9.9436,9.8167,9.859,2959762.0
1995-11-13,9.8379,9.9225,9.7955,9.9013,2587931.0
1995-11-14,9.9013,10.0917,9.9013,10.0283,4202480.0
1995-11-15,10.0283,10.1764,10.0283,10.1552,4603235.0
1995-11-16,10.1764,10.2398,10.0917,10.1341,5115498.0
1995-11-17,10.1341,10.1764,10.0706,10.0917,6070016.0
1995-11-20,10.0706,10.1341,10.0283,10.0494,3249638.0
1995-11-21,9.986,10.0917,9.9225,10.0494,5238742.0
1995-11-22,10.0283,10.0494,9.9648,9.9859,3559218.0
1995-11-24,9.9648,9.986,9.9225,9.9436,750368.0
1995-11-27,9.9436,9.9648,9.9013,9.9225,3197238.0
1995-11-28,9.9648,10.0706,9.9648,10.0706,4383574.0
1995-11-29,10.1552,10.3456,10.1341,10.3033,7605336.0
1995-11-30,10.3668,10.5995,10.3668,10.4726,6306864.0
1995-12-01,10.5149,10.5995,10.3668,10.4302,5113821.0
1995-12-04,10.4091,10.5149,10.3668,10.4937,4600510.0
1995-12-05,10.4937,10.7688,10.4726,10.7264,6809066.0
1995-12-06,10.7843,10.8481,10.763,10.8481,5680160.0
1995-12-07,10.8056,10.9757,10.7843,10.7843,5123253.0
1995-12-08,10.8268,10.9332,10.763,10.8056,3937336.0
1995-12-11,10.7418,10.8056,10.6992,10.763,3881163.0
1995-12-12,10.7205,10.8481,10.7205,10.763,3901914.0
1995-12-13,10.8481,11.1246,10.8268,11.0821,7081546.0
1995-12-14,11.0821,11.4437,11.0821,11.3799,7791251.0
1995-12-15,11.3799,11.3799,11.1459,11.1884,11125778.0
1995-12-18,11.0608,11.1034,10.9757,11.0395,4659408.0
1995-12-19,10.997,11.0395,10.7205,10.8268,7648723.0
1995-12-20,10.7843,10.9119,10.7418,10.7418,6037738.0
1995-12-21,10.7418,11.0821,10.6992,11.0608,7729629.0
1995-12-22,11.0395,11.0821,10.9332,11.0608,3952427.0
1995-12-26,11.1034,11.3799,10.997,11.3373,3985125.0
1995-12-27,11.3586,11.3799,11.0395,11.0395,3380638.0
1995-12-28,11.0183,11.3161,11.0183,11.2523,5047378.0
1995-12-29,11.2097,11.2735,11.1246,11.1672,3988478.0
1996-01-02,11.0183,11.0608,10.9119,10.9332,6354234.0
1996-01-03,10.9332,10.9545,10.7418,10.7843,6750797.0
1996-01-04,10.763,10.9119,10.6779,10.8481,7501794.0
1996-01-05,10.8056,10.8481,10.6779,10.7205,3746600.0
1996-01-08,10.7205,10.8906,10.6992,10.8694,1786840.0
1996-01-09,10.8694,10.9757,10.763,10.8056,6338514.0
1996-01-10,10.7205,10.7418,10.3802,10.4227,6985339.0
1996-01-11,10.4652,10.5716,10.3801,10.4652,5905270.0
1996-01-12,10.5078,10.6567,10.444,10.5716,5035011.0
1996-01-15,10.6141,10.8481,10.6141,10.8268,4254461.0
1996-01-16,10.8268,11.0608,10.8056,11.0183,5094957.0
1996-01-17,11.0608,11.2097,11.0608,11.1459,6983872.0
1996-01-18,11.1459,11.1459,11.0395,11.1034,5435347.0
1996-01-19,11.1034,11.1459,11.0821,11.1459,6136250.0
1996-01-22,11.1034,11.3586,11.0608,11.2735,5967731.0
1996-01-23,11.3161,11.4011,11.231,11.3799,5574941.0
1996-01-24,11.4437,11.5926,11.4437,11.55,6079658.0
1996-01-25,11.5075,11.5288,11.3586,11.3799,5164125.0
1996-01-26,11.3161,11.6139,11.2948,11.55,4635304.0
1996-01-29,11.7415,11.784,11.6351,11.7202,5582067.0
1996-01-30,11.7415,11.9542,11.7202,11.9329,7979682.0
1996-01-31,11.8904,11.9755,11.8478,11.9329,4661504.0
1996-02-01,11.8478,11.9329,11.8478,11.9116,3312938.0
1996-02-02,11.8478,11.9329,11.7415,11.8053,3817235.0
1996-02-05,11.6564,11.7628,11.6139,11.7628,4630064.0
1996-02-06,11.5713,11.6139,11.4224,11.465,7672827.0
1996-02-07,11.465,11.7627,11.4437,11.7415,6241469.0
1996-02-08,11.7628,11.9755,11.6777,11.9116,6168738.0
1996-02-09,11.784,12.0818,11.784,11.9116,6495714.0
1996-02-12,11.9755,12.1456,11.9542,12.018,4667792.0
1996-02-13,11.9329,12.1031,11.9329,11.9755,5969198.0
1996-02-14,11.9542,12.0605,11.9116,12.018,5652283.0
1996-02-15,12.0393,12.0393,11.8478,11.8478,4706778.0
1996-02-16,11.784,11.8904,11.6351,11.6989,6910093.0
1996-02-20,11.231,11.4862,11.231,11.3161,8412296.0
1996-02-21,11.3373,11.465,11.2948,11.3586,9319026.0
1996-02-22,11.3799,11.5288,11.2735,11.4437,8247550.0
1996-02-23,11.55,11.6351,11.3799,11.4437,6970877.0
1996-02-26,11.4011,11.4011,11.2097,11.2097,5593176.0
1996-02-27,11.231,11.3161,10.9757,11.0821,7993934.0
1996-02-28,11.231,11.4011,11.1884,11.2097,6485024.0
1996-02-29,11.1672,11.4437,11.1459,11.2735,6076514.0
1996-03-01,11.4011,11.465,11.231,11.465,6137088.0
1996-03-04,11.5288,11.6777,11.4862,11.6351,4977581.0
1996-03-05,11.6139,11.7415,11.5288,11.7202,3421930.0
1996-03-06,11.6287,11.6928,11.3081,11.3294,4870266.0
1996-03-07,11.415,11.5218,11.3722,11.4577,4963957.0
1996-03-08,11.3508,11.3508,10.2606,10.4316,12306245.0
1996-03-11,10.9447,11.1584,10.8378,11.0943,8681422.0
1996-03-12,11.0088,11.0302,10.6882,10.795,8511227.0
1996-03-13,10.8164,10.9233,10.4744,10.5385,9498024.0
1996-03-14,10.6027,10.8805,10.5813,10.6027,11207731.0
1996-03-15,10.6027,10.7523,10.5171,10.624,11562794.0
1996-03-18,10.7737,10.8164,10.6668,10.7309,7271024.0
1996-03-19,10.795,10.9019,10.6027,10.624,9560904.0
1996-03-20,10.6882,10.8592,10.6668,10.7737,8371843.0
1996-03-21,10.8592,11.2226,10.8592,11.2012,8477062.0
1996-03-22,11.2439,11.2439,10.8592,10.8592,7433883.0
1996-03-25,10.5171,10.8592,10.4744,10.6882,9770714.0
1996-03-26,10.6668,10.9874,10.624,10.9661,7631536.0
1996-03-27,11.1584,11.1584,10.7309,10.795,6448763.0
1996-03-28,10.7523,10.8592,10.7095,10.7737,4450856.0
1996-03-29,10.8378,10.8592,10.6454,10.6454,4060371.0
1996-04-01,10.6882,10.8592,10.6668,10.8378,6241050.0
1996-04-02,10.9233,10.9233,10.7737,10.8592,4303507.0
1996-04-03,10.8805,11.0302,10.8164,10.8592,5747022.0
1996-04-04,10.9019,11.0088,10.9019,10.9233,4595270.0
1996-04-08,10.6454,10.7095,10.3889,10.5813,9252163.0
1996-04-09,10.7095,10.7095,10.4316,10.453,5783493.0
1996-04-10,10.4103,10.5171,9.9827,10.0469,11058915.0
1996-04-11,10.1324,10.1965,9.8117,10.1538,13724818.0
1996-04-12,10.2606,10.3889,10.2179,10.3675,6701960.0
1996-04-15,10.4316,10.4316,10.2179,10.282,5678693.0
1996-04-16,10.1965,10.3675,10.0896,10.2606,6684144.0
1996-04-17,10.3034,10.4958,10.282,10.3034,7820805.0
1996-04-18,10.3248,10.5599,10.3248,10.4958,5767354.0
1996-04-19,10.5172,10.624,10.4958,10.5813,5652702.0
1996-04-22,10.5813,10.6882,10.4744,10.5385,5364712.0
1996-04-23,10.6027,10.6454,10.453,10.5599,5071901.0
1996-04-24,10.6027,10.7309,10.2179,10.3248,8922043.0
1996-04-25,10.282,10.3675,10.1324,10.282,10399304.0
1996-04-26,10.3248,10.3889,10.1324,10.2606,6169995.0
1996-04-29,10.2393,10.453,10.2179,10.3889,4822686.0
1996-04-30,10.3889,10.4317,10.282,10.3461,4644317.0
1996-05-01,10.3248,10.453,10.282,10.3675,4213589.0
1996-05-02,10.2179,10.2606,9.9186,10.0469,10093707.0
1996-05-03,10.0896,10.1965,9.9186,9.9614,9225754.0
1996-05-06,10.0469,10.0896,9.6621,9.7476,11793144.0
1996-05-07,9.7476,9.94,9.7048,9.8759,10243362.0
1996-05-08,9.769,10.1751,9.6835,10.1538,9470566.0
1996-05-09,10.1538,10.1751,9.769,9.9827,5505982.0
1996-05-10,10.111,10.1965,10.0255,10.1538,6468885.0
1996-05-13,10.1965,10.3675,10.1324,10.2606,6130800.0
1996-05-14,10.282,10.4103,10.1965,10.3675,7128706.0
1996-05-15,10.4316,10.5599,10.4103,10.4958,7435770.0
1996-05-16,10.4958,10.7523,10.4744,10.624,7529042.0
1996-05-17,10.7309,11.1798,10.7095,10.8805,8516258.0
1996-05-20,10.9447,11.0088,10.8164,10.8592,5311054.0
1996-05-21,10.8592,10.8805,10.7309,10.795,6420048.0
1996-05-22,10.8164,10.9019,10.7523,10.795,8495507.0
1996-05-23,10.8378,10.9447,10.8164,10.8378,8199552.0
1996-05-24,10.9019,11.0516,10.8592,11.0302,5034592.0
1996-05-28,11.0729,11.1157,10.8805,10.8805,4807805.0
1996-05-29,11.0088,11.0729,10.8805,10.9019,4706149.0
1996-05-30,10.9019,11.1371,10.9019,11.1157,5508498.0
1996-05-31,11.1157,11.1798,11.0088,11.0516,4191581.0
1996-06-03,11.0302,11.0729,10.9447,11.0729,3599880.0
1996-06-04,11.1157,11.2226,11.1157,11.1371,4233920.0
1996-06-05,11.1798,11.3081,11.1798,11.3081,5218621.0
1996-06-06,11.3665,11.3665,11.0872,11.1087,5283806.0
1996-06-07,10.9153,11.2161,10.8938,11.2161,4646622.0
1996-06-10,11.1946,11.2591,11.1087,11.2161,3677432.0
1996-06-11,11.2161,11.2376,11.0012,11.0012,3605958.0
1996-06-12,11.0227,11.0872,10.9368,10.9583,3199754.0
1996-06-13,10.9368,11.1087,10.8723,11.0657,3734653.0
1996-06-14,11.0442,11.0657,10.9583,11.0012,2861040.0
1996-06-17,11.0442,11.0657,10.9368,10.9368,3128490.0
1996-06-18,10.9583,10.9798,10.8938,10.9153,3973597.0
1996-06-19,10.9368,11.0442,10.8938,10.9798,3159510.0
1996-06-20,11.0442,11.2161,11.0012,11.1731,5234341.0
1996-06-21,11.2161,11.2376,11.1302,11.1946,7850149.0
1996-06-24,11.2376,11.2376,11.0227,11.0227,3945301.0
1996-06-25,11.0872,11.1946,11.0657,11.1731,3509333.0
1996-06-26,11.2376,11.2806,11.1517,11.1731,4197240.0
1996-06-27,11.1946,11.3021,11.1302,11.2591,3008808.0
1996-06-28,11.3021,11.3021,11.1087,11.1087,4480200.0
1996-07-01,11.2376,11.3665,11.1946,11.3665,4590659.0
1996-07-02,11.345,11.3665,11.2161,11.345,5308539.0
1996-07-03,11.388,11.4954,11.345,11.345,4734026.0
1996-07-05,11.1946,11.2161,11.0442,11.0657,3456933.0
1996-07-08,11.0012,11.1517,10.9798,11.1517,4685398.0
1996-07-09,11.1946,11.2161,11.1087,11.1087,3283594.0
1996-07-10,11.1302,11.1946,11.0227,11.1731,5099987.0
1996-07-11,11.1517,11.1731,10.9368,11.0227,6556498.0
1996-07-12,11.0012,11.0012,10.7864,10.8992,4378963.0
1996-07-15,10.9368,11.1087,10.6789,10.7004,5904222.0
1996-07-16,10.6575,10.6789,10.0128,10.507,11953698.0
1996-07-17,10.6575,10.8508,10.507,10.7864,5080075.0
1996-07-18,10.8508,11.1302,10.7434,11.0657,5800680.0
1996-07-19,11.1087,11.1946,10.9583,11.1087,6317763.0
1996-07-22,11.1087,11.2806,11.1087,11.2806,6685402.0
1996-07-23,11.345,11.3665,10.9368,10.9368,6738430.0
1996-07-24,10.7434,11.1302,10.7004,11.1087,7178171.0
1996-07-25,11.1731,11.1946,10.9368,10.9798,3866072.0
1996-07-26,10.9798,11.1087,10.9583,11.0442,3248381.0
1996-07-29,10.9583,11.0227,10.8938,10.8938,3280450.0
1996-07-30,10.9153,11.0657,10.7649,11.0012,4025158.0
1996-07-31,10.9583,11.0442,10.8938,11.0442,4878021.0
1996-08-01,11.0335,11.3235,11.0335,11.3235,5368066.0
1996-08-02,11.4095,11.4954,11.345,11.431,4772382.0
1996-08-05,11.4525,11.5169,11.388,11.4525,3370368.0
1996-08-06,11.4739,11.5814,11.4095,11.5599,3241254.0
1996-08-07,11.5599,11.5599,11.431,11.4954,3431152.0
1996-08-08,11.4095,11.5169,11.388,11.4954,3077766.0
1996-08-09,11.4954,11.6244,11.4954,11.6029,3673869.0
1996-08-12,11.6673,11.9682,11.6244,11.9252,5644528.0
1996-08-13,11.8822,12.0111,11.8392,11.8822,7307704.0
1996-08-14,11.8177,11.8822,11.6888,11.7748,3759595.0
1996-08-15,11.7103,11.9252,11.6888,11.8822,4881794.0
1996-08-16,11.8822,11.9252,11.8392,11.9037,4211702.0
1996-08-19,11.9252,11.9252,11.8607,11.9252,3213168.0
1996-08-20,11.9037,11.9252,11.8177,11.8177,4431154.0
1996-08-21,11.7963,11.9037,11.7748,11.8177,3814301.0
1996-08-22,11.6673,11.8607,11.6244,11.8392,5211704.0
1996-08-23,11.7318,11.7963,11.6458,11.6673,2673029.0
1996-08-26,11.6458,11.6673,11.4954,11.5169,2654165.0
1996-08-27,11.5169,11.5814,11.4739,11.5599,2519182.0
1996-08-28,11.4954,11.7318,11.4954,11.6458,2566342.0
1996-08-29,11.6029,11.6244,11.388,11.431,3087618.0
1996-08-30,11.474,11.4954,11.2376,11.2806,2883048.0
1996-09-03,11.1731,11.2161,11.1302,11.1946,4338091.0
1996-09-04,11.2854,11.3935,11.2422,11.3503,3386926.0
1996-09-05,11.3287,11.48,11.307,11.3287,2898558.0
1996-09-06,11.3503,11.3719,11.0909,11.2206,6152808.0
1996-09-09,11.2854,11.5016,11.2638,11.5016,4299944.0
1996-09-10,11.5665,11.6313,11.5016,11.5881,4188856.0
1996-09-11,11.5665,11.6097,11.5232,11.5881,3649555.0
1996-09-12,11.5881,11.7394,11.5232,11.6313,3235386.0
1996-09-13,11.7394,11.8475,11.7178,11.7394,4291560.0
1996-09-16,11.7611,11.7827,11.6746,11.7827,4449598.0
1996-09-17,11.8043,11.9124,11.7827,11.8259,4010696.0
1996-09-18,11.8043,11.8692,11.7178,11.8259,4324467.0
1996-09-19,11.8043,11.9556,11.8043,11.8475,4887243.0
1996-09-20,11.8475,11.8908,11.8259,11.8692,6565301.0
1996-09-23,11.8259,12.0205,11.7394,11.9989,4607008.0
1996-09-24,11.9556,12.0854,11.8259,11.9556,5252576.0
1996-09-25,11.9989,12.0421,11.8475,11.9124,3819331.0
1996-09-26,11.934,12.2583,11.9124,12.2367,8781402.0
1996-09-27,12.2367,12.2367,12.0637,12.1502,4193048.0
1996-09-30,12.1286,12.1934,12.0854,12.1718,4277517.0
1996-10-01,12.1718,12.3448,12.107,12.2799,4804032.0
1996-10-02,12.3448,12.388,12.1718,12.1935,4081541.0
1996-10-03,12.1935,12.3232,12.1286,12.3232,4247334.0
1996-10-04,12.3016,12.4313,12.3016,12.3232,4038363.0
1996-10-07,12.3015,12.3232,12.1718,12.1718,3031654.0
1996-10-08,12.1286,12.4745,12.0421,12.3664,5993302.0
1996-10-09,12.3232,12.3448,12.1935,12.1935,3078814.0
1996-10-10,12.1502,12.2151,12.0205,12.0421,2847206.0
1996-10-11,12.0421,12.1718,11.9556,12.0853,2754773.0
1996-10-14,12.107,12.4313,12.107,12.388,3924131.0
1996-10-15,12.4529,12.4745,12.1718,12.3232,5293238.0
1996-10-16,12.3664,12.4745,12.2799,12.4529,6621474.0
1996-10-17,12.561,12.9718,12.561,12.9501,10432421.0
1996-10-18,12.9718,13.1879,12.9069,13.0366,8156584.0
1996-10-21,13.015,13.1447,12.9285,12.9718,5236437.0
1996-10-22,12.8853,13.1231,12.8853,13.0799,4134989.0
1996-10-23,13.0366,13.1447,12.9934,13.1231,5286531.0
1996-10-24,13.1231,13.2096,12.9934,12.9934,3786634.0
1996-10-25,12.9718,12.9934,12.6691,12.6691,4639915.0
1996-10-28,12.6907,12.7556,12.5826,12.6042,4654168.0
1996-10-29,12.6475,12.8204,12.4961,12.7772,5571587.0
1996-10-30,12.842,12.8637,12.6258,12.6907,3295541.0
1996-10-31,12.6258,12.8637,12.5826,12.7772,4170411.0
1996-11-01,12.842,12.9501,12.7556,12.7988,5443102.0
1996-11-04,12.7339,13.1015,12.7339,13.0366,6085526.0
1996-11-05,13.0799,13.2312,13.0582,13.0582,6201645.0
1996-11-06,13.1879,13.7068,13.1879,13.6636,8701754.0
1996-11-07,13.5771,13.8365,13.5122,13.7068,6110888.0
1996-11-08,13.7284,14.0527,13.6852,13.923,6842392.0
1996-11-11,13.9879,14.1392,13.923,14.0095,4248592.0
1996-11-12,14.0095,14.0095,13.7284,13.7717,5363664.0
1996-11-13,13.7501,13.9663,13.7284,13.8149,4147146.0
1996-11-14,13.923,14.096,13.9014,14.0744,4691477.0
1996-11-15,14.1608,14.3122,14.096,14.1825,6167270.0
1996-11-18,14.1825,14.2041,13.9446,14.1176,4073995.0
1996-11-19,14.096,14.1825,14.0095,14.1392,4293866.0
1996-11-20,14.1176,14.3122,14.1176,14.2689,4511640.0
1996-11-21,14.2905,14.4203,14.0744,14.1608,5106694.0
1996-11-22,14.1608,14.3122,14.1176,14.3122,2866280.0
1996-11-25,14.3122,14.5716,14.3122,14.5716,4169154.0
1996-11-26,14.4851,14.5716,14.4419,14.4635,7204790.0
1996-11-27,14.4851,14.5284,14.3554,14.4851,3920568.0
1996-11-29,14.4203,14.4635,14.3554,14.3554,1501784.0
1996-12-02,14.2689,14.3122,14.2041,14.2257,2614131.0
1996-12-03,14.1824,14.377,13.9663,14.0095,4454000.0
1996-12-04,13.9446,13.9663,13.7068,13.9663,7097056.0
1996-12-05,13.8185,14.0358,13.6664,13.7751,4741990.0
1996-12-06,13.2753,13.7751,13.1015,13.5795,7944050.0
1996-12-09,13.6447,13.9706,13.6447,13.9706,3933354.0
1996-12-10,13.9923,13.9923,13.8185,13.8402,2546640.0
1996-12-11,13.6881,13.7968,13.5795,13.7533,3906944.0
1996-12-12,13.8185,13.8402,13.2536,13.2536,4645574.0
1996-12-13,13.2102,13.623,13.2102,13.4274,6771757.0
1996-12-16,13.4926,13.6012,13.145,13.1884,3948654.0
1996-12-17,13.1232,13.384,13.0798,13.2536,5454630.0
1996-12-18,13.4709,13.6012,13.3622,13.3622,5952430.0
1996-12-19,13.7316,14.1444,13.6881,14.1227,7936923.0
1996-12-20,14.4269,14.4486,14.2748,14.3617,12259923.0
1996-12-23,14.3617,14.4703,14.2965,14.4269,3295122.0
1996-12-24,14.5572,14.579,14.4269,14.4703,1652906.0
1996-12-26,14.4703,14.5138,14.1444,14.2096,3622517.0
1996-12-27,14.253,14.2748,14.1661,14.1879,2171456.0
1996-12-30,14.1661,14.2748,14.014,14.101,4517090.0
1996-12-31,14.101,14.2531,13.7751,13.8402,4562573.0
1997-01-02,13.8402,13.8837,13.5578,13.8837,5675758.0
1997-01-03,13.9923,14.3617,13.9271,14.3617,4621470.0
1997-01-06,14.3617,14.6007,14.2748,14.4051,7512693.0
1997-01-07,14.34,14.4486,14.101,14.4269,5039832.0
1997-01-08,14.4703,14.5355,14.2096,14.2531,4884728.0
1997-01-09,14.4269,14.5138,14.34,14.3617,4781395.0
1997-01-10,14.2096,14.4703,14.1444,14.4703,4122413.0
1997-01-13,14.5138,14.5138,14.2748,14.4269,3834632.0
1997-01-14,14.4921,14.7093,14.4703,14.6007,5602608.0
1997-01-15,14.5572,14.5572,14.4269,14.4703,4064982.0
1997-01-16,14.5138,14.8397,14.4486,14.731,6318392.0
1997-01-17,14.7528,15.1656,14.7311,14.9483,7394478.0
1997-01-20,14.8831,14.9918,14.7093,14.8831,5259493.0
1997-01-21,14.7528,15.1221,14.7311,15.0352,5223022.0
1997-01-22,15.1221,15.4046,15.0787,15.3611,5070434.0
1997-01-23,15.4481,15.6871,14.9701,14.9918,7387142.0
1997-01-24,15.0135,15.2308,14.8614,14.8831,6127027.0
1997-01-27,14.8614,15.057,14.6876,14.6876,3794179.0
1997-01-28,14.9918,15.2525,14.9049,15.1221,6289048.0
1997-01-29,15.1004,15.3611,15.0787,15.3394,6085107.0
1997-01-30,15.5132,15.7305,15.4263,15.7088,6203112.0
1997-01-31,15.8174,16.0999,15.7522,15.7522,7578088.0
1997-02-03,15.7957,15.8609,15.6219,15.687,4274163.0
1997-02-04,15.7088,15.926,15.6219,15.926,4399294.0
1997-02-05,16.0347,16.0564,15.4698,15.6219,4227213.0
1997-02-06,15.5784,16.013,15.5132,15.9912,5679322.0
1997-02-07,16.0781,16.252,15.9478,16.252,4826250.0
1997-02-10,16.252,16.2954,16.0347,16.0564,4239998.0
1997-02-11,16.0999,16.165,15.9043,16.165,4075882.0
1997-02-12,16.165,16.6648,16.1433,16.6648,7465323.0
1997-02-13,16.6865,17.36,16.6865,17.3166,8343338.0
1997-02-14,17.1211,17.2514,16.8821,16.9255,8403074.0
1997-02-18,16.9255,17.3383,16.9038,17.2514,7383370.0
1997-02-19,17.1645,17.3166,16.9038,17.0341,5229939.0
1997-02-20,17.0341,17.0993,16.7082,16.7734,6116128.0
1997-02-21,16.7951,16.8386,16.4475,16.5344,8116970.0
1997-02-24,16.4475,17.1428,16.4475,17.0993,5534488.0
1997-02-25,17.0993,17.0993,16.6865,16.9907,6810533.0
1997-02-26,16.8386,17.0124,16.4258,16.9255,7383579.0
1997-02-27,16.882,16.9255,16.252,16.3171,5881795.0
1997-02-28,16.0347,16.2085,15.8174,16.013,8489219.0
1997-03-03,15.7522,16.3606,15.7522,16.3389,5721242.0
1997-03-04,16.3389,16.3606,15.6653,15.8609,6082382.0
1997-03-05,15.9779,16.4363,15.9342,16.4144,6519189.0
1997-03-06,16.4144,16.4144,16.0652,16.1088,5380432.0
1997-03-07,16.1088,16.4362,15.9997,16.2398,7589197.0
1997-03-10,16.3926,16.6763,16.3271,16.6545,5720403.0
1997-03-11,16.6545,16.6545,16.3489,16.3926,3976112.0
1997-03-12,16.2616,16.3271,15.9779,16.1088,3958925.0
1997-03-13,15.9342,16.1088,15.7596,15.8032,5238952.0
1997-03-14,15.8032,15.8469,15.2357,15.4322,10417120.0
1997-03-17,15.454,15.9342,15.4322,15.9124,9014896.0
1997-03-18,16.0434,16.0652,15.6941,15.7814,5616651.0
1997-03-19,15.8032,16.0433,15.6068,15.9779,6582069.0
1997-03-20,15.956,15.9997,15.7596,15.8469,5254253.0
1997-03-21,15.8906,16.1743,15.7159,15.9124,8786642.0
1997-03-24,15.9342,15.9779,15.3885,15.6941,7326358.0
1997-03-25,15.7159,16.087,15.6505,15.8906,6870269.0
1997-03-26,15.9342,16.1307,15.8251,15.8687,4747021.0
1997-03-27,15.8687,15.9342,15.2139,15.5195,6247966.0
1997-03-31,15.4322,15.454,14.4718,14.7119,10961870.0
1997-04-01,14.6682,15.1702,14.6027,15.1266,9848266.0
1997-04-02,15.1048,15.1484,14.821,14.9083,5134362.0
1997-04-03,14.6682,14.9083,14.6246,14.8865,6376870.0
1997-04-04,14.7773,15.2575,14.7337,15.1702,6600094.0
1997-04-07,15.3667,15.3885,15.1048,15.1266,4384622.0
1997-04-08,15.1266,15.1266,14.5809,14.8865,5764210.0
1997-04-09,14.319,14.3626,14.0352,14.2317,21814749.0
1997-04-10,14.3626,14.6682,14.3408,14.6027,10913034.0
1997-04-11,14.4281,14.5591,14.2753,14.2753,6808646.0
1997-04-14,14.2535,14.4718,14.0789,14.4281,6538472.0
1997-04-15,14.6245,14.7992,14.4936,14.7555,7630698.0
1997-04-16,14.7992,15.0611,14.6682,14.952,7143797.0
1997-04-17,14.9301,15.1266,14.8428,15.0611,5867542.0
1997-04-18,15.0611,15.1702,14.9301,15.1266,5724176.0
1997-04-21,15.1484,15.2794,14.952,15.1048,4474541.0
1997-04-22,15.1702,15.6286,15.1266,15.585,6778883.0
1997-04-23,15.585,15.6068,15.3012,15.323,6002944.0
1997-04-24,15.3885,15.454,15.0829,15.2139,4383994.0
1997-04-25,15.1921,15.323,15.1266,15.2576,3040248.0
1997-04-28,15.323,15.5631,15.2794,15.4977,3775525.0
1997-04-29,15.6941,16.0215,15.6068,15.9779,6079658.0
1997-04-30,15.8687,16.0434,15.7159,15.7814,7388610.0
1997-05-01,15.7378,15.8906,15.4977,15.5413,5152597.0
1997-05-02,15.585,15.9124,15.5631,15.8906,5674291.0
1997-05-05,15.9342,16.1307,15.7814,15.9779,6822690.0
1997-05-06,15.9779,16.2616,15.9779,16.0652,7872786.0
1997-05-07,16.087,16.1525,15.585,15.6286,4541403.0
1997-05-08,15.585,15.9342,15.4977,15.4977,5198709.0
1997-05-09,15.6286,15.8469,15.4976,15.7596,4773640.0
1997-05-12,15.7814,16.1961,15.7596,16.1743,5712229.0
1997-05-13,16.2835,16.3489,15.9997,16.1525,7569494.0
1997-05-14,16.3053,16.3271,16.1088,16.1743,3923293.0
1997-05-15,16.1961,16.3926,16.1525,16.3489,4423608.0
1997-05-16,16.2834,16.4144,15.9124,15.9342,6747653.0
1997-05-19,15.9124,16.2398,15.7596,16.087,4121574.0
1997-05-20,15.9997,16.3271,15.7596,16.2616,6319230.0
1997-05-21,16.3926,16.5236,16.1088,16.218,6489006.0
1997-05-22,16.3053,16.3489,15.956,15.956,3295541.0
1997-05-23,16.0433,16.3053,16.0433,16.2398,2863974.0
1997-05-27,16.2398,16.3926,16.1961,16.3053,4225326.0
1997-05-28,16.2835,16.3271,15.8687,16.0652,5076302.0
1997-05-29,16.0652,16.1961,15.8032,15.8906,4010906.0
1997-05-30,15.7378,15.8251,15.6505,15.6941,6828139.0
1997-06-02,15.7378,15.8251,15.585,15.7159,6642853.0
1997-06-03,15.6723,15.9997,15.6723,15.7159,4735074.0
1997-06-04,15.7159,15.8469,15.585,15.585,3314195.0
1997-06-05,15.7683,15.8999,15.6148,15.6587,4645155.0
1997-06-06,15.7025,16.2508,15.6806,16.185,5482298.0
1997-06-09,16.2508,16.6017,16.185,16.4043,5920781.0
1997-06-10,16.514,16.6894,16.3385,16.492,6629438.0
1997-06-11,16.5797,16.821,16.5578,16.7991,6729208.0
1997-06-12,16.9306,17.1938,16.8868,17.128,6146520.0
1997-06-13,17.1938,17.3912,17.1719,17.3035,7364925.0
1997-06-16,17.3473,17.3693,17.1938,17.1938,4897514.0
1997-06-17,17.1499,17.3254,16.9745,17.128,5234760.0
1997-06-18,17.0184,17.1719,16.7991,16.9087,4332432.0
1997-06-19,16.9745,17.5447,16.9745,17.5009,6993514.0
1997-06-20,17.5008,17.8517,17.4789,17.5447,12060594.0
1997-06-23,17.5667,17.9175,17.3035,17.3035,6226797.0
1997-06-24,17.6105,18.1368,17.5447,18.093,6946563.0
1997-06-25,17.8956,18.3891,17.8517,18.0382,7142120.0
1997-06-26,17.8956,18.071,17.7202,17.8517,4688123.0
1997-06-27,17.8956,18.3233,17.8956,17.9833,4892483.0
1997-06-30,18.0053,18.1588,17.6324,17.9504,5071482.0
1997-07-01,17.9395,18.3342,17.9285,18.2575,6259914.0
1997-07-02,18.3781,18.411,18.093,18.3562,3942157.0
1997-07-03,18.4219,18.5535,18.3671,18.4548,3961230.0
1997-07-07,18.4219,18.4439,17.9614,18.1588,5600512.0
1997-07-08,17.9943,18.2684,17.9943,18.2355,5172718.0
1997-07-09,18.2465,18.3013,17.6544,17.7531,6520656.0
1997-07-10,17.7969,17.9614,17.5776,17.6324,5822898.0
1997-07-11,17.6653,17.9504,17.6544,17.8079,4072528.0
1997-07-14,17.8517,17.9833,17.457,17.6544,3940690.0
1997-07-15,17.7202,17.7311,17.4022,17.6434,5116546.0
1997-07-16,17.5666,17.5666,17.2157,17.2815,8166016.0
1997-07-17,17.3693,18.9812,17.3583,18.729,19718539.0
1997-07-18,18.7728,18.9702,18.4219,18.6632,12022866.0
1997-07-21,18.5426,18.5535,18.2136,18.3562,5681208.0
1997-07-22,18.3452,18.6961,18.1478,18.6303,5621053.0
1997-07-23,18.718,18.7728,18.3342,18.3671,6911979.0
1997-07-24,18.2465,18.2575,18.0053,18.2026,5733818.0
1997-07-25,18.2136,18.5206,17.764,18.0711,7264526.0
1997-07-28,18.1807,18.2904,17.6215,17.6544,4674709.0
1997-07-29,17.6215,18.0491,17.6105,18.0272,4131635.0
1997-07-30,18.1149,18.2794,18.0491,18.2465,3934192.0
1997-07-31,18.2794,18.389,18.1039,18.2246,3313147.0
1997-08-01,18.2355,18.3233,17.8188,17.9833,4068336.0
1997-08-04,17.8956,18.1259,17.8408,18.093,3957248.0
1997-08-05,18.0053,18.2355,17.8956,18.0711,4158674.0
1997-08-06,17.9395,18.0053,17.8517,17.8956,4835891.0
1997-08-07,18.0711,18.1149,17.4789,17.5009,8826466.0
1997-08-08,17.4241,17.6324,17.2048,17.3364,6576619.0
1997-08-11,17.1061,17.128,16.6675,16.7113,9906744.0
1997-08-12,16.7113,16.7991,16.4043,16.4262,9516469.0
1997-08-13,16.5798,16.6236,16.0534,16.2508,12801530.0
1997-08-14,16.3933,16.5469,16.2837,16.3714,9835270.0
1997-08-15,16.3056,16.3933,15.9218,15.9437,7953062.0
1997-08-18,16.0205,16.3824,15.9657,16.3604,8919109.0
1997-08-19,16.492,16.6346,16.3604,16.6236,7574315.0
1997-08-20,16.7113,16.8539,16.6455,16.7991,7219882.0
1997-08-21,16.8429,16.8758,16.3275,16.6236,4406211.0
1997-08-22,16.2289,16.6236,16.185,16.5578,7678067.0
1997-08-25,16.6675,16.7552,16.3166,16.4043,4244400.0
1997-08-26,16.3824,16.5249,16.0753,16.0753,4836101.0
1997-08-27,16.0973,16.4262,16.0973,16.2946,5357586.0
1997-08-28,16.2069,16.5578,16.0205,16.1411,5799422.0
1997-08-29,16.1192,16.4043,16.0315,16.1082,5130798.0
1997-09-02,16.1631,16.7991,16.1631,16.7881,5613507.0
1997-09-03,16.8674,16.9886,16.7022,16.9115,5210446.0
1997-09-04,16.8784,16.9996,16.6801,16.8013,4441214.0
1997-09-05,16.9666,17.0547,16.6691,16.8344,5025579.0
1997-09-08,16.9666,16.9996,16.4598,16.5038,4141906.0
1997-09-09,16.5149,16.8344,16.4818,16.6471,4183826.0
1997-09-10,16.4818,16.5589,16.2725,16.2945,6421306.0
1997-09-11,16.2835,16.4157,16.0962,16.2835,6130800.0
1997-09-12,16.4157,16.4928,16.0191,16.3606,7866498.0
1997-09-15,16.5149,16.6581,16.3386,16.5149,4717886.0
1997-09-16,16.6801,17.1318,16.6361,17.0437,5703845.0
1997-09-17,17.1318,17.2751,17.0547,17.2751,5708875.0
1997-09-18,17.2751,17.3081,17.1098,17.1429,4690219.0
1997-09-19,17.1208,17.4293,17.0327,17.3852,6730466.0
1997-09-22,17.4734,18.1785,17.4513,18.1344,9957048.0
1997-09-23,18.1454,18.3548,17.9141,18.3107,9248390.0
1997-09-24,18.3107,18.4429,17.8369,17.848,7153438.0
1997-09-25,17.6276,17.8039,17.3632,17.4734,5085106.0
1997-09-26,17.6276,17.6937,17.5615,17.6496,3923502.0
1997-09-29,17.6166,17.9912,17.5174,17.903,4269762.0
1997-09-30,17.892,18.0242,17.4954,17.6166,5447294.0
1997-10-01,17.9691,17.9691,17.5064,17.6937,4863139.0
1997-10-02,17.7598,17.9141,17.5505,17.859,3200173.0
1997-10-03,18.0683,18.1344,17.6937,17.7818,5232664.0
1997-10-06,17.892,17.892,17.7598,17.8259,4294704.0
1997-10-07,17.8259,18.0573,17.6386,18.0573,5759598.0
1997-10-08,18.1454,18.2115,17.6717,18.0242,6487330.0
1997-10-09,17.9361,17.9471,17.6496,17.6496,4357165.0
1997-10-10,17.6166,17.7047,17.4734,17.4734,4265150.0
1997-10-13,17.7157,17.7488,17.5835,17.6166,3023899.0
1997-10-14,17.7378,18.0132,17.6166,17.892,5616861.0
1997-10-15,17.7378,18.2446,17.7268,18.0242,5622520.0
1997-10-16,17.9141,17.9141,17.0106,17.209,15927923.0
1997-10-17,16.8123,16.9445,16.4818,16.7022,14385686.0
1997-10-20,16.7903,16.9225,16.4267,16.6911,8732984.0
1997-10-21,16.9886,17.1649,16.8784,17.1208,7671779.0
1997-10-22,17.1759,17.242,16.8674,17.1429,4771334.0
1997-10-23,16.7242,16.9666,16.5479,16.6581,9020555.0
1997-10-24,16.8784,16.9335,16.4267,16.4598,7328664.0
1997-10-27,15.953,15.964,14.9835,14.9835,16099586.0
1997-10-28,14.4546,15.8649,14.4546,15.4903,23196432.0
1997-10-29,15.7547,16.0081,15.5343,15.6335,11973819.0
1997-10-30,15.5123,15.942,14.2123,15.4242,7623152.0
1997-10-31,15.6225,15.8428,15.4572,15.7326,6688546.0
1997-11-03,15.942,16.0191,15.7767,15.953,6624408.0
1997-11-04,15.9089,15.975,15.5343,15.5454,6506822.0
1997-11-05,15.5123,15.6335,15.3581,15.4903,8598630.0
1997-11-06,15.5343,15.7547,15.4903,15.6445,7463646.0
1997-11-07,15.4242,15.7657,15.3581,15.6445,8690854.0
1997-11-10,15.8648,15.953,15.5564,15.6004,7219462.0
1997-11-11,15.5674,15.8208,15.5674,15.6225,5512690.0
1997-11-12,15.5123,15.7547,15.2038,15.325,8064360.0
1997-11-13,15.4462,15.5564,15.0386,15.5013,9136883.0
1997-11-14,15.5013,15.975,15.4792,15.9199,7746606.0
1997-11-17,16.0411,16.2505,16.0301,16.1072,7359266.0
1997-11-18,16.0852,16.2615,15.931,15.975,5189067.0
1997-11-19,15.975,16.4928,15.942,16.3606,5433042.0
1997-11-20,16.5369,16.7793,16.3055,16.3166,8195779.0
1997-11-21,16.3055,16.6911,16.1182,16.6691,10782872.0
1997-11-24,16.5479,16.625,16.1513,16.3055,7191586.0
1997-11-25,16.5039,16.6471,16.3716,16.5589,7926862.0
1997-11-26,16.57,16.7022,16.5149,16.592,4857061.0
1997-11-28,16.7022,16.7462,16.6691,16.7159,1564664.0
1997-12-01,16.7462,16.8123,16.7022,16.8013,7230990.0
1997-12-02,16.8013,16.8784,16.7132,16.7683,8859792.0
1997-12-03,16.8148,17.4015,16.7926,17.3572,12406853.0
1997-12-04,18.3313,18.597,18.1542,18.5306,20388002.0
1997-12-05,18.2981,18.5306,18.0214,18.5084,9102928.0
1997-12-08,18.4863,18.5859,18.3534,18.5527,5700282.0
1997-12-09,18.4531,18.7962,18.3977,18.608,7896890.0
1997-12-10,18.4641,18.6191,18.2649,18.5748,6314200.0
1997-12-11,18.4199,18.8184,18.3756,18.5306,6820594.0
1997-12-12,18.5637,18.5859,18.2095,18.5527,4483344.0
1997-12-15,18.5084,18.9955,18.4309,18.6855,4907784.0
1997-12-16,18.7187,18.9844,18.6302,18.8958,5079446.0
1997-12-17,18.9844,19.1062,18.6855,19.0065,6580811.0
1997-12-18,18.7741,19.0065,18.4863,18.6191,6270603.0
1997-12-19,18.4863,18.6302,17.8442,18.1763,9082806.0
1997-12-22,18.4863,18.7741,18.2427,18.763,5019501.0
1997-12-23,18.6634,18.8959,18.4752,18.4974,4495291.0
1997-12-24,18.6191,18.6191,17.9107,17.9328,2905056.0
1997-12-26,18.0213,18.3313,18.0103,18.3313,1824358.0
1997-12-29,18.4641,18.6302,18.4309,18.5527,3537000.0
1997-12-30,18.597,18.9512,18.5638,18.8958,3103966.0
1997-12-31,18.8626,18.9401,18.5748,18.7741,2844691.0
1998-01-02,18.6412,19.0951,18.5859,19.0619,4791666.0
1998-01-05,19.0619,19.2833,18.8737,19.1726,6298480.0
1998-01-06,18.8516,19.1062,18.8405,18.9069,5057438.0
1998-01-07,18.7298,18.7741,18.3866,18.6191,6228264.0
1998-01-08,18.5306,18.9401,18.4973,18.8073,5134362.0
1998-01-09,18.7519,18.7962,18.1763,18.2206,6614347.0
1998-01-12,18.0656,18.8405,17.9549,18.8073,8138139.0
1998-01-13,18.8184,18.9401,18.7741,18.8184,6517931.0
1998-01-14,18.8626,19.4825,18.8184,19.4604,10690438.0
1998-01-15,19.3497,19.394,19.239,19.2501,6655010.0
1998-01-16,19.3829,19.5932,19.2611,19.4383,7687290.0
1998-01-20,19.5932,20.5452,19.5711,20.4567,10955373.0
1998-01-21,20.2796,20.4235,19.8368,20.191,6989531.0
1998-01-22,20.0139,20.3017,19.9364,19.9475,4983869.0
1998-01-23,20.1246,20.1467,19.6707,20.0028,5152387.0
1998-01-26,20.191,20.357,20.1246,20.191,4305813.0
1998-01-27,20.0803,20.6338,20.036,20.2796,8033549.0
1998-01-28,20.4567,20.9991,20.4234,20.833,8948034.0
1998-01-29,20.8109,21.0766,20.6891,20.8773,6800891.0
1998-01-30,20.8109,20.833,20.6559,20.7887,4463642.0
1998-02-02,21.2537,21.2869,20.8552,20.8552,7056603.0
1998-02-03,20.7666,20.7666,20.2574,20.5895,7522334.0
1998-02-04,20.4124,20.4677,20.2796,20.3681,4089506.0
1998-02-05,20.5009,20.5231,19.9253,20.0582,5604914.0
1998-02-06,20.0803,20.4788,20.0249,20.2353,5407261.0
1998-02-09,20.3238,20.5009,20.0914,20.5009,4062467.0
1998-02-10,20.6338,20.8552,20.5231,20.7998,6192213.0
1998-02-11,20.8995,20.8995,20.5784,20.8109,4496968.0
1998-02-12,20.8109,20.9769,20.5009,20.8662,4770286.0
1998-02-13,20.7002,20.8773,20.6338,20.8441,3363451.0
1998-02-17,20.9548,21.3976,20.8994,21.2315,7864192.0
1998-02-18,21.2758,22.0064,21.1873,22.0064,8216320.0
1998-02-19,21.7629,21.8957,21.619,21.6522,4737589.0
1998-02-20,21.6854,22.1282,21.464,22.0839,6607221.0
1998-02-23,22.3606,23.1798,22.3606,23.1355,10153024.0
1998-02-24,22.8588,23.0248,22.582,22.6595,7039626.0
1998-02-25,22.8256,22.8256,22.3717,22.4713,5640336.0
1998-02-26,22.5156,22.6927,22.1725,22.3164,4350667.0
1998-02-27,22.3828,22.6484,22.3606,22.5931,4257605.0
1998-03-02,22.5931,22.6927,22.4049,22.4603,3398245.0
1998-03-03,22.4381,22.7149,22.3717,22.4603,3537629.0
1998-03-04,22.3625,22.4292,22.1403,22.1959,3748067.0
1998-03-05,22.0848,22.4625,21.9848,21.9848,5268086.0
1998-03-06,22.107,22.7736,22.107,22.6402,4049682.0
1998-03-09,22.6847,22.918,22.618,22.8735,3894787.0
1998-03-10,22.8735,23.2734,22.8735,23.2512,4829603.0
1998-03-11,23.2068,23.2846,23.0513,23.0624,2880533.0
1998-03-12,22.9291,23.0401,22.7291,22.9402,3240416.0
1998-03-13,23.1735,23.2068,22.6847,22.7958,3324046.0
1998-03-16,22.7958,23.0513,22.6958,23.0179,3236224.0
1998-03-17,23.029,23.529,22.9735,23.4845,4448550.0
1998-03-18,23.4623,23.4845,23.2401,23.3734,3041506.0
1998-03-19,23.3734,23.4956,23.0624,23.2846,2889965.0
1998-03-20,23.3401,23.4512,23.129,23.4401,5452534.0
1998-03-23,23.3734,23.4956,23.0735,23.2957,4317550.0
1998-03-24,23.5512,23.6067,23.2957,23.4401,3119058.0
1998-03-25,23.429,23.4401,22.5958,23.1068,5052618.0
1998-03-26,23.1068,23.2623,22.7069,22.8402,4406630.0
1998-03-27,22.9735,23.1846,22.5291,22.7069,6133315.0
1998-03-30,22.618,22.7735,22.4403,22.4403,3487744.0
1998-03-31,22.6625,22.9735,22.6402,22.7846,3946768.0
1998-04-01,22.818,23.1068,22.5291,23.0846,5588984.0
1998-04-02,23.2623,23.5623,23.0624,23.529,5127026.0
1998-04-03,23.5401,23.5956,23.2623,23.3623,4551674.0
1998-04-06,23.64,23.64,23.3845,23.4512,3535952.0
1998-04-07,23.3512,23.4179,23.029,23.2401,3127651.0
1998-04-08,23.2846,23.3734,22.5736,22.718,5991206.0
1998-04-09,22.7291,22.8402,22.3292,22.4403,5263685.0
1998-04-13,22.4403,22.5292,21.9848,22.2625,6729837.0
1998-04-14,22.3958,22.4514,22.0514,22.2181,3977160.0
1998-04-15,22.2181,22.2848,21.5182,21.9515,6416066.0
1998-04-16,21.5071,21.5404,20.9294,21.2294,12048437.0
1998-04-17,21.1516,21.4849,20.8628,21.396,10287378.0
1998-04-20,21.8404,21.9293,21.5738,21.7293,7150504.0
1998-04-21,21.6848,21.696,21.3405,21.3516,5153226.0
1998-04-22,21.3293,21.596,21.1516,21.2627,4354440.0
1998-04-23,21.3294,21.4516,21.1849,21.396,5177749.0
1998-04-24,21.1516,21.2294,20.6406,20.7073,7232667.0
1998-04-27,20.4184,20.4518,19.8185,20.0518,8607853.0
1998-04-28,20.3518,20.5517,20.174,20.5295,6603238.0
1998-04-29,20.5739,20.7961,20.3073,20.6184,5790829.0
1998-04-30,20.7517,21.4293,20.7073,21.4182,7560691.0
1998-05-01,21.2849,21.3738,20.4406,20.6739,9986602.0
1998-05-04,20.885,21.1072,20.6406,20.6517,5420256.0
1998-05-05,20.6961,20.6961,20.3962,20.6073,4451904.0
1998-05-06,20.6517,20.6739,20.3295,20.5295,3609731.0
1998-05-07,20.4962,20.8628,20.3629,20.4406,5625874.0
1998-05-08,20.5739,21.0627,20.5517,20.9517,5223442.0
1998-05-11,21.1405,21.3071,20.9517,20.985,4482506.0
1998-05-12,20.9739,21.0628,20.8072,20.8739,3823733.0
1998-05-13,20.885,21.0072,20.7517,20.8628,3818702.0
1998-05-14,20.6184,21.0627,20.6184,20.985,3657101.0
1998-05-15,21.1961,21.3516,20.7184,20.7517,7940067.0
1998-05-18,20.7961,21.3071,20.7295,21.2627,4967730.0
1998-05-19,21.5293,21.6071,20.9294,21.1294,5845954.0
1998-05-20,21.3738,21.4849,20.9739,21.4293,4242723.0
1998-05-21,21.4405,21.4405,21.0405,21.0961,2976530.0
1998-05-22,21.1849,21.296,20.9294,20.9739,2240414.0
1998-05-26,21.2405,21.2849,20.7073,20.7073,3562781.0
1998-05-27,20.8628,21.1849,20.6295,21.1183,6131219.0
1998-05-28,21.1294,21.2627,20.9294,21.1405,3252154.0
1998-05-29,21.2849,21.3182,20.7517,20.7961,3582902.0
1998-06-01,20.7961,20.9739,20.4518,20.7073,4388814.0
1998-06-02,20.7961,20.7961,20.3073,20.4629,4512269.0
1998-06-03,20.5097,20.5543,20.0524,20.0859,4856222.0
1998-06-04,20.0971,20.6993,19.8963,20.6435,5689802.0
1998-06-05,21.19,21.335,21.0673,21.335,6494456.0
1998-06-08,21.4131,21.7699,21.3684,21.6807,6971715.0
1998-06-09,21.703,22.138,21.625,21.9484,7269347.0
1998-06-10,21.993,22.8183,21.9595,22.506,10660256.0
1998-06-11,22.6845,22.8629,22.4837,22.5729,8025165.0
1998-06-12,22.4391,22.6176,22.2384,22.5618,6897936.0
1998-06-15,22.3722,22.4837,22.1268,22.1268,4537840.0
1998-06-16,22.2607,22.6622,22.0599,22.5952,5814304.0
1998-06-17,22.8295,22.9298,22.6287,22.796,5375402.0
1998-06-18,22.7625,23.1083,22.7179,22.9967,4670098.0
1998-06-19,23.3648,23.3648,22.5172,22.6399,7544552.0
1998-06-22,22.6399,22.6622,22.361,22.4503,3262424.0
1998-06-23,22.4949,22.8294,22.3722,22.7179,4887872.0
1998-06-24,22.6845,23.6101,22.5952,23.4205,6237696.0
1998-06-25,23.3536,23.8109,23.2867,23.309,5987434.0
1998-06-26,23.5098,23.7105,23.4317,23.454,3559427.0
1998-06-29,23.7105,23.8555,23.3425,23.6882,4146307.0
1998-06-30,23.7328,23.9559,23.5878,23.8667,6790411.0
1998-07-01,23.6659,23.7997,23.4429,23.7607,6107534.0
1998-07-02,23.7774,23.8666,23.6101,23.6882,2899187.0
1998-07-06,23.6659,24.1008,23.6101,24.0674,3926018.0
1998-07-07,24.0786,24.1566,23.7663,23.7997,4026835.0
1998-07-08,23.7551,23.9893,23.744,23.8443,2946138.0
1998-07-09,23.8443,24.1455,23.3759,23.5432,5895000.0
1998-07-10,23.5544,23.822,23.309,23.6436,4236435.0
1998-07-13,23.6436,24.0785,23.6436,24.0674,3518136.0
1998-07-14,24.0897,24.547,24.0674,24.5135,4866074.0
1998-07-15,24.4466,24.6027,24.2235,24.3797,3967938.0
1998-07-16,24.335,24.7365,24.3239,24.6919,3737378.0
1998-07-17,24.7254,24.8258,24.6027,24.625,3939432.0
1998-07-20,24.6696,24.8035,24.5246,24.6919,3651861.0
1998-07-21,23.4651,23.5544,22.9298,22.941,19356770.0
1998-07-22,22.7514,22.796,21.8592,22.3276,15556512.0
1998-07-23,22.7068,22.7068,21.9484,22.0265,8001270.0
1998-07-24,22.283,22.5506,22.1045,22.4391,6577458.0
1998-07-27,22.3053,22.6733,22.2161,22.3164,5645995.0
1998-07-28,22.0822,22.5172,21.558,22.216,7995821.0
1998-07-29,22.1491,22.2607,21.7699,22.0042,5325098.0
1998-07-30,21.9595,22.5172,21.9595,22.5172,4296800.0
1998-07-31,22.361,22.4726,21.5915,22.0488,4538678.0
1998-08-03,21.9261,22.1826,21.6807,21.6807,4210445.0
1998-08-04,22.0376,22.0599,21.2569,21.2569,8665702.0
1998-08-05,21.2569,21.8926,20.9447,21.6138,8770083.0
1998-08-06,21.6138,22.138,21.5692,21.8146,4234758.0
1998-08-07,21.703,22.2161,21.6696,22.1045,5488166.0
1998-08-10,22.2384,22.8406,22.2272,22.506,6618330.0
1998-08-11,22.2161,22.2718,21.5692,22.1268,9955371.0
1998-08-12,22.2161,22.3722,21.6473,22.3499,6794184.0
1998-08-13,22.3499,22.8071,22.138,22.6176,6944048.0
1998-08-14,22.6287,22.9744,22.5729,22.7291,7119902.0
1998-08-17,22.8406,23.454,22.8183,23.4205,7518142.0
1998-08-18,23.2867,23.5321,23.1417,23.4652,6235181.0
1998-08-19,23.5098,23.5321,23.2756,23.3648,5075254.0
1998-08-20,23.0748,23.1306,22.8629,22.9633,6554821.0
1998-08-21,22.4837,23.086,22.3053,23.019,10008400.0
1998-08-24,23.0191,23.5767,22.9967,23.4429,5754358.0
1998-08-25,23.4651,23.8889,23.4651,23.822,6113403.0
1998-08-26,23.599,24.1009,23.5098,23.7997,7287792.0
1998-08-27,23.454,23.822,23.019,23.0413,7848682.0
1998-08-28,23.1083,23.2421,22.2718,22.7291,7032499.0
1998-08-31,22.7291,22.8072,20.532,20.6882,10378973.0
1998-09-01,21.0339,22.1268,20.5208,21.8592,11024541.0
1998-09-02,21.7879,22.2248,21.4071,21.5079,7609109.0
1998-09-03,21.351,22.18,21.1494,22.1352,8101878.0
1998-09-04,22.0456,22.3032,21.4407,21.8888,7459874.0
1998-09-08,22.404,22.5833,22.3256,22.4937,8118856.0
1998-09-09,22.4937,23.0202,22.404,22.6617,6740526.0
1998-09-10,22.4264,22.5049,22.0232,22.1912,8734242.0
1998-09-11,22.2248,22.9529,22.1576,22.9417,5933986.0
1998-09-14,23.3674,23.7931,23.233,23.6587,8058910.0
1998-09-15,23.7035,24.5548,23.6923,24.286,10853717.0
1998-09-16,24.1963,24.286,23.9499,24.2412,6704266.0
1998-09-17,23.8379,24.0843,23.5578,23.9835,6550419.0
1998-09-18,24.1516,24.2636,23.7595,24.0955,7934408.0
1998-09-21,23.7035,24.7341,23.5915,24.3084,6242726.0
1998-09-22,24.398,24.5324,24.1515,24.4876,5372258.0
1998-09-23,24.5548,24.8573,24.4652,24.8349,6984710.0
1998-09-24,24.7341,24.8237,24.5548,24.5772,5994770.0
1998-09-25,23.9499,24.1964,23.5691,23.5691,6412712.0
1998-09-28,23.6587,23.7483,22.9417,23.0762,8990163.0
1998-09-29,23.1658,23.8827,22.9753,23.6475,8183413.0
1998-09-30,23.6475,24.0059,23.0538,23.2218,6810952.0
1998-10-01,23.0762,23.3562,22.348,22.404,8337888.0
1998-10-02,22.3928,23.2106,21.8663,22.8969,8952435.0
1998-10-05,22.9417,23.4794,22.4264,23.0762,8511227.0
1998-10-06,23.3002,23.5578,22.4488,22.8745,6580602.0
1998-10-07,22.8297,23.3226,22.0008,22.5497,8024536.0
1998-10-08,22.1576,23.009,21.7991,22.7625,9229317.0
1998-10-09,22.9305,23.3674,22.6281,23.3114,6368906.0
1998-10-12,23.7035,23.9947,23.4346,23.5018,5123043.0
1998-10-13,23.4794,23.8603,23.3002,23.4346,7282762.0
1998-10-14,23.0762,23.6587,22.8969,23.1882,6214430.0
1998-10-15,22.9866,23.9723,22.9754,23.8827,6725435.0
1998-10-16,24.0171,24.3756,23.5018,24.3756,12645587.0
1998-10-19,24.1964,24.3308,23.8155,23.9723,7068970.0
1998-10-20,24.174,24.174,23.2778,23.4122,9377923.0
1998-10-21,23.4122,24.0619,23.401,23.8827,6144843.0
1998-10-22,23.8379,24.0955,23.5242,23.9163,4412499.0
1998-10-23,23.8715,24.0619,23.3898,23.401,4593594.0
1998-10-26,23.569,23.9051,23.4458,23.5914,3797114.0
1998-10-27,23.8379,23.8379,23.513,23.6139,3550624.0
1998-10-28,23.8827,23.8939,23.569,23.6587,3211072.0
1998-10-29,23.7483,24.3756,23.7483,24.3644,5948867.0
1998-10-30,24.51,24.51,24.0619,24.2076,6492989.0
1998-11-02,24.3308,24.8909,24.1067,24.8237,5741363.0
1998-11-03,24.8237,25.0813,24.51,25.0141,5082171.0
1998-11-04,25.0925,25.3614,24.622,24.7901,8372682.0
1998-11-05,24.566,25.507,24.5436,25.4398,6791459.0
1998-11-06,25.4286,26.0783,25.395,25.9775,6939437.0
1998-11-09,25.9887,26.1679,25.7422,26.0895,5641803.0
1998-11-10,26.1119,26.6384,26.0447,26.3135,6072531.0
1998-11-11,25.9887,25.9887,25.5854,25.8095,6315877.0
1998-11-12,25.7982,26.2127,25.7198,26.0559,4672194.0
1998-11-13,26.0447,26.1903,25.8767,26.1007,3523586.0
1998-11-16,26.2239,26.4816,26.1007,26.4032,2845320.0
1998-11-17,26.3471,26.7952,26.2351,26.4144,4228470.0
1998-11-18,26.4144,26.84,26.1679,26.7728,3924760.0
1998-11-19,26.8512,27.0193,26.6496,26.9409,4365339.0
1998-11-20,27.0081,27.1761,26.8176,27.1537,4936918.0
1998-11-23,27.1761,27.9827,27.1201,27.9603,5164544.0
1998-11-24,27.8706,28.6548,27.613,28.4307,8670523.0
1998-11-25,28.4307,28.5763,28.2067,28.4083,4473283.0
1998-11-27,28.2739,28.4867,28.2739,28.4755,1393630.0
1998-11-30,28.3187,28.3187,27.725,27.8034,4741152.0
1998-12-01,27.6466,28.2179,27.1761,28.1395,5838198.0
1998-12-02,28.0005,28.5513,27.787,28.4839,5191792.0
1998-12-03,28.349,28.6413,27.8095,27.8544,4558590.0
1998-12-04,27.8432,28.3715,27.8432,28.349,3631739.0
1998-12-07,28.1692,28.4502,27.9556,28.3602,2626288.0
1998-12-08,28.0567,28.5963,28.0343,28.5401,5067709.0
1998-12-09,28.4389,29.0909,27.2924,27.3261,9950131.0
1998-12-10,26.5392,26.8877,26.0671,26.3032,16709731.0
1998-12-11,26.0784,26.7865,26.0446,26.1795,8582910.0
1998-12-14,26.1458,26.4605,26.0784,26.1795,7663605.0
1998-12-15,26.1683,26.2582,25.4489,26.2358,7806133.0
1998-12-16,26.2357,26.7528,26.2357,26.573,5554610.0
1998-12-17,26.7079,26.7865,26.4943,26.6067,3747438.0
1998-12-18,26.6179,26.6179,25.9547,25.9885,8661301.0
1998-12-21,25.9547,26.6516,25.8198,25.9098,6335789.0
1998-12-22,26.1233,26.6966,25.9435,26.5055,4918054.0
1998-12-23,26.6854,27.0451,26.5505,26.9102,4301830.0
1998-12-24,27.0226,27.0226,26.6067,26.7641,1301826.0
1998-12-28,26.9776,27.0226,26.4943,26.6179,2383781.0
1998-12-29,26.5055,27.2137,26.3144,27.1687,4005875.0
1998-12-30,27.1013,27.2474,26.7528,26.7641,3270598.0
1998-12-31,26.7078,26.8203,26.3481,26.528,3232032.0
1999-01-04,26.7303,27.461,26.7303,26.9327,6748701.0
1999-01-05,26.9327,27.2024,26.9327,27.1125,4596528.0
1999-01-06,27.2699,27.6408,27.1687,27.6408,5031867.0
1999-01-07,27.3598,27.6408,27.2474,27.3935,4409565.0
1999-01-08,27.416,27.697,26.8203,27.6633,6466998.0
1999-01-11,27.4835,27.4835,26.7978,27.1013,7290517.0
1999-01-12,26.7978,27.09,26.483,26.6067,5948029.0
1999-01-13,26.2582,26.5842,26.1458,26.5055,7496344.0
1999-01-14,26.3257,26.5617,25.9885,26.0334,5442474.0
1999-01-15,26.2582,26.5954,26.1908,26.4606,5274794.0
1999-01-19,26.7303,26.7303,26.1683,26.573,4767142.0
1999-01-20,26.5505,26.9552,26.1683,26.7753,5741782.0
1999-01-21,26.8203,27.3711,26.247,26.3144,6627133.0
1999-01-22,26.2582,26.6179,24.9993,24.9993,5396362.0
1999-01-25,24.6396,24.8194,24.2686,24.7295,14134376.0
1999-01-26,24.5047,25.8985,24.4934,25.8985,11961034.0
1999-01-27,26.0784,26.3032,25.8536,25.8536,8131851.0
1999-01-28,25.8985,25.966,25.4152,25.6175,6270603.0
1999-01-29,25.7861,26.5055,25.0892,26.3931,6557126.0
1999-02-01,26.3481,26.6067,26.1458,26.4268,4694830.0
1999-02-02,26.7528,27.0338,26.6741,27.0338,6697768.0
1999-02-03,27.0338,27.18,26.6179,26.9552,5709923.0
1999-02-04,27.1125,27.3261,26.7978,27.0226,4724594.0
1999-02-05,27.09,27.09,26.5055,26.8652,4573682.0
1999-02-08,26.8652,27.0226,26.6179,26.9552,4095165.0
1999-02-09,26.7303,26.7753,26.0896,26.1458,4197450.0
1999-02-10,26.1233,26.5505,25.966,26.3032,4988270.0
1999-02-11,26.2695,27.2474,26.2245,27.1125,4807386.0
1999-02-12,27.1125,27.4497,26.8315,27.0676,5601350.0
1999-02-16,27.4947,27.8657,27.3823,27.6858,5991626.0
1999-02-17,27.697,27.7645,27.135,27.4048,5155741.0
1999-02-18,27.6071,28.3265,27.3373,28.0118,6345850.0
1999-02-19,27.9893,28.5963,27.742,28.4164,4694306.0
1999-02-22,28.5963,29.4056,28.3715,29.4056,7193367.0
1999-02-23,29.4056,29.4956,28.8886,29.1583,5021911.0
1999-02-24,28.956,29.4731,28.5064,28.5963,3715474.0
1999-02-25,28.4614,29.2033,28.3265,29.0684,4484392.0
1999-02-26,29.2707,29.4955,28.3715,29.3157,4470139.0
1999-03-01,29.3607,29.3607,28.5513,28.6862,3690951.0
1999-03-02,28.7761,29.1134,28.304,28.5738,3852343.0
1999-03-03,28.6487,28.7615,28.1524,28.3103,3681414.0
1999-03-04,28.3329,29.0999,28.1524,29.0322,5516462.0
1999-03-05,29.551,29.9345,29.4157,29.8668,6492360.0
1999-03-08,29.3706,30.1826,29.3254,29.9345,6287686.0
1999-03-09,29.754,30.1826,29.4608,30.0022,4574939.0
1999-03-10,29.7766,29.8894,29.4382,29.8894,5138763.0
1999-03-11,30.0247,30.0247,29.3254,29.8894,4679425.0
1999-03-12,30.0247,30.318,29.348,30.2729,8644952.0
1999-03-15,30.2954,30.5436,30.0924,30.4082,4642954.0
1999-03-16,30.6789,31.2203,30.6338,30.9947,5421304.0
1999-03-17,30.9496,30.9722,30.2278,30.318,4016565.0
1999-03-18,30.318,31.3782,30.318,31.0399,3997910.0
1999-03-19,31.491,31.5361,31.0399,31.0399,6392276.0
1999-03-22,31.085,31.4008,30.7917,31.1752,2732555.0
1999-03-23,31.3106,31.491,29.6413,29.9571,4808224.0
1999-03-24,29.8668,29.9345,29.3254,29.7315,3911136.0
1999-03-25,29.7089,29.8668,29.2352,29.7992,4269447.0
1999-03-26,29.5059,29.5285,28.9645,29.0096,4296066.0
1999-03-29,29.2352,29.6864,29.1675,29.5059,3767560.0
1999-03-30,29.1901,29.7541,29.0999,29.6864,3058169.0
1999-03-31,29.551,29.7766,28.9194,28.9194,3981247.0
1999-04-01,29.0322,29.0999,28.581,28.8517,4224278.0
1999-04-05,28.8517,28.8743,28.0622,28.2201,6633106.0
1999-04-06,28.2201,28.7164,28.0622,28.175,3799105.0
1999-04-07,28.581,28.9645,28.2201,28.942,3893949.0
1999-04-08,28.8517,29.7541,28.7841,29.4608,5151130.0
1999-04-09,29.6864,30.0924,29.3254,30.0473,3868482.0
1999-04-12,30.0022,30.7015,29.912,30.6789,4018137.0
1999-04-13,30.3631,30.6112,29.5961,30.0022,4311996.0
1999-04-14,29.551,29.6638,28.0622,28.3329,5494454.0
1999-04-15,28.1524,28.4682,27.1824,27.9268,8606071.0
1999-04-16,27.4982,28.6938,27.1148,28.0171,11062898.0
1999-04-19,28.2878,28.3103,26.2575,26.3929,7744091.0
1999-04-20,26.7087,27.7464,26.5959,27.1599,7595380.0
1999-04-21,27.3403,27.611,27.1147,27.3854,6545703.0
1999-04-22,27.3178,28.2427,26.7087,28.1073,6385464.0
1999-04-23,27.6561,27.7689,27.1148,27.3403,4878754.0
1999-04-26,27.0696,27.0922,26.438,26.7087,6627342.0
1999-04-27,26.7087,26.8892,26.5282,26.5508,5165068.0
1999-04-28,26.1673,26.3252,25.3101,25.5357,7653963.0
1999-04-29,25.5582,25.5582,24.5206,25.4003,8624726.0
1999-04-30,25.6259,25.9192,24.9041,25.4003,7782972.0
1999-05-03,25.265,25.6485,25.1296,25.5131,5884625.0
1999-05-04,25.5808,26.3478,25.3552,25.5808,6595798.0
1999-05-05,25.6259,26.3252,25.1296,26.2801,5863036.0
1999-05-06,26.2801,26.9343,26.1673,26.8441,5263266.0
1999-05-07,27.0696,27.3629,26.6185,26.8892,4946246.0
1999-05-10,26.5282,26.5734,25.8966,26.032,4502208.0
1999-05-11,26.1222,26.1673,25.6485,25.8289,5259598.0
1999-05-12,25.8064,26.4606,25.4455,25.8289,7658365.0
1999-05-13,26.438,26.438,26.0771,26.3478,5845534.0
1999-05-14,26.0771,26.0997,25.6259,25.7162,4020442.0
1999-05-17,25.6485,25.9643,25.6034,25.9643,3611618.0
1999-05-18,26.0771,26.1222,25.2875,25.3778,5717050.0
1999-05-19,25.6034,25.7613,25.3327,25.4454,4604598.0
1999-05-20,25.5357,26.438,25.5131,26.0771,5181417.0
1999-05-21,26.3929,26.5959,25.5357,25.7387,7942792.0
1999-05-24,25.3327,25.7161,24.9492,25.2199,6243146.0
1999-05-25,24.9266,25.265,24.5657,24.6334,6648931.0
1999-05-26,24.9041,25.062,24.1145,24.295,6837886.0
1999-05-27,24.0243,24.7687,23.8213,23.8213,7847843.0
1999-05-28,23.8213,24.498,23.8213,24.4078,6818498.0
1999-06-01,24.5431,24.701,24.0017,24.5882,5165487.0
1999-06-02,24.369,24.5276,24.0067,24.1878,3959973.0
1999-06-03,24.6408,24.7767,24.2784,24.754,5259074.0
1999-06-04,24.7541,25.66,24.5049,25.592,5821954.0
1999-06-07,25.6599,25.6599,25.0711,25.1164,3040143.0
1999-06-08,25.3429,25.5014,24.6634,24.8673,5313674.0
1999-06-09,25.2749,25.6147,24.9126,25.3202,6220823.0
1999-06-10,24.9126,25.0938,24.3011,24.5955,5262846.0
1999-06-11,24.6408,25.0032,23.9614,24.1199,4987956.0
1999-06-14,24.2105,24.369,23.9161,24.0067,5332643.0
1999-06-15,24.0746,24.822,24.0293,24.5049,5001790.0
1999-06-16,25.0032,25.1843,24.754,24.8673,5317762.0
1999-06-17,24.4596,25.3655,24.369,25.1844,5532182.0
1999-06-18,25.139,25.4335,24.9579,25.0032,7874777.0
1999-06-21,25.2749,25.2749,24.5729,25.1617,5159618.0
1999-06-22,24.9579,25.6599,24.9352,25.2749,4816294.0
1999-06-23,25.0485,25.0938,24.5049,24.5955,4179634.0
1999-06-24,24.5955,25.3202,24.5729,24.9805,4732873.0
1999-06-25,25.207,25.5467,24.8899,24.9579,4221763.0
1999-06-28,25.6373,25.6599,25.2523,25.3882,4312101.0
1999-06-29,25.3655,26.0903,25.2976,25.9091,5944780.0
1999-06-30,26.045,26.815,25.6146,26.6791,6905377.0
1999-07-01,26.7697,27.4038,26.5432,27.2679,6230989.0
1999-07-02,27.3585,27.5171,26.9962,27.2679,3645678.0
1999-07-06,27.1321,27.3359,26.6338,26.7923,4158359.0
1999-07-07,26.6791,27.0868,26.6338,27.0641,3256136.0
1999-07-08,26.7697,27.4718,26.6791,27.2906,3802249.0
1999-07-09,27.4718,27.4718,27.1774,27.2453,2697762.0
1999-07-12,27.4944,27.4944,26.7697,27.1774,3031026.0
1999-07-13,26.9509,27.1547,26.9056,27.0415,3655424.0
1999-07-14,27.0868,27.1094,26.3394,26.362,4143897.0
1999-07-15,26.4526,26.815,26.1582,26.4526,4004094.0
1999-07-16,25.9091,26.2261,25.592,25.7732,7559014.0
1999-07-19,25.8638,25.9997,25.4335,25.592,4015412.0
1999-07-20,25.3882,25.5241,24.7314,24.8899,4780976.0
1999-07-21,24.8446,25.1844,24.754,24.8899,5647462.0
1999-07-22,24.8446,25.2749,24.8446,25.1391,4404744.0
1999-07-23,24.9126,25.4108,24.7314,25.0032,4584895.0
1999-07-26,24.8673,25.0485,24.6634,24.754,4602292.0
1999-07-27,25.0032,25.139,24.7767,24.9126,4084161.0
1999-07-28,24.7314,24.9126,24.5502,24.822,3469090.0
1999-07-29,24.2784,24.437,24.0067,24.1878,4670517.0
1999-07-30,24.6408,24.8446,24.4823,24.5049,4474750.0
1999-08-02,24.369,24.8899,24.3237,24.4143,3458295.0
1999-08-03,24.5729,24.6861,24.1426,24.2784,3936288.0
1999-08-04,24.2558,24.3011,23.0101,23.3725,8408733.0
1999-08-05,23.2366,23.3272,22.6251,23.1913,8355914.0
1999-08-06,22.8969,23.0328,22.4213,22.5798,6491522.0
1999-08-09,22.829,22.9196,22.4666,22.4893,5253938.0
1999-08-10,22.4666,22.6931,22.1495,22.5572,5366284.0
1999-08-11,22.761,22.8063,22.0816,22.0816,5341237.0
1999-08-12,22.1042,22.9649,22.1042,22.4666,10038897.0
1999-08-13,22.8063,23.3725,22.7384,23.1008,7417849.0
1999-08-16,23.1913,23.4858,23.0554,23.4858,4337253.0
1999-08-17,23.8255,23.8255,23.146,23.5537,3758757.0
1999-08-18,23.7122,23.8255,23.4858,23.4858,3809061.0
1999-08-19,23.3725,24.0293,23.3046,23.7349,4267246.0
1999-08-20,23.7575,24.6181,23.7349,24.5049,5964902.0
1999-08-23,24.6861,25.4108,24.6408,25.3882,6545913.0
1999-08-24,25.2976,25.3429,24.822,25.0032,4379382.0
1999-08-25,25.2296,25.592,25.1391,25.5467,4968987.0
1999-08-26,25.4108,25.4335,24.8899,24.9352,3175545.0
1999-08-27,25.207,25.2296,24.6861,24.6861,3020441.0
1999-08-30,24.7993,25.1617,24.6634,24.6861,2777934.0
1999-08-31,24.7314,25.1617,24.3464,24.3464,4234444.0
1999-09-01,24.4519,25.157,24.4064,25.0661,3761167.0
1999-09-02,24.7931,25.0888,24.4747,24.8386,3423082.0
1999-09-03,25.3845,25.6802,25.1115,25.6574,4699861.0
1999-09-07,25.6802,25.7939,24.9751,25.0433,3885984.0
1999-09-08,24.9296,25.2253,24.7021,25.1798,7157526.0
1999-09-09,25.43,25.43,25.1343,25.1798,3741884.0
1999-09-10,25.248,25.4982,25.0206,25.4072,3289672.0
1999-09-13,25.339,25.5665,25.2708,25.339,3806755.0
1999-09-14,25.157,25.248,24.8386,24.9523,3592230.0
1999-09-15,25.2708,25.4755,24.7704,24.7704,4003779.0
1999-09-16,24.8159,25.2708,24.7931,25.2708,3169781.0
1999-09-17,25.3618,25.43,24.9978,24.9978,5314198.0
1999-09-20,25.0433,25.5892,24.9751,25.521,2962382.0
1999-09-21,25.0661,25.339,24.7476,25.0206,4407993.0
1999-09-22,25.0149,25.6575,25.0149,25.43,6247442.0
1999-09-23,25.5437,25.5665,24.9068,24.9523,4426857.0
1999-09-24,24.7021,25.3163,23.7241,24.0425,5993931.0
1999-09-27,24.0425,24.2017,23.7695,23.997,4100090.0
1999-09-28,23.7013,24.179,23.4966,23.7923,3680995.0
1999-09-29,23.9288,24.1335,23.3829,23.4056,3931362.0
1999-09-30,23.4738,23.906,23.3146,23.5876,5402650.0
1999-10-01,23.5421,25.0206,23.4738,24.7931,6518874.0
1999-10-04,25.1116,25.3163,24.9978,25.2025,4939224.0
1999-10-05,25.339,25.7939,25.2708,25.521,5482193.0
1999-10-06,25.7712,26.3626,25.7484,26.2488,5455888.0
1999-10-07,26.2488,26.3853,25.6574,25.7939,3485334.0
1999-10-08,26.0896,27.0905,25.9759,26.8402,5614765.0
1999-10-11,26.954,27.3634,26.7947,27.3406,4575358.0
1999-10-12,27.1814,27.2042,26.7493,26.9085,4111304.0
1999-10-13,26.7493,26.8857,26.2488,26.3853,3975378.0
1999-10-14,26.4308,26.8175,26.2489,26.5673,3903171.0
1999-10-15,26.1579,26.2034,25.4982,25.5665,4625453.0
1999-10-18,25.5892,26.3398,25.43,26.2716,4566660.0
1999-10-19,26.9767,27.5454,26.772,27.2724,7006718.0
1999-10-20,27.2724,27.5681,27.0449,27.5454,5792925.0
1999-10-21,27.2952,28.8874,27.045,28.6144,9288738.0
1999-10-22,28.9784,29.2058,28.7509,29.0239,6596531.0
1999-10-25,28.4779,28.9101,28.3415,28.5917,5600617.0
1999-10-26,28.6144,28.6827,28.1368,28.2505,4316922.0
1999-10-27,28.4325,28.5462,28.114,28.3187,4522644.0
1999-10-28,28.8419,29.0011,28.4097,28.8874,5504306.0
1999-10-29,29.0011,29.1376,28.7054,28.9556,5370476.0
1999-11-01,28.7282,29.0921,28.7282,28.9556,3000110.0
1999-11-02,28.9556,29.1831,28.387,28.4097,3338928.0
1999-11-03,28.9101,29.4333,28.6599,28.7964,4641487.0
1999-11-04,28.9556,29.3651,28.7737,29.0011,4343855.0
1999-11-05,29.0921,29.5243,28.9329,29.2513,3999378.0
1999-11-08,29.2741,29.2968,28.7282,28.7282,2624402.0
1999-11-09,28.8191,28.8874,28.2732,28.387,2846473.0
1999-11-10,27.7046,28.387,27.7046,28.2277,3966890.0
1999-11-11,28.1595,28.2277,27.4089,27.932,4127234.0
1999-11-12,27.8411,27.8866,27.1587,27.6363,4156263.0
1999-11-15,27.3861,27.7046,27.2952,27.3634,3922350.0
1999-11-16,27.4089,27.6591,27.0677,27.6591,5369742.0
1999-11-17,27.6364,28.387,27.5681,28.114,5182150.0
1999-11-18,28.5007,28.7509,28.2505,28.6372,3748382.0
1999-11-19,28.4097,29.0011,28.4097,28.8874,4341550.0
1999-11-22,28.8191,28.8191,28.3415,28.6542,3749849.0
1999-11-23,28.6827,28.7054,28.1823,28.4552,2606166.0
1999-11-24,28.4552,29.1376,28.387,29.0011,4391644.0
1999-11-26,29.0921,29.1149,28.9784,29.0694,2155002.0
1999-11-29,29.0011,29.2286,28.7054,29.1148,4656788.0
1999-11-30,28.9556,29.0239,28.3642,28.6372,4273010.0
1999-12-01,28.4006,28.5376,27.4418,27.9041,4425390.0
1999-12-02,27.2135,27.8071,27.2135,27.5331,3638761.0
1999-12-03,27.8299,28.2865,27.6701,28.2637,4616440.0
1999-12-06,28.4007,28.4007,27.419,27.6416,4663286.0
1999-12-07,27.6244,27.6244,26.4829,26.7341,5723652.0
1999-12-08,27.1222,27.145,26.4373,26.774,5423400.0
1999-12-09,27.0308,27.3505,25.935,26.0035,5099254.0
1999-12-10,26.1861,26.5514,25.8893,26.0948,5540986.0
1999-12-13,25.661,25.935,24.8392,24.9305,8108376.0
1999-12-14,24.8392,25.4556,24.4054,25.4556,7688442.0
1999-12-15,25.0903,26.2775,25.0903,26.1861,6999487.0
1999-12-16,26.1177,26.1177,25.0675,25.3643,5145051.0
1999-12-17,25.661,25.7067,24.3141,24.3141,11673043.0
1999-12-20,24.3369,24.725,24.1771,24.3369,5414911.0
1999-12-21,24.2456,24.588,24.1314,24.1314,5671357.0
1999-12-22,24.1314,24.9305,24.1314,24.5424,4995921.0
1999-12-23,25.5241,25.661,25.2273,25.4784,4157730.0
1999-12-27,25.3642,25.8437,25.2958,25.7524,3455990.0
1999-12-28,25.661,25.7067,25.136,25.4784,3745447.0
1999-12-29,25.5697,25.5697,24.6794,24.9305,3598727.0
1999-12-30,24.862,25.1131,24.588,24.7707,3488897.0
1999-12-31,24.7935,24.8848,24.451,24.5424,2595267.0
2000-01-03,25.0675,25.0675,24.2912,24.7022,6265782.0
2000-01-04,24.4739,24.7707,23.652,23.8346,7894689.0
2000-01-05,23.7661,25.1588,23.7661,24.7707,7963018.0
2000-01-06,24.7707,25.2729,24.725,24.9761,4989004.0
2000-01-07,25.5012,27.4875,25.4327,27.3733,10871218.0
2000-01-10,27.3048,27.3276,26.3459,26.5742,6001686.0
2000-01-11,26.3231,26.9167,26.072,26.6656,5264418.0
2000-01-12,26.8939,27.4646,26.8254,27.1907,5229939.0
2000-01-13,27.3276,27.8071,26.9624,27.3048,5610468.0
2000-01-14,27.4874,27.7386,26.5514,27.0765,5806130.0
2000-01-18,26.7112,26.871,25.7752,25.8665,5554086.0
2000-01-19,26.209,26.5514,26.0263,26.1176,4990157.0
2000-01-20,26.2775,26.7341,26.0948,26.6427,5225642.0
2000-01-21,27.2135,27.2135,26.1405,26.4601,8309487.0
2000-01-24,26.6656,26.6656,25.2273,25.661,5438177.0
2000-01-25,25.9807,26.3003,25.798,25.8893,5707513.0
2000-01-26,25.935,26.6656,25.798,26.5971,5614660.0
2000-01-27,26.7112,27.5559,26.6656,27.0765,8119066.0
2000-01-28,27.5788,28.6518,27.4875,27.8984,10294504.0
2000-01-31,27.6473,28.8573,27.2363,28.7203,8390602.0
2000-02-01,28.2637,28.4691,27.5788,28.0582,5267667.0
2000-02-02,28.2408,28.629,27.7386,28.081,4865550.0
2000-02-03,27.8756,28.0125,27.5331,27.8527,4059952.0
2000-02-04,28.081,28.081,27.3733,27.419,4466681.0
2000-02-07,27.1222,27.5559,26.9395,27.4875,4370370.0
2000-02-08,27.5788,27.7158,27.419,27.556,4128282.0
2000-02-09,27.0765,27.0993,25.8893,26.072,7259810.0
2000-02-10,25.5697,25.661,24.8392,25.2044,7356436.0
2000-02-11,24.7022,24.8848,23.4922,23.8346,9655643.0
2000-02-14,23.926,24.2684,23.378,24.1314,9361889.0
2000-02-15,24.0173,24.3369,23.789,23.9716,6683201.0
2000-02-16,23.926,24.5424,23.8346,23.926,5383995.0
2000-02-17,24.2456,24.3597,23.0584,23.1041,7269871.0
2000-02-18,23.1726,23.515,22.4877,22.6475,6934721.0
2000-02-22,22.8301,23.926,22.579,23.926,9640971.0
2000-02-23,24.1086,24.1086,23.0584,23.0584,8099468.0
2000-02-24,23.1269,23.1269,22.168,22.6475,9502006.0
2000-02-25,22.305,22.4648,21.6201,21.9854,8070962.0
2000-02-28,21.9854,22.6246,21.9169,22.4877,8895634.0
2000-02-29,22.8073,23.0584,22.4192,22.4877,8243778.0
2000-03-01,22.5712,22.6629,21.9289,22.0206,7289574.0
2000-03-02,22.0436,22.2959,21.7454,21.7454,6167061.0
2000-03-03,22.0436,22.0665,20.9425,21.1031,10706892.0
2000-03-06,21.0802,21.1949,20.6443,20.7361,9103138.0
2000-03-07,20.5526,20.5526,19.0846,19.7956,13544142.0
2000-03-08,19.7956,21.0802,19.7956,20.8508,12569712.0
2000-03-09,21.4701,22.617,21.1719,22.4335,12869650.0
2000-03-10,22.6629,22.7088,21.6536,21.8601,8712967.0
2000-03-13,20.6902,21.1719,20.5985,20.9196,9302991.0
2000-03-14,20.5067,20.8278,20.3232,20.7361,7484082.0
2000-03-15,20.6443,22.0206,20.5755,21.9518,9626509.0
2000-03-16,22.1812,24.108,22.0895,23.8557,15846598.0
2000-03-17,23.8327,23.8557,23.007,23.0299,8924139.0
2000-03-20,22.617,22.8235,22.1353,22.617,6412398.0
2000-03-21,22.617,23.4887,22.5941,23.4657,5390283.0
2000-03-22,23.1446,23.8328,23.1217,23.6493,5527362.0
2000-03-23,23.3281,23.7639,22.9611,23.0758,5059849.0
2000-03-24,23.0758,23.1217,22.1583,22.6629,7016989.0
2000-03-27,22.3418,22.5941,21.9748,22.4335,5846268.0
2000-03-28,21.9289,22.9382,21.9289,22.5941,7956416.0
2000-03-29,23.0987,23.8557,22.9382,23.4887,7385466.0
2000-03-30,23.4887,24.1998,23.4199,23.5116,6606173.0
2000-03-31,23.4199,23.8328,22.8005,22.8005,5934405.0
2000-04-03,22.8923,24.5897,22.8923,24.498,8014266.0
2000-04-04,25.0714,25.599,23.9475,24.842,12605134.0
2000-04-05,24.9338,25.1402,24.5668,25.0485,6547485.0
2000-04-06,24.5897,24.6127,23.7181,24.0621,6526944.0
2000-04-07,23.9933,24.475,23.8557,24.0392,3481875.0
2000-04-10,23.8786,25.0485,23.8786,24.3603,4936918.0
2000-04-11,24.3833,24.9567,24.3603,24.7044,5979783.0
2000-04-12,24.7962,24.865,23.8098,23.8098,6120425.0
2000-04-13,23.9933,24.5897,23.9016,24.1539,5105542.0
2000-04-14,23.8328,24.0851,22.9611,23.3281,6451069.0
2000-04-17,23.3969,23.7639,22.7088,23.6493,6561633.0
2000-04-18,23.5804,24.3603,23.4887,24.3145,4821534.0
2000-04-19,24.2227,25.599,24.0621,25.3237,8569182.0
2000-04-20,25.3237,25.7825,25.3008,25.599,6856016.0
2000-04-24,25.6449,26.4936,25.599,26.4018,7771758.0
2000-04-25,26.4018,26.723,25.6449,26.6083,7010177.0
2000-04-26,26.4248,26.4936,25.7825,26.4018,4841131.0
2000-04-27,26.1495,26.6541,25.9889,26.2413,5916274.0
2000-04-28,25.5531,25.8054,24.7962,25.5072,8456312.0
2000-05-01,25.5072,25.5302,24.7962,24.7962,5406632.0
2000-05-02,24.6126,25.7137,24.5668,25.4155,4705730.0
2000-05-03,25.3237,25.6449,24.9567,25.0714,4195982.0
2000-05-04,25.1632,25.1861,24.5897,24.6585,3570012.0
2000-05-05,24.5438,25.6678,24.498,25.4155,3832850.0
2000-05-08,25.6678,25.8742,25.3237,25.6449,4484706.0
2000-05-09,25.6907,25.7137,25.209,25.3008,3860203.0
2000-05-10,25.209,25.232,24.4979,24.9567,4449913.0
2000-05-11,25.0485,25.2091,24.6127,25.0485,4217886.0
2000-05-12,25.0714,25.3008,24.7044,25.0026,3186863.0
2000-05-15,25.0485,25.6678,24.7732,25.5531,3349722.0
2000-05-16,25.5531,26.2413,25.3237,26.0577,5361149.0
2000-05-17,25.8742,26.1954,25.5531,25.6219,3518450.0
2000-05-18,25.599,25.9431,25.599,25.6678,2987324.0
2000-05-19,25.3926,26.7688,25.3926,26.5853,7394059.0
2000-05-22,26.4248,27.0212,26.3101,26.5395,6583117.0
2000-05-23,26.9753,27.09,26.6542,27.09,5079970.0
2000-05-24,27.1588,27.5258,26.9064,27.3882,7496239.0
2000-05-25,27.2276,27.5487,26.9294,27.4111,4710026.0
2000-05-26,27.3882,27.6634,27.1588,27.3652,3582798.0
2000-05-30,27.2047,27.5717,27.0441,27.5258,4554922.0
2000-05-31,27.3333,27.6096,27.1951,27.4945,2964268.0
2000-06-01,27.2872,27.7017,26.6195,26.6885,4032390.0
2000-06-02,26.6425,26.6425,25.3529,25.399,6516359.0
2000-06-05,25.422,25.9517,25.3069,25.4911,4650186.0
2000-06-06,25.5602,25.8596,25.3299,25.6408,3428951.0
2000-06-07,25.7674,26.3431,25.7444,25.9747,2805286.0
2000-06-08,25.9747,25.9977,25.4681,25.5372,2538256.0
2000-06-09,25.5372,25.8826,25.376,25.7444,2844377.0
2000-06-12,25.8365,26.4352,25.7214,25.7674,2731926.0
2000-06-13,26.0207,27.2182,25.9747,27.057,4420988.0
2000-06-14,27.1491,27.3794,26.5273,26.8728,5910196.0
2000-06-15,26.8958,27.1721,26.7116,26.8267,3930838.0
2000-06-16,26.7346,27.0109,26.1589,26.1589,11078722.0
2000-06-19,26.3431,26.8037,26.1128,26.5504,3452741.0
2000-06-20,26.5504,26.5504,25.9056,26.1129,3641486.0
2000-06-21,26.0668,26.6885,25.9056,26.6885,4136351.0
2000-06-22,26.3892,26.6425,26.1589,26.251,3812414.0
2000-06-23,26.6655,26.7576,26.3431,26.7576,4701642.0
2000-06-26,26.9879,27.3563,26.8727,27.3563,5490262.0
2000-06-27,27.4945,27.5866,27.057,27.3563,6272699.0
2000-06-28,27.2412,27.4024,27.103,27.2642,3317339.0
2000-06-29,27.5636,27.7248,27.2642,27.3045,5350145.0
2000-06-30,27.3103,28.2717,26.9879,28.2314,7554822.0
2000-07-03,28.0241,28.2544,27.7708,28.1738,3079443.0
2000-07-05,28.3235,28.5077,28.1162,28.4386,4946455.0
2000-07-06,28.1853,28.2313,27.6096,27.7708,4763894.0
2000-07-07,27.7708,27.8169,27.2412,27.4024,4085733.0
2000-07-10,27.3563,27.5866,27.2182,27.5866,4011325.0
2000-07-11,27.5866,27.955,27.08,27.5175,4685503.0
2000-07-12,27.3563,27.4024,26.6425,27.0397,3869740.0
2000-07-13,27.0109,27.0109,25.422,25.4681,8477167.0
2000-07-14,25.4451,25.6063,24.5009,24.7773,8658262.0
2000-07-17,24.6852,25.2378,24.5931,24.8233,10876039.0
2000-07-18,24.7773,24.9154,24.3398,24.4549,6944991.0
2000-07-19,24.3858,24.5931,23.9598,24.0404,6897936.0
2000-07-20,23.9713,23.9944,23.5338,23.6029,5778043.0
2000-07-21,23.6489,23.8332,23.2114,23.4878,8120847.0
2000-07-24,24.5931,25.8365,24.5009,25.6293,14382962.0
2000-07-25,25.5832,26.4813,25.376,26.1244,11350783.0
2000-07-26,26.2971,26.4122,25.6984,25.7905,6114032.0
2000-07-27,26.0668,26.8037,25.7905,26.654,4222392.0
2000-07-28,26.8958,26.9418,26.6885,26.8152,4358527.0
2000-07-31,26.5504,26.6425,25.9056,26.4007,3916271.0
2000-08-01,26.205,27.3563,26.205,27.2988,4829394.0
2000-08-02,27.3563,27.7248,27.126,27.6326,4731091.0
2000-08-03,27.6787,27.7938,27.4484,27.7132,4532914.0
2000-08-04,27.3103,27.4024,26.9188,27.1951,3296170.0
2000-08-07,27.1721,27.1721,26.8037,26.9073,4050625.0
2000-08-08,26.7806,27.057,26.4122,26.6597,4243771.0
2000-08-09,26.2971,27.0339,25.7905,25.9977,6504726.0
2000-08-10,26.1359,26.5504,25.9517,26.3316,4499274.0
2000-08-11,26.274,26.9418,26.274,26.677,2987324.0
2000-08-14,26.6655,26.9418,26.6195,26.8382,2456302.0
2000-08-15,26.9879,27.126,26.7116,26.9879,3133939.0
2000-08-16,27.0109,27.3793,26.9879,27.126,2335363.0
2000-08-17,27.08,27.4024,26.9418,27.2412,2772694.0
2000-08-18,26.9649,27.0109,26.3431,26.5273,4252365.0
2000-08-21,26.2971,26.8497,26.2971,26.4813,2453368.0
2000-08-22,26.5273,26.8958,26.4352,26.7116,2890489.0
2000-08-23,26.7116,27.0109,26.4583,26.6194,3268817.0
2000-08-24,26.5734,26.9418,26.274,26.7116,2820692.0
2000-08-25,26.7116,26.9418,26.5734,26.8728,2587093.0
2000-08-28,26.8497,27.1491,26.6655,26.7,2999376.0
2000-08-29,26.7115,26.7115,26.0438,26.228,3116333.0
2000-08-30,26.1225,26.4464,25.9142,26.3307,3163598.0
2000-08-31,26.2844,26.7009,25.868,25.8738,5503153.0
2000-09-01,25.5672,25.9605,25.5672,25.6135,3800572.0
2000-09-05,24.8036,25.3358,24.4334,24.8557,6167690.0
2000-09-06,25.035,25.197,24.1789,24.4334,4995292.0
2000-09-07,24.1558,25.035,24.0632,24.8962,5318286.0
2000-09-08,24.8962,25.3589,24.5722,25.0003,5041299.0
2000-09-11,24.9887,25.2895,24.9193,25.1507,2759489.0
2000-09-12,25.035,25.2432,24.8499,25.0639,3081434.0
2000-09-13,25.2201,25.544,25.035,25.2953,3611827.0
2000-09-14,25.197,25.2664,24.6648,25.0119,3275943.0
2000-09-15,24.8962,25.2201,24.7111,24.873,5582696.0
2000-09-18,24.873,25.0813,24.8036,24.8499,2535636.0
2000-09-19,24.9656,25.4978,24.8036,25.2895,3427274.0
2000-09-20,25.4746,25.4978,24.7574,25.1333,3901809.0
2000-09-21,25.1738,26.0299,25.1276,25.9605,4529770.0
2000-09-22,26.5158,27.1637,26.4695,27.0943,6677227.0
2000-09-25,26.886,27.0943,26.6778,26.7472,4189590.0
2000-09-26,26.4233,26.6084,26.0068,26.0068,4562887.0
2000-09-27,26.2382,27.0249,25.9837,26.9786,4287368.0
2000-09-28,26.886,27.3488,26.886,27.0711,5815666.0
2000-09-29,27.395,27.719,27.3719,27.557,5430002.0
2000-10-02,27.5108,27.6264,27.2331,27.3951,4620318.0
2000-10-03,27.557,27.5802,26.9786,27.3951,5107533.0
2000-10-04,27.719,27.7653,27.2099,27.2331,5311159.0
2000-10-05,27.4413,27.9041,27.4413,27.8809,4478733.0
2000-10-06,27.7653,28.228,27.2562,28.1586,5027780.0
2000-10-09,28.228,28.39,27.557,27.8809,4329498.0
2000-10-10,27.9504,28.7602,27.9504,28.4594,6415122.0
2000-10-11,28.5057,28.8064,28.1586,28.3206,5926545.0
2000-10-12,28.3206,28.7602,27.9735,28.5751,6717366.0
2000-10-13,28.5519,28.5519,27.6958,28.2049,5553666.0
2000-10-16,27.9504,28.5288,27.8809,28.4594,4491833.0
2000-10-17,28.1123,28.9453,28.1123,28.9453,5605018.0
2000-10-18,28.8065,29.0147,28.1817,28.9453,6133525.0
2000-10-19,28.5751,28.8296,28.228,28.7139,5360101.0
2000-10-20,29.4543,30.3567,29.0841,30.3104,12243050.0
2000-10-23,30.8194,31.6524,30.6806,31.3747,12235819.0
2000-10-24,31.1202,31.6524,31.0971,31.6292,7289783.0
2000-10-25,31.4673,32.3465,31.3285,32.3234,8784860.0
2000-10-26,31.9995,32.3928,31.7449,32.092,7308752.0
2000-10-27,31.8144,32.5779,31.6987,32.5779,8859478.0
2000-10-30,32.4391,33.3183,32.3465,32.8324,9319130.0
2000-10-31,32.8324,33.3183,32.3697,33.2952,9245770.0
2000-11-01,33.3183,33.6654,32.8787,33.2258,9592344.0
2000-11-02,33.0175,33.0638,32.5316,32.9944,6716108.0
2000-11-03,32.5779,32.7167,31.9532,32.5316,7382636.0
2000-11-06,32.1151,33.5034,32.1151,33.3183,7855808.0
2000-11-07,33.1332,33.4109,32.1383,32.1614,6823004.0
2000-11-08,32.9481,33.943,32.9481,33.6191,13156382.0
2000-11-09,33.5034,33.6654,32.5779,33.4803,8816405.0
2000-11-10,33.2951,34.3363,33.272,33.8736,6993409.0
2000-11-13,33.4108,33.6654,32.6704,33.0869,9573270.0
2000-11-14,32.8324,33.9662,32.6936,33.7117,7472659.0
2000-11-15,33.596,34.1281,33.4571,33.9199,6569598.0
2000-11-16,33.8968,34.1975,33.1563,33.3877,4705730.0
2000-11-17,33.1795,33.6654,32.3465,32.763,7561530.0
2000-11-20,32.601,33.7348,32.5779,33.4571,6451278.0
2000-11-21,33.6654,34.1281,33.5959,34.0587,5677226.0
2000-11-22,33.5497,33.9893,32.8556,33.5728,7052621.0
2000-11-24,33.272,33.8273,32.9944,33.1101,2103126.0
2000-11-27,33.2489,34.1744,32.9712,33.9199,5621891.0
2000-11-28,34.0356,34.4058,33.8042,34.2901,5366074.0
2000-11-29,34.4289,35.2387,34.4289,35.1231,8727744.0
2000-11-30,35.447,35.794,34.1513,34.3132,9563524.0
2000-12-01,33.8736,34.0818,32.9944,33.5497,7942582.0
2000-12-04,32.763,34.4058,32.763,34.0356,6431681.0
2000-12-05,34.2438,34.2438,32.7399,33.3183,8278571.0
2000-12-06,33.1195,33.6305,32.8872,33.2821,6040882.0
2000-12-07,33.6305,33.9788,33.2124,33.8395,4519605.0
2000-12-08,33.4446,33.9092,32.9569,33.2821,7013006.0
2000-12-11,33.4446,33.9556,33.375,33.6769,5117698.0
2000-12-12,33.7001,34.0253,33.6305,33.9556,6351299.0
2000-12-13,33.7698,34.2808,33.7466,34.1879,7702905.0
2000-12-14,33.9324,34.095,33.7001,33.8163,3764521.0
2000-12-15,33.8163,34.1879,33.3982,33.584,11178387.0
2000-12-18,33.4446,33.6072,33.0034,33.1892,5236122.0
2000-12-19,32.7479,34.304,32.7479,34.0021,5295230.0
2000-12-20,34.5595,35.3491,34.3504,34.6988,10115191.0
2000-12-21,34.5595,34.7917,33.8162,34.3737,7699970.0
2000-12-22,34.513,34.513,33.5376,33.6305,5113611.0
2000-12-26,33.7698,34.6524,33.6072,34.4433,3810842.0
2000-12-27,34.4666,35.1866,34.4201,34.4433,5269658.0
2000-12-28,34.7917,35.2098,34.7221,35.2098,3281917.0
2000-12-29,35.3027,35.6511,34.722,34.7917,3916481.0
2001-01-02,34.6988,35.3956,34.3737,34.5595,6332959.0
2001-01-03,34.4898,34.5595,32.7479,33.1195,10308128.0
2001-01-04,32.864,32.9105,31.1221,31.5866,19205543.0
2001-01-05,31.5866,31.8885,30.8899,30.9595,9799324.0
2001-01-08,31.215,31.4008,30.7273,31.0292,5143165.0
2001-01-09,31.1918,31.5866,30.8666,31.215,6389761.0
2001-01-10,31.2382,31.5169,30.495,30.9131,6469199.0
2001-01-11,31.0292,31.0757,30.0537,30.3324,6979575.0
2001-01-12,30.4253,30.9595,30.1002,30.2627,5280453.0
2001-01-16,30.2395,31.3776,29.9144,30.9595,5764943.0
2001-01-17,30.8434,30.9595,30.1002,30.1931,6769032.0
2001-01-18,30.286,31.215,30.2395,30.7969,5440378.0
2001-01-19,30.5182,31.0989,30.5182,30.6344,5638659.0
2001-01-22,31.0757,31.0757,30.5182,30.5879,4609418.0
2001-01-23,30.0537,30.0537,29.1944,29.566,11981679.0
2001-01-24,29.6357,29.7286,29.2176,29.3337,8815776.0
2001-01-25,29.566,30.4718,29.5196,30.4254,7649562.0
2001-01-26,30.7505,31.215,30.4486,30.5647,5546330.0
2001-01-29,30.5833,31.0106,29.6543,29.8438,4289988.0
2001-01-30,30.0593,30.286,29.7323,30.1002,3846579.0
2001-01-31,30.0259,30.8434,29.6543,30.5387,6249958.0
2001-02-01,30.7505,31.3934,30.5387,31.3934,5279300.0
2001-02-02,31.4008,31.7055,31.0478,31.2038,4449808.0
2001-02-05,31.2039,31.791,31.2039,31.3934,3141380.0
2001-02-06,31.3971,31.542,31.215,31.3488,3771123.0
2001-02-07,31.3525,31.5011,30.3231,30.416,8175238.0
2001-02-08,30.0444,31.215,29.6394,30.8322,10485135.0
2001-02-09,30.8062,30.8323,30.4941,30.7394,4109208.0
2001-02-12,30.8322,30.9474,30.4904,30.836,3992146.0
2001-02-13,30.5647,30.7431,29.5539,30.0073,6080077.0
2001-02-14,29.8401,29.9998,29.5874,29.5911,3941004.0
2001-02-15,28.9854,29.0783,28.3908,29.0225,8212338.0
2001-02-16,28.7996,29.0597,28.5692,28.7215,6039414.0
2001-02-20,28.729,29.1414,28.6323,28.9482,4544233.0
2001-02-21,29.2418,29.5799,29.1637,29.2492,4478838.0
2001-02-22,29.2492,29.3235,28.4651,28.8739,5436081.0
2001-02-23,28.6323,28.9594,28.5023,28.6435,5378336.0
2001-02-26,28.6509,29.5428,28.5023,29.4796,4406840.0
2001-02-27,28.9854,29.7249,28.9854,29.6951,4327716.0
2001-02-28,29.6951,30.2563,29.6357,29.8029,6623465.0
2001-03-01,29.9144,30.1113,29.6022,29.6357,4790513.0
2001-03-02,29.5242,29.8772,29.5242,29.7843,3650184.0
2001-03-05,29.5428,29.6914,29.0597,29.5539,3533961.0
2001-03-06,29.3198,29.3235,28.532,28.781,5640965.0
2001-03-07,28.4077,28.4077,27.2469,27.7695,8447404.0
2001-03-08,28.1987,28.2024,27.4709,27.915,8119904.0
2001-03-09,28.2547,28.4637,28.027,28.251,5265886.0
2001-03-12,28.1801,28.2659,27.4522,27.6762,5265781.0
2001-03-13,27.2843,27.4896,26.5751,27.2208,9136254.0
2001-03-14,26.8737,27.1424,26.5452,26.8476,5866599.0
2001-03-15,26.8476,27.6389,26.6834,27.6389,7885362.0
2001-03-16,27.3253,27.4336,26.3847,26.6684,10012068.0
2001-03-19,26.6497,27.2096,26.5714,26.8998,4925705.0
2001-03-20,27.0566,27.0753,26.1459,26.2205,5551256.0
2001-03-21,25.9592,26.0712,25.2015,25.3658,6039100.0
2001-03-22,25.1941,26.2019,24.6342,26.019,7780562.0
2001-03-23,25.698,26.3698,25.2687,25.7465,8962391.0
2001-03-26,26.1272,26.8364,25.9592,26.6796,5607953.0
2001-03-27,27.0603,27.6202,26.8364,27.4746,5910615.0
2001-03-28,27.4336,28.1278,27.2693,28.0494,5089717.0
2001-03-29,27.7322,28.6093,27.2955,27.6948,5654903.0
2001-03-30,27.6948,28.4786,27.6127,28.3293,4855698.0
2001-04-02,28.1427,28.3629,27.456,27.7135,5306234.0
2001-04-03,27.7172,28.2734,27.023,27.176,6232246.0
2001-04-04,27.2283,28.0158,26.8924,27.7994,5335473.0
2001-04-05,27.7993,28.3256,27.6239,28.2846,5350564.0
2001-04-06,27.9934,28.5682,27.7508,28.5234,4912919.0
2001-04-09,28.7586,29.1132,28.5906,29.1132,4635304.0
2001-04-10,29.2998,29.3707,28.9265,29.2587,6191584.0
2001-04-11,28.8855,28.9377,28.6018,28.7959,5062154.0
2001-04-12,28.516,29.7477,28.516,29.673,5039622.0
2001-04-16,29.673,30.0164,29.2998,29.5237,4578502.0
2001-04-17,29.2998,30.1769,29.2961,30.1769,4985441.0
2001-04-18,29.8186,30.0164,29.1878,29.5984,8203115.0
2001-04-19,29.3856,29.4752,28.8892,29.2139,5655008.0
2001-04-20,28.18,28.3293,26.8737,27.4746,16874162.0
2001-04-23,27.7881,27.9561,27.6164,27.7135,6132896.0
2001-04-24,27.7135,27.9934,27.2656,27.4186,5098939.0
2001-04-25,27.4186,27.986,27.3626,27.9412,4680158.0
2001-04-26,27.8479,28.1987,27.665,27.9374,4794600.0
2001-04-27,27.9934,28.348,27.8068,28.236,4171983.0
2001-04-30,28.5309,28.6093,28.2734,28.3555,4660246.0
2001-05-01,28.0494,28.3443,28.0121,28.2174,4869218.0
2001-05-02,28.1987,28.2174,27.7135,27.9598,4566136.0
2001-05-03,28.0121,28.307,27.7882,28.0942,3935659.0
2001-05-04,28.0121,28.6914,27.9262,28.5048,3341443.0
2001-05-07,28.4749,28.7399,28.1241,28.7026,2964897.0
2001-05-08,28.404,28.5682,28.1353,28.5309,3219561.0
2001-05-09,28.7026,28.934,28.6653,28.8594,4193258.0
2001-05-10,28.8594,29.0199,28.4077,28.5608,3021070.0
2001-05-11,28.0681,28.3667,28.0121,28.3443,5220822.0
2001-05-14,28.3443,28.6242,28.0121,28.6242,3053767.0
2001-05-15,28.348,28.4227,27.818,28.3293,4025578.0
2001-05-16,28.4973,29.4454,28.4861,29.1505,6466370.0
2001-05-17,28.9639,29.5312,28.9452,29.3371,5541195.0
2001-05-18,29.4827,29.5461,28.5048,28.8892,4496234.0
2001-05-21,28.9825,29.1318,28.5272,28.8892,5217573.0
2001-05-22,28.5906,28.5944,27.9972,28.0308,6538682.0
2001-05-23,28.0681,28.1651,27.1984,27.6202,7660146.0
2001-05-24,27.4709,27.4709,26.7841,27.0603,8983037.0
2001-05-25,27.1163,27.3701,26.9036,27.0977,3747229.0
2001-05-29,27.4149,27.8591,27.3403,27.7658,4717467.0
2001-05-30,27.7658,27.7658,27.2693,27.3514,5210132.0
2001-05-31,27.4677,27.5427,27.0365,27.3702,3969824.0
2001-06-01,26.999,27.9402,26.999,27.8239,5066451.0
2001-06-04,27.7114,27.9177,27.5239,27.8689,2620734.0
2001-06-05,27.9289,28.3077,27.6289,28.2477,4377706.0
2001-06-06,28.2177,28.2364,27.6589,27.7302,3156366.0
2001-06-07,27.6664,28.0752,27.6627,28.0527,4204786.0
2001-06-08,27.9739,28.1202,27.7039,27.8314,2221865.0
2001-06-11,27.5614,27.6327,26.9615,27.0927,4531552.0
2001-06-12,26.9277,27.3702,26.6615,27.2277,5064774.0
2001-06-13,26.9802,27.6364,26.819,27.4227,5037422.0
2001-06-14,27.3739,27.7564,27.3439,27.7114,5339665.0
2001-06-15,27.7152,27.9514,27.4489,27.6552,8442583.0
2001-06-18,27.4414,28.0639,27.4114,27.8427,3924760.0
2001-06-19,27.7114,27.9739,27.5614,27.9739,3917634.0
2001-06-20,27.9739,28.4427,27.8877,27.9964,4655845.0
2001-06-21,28.1802,28.2177,27.7489,27.9252,4312939.0
2001-06-22,26.2752,26.2752,25.3828,25.424,19734888.0
2001-06-25,25.5928,25.7353,25.049,25.3115,7129334.0
2001-06-26,25.0865,25.3115,24.8278,24.8315,7033233.0
2001-06-27,24.8991,25.0115,24.6141,24.6141,7983664.0
2001-06-28,24.5991,24.749,24.3666,24.3741,8773646.0
2001-06-29,24.5241,24.6178,23.8678,23.9653,10473083.0
2001-07-02,24.0178,24.2691,24.0141,24.1303,7487436.0
2001-07-03,24.3741,24.3741,24.1978,24.2616,4248697.0
2001-07-05,24.2616,24.4791,23.9241,24.0516,6039414.0
2001-07-06,24.0516,24.1603,23.7853,23.7891,4250374.0
2001-07-09,23.9991,24.2991,23.9128,24.2241,7066140.0
2001-07-10,24.1791,24.2653,23.8641,23.8941,5754044.0
2001-07-11,23.6728,23.7928,23.0766,23.3841,9164865.0
2001-07-12,23.0991,23.0991,22.6304,22.8741,11811903.0
2001-07-13,22.9679,23.4179,22.9116,23.0616,9735291.0
2001-07-16,23.2679,23.6203,23.0616,23.6166,7019190.0
2001-07-17,23.6054,24.3366,23.6054,24.1791,8083329.0
2001-07-18,24.3703,25.3303,24.3328,25.3303,11479792.0
2001-07-19,25.3303,25.4203,24.9403,25.2365,9108273.0
2001-07-20,25.1165,25.334,24.8428,24.9103,6835161.0
2001-07-23,24.9178,25.124,24.6366,24.6366,4185293.0
2001-07-24,24.6366,24.6928,24.2241,24.3478,5280558.0
2001-07-25,24.5541,24.6815,24.2991,24.3703,5525266.0
2001-07-26,24.3741,24.4116,24.1041,24.2841,5757922.0
2001-07-27,24.5241,24.6891,24.2991,24.4266,4086257.0
2001-07-30,24.4266,24.989,24.2991,24.8428,4328869.0
2001-07-31,24.9178,25.874,24.8916,25.4915,6950965.0
2001-08-01,25.3153,25.6865,25.2253,25.4953,4879907.0
2001-08-02,25.514,25.6528,25.3753,25.4203,3563514.0
2001-08-03,25.2178,25.7353,25.1728,25.5403,3553349.0
2001-08-06,25.5403,25.6978,25.214,25.2815,3391118.0
2001-08-07,25.3303,25.6903,25.259,25.679,3043182.0
2001-08-08,25.4128,25.799,25.3865,25.4428,4371942.0
2001-08-09,25.3303,25.4878,25.1653,25.4315,5173033.0
2001-08-10,25.4165,26.039,25.3978,25.8853,4492462.0
2001-08-13,26.054,26.2302,25.9865,26.1177,3732871.0
2001-08-14,26.174,26.2565,26.024,26.249,3714322.0
2001-08-15,26.249,26.5377,25.7503,25.8365,5011955.0
2001-08-16,25.874,26.3427,25.649,26.2452,5027466.0
2001-08-17,26.249,26.339,25.7278,25.9302,3808432.0
2001-08-20,26.0052,26.549,26.0052,26.4665,4837463.0
2001-08-21,26.354,26.8115,26.1553,26.5302,4574415.0
2001-08-22,26.2302,26.714,25.9303,26.7065,6877919.0
2001-08-23,26.2865,26.3615,25.5178,25.6903,9797962.0
2001-08-24,25.499,25.9678,25.3865,25.8815,5523170.0
2001-08-27,25.799,26.0315,25.649,25.7615,3279192.0
2001-08-28,25.5928,25.9527,25.4653,25.5028,3458924.0
2001-08-29,25.4615,25.6453,25.1428,25.1765,3345006.0
2001-08-30,25.1238,25.5158,24.7468,24.875,4400866.0
2001-08-31,24.7468,25.1728,24.4113,24.5395,4100824.0
2001-09-04,24.5772,25.0597,24.5206,24.6149,6548009.0
2001-09-05,24.6224,25.5949,24.3887,25.5196,6785800.0
2001-09-06,25.3311,25.4743,24.694,24.7845,5254358.0
2001-09-07,24.6337,24.6337,24.1814,24.2379,5074206.0
2001-09-10,24.1248,25.0672,23.9401,24.9164,5744088.0
2001-09-17,25.6138,25.6703,24.9353,25.3122,9532084.0
2001-09-18,25.3122,26.0398,25.1916,25.7495,7641178.0
2001-09-19,25.9907,26.1001,25.0861,25.5799,9043611.0
2001-09-20,25.2557,25.4894,25.1049,25.1991,8430741.0
2001-09-21,24.1248,25.3273,24.0457,24.7657,13921842.0
2001-09-24,24.7657,25.1238,23.8874,24.1211,10237493.0
2001-09-25,23.7479,24.1248,22.9374,23.5406,12446362.0
2001-09-26,23.5368,24.008,23.5368,23.8798,8072010.0
2001-09-27,24.1173,25.2331,24.0834,24.9579,6885150.0
2001-09-28,25.5573,25.5874,24.5621,25.1049,7910304.0
2001-10-01,25.1991,25.7533,25.1238,25.7533,8254886.0
2001-10-02,25.7533,25.8098,25.3009,25.7985,4712542.0
2001-10-03,25.8023,25.8023,24.9843,25.5045,6080601.0
2001-10-04,25.5309,25.6289,25.0107,25.2934,5656580.0
2001-10-05,25.2934,25.7834,25.1615,25.7306,4935242.0
2001-10-08,25.6138,26.0096,25.5497,25.8588,3677013.0
2001-10-09,25.7457,25.8098,25.3085,25.6063,3728050.0
2001-10-10,25.5309,26.085,25.3989,25.8173,4204366.0
2001-10-11,25.8023,25.8588,25.4592,25.7005,5534174.0
2001-10-12,25.7269,26.1151,25.5836,26.0699,5057858.0
2001-10-15,25.9342,26.3865,25.9342,26.3677,4266722.0
2001-10-16,26.3865,26.6127,25.8965,26.1264,4739370.0
2001-10-17,25.938,26.2546,25.7834,26.0284,5373096.0
2001-10-18,25.5007,25.6138,24.9051,24.9918,7446145.0
2001-10-19,24.973,24.9918,24.4075,24.645,7150714.0
2001-10-22,24.6488,25.5082,24.645,25.3537,6177331.0
2001-10-23,25.708,25.708,25.071,25.2369,4187494.0
2001-10-24,24.9541,25.5573,24.9391,25.2557,4010486.0
2001-10-25,25.0295,25.365,24.6073,25.0634,4859366.0
2001-10-26,25.0484,25.0521,24.728,24.8034,4195878.0
2001-10-29,24.6903,24.9051,24.5583,24.5885,3185710.0
2001-10-30,24.5093,24.5583,24.1173,24.4076,4206777.0
2001-10-31,24.4,24.4867,24.0495,24.0532,4336729.0
2001-11-01,24.0532,24.4641,23.9062,24.2002,5825832.0
2001-11-02,24.1248,24.596,24.1248,24.5131,4358527.0
2001-11-05,24.7016,24.9579,24.5621,24.645,4201013.0
2001-11-06,24.351,24.7317,24.1663,24.6677,4829603.0
2001-11-07,24.6677,24.9315,24.2945,24.4038,4094431.0
2001-11-08,24.4452,24.7996,24.3435,24.5847,4401286.0
2001-11-09,24.5772,24.7958,24.2945,24.3548,3435973.0
2001-11-12,24.1625,24.4264,23.9364,24.2681,4527674.0
2001-11-13,24.2869,24.5244,24.0306,24.3435,6104810.0
2001-11-14,24.4566,24.6978,24.2417,24.4603,5106170.0
2001-11-15,24.4905,24.7091,24.3284,24.3736,5424029.0
2001-11-16,24.5772,24.6488,24.1437,24.4641,5739686.0
2001-11-19,24.3133,24.3661,24.0306,24.3472,7126819.0
2001-11-20,24.1248,24.351,24.0871,24.1776,5740525.0
2001-11-21,24.1776,24.7355,24.1437,24.7204,4760750.0
2001-11-23,24.7204,24.9277,24.5018,24.8524,2452530.0
2001-11-26,24.8222,25.6364,24.7883,25.2745,6490054.0
2001-11-27,25.2745,25.5874,24.8787,25.1011,5263475.0
2001-11-28,25.1464,25.2444,24.596,24.6337,4634990.0
2001-11-29,24.9164,25.2142,24.8222,25.1991,5056810.0
2001-11-30,25.2557,25.6816,25.2557,25.5384,5919838.0
2001-12-03,25.3122,25.8211,25.1992,25.8211,5402964.0
2001-12-04,25.8211,25.8475,25.2557,25.4932,4667058.0
2001-12-05,25.4932,25.4932,24.8187,25.0991,7216947.0
2001-12-06,25.2014,25.3871,25.0271,25.065,5804034.0
2001-12-07,25.065,25.3871,25.0498,25.3871,5302356.0
2001-12-10,25.2545,25.7281,25.0839,25.3833,7368383.0
2001-12-11,25.5576,25.5955,22.6627,22.9999,21704918.0
2001-12-12,23.0189,23.0189,21.7836,22.1739,34441577.0
2001-12-13,22.1853,22.6779,21.7874,21.9541,14345129.0
2001-12-14,22.0337,22.1247,21.8897,22.011,8121371.0
2001-12-17,22.1966,22.3179,21.5222,21.6624,11281930.0
2001-12-18,21.9731,22.3103,21.6965,22.1663,9670525.0
2001-12-19,22.1701,22.7347,22.1284,22.4808,10680902.0
2001-12-20,22.4808,22.7991,22.2383,22.64,7212022.0
2001-12-21,22.8105,22.8218,22.5452,22.5945,9449502.0
2001-12-24,22.621,22.7877,22.6021,22.7461,2718093.0
2001-12-26,22.7461,22.8863,22.568,22.7157,4745763.0
2001-12-27,22.3634,22.6513,22.2989,22.6513,5380642.0
2001-12-28,22.6021,22.7044,22.5036,22.5528,4161608.0
2001-12-31,22.5642,22.6134,22.2648,22.28,5665069.0
2002-01-02,22.4126,22.6779,22.0148,22.6438,7540465.0
2002-01-03,22.6438,22.6438,22.1284,22.3671,8374987.0
2002-01-04,22.1853,22.3141,21.9579,22.3141,6844383.0
2002-01-07,22.1436,22.2232,21.9882,22.0148,5809378.0
2002-01-08,22.0148,22.2535,21.9996,22.2535,7456520.0
2002-01-09,22.2535,22.6021,22.2042,22.2876,6867544.0
2002-01-10,22.1284,22.352,22.0792,22.3444,5461862.0
2002-01-11,22.5831,22.6779,22.1777,22.3482,5967207.0
2002-01-14,22.3937,22.6854,22.299,22.299,5304138.0
2002-01-15,22.5452,22.6779,21.9958,22.2232,8557025.0
2002-01-16,22.2989,22.4619,22.0451,22.064,4209397.0
2002-01-17,22.0413,22.3179,22.0072,22.2042,4393950.0
2002-01-18,22.2042,22.3179,21.795,21.9769,5840714.0
2002-01-22,22.1436,22.5415,22.1436,22.4657,5512480.0
2002-01-23,22.5339,22.6892,22.0716,22.0716,7475908.0
2002-01-24,21.9807,22.0451,21.7154,21.8329,7385151.0
2002-01-25,21.6662,21.7116,21.5222,21.5828,6826043.0
2002-01-28,21.7078,21.7116,21.4881,21.598,5198709.0
2002-01-29,22.0716,22.299,21.6321,21.795,12117919.0
2002-01-30,21.9693,22.5452,21.8708,22.2952,10328564.0
2002-01-31,22.1853,22.4619,22.0754,22.424,6833274.0
2002-02-01,22.3634,22.5831,22.3293,22.5187,4906422.0
2002-02-04,22.5187,22.5225,22.0223,22.1436,4371627.0
2002-02-05,21.9769,22.5907,21.9466,22.5073,4716419.0
2002-02-06,22.3558,22.4695,22.1284,22.2118,4238007.0
2002-02-07,22.1739,22.3899,21.9996,22.1019,4635409.0
2002-02-08,21.9996,22.7309,21.8632,22.4126,5242725.0
2002-02-11,22.4164,22.5756,22.2232,22.5263,4280346.0
2002-02-12,22.477,22.9431,22.4354,22.8181,6067815.0
2002-02-13,22.8484,22.9962,22.64,22.9545,5761275.0
2002-02-14,22.7499,22.7915,22.4126,22.6172,6589719.0
2002-02-15,22.6172,22.7195,22.4581,22.6627,7360104.0
2002-02-19,22.405,22.64,22.3179,22.4505,4251946.0
2002-02-20,22.4543,23.2955,22.3785,23.2121,7617807.0
2002-02-21,23.2121,23.5304,23.106,23.1174,7516675.0
2002-02-22,22.962,23.466,22.9355,23.3031,6151550.0
2002-02-25,23.1666,23.2652,22.8825,23.053,6214221.0
2002-02-26,23.0492,23.2993,22.8332,22.981,5393532.0
2002-02-27,23.1591,23.6744,22.8711,23.0681,7413133.0
2002-02-28,22.981,23.394,22.981,23.2387,4860624.0
2002-03-01,23.25,23.8638,23.2311,23.8638,5145890.0
2002-03-04,23.7729,23.9737,23.5683,23.8752,5961129.0
2002-03-05,23.7767,23.8601,23.4205,23.4205,5888398.0
2002-03-06,23.5882,24.0112,23.5691,23.8816,5101978.0
2002-03-07,23.8816,24.1522,23.5082,24.0721,4874248.0
2002-03-08,24.0721,24.1941,23.7025,23.8168,4676386.0
2002-03-11,23.8664,24.0341,23.6416,23.9083,3878229.0
2002-03-12,23.8245,24.217,23.6301,24.1941,4151023.0
2002-03-13,24.1026,24.579,24.0683,24.5294,7334323.0
2002-03-14,24.3313,24.5028,24.1331,24.175,4040040.0
2002-03-15,23.2071,23.2452,22.6889,22.7689,28237102.0
2002-03-18,22.5822,22.7498,22.2964,22.4031,13601258.0
2002-03-19,22.5898,22.5898,22.1973,22.2621,9058912.0
2002-03-20,22.2621,22.464,21.9953,22.1325,10064049.0
2002-03-21,22.1363,22.1706,21.8353,22.1211,6292506.0
2002-03-22,21.9877,22.4374,21.9877,22.1782,5629646.0
2002-03-25,22.0563,22.3192,21.9153,21.9153,7057651.0
2002-03-26,21.9496,22.102,21.7781,21.8734,5974543.0
2002-03-27,21.8543,21.9115,21.7133,21.8772,5765991.0
2002-03-28,21.8772,21.9877,21.8162,21.942,6613404.0
2002-04-01,21.961,22.0258,21.82,21.9496,7897204.0
2002-04-02,21.9496,22.0068,21.6447,21.8886,7415962.0
2002-04-03,21.9763,22.0029,21.7019,21.8315,7152286.0
2002-04-04,21.397,21.4352,21.0541,21.2637,14351731.0
2002-04-05,21.3742,21.3856,20.9626,21.0541,7930635.0
2002-04-08,20.9893,21.1494,20.5777,20.6387,9804774.0
2002-04-09,20.5968,20.9207,20.4063,20.4215,11641079.0
2002-04-10,20.4825,20.4977,20.1586,20.25,11391865.0
2002-04-11,20.1967,20.3872,19.4345,19.8728,14588474.0
2002-04-12,20.0404,20.654,19.8156,20.5778,11284235.0
2002-04-15,20.7683,20.9474,20.6082,20.7797,7270081.0
2002-04-16,20.9398,21.0617,20.7873,20.9664,7640863.0
2002-04-17,21.1113,21.1189,20.9207,20.9779,7918374.0
2002-04-18,21.3399,21.6257,21.2637,21.5571,10308966.0
2002-04-19,21.7743,21.7743,21.6485,21.6981,8296911.0
2002-04-22,21.7019,21.7172,21.4352,21.538,5781816.0
2002-04-23,21.5685,21.7019,21.0579,21.1455,7531242.0
2002-04-24,21.0731,21.2218,20.8064,20.8978,6776787.0
2002-04-25,20.8978,21.2256,20.8026,20.9169,7434722.0
2002-04-26,20.9969,20.9969,20.4901,20.7568,4980306.0
2002-04-29,20.7568,21.0045,20.654,20.8331,6807494.0
2002-04-30,20.7683,20.8407,20.4825,20.7073,7758030.0
2002-05-01,20.5968,21.1493,20.5815,21.0731,6713593.0
2002-05-02,21.0731,21.2637,20.8445,21.176,7489951.0
2002-05-03,21.2827,21.298,20.9588,21.1494,5123462.0
2002-05-06,21.1875,21.4542,21.1532,21.2903,6422039.0
2002-05-07,21.3094,21.3666,20.9664,21.1684,6955890.0
2002-05-08,21.0541,21.7095,20.8826,21.58,5606695.0
2002-05-09,21.3018,21.4847,21.2484,21.2484,4820590.0
2002-05-10,21.256,21.7095,21.1036,21.1913,6027886.0
2002-05-13,21.3361,21.6409,21.2942,21.5838,4385146.0
2002-05-14,21.7133,22.022,21.6752,21.9115,5767773.0
2002-05-15,21.7553,21.8886,21.4923,21.6828,5616756.0
2002-05-16,21.6829,21.6867,21.3399,21.5685,6015834.0
2002-05-17,21.5685,22.1973,21.5495,22.1516,6409673.0
2002-05-20,22.1135,22.4259,21.9534,22.1782,5167688.0
2002-05-21,22.1821,22.3078,21.9191,22.0258,5210237.0
2002-05-22,21.9877,22.1973,21.7286,21.9191,4425390.0
2002-05-23,21.8277,21.9305,21.5304,21.9115,5864084.0
2002-05-24,21.8924,22.0639,21.4428,21.5266,4125662.0
2002-05-28,21.5304,21.5762,21.3208,21.3551,4641592.0
2002-05-29,21.3551,21.7972,21.3208,21.7705,6305921.0
2002-05-30,21.4923,21.7705,21.378,21.4885,4531447.0
2002-05-31,21.6638,21.8543,21.5418,21.7591,7080812.0
2002-06-03,21.74,21.7934,20.9779,21.0427,5310740.0
2002-06-04,21.0427,21.0503,20.6692,20.8254,6162345.0
2002-06-05,21.0747,21.0901,20.7334,21.0747,4803718.0
2002-06-06,20.8063,20.8101,20.0967,20.4036,8871110.0
2002-06-07,20.0392,20.3844,19.9472,20.2041,10016889.0
2002-06-10,20.2003,21.0555,20.043,20.8254,5937863.0
2002-06-11,20.4803,20.7104,19.7976,19.8973,9967842.0
2002-06-12,19.4754,19.9817,19.4754,19.9395,8201124.0
2002-06-13,19.8666,20.3652,19.625,19.9549,7312001.0
2002-06-14,19.9433,20.208,19.5406,20.1389,6917848.0
2002-06-17,20.1389,20.6605,19.9855,20.4688,5623254.0
2002-06-18,20.4304,20.5531,20.2847,20.3115,4312520.0
2002-06-19,20.1428,20.5186,20.0622,20.1504,5440482.0
2002-06-20,19.9625,20.1619,19.9433,20.02,4860729.0
2002-06-21,19.2722,19.6365,19.0804,19.1686,16015746.0
2002-06-24,18.8119,19.1763,18.2558,18.9845,14096438.0
2002-06-25,18.7045,19.2338,18.6662,18.8119,8564885.0
2002-06-26,18.4092,19.4639,18.2558,19.3028,9401608.0
2002-06-27,19.2913,19.5598,18.9807,19.5138,6733505.0
2002-06-28,19.2913,19.7324,19.1226,19.4217,7595485.0
2002-07-01,19.5176,19.5943,18.601,18.6969,6790935.0
2002-07-02,18.7736,18.7928,17.8531,17.995,9363880.0
2002-07-03,17.8915,18.1331,17.8608,18.1331,10632694.0
2002-07-05,18.2175,18.7544,18.2175,18.7391,4089296.0
2002-07-08,18.018,18.5243,17.8723,18.3364,19903721.0
2002-07-09,18.0679,18.1791,17.3584,17.5463,14705641.0
2002-07-10,17.4504,17.4504,16.6258,16.7102,19899110.0
2002-07-11,16.4072,17.2241,16.1464,16.9825,19090997.0
2002-07-12,16.9902,17.6,16.6067,17.4696,12063004.0
2002-07-15,17.2587,18.1024,16.4417,17.5271,13194215.0
2002-07-16,17.1628,17.5271,16.7792,16.879,9176602.0
2002-07-17,17.1052,17.5463,16.6872,17.0669,10095070.0
2002-07-18,16.7332,16.9748,16.1081,16.1081,8992574.0
2002-07-19,16.1119,16.3612,15.8971,15.9163,12485662.0
2002-07-22,15.8396,16.2807,14.9575,15.3449,12743890.0
2002-07-23,15.2106,15.5328,14.7657,14.9767,12019826.0
2002-07-24,14.9959,16.4954,14.7887,16.3382,14185833.0
2002-07-25,16.1848,17.274,16.0544,17.0516,12004002.0
2002-07-26,16.9595,17.6422,16.7562,17.6422,8846482.0
2002-07-29,18.2098,18.6278,17.9989,18.5857,10087419.0
2002-07-30,18.3134,18.8311,18.2175,18.6048,7584795.0
2002-07-31,18.5243,19.0229,18.1254,19.0229,7520867.0
2002-08-01,18.9308,18.9308,18.2788,18.3901,7017513.0
2002-08-02,18.1599,18.9232,18.1139,18.3555,7029670.0
2002-08-05,18.3133,18.3785,17.3929,17.4658,6173663.0
2002-08-06,17.7304,18.4016,17.6844,17.9605,6195462.0
2002-08-07,18.1331,18.7889,17.9145,18.7736,6080391.0
2002-08-08,18.8656,19.3642,18.7774,19.3105,8251952.0
2002-08-09,19.2722,19.7631,19.0152,19.5675,7465952.0
2002-08-12,19.2338,19.7823,19.2146,19.6557,4865130.0
2002-08-13,19.4064,19.7094,19.0267,19.0536,5493406.0
2002-08-14,18.8311,19.6749,18.5588,19.5943,7758868.0
2002-08-15,19.5598,19.8283,19.1073,19.3987,5719460.0
2002-08-16,19.3987,19.4179,19.0305,19.1763,5121471.0
2002-08-19,19.1763,19.8666,19.1763,19.6595,4838721.0
2002-08-20,19.3872,19.7516,19.3489,19.4217,4040564.0
2002-08-21,19.5138,19.9932,19.4984,19.8973,5145785.0
2002-08-22,19.8666,20.7104,19.7899,20.6337,7231829.0
2002-08-23,20.5263,20.6337,19.9472,20.1581,5145680.0
2002-08-26,20.1581,20.3269,19.7861,20.2003,4823839.0
2002-08-27,20.1274,20.3307,19.7247,19.8129,4505142.0
2002-08-28,19.5598,19.7899,19.2798,19.4217,4809586.0
2002-08-29,19.0842,19.7516,19.0842,19.4601,4260015.0
2002-08-30,19.4256,19.7362,19.2722,19.3757,4541613.0
2002-09-03,18.9653,19.0804,18.3134,18.3594,6717261.0
2002-09-04,18.3555,19.0356,18.2396,18.9854,7109318.0
2002-09-05,18.5487,18.9274,18.2589,18.6647,6679428.0
2002-09-06,18.9236,18.9236,18.5565,18.7806,4557018.0
2002-09-09,18.7806,19.31,18.7033,19.0897,5137506.0
2002-09-10,19.0936,19.2907,18.9352,19.1825,2995498.0
2002-09-11,19.3796,19.4491,19.1129,19.1554,2908934.0
2002-09-12,18.8965,19.2057,18.8386,18.9738,5841866.0
2002-09-13,18.8965,19.1477,18.5487,19.0395,4223335.0
2002-09-16,18.8617,18.997,18.4908,18.8617,4263159.0
2002-09-17,19.1631,19.1863,18.1662,18.2937,6726483.0
2002-09-18,18.2009,18.4676,17.9575,18.1855,6047694.0
2002-09-19,17.8029,18.1237,17.4165,17.4629,5852137.0
2002-09-20,17.459,17.8106,17.459,17.6754,10351306.0
2002-09-23,17.4087,17.6754,17.316,17.486,5589718.0
2002-09-24,17.2542,17.8647,17.173,17.7372,6743356.0
2002-09-25,17.8918,18.5487,17.857,18.4328,6686135.0
2002-09-26,18.4328,18.8385,18.3516,18.8385,6995190.0
2002-09-27,18.5101,18.7419,17.7952,17.8763,7951176.0
2002-09-30,17.8763,17.9498,17.4358,17.6638,7777942.0
2002-10-01,17.8918,17.9691,17.5092,17.9227,9034284.0
2002-10-02,18.143,18.4985,17.9884,18.143,6852348.0
2002-10-03,18.1043,18.6028,17.687,17.8879,6522123.0
2002-10-04,17.7024,17.7759,16.9141,17.1035,8416698.0
2002-10-07,17.1421,17.8338,16.9837,17.0532,6666538.0
2002-10-08,17.3894,18.085,17.2465,17.7759,7907789.0
2002-10-09,17.1962,18.1391,16.7518,17.6329,12833808.0
2002-10-10,17.6329,17.8725,17.1692,17.7797,9122840.0
2002-10-11,17.7797,18.4367,17.6715,18.2782,5636982.0
2002-10-14,18.2821,19.4337,18.2821,19.167,9880125.0
2002-10-15,19.5534,19.7157,19.3641,19.6616,9736339.0
2002-10-16,19.6887,19.9399,19.0936,19.2829,7044761.0
2002-10-17,19.7853,19.8008,19.3718,19.6114,6491312.0
2002-10-18,19.6114,19.7814,18.9738,19.7196,11185828.0
2002-10-21,19.0704,19.8896,19.0356,19.766,8224494.0
2002-10-22,19.4762,19.6694,19.2327,19.5728,6047798.0
2002-10-23,19.3139,19.8665,19.2095,19.8471,7088148.0
2002-10-24,19.8896,20.0751,19.3409,19.5109,6012690.0
2002-10-25,19.5109,20.4732,19.368,20.4461,6544236.0
2002-10-28,21.0219,21.3465,20.7978,20.9562,12329930.0
2002-10-29,20.7321,21.1803,20.2954,20.6548,7656688.0
2002-10-30,20.7127,21.0567,20.5311,20.9601,5663497.0
2002-10-31,20.9601,21.2151,20.7514,20.9601,6750692.0
2002-11-01,20.6741,21.1378,20.5272,20.8905,7383370.0
2002-11-04,20.9832,21.2924,20.6934,20.7436,7671360.0
2002-11-05,20.7475,21.018,20.4809,20.9446,7923299.0
2002-11-06,20.9485,21.872,20.9485,21.6402,15335594.0
2002-11-07,21.3619,21.6324,21.3542,21.416,7455472.0
2002-11-08,21.416,21.8179,21.331,21.6093,7123570.0
2002-11-11,21.6015,21.6672,21.1262,21.2653,5238323.0
2002-11-12,21.2963,21.4817,21.0258,21.1842,6116966.0
2002-11-13,20.906,21.2499,20.0172,20.4036,13138986.0
2002-11-14,20.4075,20.9369,20.2181,20.8441,8597373.0
2002-11-15,20.8944,21.4045,20.8751,21.3967,8281610.0
2002-11-18,21.5938,21.988,21.4276,21.8566,6693157.0
2002-11-19,21.8566,22.4092,21.7175,22.2623,8078927.0
2002-11-20,22.2623,22.4981,21.8604,22.2121,8887564.0
2002-11-21,22.9927,22.9927,22.4517,22.7299,10822591.0
2002-11-22,22.7801,23.097,22.7608,22.8111,9071698.0
2002-11-25,23.0816,23.3714,22.9541,23.3057,8217473.0
2002-11-26,23.0313,23.1859,22.4981,22.6526,8019191.0
2002-11-27,22.8768,23.2786,22.8072,23.1473,6379595.0
2002-11-29,23.1511,23.182,22.8497,22.9579,3142009.0
2002-12-02,23.3598,23.3598,22.8768,23.1666,6655010.0
2002-12-03,22.8227,22.8652,21.3156,22.7299,25408446.0
2002-12-04,22.7299,23.0176,22.5705,22.8777,8799532.0
2002-12-05,23.2315,23.2898,22.7455,23.0293,8936820.0
2002-12-06,22.7066,22.9632,22.5705,22.7727,6739269.0
2002-12-09,22.1661,23.212,22.1661,22.8427,7758973.0
2002-12-10,22.8466,23.1226,22.6677,22.9399,5687810.0
2002-12-11,22.9438,22.9476,22.5822,22.7027,6034908.0
2002-12-12,22.7066,22.7066,22.1389,22.2245,6181733.0
2002-12-13,21.9367,22.5861,21.9367,22.2944,5681522.0
2002-12-16,22.4927,22.7649,22.3567,22.7455,5494035.0
2002-12-17,22.7494,22.8466,22.59,22.6677,4961756.0
2002-12-18,22.5511,22.5783,22.0145,22.1078,5628494.0
2002-12-19,21.9873,22.2672,21.7579,21.8823,5437129.0
2002-12-20,21.9756,22.1623,21.8318,21.9134,9298799.0
2002-12-23,21.9873,22.2945,21.8901,22.0262,6715584.0
2002-12-24,22.1039,22.2867,22.0767,22.135,2357476.0
2002-12-26,22.2478,22.5977,22.1039,22.1389,3710444.0
2002-12-27,22.1623,22.2206,21.6646,21.7734,3272275.0
2002-12-30,21.7696,22.2672,21.7307,22.0884,5157208.0
2002-12-31,21.8512,22.0728,21.7734,22.0106,4192629.0
2003-01-02,22.3878,22.7455,22.2789,22.6483,6104076.0
2003-01-03,22.7455,23.0332,22.7105,22.936,5419837.0
2003-01-06,22.8427,23.317,22.8427,23.282,4852659.0
2003-01-07,23.1732,23.3481,22.9554,22.9827,6692947.0
2003-01-08,22.9826,23.1537,22.8621,22.9321,4983030.0
2003-01-09,22.9399,23.3287,22.7416,23.2431,7411037.0
2003-01-10,23.2431,23.3209,22.9826,23.2548,5104179.0
2003-01-13,23.3287,23.422,23.0876,23.2509,4456934.0
2003-01-14,23.1537,23.2898,22.9943,23.2548,3959134.0
2003-01-15,23.2548,23.3054,22.9671,23.0526,4014050.0
2003-01-16,23.0526,23.2276,22.7455,22.8815,5537527.0
2003-01-17,22.6483,22.9088,22.4383,22.6833,6209714.0
2003-01-21,22.4577,22.4888,21.9873,22.0534,8075888.0
2003-01-22,22.0573,22.0845,21.6179,21.6257,7951281.0
2003-01-23,21.6296,21.8084,21.3263,21.5207,6183410.0
2003-01-24,21.5207,21.5596,20.7625,20.8208,7394478.0
2003-01-27,20.7237,20.8364,20.0238,20.1249,8840404.0
2003-01-28,20.5992,21.4196,20.5215,21.1513,10412614.0
2003-01-29,21.0541,21.7151,20.9958,21.5363,6969305.0
2003-01-30,21.6957,21.7462,21.0114,21.1941,6267040.0
2003-01-31,21.1397,21.6607,21.0619,21.5363,5904118.0
2003-02-03,21.5402,21.894,21.4857,21.719,5531030.0
2003-02-04,21.4235,21.4624,21.1902,21.3263,5982403.0
2003-02-05,21.5596,21.7384,21.1552,21.2524,5490577.0
2003-02-06,21.0541,21.4274,20.9375,21.1552,5942160.0
2003-02-07,21.1552,21.1902,20.5292,20.8247,5400134.0
2003-02-10,20.8325,21.2213,20.6459,21.1513,5964797.0
2003-02-11,21.3263,21.4624,20.9414,20.9997,4685922.0
2003-02-12,21.0347,21.0425,20.6614,20.7431,4664753.0
2003-02-13,20.5759,20.6265,20.0627,20.4515,4709607.0
2003-02-14,20.4515,20.9919,20.4515,20.9608,6044026.0
2003-02-18,21.3185,21.5596,21.1708,21.3457,4822058.0
2003-02-19,21.3496,21.4118,20.9258,21.1358,4069279.0
2003-02-20,21.1125,21.2174,20.6692,20.7548,4237588.0
2003-02-21,20.6653,21.1513,20.5681,20.9219,5254882.0
2003-02-24,20.7547,20.8014,20.2182,20.397,5878232.0
2003-02-25,20.2182,20.6226,20.0627,20.5098,5411558.0
2003-02-26,20.5098,20.7353,20.1521,20.2571,4807595.0
2003-02-27,20.2571,20.7586,20.2571,20.5292,5010383.0
2003-02-28,20.5292,20.6187,20.3698,20.5098,5881166.0
2003-03-03,20.7431,20.887,20.2649,20.4087,4775107.0
2003-03-04,20.3932,20.3932,20.0666,20.0666,5233188.0
2003-03-05,19.9491,20.4072,19.9256,20.3093,7118854.0
2003-03-06,20.2114,20.5521,20.0744,20.3406,5663497.0
2003-03-07,20.0078,20.6343,19.9961,20.5012,5362616.0
2003-03-10,20.184,20.3289,19.9608,20.0431,4710760.0
2003-03-11,19.8825,19.9922,19.538,19.8786,6114870.0
2003-03-12,19.8786,20.0705,19.722,20.0705,6091395.0
2003-03-13,20.0705,20.2193,19.8316,20.0117,7805504.0
2003-03-14,20.0117,20.3211,19.8121,19.8904,6184458.0
2003-03-17,19.8904,20.4973,19.7729,20.4385,6519189.0
2003-03-18,20.4464,20.881,20.4385,20.7596,7021600.0
2003-03-19,20.8692,21.4291,20.8692,21.3234,6097893.0
2003-03-20,21.3234,21.5662,21.1785,21.5309,6572742.0
2003-03-21,21.7032,22.2592,21.6836,22.1222,7512693.0
2003-03-24,22.0204,22.0204,21.2451,21.3978,5978945.0
2003-03-25,21.4017,21.8677,21.3234,21.7306,6623046.0
2003-03-26,21.5348,21.6797,21.2921,21.3273,6585632.0
2003-03-27,21.2412,21.7502,21.1942,21.5622,5134257.0
2003-03-28,21.5623,21.8246,21.3352,21.6719,4441634.0
2003-03-31,21.3586,21.758,21.2099,21.4487,5769345.0
2003-04-01,21.574,21.8481,21.4487,21.7698,5316399.0
2003-04-02,21.7698,22.4236,21.7698,22.2279,5443522.0
2003-04-03,22.2279,22.2279,21.9068,21.9695,7892802.0
2003-04-04,21.9851,22.5137,21.9734,22.3962,5647043.0
2003-04-07,22.6703,22.8857,22.22,22.2514,5805920.0
2003-04-08,22.2474,22.4745,22.1222,22.2044,4888082.0
2003-04-09,22.2044,22.3571,21.7306,21.7894,5401078.0
2003-04-10,21.7893,21.8324,21.3978,21.8128,5525790.0
2003-04-11,21.9577,22.177,21.6562,21.6993,4598729.0
2003-04-14,21.6993,22.2005,21.6914,22.1887,4117802.0
2003-04-15,22.1809,22.3375,22.0634,22.2905,4734130.0
2003-04-16,22.3571,22.3923,21.9264,21.9695,5493616.0
2003-04-17,21.9695,22.083,21.5975,21.8833,6480413.0
2003-04-21,22.0438,22.6899,22.0438,22.3023,7212860.0
2003-04-22,22.4941,23.2224,22.4628,23.0579,10347009.0
2003-04-23,23.1167,23.3164,22.639,22.7643,11430746.0
2003-04-24,22.5411,23.0305,22.4941,22.8269,6733714.0
2003-04-25,22.7682,22.7956,22.0125,22.22,7165071.0
2003-04-28,22.1809,22.5333,21.946,22.3962,5643690.0
2003-04-29,22.3571,22.6155,22.2005,22.4589,4678062.0
2003-04-30,22.5529,23.0149,22.4589,22.78,9990374.0
2003-05-01,22.78,23.0227,22.408,22.9053,4815246.0
2003-05-02,22.6312,23.3751,22.6312,23.2146,5753730.0
2003-05-05,23.1402,23.2772,22.8974,23.0854,4112457.0
2003-05-06,23.0854,23.1402,22.87,23.0619,5053666.0
2003-05-07,23.0619,23.1597,22.8034,22.9248,5473704.0
2003-05-08,22.9287,22.9444,22.6781,22.7878,4242409.0
2003-05-09,22.8974,23.0305,22.733,22.7995,4667687.0
2003-05-12,22.7995,23.1402,22.6155,23.101,5045491.0
2003-05-13,23.0501,23.2889,23.007,23.2302,4648928.0
2003-05-14,23.3359,23.4456,23.1402,23.3438,5186552.0
2003-05-15,23.3399,23.4025,23.148,23.3085,4736331.0
2003-05-16,23.1911,23.3555,23.0227,23.2772,4419311.0
2003-05-19,23.0227,23.1793,21.7698,22.1809,14648420.0
2003-05-20,21.9655,22.036,21.1824,21.5309,14915660.0
2003-05-21,21.4957,21.8089,21.3038,21.6836,11662249.0
2003-05-22,21.5936,21.9499,21.4957,21.7502,6705209.0
2003-05-23,21.8285,21.989,21.5936,21.711,4223335.0
2003-05-27,21.6053,22.13,21.437,22.0595,7178800.0
2003-05-28,21.9851,22.0595,21.6641,21.8246,8050526.0
2003-05-29,21.8246,22.0752,21.3978,21.4409,7721874.0
2003-05-30,21.4957,21.8481,21.4957,21.7619,6675341.0
2003-06-02,21.8481,22.0556,21.7815,21.8207,6622941.0
2003-06-03,21.9186,22.177,21.8285,22.0438,6275634.0
2003-06-04,22.1384,22.5088,22.0478,22.4024,5130379.0
2003-06-05,22.3749,23.1512,22.2645,23.1512,8090665.0
2003-06-06,23.3403,23.7462,23.0526,23.2733,8809174.0
2003-06-09,23.23,23.3285,22.8359,22.9738,4017089.0
2003-06-10,22.966,23.0921,22.698,23.033,4363662.0
2003-06-11,23.0763,23.5492,23.0723,23.3797,5568443.0
2003-06-12,23.4428,23.5452,23.2063,23.3679,5093280.0
2003-06-13,23.3718,23.5058,23.0723,23.3403,5798374.0
2003-06-16,23.3403,24.1639,23.3324,23.959,11450029.0
2003-06-17,24.1206,24.9836,24.0772,24.5777,12434730.0
2003-06-18,24.5028,25.0072,24.3649,24.9205,13435779.0
2003-06-19,24.9205,25.023,24.4358,24.5501,6886198.0
2003-06-20,24.5501,24.9244,24.5107,24.7826,7822167.0
2003-06-23,24.6092,24.688,24.2467,24.4752,5496760.0
2003-06-24,24.1363,24.6525,24.1284,24.491,6449706.0
2003-06-25,24.3925,24.5146,24.0733,24.1087,5014785.0
2003-06-26,23.892,24.5107,23.8802,24.4319,5394056.0
2003-06-27,23.9905,24.4634,23.8881,24.0457,5028618.0
2003-06-30,24.0772,24.2309,23.762,23.8605,5798060.0
2003-07-01,23.8408,24.2782,23.5295,24.223,6840506.0
2003-07-02,24.4437,24.6289,24.3215,24.3215,8408314.0
2003-07-03,24.1166,24.294,23.8605,24.093,4933355.0
2003-07-07,24.0378,24.5777,24.0378,24.3885,6010490.0
2003-07-08,24.3334,24.4634,24.1954,24.2979,4325410.0
2003-07-09,24.2979,24.5186,24.0063,24.1875,5780768.0
2003-07-10,24.2151,24.2861,23.8802,24.0536,4679634.0
2003-07-11,23.9984,24.2269,23.8644,24.2112,4104911.0
2003-07-14,24.2545,24.6841,24.2033,24.3333,5649454.0
2003-07-15,24.5895,24.7038,24.156,24.3806,5805186.0
2003-07-16,24.4319,24.5501,24.1876,24.3255,4836625.0
2003-07-17,24.3255,24.5501,23.9078,24.0417,4388081.0
2003-07-18,24.1954,24.3531,23.8841,24.3412,4883890.0
2003-07-21,23.762,23.8289,23.36,23.5728,8367546.0
2003-07-22,23.4467,23.4861,22.5601,22.7807,12449821.0
2003-07-23,22.6586,22.9147,22.501,22.8123,6371945.0
2003-07-24,22.9344,22.9462,22.4182,22.4576,6182886.0
2003-07-25,22.3236,22.6665,22.1621,22.6665,5776157.0
2003-07-28,22.6507,22.6586,22.166,22.3276,6385254.0
2003-07-29,22.4537,22.5049,21.7128,21.8271,13749865.0
2003-07-30,21.8941,22.1463,21.7404,21.8547,6722396.0
2003-07-31,22.0084,22.3039,21.6853,21.7838,7254885.0
2003-08-01,21.6774,21.7089,21.0823,21.3661,7591607.0
2003-08-04,21.3188,21.4173,20.9838,21.3306,6805188.0
2003-08-05,21.3582,21.5907,21.0429,21.0863,7614034.0
2003-08-06,21.0863,21.567,20.9641,21.3661,5992778.0
2003-08-07,21.437,22.0872,21.3818,22.0281,8407266.0
2003-08-08,22.0281,22.0714,21.8074,21.9059,4786426.0
2003-08-11,21.9099,21.9375,21.4606,21.6892,6192108.0
2003-08-12,21.6813,21.7128,21.3109,21.4882,6142328.0
2003-08-13,21.2991,21.3779,20.9247,21.0508,7904750.0
2003-08-14,20.9286,21.0429,20.7001,21.0193,6903490.0
2003-08-15,21.0232,21.1178,20.7474,21.0745,3705309.0
2003-08-18,21.102,21.2084,21.0429,21.0784,5235179.0
2003-08-19,21.0823,21.2597,20.8065,21.169,6107639.0
2003-08-20,21.1965,21.821,21.1923,21.7003,10712551.0
2003-08-21,21.7752,21.7752,21.2756,21.3672,8971194.0
2003-08-22,21.4005,21.4255,20.8801,20.93,9283394.0
2003-08-25,20.8801,21.2048,20.8801,20.9384,5970875.0
2003-08-26,20.9467,21.0216,20.7677,20.9425,6972763.0
2003-08-27,20.8384,20.9925,20.8384,20.9425,5460918.0
2003-08-28,20.9467,20.9717,20.6011,20.7177,7064778.0
2003-08-29,20.7968,20.9717,20.7344,20.9509,5379908.0
2003-09-02,20.8801,21.3339,20.8801,21.2631,7970669.0
2003-09-03,21.368,21.3847,21.0534,21.2547,7321223.0
2003-09-04,21.2589,21.368,21.087,21.2212,5905270.0
2003-09-05,21.2254,21.6028,21.1415,21.3889,6275319.0
2003-09-08,21.7454,22.1774,21.7161,22.06,9027786.0
2003-09-09,21.9509,22.4039,21.9509,22.1396,7906636.0
2003-09-10,22.2235,22.7729,22.2068,22.5213,8777000.0
2003-09-11,22.6052,22.6429,22.3535,22.3535,5138763.0
2003-09-12,22.429,22.471,21.8209,22.4374,4506714.0
2003-09-15,22.4332,22.45,22.2655,22.2655,4000845.0
2003-09-16,22.3745,22.5884,22.2277,22.559,4818599.0
2003-09-17,22.5507,22.5632,22.2319,22.3158,4564669.0
2003-09-18,22.2529,22.5129,22.1984,22.2613,5662554.0
2003-09-19,22.2613,22.2864,21.888,21.93,7129649.0
2003-09-22,21.93,21.93,21.0157,21.5525,6681629.0
2003-09-23,21.5777,21.758,21.4728,21.477,5556286.0
2003-09-24,21.4099,21.5567,21.1163,21.2422,8048116.0
2003-09-25,21.2422,21.2967,21.0618,21.1247,5711286.0
2003-09-26,21.1163,21.477,21.0241,21.3176,5896153.0
2003-09-29,21.2757,21.4057,21.0618,21.3889,5241467.0
2003-09-30,21.326,21.3806,21.0283,21.2296,7537635.0
2003-10-01,21.2883,21.5986,21.2505,21.4561,8771236.0
2003-10-02,21.5483,21.5483,21.2967,21.3889,6336522.0
2003-10-03,21.3889,21.7874,21.0115,21.0157,10521082.0
2003-10-06,21.0744,21.1583,20.9108,21.066,5561107.0
2003-10-07,21.066,21.0744,20.8228,21.0115,6821642.0
2003-10-08,21.1625,21.1625,20.8857,20.9612,5395104.0
2003-10-09,21.1373,21.1373,20.4705,20.546,11133638.0
2003-10-10,20.6131,20.8353,20.3656,20.7515,7911771.0
2003-10-13,20.7557,20.9486,20.7557,20.8479,4448236.0
2003-10-14,20.7808,20.8857,20.655,20.8437,5297850.0
2003-10-15,20.8228,20.9444,20.4705,20.504,7468153.0
2003-10-16,20.4663,20.6508,20.4243,20.5879,6684668.0
2003-10-17,20.5711,20.5921,20.3656,20.395,5455154.0
2003-10-20,20.3614,20.5082,20.1643,20.2817,7680897.0
2003-10-21,20.2356,20.5879,20.2147,20.5124,8191273.0
2003-10-22,19.6694,19.6694,18.8852,19.1746,27642362.0
2003-10-23,19.0907,19.2752,18.8097,19.0823,17997304.0
2003-10-24,19.0823,19.0823,18.6629,18.7845,10602930.0
2003-10-27,18.8726,19.0403,18.8013,18.8223,7987122.0
2003-10-28,18.8432,19.0404,18.6797,18.839,10599053.0
2003-10-29,18.839,18.9481,18.7048,18.839,9194942.0
2003-10-30,18.6545,19.0404,18.4029,18.428,11300270.0
2003-10-31,18.4742,18.6377,18.4616,18.5581,10537326.0
2003-11-03,18.558,18.7971,18.558,18.7426,8811794.0
2003-11-04,18.7048,18.7468,18.3274,18.3651,11601465.0
2003-11-05,18.319,18.5539,18.1387,18.2016,10216114.0
2003-11-06,18.08,18.3903,18.0003,18.2855,10562268.0
2003-11-07,17.8702,18.5539,17.8702,18.4238,11246507.0
2003-11-10,18.4322,18.4742,18.1219,18.2016,8389450.0
2003-11-11,18.2058,18.4322,18.1429,18.3987,6439646.0
2003-11-12,17.9164,18.5581,17.9164,18.5581,21030530.0
2003-11-13,18.5539,19.401,18.5203,19.2081,20594667.0
2003-11-14,19.4094,19.7743,19.3633,19.5352,14346177.0
2003-11-17,19.4178,19.5604,19.2291,19.3255,9048956.0
2003-11-18,19.3339,19.6023,19.3088,19.3549,7864821.0
2003-11-19,19.3759,19.4597,19.0865,19.3549,6307598.0
2003-11-20,19.292,19.3675,18.8726,18.9397,6964379.0
2003-11-21,18.2687,18.3693,17.5096,17.7025,35650550.0
2003-11-24,17.7486,17.8325,17.5809,17.6522,19563750.0
2003-11-25,17.6186,17.6186,17.1699,17.3712,21841263.0
2003-11-26,17.4047,17.4047,17.1447,17.2034,15124422.0
2003-11-28,17.1866,17.195,17.0147,17.0273,9343234.0
2003-12-01,17.2999,17.7822,17.2663,17.648,18810971.0
2003-12-02,17.8451,17.9206,17.7277,17.8241,18915142.0
2003-12-03,18.3699,18.5814,18.3614,18.4587,19695169.0
2003-12-04,18.6068,18.6618,18.2091,18.3149,10877087.0
2003-12-05,18.4122,18.4249,18.1499,18.2218,7028726.0
2003-12-08,18.1964,18.7041,18.1837,18.4376,8316614.0
2003-12-09,18.5645,18.6068,18.3191,18.4291,9179432.0
2003-12-10,18.4291,18.4291,18.2133,18.2557,6859684.0
2003-12-11,18.2303,18.4926,18.2218,18.446,8709299.0
2003-12-12,18.518,18.5645,18.4122,18.4672,5764524.0
2003-12-15,18.7126,18.996,18.4249,18.4883,7878759.0
2003-12-16,18.5856,18.7591,18.5349,18.6703,8217263.0
2003-12-17,18.6914,18.721,18.5053,18.6576,7353082.0
2003-12-18,18.721,18.9072,18.6999,18.8691,9753107.0
2003-12-19,18.8903,18.9199,18.666,18.7676,9504207.0
2003-12-22,18.7676,18.7887,18.6153,18.7041,7824158.0
2003-12-23,18.776,18.941,18.6787,18.941,8109738.0
2003-12-24,18.9156,19.1103,18.8733,19.013,3534485.0
2003-12-26,19.0003,19.106,19.0003,19.0807,1982921.0
2003-12-29,19.2499,19.343,19.1484,19.3303,8324788.0
2003-12-30,19.3303,19.3472,19.1864,19.2499,6311685.0
2003-12-31,19.4191,19.5883,19.3853,19.546,9544031.0
2004-01-02,20.6799,20.6799,19.7406,19.9056,11674615.0
2004-01-05,20.3499,20.3499,20.041,20.3076,12495828.0
2004-01-06,20.3118,20.3456,20.1172,20.2103,8366079.0
2004-01-07,20.2906,20.2949,20.1045,20.2356,10255309.0
2004-01-08,20.2864,20.3414,20.1087,20.3414,8032920.0
2004-01-09,20.1383,20.1933,19.893,19.9395,9228164.0
2004-01-12,19.5883,19.6307,19.2626,19.4191,13857599.0
2004-01-13,19.3303,19.5037,19.2499,19.3218,8905694.0
2004-01-14,19.3514,19.5841,19.3007,19.5841,6398354.0
2004-01-15,19.5672,19.5757,19.3387,19.4318,6747443.0
2004-01-16,19.5249,19.5672,19.436,19.5418,7062577.0
2004-01-20,19.4614,19.6941,19.3768,19.453,7547277.0
2004-01-21,19.5037,19.6095,19.4614,19.5672,9069497.0
2004-01-22,19.6095,19.6772,19.4487,19.5079,7855179.0
2004-01-23,19.508,19.601,19.3345,19.3683,7673351.0
2004-01-26,19.6518,20.0579,19.6137,19.9691,12631439.0
2004-01-27,20.2018,20.2229,19.9945,20.0368,10181320.0
2004-01-28,20.2229,20.4387,20.1383,20.2653,11747556.0
2004-01-29,20.2652,20.4599,20.0791,20.426,7468677.0
2004-01-30,20.3414,20.3795,20.0114,20.1383,8639293.0
2004-02-02,20.2568,20.3964,20.0368,20.3372,8026737.0
2004-02-03,20.316,20.5191,20.2272,20.5191,7594751.0
2004-02-04,20.5614,20.8153,20.5191,20.7053,11642337.0
2004-02-05,20.7264,20.8702,20.5106,20.6206,8924873.0
2004-02-06,20.6206,20.7518,20.4683,20.6291,6120739.0
2004-02-09,20.6037,20.646,20.3245,20.3795,5779930.0
2004-02-10,20.4133,20.4979,20.3922,20.4768,6030821.0
2004-02-11,20.4641,20.6249,20.3203,20.5699,5879280.0
2004-02-12,20.5699,20.7053,20.3753,20.4387,5266934.0
2004-02-13,20.4429,20.756,20.4387,20.6799,6772595.0
2004-02-17,20.6545,20.7306,20.553,20.6714,5649454.0
2004-02-18,20.7095,20.811,20.701,20.7645,8936401.0
2004-02-19,20.7645,20.7983,20.6418,20.6714,8557654.0
2004-02-20,20.7095,20.7137,20.3626,20.4387,6375822.0
2004-02-23,20.5064,20.646,20.4429,20.536,5457984.0
2004-02-24,20.536,20.5699,20.4091,20.5191,5724805.0
2004-02-25,20.5191,20.5868,20.1722,20.261,8946252.0
2004-02-26,20.0749,20.2272,20.0664,20.1553,7477794.0
2004-02-27,20.316,20.5741,20.2399,20.3414,7618750.0
2004-03-01,20.4853,20.5614,20.3287,20.4979,5237904.0
2004-03-02,20.4853,20.4895,20.096,20.2018,10426028.0
2004-03-03,20.1677,20.2103,19.9588,20.0867,7498964.0
2004-03-04,20.3468,20.5088,20.3084,20.3724,6640338.0
2004-03-05,20.2316,20.5855,20.1847,20.5088,6340610.0
2004-03-08,20.5727,20.5727,20.3169,20.3254,4883366.0
2004-03-09,20.2316,20.2913,20.1037,20.1592,6222814.0
2004-03-10,20.0483,20.0995,19.6347,19.6774,9885050.0
2004-03-11,19.5068,20.0184,19.106,19.1827,9375513.0
2004-03-12,19.2169,19.3107,19.1614,19.251,6929586.0
2004-03-15,19.3362,19.3576,19.0975,19.1231,7222711.0
2004-03-16,19.2808,19.2851,19.1273,19.2339,6689803.0
2004-03-17,19.3149,19.349,18.8033,18.9269,11958518.0
2004-03-18,18.9099,19.0804,18.7905,19.0037,7997707.0
2004-03-19,19.0079,19.0932,18.6583,18.6626,8308858.0
2004-03-22,18.6413,18.8246,18.4963,18.5816,10136046.0
2004-03-23,18.6327,18.8331,18.6199,18.7393,6212125.0
2004-03-24,18.718,18.8118,18.2703,18.3385,8837050.0
2004-03-25,18.4835,18.7521,18.3769,18.6285,8132794.0
2004-03-26,18.654,18.9568,18.6242,18.7606,5871734.0
2004-03-29,18.8885,19.0463,18.7393,19.0037,5698081.0
2004-03-30,18.9653,18.9951,18.6753,18.8033,7722817.0
2004-03-31,18.8459,18.9696,18.7393,18.8417,10088153.0
2004-04-01,18.9952,19.2936,18.9525,19.0975,6060479.0
2004-04-02,19.4428,19.5068,19.0122,19.2126,7634261.0
2004-04-05,19.3576,19.3661,18.9227,19.3107,4897618.0
2004-04-06,19.187,19.251,19.1529,19.251,5487014.0
2004-04-07,19.251,19.2936,19.0847,19.1188,5138239.0
2004-04-08,19.2254,19.2723,18.88,19.0293,6343125.0
2004-04-12,19.0293,19.187,18.9312,19.1401,5454106.0
2004-04-13,19.1572,19.2297,18.9227,19.0079,6373517.0
2004-04-14,18.9312,19.4002,18.8886,19.3746,9200916.0
2004-04-15,19.4642,20.1037,19.4642,20.0313,13231838.0
2004-04-16,20.1464,20.2018,19.9204,20.0739,8015418.0
2004-04-19,19.9971,20.0653,19.8308,20.0142,5784122.0
2004-04-20,20.0142,20.0142,19.6987,19.7029,4708035.0
2004-04-21,19.656,20.1421,19.6347,19.8266,6093806.0
2004-04-22,19.72,20.1037,19.5239,19.9289,7468886.0
2004-04-23,20.1037,20.1037,19.7797,19.9374,4012687.0
2004-04-26,19.9545,20.0312,19.8777,19.8863,3817026.0
2004-04-27,19.9971,20.2956,19.9801,20.1464,6138870.0
2004-04-28,20.1464,20.253,20.0398,20.2274,6195881.0
2004-04-29,20.189,20.2103,19.9801,20.0313,5811055.0
2004-04-30,20.0398,20.253,20.0227,20.0398,4851716.0
2004-05-03,20.044,20.3638,20.044,20.3382,5782445.0
2004-05-04,20.4022,20.4491,20.2572,20.4022,5666955.0
2004-05-05,20.3809,20.5216,20.3169,20.3851,4903173.0
2004-05-06,20.3809,20.6282,20.3297,20.5131,5994036.0
2004-05-07,20.5173,20.641,20.3382,20.3425,6956310.0
2004-05-10,20.0611,20.27,19.6816,19.9161,9195571.0
2004-05-11,19.9119,19.9289,19.6091,19.7839,6697244.0
2004-05-12,19.6347,20.0398,19.5537,19.9758,5186447.0
2004-05-13,19.784,19.946,19.639,19.656,5366389.0
2004-05-14,19.6134,20.0142,19.6134,19.8053,4665696.0
2004-05-17,19.6134,19.9929,19.6134,19.8863,4880641.0
2004-05-18,19.9332,20.0398,19.8863,19.9758,3989107.0
2004-05-19,20.0185,20.0654,19.7413,19.801,4734130.0
2004-05-20,19.7754,19.9246,19.6987,19.8266,5495712.0
2004-05-21,19.9119,19.9801,19.7754,19.865,3709501.0
2004-05-24,19.8735,19.9204,19.5409,19.72,3830440.0
2004-05-25,19.6262,20.0057,19.6134,19.9673,4090344.0
2004-05-26,19.9332,20.0696,19.865,20.0057,5740630.0
2004-05-27,20.0398,20.253,19.9332,20.2231,5388606.0
2004-05-28,20.189,20.3596,20.1378,20.1677,4981982.0
2004-06-01,20.2103,20.6367,20.1464,20.6196,8079137.0
2004-06-02,20.6196,20.7142,20.4478,20.5509,5014051.0
2004-06-03,20.4521,20.7357,20.4392,20.6154,5233502.0
2004-06-04,20.6669,20.7958,20.6368,20.7099,4787369.0
2004-06-07,20.7314,20.8431,20.5681,20.6454,4656264.0
2004-06-08,20.538,20.8087,20.538,20.7829,5060478.0
2004-06-09,20.6669,20.7872,20.5466,20.5595,3959868.0
2004-06-10,20.4564,20.538,20.306,20.5294,4395102.0
2004-06-14,20.422,20.4607,20.1427,20.1513,6899822.0
2004-06-15,20.3447,20.6798,20.2802,20.6025,7871842.0
2004-06-16,20.7099,20.8259,20.6454,20.6583,5480935.0
2004-06-17,20.6755,20.8302,20.5896,20.7614,4337672.0
2004-06-18,20.7657,20.9591,20.7228,20.7786,8639398.0
2004-06-21,20.6669,20.8388,20.5896,20.6025,4344484.0
2004-06-22,20.495,20.5939,20.3661,20.4478,5421723.0
2004-06-23,20.3919,20.581,20.2587,20.5423,6243041.0
2004-06-24,20.5552,20.8044,20.4564,20.5853,4425914.0
2004-06-25,20.5896,20.6239,20.1943,20.1943,6978632.0
2004-06-28,20.3232,20.3576,20.19,20.2544,4960289.0
2004-06-29,20.2501,20.5122,20.2158,20.3447,4052721.0
2004-06-30,20.4091,20.495,20.1556,20.4091,6176598.0
2004-07-01,20.4736,20.5079,19.9837,20.2158,7113195.0
2004-07-02,20.3232,20.349,20.1169,20.1341,3377494.0
2004-07-06,20.1341,20.2158,20.0052,20.0224,4311053.0
2004-07-07,19.9837,20.0568,19.8033,19.8978,4955154.0
2004-07-08,19.7002,20.0998,19.7002,19.7302,6199444.0
2004-07-09,19.7861,19.8806,19.6529,19.7045,4315035.0
2004-07-12,19.7045,19.7431,19.4638,19.6228,4658779.0
2004-07-13,19.6314,19.6572,19.4853,19.5713,3820274.0
2004-07-14,19.5713,19.8076,19.5713,19.6271,5390807.0
2004-07-15,19.6013,19.7174,19.206,19.2103,5740001.0
2004-07-16,19.3135,19.3349,19.0127,19.249,6832017.0
2004-07-19,19.249,19.3092,19.0342,19.0986,5755511.0
2004-07-20,19.1201,19.3264,19.0428,19.2619,7977271.0
2004-07-21,19.4424,19.6787,19.1588,19.1588,7868803.0
2004-07-22,19.2447,19.5713,19.206,19.4896,7717158.0
2004-07-23,19.4638,19.5884,19.1803,19.4037,5767878.0
2004-07-26,19.4037,19.5068,19.1287,19.3349,6477374.0
2004-07-27,19.3521,19.3607,19.1545,19.3521,5450962.0
2004-07-28,19.3779,19.3865,19.0686,19.3435,5822688.0
2004-07-29,19.3478,19.6787,19.2361,19.5068,5559954.0
2004-07-30,19.3994,19.6357,19.3006,19.4853,4230252.0
2004-08-02,19.4638,19.6357,19.3822,19.5369,4690848.0
2004-08-03,19.4295,19.5197,19.2705,19.2791,5477477.0
2004-08-04,19.3006,19.408,19.1846,19.292,4610362.0
2004-08-05,19.2447,19.3135,19.0127,19.09,4706987.0
2004-08-06,18.9053,18.9912,18.6733,18.7334,6396992.0
2004-08-09,18.7979,19.0986,18.7248,18.9354,4812102.0
2004-08-10,19.0342,19.1846,18.8709,19.1846,4132998.0
2004-08-11,19.1846,19.3736,19.1545,19.3349,5289361.0
2004-08-12,19.249,19.408,19.1631,19.2447,4507553.0
2004-08-13,19.2275,19.3135,19.0514,19.1588,3043811.0
2004-08-16,19.0771,19.3994,19.0771,19.365,3747543.0
2004-08-17,19.3349,19.3564,19.1975,19.3221,5392694.0
2004-08-18,19.1846,19.683,19.1846,19.683,5520654.0
2004-08-19,19.5756,19.6615,19.3822,19.5154,3925494.0
2004-08-20,19.4553,19.9494,19.4553,19.799,5898982.0
2004-08-23,20.1728,20.1943,19.8377,19.8591,3886822.0
2004-08-24,19.9451,20.0482,19.842,19.915,3711073.0
2004-08-25,19.915,20.1298,19.4596,19.7732,7762746.0
2004-08-26,19.5283,19.5498,19.2103,19.3564,9650298.0
2004-08-27,19.3564,19.4553,19.3264,19.3994,5897201.0
2004-08-30,19.2705,19.6271,19.2705,19.3049,5036898.0
2004-08-31,19.292,19.4295,19.1244,19.3221,5777414.0
2004-09-01,19.3221,19.3654,19.1184,19.3004,5221555.0
2004-09-02,19.3481,19.634,19.2397,19.5387,4607008.0
2004-09-03,19.6211,19.8031,19.5951,19.7077,4767457.0
2004-09-07,19.7814,19.8984,19.6514,19.8377,5260646.0
2004-09-08,19.7814,19.9287,19.7467,19.777,5784331.0
2004-09-09,19.777,19.777,19.5734,19.6124,4854546.0
2004-09-10,19.5041,19.9157,19.4997,19.8334,5194831.0
2004-09-13,19.712,19.7164,19.5214,19.6947,8444574.0
2004-09-14,19.6947,19.8767,19.5517,19.7381,5633838.0
2004-09-15,19.8161,19.8464,19.5864,19.6731,5555762.0
2004-09-16,19.6731,19.7164,19.5127,19.5777,3930943.0
2004-09-17,19.673,19.6817,19.478,19.4867,7278150.0
2004-09-20,19.4347,19.5127,19.2441,19.3567,7222187.0
2004-09-21,19.3611,19.5387,19.3177,19.4304,5749538.0
2004-09-22,19.3264,19.4521,19.2831,19.3914,5685190.0
2004-09-23,19.3914,19.5301,19.1531,19.1834,5173033.0
2004-09-24,19.1747,19.2267,19.0837,19.1097,5092861.0
2004-09-27,18.6504,19.4304,18.6504,19.2657,8077460.0
2004-09-28,19.3611,19.647,19.2831,19.4651,6111936.0
2004-09-29,19.4044,19.5301,19.3437,19.5301,5124196.0
2004-09-30,14.4731,14.7418,14.0658,14.2998,151976244.0
2004-10-01,14.5988,14.7201,14.3865,14.4341,60270480.0
2004-10-04,14.8501,14.8718,14.6161,14.8328,37088196.0
2004-10-05,14.8371,14.8415,14.4861,14.4861,28795582.0
2004-10-06,14.3518,14.3691,13.7191,13.7235,50767111.0
2004-10-07,13.4981,13.5415,13.0778,13.4245,53912998.0
2004-10-08,13.3465,13.4851,13.1471,13.1471,23479811.0
2004-10-11,13.1472,13.4938,12.8915,13.3205,25329426.0
2004-10-12,13.2295,13.4331,13.1255,13.3681,18004850.0
2004-10-13,13.5111,13.5198,12.9695,13.0302,25127582.0
2004-10-14,13.1298,13.2381,13.0605,13.0821,14542886.0
2004-10-15,13.0431,13.3248,13.0431,13.2165,14877513.0
2004-10-18,13.1298,13.4375,13.1298,13.3898,13306456.0
2004-10-19,13.4765,13.5631,13.4461,13.5025,15273447.0
2004-10-20,13.5025,13.6411,13.4765,13.6065,16312120.0
2004-10-21,13.5501,13.6498,13.3075,13.5458,10728690.0
2004-10-22,13.4765,13.5415,13.2165,13.2425,14164034.0
2004-10-25,13.2425,13.2728,13.0865,13.2121,11498342.0
2004-10-26,13.2078,13.2858,13.0995,13.2858,13229009.0
2004-10-27,13.2381,13.5371,13.2208,13.5285,12499915.0
2004-10-28,13.4981,13.7235,13.4851,13.6801,10244095.0
2004-10-29,13.6541,13.8838,13.4548,13.5675,17765382.0
2004-11-01,12.7138,12.9132,12.1288,12.2545,69787997.0
2004-11-02,12.2372,12.3715,11.4398,11.6132,67250684.0
2004-11-03,11.9598,12.0898,11.6565,12.0768,51887842.0
2004-11-04,12.1072,12.2415,11.6478,11.7085,35970085.0
2004-11-05,11.5612,11.6565,11.2622,11.3575,52761874.0
2004-11-08,11.3012,11.5178,11.1538,11.5135,37632946.0
2004-11-09,11.1928,11.3488,11.1538,11.2665,45119858.0
2004-11-10,11.0932,11.6435,11.0932,11.4442,35614498.0
2004-11-11,11.5048,11.5265,11.3185,11.3315,20317576.0
2004-11-12,11.3532,11.5568,11.3532,11.4615,19452242.0
2004-11-15,11.4615,11.8472,11.4398,11.7388,25266756.0
2004-11-16,11.8082,12.0248,11.7908,11.9078,20989239.0
2004-11-17,11.9815,12.0465,11.8298,11.8472,14607234.0
2004-11-18,11.8168,11.9165,11.6478,11.8558,14841462.0
2004-11-19,11.7865,11.8948,11.6998,11.7518,14523813.0
2004-11-22,11.7518,11.8732,11.6955,11.7562,13626515.0
2004-11-23,11.7562,11.7908,11.6955,11.7605,12102304.0
2004-11-24,11.8082,11.8732,11.7475,11.7952,12081344.0
2004-11-26,11.8558,12.0335,11.8515,12.0032,7689281.0
2004-11-29,12.0985,12.1765,11.9815,11.9902,13866717.0
2004-11-30,11.9858,12.1895,11.9858,12.1418,16954439.0
2004-12-01,12.2341,12.2472,12.0012,12.177,16440081.0
2004-12-02,12.1814,12.5943,12.1023,12.5635,21461782.0
2004-12-03,12.5635,12.6997,12.4757,12.5987,17109543.0
2004-12-06,12.5548,12.5855,12.3483,12.3527,14705641.0
2004-12-07,12.3659,12.4098,12.2385,12.2516,13926348.0
2004-12-08,12.4098,12.6163,12.3878,12.6031,21279850.0
2004-12-09,12.6031,12.6734,12.5152,12.6206,13043094.0
2004-12-10,12.7436,12.8491,12.4405,12.625,9393853.0
2004-12-13,12.6294,12.7656,12.625,12.7612,12639928.0
2004-12-14,12.7612,13.0204,12.7612,13.0116,17751338.0
2004-12-15,13.1566,13.407,13.1082,13.3894,32830172.0
2004-12-16,13.4201,13.9868,13.407,13.9649,32315709.0
2004-12-17,13.5475,13.9649,13.3411,13.877,40023330.0
2004-12-20,13.7364,13.9209,13.732,13.8419,19026440.0
2004-12-21,13.7716,14.0483,13.7672,14.0483,19363896.0
2004-12-22,14.0571,14.2284,14.0483,14.1537,14574222.0
2004-12-23,14.2284,14.347,14.1406,14.1889,12618863.0
2004-12-27,14.1889,14.2768,13.7891,14.0351,10156063.0
2004-12-28,14.0527,14.1889,14.0439,14.145,8825732.0
2004-12-29,14.1669,14.2416,14.0571,14.1625,7585738.0
2004-12-30,14.1801,14.2152,14.1186,14.1537,7238850.0
2004-12-31,14.1581,14.2284,14.1186,14.1186,6425707.0
2005-01-03,14.0527,14.1581,13.609,13.732,18835390.0
2005-01-04,13.8243,13.8814,13.6222,13.6749,13575792.0
2005-01-05,13.6749,13.9034,13.6398,13.7672,16589211.0
2005-01-06,13.8375,13.9429,13.7672,13.8638,7538788.0
2005-01-07,13.8463,13.8814,13.6705,13.6749,10808758.0
2005-01-10,13.6749,13.8375,13.4948,13.8375,8521917.0
2005-01-11,13.8287,13.8287,13.653,13.6925,7896890.0
2005-01-12,13.7276,13.7716,13.6002,13.653,10428124.0
2005-01-13,13.6178,13.6398,13.3982,13.4641,8366708.0
2005-01-14,13.3543,13.5871,13.3543,13.5607,7512902.0
2005-01-18,13.5607,13.7979,13.4772,13.7496,8472346.0
2005-01-19,13.7452,13.8375,13.609,13.6266,8384105.0
2005-01-20,13.7057,13.7101,13.4597,13.4992,8156270.0
2005-01-21,13.5124,13.5256,13.2708,13.3367,7498859.0
2005-01-24,13.3982,13.4641,13.1126,13.1126,10854136.0
2005-01-25,13.2884,13.7145,13.1785,13.5959,12904967.0
2005-01-26,13.6178,13.7672,13.6178,13.6925,7558700.0
2005-01-27,13.6705,13.7408,13.5388,13.6969,7566350.0
2005-01-28,13.7628,13.7628,12.0715,12.3088,59899802.0
2005-01-31,12.3088,12.379,12.133,12.3219,31296843.0
2005-02-01,12.3263,12.4274,12.2033,12.2253,17799337.0
2005-02-02,12.2692,12.5855,12.2385,12.502,14414716.0
2005-02-03,12.4977,12.5811,12.3132,12.4801,13747245.0
2005-02-04,12.4801,12.5064,12.3966,12.4537,9223134.0
2005-02-07,12.3878,12.6734,12.3659,12.4889,10627558.0
2005-02-08,12.4361,12.669,12.4142,12.6514,9414813.0
2005-02-09,12.6514,12.8403,12.5679,12.6075,9854763.0
2005-02-10,12.6514,12.7173,12.5196,12.6338,6847946.0
2005-02-11,12.6294,12.8886,12.6031,12.8315,9129128.0
2005-02-14,12.7876,12.9369,12.748,12.9194,7001898.0
2005-02-15,12.8623,13.0511,12.8008,12.893,8108690.0
2005-02-16,12.7832,12.8183,12.6382,12.748,8778677.0
2005-02-17,12.748,12.7832,12.5152,12.6734,8507664.0
2005-02-18,12.9501,14.3251,12.9501,14.3251,61549354.0
2005-02-22,14.3207,14.3207,13.6969,13.7101,37655583.0
2005-02-23,13.855,14.0571,13.7408,13.9517,12927499.0
2005-02-24,13.9693,14.0659,13.8594,14.0527,7883266.0
2005-02-25,13.9693,14.1274,13.8463,14.0132,8671781.0
2005-02-28,14.0132,14.0659,13.7804,13.9253,15183843.0
2005-03-01,14.0835,14.1406,13.9824,14.1142,9794503.0
2005-03-02,14.1587,14.1853,13.9142,14.0475,9807813.0
2005-03-03,14.0742,14.0964,13.8253,14.0386,7524430.0
2005-03-04,14.0875,14.1276,13.8697,14.0831,7674399.0
2005-03-07,14.1142,14.132,14.0298,14.092,8031243.0
2005-03-08,14.1142,14.1987,14.0742,14.1053,7031661.0
2005-03-09,14.1098,14.2031,14.0297,14.1498,7738851.0
2005-03-10,14.2209,14.3498,14.1676,14.2965,8163291.0
2005-03-11,14.3498,14.372,14.2342,14.2965,6419629.0
2005-03-14,14.3098,14.3987,14.2253,14.3543,5804872.0
2005-03-15,14.4476,14.4476,14.2031,14.2253,6597370.0
2005-03-16,14.2254,14.2876,14.012,14.092,7939543.0
2005-03-17,14.0609,14.1409,14.012,14.1009,6922040.0
2005-03-18,14.1587,14.2431,13.9675,14.2431,11821859.0
2005-03-21,14.2476,14.2476,14.1231,14.1542,7067083.0
2005-03-22,14.2254,14.2654,14.092,14.2165,8574317.0
2005-03-23,14.2031,14.3854,14.1809,14.252,9392910.0
2005-03-24,14.2654,14.2876,14.1364,14.1676,5898773.0
2005-03-28,14.2609,14.2654,14.092,14.1187,6352138.0
2005-03-29,14.1231,14.3009,14.1187,14.2298,8025270.0
2005-03-30,14.292,14.4298,14.2298,14.421,8126821.0
2005-03-31,14.4076,14.4921,14.2965,14.3898,8397519.0
2005-04-01,14.5232,14.5276,14.3276,14.3632,7254780.0
2005-04-04,14.3943,14.4654,14.252,14.4476,8984714.0
2005-04-05,14.5321,14.7366,14.4921,14.6877,11127769.0
2005-04-06,14.7766,14.861,14.5632,14.621,8133423.0
2005-04-07,14.4032,14.8966,14.2165,14.8877,21216236.0
2005-04-08,14.9811,14.9989,14.7499,14.8166,7620532.0
2005-04-11,14.8699,14.9322,14.6921,14.7321,5167478.0
2005-04-12,14.6921,15.0344,14.6477,15.03,8287584.0
2005-04-13,15.03,15.6923,14.9011,15.3456,26918509.0
2005-04-14,15.3812,15.5456,15.35,15.4612,14846492.0
2005-04-15,15.6657,16.1191,15.4523,15.4701,20426463.0
2005-04-18,15.4478,15.4478,15.1144,15.3056,10906536.0
2005-04-19,15.4034,15.4834,15.1722,15.4167,8597582.0
2005-04-20,15.2922,15.3634,14.9366,15.1455,9044030.0
2005-04-21,15.5456,15.5501,15.0922,15.2389,9908945.0
2005-04-22,15.2389,15.2922,15.0833,15.2033,7480100.0
2005-04-25,15.15,15.1544,14.9011,15.0789,8292300.0
2005-04-26,15.0655,15.1055,14.8477,14.9366,7701542.0
2005-04-27,14.9411,15.0478,14.8299,14.8877,7432102.0
2005-04-28,14.8699,15.0433,14.7944,15.0211,6406738.0
2005-04-29,14.9811,15.1811,14.8966,15.07,8308963.0
2005-05-02,15.1455,15.1722,14.9811,15.1144,5918056.0
2005-05-03,15.1811,15.3056,15.1144,15.3011,7513636.0
2005-05-04,15.2611,15.5367,15.2522,15.5279,7309066.0
2005-05-05,15.5279,15.5812,15.27,15.4478,8509655.0
2005-05-06,15.4923,15.6479,15.1189,15.1856,7602821.0
2005-05-09,15.1233,15.2211,15.0211,15.2033,7356541.0
2005-05-10,15.1589,15.1722,14.9588,15.0611,6538262.0
2005-05-11,15.0611,15.0878,14.8477,14.8922,6829606.0
2005-05-12,14.9144,15.0255,14.8477,14.9544,5908729.0
2005-05-13,15.0033,15.0033,14.8077,14.8744,7898881.0
2005-05-16,14.9233,14.9322,14.8033,14.8699,6454946.0
2005-05-17,14.6699,14.7055,14.4876,14.6743,12939866.0
2005-05-18,14.7721,14.7766,14.5099,14.6477,11385053.0
2005-05-19,14.5588,14.6077,14.4698,14.5765,6531450.0
2005-05-20,14.621,14.6477,14.501,14.501,9450864.0
2005-05-23,14.4476,14.6521,14.4387,14.5054,6123254.0
2005-05-24,14.6077,14.781,14.5543,14.5543,8265262.0
2005-05-25,14.5588,14.6165,14.4298,14.4654,7042665.0
2005-05-26,14.5321,14.5321,14.3232,14.3809,8788947.0
2005-05-27,14.4032,14.4832,14.3632,14.4254,5349097.0
2005-05-31,14.4254,14.4699,14.3498,14.421,14101574.0
2005-06-01,14.4839,14.5739,14.3535,14.4794,8205840.0
2005-06-02,14.4704,14.5064,14.394,14.4974,5426649.0
2005-06-03,14.4974,14.4974,14.349,14.4344,5952745.0
2005-06-06,14.421,14.4434,14.3535,14.4075,4753728.0
2005-06-07,14.4119,14.5694,14.3805,14.4299,5595796.0
2005-06-08,14.4704,14.4704,14.205,14.2275,8048011.0
2005-06-09,14.1691,14.2275,14.0566,14.1016,7796701.0
2005-06-10,14.0791,14.1646,13.9801,14.1196,7843442.0
2005-06-13,13.9531,14.2455,13.9486,14.1915,6473286.0
2005-06-14,14.1915,14.3265,14.1511,14.295,5293029.0
2005-06-15,14.277,14.394,14.1825,14.349,7178066.0
2005-06-16,14.394,14.4704,14.3445,14.394,6149454.0
2005-06-17,14.6189,14.6189,14.3355,14.4929,11570758.0
2005-06-20,14.394,14.5244,14.358,14.4434,6209714.0
2005-06-21,14.4839,14.5199,14.34,14.3895,5898144.0
2005-06-22,14.5019,14.5019,14.3535,14.385,6827406.0
2005-06-23,14.3535,14.3535,14.0431,14.0566,10144745.0
2005-06-24,14.0026,14.0431,13.6967,13.7417,10520872.0
2005-06-27,13.6743,13.8902,13.6743,13.7192,7580918.0
2005-06-28,13.8452,13.9981,13.7642,13.9307,7830551.0
2005-06-29,13.9441,13.9621,13.8092,13.8677,7061319.0
2005-06-30,14.1241,14.1241,13.7642,13.8542,8889555.0
2005-07-01,13.8542,14.1016,13.8542,13.9711,8414078.0
2005-07-05,13.9936,14.0341,13.7912,13.9891,6106696.0
2005-07-06,14.0566,14.0656,13.7192,13.7462,6296174.0
2005-07-07,13.6293,13.7957,13.4494,13.4853,12928757.0
2005-07-08,13.5168,13.9621,13.5168,13.9442,11888617.0
2005-07-11,13.8092,14.0656,13.7732,14.0521,8450967.0
2005-07-12,13.9756,14.259,13.9531,14.214,11002428.0
2005-07-13,14.2815,14.2815,14.1286,14.223,6435139.0
2005-07-14,14.2815,14.403,14.241,14.3535,7103449.0
2005-07-15,14.358,14.5289,14.2905,14.3535,7159726.0
2005-07-18,14.3535,14.5469,14.2905,14.34,6527678.0
2005-07-19,14.358,14.4389,14.1826,14.3715,6137193.0
2005-07-20,14.3175,14.4524,14.1466,14.3265,6772490.0
2005-07-21,14.1466,14.25,13.8632,14.1151,9634159.0
2005-07-22,14.1151,14.1151,13.8902,14.0071,6319440.0
2005-07-25,13.9666,13.9846,13.7732,13.8272,7368174.0
2005-07-26,13.8452,13.9981,13.7687,13.8047,6479679.0
2005-07-27,13.7777,14.1241,13.7732,14.0431,6302672.0
2005-07-28,14.1376,14.2545,14.0476,14.0746,6331282.0
2005-07-29,13.9531,14.0971,13.9262,13.9711,6762325.0
2005-08-01,14.0521,14.0521,13.7642,13.8002,7328664.0
2005-08-02,13.7912,13.8452,13.6518,13.8047,7322166.0
2005-08-03,13.8047,13.9127,13.7237,13.8632,6155009.0
2005-08-04,13.7867,13.8452,13.6383,13.6473,6312209.0
2005-08-05,13.6698,13.9082,13.6563,13.7912,9917538.0
2005-08-08,13.8767,13.8767,13.6698,13.6968,5573683.0
2005-08-09,13.8047,13.9441,13.7552,13.9351,7648723.0
2005-08-10,14.0251,14.1511,13.9576,14.0206,6742832.0
2005-08-11,14.0251,14.1286,13.9037,13.9846,5718622.0
2005-08-12,13.9486,13.9666,13.7102,13.7417,7323529.0
2005-08-15,13.7642,13.8452,13.6878,13.7912,5455259.0
2005-08-16,13.8092,13.8317,13.6293,13.6293,6582488.0
2005-08-17,13.6293,13.7867,13.6293,13.7462,7150714.0
2005-08-18,13.7057,13.8272,13.6518,13.6788,8423090.0
2005-08-19,13.6698,13.7597,12.4823,12.6217,40270029.0
2005-08-22,12.3473,12.5902,12.2124,12.5452,49151934.0
2005-08-23,12.4958,12.5407,12.3788,12.4058,16666554.0
2005-08-24,12.3923,12.6307,12.3923,12.5182,15650203.0
2005-08-25,12.5272,12.5587,12.4553,12.4913,8369223.0
2005-08-26,12.4688,12.5002,12.3788,12.4418,8569706.0
2005-08-29,12.3608,12.7297,12.3518,12.6487,11880233.0
2005-08-30,12.6442,12.7252,12.5947,12.7252,10862730.0
2005-08-31,12.7662,12.9121,12.6796,12.8711,13705010.0
2005-09-01,12.9121,13.0124,12.8711,12.9531,9483247.0
2005-09-02,13.0671,13.2176,12.9896,13.1446,11542986.0
2005-09-06,13.1492,13.2586,13.1081,13.2176,12663298.0
2005-09-07,13.1629,13.3407,13.1583,13.3361,10645270.0
2005-09-08,13.4182,13.4319,13.2267,13.3088,6982614.0
2005-09-09,13.2267,13.3726,13.1218,13.3635,9173563.0
2005-09-12,13.286,13.3316,13.1264,13.2951,5980936.0
2005-09-13,13.1355,13.2586,13.0626,13.0717,10703014.0
2005-09-14,13.1309,13.2449,13.0534,13.0853,7551050.0
2005-09-15,13.0853,13.1765,13.0306,13.1127,5397619.0
2005-09-16,13.2221,13.2221,12.9942,13.1765,12324899.0
2005-09-19,13.0762,13.1081,12.9622,13.0626,6352871.0
2005-09-20,13.017,13.058,12.8027,12.8483,8347634.0
2005-09-21,12.8483,12.8483,12.6203,12.675,7134679.0
2005-09-22,12.6203,12.675,12.5245,12.5838,8137196.0
2005-09-23,12.6112,12.6522,12.4972,12.5929,6223548.0
2005-09-26,12.7662,12.7844,12.561,12.6887,8062893.0
2005-09-27,12.7206,12.7343,12.4972,12.5154,7801312.0
2005-09-28,12.4197,12.6887,12.4197,12.5473,8753106.0
2005-09-29,12.5793,12.5838,12.2966,12.4562,9396054.0
2005-09-30,12.4242,12.5063,12.3695,12.406,12496876.0
2005-10-03,12.5017,12.6066,12.4242,12.4242,11555353.0
2005-10-04,12.6066,12.6066,12.3558,12.4014,9965956.0
2005-10-05,12.3787,12.4379,12.2555,12.2601,8122419.0
2005-10-06,12.675,12.6932,12.1461,12.2327,21741808.0
2005-10-07,12.4698,12.5519,11.6264,11.7859,15004740.0
2005-10-10,12.0823,12.2966,11.9501,12.2647,13170740.0
2005-10-11,12.3559,12.3741,12.1188,12.1963,11012384.0
2005-10-12,12.4197,12.4197,12.1917,12.2099,8679012.0
2005-10-13,12.2191,12.3969,12.178,12.2236,7820700.0
2005-10-14,12.2328,12.4014,12.1233,12.3832,8767778.0
2005-10-17,12.3559,12.4562,12.1598,12.3467,5778358.0
2005-10-18,12.2601,12.4653,12.2419,12.3331,10936090.0
2005-10-19,12.365,12.3787,12.21,12.2738,9017726.0
2005-10-20,12.3103,12.4562,12.137,12.2738,9857593.0
2005-10-21,12.2738,12.3331,11.9136,11.9364,10009867.0
2005-10-24,12.2829,12.3285,11.9136,12.3103,10130702.0
2005-10-25,12.1963,12.3604,12.1826,12.3194,7258343.0
2005-10-26,12.2738,12.4242,12.2692,12.3969,7129544.0
2005-10-27,12.3148,12.3969,12.2738,12.2738,6727531.0
2005-10-28,12.4835,12.5701,12.4014,12.5565,10931583.0
2005-10-31,12.6431,12.8847,12.6066,12.8665,13286230.0
2005-11-01,12.9714,13.058,12.8574,13.0033,12250282.0
2005-11-02,12.8756,12.9759,12.675,12.9531,10095594.0
2005-11-03,12.9714,14.0884,12.944,13.441,39939804.0
2005-11-04,13.4045,13.4501,13.2267,13.3224,10239484.0
2005-11-07,13.3224,13.4319,13.2221,13.4273,5985966.0
2005-11-08,13.441,13.6006,13.3771,13.3908,7065616.0
2005-11-09,13.2905,13.5504,13.2905,13.4911,6838619.0
2005-11-10,13.5413,13.7237,13.4911,13.6917,8638664.0
2005-11-11,13.7145,13.7145,13.4866,13.6917,9074213.0
2005-11-14,13.6781,13.7875,13.6644,13.7829,8825732.0
2005-11-15,13.7692,13.8422,13.6507,13.6872,10513117.0
2005-11-16,13.7282,13.7921,13.4911,13.5778,8666122.0
2005-11-17,13.6735,13.6872,13.4592,13.5003,7814936.0
2005-11-18,13.6416,13.8832,13.5185,13.8696,14275018.0
2005-11-21,13.865,13.9243,13.7601,13.8923,8207936.0
2005-11-22,13.8969,13.9699,13.8012,13.9106,6962074.0
2005-11-23,13.9516,14.0747,13.865,14.0474,6040358.0
2005-11-25,14.0428,14.1386,13.979,14.1249,3651756.0
2005-11-28,14.1386,14.1386,13.3544,13.4775,27461792.0
2005-11-29,13.4957,13.8194,13.4957,13.6872,17992483.0
2005-11-30,13.7334,13.8303,13.5625,13.5764,10843027.0
2005-12-01,13.7103,13.7934,13.5533,13.7057,10056503.0
2005-12-02,13.6826,13.8534,13.6779,13.8396,7269242.0
2005-12-05,13.7472,13.9135,13.7149,13.9042,9492679.0
2005-12-06,13.9042,14.0474,13.8765,13.9135,8972033.0
2005-12-07,13.8673,14.0889,13.8165,13.9873,9602300.0
2005-12-08,13.9458,14.0335,13.6779,13.7057,13959570.0
2005-12-09,13.4009,13.5025,13.2808,13.4517,18691604.0
2005-12-12,13.2762,13.6687,12.9252,13.1192,25366421.0
2005-12-13,13.1746,13.4609,13.1608,13.3455,13546134.0
2005-12-14,13.3455,13.7426,13.3362,13.484,16768314.0
2005-12-15,13.7149,13.9458,13.6225,13.7472,17891246.0
2005-12-16,13.6687,13.895,13.6687,13.858,17402040.0
2005-12-19,14.2921,14.9155,14.2921,14.8924,40581390.0
2005-12-20,14.8278,14.9386,14.6892,14.7724,16410003.0
2005-12-21,14.8416,14.8416,14.6985,14.7447,7721874.0
2005-12-22,14.7262,14.7955,14.6385,14.7816,7801941.0
2005-12-23,14.5969,14.8878,14.5969,14.8693,5039727.0
2005-12-27,14.8232,14.8878,14.6892,14.7493,6671778.0
2005-12-28,14.7955,14.8647,14.6846,14.7354,6786114.0
2005-12-29,14.8139,15.0264,14.8139,14.9386,8017724.0
2005-12-30,14.9386,14.9386,14.6662,14.6892,8693160.0
2006-01-03,15.0171,15.1787,14.6892,15.1233,12185725.0
2006-01-04,15.1233,15.3311,15.1233,15.2988,13149466.0
2006-01-05,15.2018,15.4189,15.0079,15.3219,16383908.0
2006-01-06,15.2803,15.405,15.1787,15.2942,9776058.0
2006-01-09,15.3404,15.5435,15.1233,15.5435,16702919.0
2006-01-10,15.4466,15.4466,15.2988,15.3912,9410411.0
2006-01-11,15.465,15.5112,15.3819,15.4512,10005570.0
2006-01-12,15.4974,15.5066,15.4004,15.4604,7491733.0
2006-01-13,15.4835,15.5712,15.4004,15.4558,7420259.0
2006-01-17,15.2896,15.5389,15.2434,15.3357,10750489.0
2006-01-18,15.2942,15.4327,15.2157,15.2526,9579978.0
2006-01-19,15.405,15.5297,15.3404,15.3865,9769875.0
2006-01-20,15.3865,15.4373,15.2434,15.3542,10625777.0
2006-01-23,15.3034,15.3357,15.1279,15.1603,8142646.0
2006-01-24,15.1141,15.2434,15.0587,15.1372,8081128.0
2006-01-25,15.1002,15.3496,15.031,15.3265,8512170.0
2006-01-26,15.3958,15.7236,15.3865,15.6775,11606810.0
2006-01-27,15.6082,16.0931,15.5666,16.0238,11474971.0
2006-01-30,15.8899,16.0007,15.7283,15.913,10537116.0
2006-01-31,16.1023,16.1069,15.8806,15.9314,15699878.0
2006-02-01,15.8252,16.0423,15.7929,16.0053,9140132.0
2006-02-02,15.9545,16.0376,15.562,15.6174,11172099.0
2006-02-03,15.9314,15.9961,15.6174,15.8806,10910099.0
2006-02-06,15.8114,15.8345,15.5805,15.622,7084794.0
2006-02-07,15.562,15.8853,15.4974,15.5574,7069598.0
2006-02-08,15.6544,15.9222,15.5343,15.8345,9797123.0
2006-02-09,15.9222,16.0238,15.8391,15.8575,9022651.0
2006-02-10,15.562,15.8853,15.5435,15.8437,7591083.0
2006-02-13,15.8483,16.0192,15.7606,15.8437,5998438.0
2006-02-14,15.9361,16.033,15.8622,16.0099,6944886.0
2006-02-15,15.9684,16.3009,15.9684,16.2962,13410942.0
2006-02-16,16.1623,16.6611,16.1531,16.6149,12915447.0
2006-02-17,16.6149,16.6518,16.4025,16.6472,12301005.0
2006-02-21,16.8642,16.9243,16.3794,16.4348,10293351.0
2006-02-22,16.5364,16.7395,16.3932,16.5872,12557555.0
2006-02-23,16.4163,16.4856,16.2962,16.3517,11021082.0
2006-02-24,16.4117,16.4117,16.1623,16.2085,6843230.0
2006-02-27,16.1716,16.4348,16.1716,16.3286,8530091.0
2006-02-28,16.2039,16.2963,16.0977,16.0977,8932209.0
2006-03-01,16.1854,16.2362,16.0284,16.1439,8017305.0
2006-03-02,16.0469,16.2824,16.0284,16.2177,9508190.0
2006-03-03,16.1346,16.3563,16.0469,16.2501,6932939.0
2006-03-06,16.2131,16.324,16.07,16.1439,8396995.0
2006-03-07,16.1439,16.1623,16.0146,16.1162,5778777.0
2006-03-08,16.1535,16.2702,16.0321,16.1908,5991416.0
2006-03-09,16.1395,16.1768,16.0555,16.1115,5366074.0
2006-03-10,16.2235,16.3216,16.1068,16.2282,6199130.0
2006-03-13,16.2375,16.5036,16.2235,16.4336,8544554.0
2006-03-14,16.3869,16.555,16.3169,16.3869,6189802.0
2006-03-15,16.3402,16.4663,16.2842,16.4149,5364922.0
2006-03-16,16.3402,16.5783,16.3216,16.471,6463121.0
2006-03-17,16.5597,16.6624,16.5036,16.639,9162978.0
2006-03-20,16.5924,16.7744,16.5363,16.6484,5920676.0
2006-03-21,16.7418,16.8912,16.639,16.7558,7741786.0
2006-03-22,16.597,16.9565,16.597,16.9145,6512482.0
2006-03-23,16.8538,17.0405,16.7651,16.9005,5766515.0
2006-03-24,16.8631,16.9565,16.8071,16.8305,5343438.0
2006-03-27,16.7651,16.9238,16.7137,16.8164,6115709.0
2006-03-28,16.8258,16.8771,16.5783,16.6437,6691899.0
2006-03-29,16.6811,16.8445,16.6017,16.7137,8603346.0
2006-03-30,16.6764,16.8725,16.443,16.625,7737908.0
2006-03-31,16.6997,16.7698,16.3542,16.4476,9235605.0
2006-04-03,16.5597,16.625,16.485,16.5317,10496663.0
2006-04-04,16.6904,16.7604,16.5317,16.5643,9501063.0
2006-04-05,16.5177,16.8491,16.5083,16.8024,9332126.0
2006-04-06,16.1628,16.3589,15.9948,16.2655,22055370.0
2006-04-07,16.1068,16.2422,16.0134,16.0928,11584697.0
2006-04-10,16.0648,16.2422,16.0368,16.0695,7959560.0
2006-04-11,16.0695,16.3869,15.7753,15.9014,14049488.0
2006-04-12,15.8267,15.8874,15.696,15.8034,8648410.0
2006-04-13,15.71,15.8734,15.71,15.8454,5800680.0
2006-04-17,15.8267,15.8454,15.6633,15.78,5586678.0
2006-04-18,15.7473,16.1021,15.7427,16.0975,9539106.0
2006-04-19,16.0835,16.2375,15.9761,16.0601,6627657.0
2006-04-20,16.1628,16.4616,16.1162,16.3403,8769350.0
2006-04-21,16.4289,16.4289,15.9901,16.2189,12059755.0
2006-04-24,16.0228,16.2189,15.9294,16.0461,7180477.0
2006-04-25,16.0088,16.0555,15.8267,15.9854,5759284.0
2006-04-26,16.0134,16.2469,15.9714,16.0228,6871212.0
2006-04-27,15.8734,16.3122,15.8734,16.1535,6814725.0
2006-04-28,16.0695,16.2002,15.9574,16.0695,7472240.0
2006-05-01,16.1862,16.2702,15.8967,15.9854,7840088.0
2006-05-02,15.9854,16.1348,15.8687,16.0975,6520551.0
2006-05-03,16.1068,16.1908,15.9014,15.9434,7982616.0
2006-05-04,15.9107,16.0601,15.9107,16.0181,6509966.0
2006-05-05,16.0788,16.1302,15.8921,16.0975,7374042.0
2006-05-08,16.2329,16.2422,15.9901,16.0835,6700598.0
2006-05-09,16.0835,16.3122,16.0274,16.0741,8888402.0
2006-05-10,16.0788,16.2375,16.0134,16.1862,8388821.0
2006-05-11,16.1582,16.2889,16.0648,16.1115,7619379.0
2006-05-12,16.0975,16.2609,15.9574,16.0088,8680060.0
2006-05-15,16.1208,16.471,16.0181,16.1955,10825735.0
2006-05-16,16.2702,16.527,16.2469,16.3963,9349837.0
2006-05-17,16.3402,16.5783,15.9574,16.0321,15839472.0
2006-05-18,16.1255,16.499,16.0508,16.4009,16253642.0
2006-05-19,16.457,16.457,15.9341,16.0695,14913878.0
2006-05-22,16.0228,16.1582,16.0134,16.0648,13181325.0
2006-05-23,16.0415,16.1535,15.8781,16.0788,12002639.0
2006-05-24,15.9901,16.1675,15.822,15.8454,11553990.0
2006-05-25,15.8734,16.0788,15.8734,16.0555,11845230.0
2006-05-26,16.0975,16.3542,16.0928,16.1348,10064049.0
2006-05-30,16.0181,16.1675,15.4719,15.4719,17535974.0
2006-05-31,15.5899,15.7458,15.4672,15.7222,13282457.0
2006-06-01,15.8261,15.9725,15.7552,15.963,13139510.0
2006-06-02,15.8922,16.1709,15.8214,16.0339,6995924.0
2006-06-05,15.9867,16.0717,15.7789,15.8072,5448133.0
2006-06-06,15.9158,16.0339,15.7741,16.0103,8809698.0
2006-06-07,16.0953,16.2984,16.0292,16.0386,9260757.0
2006-06-08,16.0197,16.3125,15.8025,16.0433,14839366.0
2006-06-09,16.0575,16.1283,15.9442,15.9678,7848158.0
2006-06-12,16.0858,16.1189,15.7552,15.76,6864714.0
2006-06-13,15.8733,16.0906,15.6608,15.8969,11312007.0
2006-06-14,15.8497,15.9347,15.6419,15.8166,7433883.0
2006-06-15,15.8497,16.2606,15.8025,16.2134,10988909.0
2006-06-16,16.2464,16.4117,16.1,16.2511,9958830.0
2006-06-19,16.2889,16.4212,16.2464,16.2748,8743150.0
2006-06-20,16.3503,16.5392,16.2936,16.492,9657425.0
2006-06-21,16.492,16.7423,16.4778,16.6573,8932628.0
2006-06-22,16.6148,16.8368,16.5534,16.6479,9496033.0
2006-06-23,16.5487,16.5628,16.3928,16.5014,7511016.0
2006-06-26,16.577,16.747,16.3881,16.5392,8081757.0
2006-06-27,16.4825,16.5203,16.3456,16.3928,6566034.0
2006-06-28,16.5251,16.6951,16.492,16.577,8674715.0
2006-06-29,16.6148,17.0021,16.6006,16.9501,10738437.0
2006-06-30,17.0351,17.3988,17.0068,17.2051,13449613.0
2006-07-03,17.4271,17.4413,17.2193,17.2949,9162664.0
2006-07-05,17.3043,17.4318,17.2429,17.3279,9021813.0
2006-07-06,17.3327,17.4507,17.2382,17.3138,10166019.0
2006-07-07,17.3327,17.4743,17.1626,17.4602,10487126.0
2006-07-10,17.4743,17.6113,17.3893,17.3893,8889870.0
2006-07-11,17.4743,17.6349,17.2571,17.6019,9632692.0
2006-07-12,17.5593,17.6585,17.224,17.3327,7754466.0
2006-07-13,17.2382,17.4979,16.5298,17.446,21902047.0
2006-07-14,17.446,17.5027,16.8887,17.0729,10931793.0
2006-07-17,17.0729,17.2382,16.9501,17.1768,7234658.0
2006-07-18,17.1768,17.446,17.1296,17.3279,7835372.0
2006-07-19,17.4035,17.7719,17.2618,17.6255,15421634.0
2006-07-20,17.5168,17.6774,17.498,17.616,6725016.0
2006-07-21,17.6585,17.7435,17.5641,17.6444,9677861.0
2006-07-24,17.9466,18.5086,17.9466,18.3953,21004645.0
2006-07-25,18.5511,18.6503,18.4047,18.5464,12344182.0
2006-07-26,18.4945,19.014,18.4897,18.9762,14013961.0
2006-07-27,19.0187,19.3918,18.9148,19.354,21308774.0
2006-07-28,19.3635,19.7224,19.2454,19.4201,17317886.0
2006-07-31,19.4154,19.4154,18.9667,19.0187,12825634.0
2006-08-01,19.0706,19.406,18.9762,19.2785,10332861.0
2006-08-02,19.269,19.406,19.2076,19.3776,10736760.0
2006-08-03,19.4154,19.7224,19.2548,19.6421,10418168.0
2006-08-04,19.6657,19.7318,19.3493,19.5288,8086892.0
2006-08-07,19.5288,19.5854,18.9667,19.2879,8981046.0
2006-08-08,19.3682,19.4957,19.2218,19.354,8638769.0
2006-08-09,19.3635,19.6988,19.3587,19.5807,9845331.0
2006-08-10,19.4579,19.5665,19.2973,19.5193,7004937.0
2006-08-11,19.3399,19.3871,19.0895,19.1746,8833802.0
2006-08-14,19.2926,19.5051,19.2265,19.3068,7051258.0
2006-08-15,19.4721,19.5524,19.3068,19.3399,10064678.0
2006-08-16,19.4815,19.5618,19.3493,19.4485,7193262.0
2006-08-17,19.5051,19.7082,17.9466,18.3386,38334897.0
2006-08-18,18.23,18.8062,18.1119,18.6645,22871657.0
2006-08-21,18.8912,18.9856,18.622,18.7259,13137728.0
2006-08-22,18.6928,19.0093,18.6787,18.7731,10208673.0
2006-08-23,18.8203,19.1698,18.7873,19.1084,11306243.0
2006-08-24,19.2784,19.3068,18.8676,18.9195,12591720.0
2006-08-25,18.7967,19.2359,18.7967,19.099,8289051.0
2006-08-28,19.0093,19.4674,18.9904,19.3399,9309279.0
2006-08-29,19.3162,19.5382,19.2407,19.491,11130808.0
2006-08-30,19.5148,19.6626,19.4004,19.4481,8223656.0
2006-08-31,19.4528,19.5291,19.2336,19.3289,7249750.0
2006-09-01,19.3146,19.5577,19.2383,19.5243,5997390.0
2006-09-05,19.5386,19.634,19.3527,19.6244,6704999.0
2006-09-06,19.5482,19.777,19.41,19.7341,7874358.0
2006-09-07,19.7341,19.7579,19.3051,19.3718,7264841.0
2006-09-08,19.0191,19.6721,19.0191,19.572,5173557.0
2006-09-11,19.4004,19.7198,19.4004,19.6817,5214429.0
2006-09-12,19.7722,20.1297,19.7627,20.0916,9654176.0
2006-09-13,19.5672,19.8103,19.4528,19.5863,13038902.0
2006-09-14,19.5815,19.715,19.4957,19.5577,7857485.0
2006-09-15,19.6387,19.7627,19.5243,19.5911,8089512.0
2006-09-18,19.4719,19.5386,19.3432,19.4481,6829397.0
2006-09-19,19.5625,19.6816,19.4099,19.6292,8178278.0
2006-09-20,19.6244,20.0248,19.6149,19.9915,10111838.0
2006-09-21,19.9915,20.0296,19.8151,19.9962,6873727.0
2006-09-22,20.0058,20.1106,19.9438,20.0391,9887670.0
2006-09-25,20.0916,20.1964,19.9724,20.001,9986602.0
2006-09-26,19.9295,20.0773,19.715,19.9057,12673674.0
2006-09-27,20.0201,20.2584,19.9295,20.2108,13277217.0
2006-09-28,20.2346,20.2632,19.9772,20.0487,7967734.0
2006-09-29,19.9915,20.1202,19.8675,19.9724,11391760.0
2006-10-02,20.0916,20.1392,19.8628,19.8628,9598946.0
2006-10-03,19.9867,20.1488,19.9009,20.0153,9842502.0
2006-10-04,20.0201,20.1583,19.9247,19.9915,11455898.0
2006-10-05,20.0201,20.0677,19.6816,19.7436,11110267.0
2006-10-06,19.7341,20.0439,19.6578,19.9533,10731520.0
2006-10-09,19.9533,20.0534,19.8342,19.9533,7705420.0
2006-10-10,20.0153,20.0773,19.8485,19.9343,9793770.0
2006-10-11,19.8532,20.1106,19.8342,20.1106,9040991.0
2006-10-12,20.1869,20.4253,20.1107,20.3824,8980207.0
2006-10-13,20.3442,20.7541,20.3156,20.5921,14383800.0
2006-10-16,20.6874,21.0592,20.654,20.859,11575998.0
2006-10-17,20.921,21.0592,20.6493,20.9543,10661304.0
2006-10-18,21.0544,21.2833,20.9162,21.2022,10594127.0
2006-10-19,21.2022,21.3976,21.0783,21.207,8599364.0
2006-10-20,21.6217,21.7551,21.3786,21.7551,16989338.0
2006-10-23,21.6693,21.7837,21.5978,21.7837,12604820.0
2006-10-24,21.7838,21.9029,21.5693,21.8934,10020347.0
2006-10-25,21.8791,21.9697,21.8267,21.9601,8858534.0
2006-10-26,21.9744,22.0888,21.8362,22.0269,9731518.0
2006-10-27,22.1031,22.1031,21.8028,21.9697,8490058.0
2006-10-30,21.8695,21.8981,21.6979,21.7551,9755308.0
2006-10-31,21.6884,21.7551,21.512,21.6503,12094234.0
2006-11-01,21.922,21.9935,21.717,21.7694,12677761.0
2006-11-02,21.7885,21.7885,21.5216,21.6407,10132064.0
2006-11-03,21.6169,21.779,21.1164,21.4977,10672727.0
2006-11-06,21.4882,21.8552,21.3976,21.8362,14107652.0
2006-11-07,21.8362,22.0793,21.7694,21.8791,10290417.0
2006-11-08,21.3357,21.3357,20.8066,21.1355,27720648.0
2006-11-09,20.9734,21.0592,20.3537,20.4395,23699682.0
2006-11-10,20.3871,20.5921,20.1583,20.554,13981682.0
2006-11-13,20.5921,20.8781,20.5587,20.716,12728484.0
2006-11-14,20.7255,21.1069,20.6826,20.921,15679442.0
2006-11-15,20.8256,21.2117,20.8066,21.0449,16542575.0
2006-11-16,21.1641,21.3071,21.1164,21.2833,13232362.0
2006-11-17,21.3119,21.4787,21.2594,21.4787,10694106.0
2006-11-20,21.4262,21.4405,21.1641,21.2451,13684470.0
2006-11-21,21.1641,21.35,21.0211,21.0783,11447723.0
2006-11-22,21.002,21.4072,20.9305,21.1546,13525802.0
2006-11-24,20.9782,21.1307,20.9734,21.0592,2869529.0
2006-11-27,21.0068,21.1212,20.7732,20.7923,10711398.0
2006-11-28,20.84,20.921,20.6731,20.8161,11171890.0
2006-11-29,21.0211,21.3023,20.9591,21.2403,10176604.0
2006-11-30,21.1641,21.3262,21.0497,21.2165,10090144.0
2006-12-01,21.2833,21.4882,21.1879,21.4787,14216854.0
2006-12-04,21.6026,21.8791,21.1164,21.3071,19618874.0
2006-12-05,21.2356,21.7885,21.2356,21.636,9976226.0
2006-12-06,21.487,21.6889,21.213,21.4725,15527482.0
2006-12-07,21.5879,21.6216,21.0736,21.1264,11531773.0
2006-12-08,21.0495,21.1889,20.6506,21.1168,11910206.0
2006-12-11,21.1264,21.5927,21.0832,21.1553,8195674.0
2006-12-12,21.2899,21.3668,20.8621,20.9678,11992474.0
2006-12-13,20.9774,21.0976,20.6986,20.8332,11296392.0
2006-12-14,20.8188,21.1168,20.814,20.9582,10184045.0
2006-12-15,21.0111,21.2034,20.8717,21.1505,10788636.0
2006-12-18,21.0976,21.1841,20.9918,21.0688,11301003.0
2006-12-19,21.0303,21.1409,20.8092,20.9149,13938714.0
2006-12-20,20.8525,21.1217,20.79,20.814,7759706.0
2006-12-21,20.8188,21.0063,20.7515,20.7996,7337258.0
2006-12-22,20.7996,20.8717,20.564,20.5881,7132164.0
2006-12-26,20.6458,20.6986,20.4919,20.5688,8368594.0
2006-12-27,20.6698,20.9678,20.6698,20.8476,6752578.0
2006-12-28,20.7275,21.0111,20.7275,20.9342,4409250.0
2006-12-29,20.8861,20.9822,20.7707,20.9582,6970458.0
2007-01-03,21.1649,21.5783,21.1361,21.1601,15740226.0
2007-01-04,20.9678,21.8475,20.9678,21.684,13115930.0
2007-01-05,21.6792,21.6792,21.237,21.2947,11168431.0
2007-01-08,20.7467,21.4005,20.7467,21.2899,7384522.0
2007-01-09,21.2947,21.3908,21.0688,21.0928,9037114.0
2007-01-10,21.0784,21.338,20.9726,21.2082,7949080.0
2007-01-11,21.2707,21.4389,21.112,21.2755,8051889.0
2007-01-12,21.3812,21.6744,21.3043,21.5302,9872579.0
2007-01-16,21.535,21.7129,21.4918,21.6071,6580497.0
2007-01-17,21.6071,21.7417,21.487,21.636,8045391.0
2007-01-18,21.6552,22.1167,21.6552,21.9869,11123053.0
2007-01-19,22.0446,22.1888,21.8379,21.9196,9909050.0
2007-01-22,21.8331,22.0686,21.6456,21.7754,8492678.0
2007-01-23,21.8859,22.0975,21.7802,21.9821,8743988.0
2007-01-24,22.0061,22.2705,21.958,22.2176,6476011.0
2007-01-25,22.1167,22.3762,21.9773,22.1119,8482512.0
2007-01-26,22.1071,22.2993,21.8331,22.1071,7392906.0
2007-01-29,22.2032,22.2224,21.7802,21.8763,7784125.0
2007-01-30,21.9965,22.0782,21.4389,21.5879,13092874.0
2007-01-31,21.5831,21.6744,21.3908,21.511,10228585.0
2007-02-01,21.5831,21.8427,21.4822,21.6937,8337574.0
2007-02-02,21.6889,21.7802,21.1072,21.5014,15398474.0
2007-02-05,21.4437,21.487,21.2707,21.4293,11738543.0
2007-02-06,21.5062,21.5254,21.2514,21.4581,8284126.0
2007-02-07,21.5735,21.5783,21.1361,21.2755,9068239.0
2007-02-08,21.1601,21.511,21.0592,21.112,7576726.0
2007-02-09,21.1793,21.2851,20.987,21.064,5758131.0
2007-02-12,21.1505,21.2658,21.0063,21.0784,9276896.0
2007-02-13,21.1986,21.2226,21.0015,21.1264,7480729.0
2007-02-14,21.2178,21.261,21.1024,21.1793,6874146.0
2007-02-15,21.1072,21.1793,20.9871,21.0928,10005885.0
2007-02-16,21.1841,21.511,21.1072,21.2851,14396690.0
2007-02-20,21.338,21.487,21.2514,21.3908,8807287.0
2007-02-21,21.3668,21.3668,21.0592,21.1264,9869854.0
2007-02-22,21.0784,21.1601,20.7323,20.7659,12994676.0
2007-02-23,20.7659,20.7755,20.5737,20.6409,9807813.0
2007-02-26,21.3139,21.5975,21.088,21.3812,20305210.0
2007-02-27,21.2851,21.3908,20.3573,20.7563,16185102.0
2007-02-28,21.2755,21.487,20.9919,21.2226,21879725.0
2007-03-01,21.1265,21.3812,20.915,21.1457,13205953.0
2007-03-02,21.2707,21.3572,20.939,21.2418,13230476.0
2007-03-05,21.1217,21.5591,20.9967,21.2707,14573907.0
2007-03-06,21.2707,21.6119,21.2466,21.4725,12507042.0
2007-03-07,21.458,21.7392,21.2447,21.2641,12159001.0
2007-03-08,21.3223,21.521,21.3223,21.5065,8774380.0
2007-03-09,21.5889,21.744,21.4774,21.6277,8667694.0
2007-03-12,21.5404,21.6713,21.3853,21.4726,8647153.0
2007-03-13,21.3077,21.5744,20.9683,21.0265,12910417.0
2007-03-14,21.1623,21.1623,20.7308,20.978,12927290.0
2007-03-15,20.9247,20.9829,20.7841,20.9393,9623784.0
2007-03-16,20.9877,21.1526,20.8374,20.8908,12068663.0
2007-03-19,21.012,21.1865,20.9005,21.0508,11557868.0
2007-03-20,20.9877,21.235,20.915,21.1526,6212439.0
2007-03-21,21.0895,21.5404,21.0605,21.4532,11802366.0
2007-03-22,21.235,21.5113,21.2156,21.4144,9352771.0
2007-03-23,21.4871,21.681,21.4435,21.5501,8785594.0
2007-03-26,21.458,21.555,21.2108,21.3659,10087105.0
2007-03-27,21.2544,21.3126,21.1332,21.1623,9776582.0
2007-03-28,21.0459,21.1574,20.9538,20.9586,11105237.0
2007-03-29,21.1768,21.3513,21.0992,21.3077,12218213.0
2007-03-30,21.3707,21.4289,21.0071,21.4144,8228267.0
2007-04-02,21.618,21.9574,21.5841,21.8216,14062274.0
2007-04-03,21.9574,22.0931,21.8313,22.001,8245874.0
2007-04-04,21.9283,22.0156,21.8362,21.9962,6175235.0
2007-04-05,21.938,22.224,21.8701,22.0786,5892694.0
2007-04-09,22.0398,22.1367,21.9331,22.1319,6363351.0
2007-04-10,22.1561,22.2967,22.0689,22.2337,6899089.0
2007-04-11,22.2046,22.2434,21.9816,22.1319,8498127.0
2007-04-12,22.0689,22.544,22.0349,22.4761,12325842.0
2007-04-13,23.9451,24.6287,23.8772,24.3427,48973774.0
2007-04-16,24.2457,24.5463,24.2409,24.396,15047394.0
2007-04-17,24.3863,24.459,24.1536,24.2457,12249758.0
2007-04-18,24.0421,24.2215,23.8772,24.0906,13989857.0
2007-04-19,24.1245,24.4299,23.9984,24.3136,17947838.0
2007-04-20,24.6239,25.0263,24.4105,24.9632,19576745.0
2007-04-23,24.876,25.259,24.7257,25.0505,15446158.0
2007-04-24,25.0408,25.3365,24.7305,25.0166,9350780.0
2007-04-25,25.0602,25.4529,24.9002,25.3996,12653657.0
2007-04-26,25.3947,25.5159,25.2493,25.419,10736970.0
2007-04-27,25.3365,25.385,24.9875,25.1426,11739591.0
2007-04-30,25.1184,25.1669,24.7984,24.939,10758558.0
2007-05-01,25.0408,25.0796,24.5027,24.716,11230682.0
2007-05-02,24.8711,24.9681,24.779,24.8372,8261384.0
2007-05-03,24.9196,25.1135,24.7645,24.9923,8609739.0
2007-05-04,25.0359,25.3511,24.9923,25.1717,9098107.0
2007-05-07,25.1378,25.2396,25.1135,25.225,6984396.0
2007-05-08,25.1475,25.3462,25.036,25.3269,8267148.0
2007-05-09,25.3026,25.3802,25.1087,25.2347,9351199.0
2007-05-10,25.0505,25.1475,24.7257,24.7645,9791254.0
2007-05-11,24.7741,25.2784,24.7741,25.2105,10144326.0
2007-05-14,25.2105,25.5111,25.1475,25.2493,8657947.0
2007-05-15,25.2396,25.5402,25.2008,25.5111,12289686.0
2007-05-16,25.6953,25.6953,25.2832,25.545,11380127.0
2007-05-17,25.545,25.6856,25.3705,25.4335,9680481.0
2007-05-18,25.482,25.8165,25.3317,25.8165,14401092.0
2007-05-21,25.7099,26.5146,25.6953,26.0783,20620134.0
2007-05-22,26.2286,26.7328,26.1801,26.2528,15245256.0
2007-05-23,26.3644,26.5195,26.2286,26.3498,10507353.0
2007-05-24,26.1316,26.4662,25.8068,26.0589,10597271.0
2007-05-25,26.0298,26.0589,25.928,26.0347,13246510.0
2007-05-29,26.0929,26.185,25.6953,25.8892,10423513.0
2007-05-30,25.768,25.768,25.1911,25.5547,15706166.0
2007-05-31,25.5111,25.7826,25.4286,25.4286,11751958.0
2007-06-01,25.4626,25.6468,25.1523,25.2784,11650616.0
2007-06-04,25.2347,25.2347,24.9147,25.0893,15318826.0
2007-06-05,25.0505,25.0602,24.5948,24.939,15301534.0
2007-06-06,24.9097,25.0611,24.7339,24.7925,12255102.0
2007-06-07,24.6362,24.7925,24.5336,24.5873,14175667.0
2007-06-08,24.5678,24.6606,24.2405,24.4896,11885473.0
2007-06-11,24.5678,25.0806,24.4408,24.9341,13044142.0
2007-06-12,24.7485,24.9341,24.5238,24.5287,11830767.0
2007-06-13,24.5971,24.8462,24.2796,24.7485,12061537.0
2007-06-14,24.7387,24.7387,24.4701,24.5336,10972979.0
2007-06-15,24.856,25.193,24.6411,24.7778,14308449.0
2007-06-18,24.8608,24.9097,24.5629,24.729,7820595.0
2007-06-19,24.7387,24.9048,24.5092,24.5776,9811062.0
2007-06-20,24.4213,24.4652,24.0354,24.0598,14710776.0
2007-06-21,23.9573,24.1917,23.6691,24.0794,12389980.0
2007-06-22,23.8938,24.1282,23.5714,23.713,15201240.0
2007-06-25,23.7863,24.055,23.4444,23.6105,11768516.0
2007-06-26,23.6544,24.2943,23.6398,23.9914,16883385.0
2007-06-27,23.9719,24.7632,23.8205,24.5824,19820195.0
2007-06-28,24.7094,24.9585,24.558,24.6557,13367659.0
2007-06-29,24.8853,24.8853,24.1624,24.3236,15128404.0
2007-07-02,24.3773,24.5678,24.0403,24.2112,13771768.0
2007-07-03,24.3968,24.5482,24.2161,24.3382,5454211.0
2007-07-05,24.2747,24.3675,24.1087,24.3333,8491106.0
2007-07-06,24.3724,24.4066,23.8693,24.1575,9678909.0
2007-07-09,24.177,24.2112,23.9524,24.138,9621059.0
2007-07-10,23.9426,24.1917,23.7375,23.7668,12887256.0
2007-07-11,23.6886,24.0061,23.6544,23.884,14496250.0
2007-07-12,24.0305,24.8462,23.884,24.7973,17484308.0
2007-07-13,24.6899,24.9732,24.6508,24.8364,10625567.0
2007-07-16,24.6704,24.8413,24.5141,24.8267,8825942.0
2007-07-17,24.7387,24.9585,24.4848,24.5531,8095381.0
2007-07-18,24.4213,24.6069,24.094,24.392,11154598.0
2007-07-19,24.4115,24.4506,23.9915,24.0989,11842819.0
2007-07-20,24.2015,24.4213,23.84,23.9426,14354142.0
2007-07-23,25.1734,26.0575,24.9976,25.5593,41864561.0
2007-07-24,25.8621,26.2822,25.1686,25.2614,17923630.0
2007-07-25,25.5691,26.2187,25.4958,26.0721,19905607.0
2007-07-26,25.8865,26.2431,25.149,25.3835,22877316.0
2007-07-27,25.3835,25.4811,24.4554,24.4799,17475190.0
2007-07-30,24.602,24.602,24.1526,24.4799,12122740.0
2007-07-31,24.5678,24.6459,24.177,24.2503,15072546.0
2007-08-01,24.2357,25.0416,24.2112,24.9195,17262656.0
2007-08-02,25.1197,25.4616,24.8218,25.2223,13222721.0
2007-08-03,25.232,25.2614,24.5385,24.5629,11747137.0
2007-08-06,25.0074,25.193,24.6459,25.0806,13726494.0
2007-08-07,24.8511,25.5691,24.812,25.2174,14165187.0
2007-08-08,25.4811,25.7595,24.8706,25.5739,11980526.0
2007-08-09,25.193,25.6423,24.5434,25.1246,15497510.0
2007-08-10,25.1246,25.2516,24.4457,24.8511,16039430.0
2007-08-13,24.6215,25.2027,24.6215,24.6948,8458513.0
2007-08-14,24.6948,24.7827,24.348,24.3871,8880438.0
2007-08-15,24.4457,24.7143,24.1233,24.3138,10967320.0
2007-08-16,24.2259,24.4066,23.4981,24.1575,21263396.0
2007-08-17,24.4603,24.5483,23.7375,24.2357,17209942.0
2007-08-20,24.2357,24.9048,24.1184,24.4115,8505463.0
2007-08-21,24.431,24.6752,23.8058,24.3089,8716530.0
2007-08-22,24.5531,24.7925,24.2357,24.5971,11241162.0
2007-08-23,24.7681,24.7827,24.4017,24.6655,10289264.0
2007-08-24,24.6655,24.8413,24.4652,24.8218,7490475.0
2007-08-27,24.8364,24.8804,24.4213,24.4799,8010388.0
2007-08-28,24.3382,24.4652,23.9866,24.0354,8198294.0
2007-08-29,24.0403,24.4213,23.801,24.3822,6599046.0
2007-08-30,24.1429,24.4652,24.0598,24.2552,7698818.0
2007-08-31,24.4408,24.6655,24.3675,24.5043,7681002.0
2007-09-04,24.6606,24.6606,24.2405,24.4408,10004418.0
2007-09-05,24.3817,24.4605,24.1307,24.3128,8506616.0
2007-09-06,24.3128,24.9379,24.2636,24.8395,13023496.0
2007-09-07,24.7066,25.0511,24.3374,24.3965,12171891.0
2007-09-10,24.5884,24.6081,24.2833,24.5146,9319026.0
2007-09-11,24.6573,24.7213,24.367,24.5835,8005986.0
2007-09-12,24.4802,24.6524,24.2046,24.4457,11917437.0
2007-09-13,24.8542,25.0412,24.4162,24.5392,12863047.0
2007-09-14,24.4802,24.554,24.1996,24.3817,7623676.0
2007-09-17,24.239,24.4359,24.1012,24.3178,7201646.0
2007-09-18,24.0175,25.0019,24.0175,24.8887,10200289.0
2007-09-19,25.0166,25.4596,24.6672,25.3759,12927290.0
2007-09-20,25.3464,25.6613,25.2036,25.2873,9903495.0
2007-09-21,25.307,25.6318,25.2873,25.5039,14918385.0
2007-09-24,25.5285,25.6318,25.371,25.435,8625983.0
2007-09-25,25.435,25.8927,25.3611,25.7303,11139402.0
2007-09-26,25.8287,26.001,25.7204,25.8878,11081447.0
2007-09-27,25.8484,25.9025,25.5531,25.7401,7114558.0
2007-09-28,25.4694,25.5925,25.2233,25.4399,13304570.0
2007-10-01,25.5925,25.932,25.494,25.8041,11636887.0
2007-10-02,25.8779,25.9517,25.3513,25.4054,11491215.0
2007-10-03,25.3857,25.9468,25.3168,25.6663,8664759.0
2007-10-04,25.4005,26.1388,25.4005,26.0157,10116239.0
2007-10-05,26.1831,26.5965,26.1683,26.3356,9296074.0
2007-10-08,26.3356,26.3701,25.9862,26.1584,4206567.0
2007-10-09,26.188,26.5571,26.124,26.3947,6659516.0
2007-10-10,26.3947,26.503,26.1584,26.1978,6023275.0
2007-10-11,26.124,26.4242,25.9763,26.1043,7812630.0
2007-10-12,26.1781,26.4193,25.9862,26.3356,8186452.0
2007-10-15,26.5768,26.5768,26.1289,26.2273,7411351.0
2007-10-16,26.1732,26.2372,25.9271,26.0994,8524118.0
2007-10-17,26.2077,26.3307,25.9714,26.2913,11323745.0
2007-10-18,26.0846,26.4045,26.0797,26.2766,7104602.0
2007-10-19,26.1388,26.6949,26.06,26.1388,15173573.0
2007-10-22,26.4144,27.0443,25.9813,26.8918,20319672.0
2007-10-23,26.9951,27.7727,26.5768,27.7383,19709841.0
2007-10-24,27.7383,27.9302,27.4332,27.6595,18176093.0
2007-10-25,27.6595,28.1763,27.5463,28.0828,13313058.0
2007-10-26,28.0877,28.4716,28.0533,28.3387,11795974.0
2007-10-29,28.3781,28.6291,28.2058,28.4322,13872481.0
2007-10-30,28.447,28.6193,28.3437,28.4765,10659837.0
2007-10-31,28.4027,28.6734,28.1763,28.6734,11615298.0
2007-11-01,28.4864,28.7226,28.1468,28.2305,12644749.0
2007-11-02,28.5651,28.5651,27.3495,27.5808,17646958.0
2007-11-05,27.0689,27.9794,27.0689,27.5266,12336637.0
2007-11-06,27.5513,27.694,27.4036,27.5562,9805822.0
2007-11-07,27.1625,27.5267,26.6408,26.6752,14087111.0
2007-11-08,26.8032,27.1428,26.6063,26.9558,18793574.0
2007-11-09,27.3249,28.4175,27.3249,27.5119,26584616.0
2007-11-12,27.5168,27.8909,27.2314,27.5562,11320810.0
2007-11-13,27.7678,28.3141,27.5562,28.2944,16533248.0
2007-11-14,27.8072,28.3879,27.8072,28.2009,10995721.0
2007-11-15,28.0336,28.9835,27.9745,28.5061,16544357.0
2007-11-16,28.7571,28.7571,28.1123,28.7325,13664034.0
2007-11-19,28.4962,28.8407,28.4421,28.6685,14248608.0
2007-11-20,28.6586,28.7423,28.2206,28.5061,14977597.0
2007-11-21,28.2157,28.324,27.3298,27.817,13831190.0
2007-11-23,27.945,28.4913,27.945,28.3781,7040569.0
2007-11-26,28.3732,28.7521,27.9647,28.3437,15960516.0
2007-11-27,28.2354,29.5298,28.2354,29.0081,19122646.0
2007-11-28,29.1656,29.5347,28.9539,29.5101,20290852.0
2007-11-29,29.4313,29.6725,29.2197,29.4904,12765793.0
2007-11-30,29.6282,29.7709,29.013,29.2148,19403825.0
2007-12-03,28.9195,29.2788,28.8555,28.9244,9902028.0
2007-12-04,28.2452,29.0967,27.8367,28.7374,20122962.0
2007-12-05,28.9554,29.5399,28.6779,29.426,11433470.0
2007-12-06,29.6142,29.6984,29.2328,29.4755,10454429.0
2007-12-07,29.4706,30.2632,29.3517,30.0551,12496352.0
2007-12-10,30.0551,30.2087,29.6836,30.1046,11940807.0
2007-12-11,30.2136,30.3722,29.7876,29.9214,12975183.0
2007-12-12,30.2186,30.5257,29.2674,29.5845,22524874.0
2007-12-13,29.3814,29.6836,29.0941,29.6192,9398569.0
2007-12-14,29.4755,29.7232,29.2922,29.5102,9676918.0
2007-12-17,29.6489,30.0155,29.4359,29.4705,13183945.0
2007-12-18,29.6241,29.7381,29.3863,29.5944,10275011.0
2007-12-19,29.5399,29.7232,29.2427,29.3962,8425815.0
2007-12-20,29.6637,29.7034,28.8909,28.9999,12240326.0
2007-12-21,29.3962,29.6439,28.5987,29.3021,24238982.0
2007-12-24,29.2575,29.7034,29.2575,29.5944,4478209.0
2007-12-26,29.3318,29.5746,29.2328,29.4359,8840928.0
2007-12-27,29.2823,29.3269,28.9603,29.0148,7397622.0
2007-12-28,28.7423,29.213,28.7423,29.0842,7478947.0
2007-12-31,28.9058,29.1238,28.782,28.7869,8486599.0
2008-01-02,28.8067,28.9851,28.2866,28.4203,12287276.0
2008-01-03,28.46,28.7027,28.2866,28.3956,8831810.0
2008-01-04,28.2123,28.46,28.1132,28.1627,10469625.0
2008-01-07,28.2816,28.9405,28.2123,28.6928,11874783.0
2008-01-08,28.777,30.065,28.7423,29.5548,21523824.0
2008-01-09,29.5746,30.1591,29.3021,29.9709,17504220.0
2008-01-10,29.7826,30.0947,29.5994,29.956,14409476.0
2008-01-11,29.7381,30.3078,29.7232,29.9957,9895426.0
2008-01-14,29.6637,29.6637,29.0594,29.6142,15168333.0
2008-01-15,29.1931,29.525,28.7622,28.8216,19071714.0
2008-01-16,28.6532,29.2179,28.6086,28.9058,16879088.0
2008-01-17,28.6532,28.9306,26.9837,27.1819,31305751.0
2008-01-18,27.3156,27.3206,25.983,26.414,30517970.0
2008-01-22,25.5124,25.983,24.3235,25.4381,30991456.0
2008-01-23,25.3539,25.3539,24.1352,24.9229,23097606.0
2008-01-24,24.9625,25.6115,23.5061,24.5514,42295498.0
2008-01-25,24.7396,24.7396,20.9648,23.6745,68103022.0
2008-01-28,23.6597,24.4473,23.3426,24.3978,24323975.0
2008-01-29,24.5266,24.5414,23.2089,23.7835,21376370.0
2008-01-30,22.6392,23.2386,22.4509,22.8621,34979934.0
2008-01-31,22.9513,23.09,22.3271,22.8373,26332048.0
2008-02-01,22.8869,23.0157,22.3221,22.7779,20235308.0
2008-02-04,22.6986,23.7637,22.6986,23.516,17087535.0
2008-02-05,23.4417,23.4516,22.7184,22.763,20064903.0
2008-02-06,22.872,22.9958,22.1983,22.6441,17132599.0
2008-02-07,22.6045,23.1197,22.3172,22.6392,21594459.0
2008-02-08,22.5649,22.6392,21.9308,22.0596,14534502.0
2008-02-11,22.0695,22.5153,21.8961,22.446,12429909.0
2008-02-12,22.6144,23.3327,22.5351,23.0503,21690666.0
2008-02-13,23.2386,23.7439,23.2386,23.5655,20315585.0
2008-02-14,23.6795,23.8429,23.1593,23.2336,13190442.0
2008-02-15,23.2832,23.7241,23.1544,23.5457,16393130.0
2008-02-19,23.7538,23.8925,23.2584,23.3179,13947622.0
2008-02-20,23.194,23.3129,22.877,23.2931,14091827.0
2008-02-21,23.3278,23.4813,22.7977,22.8522,12777740.0
2008-02-22,22.9017,23.0256,22.4707,22.8225,13047286.0
2008-02-25,22.8769,23.2435,22.8472,23.1791,11296811.0
2008-02-26,23.0602,23.2287,22.872,22.981,10225860.0
2008-02-27,22.8869,22.9067,22.4361,22.5104,16659951.0
2008-02-28,22.5005,22.5847,22.2082,22.3915,10876354.0
2008-02-29,22.2181,22.2775,21.8614,21.9456,17982527.0
2008-03-03,22.1388,22.1388,21.7227,21.8267,12245775.0
2008-03-04,21.6533,21.797,21.4403,21.6781,14885792.0
2008-03-05,21.868,21.928,21.3483,21.6132,18069930.0
2008-03-06,21.6232,21.6281,21.1434,21.1834,16148422.0
2008-03-07,21.0185,21.4882,20.7486,20.8636,16117402.0
2008-03-10,20.8886,20.9435,20.5038,20.6187,12954957.0
2008-03-11,20.6287,21.1784,20.5387,21.1484,17351002.0
2008-03-12,21.0834,21.7681,21.0784,21.2134,16401619.0
2008-03-13,21.1384,21.3433,20.7586,20.9535,21246418.0
2008-03-14,21.1484,21.4732,20.2839,20.4738,17797450.0
2008-03-17,20.2389,21.0185,20.049,20.9135,15763073.0
2008-03-18,21.1584,21.5882,20.8686,21.5832,15363366.0
2008-03-19,21.6431,21.9879,21.4432,21.4832,16114782.0
2008-03-20,21.7831,21.7831,20.9885,21.6681,17209522.0
2008-03-24,21.798,22.3777,21.6181,22.1129,18329520.0
2008-03-25,22.1628,22.4877,22.1129,22.3228,14061121.0
2008-03-26,22.2528,22.5077,22.0879,22.3378,21383497.0
2008-03-27,22.3477,22.6726,22.0879,22.3777,20682804.0
2008-03-28,22.3677,22.8525,22.1778,22.2428,11887778.0
2008-03-31,19.3644,19.7392,18.3999,18.9646,85731011.0
2008-04-01,19.1845,19.4194,19.0146,19.1495,43345804.0
2008-04-02,19.2045,19.2894,18.4699,18.5398,41527734.0
2008-04-03,18.5598,19.2195,18.4899,19.1695,54516646.0
2008-04-04,19.1445,20.029,19.0296,19.989,31954149.0
2008-04-07,20.2739,20.7886,20.2189,20.3788,24007479.0
2008-04-08,20.2439,20.7037,20.149,20.4388,18868506.0
2008-04-09,20.4538,20.5438,20.1789,20.4588,11941750.0
2008-04-10,20.8086,21.0834,20.6787,20.8436,17382757.0
2008-04-11,20.7386,20.9135,20.4888,20.5587,14684471.0
2008-04-14,20.5537,20.7436,20.3838,20.6887,14222932.0
2008-04-15,20.9285,21.1084,20.3688,20.5987,19685527.0
2008-04-16,20.7336,20.7336,19.8491,20.144,27563658.0
2008-04-17,20.044,20.2139,19.5293,19.5993,24721062.0
2008-04-18,19.6892,20.054,19.4893,19.8691,27103271.0
2008-04-21,20.3089,20.3738,19.3594,19.8041,23383395.0
2008-04-22,19.7992,19.8741,19.1695,19.2445,20458427.0
2008-04-23,19.3744,19.4293,18.9896,19.2994,18825329.0
2008-04-24,19.3394,20.144,19.3244,19.9741,17999819.0
2008-04-25,20.029,20.4588,19.989,20.3488,14503901.0
2008-04-28,20.3638,20.8386,20.3638,20.7086,14188767.0
2008-04-29,19.1095,19.1895,18.4749,18.5598,84372908.0
2008-04-30,18.6897,19.0645,18.3899,19.0096,39215741.0
2008-05-01,18.8946,19.5093,18.8896,19.4643,25145083.0
2008-05-02,19.4493,19.7392,19.3794,19.6742,17978335.0
2008-05-05,19.6742,19.6892,19.4393,19.4793,10946674.0
2008-05-06,19.4743,19.4893,19.2444,19.4094,10940806.0
2008-05-07,19.4144,19.7342,19.4144,19.4943,17530525.0
2008-05-08,19.6043,19.8541,19.3044,19.5343,11881386.0
2008-05-09,19.4893,19.7991,19.2395,19.4843,13198617.0
2008-05-12,19.4943,19.8391,19.4793,19.7992,10744515.0
2008-05-13,19.7392,19.9041,19.4593,19.5743,13219158.0
2008-05-14,19.6242,19.984,19.5743,19.9041,13692854.0
2008-05-15,19.8991,20.034,19.7242,19.989,14361687.0
2008-05-16,20.094,20.094,19.8041,19.989,12546551.0
2008-05-19,19.9641,20.039,19.8741,19.999,15046974.0
2008-05-20,19.8841,20.2139,19.7891,19.8591,11582915.0
2008-05-21,19.8541,20.034,19.4893,19.5543,13393859.0
2008-05-22,19.5493,19.6642,19.3144,19.5043,11380966.0
2008-05-23,19.4843,19.6093,19.3494,19.3594,10843237.0
2008-05-27,19.4543,19.6742,19.1645,19.2994,19701247.0
2008-05-28,19.3894,19.4194,19.1045,19.3194,12375832.0
2008-05-29,19.3244,19.7342,19.2494,19.4493,16980220.0
2008-05-30,19.5443,19.6192,19.2544,19.4693,14605662.0
2008-06-02,19.4693,19.4843,18.9396,19.0746,20430446.0
2008-06-03,19.1295,19.2744,19.0096,19.1645,12858122.0
2008-06-04,19.2453,19.3967,19.22,19.2654,12106496.0
2008-06-05,19.3664,19.6743,19.2251,19.6288,14073382.0
2008-06-06,19.4774,19.5128,18.8919,18.9222,23024455.0
2008-06-09,18.9777,19.0938,18.5285,18.6699,15823438.0
2008-06-10,18.5134,18.6345,18.2307,18.367,18458110.0
2008-06-11,18.4225,18.4882,17.8825,18.0339,27080530.0
2008-06-12,18.0995,18.2207,17.6301,17.8673,23016910.0
2008-06-13,17.9935,18.155,17.6251,17.933,20006215.0
2008-06-16,17.8472,17.9683,17.408,17.6705,26747266.0
2008-06-17,17.726,17.8724,17.4838,17.5039,15808451.0
2008-06-18,17.5039,17.827,17.4888,17.5948,16413776.0
2008-06-19,17.5746,18.2055,17.5544,17.9683,28315178.0
2008-06-20,17.8673,18.0844,17.6654,17.7311,21629567.0
2008-06-23,17.7714,18.1651,17.726,18.0844,19792947.0
2008-06-24,18.0541,18.7506,17.9834,18.6901,26481912.0
2008-06-25,18.5487,18.7758,18.3367,18.6648,23204292.0
2008-06-26,18.574,18.7506,18.2308,18.2711,16760350.0
2008-06-27,18.3266,19.1191,18.2964,18.6648,38082434.0
2008-06-30,18.6648,19.2503,18.6648,19.0232,22680606.0
2008-07-01,18.8818,19.5481,18.8465,19.3613,24465350.0
2008-07-02,19.6188,19.6339,19.1544,19.1998,18647483.0
2008-07-03,19.321,19.5329,19.321,19.4068,11196727.0
2008-07-07,18.9727,19.1746,18.2762,18.473,34836358.0
2008-07-08,18.5487,18.8919,18.5437,18.6598,26804382.0
2008-07-09,18.7254,19.1241,18.6547,18.7052,21444490.0
2008-07-10,18.7456,19.0535,18.3317,18.6749,16704910.0
2008-07-11,18.4983,18.6699,18.2156,18.5487,15066048.0
2008-07-14,18.579,18.8566,18.5084,18.6093,10522549.0
2008-07-15,18.4882,18.7456,18.3418,18.4629,19261087.0
2008-07-16,18.3519,18.6749,18.2711,18.4882,19624114.0
2008-07-17,18.4427,18.6547,18.1904,18.6547,17984099.0
2008-07-18,18.7355,19.0232,18.473,19.0181,19737508.0
2008-07-21,18.8162,19.3512,17.5494,17.832,59019378.0
2008-07-22,16.3279,16.5904,15.7223,15.8131,81811596.0
2008-07-23,15.9948,16.3128,15.7525,16.0352,33357002.0
2008-07-24,16.2371,16.6661,15.9544,16.2623,26514086.0
2008-07-25,16.338,16.656,16.333,16.4945,14460933.0
2008-07-28,16.4945,16.4945,16.126,16.1816,14052108.0
2008-07-29,16.1917,16.3885,15.9292,16.3582,13714966.0
2008-07-30,16.3834,16.8882,16.3532,16.6409,16576006.0
2008-07-31,16.5954,17.0648,16.5551,16.6055,18484519.0
2008-08-01,16.7014,16.9588,16.5248,16.7872,21520680.0
2008-08-04,16.8125,17.0244,16.6308,16.8579,17054942.0
2008-08-05,16.9033,17.5595,16.9033,17.514,16830880.0
2008-08-06,17.4837,17.9481,17.4131,17.8169,14446261.0
2008-08-07,17.6957,18.1147,17.5393,17.6049,17830672.0
2008-08-08,17.62,18.1904,17.4686,18.145,14812432.0
2008-08-11,18.0894,18.1449,17.9784,18.1248,13773864.0
2008-08-12,17.9683,18.3418,17.9683,18.256,12185620.0
2008-08-13,18.1197,18.5386,18.0137,18.039,12596122.0
2008-08-14,17.9784,18.2964,17.7967,18.1399,11555877.0
2008-08-15,18.2005,18.4983,18.2005,18.2509,9323532.0
2008-08-18,18.3216,18.4225,17.9178,18.0238,8298064.0
2008-08-19,17.9027,18.0137,17.6655,17.7916,10759921.0
2008-08-20,17.7916,17.8825,17.514,17.6352,10150614.0
2008-08-21,17.5948,17.6604,17.2364,17.5746,14778582.0
2008-08-22,17.6655,17.9229,17.5393,17.8017,10114038.0
2008-08-25,17.7513,17.827,17.4434,17.6655,11772708.0
2008-08-26,17.6554,18.1046,17.5897,17.8774,13519410.0
2008-08-27,17.8774,18.1046,17.6705,18.0339,8385258.0
2008-08-28,18.1248,18.4579,18.1147,18.3721,9808546.0
2008-08-29,18.3267,18.3367,17.9229,18.0036,12124417.0
2008-09-02,17.9784,18.2106,17.3727,17.5797,18179132.0
2008-09-03,17.7583,17.794,17.3806,17.6919,9457781.0
2008-09-04,17.5848,17.7736,17.3908,17.4368,14468374.0
2008-09-05,17.2786,17.5388,17.1408,17.5031,16092774.0
2008-09-08,17.8399,18.1257,17.6154,18.1053,17110277.0
2008-09-09,18.1155,18.2941,17.5082,17.5235,15416290.0
2008-09-10,17.5694,17.6001,16.9775,17.1051,18333083.0
2008-09-11,16.901,17.401,16.901,17.3449,17416607.0
2008-09-12,17.2531,17.4776,17.1153,17.2582,11515005.0
2008-09-15,16.8959,17.2735,16.6917,16.6968,16216123.0
2008-09-16,16.4672,16.7275,16.0794,16.4723,22961994.0
2008-09-17,16.207,16.4315,15.814,15.8855,23541853.0
2008-09-18,16.0386,16.3498,15.6303,16.2937,20807202.0
2008-09-19,16.656,16.7734,15.5742,16.2478,26693294.0
2008-09-22,16.3243,16.6458,15.9977,16.0488,12337894.0
2008-09-23,16.059,16.3294,15.6609,15.6916,18463454.0
2008-09-24,15.6967,16.1865,15.666,16.059,11903079.0
2008-09-25,16.1406,16.6509,16.0845,16.5182,16323648.0
2008-09-26,16.3447,16.6458,16.2274,16.3907,13415343.0
2008-09-29,16.2733,16.3907,15.4823,15.4823,25067846.0
2008-09-30,15.7936,16.2223,15.7018,16.1049,15752174.0
2008-10-01,16.0335,16.554,16.0232,16.3754,14831191.0
2008-10-02,16.1916,16.5642,15.8498,15.8702,18309608.0
2008-10-03,16.0181,16.4825,15.9467,16.2172,18125684.0
2008-10-06,15.9671,16.4723,14.819,15.3292,24766126.0
2008-10-07,15.3293,15.9416,14.7067,14.7577,21661531.0
2008-10-08,14.5842,15.2731,14.2934,14.5536,23559250.0
2008-10-09,14.5179,14.5791,13.0278,13.3748,26672124.0
2008-10-10,12.89,14.4515,12.0634,13.385,40341398.0
2008-10-13,13.8953,15.2017,13.8392,15.0129,21405819.0
2008-10-14,15.9824,16.0386,14.3699,14.8649,20725248.0
2008-10-15,14.7118,14.8496,13.4769,13.5534,19094665.0
2008-10-16,13.9106,14.4413,13.0635,14.3852,20571926.0
2008-10-17,14.0535,15.4109,13.9463,14.5434,24122654.0
2008-10-20,14.9312,15.9773,14.6097,15.8191,28478981.0
2008-10-21,15.5028,16.0437,15.2272,15.2935,14933371.0
2008-10-22,14.8496,15.2629,14.0331,14.2934,21661636.0
2008-10-23,14.5128,14.9925,13.7065,14.722,23369352.0
2008-10-24,13.5279,14.4107,13.5024,13.9566,18036604.0
2008-10-27,13.7933,14.472,13.1656,13.6861,17051170.0
2008-10-28,13.7269,15.2578,13.3187,15.1507,24089223.0
2008-10-29,15.0333,15.6711,14.5587,14.6353,19345242.0
2008-10-30,14.972,15.712,14.972,15.4058,16199355.0
2008-10-31,15.319,16.1712,14.8649,15.7936,17296087.0
2008-11-03,15.7834,15.8702,15.0843,15.2935,12403394.0
2008-11-04,15.5793,15.9722,15.3905,15.8855,15302896.0
2008-11-05,15.6558,15.8191,14.5689,14.6557,15375732.0
2008-11-06,14.574,14.9669,14.0943,14.2168,20313594.0
2008-11-07,14.3393,14.9874,14.2883,14.7577,11336321.0
2008-11-10,15.0843,15.2323,14.0382,14.2423,13801217.0
2008-11-11,14.1913,14.3087,13.7882,14.0586,12315991.0
2008-11-12,13.9821,13.9923,13.533,13.6351,13757830.0
2008-11-13,13.977,14.6608,13.3085,14.5587,20931390.0
2008-11-14,14.2678,14.6812,13.9055,13.9464,16958736.0
2008-11-17,13.6402,13.7627,13.2217,13.2626,12557346.0
2008-11-18,13.1044,13.6249,12.7931,13.334,19086490.0
2008-11-19,13.1809,13.7269,12.8594,12.9156,16291789.0
2008-11-20,12.8492,13.5738,11.8286,12.0225,24342525.0
2008-11-21,12.196,12.4818,11.6449,12.4512,25517962.0
2008-11-24,12.6757,13.2472,12.441,12.9819,17992588.0
2008-11-25,13.1911,13.2677,12.8339,13.1707,14305095.0
2008-11-26,12.9615,13.4667,12.7574,13.4259,13383484.0
2008-11-28,13.1044,13.6351,13.084,13.6351,6205522.0
2008-12-01,13.4565,13.6504,12.6349,12.6808,15388518.0
2008-12-02,13.2013,13.6606,12.9411,13.6147,16288121.0
2008-12-03,13.2782,13.8166,13.1643,13.6975,15567516.0
2008-12-04,13.1125,13.4749,12.745,12.9417,21624222.0
2008-12-05,12.7709,13.9356,12.4913,13.713,24317582.0
2008-12-08,13.9822,14.329,13.8476,13.977,16085018.0
2008-12-09,14.1634,14.2152,13.5422,13.6198,20390936.0
2008-12-10,13.6716,14.1893,13.6716,13.9667,13838735.0
2008-12-11,13.8735,14.3756,13.5629,13.6871,13150828.0
2008-12-12,13.4076,14.0547,13.3662,13.9977,13955063.0
2008-12-15,13.9511,14.1013,13.5629,13.77,13112471.0
2008-12-16,14.0029,14.5465,13.7078,14.4481,16542680.0
2008-12-17,14.0754,14.4067,13.9408,14.0391,14852151.0
2008-12-18,14.1789,14.6655,14.0081,14.3601,19715290.0
2008-12-19,14.5258,15.0486,14.3135,14.7846,27899751.0
2008-12-22,14.738,15.2091,14.6448,15.059,17876784.0
2008-12-23,15.1987,15.6439,15.1107,15.2246,19325120.0
2008-12-24,15.1987,15.354,15.0641,15.1521,3538258.0
2008-12-26,15.2194,15.2712,14.8829,15.0124,4039726.0
2008-12-29,15.0693,15.1418,14.4688,14.65,13581032.0
2008-12-30,14.8364,15.354,14.8364,15.323,11546130.0
2008-12-31,15.3747,15.8251,15.3696,15.7371,12601362.0
2009-01-02,15.7682,16.1098,15.6905,16.0477,12793355.0
2009-01-05,16.2807,16.3894,15.6802,15.8044,15686988.0
2009-01-06,16.0891,16.1823,15.2971,15.5145,15752698.0
2009-01-07,15.3281,15.4679,15.0952,15.266,13325530.0
2009-01-08,15.3644,15.3696,15.0331,15.1987,11092137.0
2009-01-09,14.9606,15.3281,14.7276,14.8726,11125987.0
2009-01-12,14.8726,14.9865,14.65,14.7535,9313157.0
2009-01-13,14.7069,15.0072,14.6138,14.7225,11330138.0
2009-01-14,14.4585,14.6293,14.1841,14.4015,12828987.0
2009-01-15,14.3963,14.6396,14.1686,14.5568,13285810.0
2009-01-16,14.7018,14.8881,14.1893,14.5931,15213711.0
2009-01-20,14.562,14.9503,14.4067,14.4378,15407067.0
2009-01-21,14.6138,14.6966,13.9201,14.2721,19101477.0
2009-01-22,14.1064,14.3394,13.9097,14.21,15980428.0
2009-01-23,14.3601,14.6759,14.2514,14.5982,15603986.0
2009-01-26,14.5309,14.8726,14.2462,14.386,14818720.0
2009-01-27,14.4222,14.8415,14.417,14.6862,10106178.0
2009-01-28,14.9399,15.0693,14.6914,14.8985,14200505.0
2009-01-29,14.7639,15.0434,14.6914,14.9813,12581974.0
2009-01-30,14.9347,15.0124,14.6707,14.7794,17210675.0
2009-02-02,14.5413,14.9813,14.4947,14.7173,14703021.0
2009-02-03,15.4679,15.9235,14.9761,15.6543,24482538.0
2009-02-04,15.6594,15.9752,15.323,15.4783,13599372.0
2009-02-05,14.8053,15.7682,14.8053,15.5818,14368499.0
2009-02-06,15.5352,16.0115,15.5352,15.9286,11599788.0
2009-02-09,15.8717,15.9804,15.618,15.8665,9146839.0
2009-02-10,15.7733,15.8665,14.9399,15.0175,15057140.0
2009-02-11,15.0641,15.499,15.0175,15.3851,10812321.0
2009-02-12,15.1314,15.235,14.7691,15.1884,11389769.0
2009-02-13,15.1521,15.2194,14.7639,14.8829,11000751.0
2009-02-17,14.5672,15.0279,14.4326,14.8105,21584922.0
2009-02-18,14.8622,14.9088,14.4947,14.826,15041210.0
2009-02-19,14.9761,15.0124,14.7328,14.7691,10332651.0
2009-02-20,14.5465,14.7639,14.386,14.5465,18552639.0
2009-02-23,14.298,14.6966,14.298,14.4326,18829730.0
2009-02-24,14.4481,14.7846,14.2566,14.7691,18588586.0
2009-02-25,14.5931,14.7276,14.3497,14.4481,22865054.0
2009-02-26,14.5827,14.5827,13.4749,13.4801,20846816.0
2009-02-27,13.185,13.3455,12.512,12.5276,34071738.0
2009-03-02,12.3308,12.5897,12.1238,12.1341,17418808.0
2009-03-03,12.2584,12.4758,11.8339,11.9322,18975402.0
2009-03-04,12.2165,12.3849,11.8112,12.1954,22605674.0
2009-03-05,11.8954,12.048,11.5427,11.6533,21628205.0
2009-03-06,11.7638,12.0744,11.6006,11.9691,18906130.0
2009-03-09,10.6059,11.8428,10.5532,11.048,88189724.0
2009-03-10,11.3848,11.7428,11.2585,11.6849,36396411.0
2009-03-11,11.6533,11.9638,11.4743,11.548,29498685.0
2009-03-12,11.5059,12.6796,11.4006,12.6481,40235864.0
2009-03-13,12.7691,14.5798,12.7691,14.2482,60001249.0
2009-03-16,14.2008,14.4429,13.7481,13.7955,34252203.0
2009-03-17,13.6902,14.0218,13.5797,14.006,23637326.0
2009-03-18,13.8429,14.4745,13.7534,14.1903,22185531.0
2009-03-19,14.2271,14.285,13.5165,13.706,25223683.0
2009-03-20,14.0113,14.3166,13.8481,14.0639,26895977.0
2009-03-23,14.3166,14.7271,14.0903,14.7271,20397014.0
2009-03-24,14.5324,14.8008,14.4798,14.6061,15464917.0
2009-03-25,14.7166,14.7482,14.1113,14.4745,18255950.0
2009-03-26,14.6166,14.6377,14.2534,14.5166,16516061.0
2009-03-27,14.1745,14.5376,14.106,14.2955,17048340.0
2009-03-30,14.0955,14.1587,13.7587,13.9745,15245256.0
2009-03-31,14.1113,14.2534,13.9587,14.0797,22948370.0
2009-04-01,13.9429,14.3324,13.5534,14.2061,18880244.0
2009-04-02,14.3218,14.5271,13.9166,14.2113,18833608.0
2009-04-03,14.2113,14.3745,13.7323,13.9271,16227232.0
2009-04-06,13.8323,14.4955,13.8323,14.0376,13312430.0
2009-04-07,13.9692,13.985,13.6902,13.8271,13959779.0
2009-04-08,13.885,14.085,13.7955,14.085,11073168.0
2009-04-09,14.3482,14.4482,13.7271,13.8429,15819979.0
2009-04-13,13.7481,13.9587,13.6165,13.7113,11654494.0
2009-04-14,13.6376,13.7797,13.4586,13.5165,13162042.0
2009-04-15,13.485,13.8902,13.4376,13.8166,16521406.0
2009-04-16,13.9166,13.9534,13.3481,13.606,19463980.0
2009-04-17,13.6323,13.9429,13.4955,13.5429,19709212.0
2009-04-20,13.4218,13.6376,13.2586,13.2744,13786650.0
2009-04-21,12.8481,12.9218,12.0691,12.3902,42417590.0
2009-04-22,12.3165,12.3691,11.7533,12.0901,55546934.0
2009-04-23,12.1428,12.2796,11.9165,12.227,37293290.0
2009-04-24,12.2481,12.3954,12.1323,12.3428,23124749.0
2009-04-27,12.3165,12.4691,12.2165,12.3375,16986718.0
2009-04-28,12.327,12.4323,12.1059,12.1954,24059041.0
2009-04-29,12.227,12.6639,12.1849,12.5797,29254710.0
2009-04-30,12.6954,12.9376,12.6323,12.7586,29434023.0
2009-05-01,12.7533,12.8323,12.5323,12.7902,15816835.0
2009-05-04,12.9481,13.0744,12.806,12.9586,20048659.0
2009-05-05,12.8955,13.1481,12.8218,12.9428,17891875.0
2009-05-06,12.9902,13.1218,12.7586,12.9534,23711000.0
2009-05-07,13.0007,13.4586,12.8691,13.2692,28997846.0
2009-05-08,13.3428,13.4271,12.9744,13.0639,19570038.0
2009-05-11,12.9376,13.0534,12.806,12.8428,16962614.0
2009-05-12,12.8955,13.2902,12.7797,13.1481,24452250.0
2009-05-13,13.1007,13.8166,13.0797,13.5113,26484846.0
2009-05-14,13.5639,13.8113,13.5008,13.7113,21327114.0
2009-05-15,13.8166,13.8166,13.3376,13.406,18947840.0
2009-05-18,13.4797,13.5797,13.2744,13.5481,15679023.0
2009-05-19,13.5481,13.6323,13.3165,13.5639,16363053.0
2009-05-20,13.6744,13.9218,13.5744,13.7323,16231005.0
2009-05-21,13.5429,13.785,13.3744,13.7481,23725567.0
2009-05-22,13.7639,13.8692,13.6692,13.7745,15340100.0
2009-05-26,13.685,14.0008,13.506,13.9797,16681330.0
2009-05-27,13.9324,14.106,13.9324,14.0166,20609549.0
2009-05-28,13.9008,14.2113,13.8692,14.0903,29002981.0
2009-05-29,14.1797,14.5324,14.1324,14.5166,43884581.0
2009-06-01,14.585,14.6587,14.2797,14.4903,21212673.0
2009-06-02,14.4798,14.6692,14.3166,14.5798,15295560.0
2009-06-03,14.4166,14.5324,14.2429,14.5219,20421014.0
2009-06-04,14.6606,14.7033,14.1269,14.1856,23123806.0
2009-06-05,14.2657,14.3564,13.6733,13.9134,26622763.0
2009-06-08,13.8014,13.9722,13.5986,13.8387,18534299.0
2009-06-09,13.8387,13.9455,13.6306,13.7266,12226702.0
2009-06-10,13.8334,13.9455,13.5612,13.6573,13460198.0
2009-06-11,13.7106,14.1803,13.7106,13.9775,17891037.0
2009-06-12,13.9401,14.4471,13.7053,13.9188,31199170.0
2009-06-15,13.7854,13.8761,13.2303,13.321,28282586.0
2009-06-16,13.3477,13.4491,13.0062,13.0382,28060305.0
2009-06-17,13.0489,13.3317,13.0382,13.2196,24599704.0
2009-06-18,13.3424,13.8281,13.2783,13.6893,21459058.0
2009-06-19,13.8281,14.1643,13.7747,13.8281,27901009.0
2009-06-22,13.7373,13.7373,13.4224,13.4385,19518790.0
2009-06-23,13.4918,13.6039,13.3424,13.4011,14780782.0
2009-06-24,13.4224,13.7,13.3691,13.5826,15980742.0
2009-06-25,13.6039,14.1963,13.4438,14.1803,21087332.0
2009-06-26,14.1323,14.4418,14.0576,14.4098,23773356.0
2009-06-29,14.4418,14.9168,14.3404,14.8634,23050026.0
2009-06-30,14.8634,14.9702,14.5646,14.9221,22760254.0
2009-07-01,14.9968,15.0609,14.8207,14.9702,16136475.0
2009-07-02,14.7994,14.9381,14.3991,14.4151,15229012.0
2009-07-06,14.3938,14.9435,14.2817,14.8848,24246214.0
2009-07-07,14.8634,15.1516,14.6873,14.7407,23592995.0
2009-07-08,14.8848,15.2317,14.7994,14.9648,22403515.0
2009-07-09,14.8154,14.8901,14.1856,14.4151,28109980.0
2009-07-10,14.3564,14.4044,14.0148,14.1163,18809294.0
2009-07-13,14.1002,14.3564,13.9455,14.3137,16515222.0
2009-07-14,14.3564,14.5752,13.3691,14.4952,14570763.0
2009-07-15,14.5912,14.8154,14.3137,14.7887,21509886.0
2009-07-16,14.778,14.9435,14.7033,14.8741,13268938.0
2009-07-17,14.8528,14.8741,14.6286,14.7727,11335273.0
2009-07-20,14.8101,14.9435,14.6446,14.9115,11851098.0
2009-07-21,15.3331,15.8988,15.253,15.8241,27961059.0
2009-07-22,15.7814,16.0429,15.6213,15.7173,19869451.0
2009-07-23,15.7547,16.3524,15.728,16.1443,26678517.0
2009-07-24,16.155,16.5766,15.9788,16.5392,26308678.0
2009-07-27,16.6086,16.6406,16.235,16.4218,21026758.0
2009-07-28,16.3898,16.4965,15.8881,16.0215,23627265.0
2009-07-29,16.0162,16.0856,15.7494,15.9415,16696736.0
2009-07-30,16.1229,16.5285,15.9468,15.9788,24300290.0
2009-07-31,16.1176,16.3204,15.9628,16.0162,16269362.0
2009-08-03,16.251,16.2617,15.8668,16.0215,16298286.0
2009-08-04,16.0856,16.155,15.7333,15.9255,16077892.0
2009-08-05,15.9415,16.1069,15.6586,15.8027,13375100.0
2009-08-06,15.8401,15.8401,15.6106,15.6693,11499494.0
2009-08-07,15.8561,16.2777,15.7173,16.0642,13656278.0
2009-08-10,16.1656,16.5446,16.0696,16.3311,19050963.0
2009-08-11,16.2564,16.4272,16.0909,16.187,11423829.0
2009-08-12,16.1923,16.5392,16.0109,16.4058,12899518.0
2009-08-13,16.4005,16.5339,15.3117,16.5339,14137939.0
2009-08-14,16.5446,16.5926,16.2884,16.5339,16942178.0
2009-08-17,16.3311,16.7314,16.2991,16.4805,19584290.0
2009-08-18,16.4752,16.4752,16.171,16.3898,12926032.0
2009-08-19,16.3631,17.0356,16.251,16.8007,21322294.0
2009-08-20,16.8861,16.8861,16.5339,16.726,16164562.0
2009-08-21,16.8915,17.4625,16.7847,17.3771,21721372.0
2009-08-24,17.6066,17.612,17.2437,17.3451,14227229.0
2009-08-25,17.5639,17.6386,17.3451,17.5853,20081566.0
2009-08-26,17.5159,17.6013,17.3291,17.4412,10438080.0
2009-08-27,17.3985,17.612,17.1903,17.5426,10302154.0
2009-08-28,17.5693,17.5693,17.1423,17.249,12640452.0
2009-08-31,17.2223,17.4465,17.1636,17.3077,13569294.0
2009-09-01,17.233,17.3611,16.8968,16.9662,16841465.0
2009-09-02,16.9446,16.9608,16.6097,16.6421,14240853.0
2009-09-03,16.6529,16.6745,16.1722,16.3342,17347754.0
2009-09-04,16.4476,16.5827,16.318,16.5827,12744309.0
2009-09-08,16.7069,16.7609,16.3666,16.7285,14400358.0
2009-09-09,16.7987,17.0796,16.6853,17.0418,13018780.0
2009-09-10,17.0958,17.3227,16.8906,17.2633,15584913.0
2009-09-11,17.3659,17.6198,17.2417,17.5766,15100108.0
2009-09-14,17.4685,17.7872,17.4469,17.7656,19285296.0
2009-09-15,17.7278,17.7818,17.609,17.663,16012602.0
2009-09-16,17.6792,17.7008,17.2093,17.3767,15582712.0
2009-09-17,17.3011,17.4847,17.1282,17.2903,15921426.0
2009-09-18,17.3821,17.4793,17.166,17.2201,21274086.0
2009-09-21,17.1714,17.3281,17.0688,17.1876,14210251.0
2009-09-22,17.1931,17.1931,16.9014,16.923,14417546.0
2009-09-23,16.9554,17.0688,16.8311,16.923,21497834.0
2009-09-24,16.869,16.9608,16.6367,16.7501,16095079.0
2009-09-25,16.6961,17.1282,16.6961,16.8798,22122442.0
2009-09-28,16.8582,17.5117,16.7555,17.3011,15006941.0
2009-09-29,17.2957,17.4037,17.112,17.2038,14767997.0
2009-09-30,17.2687,17.2795,16.8257,17.085,21388946.0
2009-10-01,17.1444,17.1768,16.7609,16.8419,17994894.0
2009-10-02,16.8419,17.193,16.7933,17.0958,21461154.0
2009-10-05,16.9716,17.1768,16.8419,17.1606,18305730.0
2009-10-06,17.2525,17.5874,17.1066,17.5603,21649794.0
2009-10-07,17.4955,17.5442,17.2525,17.3875,12144329.0
2009-10-08,17.4955,17.582,17.4091,17.5171,11952545.0
2009-10-09,17.5333,17.6522,17.4631,17.5874,11900354.0
2009-10-12,17.6738,17.8196,17.5549,17.7494,11445208.0
2009-10-13,17.6846,17.798,17.4739,17.5117,21154404.0
2009-10-14,17.6846,17.8304,17.4577,17.771,38314042.0
2009-10-15,17.7278,18.0411,17.6198,17.9871,23478973.0
2009-10-16,17.9709,18.0303,17.798,17.9385,21300914.0
2009-10-19,17.8844,18.2734,17.8844,18.2193,29333310.0
2009-10-20,18.3166,18.4624,18.1653,18.2139,24308989.0
2009-10-21,18.2301,18.2571,17.6144,17.6522,25395241.0
2009-10-22,17.4955,17.7764,16.8852,17.7548,25450575.0
2009-10-23,17.6954,17.798,17.3821,17.5171,17948153.0
2009-10-26,17.5549,17.8466,17.2146,17.2957,19226084.0
2009-10-27,17.6036,17.771,17.3767,17.5171,19670541.0
2009-10-28,17.6036,17.663,17.2849,17.3119,15802268.0
2009-10-29,17.3011,17.3011,16.6907,16.9122,42898518.0
2009-10-30,16.8365,17.166,16.6529,16.7069,42406377.0
2009-11-02,16.8095,17.0148,16.7231,16.8852,22417244.0
2009-11-03,16.7933,16.896,16.3612,16.5665,71181522.0
2009-11-04,16.923,17.744,16.8798,17.6306,37948290.0
2009-11-05,17.5495,18.0573,17.5495,17.6684,23830786.0
2009-11-06,17.6144,17.798,17.4037,17.6036,20797141.0
2009-11-09,17.7602,18.0897,17.663,18.0573,30584098.0
2009-11-10,18.1005,18.2247,18.0033,18.1545,16626520.0
2009-11-11,18.2193,18.2301,17.8898,17.9439,18316210.0
2009-11-12,17.8466,18.0789,17.7494,17.8142,14775542.0
2009-11-13,17.9871,18.0951,17.825,17.879,15211930.0
2009-11-16,18.3544,18.5542,18.1059,18.2626,26302180.0
2009-11-17,18.2572,18.5272,18.0141,18.5218,17354985.0
2009-11-18,18.511,19.1214,18.4084,18.9809,29544482.0
2009-11-19,18.9539,19.2942,18.7757,19.0836,25142358.0
2009-11-20,19.1484,19.8074,19.0836,19.694,38112721.0
2009-11-23,19.8506,19.964,19.5481,19.6723,23842629.0
2009-11-24,19.5967,19.8938,19.3699,19.5643,22260673.0
2009-11-25,19.6021,19.8074,19.4239,19.7534,11693374.0
2009-11-27,19.4347,19.7372,19.2402,19.6021,9402551.0
2009-11-30,19.5319,19.6237,19.3753,19.5589,19246834.0
2009-12-01,19.6021,20.1099,19.6021,19.9208,17421533.0
2009-12-02,19.7156,19.9856,19.6885,19.8776,12601990.0
2009-12-03,19.829,20.0072,19.7426,19.8614,13639406.0
2009-12-04,20.0991,20.2557,19.7912,19.8236,17412415.0
2009-12-07,19.7264,20.0072,19.7048,19.8236,10448036.0
2009-12-08,19.7966,19.9802,19.5859,19.6345,16286234.0
2009-12-09,19.6075,20.1099,19.4995,20.0667,18611537.0
2009-12-10,20.2071,20.4826,20.1963,20.2773,15336642.0
2009-12-11,20.3974,20.3974,20.1191,20.2282,14402769.0
2009-12-14,20.3373,20.6265,20.3373,20.6102,12981262.0
2009-12-15,20.5556,20.7357,20.3373,20.7357,13495096.0
2009-12-16,20.7466,20.7903,20.4738,20.5993,17476238.0
2009-12-17,20.5993,20.6538,20.3319,20.3428,19433483.0
2009-12-18,20.3865,20.6211,20.2991,20.4083,26643618.0
2009-12-21,20.4519,20.9649,20.4465,20.5665,15497090.0
2009-12-22,20.6211,20.7248,20.4901,20.5993,14771350.0
2009-12-23,20.6593,20.6593,20.2664,20.3264,13358542.0
2009-12-24,20.2664,20.2664,20.059,20.1846,6586890.0
2009-12-28,20.1846,20.3974,20.0754,20.3483,10443634.0
2009-12-29,20.261,20.4629,20.2282,20.2446,7869013.0
2009-12-30,20.1245,20.2937,20.0863,20.2227,9838205.0
2009-12-31,20.0809,20.2282,19.9172,19.939,7403072.0
2010-01-04,20.0918,20.3264,19.9445,20.1955,14563532.0
2010-01-05,20.3537,20.4356,20.1518,20.2773,15452550.0
2010-01-06,20.3046,20.5884,20.1354,20.5502,15971415.0
2010-01-07,20.4465,20.6811,20.4083,20.5829,12488597.0
2010-01-08,20.6647,20.6757,20.4246,20.572,11283921.0
2010-01-11,20.6702,20.692,20.4629,20.6538,10041726.0
2010-01-12,20.6375,20.7302,20.3646,20.4901,11445942.0
2010-01-13,20.9048,21.4833,20.7903,21.2432,26593419.0
2010-01-14,21.4123,21.8925,21.3359,21.8216,23081466.0
2010-01-15,21.8161,21.9744,21.2868,21.5378,21854258.0
2010-01-19,21.5815,22.2854,21.5215,22.1653,20908334.0
2010-01-20,22.1763,22.4546,21.8107,22.3891,21843150.0
2010-01-21,22.4164,22.6783,21.8543,21.8707,26803019.0
2010-01-22,21.7725,21.9853,21.1559,21.2104,18301853.0
2010-01-25,21.4342,21.6852,21.1286,21.1504,16116039.0
2010-01-26,21.0085,21.2541,20.823,21.0522,20817158.0
2010-01-27,21.0031,21.1613,20.7139,21.0849,18322289.0
2010-01-28,21.1395,21.2486,20.7029,20.7193,14008197.0
2010-01-29,20.8776,21.2868,20.5502,20.8339,16893655.0
2010-02-01,21.0413,21.0795,20.7739,20.8994,9666647.0
2010-02-02,20.9321,21.6743,20.7903,21.576,15857288.0
2010-02-03,21.4996,21.5106,20.9922,21.1286,18305311.0
2010-02-04,20.9485,21.014,20.0918,20.2446,26547307.0
2010-02-05,20.2173,20.2337,19.5461,20.0427,24074970.0
2010-02-08,19.9608,20.2337,19.7644,19.9663,10705949.0
2010-02-09,20.1518,20.2828,19.8189,19.9008,17965864.0
2010-02-10,19.9172,20.0208,19.5134,19.7535,17627884.0
2010-02-11,19.7644,20.19,19.5734,20.1245,15123478.0
2010-02-12,19.9881,20.2719,19.6934,20.1463,18766955.0
2010-02-16,20.5829,20.8339,20.3319,20.5502,21768951.0
2010-02-17,20.5884,20.692,20.2773,20.3755,12534918.0
2010-02-18,20.3428,20.4628,20.2064,20.3483,12942590.0
2010-02-19,20.3155,20.5338,20.2719,20.4574,13004003.0
2010-02-22,20.6593,20.6593,19.9717,20.2555,18421115.0
2010-02-23,20.1354,20.2664,19.8626,19.9226,16699670.0
2010-02-24,20.0263,20.2118,19.7917,20.1518,17913988.0
2010-02-25,19.8844,20.0045,19.6716,19.9554,17854252.0
2010-02-26,20.0263,20.2227,19.8844,20.1245,13800483.0
2010-03-01,20.2064,20.4246,20.2064,20.3373,12373107.0
2010-03-02,20.5065,20.5665,20.3646,20.4028,12842402.0
2010-03-03,20.5665,20.6538,20.2446,20.3046,13186879.0
2010-03-04,20.3483,20.3974,20.1245,20.2664,12421839.0
2010-03-05,20.3101,20.4956,20.1518,20.4574,10342502.0
2010-03-08,20.4574,20.4847,20.25,20.381,12625570.0
2010-03-09,20.3046,20.3537,20.0972,20.2118,15401198.0
2010-03-10,20.1627,20.2337,19.9172,20.0099,20357505.0
2010-03-11,20.043,20.3739,19.9052,20.3353,16049177.0
2010-03-12,20.429,20.5117,20.2525,20.4896,17172738.0
2010-03-15,20.4235,20.8425,20.4014,20.815,18251863.0
2010-03-16,20.826,20.9528,20.622,20.9197,19187937.0
2010-03-17,20.9473,21.008,20.7157,20.9969,12983986.0
2010-03-18,20.9914,21.2065,20.8866,21.2009,13097275.0
2010-03-19,20.9859,21.416,20.8701,20.9859,32252934.0
2010-03-22,20.9969,21.5263,20.9694,21.1182,16215914.0
2010-03-23,21.2671,21.3664,21.0907,21.2285,12927185.0
2010-03-24,21.1899,21.234,20.9418,20.9583,12930643.0
2010-03-25,21.1348,21.1403,20.8205,20.8315,13808029.0
2010-03-26,20.8536,20.9197,20.5944,20.6385,14149782.0
2010-03-29,20.7212,20.9583,20.7212,20.8922,11693898.0
2010-03-30,20.9308,20.9308,20.6826,20.7653,10397313.0
2010-03-31,20.6716,20.7267,20.4345,20.5944,13588787.0
2010-04-01,20.7543,20.8866,20.6771,20.7929,10621794.0
2010-04-05,20.9197,20.9363,20.5834,20.6165,10966796.0
2010-04-06,20.6937,20.6937,20.4952,20.5393,12864095.0
2010-04-07,20.611,20.6275,20.1588,20.2856,19274921.0
2010-04-08,20.3132,20.4125,20.1919,20.2801,12922154.0
2010-04-09,20.2912,20.5393,20.2801,20.3849,10552941.0
2010-04-12,20.3794,20.451,20.2911,20.3187,11175662.0
2010-04-13,20.2305,20.3628,20.1698,20.236,12493942.0
2010-04-14,20.2581,20.2581,19.8555,19.9658,20934534.0
2010-04-15,19.9713,20.1257,19.828,19.8721,21771152.0
2010-04-16,19.8445,19.9438,19.5027,19.6901,21576538.0
2010-04-19,19.6736,19.839,19.4586,19.7949,13147998.0
2010-04-20,19.8776,20.0706,19.7784,19.8831,10639506.0
2010-04-21,19.8997,19.9493,19.1332,19.1553,38975015.0
2010-04-22,19.0615,19.1057,18.6149,18.6204,40059695.0
2010-04-23,18.659,19.7177,18.4936,19.5523,43319185.0
2010-04-26,19.6184,19.828,19.2435,19.2986,27871979.0
2010-04-27,19.2159,19.5633,18.9733,19.0119,20457694.0
2010-04-28,19.0229,19.1884,18.8575,19.056,17689716.0
2010-04-29,19.2876,19.635,19.2876,19.4365,19118454.0
2010-04-30,19.4806,19.7398,19.3152,19.3207,16476342.0
2010-05-03,19.4585,19.5357,19.3207,19.4475,13021190.0
2010-05-04,19.6295,20.0485,19.6295,19.7453,33995967.0
2010-05-05,19.5302,19.7232,19.2435,19.624,22489661.0
2010-05-06,19.5247,19.6184,16.9277,18.8961,32246750.0
2010-05-07,18.6976,18.8686,18.1683,18.466,27703775.0
2010-05-10,18.7031,19.2214,18.6866,18.8851,24561976.0
2010-05-11,18.3889,18.8079,18.2124,18.4771,25819786.0
2010-05-12,18.7307,18.7693,18.433,18.5487,20002442.0
2010-05-13,18.5708,18.6094,18.2565,18.3668,15354353.0
2010-05-14,18.3889,18.3889,18.0194,18.1297,22117621.0
2010-05-17,18.1517,18.2289,17.7437,18.0746,16146222.0
2010-05-18,18.1793,18.1959,17.8099,17.8375,19165195.0
2010-05-19,17.7548,18.1407,17.6831,17.9863,22192134.0
2010-05-20,17.7713,17.9477,17.5066,17.5452,25881198.0
2010-05-21,17.2034,17.7272,17.1151,17.6665,26721694.0
2010-05-24,17.5728,17.8154,17.4294,17.5673,13930016.0
2010-05-25,17.2585,17.6886,17.1482,17.6776,21679766.0
2010-05-26,17.6334,18.1132,17.5562,17.8761,27518803.0
2010-05-27,18.1518,18.5653,18.0746,18.5377,32049098.0
2010-05-28,18.5488,18.8134,18.4716,18.5763,26192454.0
2010-06-01,18.433,18.7583,18.3668,18.4881,21756061.0
2010-06-02,18.5432,18.9568,18.4881,18.9458,16971522.0
2010-06-03,18.9844,19.056,18.7417,18.9072,13739385.0
2010-06-04,18.6645,18.7031,18.1903,18.2896,19078316.0
2010-06-07,18.3006,18.4826,18.251,18.3668,14809288.0
2010-06-08,18.4219,18.6756,18.251,18.6425,16223983.0
2010-06-09,18.6701,18.8189,18.466,18.5873,13463761.0
2010-06-10,18.8244,19.1773,18.7417,19.1057,19612901.0
2010-06-11,19.1503,19.5684,19.0834,19.4346,18989865.0
2010-06-14,19.5405,19.652,19.4848,19.5238,14311802.0
2010-06-15,19.5572,20.098,19.5294,20.0813,22954658.0
2010-06-16,19.9085,20.1705,19.9029,20.0757,18167394.0
2010-06-17,20.1482,20.2095,19.6799,19.9921,18747358.0
2010-06-18,20.0144,20.0701,19.7802,19.8862,20582510.0
2010-06-21,20.0924,20.1538,19.4625,19.5795,16317989.0
2010-06-22,19.6186,19.914,19.5517,19.5851,17187095.0
2010-06-23,19.6241,19.8806,19.4736,19.7468,13624629.0
2010-06-24,19.613,19.9029,19.6074,19.8527,17217592.0
2010-06-25,19.8471,20.1538,19.6687,20.0311,35498904.0
2010-06-28,20.1426,20.1482,19.8304,20.0367,14404341.0
2010-06-29,19.8193,19.9586,19.5126,19.7524,23962206.0
2010-06-30,19.691,19.7022,19.3733,19.4959,22218753.0
2010-07-01,19.4179,19.4513,18.76,19.2004,26815386.0
2010-07-02,19.2116,19.2339,18.76,19.0778,17809188.0
2010-07-06,19.1112,19.3398,18.983,19.3175,15630396.0
2010-07-07,19.3844,19.7691,19.1893,19.7524,17699882.0
2010-07-08,19.9977,19.9977,19.6966,19.9921,16314426.0
2010-07-09,20.02,20.2931,19.914,20.2374,12569083.0
2010-07-12,20.1816,20.2039,19.9809,20.1203,13223245.0
2010-07-13,20.1426,20.4604,20.0869,20.321,13523497.0
2010-07-14,20.1872,20.2764,19.9754,20.1816,11736657.0
2010-07-15,20.2095,20.3823,20.0144,20.3433,11518673.0
2010-07-16,20.3656,20.5161,20.0032,20.02,17374792.0
2010-07-19,20.0367,20.1315,19.8973,19.9586,10604188.0
2010-07-20,19.8025,19.8806,19.6241,19.8806,14684262.0
2010-07-21,19.7802,19.8973,19.5015,19.6186,13429491.0
2010-07-22,19.7133,19.8025,19.5126,19.613,16482944.0
2010-07-23,19.6074,19.6074,19.1837,19.4402,16431802.0
2010-07-26,19.5126,19.6799,19.4067,19.6632,10096956.0
2010-07-27,19.691,19.8416,19.5126,19.613,13285810.0
2010-07-28,19.5907,19.7412,19.3008,19.3677,10175870.0
2010-07-29,19.5126,19.6799,19.2896,19.5461,15270722.0
2010-07-30,19.1503,19.3064,18.8548,19.2116,22764656.0
2010-08-02,19.4346,19.5795,19.2618,19.5517,12688031.0
2010-08-03,19.5684,19.652,19.2227,19.4123,15282146.0
2010-08-04,19.39,19.652,19.2618,19.6186,13764013.0
2010-08-05,19.5126,19.6018,19.3454,19.5517,10545710.0
2010-08-06,19.4123,19.5126,19.2339,19.5015,12218422.0
2010-08-09,19.5461,19.7579,19.5461,19.7133,10796496.0
2010-08-10,19.6241,20.0646,19.4123,19.9419,12434206.0
2010-08-11,19.6855,19.7914,19.4123,19.4513,13039321.0
2010-08-12,19.3175,19.652,19.2896,19.5349,9597479.0
2010-08-13,19.4011,19.5963,19.3175,19.5126,9172306.0
2010-08-16,19.3844,19.5126,19.2841,19.4959,7217052.0
2010-08-17,19.6186,19.8583,19.4792,19.8137,11189496.0
2010-08-18,19.7858,19.8416,19.5294,19.7189,9571174.0
2010-08-19,19.6799,19.7022,19.2339,19.351,12061327.0
2010-08-20,19.2618,19.3398,19.0945,19.2004,12782875.0
2010-08-23,19.3454,19.6353,19.2673,19.4959,10455477.0
2010-08-24,19.3788,19.4011,19.0499,19.2004,11799642.0
2010-08-25,19.1893,19.3565,18.9663,19.2562,11114878.0
2010-08-26,19.2673,19.3454,19.1112,19.2227,8903074.0
2010-08-27,19.3064,19.574,19.1335,19.5126,10004313.0
2010-08-30,19.468,19.6297,19.3565,19.3621,7099466.0
2010-08-31,19.3231,19.7133,19.2395,19.6018,17379194.0
2010-09-01,19.7245,19.9363,19.6632,19.8583,13684470.0
2010-09-02,19.8973,19.9419,19.245,19.7078,12121482.0
2010-09-03,19.9196,19.9809,19.6687,19.8416,12049904.0
2010-09-07,19.9419,19.9419,19.7412,19.7691,26548250.0
2010-09-08,19.7078,20.0701,19.7022,19.9642,23207750.0
2010-09-09,20.0646,20.1984,19.9531,20.1147,12119596.0
2010-09-10,20.1482,20.466,20.137,20.4325,11760656.0
2010-09-13,20.6297,20.6297,20.2804,20.4044,11453173.0
2010-09-14,20.3367,20.6748,20.3142,20.5734,13468058.0
2010-09-15,20.5733,20.7705,20.4156,20.5677,12042882.0
2010-09-16,20.5564,20.6241,20.3931,20.5226,9526006.0
2010-09-17,20.5621,20.7536,20.3706,20.4663,17186571.0
2010-09-20,20.4832,20.641,20.41,20.5846,11028942.0
2010-09-21,20.5846,20.81,20.4888,20.686,12841039.0
2010-09-22,20.6804,20.8719,20.6353,20.8212,12992790.0
2010-09-23,20.6579,20.8381,20.5734,20.6522,11111525.0
2010-09-24,20.7423,21.0635,20.6916,21.0353,12195052.0
2010-09-27,21.0747,21.1142,20.917,20.917,11592766.0
2010-09-28,21.0071,21.1142,20.855,20.9846,13333285.0
2010-09-29,20.9001,20.9902,20.7649,20.9114,9904858.0
2010-09-30,20.9621,21.1705,20.641,20.7367,14353408.0
2010-10-01,20.7086,20.7536,20.4776,20.6184,12305511.0
2010-10-04,20.5565,20.7029,20.4438,20.5734,9678175.0
2010-10-05,20.7649,20.9283,20.6748,20.855,11181322.0
2010-10-06,20.8663,20.9677,20.7424,20.8494,7903282.0
2010-10-07,21.0409,21.0635,20.6353,20.6804,14564894.0
2010-10-08,20.7424,20.8381,20.624,20.7931,9097478.0
2010-10-11,20.7649,20.8437,20.6578,20.7649,5843858.0
2010-10-12,20.6579,20.7424,20.4607,20.6409,11570339.0
2010-10-13,20.7649,21.0635,20.7198,20.9339,10230890.0
2010-10-14,20.9959,21.0578,20.7536,20.9283,10002531.0
2010-10-15,20.9959,21.0916,20.7086,20.8156,15746619.0
2010-10-18,20.7931,20.979,20.7931,20.9733,11109953.0
2010-10-19,20.8438,20.8719,20.4551,20.5734,10869961.0
2010-10-20,20.6241,20.9846,20.6015,20.8381,10133426.0
2010-10-21,20.9001,20.9283,20.6071,20.9001,10870904.0
2010-10-22,20.8832,20.9283,20.8156,20.9001,6634469.0
2010-10-25,21.0128,21.2268,21.0071,21.0804,11167488.0
2010-10-26,21.0184,21.0297,20.7818,20.8832,7444363.0
2010-10-27,20.7762,20.7762,20.3536,20.5396,12701131.0
2010-10-28,20.6578,20.8776,20.6522,20.81,10344074.0
2010-10-29,20.6916,20.6973,20.2917,20.455,15961669.0
2010-11-01,20.5283,20.6917,20.2691,20.4212,10131540.0
2010-11-02,20.6015,20.7649,20.5677,20.624,10462813.0
2010-11-03,20.6917,20.7142,20.3029,20.5677,9966690.0
2010-11-04,20.7649,20.8156,20.5283,20.6466,12430433.0
2010-11-05,20.6578,20.6973,19.9537,20.1114,23583144.0
2010-11-08,20.0832,20.1734,20.0382,20.0663,14344186.0
2010-11-09,20.0269,20.1339,19.7058,19.7452,22320933.0
2010-11-10,19.7452,19.8185,19.5931,19.6945,19982216.0
2010-11-11,19.6607,19.948,19.6326,19.8354,14792939.0
2010-11-12,19.7396,19.7509,19.3734,19.5537,24896602.0
2010-11-15,19.5537,19.6945,19.4467,19.4579,13741795.0
2010-11-16,19.3284,19.4016,19.1199,19.2101,23091213.0
2010-11-17,19.61,20.0832,19.4072,19.4185,20993746.0
2010-11-18,19.7959,19.9086,19.6326,19.8804,16417654.0
2010-11-19,19.8861,19.9199,19.672,19.903,16375105.0
2010-11-22,19.9931,20.0776,19.8185,20.0494,15256050.0
2010-11-23,19.9086,19.9311,19.5537,19.61,19217176.0
2010-11-24,19.6157,19.8128,19.61,19.8016,11182894.0
2010-11-26,19.4467,19.6551,19.4354,19.5988,7456101.0
2010-11-29,19.4805,19.5706,19.3171,19.5424,13967220.0
2010-11-30,19.4072,19.5424,19.334,19.4185,40543452.0
2010-12-01,19.5762,19.7847,19.5312,19.7509,34710598.0
2010-12-02,19.8072,19.9199,19.7227,19.841,39504255.0
2010-12-03,19.8804,19.8973,19.7283,19.8861,11352774.0
2010-12-06,19.8861,19.9142,19.7452,19.8579,11176082.0
2010-12-07,19.9818,20.0663,19.8579,19.9255,19084394.0
2010-12-08,19.9086,20.0156,19.8297,19.9424,8952750.0
2010-12-09,19.9987,20.0945,19.8635,20.0945,9241054.0
2010-12-10,20.1114,20.2804,19.9987,20.2748,12588576.0
2010-12-13,20.4057,20.6278,20.326,20.5538,19718330.0
2010-12-14,20.6107,20.9295,20.5595,20.81,17262866.0
2010-12-15,20.7246,21.0605,20.7246,20.8726,15964184.0
2010-12-16,20.8327,20.9979,20.7246,20.9751,10479476.0
2010-12-17,20.8612,20.9523,20.5652,20.7701,19634385.0
2010-12-20,20.8726,20.8783,20.7075,20.7815,11236132.0
2010-12-21,20.8783,20.8897,20.5879,20.5993,10432002.0
2010-12-22,20.6278,20.7132,20.5538,20.6221,9043297.0
2010-12-23,20.6392,20.827,20.6221,20.6619,7592865.0
2010-12-27,20.5765,20.6961,20.5253,20.6278,4548110.0
2010-12-28,20.7075,20.7473,20.5538,20.6107,5679846.0
2010-12-29,20.6392,20.6961,20.5936,20.6164,5243144.0
2010-12-30,20.5595,20.6107,20.4797,20.5025,5359158.0
2010-12-31,20.4741,20.6392,20.457,20.5196,5755406.0
2011-01-03,20.6619,20.9409,20.4911,20.5196,20498356.0
2011-01-04,20.6335,20.7246,20.4114,20.6961,14594553.0
2011-01-05,20.5196,20.8271,20.4968,20.8157,15217274.0
2011-01-06,20.8157,21.1459,20.8157,21.1003,12565834.0
2011-01-07,21.163,21.2655,20.9865,21.2655,13365668.0
2011-01-10,21.2142,21.4192,21.1573,21.1801,11238438.0
2011-01-11,21.2028,21.2484,20.8954,21.0377,10725861.0
2011-01-12,21.1801,21.2028,21.0206,21.1516,13507567.0
2011-01-13,20.2634,20.3716,19.6485,19.751,77860531.0
2011-01-14,19.7168,19.7851,19.4264,19.4891,43755467.0
2011-01-18,19.398,19.5289,19.0621,19.2841,61805800.0
2011-01-19,19.4264,19.4435,19.1873,19.3069,31174437.0
2011-01-20,19.2442,19.4378,19.1987,19.3866,22645184.0
2011-01-21,19.4606,19.4834,19.2898,19.3012,21779850.0
2011-01-24,19.3524,19.3524,19.2272,19.2442,20575908.0
2011-01-25,19.2272,19.2727,18.9539,18.9937,34185760.0
2011-01-26,19.0222,19.2044,18.8912,18.9026,27418195.0
2011-01-27,18.988,19.0336,18.9254,18.9311,16217695.0
2011-01-28,19.0677,19.0905,18.7888,18.8286,16927191.0
2011-01-31,18.9539,18.9596,18.8286,18.8856,14836431.0
2011-02-01,18.9823,19.3809,18.7318,19.3581,22434012.0
2011-02-02,19.3012,19.3752,19.1304,19.2556,14453492.0
2011-02-03,18.7831,18.84,18.5098,18.7318,42170367.0
2011-02-04,18.7261,18.8571,18.6635,18.7261,26485894.0
2011-02-07,18.7546,18.8058,18.6407,18.7888,15175354.0
2011-02-08,18.8742,18.9596,18.8172,18.9425,12437874.0
2011-02-09,18.9197,18.9539,18.7432,18.84,14831610.0
2011-02-10,18.8571,18.8685,18.7261,18.8115,11355394.0
2011-02-11,18.7717,18.8628,18.709,18.8286,11196832.0
2011-02-14,18.7717,18.8001,18.6464,18.6863,13018990.0
2011-02-15,18.6749,18.6863,18.5895,18.6692,17764858.0
2011-02-16,18.6407,18.8969,18.6066,18.766,14758146.0
2011-02-17,18.766,18.8742,18.618,18.8457,11475600.0
2011-02-18,18.8229,18.9083,18.6749,18.7034,17840418.0
2011-02-22,18.6464,18.6749,18.3674,18.413,18610174.0
2011-02-23,18.5155,18.5667,18.2422,18.2706,17581458.0
2011-02-24,18.265,18.3105,18.134,18.2365,14612159.0
2011-02-25,18.2536,18.3674,18.2194,18.3276,9403180.0
2011-02-28,18.3333,18.5667,18.3276,18.5439,17470894.0
2011-03-01,18.561,18.7774,18.4699,18.4813,23209008.0
2011-03-02,18.4756,18.6123,18.3902,18.5496,13020876.0
2011-03-03,18.6009,18.9311,18.5724,18.8457,39781451.0
2011-03-04,18.8742,18.9937,18.6977,18.8229,40663238.0
2011-03-07,18.7888,18.8229,18.6293,18.692,40392016.0
2011-03-08,18.7774,18.84,18.6863,18.7774,12103771.0
2011-03-09,18.7375,19.062,18.7375,18.9539,14253848.0
2011-03-10,18.9083,18.9368,18.6977,18.7318,16065106.0
2011-03-11,18.703,18.9565,18.703,18.8528,12846698.0
2011-03-14,18.7203,18.7779,18.5763,18.6512,14451501.0
2011-03-15,18.3344,18.4553,18.2653,18.3517,16905602.0
2011-03-16,18.3171,18.3517,17.8909,17.9024,24262143.0
2011-03-17,18.0061,18.2134,17.9485,18.1097,14366613.0
2011-03-18,18.3056,18.4208,18.2365,18.3805,20414830.0
2011-03-21,18.4841,18.7664,18.4553,18.6569,15995834.0
2011-03-22,18.7318,18.8701,18.6973,18.7376,17273241.0
2011-03-23,18.7203,18.8182,18.6685,18.7952,12905491.0
2011-03-24,18.9104,18.9507,18.7433,18.847,12035442.0
2011-03-25,18.847,18.9507,18.7433,18.7606,11066042.0
2011-03-28,18.7433,18.8067,18.6569,18.6915,9491526.0
2011-03-29,18.7145,18.8931,18.6742,18.8816,10397837.0
2011-03-30,19.0256,19.2848,19.0141,19.1811,18077057.0
2011-03-31,19.0486,19.2272,19.0083,19.0141,13218424.0
2011-04-01,19.0371,19.1523,19.0083,19.0486,11993312.0
2011-04-04,19.2042,19.2214,19.1293,19.1638,12070864.0
2011-04-05,19.0889,19.1408,19.0141,19.1005,9685930.0
2011-04-06,19.1696,19.2675,19.0947,19.2099,13667911.0
2011-04-07,19.256,19.256,19.0429,19.1984,13178705.0
2011-04-08,19.2963,19.4115,19.2387,19.3942,19267585.0
2011-04-11,19.4,19.4979,19.3021,19.3481,11719365.0
2011-04-12,19.2502,19.4518,19.233,19.3309,15280050.0
2011-04-13,19.3654,19.3827,19.2214,19.279,8199447.0
2011-04-14,19.2042,19.6074,19.1638,19.5037,15740960.0
2011-04-15,20.1027,20.143,19.8435,19.8781,38676230.0
2011-04-18,19.6995,19.7514,19.4979,19.544,18642558.0
2011-04-19,19.5498,19.6477,19.3078,19.4403,15922474.0
2011-04-20,19.6246,19.7168,19.5555,19.6074,14903294.0
2011-04-21,19.7398,19.7514,19.5613,19.6074,16567832.0
2011-04-25,19.4115,19.8147,19.3712,19.7744,10088258.0
2011-04-26,19.8378,20.2525,19.809,20.1949,22532000.0
2011-04-27,20.2755,20.5866,20.1891,20.5232,21360860.0
2011-04-28,20.529,20.6211,20.4253,20.6039,14096962.0
2011-04-29,20.7248,20.8803,20.5232,20.7075,19843880.0
2011-05-02,20.9898,21.0704,20.84,20.9149,19269890.0
2011-05-03,20.8746,21.105,20.7766,20.9725,18571713.0
2011-05-04,20.9437,21.1683,20.8919,21.0589,18234257.0
2011-05-05,20.9955,21.105,20.8343,20.8803,17279214.0
2011-05-06,21.0416,21.1683,20.9034,20.961,13386733.0
2011-05-09,20.7997,21.0704,20.7939,21.0128,11247974.0
2011-05-10,21.0531,21.1914,21.0243,21.1799,10061743.0
2011-05-11,21.1799,21.2835,21.0071,21.0992,12463759.0
2011-05-12,21.1395,21.4679,21.0704,21.4275,16706692.0
2011-05-13,21.3296,21.4851,21.2259,21.3584,12047284.0
2011-05-16,21.3469,21.6349,21.3123,21.4851,19638682.0
2011-05-17,21.4218,21.5082,21.1338,21.4679,21363061.0
2011-05-18,21.4564,21.6695,21.3757,21.6464,13604822.0
2011-05-19,21.658,21.6868,21.3987,21.5312,11948353.0
2011-05-20,21.5312,21.5888,21.249,21.3469,11870696.0
2011-05-23,21.1223,21.3066,21.0935,21.2547,13201761.0
2011-05-24,21.249,21.3354,21.1914,21.2375,12074742.0
2011-05-25,21.1165,21.2317,21.0762,21.1338,11801947.0
2011-05-26,21.1338,21.1971,20.7939,20.9552,17826794.0
2011-05-27,20.9494,21.0704,20.7824,20.8573,10996559.0
2011-05-31,20.961,21.1741,20.9322,21.1683,15506732.0
2011-06-01,21.0819,21.1683,20.8515,20.8803,11847011.0
2011-06-02,20.84,20.8803,20.696,20.8227,11086478.0
2011-06-03,20.6154,20.7536,20.5981,20.6327,10359690.0
2011-06-06,20.5635,20.6384,20.4426,20.4829,10100310.0
2011-06-07,20.6269,20.8055,20.4829,20.4887,10531457.0
2011-06-08,20.4656,20.7075,20.431,20.6154,12646635.0
2011-06-09,20.6672,20.9552,20.6154,20.7363,14247979.0
2011-06-10,20.6672,20.6672,20.3677,20.4195,12472248.0
2011-06-13,20.3962,20.6641,20.3962,20.5709,8365136.0
2011-06-14,20.6757,20.8912,20.5709,20.7514,13224607.0
2011-06-15,20.6524,20.6524,20.3729,20.4777,12733305.0
2011-06-16,20.4603,20.5884,20.3788,20.4836,10610057.0
2011-06-17,20.6117,20.8271,20.4836,20.6059,15770828.0
2011-06-20,20.5476,20.8504,20.5069,20.8387,11300165.0
2011-06-21,20.9086,20.9435,20.7339,20.8329,9013953.0
2011-06-22,20.7107,20.7863,20.6233,20.6524,8071277.0
2011-06-23,20.4545,20.5651,20.1109,20.3613,20409695.0
2011-06-24,20.3904,20.4195,20.0876,20.1168,17395647.0
2011-06-27,20.175,20.2041,20.012,20.1051,11374887.0
2011-06-28,20.1401,20.3788,20.0877,20.3264,10468577.0
2011-06-29,20.3497,20.5476,20.274,20.437,13420793.0
2011-06-30,20.5069,20.6524,20.437,20.5476,13363258.0
2011-07-01,20.4777,20.8038,20.4719,20.7281,10356231.0
2011-07-05,20.6757,20.7805,20.635,20.6641,9417747.0
2011-07-06,20.6699,20.7398,20.5942,20.6874,11326050.0
2011-07-07,20.8213,20.9319,20.6408,20.8038,12800482.0
2011-07-08,20.8912,21.0717,20.8271,21.0309,15752383.0
2011-07-11,20.9377,20.9377,20.6757,20.7747,10741895.0
2011-07-12,20.8096,20.9785,20.7165,20.7456,12410835.0
2011-07-13,20.7864,21.2347,20.7456,20.9785,14150201.0
2011-07-14,21.06,21.2871,20.9727,21.1415,16066888.0
2011-07-15,21.1532,21.2172,20.7747,20.9203,15304678.0
2011-07-18,20.7747,20.8504,20.5593,20.6641,11136782.0
2011-07-19,20.7107,20.9203,20.5593,20.8387,11879918.0
2011-07-20,20.897,20.897,20.6815,20.7223,8728058.0
2011-07-21,20.8679,21.2405,20.798,21.0658,11933576.0
2011-07-22,21.1299,21.2289,20.9261,21.0134,7946250.0
2011-07-25,20.7805,20.9901,20.7747,20.897,12667805.0
2011-07-26,20.9144,20.9668,20.7572,20.8387,10009762.0
2011-07-27,20.7223,20.8213,20.4428,20.4894,14979378.0
2011-07-28,20.5302,20.5826,20.3147,20.338,14503796.0
2011-07-29,20.1692,20.2041,19.8256,19.8722,20214348.0
2011-08-01,19.9421,19.9654,19.0978,19.4705,26725048.0
2011-08-02,19.3074,19.3074,18.9639,19.156,27555483.0
2011-08-03,19.156,19.3482,18.7485,19.0396,23115002.0
2011-08-04,18.7718,18.8183,18.306,18.3467,27442194.0
2011-08-05,18.4981,18.632,17.9042,18.4632,31972698.0
2011-08-08,18.1196,18.37,17.3976,17.4326,39977218.0
2011-08-09,17.7004,18.1895,17.1589,18.1779,38925445.0
2011-08-10,17.7586,17.9974,17.3045,17.3569,35195822.0
2011-08-11,17.3452,18.37,17.3161,18.1662,31264774.0
2011-08-12,18.2768,18.5854,18.1662,18.2477,20668132.0
2011-08-15,18.4282,18.7252,18.3118,18.7077,19320509.0
2011-08-16,18.6378,18.83,18.4399,18.6902,16943016.0
2011-08-17,18.8533,18.9464,18.5563,18.7485,14691178.0
2011-08-18,18.4865,18.5097,17.9159,18.0847,24211630.0
2011-08-19,17.9275,18.3176,17.9042,18.2011,21733634.0
2011-08-22,18.4515,18.632,18.1604,18.2303,19959055.0
2011-08-23,18.3118,18.7543,18.2594,18.5971,23822298.0
2011-08-24,18.5913,18.8009,18.4399,18.7659,14063217.0
2011-08-25,18.7776,18.7776,18.4632,18.5505,16844294.0
2011-08-26,18.3991,18.667,18.0381,18.5854,19337067.0
2011-08-29,18.6786,18.9639,18.6786,18.8999,12101046.0
2011-08-30,18.8067,19.156,18.6902,19.0396,13414086.0
2011-08-31,19.1852,19.3948,19.156,19.2725,15088475.0
2011-09-01,19.2434,19.4996,19.1328,19.156,13169063.0
2011-09-02,19.0221,19.0745,18.8067,18.8475,14013018.0
2011-09-06,18.4166,18.8067,18.3467,18.7776,18298604.0
2011-09-07,18.9523,19.2201,18.9348,19.191,14616351.0
2011-09-08,19.0745,19.3249,19.0105,19.0862,34980354.0
2011-09-09,18.9814,18.9814,18.4049,18.5389,29058839.0
2011-09-12,18.3758,18.6611,18.2827,18.632,15848590.0
2011-09-13,18.5967,18.8029,18.5318,18.7027,15363470.0
2011-09-14,18.8206,19.1211,18.5495,18.9266,16398894.0
2011-09-15,19.0857,19.1506,18.8736,19.1447,13376567.0
2011-09-16,19.2566,19.3273,19.1152,19.2566,20506426.0
2011-09-19,18.9149,19.0622,18.797,19.0032,13971202.0
2011-09-20,18.9856,19.345,18.9502,19.1506,14426454.0
2011-09-21,19.2507,19.3922,18.7499,18.7675,15321131.0
2011-09-22,18.3727,18.5495,18.1312,18.3433,24532213.0
2011-09-23,18.2195,18.4022,18.0958,18.2961,19813593.0
2011-09-26,18.4258,18.6733,18.2726,18.6261,16230481.0
2011-09-27,18.8736,19.1506,18.8265,18.9384,15967642.0
2011-09-28,19.0563,19.2566,18.7852,18.8206,15477598.0
2011-09-29,19.0622,19.3391,18.9856,19.2448,20233526.0
2011-09-30,19.0916,19.6337,19.0622,19.2684,25393250.0
2011-10-03,19.2036,19.2802,18.5967,18.6026,24962941.0
2011-10-04,18.4258,18.526,17.9956,18.4729,30077600.0
2011-10-05,18.526,18.7204,18.2726,18.5377,26487152.0
2011-10-06,18.4847,18.5967,18.2608,18.5142,19494058.0
2011-10-07,18.8029,19.0209,18.6026,18.6261,22922590.0
2011-10-10,19.1447,19.1918,18.8795,19.0622,15690342.0
2011-10-11,19.0681,19.0975,18.7499,18.8147,16332975.0
2011-10-12,19.0032,19.3097,18.9443,19.1918,17136267.0
2011-10-13,19.1388,19.3686,19.0091,19.2684,14256468.0
2011-10-14,19.4275,19.4452,19.2625,19.4334,11304357.0
2011-10-17,19.3509,19.5512,19.0032,19.0386,12003582.0
2011-10-18,19.074,19.4511,18.9679,19.3214,13546134.0
2011-10-19,19.3273,19.4805,19.1034,19.1741,12487339.0
2011-10-20,19.2684,19.4098,19.0386,19.3273,14220941.0
2011-10-21,19.5395,19.6927,19.4982,19.6514,18822499.0
2011-10-24,19.5984,19.7752,19.5218,19.7575,14994050.0
2011-10-25,19.7516,19.7869,19.3391,19.3921,16442701.0
2011-10-26,19.6337,19.8518,19.4923,19.7634,16029265.0
2011-10-27,20.0816,20.3644,19.9284,20.2171,21681024.0
2011-10-28,20.6414,20.9183,20.3998,20.6885,26889898.0
2011-10-31,20.6355,20.7651,20.3291,20.3291,18217803.0
2011-11-01,19.9225,20.4174,19.8577,20.0698,28063868.0
2011-11-02,20.3173,20.3467,20.0109,20.1464,13182373.0
2011-11-03,20.3291,20.4646,20.2348,20.3467,15536181.0
2011-11-04,20.2289,20.276,19.9048,20.0462,11241896.0
2011-11-07,19.9755,20.2348,19.9284,20.223,10046233.0
2011-11-08,20.2407,20.3939,20.058,20.3114,15022870.0
2011-11-09,20.0462,20.3644,19.7752,19.9107,22488927.0
2011-11-10,20.3703,20.7062,20.2053,20.606,27712159.0
2011-11-11,20.8358,21.3602,20.8358,21.1953,31843375.0
2011-11-14,20.8535,21.0656,20.6885,21.0185,14826894.0
2011-11-15,20.9419,21.1363,20.824,21.0538,9350990.0
2011-11-16,20.718,20.989,20.6414,20.6767,13459778.0
2011-11-17,20.5765,20.7297,20.2819,20.5294,17371858.0
2011-11-18,20.5883,20.7533,20.5883,20.5942,13199979.0
2011-11-21,20.2642,20.3644,20.0344,20.1169,17291790.0
2011-11-22,20.0875,20.1641,19.893,19.9225,17795564.0
2011-11-23,19.7045,19.7811,19.5571,19.5571,14395957.0
2011-11-25,19.6161,19.6809,19.5218,19.5395,5141907.0
2011-11-28,19.8812,20.2171,19.8518,20.1876,16308662.0
2011-11-29,20.329,20.5706,20.2524,20.3173,12725235.0
2011-11-30,20.7415,21.0951,20.7415,21.0656,19327426.0
2011-12-01,21.0538,21.207,20.9537,21.0244,13166758.0
2011-12-02,21.1599,21.1599,20.8417,20.9065,15180490.0
2011-12-05,21.0833,21.1304,20.659,20.7769,18033774.0
2011-12-06,20.8771,20.9772,20.771,20.8594,14559759.0
2011-12-07,20.7887,21.0833,20.7415,20.9831,21849228.0
2011-12-08,21.0185,21.0538,20.6649,20.7356,44441698.0
2011-12-09,20.8063,21.1304,20.7474,21.0244,42265002.0
2011-12-12,20.9654,21.0185,20.7297,20.8653,13216433.0
2011-12-13,21.0024,21.0859,20.7877,20.8653,19198102.0
2011-12-14,20.8295,21.3244,20.8116,21.2052,23624330.0
2011-12-15,21.4198,21.8731,21.402,21.6822,33435602.0
2011-12-16,21.7657,21.8373,21.4795,21.6166,27763930.0
2011-12-19,21.724,21.9446,21.6703,21.7478,17299126.0
2011-12-20,21.8969,22.1533,21.7657,22.1056,21423740.0
2011-12-21,22.0997,22.3084,22.0758,22.2607,13790108.0
2011-12-22,22.2905,22.5111,22.1891,22.3978,12090252.0
2011-12-23,22.4694,22.6006,22.4455,22.6006,10008505.0
2011-12-27,22.529,22.6006,22.4873,22.5111,7927386.0
2011-12-28,22.4753,22.5409,22.3024,22.3203,7624410.0
2011-12-29,22.4217,22.5111,22.3561,22.4992,7189909.0
2011-12-30,22.4157,22.5827,22.3441,22.4813,8237175.0
2012-01-03,22.5886,22.9941,22.5469,22.8391,18100427.0
2012-01-04,22.8093,22.8629,22.6006,22.8629,14374682.0
2012-01-05,22.7437,23.2565,22.684,23.1015,21995005.0
2012-01-06,23.1074,23.1074,22.9166,22.9405,17530630.0
2012-01-09,22.8629,22.9405,22.5946,22.8928,14574431.0
2012-01-10,23.1074,23.1372,22.8987,22.9703,11911778.0
2012-01-11,22.9106,22.9703,22.8033,22.9047,12519198.0
2012-01-12,23.0299,23.0657,22.9107,23.024,10407898.0
2012-01-13,22.9285,22.9584,22.6721,22.851,10141915.0
2012-01-17,22.9762,23.1909,22.8808,23.1492,17349326.0
2012-01-18,23.0478,23.2267,23.0418,23.179,15416709.0
2012-01-19,23.1969,23.5129,23.0955,23.4116,17341046.0
2012-01-20,23.4473,23.495,23.2088,23.3758,16069927.0
2012-01-23,23.2327,23.3161,23.0657,23.1194,14147895.0
2012-01-24,23.2386,23.3818,23.0478,23.1253,13775646.0
2012-01-25,23.0001,23.1313,22.8152,23.0657,15170010.0
2012-01-26,23.1611,23.2267,22.9822,23.1253,12983462.0
2012-01-27,23.0955,23.1372,22.7914,22.9703,12702389.0
2012-01-30,22.8868,23.1969,22.8212,23.1909,13324586.0
2012-01-31,23.2386,23.2505,22.7735,22.8212,17268525.0
2012-02-01,22.9882,23.2625,22.851,23.0359,15276801.0
2012-02-02,23.2207,23.2386,22.6602,22.9226,21778174.0
2012-02-03,22.9584,23.012,22.7079,22.8808,15730690.0
2012-02-06,22.7854,22.8987,22.7377,22.8987,11561850.0
2012-02-07,22.8212,23.1253,22.8093,23.0359,13044875.0
2012-02-08,22.9882,23.018,22.7914,22.9107,11877194.0
2012-02-09,22.8928,22.9703,22.7437,22.7496,10058390.0
2012-02-10,22.6244,22.6662,22.529,22.6065,11026113.0
2012-02-13,22.7198,22.8033,22.6483,22.7258,12179437.0
2012-02-14,22.7258,22.8033,22.6304,22.7854,11704378.0
2012-02-15,22.8152,22.8272,22.5946,22.6721,12769670.0
2012-02-16,22.7079,22.7496,22.5409,22.7437,10933574.0
2012-02-17,23.0299,23.185,22.851,22.9941,18826586.0
2012-02-21,22.9405,23.0359,22.7079,22.7377,11373106.0
2012-02-22,22.696,22.7974,22.6006,22.7914,10304984.0
2012-02-23,22.7198,22.9703,22.7198,22.9643,10823954.0
2012-02-24,22.9524,22.9584,22.7437,22.7795,8896996.0
2012-02-27,22.6244,22.8152,22.5588,22.7496,17304052.0
2012-02-28,22.7496,22.9524,22.6602,22.8868,9916071.0
2012-02-29,22.9405,22.9524,22.7318,22.7616,15971520.0
2012-03-01,22.7496,22.7556,22.4574,22.535,18920068.0
2012-03-02,22.4336,22.7139,22.3978,22.6185,13676819.0
2012-03-05,22.6661,22.9703,22.6542,22.9285,19558929.0
2012-03-06,22.6483,22.8868,22.2428,22.3263,19487874.0
2012-03-07,22.2607,22.3203,22.0102,22.2487,17679760.0
2012-03-08,22.4336,22.5469,22.2726,22.3024,42886256.0
2012-03-09,22.3501,22.6006,22.3382,22.4217,46658008.0
2012-03-12,22.4932,22.7258,22.4515,22.7198,11395323.0
2012-03-13,22.8344,23.0937,22.7319,23.0816,15722725.0
2012-03-14,23.1479,23.154,22.9671,23.0454,12322384.0
2012-03-15,23.0032,23.0635,22.8826,22.9489,12833808.0
2012-03-16,23.0153,23.1118,22.8947,22.9309,19446164.0
2012-03-19,22.8766,22.9369,22.8163,22.8464,10215275.0
2012-03-20,22.7017,22.8645,22.6836,22.7681,14515848.0
2012-03-21,22.8404,22.8404,22.6897,22.7319,12048856.0
2012-03-22,22.6354,22.8706,22.6294,22.6716,13615092.0
2012-03-23,22.7319,22.9429,22.6776,22.9188,11283292.0
2012-03-26,23.0695,23.3349,23.0032,23.3107,12576734.0
2012-03-27,23.365,23.5157,23.3228,23.3951,13298596.0
2012-03-28,23.2926,23.4735,23.0515,23.0997,17066470.0
2012-03-29,23.0153,23.0937,22.7801,22.9188,18432434.0
2012-03-30,22.9972,23.166,22.9429,23.154,14794302.0
2012-04-02,23.0937,23.2504,23.0394,23.2203,11990063.0
2012-04-03,23.2444,23.3469,23.1901,23.3469,11473609.0
2012-04-04,23.2746,23.4856,23.2143,23.4554,15940918.0
2012-04-05,23.371,23.4615,23.2685,23.4434,14547078.0
2012-04-09,23.2625,23.5037,23.2504,23.3529,12287066.0
2012-04-10,23.3409,23.4494,23.1841,23.1841,14655337.0
2012-04-11,23.2806,23.3349,23.154,23.2022,11224709.0
2012-04-12,23.3409,23.3409,23.0273,23.0756,13421107.0
2012-04-13,22.967,22.9731,22.7741,22.7801,21859289.0
2012-04-16,22.8404,22.949,22.8404,22.8826,14607129.0
2012-04-17,22.9791,23.2384,22.9067,23.2203,11738019.0
2012-04-18,23.1781,23.2746,23.1419,23.154,8033339.0
2012-04-19,23.2444,23.2866,23.0093,23.1298,11256358.0
2012-04-20,23.0997,23.4434,23.0937,23.3529,15591306.0
2012-04-23,23.2444,23.2504,23.0334,23.0756,11183522.0
2012-04-24,23.1178,23.172,23.0153,23.0756,13084699.0
2012-04-25,23.0937,23.2082,22.9912,23.1721,13457054.0
2012-04-26,23.2022,23.2504,23.0876,23.1962,10683731.0
2012-04-27,23.3951,23.4796,23.1178,23.1901,16259196.0
2012-04-30,23.2987,23.7931,23.2685,23.6605,20759413.0
2012-05-01,23.4796,23.8172,23.4313,23.7389,15290320.0
2012-05-02,23.7087,23.775,23.57,23.6906,12082182.0
2012-05-03,23.7027,23.7449,23.5519,23.6182,11076731.0
2012-05-04,23.5821,23.5821,23.2806,23.4193,12505155.0
2012-05-07,23.2203,23.4012,23.2143,23.2384,12129238.0
2012-05-08,23.2263,23.3107,23.0816,23.2926,9183205.0
2012-05-09,23.1178,23.2082,22.967,22.967,12539844.0
2012-05-10,23.0937,23.2866,23.0635,23.1479,9906430.0
2012-05-11,23.0334,23.1178,22.8826,22.9309,12692747.0
2012-05-14,22.8223,23.1479,22.7379,23.0454,17053790.0
2012-05-15,22.961,23.0334,22.6595,22.756,11164030.0
2012-05-16,22.8887,23.1238,22.7741,23.0515,16105245.0
2012-05-17,23.0394,23.1841,22.9128,22.9309,14573488.0
2012-05-18,23.0334,23.0394,22.6897,22.8042,19587749.0
2012-05-21,22.75,22.8464,22.6414,22.6716,9746400.0
2012-05-22,22.7078,22.756,22.5208,22.5872,12919325.0
2012-05-23,22.5872,22.6897,22.3219,22.5148,11776166.0
2012-05-24,22.551,22.7138,22.4786,22.6716,9066982.0
2012-05-25,22.6535,22.762,22.5329,22.6414,6907997.0
2012-05-29,22.7259,22.762,22.5691,22.6656,9214435.0
2012-05-30,22.551,22.7017,22.4847,22.551,10132274.0
2012-05-31,22.6776,22.8344,22.4605,22.6595,14088369.0
2012-06-01,22.4183,22.6053,22.3219,22.4183,14013437.0
2012-06-04,22.4183,22.5932,22.3822,22.5872,11439758.0
2012-06-05,22.551,22.6414,22.4666,22.6113,11067404.0
2012-06-06,22.762,22.8525,22.6294,22.8525,13219367.0
2012-06-07,22.955,23.1962,22.9188,23.1118,55932703.0
2012-06-08,23.2022,23.2444,23.0635,23.1901,53368666.0
2012-06-11,23.2866,23.3771,23.1781,23.1962,49061386.0
2012-06-12,23.2806,23.4253,23.1479,23.4253,10969416.0
2012-06-13,23.407,23.6447,23.3278,23.407,12121692.0
2012-06-14,23.4802,23.7362,23.3765,23.6447,13529261.0
2012-06-15,23.7849,23.8337,23.6935,23.7362,16823544.0
2012-06-18,23.6021,23.8093,23.6021,23.6813,8651135.0
2012-06-19,23.7423,24.0288,23.6874,23.9129,12472353.0
2012-06-20,23.8764,24.0044,23.7727,23.9008,11939026.0
2012-06-21,23.9922,24.2543,23.9495,24.047,18166766.0
2012-06-22,24.1385,24.5713,24.108,24.492,25306999.0
2012-06-25,24.3275,24.4067,24.1994,24.2543,16084704.0
2012-06-26,24.2726,24.87,24.2116,24.4189,11988177.0
2012-06-27,24.4311,24.8395,24.364,24.7054,13757620.0
2012-06-28,24.6322,24.809,24.4981,24.7968,13165500.0
2012-06-29,24.9248,25.449,24.9248,25.449,24811924.0
2012-07-02,25.1442,25.51,25.1321,25.51,15022137.0
2012-07-03,25.4368,25.577,25.3332,25.4856,7912924.0
2012-07-05,25.4003,25.4795,25.1747,25.3759,9695467.0
2012-07-06,25.193,25.3271,25.1686,25.3027,10543509.0
2012-07-09,25.4247,25.7599,25.3149,25.6807,21190350.0
2012-07-10,25.7111,25.7294,25.1503,25.2174,17512499.0
2012-07-11,25.2235,25.2783,25.0284,25.1199,12955586.0
2012-07-12,26.1317,26.3207,26.0647,26.1561,48160945.0
2012-07-13,26.2476,26.5584,26.1683,26.4975,17782988.0
2012-07-16,26.3451,26.534,26.211,26.4243,15964603.0
2012-07-17,26.3877,27.0461,26.3085,26.9363,21110702.0
2012-07-18,26.7779,26.8876,26.6255,26.784,16989233.0
2012-07-19,26.7901,26.8388,26.5401,26.784,14661625.0
2012-07-20,26.5889,26.6133,26.3999,26.4609,13641606.0
2012-07-23,26.3451,26.4792,26.2475,26.3755,15069297.0
2012-07-24,26.3451,26.4304,25.7599,26.022,21354886.0
2012-07-25,26.1561,26.2049,25.8209,25.9793,12818717.0
2012-07-26,26.2415,26.6681,26.1988,26.4121,17085858.0
2012-07-27,26.6681,27.5337,26.4914,27.491,31419983.0
2012-07-30,27.2107,27.3874,27.0217,27.1131,13571914.0
2012-07-31,27.0948,27.2411,26.9242,26.9242,13242423.0
2012-08-01,27.0948,27.3021,26.8815,26.9912,11781092.0
2012-08-02,26.8449,26.9607,26.5279,26.7657,10318503.0
2012-08-03,27.0887,27.235,26.8693,26.912,10496139.0
2012-08-06,26.9425,27.2107,26.9242,27.1192,9532608.0
2012-08-07,27.1497,27.1558,26.8083,26.8205,11407899.0
2012-08-08,26.8083,26.9851,26.7169,26.8571,11308968.0
2012-08-09,26.7535,27.0156,26.6377,26.9912,10466586.0
2012-08-10,26.8083,27.168,26.7962,27.168,9736025.0
2012-08-13,27.1741,27.1924,26.9729,27.0766,8943318.0
2012-08-14,27.1253,27.2107,26.9912,27.0705,6572742.0
2012-08-15,26.979,27.0522,26.8205,26.8571,7808229.0
2012-08-16,26.8327,26.9181,26.7291,26.784,8798903.0
2012-08-17,26.8449,26.8449,26.2658,26.4182,15549071.0
2012-08-20,26.4243,26.6986,26.3573,26.6681,9150612.0
2012-08-21,26.5158,26.6682,26.1561,26.1744,11281615.0
2012-08-22,26.1805,26.2597,26.0891,26.1561,9025900.0
2012-08-23,26.1561,26.1988,25.9733,26.0891,10531876.0
2012-08-24,25.9915,26.4121,25.9915,26.2841,10649252.0
2012-08-27,26.1988,26.3573,26.1134,26.2414,8122943.0
2012-08-28,26.1927,26.2963,26.0586,26.1073,8419842.0
2012-08-29,26.1805,26.3573,26.022,26.2476,7973289.0
2012-08-30,26.1256,26.3756,25.9915,26.2841,8964173.0
2012-08-31,26.4121,26.5645,26.1561,26.2414,28906355.0
2012-09-04,26.2963,26.4487,26.1317,26.3634,25771368.0
2012-09-05,26.4487,26.534,26.2597,26.4792,8734870.0
2012-09-06,26.6072,26.979,26.5889,26.9668,10349419.0
2012-09-07,27.0826,27.0887,26.7718,26.851,8738538.0
2012-09-10,26.8022,27.0522,26.7535,26.979,9427284.0
2012-09-11,27.0339,27.168,26.9912,27.0217,8975596.0
2012-09-12,27.0339,27.168,27.0095,27.1436,9378028.0
2012-09-13,27.1251,27.5128,27.0821,27.4821,12429175.0
2012-09-14,27.4144,27.4144,26.7313,26.8421,17331195.0
2012-09-17,26.7559,27.0759,26.7559,27.0759,11538899.0
2012-09-18,26.9282,27.1621,26.8851,27.1251,7895632.0
2012-09-19,27.1497,27.5559,27.1313,27.3897,10289369.0
2012-09-20,27.2974,27.6728,27.2913,27.6236,10443320.0
2012-09-21,27.6605,27.8451,27.6051,27.6359,21226821.0
2012-09-24,27.6605,27.8451,27.562,27.7774,10468786.0
2012-09-25,27.8267,28.122,27.6051,27.759,13419850.0
2012-09-26,27.759,27.919,27.6913,27.6974,13260134.0
2012-09-27,27.7343,27.962,27.6974,27.8328,10306346.0
2012-09-28,27.722,27.8205,27.5559,27.7528,13097170.0
2012-10-01,27.6728,28.0543,27.6728,27.8266,8964278.0
2012-10-02,27.9559,28.0605,27.7528,27.9805,7786116.0
2012-10-03,27.999,28.2266,27.8574,28.1713,8861678.0
2012-10-04,28.2451,28.5466,28.2143,28.3805,9383582.0
2012-10-05,28.5651,28.6143,28.2205,28.4789,12463864.0
2012-10-08,28.4112,28.5897,28.1774,28.5159,7371318.0
2012-10-09,28.4359,28.6389,28.3251,28.4112,10512383.0
2012-10-10,28.4112,28.5466,27.9374,28.0605,9930114.0
2012-10-11,28.2389,28.2574,27.9067,27.9682,7359685.0
2012-10-12,28.0605,28.3066,28.0359,28.0728,7172826.0
2012-10-15,28.1467,28.6943,28.1159,28.6697,10774802.0
2012-10-16,28.762,29.0882,28.7435,29.0266,12528002.0
2012-10-17,28.9712,29.2297,28.9712,29.162,10619279.0
2012-10-18,29.1004,29.5374,29.0943,29.5127,11513433.0
2012-10-19,29.5004,29.5312,28.8481,28.9404,13599372.0
2012-10-22,28.8051,28.9405,28.4236,28.602,14694427.0
2012-10-23,28.4235,28.6328,28.2266,28.2389,13104402.0
2012-10-24,28.2759,28.4236,28.1836,28.2328,10102406.0
2012-10-25,28.3682,28.5159,28.3128,28.4912,11498132.0
2012-10-26,28.1774,28.7805,28.1774,28.3989,12513644.0
2012-10-31,28.5651,28.7435,27.962,28.079,14184680.0
2012-11-01,28.1528,28.6082,28.1097,28.2697,12749968.0
2012-11-02,28.4605,28.6451,28.3005,28.3066,11580924.0
2012-11-05,28.1959,28.3066,27.882,28.1036,9412298.0
2012-11-06,28.1159,28.5036,28.1097,28.2574,9154594.0
2012-11-07,28.0297,28.1036,27.1867,27.359,25223159.0
2012-11-08,27.3898,27.5497,26.9775,26.9775,17113735.0
2012-11-09,26.8852,27.2728,26.8421,27.1067,14666970.0
2012-11-12,27.3651,27.3959,27.0021,27.0882,7681630.0
2012-11-13,26.9344,27.359,26.8728,26.879,10059857.0
2012-11-14,26.8913,27.0144,26.4052,26.4913,14888831.0
2012-11-15,26.4359,26.5467,26.1836,26.3375,12872794.0
2012-11-16,26.3621,26.6021,26.0667,26.5036,17435052.0
2012-11-19,26.6575,26.7067,26.5159,26.6698,9630806.0
2012-11-20,26.719,26.8728,26.6082,26.8052,11428545.0
2012-11-21,26.9528,27.0328,26.8482,27.0082,7637824.0
2012-11-23,27.0698,27.2544,27.0267,27.2482,4692734.0
2012-11-26,27.0759,27.279,27.0267,27.199,9831393.0
2012-11-27,27.0944,27.1928,26.9836,27.0021,9294922.0
2012-11-28,26.9221,27.4513,26.7928,27.4451,11124310.0
2012-11-29,27.6605,27.6605,27.3713,27.5128,10018356.0
2012-11-30,27.4082,27.5128,27.1497,27.2605,15738026.0
2012-12-03,27.3651,27.5867,27.3344,27.3467,12177865.0
2012-12-04,27.3097,27.5559,27.3097,27.3221,10476751.0
2012-12-05,27.279,27.5436,27.2174,27.3159,12206056.0
2012-12-06,27.3528,27.439,27.3097,27.3897,9240216.0
2012-12-07,27.4021,27.4697,27.1744,27.4636,8247236.0
2012-12-10,27.359,27.5867,27.3344,27.3713,9796180.0
2012-12-11,27.4821,27.8636,27.3836,27.8082,14235508.0
2012-12-12,27.8205,27.9928,27.7036,27.8513,11790000.0
2012-12-13,27.9196,27.9196,27.2735,27.3045,14404131.0
2012-12-14,27.2735,27.3108,26.9691,27.0498,13818928.0
2012-12-17,27.1057,27.2362,27.0312,27.1057,13917650.0
2012-12-18,27.0809,27.5841,26.938,27.4847,14756888.0
2012-12-19,27.4288,27.6214,27.0933,27.1244,12254369.0
2012-12-20,26.3727,26.5777,26.0931,26.1925,35263104.0
2012-12-21,26.354,26.3789,25.7514,25.7949,30087242.0
2012-12-24,25.739,25.9378,25.6644,25.7328,6793870.0
2012-12-26,25.7514,25.8322,25.6085,25.6831,7471716.0
2012-12-27,25.6023,25.7265,25.3476,25.5961,11948877.0
2012-12-28,25.4718,25.5774,25.242,25.2482,11862731.0
2012-12-31,25.0245,25.4532,24.863,25.4345,15004635.0
2013-01-02,26.0061,26.0123,25.4346,25.6831,16722831.0
2013-01-03,26.0248,26.3602,25.5402,26.2981,24673483.0
2013-01-04,26.3789,26.4037,25.9813,26.0744,16169068.0
2013-01-07,26.1179,26.2111,25.9999,26.1676,12055773.0
2013-01-08,26.2484,26.5218,26.2049,26.2049,15458943.0
2013-01-09,26.3354,26.4969,26.2173,26.4596,10556609.0
2013-01-10,26.6336,26.8075,26.559,26.5777,13593084.0
2013-01-11,26.5342,26.9194,26.5342,26.8572,12722825.0
2013-01-14,26.907,27.0623,26.7454,26.9256,11650721.0
2013-01-15,26.9504,27.0498,26.5963,26.6336,12446677.0
2013-01-16,26.646,26.7392,26.4037,26.4286,12481156.0
2013-01-17,26.5963,26.6212,26.4286,26.559,16255109.0
2013-01-18,26.6398,26.7019,26.4969,26.7019,17222937.0
2013-01-22,26.5715,26.851,26.4721,26.8386,12819765.0
2013-01-23,26.7144,26.7641,26.4348,26.6025,14854666.0
2013-01-24,26.6833,26.8448,26.6709,26.7144,13096122.0
2013-01-25,26.7889,27.0001,26.5404,27.0001,13799330.0
2013-01-28,26.9256,27.025,26.6709,26.6709,12418800.0
2013-01-29,26.8324,27.1741,26.7081,27.1244,16474874.0
2013-01-30,27.1244,27.1927,27.0001,27.025,13280885.0
2013-01-31,26.9815,27.112,26.8697,26.8697,15237291.0
2013-02-01,26.2422,26.559,25.7887,25.9875,39497024.0
2013-02-04,25.7141,25.8819,25.3662,25.3786,30821366.0
2013-02-05,25.5029,25.77,25.4283,25.739,22330050.0
2013-02-06,25.6893,25.7514,25.4594,25.5277,18218222.0
2013-02-07,25.534,25.6582,25.3973,25.4718,16950666.0
2013-02-08,25.5091,25.5837,25.4408,25.5837,15365566.0
2013-02-11,25.5899,25.7825,25.5277,25.7079,11959776.0
2013-02-12,25.7017,25.8259,25.5526,25.7514,10475808.0
2013-02-13,25.7328,25.7763,25.478,25.565,16561858.0
2013-02-14,25.4967,25.6085,25.3662,25.5899,17116774.0
2013-02-15,25.7576,25.7825,25.6209,25.7328,16326897.0
2013-02-19,25.8446,26.2298,25.8322,26.2298,13944793.0
2013-02-20,26.3167,26.559,26.2298,26.5031,17607343.0
2013-02-21,26.4037,26.4472,26.2608,26.4037,12390504.0
2013-02-22,26.4534,26.8821,26.4224,26.6957,16132807.0
2013-02-25,26.9069,26.9939,26.4099,26.4161,20338850.0
2013-02-26,26.559,26.5901,26.1552,26.354,14570449.0
2013-02-27,26.2608,26.8075,26.2608,26.6957,13537121.0
2013-02-28,26.7206,26.8448,26.5466,26.5466,14893442.0
2013-03-01,26.2981,26.5093,26.2981,26.4845,15527482.0
2013-03-04,26.6647,26.9318,26.5653,26.9256,14839890.0
2013-03-05,27.0871,27.1182,26.7765,26.8697,15843769.0
2013-03-06,26.9007,27.1741,26.7516,27.1368,19301121.0
2013-03-07,27.2238,27.2921,26.7703,26.8821,14392813.0
2013-03-08,26.9629,27.025,26.6647,26.6957,30678418.0
2013-03-11,26.6833,27.1306,26.6336,27.1244,40492729.0
2013-03-12,28.2178,28.2178,27.8823,27.9817,58695860.0
2013-03-13,27.9378,28.057,27.9002,27.9692,18781418.0
2013-03-14,28.0445,28.0695,27.3482,27.7685,27136283.0
2013-03-15,27.4925,27.6556,27.4674,27.6556,25499831.0
2013-03-18,27.4611,27.5615,27.3294,27.367,12699350.0
2013-03-19,27.4109,27.4987,27.3482,27.4109,16248297.0
2013-03-20,27.5991,27.781,27.5238,27.6744,15693066.0
2013-03-21,27.6179,27.712,27.4486,27.4674,12476021.0
2013-03-22,27.5113,27.6681,27.4737,27.5364,10463232.0
2013-03-25,27.5677,27.5991,27.2918,27.4047,13746721.0
2013-03-26,27.5677,27.85,27.5364,27.8437,12694110.0
2013-03-27,27.6806,27.7559,27.5426,27.6618,11497503.0
2013-03-28,27.6305,27.7935,27.574,27.7245,17440502.0
2013-04-01,27.5991,27.8312,27.4548,27.8186,10377191.0
2013-04-02,27.919,28.2264,27.8626,28.1699,13400252.0
2013-04-03,28.2264,28.954,28.2264,28.4522,27114066.0
2013-04-04,28.471,28.7783,28.2326,28.4271,14637835.0
2013-04-05,28.2515,28.3706,28.1574,28.3079,13206372.0
2013-04-08,28.2828,28.5274,28.2013,28.5274,10640868.0
2013-04-09,28.6843,28.816,28.4396,28.5463,11108066.0
2013-04-10,28.7972,29.4621,28.7156,29.3805,19634385.0
2013-04-11,29.2802,29.8008,29.2802,29.6126,18379719.0
2013-04-12,29.2739,29.5624,29.2613,29.5499,10547491.0
2013-04-15,29.4119,29.7945,29.1421,29.1421,16083970.0
2013-04-16,29.2551,29.5122,29.1672,29.4558,10674614.0
2013-04-17,29.3052,29.4244,29.1108,29.3303,12342506.0
2013-04-18,29.393,29.4683,29.161,29.2049,11813685.0
2013-04-19,29.3931,29.7882,29.2676,29.7882,13315154.0
2013-04-22,29.7631,30.0893,29.5938,30.0579,14950139.0
2013-04-23,30.0768,30.5472,30.0642,30.5033,18500868.0
2013-04-24,30.5284,30.6036,30.0266,30.0768,16292418.0
2013-04-25,30.0768,30.1081,29.6565,29.7004,16702081.0
2013-04-26,29.6502,30.152,29.5499,30.0266,11110477.0
2013-04-29,30.0328,30.1834,29.9325,29.9952,11921943.0
2013-04-30,29.9513,30.0078,29.4809,29.4809,20692446.0
2013-05-01,28.1009,29.0481,27.9755,28.6592,41648358.0
2013-05-02,28.7909,28.8599,28.5337,28.6843,14929389.0
2013-05-03,29.0104,29.092,28.5149,28.6466,13492581.0
2013-05-06,28.5463,28.8536,28.2075,28.2138,14772922.0
2013-05-07,28.2891,28.4145,28.1511,28.3957,15226078.0
2013-05-08,28.3016,28.6027,28.2076,28.2201,19187098.0
2013-05-09,28.3832,28.6152,28.195,28.5337,14856134.0
2013-05-10,28.5651,28.8222,28.5337,28.8222,14592142.0
2013-05-13,28.7532,28.9979,28.6529,28.9602,10738018.0
2013-05-14,28.9289,29.3366,28.8536,29.2613,14057767.0
2013-05-15,29.3115,29.644,29.1422,29.3115,13831294.0
2013-05-16,29.2174,29.2927,28.2326,29.0857,12536910.0
2013-05-17,29.0355,29.2989,28.2765,28.8473,22773459.0
2013-05-20,28.8285,28.8661,28.2891,28.3581,17533040.0
2013-05-21,28.3769,29.8133,28.3455,29.6879,49277694.0
2013-05-22,29.8572,30.2963,29.161,29.299,44670895.0
2013-05-23,29.1422,29.7569,29.1171,29.6879,23663421.0
2013-05-24,29.5122,29.5812,29.23,29.5812,16554208.0
2013-05-28,30.0705,30.5096,29.807,29.8698,18511767.0
2013-05-29,29.6628,29.7757,29.1735,29.3993,16822182.0
2013-05-30,29.4934,29.7255,29.3178,29.5248,15933268.0
2013-05-31,29.437,29.9074,29.2864,29.2927,22768953.0
2013-06-03,30.6915,30.9612,30.3026,30.3904,39805450.0
2013-06-04,30.2336,31.463,30.2148,31.0114,38785013.0
2013-06-05,30.7479,31.1933,30.4029,30.566,26119409.0
2013-06-06,30.5096,30.566,29.9513,30.4845,20850903.0
2013-06-07,30.5911,30.8232,30.1708,30.2273,52852631.0
2013-06-10,30.5158,30.6664,30.3339,30.3966,50887946.0
2013-06-11,30.152,30.2336,29.8259,29.8321,56749305.0
2013-06-12,30.0391,30.1708,29.6251,29.6377,17662887.0
2013-06-13,29.587,30.3467,29.4288,30.3213,15482314.0
2013-06-14,30.239,30.7201,30.0681,30.353,14286650.0
2013-06-17,30.5935,30.7328,30.1061,30.258,13084490.0
2013-06-18,30.3087,30.4163,30.1694,30.2264,12384006.0
2013-06-19,30.2011,30.4922,30.0365,30.1188,18857922.0
2013-06-20,30.0175,30.0175,29.2515,29.3148,18680495.0
2013-06-21,29.6693,30.1314,29.5427,29.7516,25453614.0
2013-06-24,29.4161,29.663,29.1566,29.3781,18948574.0
2013-06-25,29.4541,29.549,29.1692,29.2642,12600104.0
2013-06-26,29.4984,29.6947,29.2959,29.5554,11984823.0
2013-06-27,29.7706,29.9795,29.6693,29.9289,12198510.0
2013-06-28,30.0428,30.0555,29.4035,29.4035,17124110.0
2013-07-01,29.2832,29.6567,29.2579,29.3212,13741586.0
2013-07-02,29.1756,29.5807,29.1376,29.4668,11859063.0
2013-07-03,29.4225,29.5807,29.2199,29.4668,7203952.0
2013-07-05,29.7073,29.9415,29.5047,29.8529,8491944.0
2013-07-08,29.9858,30.1504,29.9035,30.0112,11504315.0
2013-07-09,30.2074,30.3846,30.1378,30.1441,10811902.0
2013-07-10,30.1441,30.4986,30.1251,30.3593,8154174.0
2013-07-11,30.6568,30.7011,30.4669,30.5809,11991216.0
2013-07-12,30.6378,30.8024,30.5049,30.7264,9280564.0
2013-07-15,30.7075,30.948,30.5492,30.7138,10117811.0
2013-07-16,30.7391,30.91,30.4036,30.5302,16006733.0
2013-07-17,30.5619,30.8721,30.4669,30.4669,9964174.0
2013-07-18,30.4036,30.4669,29.9732,30.0048,18677456.0
2013-07-19,30.0491,30.334,29.8782,30.2517,14911678.0
2013-07-22,30.2897,30.5429,30.0998,30.2074,11861998.0
2013-07-23,30.2644,30.5239,30.0934,30.3403,9685616.0
2013-07-24,30.334,30.41,30.0745,30.239,9370378.0
2013-07-25,30.0871,30.5049,29.9732,30.4922,10522339.0
2013-07-26,30.4163,30.6948,30.2454,30.6948,10318818.0
2013-07-29,30.5555,30.8847,30.4796,30.5999,10785597.0
2013-07-30,30.5682,31.0683,30.2833,30.4163,17583554.0
2013-07-31,30.7011,30.8467,30.3656,30.4922,22612067.0
2013-08-01,30.6632,30.8151,30.4099,30.7518,14198094.0
2013-08-02,30.6631,30.7264,30.4986,30.7264,9350466.0
2013-08-05,30.6315,30.8024,30.429,30.7201,7114977.0
2013-08-06,30.6885,30.7581,30.4416,30.6632,10421836.0
2013-08-07,30.6062,30.8594,30.6062,30.7328,10130282.0
2013-08-08,30.8024,30.9164,30.5049,30.6821,9045707.0
2013-08-09,30.6631,30.8784,30.5492,30.6315,8266834.0
2013-08-12,30.4859,30.8974,30.4416,30.6821,10411985.0
2013-08-13,30.7138,30.9227,30.4353,30.6568,7812945.0
2013-08-14,30.7328,30.8657,30.6442,30.7454,8940383.0
2013-08-15,30.5619,30.6125,30.2897,30.3656,11885892.0
2013-08-16,30.2517,30.3846,30.0555,30.1947,13834019.0
2013-08-19,30.0491,30.258,30.0365,30.1188,8780458.0
2013-08-20,30.1631,30.6252,30.1061,30.1061,14771560.0
2013-08-21,30.1061,30.4099,29.9415,30.0428,11318400.0
2013-08-22,30.1504,30.372,30.0048,30.2644,9044554.0
2013-08-23,30.372,30.372,30.0365,30.2137,9616762.0
2013-08-26,30.258,30.3213,30.0871,30.1441,9662770.0
2013-08-27,29.9542,30.0808,29.7073,29.8213,11362835.0
2013-08-28,29.6123,30.0048,29.4161,29.8086,10283186.0
2013-08-29,29.7326,30.0048,29.6187,29.8149,10160779.0
2013-08-30,29.8086,30.0555,29.7643,29.9352,8725962.0
2013-09-03,30.0808,30.1694,29.758,29.8846,14894595.0
2013-09-04,29.8339,30.3087,29.8213,30.1821,11596330.0
2013-09-05,30.2517,30.2517,29.9162,30.0745,8277314.0
2013-09-06,30.1124,30.2707,29.7896,30.0618,27944815.0
2013-09-09,30.1314,30.2897,30.0555,30.2201,30580850.0
2013-09-10,30.296,30.6378,30.296,30.372,32287413.0
2013-09-11,30.4036,30.7075,30.3593,30.4733,14021297.0
2013-09-12,30.5307,30.6457,30.4349,30.5627,9958515.0
2013-09-13,30.5818,30.6521,30.4477,30.5244,8049688.0
2013-09-16,30.8182,30.9459,30.7224,30.7798,9880754.0
2013-09-17,30.7287,30.8054,30.6202,30.6649,8073058.0
2013-09-18,30.5371,31.112,30.4222,30.914,14681118.0
2013-09-19,30.9587,30.9715,30.7223,30.8245,9775744.0
2013-09-20,30.8693,30.914,30.5755,30.6649,29303128.0
2013-09-23,30.5244,30.6968,30.3647,30.4541,13210774.0
2013-09-24,30.4222,30.799,30.3519,30.3583,13939029.0
2013-09-25,30.4477,30.6521,30.288,30.4477,11901402.0
2013-09-26,30.518,30.6585,30.3455,30.4541,10753633.0
2013-09-27,30.3838,30.601,30.205,30.5244,11014794.0
2013-09-30,30.4285,30.5754,30.205,30.4094,17023712.0
2013-10-01,31.2461,31.4441,30.7543,31.1311,28651482.0
2013-10-02,30.9459,31.0098,30.7351,30.8948,14646114.0
2013-10-03,30.799,31.1375,30.6585,30.8884,18759724.0
2013-10-04,30.8309,30.8884,30.6202,30.8054,12126198.0
2013-10-07,30.6074,30.8054,30.4541,30.5882,9637198.0
2013-10-08,30.5563,30.7543,30.4285,30.4988,14693694.0
2013-10-09,30.4605,30.5435,30.1092,30.1922,16090363.0
2013-10-10,30.403,30.4222,29.9942,30.3327,18090995.0
2013-10-11,30.288,30.3327,30.1156,30.205,10745668.0
2013-10-14,29.892,30.0709,29.6621,29.8601,21666876.0
2013-10-15,29.7132,29.9112,29.6493,29.7451,14840728.0
2013-10-16,29.7707,30.1283,29.7451,30.1283,11635630.0
2013-10-17,30.1028,30.1986,29.9495,30.09,14544668.0
2013-10-18,30.2561,30.3072,29.6813,29.7707,21622755.0
2013-10-21,29.8281,29.8409,29.4321,29.7068,17478544.0
2013-10-22,29.579,29.8409,29.4705,29.6812,16601892.0
2013-10-23,29.7643,29.8409,29.6876,29.7387,10113934.0
2013-10-24,29.892,29.9303,29.5024,29.5216,11738753.0
2013-10-25,29.5407,29.7515,29.2852,29.726,18752912.0
2013-10-28,29.1064,29.2661,28.8765,28.9659,28607885.0
2013-10-29,29.0042,29.1703,28.7934,29.1128,16652720.0
2013-10-30,29.2214,29.2277,28.8126,28.8956,10436508.0
2013-10-31,28.9403,29.0361,28.7998,28.7998,15713922.0
2013-11-01,28.6593,28.9659,28.4996,28.8892,21896388.0
2013-11-04,29.33,29.5535,29.1639,29.2022,16954020.0
2013-11-05,29.1192,29.2405,28.9467,28.9723,10920684.0
2013-11-06,29.1,29.3938,28.9595,29.3555,12954642.0
2013-11-07,29.4769,29.5343,29.2405,29.2661,12235819.0
2013-11-08,29.3363,29.9367,29.2916,29.892,18260142.0
2013-11-11,29.9623,30.1156,29.9431,30.0198,7895003.0
2013-11-12,29.9878,30.4222,29.892,30.3966,14620229.0
2013-11-13,29.8537,30.2561,29.7962,30.2369,14836955.0
2013-11-14,30.3519,30.5755,30.3391,30.5435,11822069.0
2013-11-15,30.4221,30.8373,30.4221,30.7032,12567092.0
2013-11-18,30.684,30.8246,30.518,30.6649,8310745.0
2013-11-19,30.6904,30.767,30.4349,30.7032,8745874.0
2013-11-20,30.6457,30.9267,30.4988,30.7415,8647991.0
2013-11-21,30.799,31.1056,30.7607,31.0545,13453281.0
2013-11-22,30.9715,31.3227,30.9395,31.2589,14638359.0
2013-11-25,31.2653,31.8337,31.2589,31.7188,19159641.0
2013-11-26,31.7188,31.7762,31.3994,31.6677,24040386.0
2013-11-27,31.674,31.8784,31.6549,31.8273,12120644.0
2013-11-29,31.8018,31.904,31.6038,31.8273,7231200.0
2013-12-02,31.7699,32.2042,31.7699,32.0509,15541735.0
2013-12-03,31.821,31.9742,31.5399,31.7826,14257411.0
2013-12-04,31.6804,31.7124,31.1822,31.4952,12001277.0
2013-12-05,31.2397,31.4569,31.1503,31.1758,9140551.0
2013-12-06,31.3802,31.6613,31.2717,31.5463,7758554.0
2013-12-09,31.5399,31.8401,31.425,31.6549,9779412.0
2013-12-10,31.476,31.6485,31.3611,31.5718,10727747.0
2013-12-11,31.6229,31.6357,31.1375,31.2653,15200192.0
2013-12-12,31.3039,31.4393,30.9559,31.1428,12169062.0
2013-12-13,31.4135,31.5166,30.9752,31.1815,8799322.0
2013-12-16,31.1299,31.3168,30.8657,30.9946,11893962.0
2013-12-17,30.8914,30.9366,30.6852,30.8721,14567200.0
2013-12-18,30.8528,31.536,30.711,31.5166,14200086.0
2013-12-19,31.42,31.5489,31.2782,31.4457,9182995.0
2013-12-20,31.4908,31.8711,31.3426,31.7873,17611745.0
2013-12-23,31.8647,32.0322,31.7422,31.8131,8660567.0
2013-12-24,31.8582,32.0129,31.7293,31.8453,4457039.0
2013-12-26,31.8646,32.0644,31.8131,32.0451,5313150.0
2013-12-27,32.0774,32.1611,31.9227,32.0902,4448026.0
2013-12-30,32.058,32.1869,31.7938,32.1869,6625351.0
2013-12-31,32.058,32.2772,31.9227,32.2578,8881695.0
2014-01-02,32.1482,32.2514,31.7744,31.8969,8265052.0
2014-01-03,31.8969,32.2256,31.8776,32.0516,6743880.0
2014-01-06,32.1031,32.3158,31.9098,32.058,10408107.0
2014-01-07,32.1998,32.4834,32.1869,32.2965,10475598.0
2014-01-08,32.29,32.3158,31.9678,32.0902,14353094.0
2014-01-09,32.1096,32.2256,31.8002,31.9162,9771447.0
2014-01-10,32.116,32.2707,31.9033,32.1482,8533969.0
2014-01-13,32.8056,34.4427,32.7347,34.2365,39081282.0
2014-01-14,33.8562,34.2236,33.6242,34.1591,22207854.0
2014-01-15,33.9335,34.0947,33.7402,33.8498,10991424.0
2014-01-16,33.6113,34.1462,33.5791,33.8369,8142541.0
2014-01-17,33.9142,33.9335,33.3342,33.4824,17563222.0
2014-01-21,33.5339,33.6757,33.3277,33.405,11565204.0
2014-01-22,33.3664,33.5017,33.0506,33.0957,11164973.0
2014-01-23,33.0055,33.3535,32.7799,33.2568,16639934.0
2014-01-24,33.0441,33.6242,32.9539,33.5017,19137842.0
2014-01-27,34.0689,34.8681,33.8562,33.8562,32490096.0
2014-01-28,33.7531,34.2171,33.6564,34.0753,15801954.0
2014-01-29,33.9658,34.056,33.3728,33.65,20274713.0
2014-01-30,33.8111,34.5909,33.7595,34.4878,18205646.0
2014-01-31,34.3589,34.4685,34.0044,34.1398,17071920.0
2014-02-03,34.1011,34.2558,33.463,33.5662,16232053.0
2014-02-04,33.8949,34.4943,33.7724,34.4878,19054631.0
2014-02-05,34.9841,35.577,34.2493,34.5007,25682602.0
2014-02-06,34.3267,34.7198,34.0302,34.6554,12832550.0
2014-02-07,34.5781,35.3321,34.4427,35.2999,15192961.0
2014-02-10,34.9905,35.4481,34.9454,35.3773,11118861.0
2014-02-11,35.2612,35.9315,35.0872,35.8993,16089525.0
2014-02-12,35.7317,35.8929,35.3515,35.4482,14283926.0
2014-02-13,35.0937,35.5835,35.0679,35.5126,10735083.0
2014-02-14,35.4159,35.8477,35.4159,35.7317,9098631.0
2014-02-18,35.5899,36.0475,35.5319,35.8929,11738753.0
2014-02-19,35.7317,35.8735,35.4417,35.4739,10791361.0
2014-02-20,35.519,36.0927,35.4675,35.9702,10619489.0
2014-02-21,35.996,36.3118,35.9767,36.112,12226597.0
2014-02-24,36.0089,36.6856,36.0089,36.2087,11541100.0
2014-02-25,36.1764,36.344,35.9638,36.0346,8923196.0
2014-02-26,36.0927,36.3827,36.0411,36.2667,10626196.0
2014-02-27,36.2474,36.5245,36.0927,36.518,9490164.0
2014-02-28,36.5631,37.0336,36.5116,36.7307,12457157.0
2014-03-03,36.1571,36.5889,36.0604,36.3634,10293246.0
2014-03-04,36.763,36.9885,36.6792,36.7758,11523703.0
2014-03-05,36.995,37.0207,36.4278,36.6598,9476330.0
2014-03-06,36.7758,37.1561,36.7436,36.9047,11114774.0
2014-03-07,36.9627,37.1045,36.8016,37.0401,11144642.0
2014-03-10,37.0208,37.1368,36.7372,36.9434,7737594.0
2014-03-11,36.995,37.0208,36.46,36.5374,11408004.0
2014-03-12,36.344,36.692,36.2602,36.6147,9954218.0
2014-03-13,36.7706,36.8875,36.1925,36.238,10605760.0
2014-03-14,36.0691,36.3874,35.9002,36.1795,12699454.0
2014-03-17,36.3419,36.6667,36.3419,36.5433,9965851.0
2014-03-18,36.5757,36.7381,36.4783,36.6082,7410303.0
2014-03-19,36.8161,36.9655,36.1405,36.3679,10530723.0
2014-03-20,36.264,36.2964,35.9262,36.1081,8866918.0
2014-03-21,36.6991,36.7641,35.478,35.504,24549295.0
2014-03-24,35.6339,35.6339,34.796,34.9324,16244838.0
2014-03-25,34.9974,36.0366,34.9519,35.8483,14793254.0
2014-03-26,36.0041,36.6732,35.9782,36.3874,13701133.0
2014-03-27,36.3029,36.4458,35.9392,36.199,11657742.0
2014-03-28,36.5108,36.9979,36.225,36.3614,9390394.0
2014-03-31,36.4328,36.92,36.4004,36.8745,14861898.0
2014-04-01,36.7966,36.92,36.3809,36.6147,8085739.0
2014-04-02,36.6862,36.7381,36.4069,36.6732,7398880.0
2014-04-03,36.7186,36.8615,36.3419,36.5108,8712129.0
2014-04-04,36.7706,36.842,36.4328,36.4523,10912614.0
2014-04-07,35.9652,36.4783,35.7443,35.8483,11974762.0
2014-04-08,35.9067,36.1211,35.53,35.7508,11283606.0
2014-04-09,35.8677,37.1214,35.8548,37.0889,16881708.0
2014-04-10,37.602,37.7644,36.2315,36.277,18883388.0
2014-04-11,36.0821,36.7641,35.9197,36.3224,14286022.0
2014-04-14,36.5173,36.8485,35.6924,36.0951,11304776.0
2014-04-15,36.238,36.5757,35.7963,36.4069,11677759.0
2014-04-16,36.6667,36.9914,36.3289,36.5433,10098004.0
2014-04-17,36.6667,37.0239,36.5498,36.6797,11804358.0
2014-04-21,36.7381,37.2188,36.6342,37.1863,6530088.0
2014-04-22,37.0824,37.8813,37.0369,37.5241,14642866.0
2014-04-23,37.5111,37.5241,37.0759,37.3487,8107433.0
2014-04-24,37.2318,37.5566,36.9265,37.3682,7037110.0
2014-04-25,37.3682,37.4656,37.0369,37.1798,6526630.0
2014-04-28,37.4201,37.576,36.6862,36.8161,17807826.0
2014-04-29,37.3487,38.2321,37.1993,38.1411,14317252.0
2014-04-30,38.0047,38.323,37.6864,38.0372,14211299.0
2014-05-01,38.0307,38.8686,38.0307,38.7257,12287276.0
2014-05-02,38.6283,38.6673,37.6345,37.8164,12659106.0
2014-05-05,37.7449,38.1087,37.5111,38.0827,8525480.0
2014-05-06,38.1606,38.1736,37.0499,37.0954,14502538.0
2014-05-07,36.4978,36.9265,36.0626,36.2704,24009575.0
2014-05-08,36.0821,36.2185,35.543,35.6144,15061227.0
2014-05-09,35.7898,36.186,35.3351,35.8613,12979480.0
2014-05-12,36.1275,36.1275,35.6274,35.9132,8473080.0
2014-05-13,35.9262,36.4134,35.8547,36.212,9389032.0
2014-05-14,36.134,36.7381,36.134,36.6147,8171780.0
2014-05-15,36.251,36.7576,36.0561,36.3029,9346588.0
2014-05-16,36.1535,36.5433,36.1535,36.2899,9496976.0
2014-05-19,36.2055,36.6147,36.1276,36.6017,7880226.0
2014-05-20,36.5173,36.5433,36.199,36.3744,8232983.0
2014-05-21,36.5043,36.7771,36.4588,36.7511,6970143.0
2014-05-22,36.6342,36.881,36.4004,36.6927,7522544.0
2014-05-23,36.7836,37.0109,36.6667,36.9005,6343544.0
2014-05-27,36.9784,37.0499,36.6797,36.8226,7652286.0
2014-05-28,36.8355,36.8485,36.6342,36.6342,7171569.0
2014-05-29,36.9655,37.5371,36.7641,37.4786,8922358.0
2014-05-30,37.3617,37.8488,37.3617,37.5825,12071912.0
2014-06-02,37.615,37.8034,37.3357,37.628,6733924.0
2014-06-03,37.3617,37.6475,37.2643,37.615,7417849.0
2014-06-04,37.5306,37.68,37.3552,37.628,7205419.0
2014-06-05,37.654,37.9788,37.4916,37.7384,8007349.0
2014-06-06,37.8034,37.8423,37.4656,37.576,7024954.0
2014-06-09,37.3422,37.654,37.1798,37.6345,8470879.0
2014-06-10,37.6215,37.9982,37.6215,37.9917,8031558.0
2014-06-11,38.0112,38.3425,37.9333,38.1996,12258246.0
2014-06-12,38.1407,38.4286,37.9967,38.1538,10022967.0
2014-06-13,38.0294,38.3828,37.9444,38.1145,8801628.0
2014-06-16,37.9967,38.2061,37.7808,38.0033,8102612.0
2014-06-17,37.9247,38.1014,37.8135,37.9967,6567502.0
2014-06-18,37.9771,38.252,37.8331,38.2258,8213176.0
2014-06-19,38.2323,38.2323,38.0229,38.1538,6300471.0
2014-06-20,38.3567,38.7951,38.2454,38.5595,15110064.0
2014-06-23,38.4876,38.5988,38.2258,38.2847,7393011.0
2014-06-24,38.2061,38.4548,37.8789,37.9051,8550108.0
2014-06-25,37.7807,38.8213,37.7742,38.5203,13911466.0
2014-06-26,38.4548,38.4614,38.1211,38.3043,7585738.0
2014-06-27,38.1996,38.2978,37.6171,37.6499,18115414.0
2014-06-30,37.7022,38.0883,37.6499,37.8593,9154280.0
2014-07-01,37.7611,38.3763,37.6171,38.2912,9262224.0
2014-07-02,38.265,38.6773,38.1996,38.6446,7274168.0
2014-07-03,38.8671,38.9064,38.6577,38.7428,5470665.0
2014-07-07,38.553,39.0373,38.2781,38.2978,9721458.0
2014-07-08,38.3894,38.3959,37.8985,38.0687,8667065.0
2014-07-09,38.2519,38.4286,38.0752,38.3174,7271758.0
2014-07-10,38.1407,38.4614,37.7808,38.337,5851718.0
2014-07-11,38.3828,38.4417,38.0622,38.2454,6399926.0
2014-07-14,38.3632,38.3959,37.9967,38.0753,8781297.0
2014-07-15,38.0425,38.2192,37.6237,37.8985,10645689.0
2014-07-16,37.9182,38.0949,37.7807,38.0556,7131640.0
2014-07-17,37.8724,38.1145,37.676,37.6957,6968886.0
2014-07-18,37.9051,38.2389,37.7088,38.18,7789470.0
2014-07-21,37.8855,38.0818,37.7677,37.9575,7436294.0
2014-07-22,38.0425,38.5334,38.0425,38.2389,6821642.0
2014-07-23,38.1538,38.2847,37.9902,38.0294,6594435.0
2014-07-24,38.1669,38.2847,37.9051,38.0949,10547282.0
2014-07-25,38.0425,38.193,37.9051,38.0556,5790305.0
2014-07-28,38.0687,38.18,37.8593,37.9378,9013534.0
2014-07-29,38.4941,38.7951,38.0491,38.337,10823744.0
2014-07-30,38.337,38.5137,37.7022,38.0098,8438286.0
2014-07-31,37.8004,38.0033,37.1198,37.1329,10604712.0
2014-08-01,37.0281,37.3815,36.8318,37.1721,10627768.0
2014-08-04,37.2703,37.4797,36.8842,37.3423,9064676.0
2014-08-05,37.1198,37.2834,36.5308,36.6682,9464698.0
2014-08-06,36.5701,36.7402,36.4653,36.6028,12865038.0
2014-08-07,36.786,37.0151,36.3672,36.413,7561844.0
2014-08-08,36.5635,37.0478,36.3737,37.0085,7421412.0
2014-08-11,37.1067,37.3357,36.9496,37.0805,5763057.0
2014-08-12,37.0085,37.3946,36.9889,37.3226,7430530.0
2014-08-13,37.5582,37.8855,37.4077,37.8593,11172414.0
2014-08-14,37.9902,38.4745,37.9575,38.4679,8313050.0
2014-08-15,38.481,38.6119,37.9771,38.3567,9481046.0
2014-08-18,38.481,38.5268,38.1865,38.2323,9897207.0
2014-08-19,38.5137,38.5792,38.18,38.553,7791880.0
2014-08-20,38.4025,38.9849,38.3043,38.926,7376243.0
2014-08-21,38.8737,39.0438,38.4745,38.5137,8013846.0
2014-08-22,38.6381,38.8475,38.5464,38.7231,5436605.0
2014-08-25,38.8344,39.1812,38.782,39.0896,5418998.0
2014-08-26,39.0504,39.5281,39.0438,39.3972,9663189.0
2014-08-27,39.5281,39.6459,39.3383,39.4496,6860942.0
2014-08-28,39.1943,39.4169,39.1616,39.2663,5492568.0
2014-08-29,39.5412,39.5412,39.1551,39.3383,5990158.0
2014-09-02,39.0896,39.3318,39.0504,39.1289,6345116.0
2014-09-03,39.3449,39.8291,39.3056,39.5805,9532818.0
2014-09-04,39.6393,39.9208,39.214,39.3187,11327832.0
2014-09-05,39.5412,40.0386,39.3645,40.0386,11259922.0
2014-09-08,40.0647,40.1367,39.8095,39.9535,8824579.0
2014-09-09,39.8161,39.9404,39.5739,39.6328,7800998.0
2014-09-10,39.7048,39.8357,39.4954,39.7637,9655014.0
2014-09-11,39.6912,39.8428,39.4275,39.6187,8158890.0
2014-09-12,39.4736,39.6384,39.0649,39.2561,7358846.0
2014-09-15,39.322,39.5462,39.2231,39.2363,8110367.0
2014-09-16,39.2297,39.5923,39.0781,39.5462,9479579.0
2014-09-17,39.2429,39.5593,39.0781,39.4736,10764218.0
2014-09-18,39.6384,39.7769,39.4341,39.7571,8388297.0
2014-09-19,40.0472,40.1395,39.8758,39.8758,15175774.0
2014-09-22,39.7967,40.1988,39.7242,39.9351,9767884.0
2014-09-23,39.6516,40.034,39.3484,39.7373,8396681.0
2014-09-24,39.7571,39.9087,39.7044,39.7901,12015949.0
2014-09-25,39.7373,39.8824,39.3089,39.3154,9109006.0
2014-09-26,39.3682,39.4143,38.5969,39.1506,11303938.0
2014-09-29,38.9133,39.3682,38.7683,39.1638,9137722.0
2014-09-30,39.1572,39.5396,39.0584,39.0781,9691170.0
2014-10-01,38.9529,39.0386,38.5639,38.7024,9525167.0
2014-10-02,38.7485,38.9331,38.4255,38.7947,8499070.0
2014-10-03,39.0056,39.6187,39.0056,39.4868,9056606.0
2014-10-06,39.6648,39.7176,39.0913,39.2759,7456101.0
2014-10-07,39.1045,39.1572,38.531,38.5376,9977065.0
2014-10-08,38.6694,39.7044,38.6101,39.6714,12909474.0
2014-10-09,39.5527,39.8889,38.966,39.032,9008398.0
2014-10-10,39.0979,39.5,38.6694,38.6694,11826890.0
2014-10-13,38.5969,38.5969,36.9027,37.0082,15518470.0
2014-10-14,37.2917,37.5422,36.7379,37.1334,11460718.0
2014-10-15,36.5006,36.8302,35.7886,36.0787,19687518.0
2014-10-16,35.6041,35.6568,34.6021,35.2217,22905298.0
2014-10-17,35.4986,36.0128,35.2876,35.6107,20664569.0
2014-10-20,35.7425,35.7755,35.5447,35.6304,12643177.0
2014-10-21,35.9732,36.4413,35.8084,36.3424,18119815.0
2014-10-22,36.4083,36.8236,36.2567,36.5929,13520982.0
2014-10-23,37.0873,37.6213,37.0412,37.3312,12419953.0
2014-10-24,37.4433,38.0102,37.3312,37.9772,8966059.0
2014-10-27,37.5158,37.7333,36.8632,37.2125,15111007.0
2014-10-28,37.3114,37.3114,35.6634,36.817,25111338.0
2014-10-29,36.9291,37.318,36.672,37.0477,13092559.0
2014-10-30,36.7247,37.8322,36.7181,37.7795,13484197.0
2014-10-31,38.2014,38.32,38.0102,38.1948,14741273.0
2014-11-03,38.2014,38.8474,37.9509,38.8408,10667487.0
2014-11-04,38.8078,39.3616,38.8078,39.1375,11882643.0
2014-11-05,39.5462,39.7176,39.144,39.2693,13287382.0
2014-11-06,39.2891,39.4868,39.0188,39.0649,14003481.0
2014-11-07,39.1506,39.3023,38.9331,39.1177,11122424.0
2014-11-10,38.3925,39.0188,38.0366,38.7683,15299228.0
2014-11-11,39.3682,39.5198,39.032,39.1375,13942173.0
2014-11-12,39.0781,39.2561,38.9595,39.0979,6988902.0
2014-11-13,39.2232,39.5198,39.0122,39.2495,6965951.0
2014-11-14,39.0452,39.2561,38.7419,38.9397,7472869.0
2014-11-17,39.3616,39.4868,39.0979,39.1968,8982722.0
2014-11-18,39.2166,39.6385,38.9924,39.4802,8030824.0
2014-11-19,39.3089,39.3748,38.9793,39.3154,7655011.0
2014-11-20,39.032,39.1572,38.8012,39.144,7064673.0
2014-11-21,39.5132,39.5659,39.1111,39.3286,11800899.0
2014-11-24,39.4275,39.4275,38.887,39.0583,8895424.0
2014-11-25,39.1045,39.3286,38.9792,39.1177,10824373.0
2014-11-26,39.355,39.4011,39.1243,39.388,6582069.0
2014-11-28,39.355,40.1263,39.355,39.8164,6505355.0
2014-12-01,39.8165,40.4229,39.7374,39.8956,8671257.0
2014-12-02,39.9681,40.1988,39.7373,40.0669,6755408.0
2014-12-03,40.0538,40.1658,39.7571,39.9351,10197564.0
2014-12-04,39.8889,40.4625,39.8889,40.1592,7456101.0
2014-12-05,40.2317,40.7196,40.0933,40.535,11708046.0
2014-12-08,40.324,41.003,40.1988,40.7921,11941646.0
2014-12-09,39.1572,39.645,38.7287,39.5594,19679554.0
2014-12-10,39.6319,39.8956,39.355,39.5396,13889878.0
2014-12-11,39.7056,40.237,39.3137,39.4134,11857177.0
2014-12-12,39.2739,39.6193,38.3307,38.3374,12702179.0
2014-12-15,38.4038,38.5632,37.7263,37.826,12759610.0
2014-12-16,37.8392,38.716,37.713,37.7263,11752272.0
2014-12-17,37.8924,38.3905,37.5669,38.2776,13271662.0
2014-12-18,38.9152,39.1743,38.5831,39.1743,14000651.0
2014-12-19,39.3536,39.7853,39.1942,39.5728,18208162.0
2014-12-22,39.2673,39.5595,38.8887,39.161,10491004.0
2014-12-23,38.9816,39.1875,37.8791,37.9986,14845339.0
2014-12-24,38.0518,38.4304,38.0252,38.1647,5293448.0
2014-12-26,38.3108,38.5366,38.251,38.3772,4897094.0
2014-12-29,38.158,38.4702,38.158,38.344,6291982.0
2014-12-30,38.2112,38.3706,38.0584,38.2909,5486070.0
2014-12-31,38.0385,38.4237,37.6798,37.7197,7842813.0
2015-01-02,38.0053,38.3839,37.8791,37.9854,7415962.0
2015-01-05,38.6628,38.8421,38.2377,38.5499,16727338.0
2015-01-06,38.7093,40.1838,38.6894,40.0643,25453510.0
2015-01-07,40.144,40.9277,40.0909,40.9211,19528956.0
2015-01-08,41.1801,41.8045,41.0805,41.7447,20038808.0
2015-01-09,41.7181,41.9307,41.293,41.5521,13245358.0
2015-01-12,41.9108,42.1764,41.2466,41.3794,12124312.0
2015-01-13,41.7846,42.2561,41.0008,41.3063,10516890.0
2015-01-14,40.9942,41.7846,40.8348,41.6052,10331289.0
2015-01-15,41.7048,41.8377,41.0672,41.1004,10023701.0
2015-01-16,41.0872,41.9506,40.868,41.8643,11917018.0
2015-01-20,41.6517,42.0436,41.1004,41.5853,13734983.0
2015-01-21,41.4591,41.6982,41.2333,41.2864,9517307.0
2015-01-22,41.3528,41.6517,40.868,41.572,8902131.0
2015-01-23,41.4857,41.8443,41.4525,41.5056,6528097.0
2015-01-26,41.5654,41.831,41.2598,41.7248,7036901.0
2015-01-27,41.7646,41.8576,41.2665,41.5521,8347425.0
2015-01-28,41.7248,41.8178,40.7285,40.8148,9293769.0
2015-01-29,40.8746,41.2798,40.3565,41.2399,9527682.0
2015-01-30,40.868,41.1336,39.8717,40.0377,12667071.0
2015-02-02,40.1838,40.4694,39.7056,40.4362,9711502.0
2015-02-03,40.4429,40.5558,39.8119,40.5292,12028420.0
2015-02-04,39.8318,39.8517,38.7492,39.2208,20380142.0
2015-02-05,39.3669,39.42,38.8621,39.3005,13268099.0
2015-02-06,39.254,39.699,38.9086,39.0481,10338310.0
2015-02-09,38.9551,39.1875,38.4768,38.7425,10494777.0
2015-02-10,39.1875,39.4134,39.0348,39.0879,9997291.0
2015-02-11,39.0282,39.161,38.789,39.0149,10987127.0
2015-02-12,39.1875,39.2606,38.9152,39.1078,7553670.0
2015-02-13,39.1211,39.1477,38.9285,39.0614,8278466.0
2015-02-17,39.0149,39.1676,38.9883,39.0481,10676290.0
2015-02-18,38.9684,39.1942,38.6761,39.0547,11039842.0
2015-02-19,39.0879,39.1809,38.3971,38.7226,10308338.0
2015-02-20,38.623,38.8422,38.344,38.7558,12161830.0
2015-02-23,38.7824,38.9684,38.6363,38.7226,9002215.0
2015-02-24,38.8488,38.9019,38.5566,38.7625,8084377.0
2015-02-25,38.8289,39.1676,38.5632,38.8488,8861050.0
2015-02-26,38.9617,39.2872,38.9617,39.161,12040577.0
2015-02-27,39.1145,39.2274,38.8488,38.882,13686775.0
2015-03-02,38.882,39.1145,38.7093,38.9086,10131226.0
2015-03-03,38.9484,38.9883,38.4901,38.7492,8647362.0
2015-03-04,38.7957,38.9551,38.3108,38.4436,13975290.0
2015-03-05,38.5831,38.7093,38.3905,38.5101,12087737.0
2015-03-06,38.4237,38.437,37.6732,37.7529,11595806.0
2015-03-09,37.7529,38.1049,37.3942,38.0318,8742416.0
2015-03-10,37.8259,37.9854,37.5204,37.5802,13755000.0
2015-03-11,38.1846,38.1846,37.175,37.2348,16417234.0
2015-03-12,37.3754,37.6433,37.2683,37.6098,13576106.0
2015-03-13,37.516,37.7839,37.2549,37.6299,13700399.0
2015-03-16,37.8843,38.3798,37.8843,38.2459,12073798.0
2015-03-17,38.0919,38.0919,37.6566,37.8106,10479371.0
2015-03-18,37.7571,38.815,37.6365,38.6007,15645068.0
2015-03-19,38.4534,39.0627,38.1856,38.9757,15149783.0
2015-03-20,38.9958,39.4109,38.6744,39.2234,27367472.0
2015-03-23,39.1029,39.5984,38.8619,39.3239,11170108.0
2015-03-24,39.7792,39.9734,39.1766,39.2569,13692434.0
2015-03-25,39.8394,39.9801,38.9556,39.0092,14712243.0
2015-03-26,38.8619,38.969,38.44,38.5673,11090879.0
2015-03-27,38.7213,38.9891,38.5874,38.6677,8932628.0
2015-03-30,39.0025,39.1967,38.9355,39.0627,8582072.0
2015-03-31,38.9623,39.0426,38.4869,38.4869,10960718.0
2015-04-01,38.3396,38.3798,37.6432,38.0718,13322386.0
2015-04-02,38.1655,38.4668,38.0651,38.2325,7947508.0
2015-04-06,38.1186,38.3932,37.9713,38.286,13256362.0
2015-04-07,38.6074,38.7547,38.3664,38.4534,9723658.0
2015-04-08,38.7748,38.8685,38.1789,38.2659,14210566.0
2015-04-09,38.3128,38.6543,38.2392,38.4534,12582288.0
2015-04-10,38.199,38.6007,37.7102,38.3329,16251860.0
2015-04-13,38.2191,38.4133,37.8307,37.9847,10983983.0
2015-04-14,38.1253,38.8284,37.9044,38.6744,15359698.0
2015-04-15,38.882,39.4712,38.882,39.1364,12690022.0
2015-04-16,38.9757,39.0962,38.661,38.728,6717051.0
2015-04-17,38.3999,38.4066,37.8776,38.0852,12223243.0
2015-04-20,38.5003,38.8351,38.4267,38.574,10439547.0
2015-04-21,38.8418,38.8552,38.44,38.6074,9699764.0
2015-04-22,38.5405,38.7614,38.3798,38.6275,8294501.0
2015-04-23,38.5137,38.7347,38.1923,38.507,8742416.0
2015-04-24,38.7347,38.9623,38.507,38.5673,8244092.0
2015-04-27,38.7213,38.8552,38.0852,38.2325,11108381.0
2015-04-28,38.2325,40.4956,38.2325,40.1608,36398298.0
2015-04-29,39.7256,40.4621,39.6587,39.96,18017216.0
2015-04-30,40.0336,40.268,39.6654,39.8796,13636995.0
2015-05-01,40.0135,40.4287,39.96,40.0805,9806660.0
2015-05-04,40.268,40.8103,40.1943,40.6027,9484819.0
2015-05-05,40.3885,40.6429,40.2144,40.5023,12662041.0
2015-05-06,40.4755,40.5693,40.1274,40.3483,12126303.0
2015-05-07,40.2077,40.663,40.1274,40.3751,9433048.0
2015-05-08,40.8438,41.0982,40.6429,40.6697,10630283.0
2015-05-11,40.6161,40.6362,40.0671,40.1742,10185407.0
2015-05-12,39.8729,39.9935,39.5783,39.7993,13825111.0
2015-05-13,39.9198,40.0738,39.4846,39.6252,7672303.0
2015-05-14,39.8193,40.1006,39.5381,40.0269,7469410.0
2015-05-15,40.1341,40.3282,40.047,40.3282,8033654.0
2015-05-18,40.2881,40.4755,40.1809,40.1809,7535539.0
2015-05-19,40.1475,40.7902,40.1341,40.5224,8518878.0
2015-05-20,40.6229,40.7434,40.4689,40.4822,6324575.0
2015-05-21,40.5425,40.7032,40.2345,40.2412,8424872.0
2015-05-22,40.2211,40.2211,39.7323,39.7591,9421939.0
2015-05-26,39.6921,39.7993,39.4042,39.4846,11378870.0
2015-05-27,39.5649,40.0269,39.4176,39.8126,10193582.0
2015-05-28,39.806,40.0738,39.7591,39.9733,9987545.0
2015-05-29,40.0939,40.9242,39.8194,40.7702,20976349.0
2015-06-01,40.7434,41.3125,40.4019,40.6764,12374155.0
2015-06-02,40.4755,40.4822,40.0537,40.3349,9424664.0
2015-06-03,40.6161,40.7634,40.3483,40.4354,9078195.0
2015-06-04,40.1474,40.3148,39.6854,39.8194,11350154.0
2015-06-05,39.7457,39.7792,39.3707,39.498,11404126.0
2015-06-08,39.431,39.6185,39.344,39.4176,8434094.0
2015-06-09,39.4779,39.6988,39.3105,39.3975,6754570.0
2015-06-10,39.4913,39.9466,39.4444,39.9131,10713914.0
2015-06-11,39.9401,40.0548,39.6972,39.7444,12199034.0
2015-06-12,39.6635,39.6702,38.9888,39.0428,16571290.0
2015-06-15,38.8606,38.8876,38.4693,38.5368,10591612.0
2015-06-16,38.6177,38.9483,38.3749,38.9348,7303407.0
2015-06-17,38.9348,39.2452,38.7729,39.0698,8297330.0
2015-06-18,39.0698,39.7174,39.0698,39.5285,7797644.0
2015-06-19,39.4071,39.6972,39.0967,39.1575,13218948.0
2015-06-22,39.6635,39.9401,39.4206,39.6905,8763900.0
2015-06-23,39.7242,39.8389,39.4813,39.8254,8772808.0
2015-06-24,39.7512,39.8254,39.2924,39.2924,8288003.0
2015-06-25,39.2992,39.5353,38.9416,39.063,10428858.0
2015-06-26,39.2789,39.4881,39.0293,39.4611,13711718.0
2015-06-29,39.0833,39.2789,38.6245,38.6515,10062058.0
2015-06-30,38.9348,38.9348,38.2602,38.4086,12415970.0
2015-07-01,38.4086,39.0428,38.1927,38.8606,9830345.0
2015-07-02,39.09,39.3531,38.7932,38.9078,8927283.0
2015-07-06,38.6177,39.0225,38.2129,38.8269,8440697.0
2015-07-07,38.9618,39.198,38.5773,39.1237,9467946.0
2015-07-08,38.9483,38.9551,38.5368,38.692,9548957.0
2015-07-09,39.1575,39.2452,38.6919,38.7122,9094334.0
2015-07-10,39.1777,39.2992,38.8471,39.0968,8433675.0
2015-07-13,39.2992,39.5016,38.9146,39.0428,9572222.0
2015-07-14,39.063,39.3194,38.9146,39.2587,7582385.0
2015-07-15,39.2384,39.5083,39.1777,39.2789,6024533.0
2015-07-16,39.4746,39.7174,39.3666,39.6837,5580286.0
2015-07-17,39.6028,39.7512,39.5285,39.6837,7324367.0
2015-07-20,39.7782,39.9401,39.7107,39.8052,5970666.0
2015-07-21,39.7984,39.8186,39.569,39.5825,7265574.0
2015-07-22,39.4746,39.8254,39.1372,39.2182,9031454.0
2015-07-23,39.4881,39.4881,39.09,39.1777,6750797.0
2015-07-24,38.9348,39.0495,38.6717,38.7324,8223761.0
2015-07-27,38.7459,38.7594,38.2062,38.4491,15601576.0
2015-07-28,38.132,38.8876,37.6665,38.8066,17173681.0
2015-07-29,38.9213,39.6837,38.8876,39.4948,13494048.0
2015-07-30,39.5488,39.6837,39.3194,39.4813,7324996.0
2015-07-31,39.8052,40.0278,39.6028,39.7782,9172620.0
2015-08-03,40.0075,40.1087,39.4543,39.8389,7133736.0
2015-08-04,40.102,40.1222,39.3801,39.6027,7268718.0
2015-08-05,39.8591,39.9941,39.65,39.8726,5976325.0
2015-08-06,39.9131,39.9738,39.3464,39.4206,7356646.0
2015-08-07,39.3666,39.4341,38.9078,39.1102,10178595.0
2015-08-10,39.3059,39.542,39.3059,39.4071,5294915.0
2015-08-11,39.0833,39.2587,38.8336,38.9686,7418058.0
2015-08-12,38.6447,39.3194,38.5368,39.3059,7886514.0
2015-08-13,39.5015,40.1087,39.4678,39.7916,11483146.0
2015-08-14,39.8119,40.1897,39.7174,39.9266,9920787.0
2015-08-17,39.6702,40.3111,39.5218,40.2842,6407158.0
2015-08-18,40.2572,40.4461,40.183,40.2504,7123675.0
2015-08-19,40.021,40.527,39.9333,40.2504,8369642.0
2015-08-20,39.3261,39.5016,38.2804,38.4221,24831731.0
2015-08-21,38.1792,38.8809,37.6192,37.626,18478860.0
2015-08-24,35.8044,36.7017,30.8254,36.4251,26030853.0
2015-08-25,37.3696,37.3831,34.4078,34.5225,23946590.0
2015-08-26,36.027,36.8434,35.4131,36.7152,23989978.0
2015-08-27,37.2954,37.3764,36.189,37.0728,16910109.0
2015-08-28,36.9581,37.3831,36.8299,37.3561,13411256.0
2015-08-31,37.1874,37.3089,36.1754,36.3306,13537121.0
2015-09-01,35.5278,35.9123,35.2174,35.4401,16503275.0
2015-09-02,35.8719,35.9393,35.3186,35.7437,13761078.0
2015-09-03,35.9393,36.1282,35.4873,35.521,12732257.0
2015-09-04,35.15,35.2444,34.5293,34.8059,15186882.0
2015-09-08,35.7639,35.7707,35.2174,35.548,15679233.0
2015-09-09,35.8988,35.9798,34.9543,35.0353,11650302.0
2015-09-10,35.096,35.8921,34.9881,35.5683,14740539.0
2015-09-11,35.5274,35.6908,35.1872,35.4458,12671158.0
2015-09-14,35.4662,35.8813,35.3777,35.6159,9213387.0
2015-09-15,35.9153,36.6706,35.8405,36.4393,12358226.0
2015-09-16,36.412,36.7251,36.2828,36.657,9098107.0
2015-09-17,36.6434,37.0857,36.0786,36.7183,23894295.0
2015-09-18,36.5277,36.657,35.3233,35.473,30389799.0
2015-09-21,35.6839,35.6839,34.4931,34.6904,18070978.0
2015-09-22,34.3978,34.7041,34.2005,34.5271,13409789.0
2015-09-23,34.5271,35.0035,34.289,34.7245,10538164.0
2015-09-24,34.3842,34.6088,34.1733,34.4251,11012698.0
2015-09-25,34.6496,34.9218,33.4316,33.7514,16058190.0
2015-09-28,33.5473,33.5949,32.7239,32.9484,21117724.0
2015-09-29,33.0573,33.5473,32.7987,33.1049,13417439.0
2015-09-30,33.6153,33.7106,33.2411,33.6085,13287697.0
2015-10-01,33.5813,33.731,33.0301,33.5949,15100213.0
2015-10-02,33.2002,34.1257,32.9008,34.1189,25453719.0
2015-10-05,34.7517,34.9218,34.4931,34.8606,16643917.0
2015-10-06,34.9694,34.9694,33.5609,33.8875,17285188.0
2015-10-07,34.3366,34.7857,33.8671,34.6701,15204594.0
2015-10-08,34.4727,34.8333,34.1189,34.7177,13144016.0
2015-10-09,34.6973,35.0511,34.4931,34.6701,11445627.0
2015-10-12,33.8263,34.602,33.8126,34.5067,12212658.0
2015-10-13,34.5544,34.6428,33.5881,33.6629,15621383.0
2015-10-14,33.7446,34.1052,33.6493,33.7106,14390298.0
2015-10-15,33.799,34.7585,33.5132,34.5135,14711300.0
2015-10-16,34.9082,35.194,34.7585,35.0307,11624940.0
2015-10-19,34.9286,35.0783,34.6564,34.9763,8847111.0
2015-10-20,34.9695,35.0239,34.0916,34.289,10422255.0
2015-10-21,34.5339,34.6904,34.1257,34.4251,11810855.0
2015-10-22,34.5816,35.7656,34.2277,35.3913,19335181.0
2015-10-23,35.6227,36.2351,35.4798,35.9833,16457268.0
2015-10-26,35.8268,36.1807,35.7044,36.0038,11502010.0
2015-10-27,36.5822,36.8135,35.9153,36.3848,14626831.0
2015-10-28,36.7387,37.5212,36.4393,37.494,15416080.0
2015-10-29,37.3987,37.8615,37.0653,37.3375,9334850.0
2015-10-30,37.2831,37.6097,37.1946,37.1946,11546235.0
2015-11-02,37.215,37.6505,37.0245,37.5008,11065937.0
2015-11-03,37.4804,37.6845,37.0721,37.5008,9658578.0
2015-11-04,37.7458,37.9499,37.5484,37.7866,8121162.0
2015-11-05,37.739,37.8887,37.2082,37.46,9481046.0
2015-11-06,37.283,37.3443,36.7523,37.1606,11237704.0
2015-11-09,36.7659,37.0245,36.5685,36.9088,9578930.0
2015-11-10,37.0041,37.1538,36.7591,37.0381,7820490.0
2015-11-11,37.2967,37.4259,36.5277,36.5549,8954741.0
2015-11-12,36.4665,36.7251,36.0854,36.0854,8989220.0
2015-11-13,36.378,36.5549,35.997,36.0854,11941436.0
2015-11-16,35.5138,36.6162,35.473,36.5413,7239374.0
2015-11-17,36.5481,36.9496,36.2623,36.5481,7468677.0
2015-11-18,36.6502,36.9632,36.5413,36.902,11330347.0
2015-11-19,37.0449,37.1061,36.691,36.936,7167482.0
2015-11-20,37.1606,37.3307,36.7455,36.8135,9362098.0
2015-11-23,36.7999,36.8816,36.5958,36.7523,9105129.0
2015-11-24,36.4461,36.5277,36.1331,36.3916,11011546.0
2015-11-25,36.4869,36.691,36.378,36.5549,6370687.0
2015-11-27,36.31,36.8816,36.31,36.7183,3124717.0
2015-11-30,36.7727,36.8203,36.065,36.0718,14004634.0
2015-12-01,36.589,37.181,36.3644,37.1333,13620646.0
2015-12-02,37.1946,37.4191,36.5754,36.623,10584066.0
2015-12-03,36.7931,36.8067,35.5479,35.786,14247665.0
2015-12-04,35.9765,36.5277,35.9493,36.5005,14343976.0
2015-12-07,36.7591,36.902,36.1875,36.5277,9113408.0
2015-12-08,36.4529,37.0177,36.2147,36.3848,7936714.0
2015-12-09,36.2555,36.4801,35.7384,35.9425,10854346.0
2015-12-10,36.0786,36.7319,35.9425,36.5345,12001591.0
2015-12-11,36.3767,36.5689,35.704,35.7933,10896999.0
2015-12-14,35.7933,35.9374,35.4501,35.8276,12575162.0
2015-12-15,36.0198,36.5071,35.8482,36.308,12142023.0
2015-12-16,36.6649,37.1385,36.3767,37.0768,10494986.0
2015-12-17,37.1385,37.2346,36.1433,36.1433,14165921.0
2015-12-18,35.7933,35.9099,35.4226,35.4432,22114686.0
2015-12-21,35.7933,35.7933,35.1412,35.6011,12194633.0
2015-12-22,35.6972,35.8482,35.1961,35.759,13830351.0
2015-12-23,35.9511,36.5277,35.9374,36.3629,7469515.0
2015-12-24,36.2325,36.4659,36.109,36.2737,3123145.0
2015-12-28,36.2325,36.4041,36.0815,36.2669,5068442.0
2015-12-29,36.3561,36.7953,36.3149,36.61,6925708.0
2015-12-30,36.61,36.7748,36.4316,36.5483,5827194.0
2015-12-31,36.2394,36.5757,36.1433,36.2531,8690959.0
2016-01-04,35.6972,36.109,35.4226,36.0198,17998981.0
2016-01-05,36.2325,36.6993,36.1502,36.4796,11607124.0
2016-01-06,36.0403,36.3423,35.8344,35.9786,13064263.0
2016-01-07,35.3609,35.91,35.306,35.6629,13330560.0
2016-01-08,36.0404,36.0472,34.9079,35.0589,14835698.0
2016-01-11,35.1755,35.3746,34.7363,35.1755,15057035.0
2016-01-12,35.354,35.7384,34.9902,35.5256,11864408.0
2016-01-13,35.6285,35.7315,34.7157,34.7706,17340837.0
2016-01-14,34.7775,35.7658,34.7226,35.553,14219788.0
2016-01-15,34.6608,35.2099,34.3862,35.1,16233939.0
2016-01-19,35.4158,35.6285,34.8736,35.2373,11454116.0
2016-01-20,34.5167,35.0177,33.8372,34.6951,16684579.0
2016-01-21,34.853,35.2236,34.3794,34.949,12499706.0
2016-01-22,35.306,35.5119,34.9697,35.2442,11331814.0
2016-01-25,35.2442,35.3059,34.8392,34.949,9725964.0
2016-01-26,35.0383,35.4158,34.8393,35.3128,9450340.0
2016-01-27,34.7706,35.3952,34.2009,34.5716,13748817.0
2016-01-28,34.5441,34.6882,33.6175,33.7685,18996991.0
2016-01-29,34.1803,34.7775,34.0293,34.7775,17734990.0
2016-02-01,34.5853,34.9902,34.2078,34.8324,11979898.0
2016-02-02,34.5029,34.6676,34.249,34.599,15614466.0
2016-02-03,34.0568,34.3931,33.343,34.3519,20507893.0
2016-02-04,34.1117,34.1392,32.9655,33.3499,21598442.0
2016-02-05,33.3567,34.1254,33.1302,33.8921,17693384.0
2016-02-08,33.5832,33.8578,32.9243,33.5146,13985665.0
2016-02-09,33.4185,34.0225,33.2195,33.7411,11160257.0
2016-02-10,33.9813,34.599,33.9676,33.995,11565833.0
2016-02-11,33.5009,33.8989,33.295,33.5283,11620643.0
2016-02-12,33.6175,33.7068,33.1371,33.6519,14251018.0
2016-02-16,33.9058,34.3108,33.796,34.1666,11964178.0
2016-02-17,34.3176,34.7637,34.2902,34.7294,9770818.0
2016-02-18,34.7294,34.9971,34.4892,34.5372,10074319.0
2016-02-19,34.4892,34.5921,34.2284,34.4,9394482.0
2016-02-22,34.5098,34.853,34.4068,34.8461,8143274.0
2016-02-23,34.702,34.9628,34.6127,34.6882,8278676.0
2016-02-24,34.4274,34.7432,34.0637,34.702,7936190.0
2016-02-25,34.702,35.004,34.5853,35.004,9110998.0
2016-02-26,35.0383,35.0932,34.75,34.7569,9695362.0
2016-02-29,34.6745,34.8873,34.4206,34.4617,13507358.0
2016-03-01,34.5853,35.6491,34.3794,35.5187,12686774.0
2016-03-02,35.4364,35.9923,35.3609,35.8756,12548857.0
2016-03-03,35.8139,35.9099,35.1069,35.759,10279622.0
2016-03-04,35.5874,35.8894,35.3471,35.7452,9521918.0
2016-03-07,35.5805,36.3286,35.5187,36.1296,7824682.0
2016-03-08,35.9374,36.3286,35.8894,35.9992,8665912.0
2016-03-09,36.0884,36.3012,35.759,35.9374,9589829.0
2016-03-10,36.1639,36.5414,35.9854,36.4041,12856340.0
2016-03-11,36.7088,37.0134,36.5426,36.8334,16277955.0
2016-03-14,36.7988,36.9165,36.5841,36.7503,6846479.0
2016-03-15,36.3349,36.4457,35.9679,36.2933,9495614.0
2016-03-16,36.2172,36.2172,35.6979,35.961,10460402.0
2016-03-17,35.9541,35.9818,35.5387,35.6772,10038163.0
2016-03-18,35.8225,36.2934,35.7187,36.1756,15116666.0
2016-03-21,36.231,36.5772,36.0718,36.5564,8014161.0
2016-03-22,36.4041,37.0134,36.3833,36.7157,9748810.0
2016-03-23,37.1103,37.1103,36.5911,36.7503,10424980.0
2016-03-24,36.5495,36.9372,36.4111,36.7434,7929378.0
2016-03-28,36.778,36.8957,36.4526,36.5772,6337046.0
2016-03-29,36.6326,36.9788,36.3972,36.9165,7730782.0
2016-03-30,37.0272,37.0757,36.7711,36.8472,6711287.0
2016-03-31,36.7503,37.0272,36.5287,36.6326,8735080.0
2016-04-01,36.3487,37.2419,36.3072,37.1796,9099889.0
2016-04-04,37.325,37.8235,37.2142,37.6642,10741581.0
2016-04-05,37.4496,37.8858,37.3804,37.5534,9432838.0
2016-04-06,37.6296,38.6266,37.5673,38.5158,13079459.0
2016-04-07,38.315,38.6197,38.1142,38.3704,11042566.0
2016-04-08,38.5989,38.7097,38.1489,38.3289,7322795.0
2016-04-11,38.3358,38.592,38.0658,38.1143,7404749.0
2016-04-12,38.0589,38.5989,38.0381,38.315,6221976.0
2016-04-13,38.3981,38.7651,38.2666,38.7443,8849836.0
2016-04-14,38.7858,39.1874,38.7304,39.0835,8757822.0
2016-04-15,39.1389,39.1528,38.6889,38.8689,8839251.0
2016-04-18,38.8689,39.3466,38.7166,39.1251,8168322.0
2016-04-19,39.2774,39.7274,38.9243,39.3674,8011122.0
2016-04-20,39.5682,39.7413,39.0766,39.1736,8929903.0
2016-04-21,39.0074,39.4851,38.9866,39.1874,11040994.0
2016-04-22,39.2497,39.4851,39.1251,39.2843,7433988.0
2016-04-25,39.1043,39.2151,38.772,38.9243,8677650.0
2016-04-26,39.0558,39.0628,38.682,38.7997,7573477.0
2016-04-27,38.8135,39.2013,38.8135,38.9866,7274587.0
2016-04-28,38.6958,38.9312,38.4604,38.592,9531246.0
2016-04-29,38.5227,38.5227,37.775,37.9688,13862944.0
2016-05-02,37.9758,38.3289,37.8719,38.2873,10143487.0
2016-05-03,38.1766,38.3912,37.9758,38.135,7966058.0
2016-05-04,37.8788,38.1073,37.7127,37.9481,8075888.0
2016-05-05,37.5811,37.6642,36.9303,37.4496,11764010.0
2016-05-06,37.2626,37.3665,36.7364,37.1103,11031562.0
2016-05-09,37.0896,37.6157,37.048,37.4565,8358219.0
2016-05-10,37.7127,37.8927,37.6573,37.8581,6797538.0
2016-05-11,37.8719,37.9342,37.5673,37.6019,6888399.0
2016-05-12,37.7958,37.8165,37.3388,37.4703,8640026.0
2016-05-13,37.4565,37.7404,37.2696,37.3042,7467210.0
2016-05-16,37.228,37.9204,37.1034,37.8373,6968257.0
2016-05-17,37.6711,37.7819,37.3734,37.6088,12360112.0
2016-05-18,37.6573,38.045,37.505,37.8512,7745978.0
2016-05-19,37.4981,38.0658,37.4427,37.7888,9153127.0
2016-05-20,37.9619,38.4535,37.8234,38.1558,9047489.0
2016-05-23,38.0796,38.2389,37.9273,38.0242,5837674.0
2016-05-24,38.2389,38.6958,38.2043,38.495,6614138.0
2016-05-25,38.6404,39.2359,38.6127,39.1666,10052626.0
2016-05-26,39.0974,39.2705,39.0074,39.042,5995084.0
2016-05-27,39.1182,39.3536,38.9312,39.1043,7869222.0
2016-05-31,39.1112,39.2705,38.8274,38.952,9922988.0
2016-06-01,38.9105,39.132,38.7374,39.0005,7012168.0
2016-06-02,39.0766,39.3674,39.0212,39.3397,7645684.0
2016-06-03,39.3536,39.4367,38.9659,39.2151,5697871.0
2016-06-06,39.2289,39.7205,39.222,39.582,7235392.0
2016-06-07,39.6028,39.769,39.409,39.4643,6552515.0
2016-06-08,39.4436,40.0667,39.4436,39.8936,8164025.0
2016-06-09,39.8174,40.0321,39.4159,39.589,9670630.0
2016-06-10,39.3397,39.5197,39.1666,39.3328,9989222.0
2016-06-13,39.2141,39.5631,39.1513,39.1653,6502630.0
2016-06-14,38.928,39.3049,38.8232,39.263,9006722.0
2016-06-15,39.3747,39.4515,39.0536,39.1513,8015942.0
2016-06-16,39.7795,40.2542,39.1792,40.1355,23110706.0
2016-06-17,40.0866,40.0866,38.8791,39.0117,18323651.0
2016-06-20,39.3258,39.5073,39.1722,39.1862,9116238.0
2016-06-21,39.4654,39.5562,39.256,39.263,6710344.0
2016-06-22,39.1862,39.975,39.1583,39.8144,13076420.0
2016-06-23,40.1216,40.2612,39.8633,40.2612,7302883.0
2016-06-24,39.1164,39.8354,38.9279,39.0047,18087013.0
2016-06-27,38.7325,38.8651,38.4603,38.6069,13721778.0
2016-06-28,38.6976,38.8581,38.4673,38.7953,13372585.0
2016-06-29,39.1862,39.8842,39.0745,39.8214,10284862.0
2016-06-30,39.8912,40.2611,39.7237,40.2123,9723030.0
2016-07-01,40.1634,40.4845,40.0797,40.4426,8245978.0
2016-07-05,40.3309,40.6032,40.3309,40.4845,7749017.0
2016-07-06,40.673,41.371,40.5334,41.2942,15015430.0
2016-07-07,41.1057,41.1965,40.6869,41.029,9800791.0
2016-07-08,41.1686,41.5804,41.0429,41.4268,9934411.0
2016-07-11,41.364,41.706,41.3221,41.4198,7688862.0
2016-07-12,41.371,41.734,41.2384,41.6013,8804562.0
2016-07-13,41.727,41.8456,41.5176,41.5664,7119274.0
2016-07-14,41.7898,41.8317,41.5176,41.6362,7698084.0
2016-07-15,41.7409,41.8317,41.357,41.6223,8554510.0
2016-07-18,41.1825,41.5245,40.9871,41.1965,9190122.0
2016-07-19,41.2384,41.5315,40.8754,40.9452,9307602.0
2016-07-20,41.1825,41.2663,41.015,41.0359,6786848.0
2016-07-21,41.1825,41.2593,40.8754,41.0359,6337361.0
2016-07-22,41.1755,41.2384,40.8684,41.0569,6570436.0
2016-07-25,40.9242,41.0987,40.4705,40.8754,8422986.0
2016-07-26,40.9731,41.0499,40.5822,40.7358,7494038.0
2016-07-27,40.7567,40.9871,40.4356,40.9033,8267462.0
2016-07-28,40.8475,40.8963,40.5613,40.7846,7639606.0
2016-07-29,41.1895,41.3221,40.673,40.9452,8898778.0
2016-08-01,41.0639,41.1825,40.8335,40.9452,9297018.0
2016-08-02,40.9591,40.994,40.659,40.7148,7153962.0
2016-08-03,40.6032,40.6939,39.9121,40.2402,10099890.0
2016-08-04,40.303,40.6451,40.303,40.3728,5807387.0
2016-08-05,40.3728,44.6726,40.3728,44.5748,76374048.0
2016-08-08,43.7372,43.9885,43.2416,43.8768,26248103.0
2016-08-09,43.8768,44.0723,43.5767,43.6186,12821651.0
2016-08-10,43.3394,44.0443,43.3254,43.7233,9259499.0
2016-08-11,43.7023,44.4841,43.6116,44.4143,10862520.0
2016-08-12,44.0723,44.2887,43.9257,44.2189,6544026.0
2016-08-15,44.2189,44.4981,44.1211,44.1979,6969305.0
2016-08-16,43.9745,44.1979,43.8629,44.0025,5952745.0
2016-08-17,43.9955,44.2747,43.6953,44.177,8668532.0
2016-08-18,44.0304,44.4213,44.0304,44.4143,7259077.0
2016-08-19,44.1002,44.2817,43.8838,44.2258,8887040.0
2016-08-22,44.1491,44.4213,44.0304,44.3585,6756666.0
2016-08-23,44.4701,44.5888,44.2328,44.3794,6076723.0
2016-08-24,44.3934,44.519,43.6325,43.7861,7842079.0
2016-08-25,43.8768,44.0444,43.465,43.4999,8329190.0
2016-08-26,43.6116,43.9676,43.4022,43.8698,8167902.0
2016-08-29,43.9187,44.177,43.7233,43.9815,5843438.0
2016-08-30,43.9466,43.9955,43.6325,43.7721,6474544.0
2016-08-31,44.0304,44.0583,43.5697,43.828,9285804.0
2016-09-01,43.7651,43.9606,43.5488,43.9048,6858846.0
2016-09-02,43.6884,44.163,43.6884,43.9606,7978634.0
2016-09-06,43.9676,44.3026,43.814,44.1421,8310954.0
2016-09-07,44.1909,44.3166,43.6954,43.8838,9084169.0
2016-09-08,43.5906,44.177,43.5069,44.1421,9627242.0
2016-09-09,43.7582,43.7721,43.4999,43.6186,13191700.0
2016-09-12,43.2765,44.3166,43.2137,44.1072,11139716.0
2016-09-13,43.8541,44.1423,43.1509,43.4603,10714123.0
2016-09-14,43.5376,43.833,43.1017,43.1369,10922046.0
2016-09-15,43.0595,44.0228,42.9751,43.8611,9429694.0
2016-09-16,43.9103,44.0298,43.6361,43.7908,13029050.0
2016-09-19,43.9736,43.9736,43.1158,43.1228,11829510.0
2016-09-20,43.5236,43.8822,43.3759,43.5517,9653757.0
2016-09-21,43.7767,44.1705,43.4955,44.0861,7565512.0
2016-09-22,44.2408,44.6275,44.1775,44.3111,8853294.0
2016-09-23,44.2056,44.4728,44.0861,44.2689,8048430.0
2016-09-26,43.9666,44.0017,43.5095,43.6994,7319022.0
2016-09-27,43.8119,44.0861,43.4744,43.9947,7693158.0
2016-09-28,44.297,44.6345,43.9455,44.508,12361160.0
2016-09-29,44.3111,44.3111,43.2845,43.5306,11454640.0
2016-09-30,43.5165,44.1072,43.4955,43.8822,14258354.0
2016-10-03,43.7486,43.9947,43.3619,43.9595,7881065.0
2016-10-04,43.9314,44.2619,43.5517,43.9173,8276475.0
2016-10-05,44.0861,44.3251,43.9314,44.1564,8249122.0
2016-10-06,43.9384,44.0791,43.4111,44.058,11979164.0
2016-10-07,44.1353,44.29,43.615,44.1353,11292410.0
2016-10-10,45.1478,45.6048,44.6064,44.9298,21322503.0
2016-10-11,44.6697,44.6837,43.4181,43.5447,14625259.0
2016-10-12,43.8751,44.0369,43.2986,43.3548,10607751.0
2016-10-13,43.7697,44.2619,43.5517,43.9525,15239492.0
2016-10-14,44.1001,44.1986,43.6853,43.6923,12790002.0
2016-10-17,43.629,43.629,42.7501,43.2564,13681221.0
2016-10-18,43.5236,44.0298,43.4744,43.6572,10467424.0
2016-10-19,43.6853,43.8048,43.4603,43.5025,5850670.0
2016-10-20,43.5587,43.7837,43.3759,43.5376,6626923.0
2016-10-21,43.2775,43.5236,42.9119,43.0314,7762222.0
2016-10-24,43.172,43.2283,42.6376,42.715,10420264.0
2016-10-25,42.3775,43.7275,41.8712,43.5587,15917548.0
2016-10-26,43.4111,43.4884,42.5744,42.7994,10435774.0
2016-10-27,42.9962,43.6361,42.8907,43.0947,10847534.0
2016-10-28,42.9048,42.94,41.0978,41.372,21335603.0
2016-10-31,41.5478,41.59,41.0415,41.2876,14939030.0
2016-11-01,41.4845,41.8993,41.14,41.6954,15036075.0
2016-11-02,41.5267,41.8431,41.3087,41.372,11239486.0
2016-11-03,41.6111,41.6392,40.9853,41.0837,11866504.0
2016-11-04,41.2665,41.6744,41.2103,41.3579,11861893.0
2016-11-07,41.8501,42.3353,41.822,42.2228,10981258.0
2016-11-08,42.0611,42.7361,41.8501,42.5462,8323321.0
2016-11-09,44.972,45.7033,44.1283,45.1267,29187953.0
2016-11-10,45.3798,46.0267,45.3658,45.6751,18719690.0
2016-11-11,45.0564,45.3587,44.7048,44.965,14734566.0
2016-11-14,45.0001,45.0634,44.4658,44.6697,10610476.0
2016-11-15,44.7751,44.8103,44.3533,44.754,7640339.0
2016-11-16,44.7892,44.965,43.9103,44.0369,11297650.0
2016-11-17,43.9525,44.1494,43.6783,44.0861,8762642.0
2016-11-18,43.9947,44.0298,43.404,43.5025,8066351.0
2016-11-21,43.5517,43.8681,43.397,43.8048,7164862.0
2016-11-22,43.9455,44.0509,43.0384,43.383,10052626.0
2016-11-23,42.4197,43.3829,42.0611,43.3408,9588152.0
2016-11-25,43.4673,43.8751,43.4181,43.7415,3669362.0
2016-11-28,43.4392,43.6361,43.3267,43.4533,7806971.0
2016-11-29,43.5587,43.9173,43.5376,43.7275,10516575.0
2016-11-30,43.8119,43.8189,42.8837,43.0244,13132174.0
2016-12-01,43.1017,43.1509,42.6447,42.722,8802047.0
2016-12-02,42.9259,43.2564,42.6306,42.9822,8376769.0
2016-12-05,43.2564,43.2634,42.0751,42.3634,13608490.0
2016-12-06,42.3142,42.4619,41.9134,42.3845,11171261.0
2016-12-07,41.9767,42.2298,41.2173,42.2298,14723981.0
2016-12-08,41.9978,42.4408,41.8361,42.272,8998757.0
2016-12-09,42.5322,43.2493,42.4689,43.0525,11021187.0
2016-12-12,43.2001,43.6642,43.1017,43.397,8641808.0
2016-12-13,43.7867,43.9001,43.397,43.7796,8218626.0
2016-12-14,43.8221,44.4669,43.6379,43.7867,11612574.0
2016-12-15,43.9284,44.3818,43.815,44.1905,8917851.0
2016-12-16,44.396,44.6582,43.9638,44.2402,18406758.0
2016-12-19,43.7867,44.1197,43.1278,43.3191,12512072.0
2016-12-20,43.3545,43.7017,42.7735,42.8656,10875201.0
2016-12-21,42.9294,43.0853,42.0437,42.1075,12630706.0
2016-12-22,42.2421,42.5114,41.9162,42.2138,10584800.0
2016-12-23,42.3484,42.4122,41.98,42.1996,7955892.0
2016-12-27,42.4193,42.6106,42.1996,42.3626,6094749.0
2016-12-28,42.313,42.4122,41.9516,41.9941,6470981.0
2016-12-29,42.0083,42.2209,41.7887,41.8312,6833065.0
2016-12-30,41.647,41.7674,41.4911,41.7107,11289685.0
2017-01-03,41.9091,42.7806,41.8383,42.6176,12564158.0
2017-01-04,42.8656,43.0711,42.5397,42.6035,9863671.0
2017-01-05,42.6672,42.9223,42.5114,42.5893,10581446.0
2017-01-06,42.5751,42.8373,42.1784,42.7027,10730053.0
2017-01-09,42.7239,43.56,42.568,43.2907,10201861.0
2017-01-10,43.3616,43.3899,42.4334,42.4547,16036706.0
2017-01-11,44.1693,44.7503,43.0427,43.6662,34281862.0
2017-01-12,44.3039,44.807,44.0134,44.0772,26079899.0
2017-01-13,44.1622,44.4102,43.9993,44.1693,10447617.0
2017-01-17,43.8717,43.978,43.3616,43.56,11101150.0
2017-01-18,43.4891,43.7725,43.2766,43.3403,8522022.0
2017-01-19,43.2553,43.2766,42.561,42.7452,11944999.0
2017-01-20,44.2118,44.5803,44.0347,44.3039,26451834.0
2017-01-23,43.7938,44.2118,43.6663,43.7938,10691382.0
2017-01-24,43.6379,43.7088,43.0286,43.3687,10990900.0
2017-01-25,43.4466,43.4891,43.0498,43.2766,15255736.0
2017-01-26,43.2341,43.475,42.894,43.3616,13317460.0
2017-01-27,43.4891,43.9213,43.4324,43.7513,6972554.0
2017-01-30,43.5883,43.7229,43.1703,43.5245,8230573.0
2017-01-31,43.2624,44.0984,43.1632,43.9213,10292513.0
2017-02-01,43.9709,44.1197,43.6167,43.9993,11547702.0
2017-02-02,44.3819,45.4942,44.3039,45.473,19901730.0
2017-02-03,45.2463,45.5793,44.8282,45.5509,12209724.0
2017-02-06,45.2888,46.0186,45.2746,46.0115,9598422.0
2017-02-07,45.8839,46.0044,45.3809,45.4872,8840194.0
2017-02-08,45.2746,45.6855,45.225,45.5722,6190326.0
2017-02-09,45.5722,45.9265,45.558,45.6218,7391439.0
2017-02-10,45.5722,45.7493,45.3171,45.4517,8940907.0
2017-02-13,45.5226,45.9335,45.5013,45.891,7494353.0
2017-02-14,45.7989,46.5641,45.6501,46.5216,10629550.0
2017-02-15,45.9831,46.6704,45.9477,46.1673,18662050.0
2017-02-16,46.1532,46.3445,45.6714,46.2382,12938922.0
2017-02-17,46.1957,46.4508,45.9548,46.3303,9482618.0
2017-02-21,45.9831,46.6066,45.9831,46.3941,7740633.0
2017-02-22,46.4082,46.5854,46.1177,46.2594,9096221.0
2017-02-23,46.4224,46.8404,46.302,46.6562,7184669.0
2017-02-24,46.5145,46.8759,46.5003,46.8759,8849626.0
2017-02-27,46.6066,46.72,46.4508,46.6562,7476222.0
2017-02-28,46.6279,46.8688,46.5145,46.6704,8112044.0
2017-03-01,46.8121,47.3293,46.6846,46.9113,11193374.0
2017-03-02,47.0317,47.1735,46.7625,46.8192,9062790.0
2017-03-03,46.8192,47.2018,46.6279,47.1734,8716111.0
2017-03-06,46.8192,47.3152,46.6917,47.0955,9104500.0
2017-03-07,46.3586,46.9821,46.1886,46.7342,8728478.0
2017-03-08,46.7341,46.8475,46.2453,46.6208,8821645.0
2017-03-09,46.7413,46.7838,46.4224,46.6846,8106280.0
2017-03-10,46.8121,46.9042,46.4082,46.4791,9247447.0
2017-03-13,46.5576,46.5933,45.6798,45.7797,14880133.0
2017-03-14,45.7655,46.0366,45.7084,45.8154,8271759.0
2017-03-15,45.9581,46.3649,45.8297,46.1722,9458200.0
2017-03-16,46.0794,46.2364,45.6655,45.8011,10074634.0
2017-03-17,45.8511,46.1722,45.5942,45.6013,15142762.0
2017-03-20,45.7726,45.8868,45.6727,45.7512,13593818.0
2017-03-21,45.901,46.108,45.4015,45.6085,11057134.0
2017-03-22,45.6584,45.7512,45.1374,45.3159,10007352.0
2017-03-23,45.216,45.5442,45.0946,45.1589,9915128.0
2017-03-24,45.0732,45.3373,44.8591,45.0875,9575052.0
2017-03-27,44.902,45.2516,44.8235,45.0946,8400663.0
2017-03-28,45.1018,45.2445,44.8734,45.2017,10673880.0
2017-03-29,45.4372,45.7512,45.2873,45.4158,8525794.0
2017-03-30,45.3159,45.4443,45.1874,45.2802,5577456.0
2017-03-31,45.1446,45.4086,45.1374,45.3444,7979472.0
2017-04-03,45.2659,45.4657,45.116,45.2945,6962493.0
2017-04-04,45.3801,45.5085,45.2231,45.4372,6650189.0
2017-04-05,45.4514,45.7797,45.323,45.3658,8083538.0
2017-04-06,45.3016,45.6513,45.0946,45.1303,7915125.0
2017-04-07,45.1589,45.1945,44.9234,45.0518,8091713.0
2017-04-10,45.1517,45.1945,44.6236,44.6379,7595590.0
2017-04-11,44.5951,44.7878,44.3739,44.6593,6858950.0
2017-04-12,44.5095,45.1089,44.4452,44.9947,9965642.0
2017-04-13,44.8092,44.9591,44.6451,44.6807,6217260.0
2017-04-17,44.7521,44.8449,44.5237,44.8163,5590242.0
2017-04-18,44.5737,44.5737,44.2383,44.4381,7749436.0
2017-04-19,44.431,44.7021,44.2454,44.7021,10845857.0
2017-04-20,44.7164,44.7806,44.4238,44.6379,9392490.0
2017-04-21,44.5023,44.695,44.1526,44.1669,11002323.0
2017-04-24,44.6022,44.6165,44.2597,44.3453,9270922.0
2017-04-25,44.5951,44.9091,44.4238,44.4595,11205006.0
2017-04-26,44.695,44.8734,44.5523,44.745,9284546.0
2017-04-27,44.802,44.8948,44.5665,44.6593,6920258.0
2017-04-28,44.6593,44.7093,44.3453,44.4809,9915862.0
2017-05-01,44.4238,44.6022,44.3168,44.5166,10707521.0
2017-05-02,44.6094,45.1303,44.4666,44.745,13647580.0
2017-05-03,44.6022,45.4372,44.5166,45.4086,11978430.0
2017-05-04,45.4372,45.5942,45.1161,45.2302,9023280.0
2017-05-05,45.3159,45.7369,45.2659,45.6513,9795237.0
2017-05-08,45.6084,46.0366,45.5514,45.6798,11684676.0
2017-05-09,45.8011,45.8654,45.0732,45.166,10712970.0
2017-05-10,45.0518,45.637,45.0233,45.6299,10094126.0
2017-05-11,46.2079,46.5647,45.8939,45.9795,19404663.0
2017-05-12,45.951,46.1508,45.1517,45.3658,10838521.0
2017-05-15,45.2588,45.3872,45.2017,45.323,8710347.0
2017-05-16,45.273,45.5799,45.0589,45.5228,8248494.0
2017-05-17,45.5228,45.5228,44.8734,44.959,8296911.0
2017-05-18,44.8948,46.0295,44.8948,45.5942,12528316.0
2017-05-19,45.7012,45.7012,45.3159,45.5157,9739798.0
2017-05-22,45.4586,45.9867,45.3658,45.7012,6525372.0
2017-05-23,45.6727,46.0937,45.6727,46.0652,6009861.0
2017-05-24,46.2222,46.529,46.058,46.3364,7289259.0
2017-05-25,46.3578,46.472,46.1437,46.4149,7436503.0
2017-05-26,46.3863,46.5362,46.2579,46.3292,3862614.0
2017-05-30,46.1865,46.4862,46.0509,46.3007,5120109.0
2017-05-31,46.4434,46.736,46.4077,46.4648,8162138.0
2017-06-01,46.4505,46.5719,46.2864,46.5719,7923404.0
2017-06-02,46.7146,46.8002,46.5148,46.7217,6600933.0
2017-06-05,46.6361,46.6646,46.1722,46.4363,6254988.0
2017-06-06,46.3863,46.4149,46.001,46.1508,8218206.0
2017-06-07,46.1009,46.1365,45.6727,45.7155,7971717.0
2017-06-08,45.7155,45.8511,44.8377,45.1018,19411056.0
2017-06-09,45.1018,45.9867,45.059,45.951,11266419.0
2017-06-12,45.951,46.158,45.8154,45.951,9851514.0
2017-06-13,45.8144,45.8935,45.3112,45.4837,12631544.0
2017-06-14,45.304,45.7497,45.304,45.5556,10834853.0
2017-06-15,45.5053,45.6059,45.2034,45.4262,8244406.0
2017-06-16,45.4765,45.8,45.0668,45.2681,15617296.0
2017-06-19,45.3543,45.8719,45.304,45.7785,8831391.0
2017-06-20,45.7785,46.6986,45.7066,46.3895,10755624.0
2017-06-21,46.4111,47.1587,46.4111,47.0581,11679960.0
2017-06-22,47.094,47.7123,47.0006,47.4606,14087111.0
2017-06-23,47.475,47.7266,47.3312,47.5613,14769988.0
2017-06-26,47.5541,47.7338,47.3241,47.3888,7940067.0
2017-06-27,47.6404,47.6404,47.1156,47.1156,8511437.0
2017-06-28,47.2737,47.3744,46.828,46.8424,7056498.0
2017-06-29,46.7346,46.7849,46.0732,46.2529,8751114.0
2017-06-30,46.3608,46.5333,46.0085,46.0732,8762223.0
2017-07-03,45.9007,46.4614,45.9007,46.2026,4895627.0
2017-07-05,46.3464,46.5836,45.951,46.1235,6820174.0
2017-07-06,45.8432,45.9438,45.2824,45.3615,11887150.0
2017-07-07,45.4406,45.5341,45.153,45.4047,7591083.0
2017-07-10,45.57,45.5772,45.0093,45.1674,7036062.0
2017-07-11,45.1602,45.2752,44.7433,44.8152,7207620.0
2017-07-12,45.0452,45.3831,45.0452,45.1315,8610368.0
2017-07-13,45.1387,45.2824,44.772,45.2105,7125562.0
2017-07-14,45.2393,45.5772,45.189,45.3328,6309903.0
2017-07-17,45.3975,45.5125,44.9517,45.0093,7741890.0
2017-07-18,44.9302,45.0236,44.7648,44.8655,6408415.0
2017-07-19,44.9302,45.1674,44.887,45.0164,5972657.0
2017-07-20,45.2249,45.4622,45.189,45.2465,6974545.0
2017-07-21,45.1387,45.2896,44.9877,45.0236,7237907.0
2017-07-24,44.9589,45.2177,44.9302,44.9805,8157318.0
2017-07-25,45.1818,45.2896,44.7505,44.8295,6241783.0
2017-07-26,44.7936,44.8152,44.3695,44.427,9816302.0
2017-07-27,45.7713,46.4039,45.1458,45.7857,22894922.0
2017-07-28,45.8719,46.2673,45.4478,46.0876,13982521.0
2017-07-31,46.1882,46.2314,45.6563,45.9222,12277215.0
2017-08-01,46.0373,46.2026,45.8432,45.951,6802463.0
2017-08-02,45.9726,45.9798,45.4118,45.6059,7372575.0
2017-08-03,45.4406,45.8144,45.419,45.6634,7355702.0
2017-08-04,45.7425,45.7857,45.2465,45.3615,5597368.0
2017-08-07,45.2537,45.3543,45.0452,45.1746,7018246.0
2017-08-08,44.9589,45.0883,44.7145,44.8008,8048745.0
2017-08-09,44.8942,45.0883,44.7289,44.923,6866810.0
2017-08-10,44.8367,44.9877,44.693,44.7001,8137825.0
2017-08-11,44.8727,45.2609,44.7576,44.8439,6341448.0
2017-08-14,45.2249,45.2896,44.9949,45.0524,5771860.0
2017-08-15,45.0955,45.3112,44.923,44.9302,6619168.0
2017-08-16,44.8799,45.2393,44.808,45.074,6352138.0
2017-08-17,45.1099,45.304,44.4341,44.4557,9589305.0
2017-08-18,44.4054,44.4413,43.9669,44.2041,8825942.0
2017-08-21,44.1969,44.5995,44.161,44.5492,7542666.0
2017-08-22,44.5492,44.9302,44.5132,44.8727,5779930.0
2017-08-23,44.7505,45.0021,44.6786,44.6786,6743775.0
2017-08-24,44.7505,45.2249,44.7073,45.0812,8122105.0
2017-08-25,45.1962,45.4981,45.1243,45.2465,5528095.0
2017-08-28,45.3687,45.6203,45.2753,45.5197,7858114.0
2017-08-29,45.3831,45.4406,45.0883,45.3759,6879806.0
2017-08-30,45.3903,45.4118,45.2177,45.3759,5263580.0
2017-08-31,45.5412,45.951,45.2537,45.9079,13522344.0
2017-09-01,45.8575,46.0804,45.721,45.8863,6481985.0
2017-09-05,45.8288,46.0876,45.6203,45.7353,7583538.0
2017-09-06,45.9294,46.2457,45.8432,46.0085,7491838.0
2017-09-07,46.0732,46.3104,45.8575,46.2385,7185507.0
2017-09-08,46.0013,46.3895,45.9654,46.2026,7719358.0
2017-09-11,46.6843,46.9503,46.4974,46.8209,10785597.0
2017-09-12,46.8137,47.1731,46.8137,47.0581,7707202.0
2017-09-13,46.9862,47.1228,46.9431,47.0509,5898878.0
2017-09-14,47.0581,47.9125,47.0002,47.8763,10437137.0
2017-09-15,47.9125,48.0646,47.6084,47.9053,15390718.0
2017-09-18,47.8039,48.0863,47.6519,47.7822,11049274.0
2017-09-19,47.8039,47.9053,47.5577,47.7533,7345746.0
2017-09-20,47.8401,48.0139,47.2029,47.6374,9903600.0
2017-09-21,47.6808,47.7388,47.4419,47.4998,6255198.0
2017-09-22,47.5215,47.5722,47.116,47.1595,7824263.0
2017-09-25,47.1812,47.355,47.0943,47.1957,5840923.0
2017-09-26,47.1378,47.2971,46.8626,46.8916,7311058.0
2017-09-27,46.8337,46.8844,46.573,46.754,7013111.0
2017-09-28,46.5368,46.8192,46.4644,46.5513,7359894.0
2017-09-29,46.5513,46.7251,45.8562,46.363,11999181.0
2017-10-02,46.4934,46.8337,46.2616,46.7395,7067083.0
2017-10-03,46.7395,46.7613,46.182,46.6092,6819441.0
2017-10-04,46.6454,46.7902,46.5802,46.7757,6722606.0
2017-10-05,46.6454,46.9205,46.5802,46.7757,9589200.0
2017-10-06,46.8481,46.993,46.6092,46.7395,7847843.0
2017-10-09,46.8264,46.8771,46.4282,46.5802,5712962.0
2017-10-10,46.5658,46.6816,46.4789,46.6744,5157208.0
2017-10-11,46.5875,46.5875,46.182,46.182,10586477.0
2017-10-12,46.1892,46.3268,46.0227,46.2182,6454108.0
2017-10-13,46.3051,46.4571,45.8924,45.8996,7693787.0
2017-10-16,45.972,46.1458,45.8055,45.8634,7806762.0
2017-10-17,45.7693,45.8417,45.5303,45.7765,7365868.0
2017-10-18,46.4065,46.4209,45.9141,45.9865,8265471.0
2017-10-19,46.0806,46.363,46.0444,46.1603,10554618.0
2017-10-20,46.2327,46.334,46.0299,46.2544,10798802.0
2017-10-23,46.363,46.7178,45.8344,45.9068,12137936.0
2017-10-24,45.8417,45.8417,45.161,45.6968,10711713.0
2017-10-25,45.6896,45.7113,45.1321,45.219,11545502.0
2017-10-26,45.1031,45.3927,44.7555,44.8859,11260026.0
2017-10-27,43.8432,43.8432,41.8665,42.1706,30980242.0
2017-10-30,40.3676,40.5848,39.3973,39.6145,40860891.0
2017-10-31,39.9476,40.3966,39.8463,39.8897,19313802.0
2017-11-01,40.2156,40.4038,40.0273,40.0707,17206483.0
2017-11-02,40.1721,40.2373,39.8535,40.0925,12909788.0
2017-11-03,40.0418,40.7514,39.9621,40.5921,10281718.0
2017-11-06,40.5776,40.679,40.259,40.4617,9136988.0
2017-11-07,40.4617,40.6862,40.0997,40.2518,15008513.0
2017-11-08,40.1866,41.07,40.1576,40.9686,15859279.0
2017-11-09,40.9469,41.0265,40.2735,40.7007,14818825.0
2017-11-10,40.7586,40.7586,39.9332,40.1721,17547607.0
2017-11-13,40.049,40.2011,39.868,39.897,14135738.0
2017-11-14,39.8028,39.9549,39.6435,39.8173,13315678.0
2017-11-15,39.6508,39.897,39.3901,39.6797,12290315.0
2017-11-16,39.7232,40.0925,39.6435,39.9476,12572122.0
2017-11-17,39.8245,40.1359,39.6435,39.9694,10358537.0
2017-11-20,39.1294,39.3829,38.8326,39.1729,18003278.0
2017-11-21,39.3611,39.7159,39.2308,39.296,14369442.0
2017-11-22,39.267,39.5132,39.2235,39.3684,7730258.0
2017-11-24,39.4625,39.5566,39.1801,39.3539,4549682.0
2017-11-27,39.3973,39.5349,39.2453,39.4987,10584905.0
2017-11-28,39.7739,39.9187,39.3973,39.7739,13446783.0
2017-11-29,39.8535,40.2952,39.7738,40.0852,10980525.0
2017-11-30,39.9621,40.469,39.8463,40.02,16139619.0
2017-12-01,40.1142,40.5342,39.9838,40.4545,12672835.0
2017-12-04,40.4979,41.0627,40.4545,40.7079,14085120.0
2017-12-05,40.6573,40.9179,40.3459,40.3821,12405386.0
2017-12-06,39.4191,40.4979,39.238,39.3539,21217703.0
2017-12-07,39.7159,40.4328,39.5928,39.658,17250604.0
2017-12-08,40.049,40.2373,39.5784,40.2373,10923723.0
2017-12-11,40.7948,41.012,40.23,40.7948,10239170.0
2017-12-12,41.1786,41.3958,41.0048,41.3234,14454750.0
2017-12-13,41.2293,41.5406,41.0193,41.2075,13982940.0
2017-12-14,41.1856,41.4339,40.8643,40.9008,10623890.0
2017-12-15,41.0615,41.1637,40.711,41.0688,23664574.0
2017-12-18,41.171,41.3974,41.0396,41.0542,12151560.0
2017-12-19,41.0542,41.3463,40.9008,41.0615,9921521.0
2017-12-20,41.098,41.2514,40.8789,40.9739,13766423.0
2017-12-21,40.952,41.4777,40.952,41.3317,10439966.0
2017-12-22,41.3317,41.4996,40.9885,41.1564,11890608.0
2017-12-26,41.2514,41.3317,41.0907,41.1418,4616754.0
2017-12-27,41.1783,41.3536,41.0834,41.1418,5931994.0
2017-12-28,41.1418,41.4777,41.1126,41.3317,6061108.0
2017-12-29,41.4996,41.6165,41.0907,41.0907,8841557.0
2018-01-02,41.3244,41.4412,40.9301,41.0542,10556504.0
2018-01-03,41.0615,41.0834,40.8643,40.9958,11090460.0
2018-01-04,41.2148,41.9305,41.171,41.6603,15751650.0
2018-01-05,41.9086,41.9086,41.3244,41.6165,9955057.0
2018-01-08,41.7771,41.8063,41.2587,41.3755,11642546.0
2018-01-09,41.485,41.6968,41.3098,41.4777,11142022.0
2018-01-10,41.2952,41.894,41.2294,41.8428,9497395.0
2018-01-11,41.8429,42.0692,41.7406,42.0619,7447402.0
2018-01-12,42.3175,42.9455,42.2737,42.836,12935569.0
2018-01-16,45.0924,46.5748,44.7273,45.3261,50399682.0
2018-01-17,45.4868,45.7058,45.1947,45.2969,22940615.0
2018-01-18,45.275,45.3626,44.2746,44.6397,20861278.0
2018-01-19,44.8953,44.8953,44.2819,44.7492,12745671.0
2018-01-22,44.5082,44.866,44.3403,44.7273,12835380.0
2018-01-23,44.5667,45.3699,44.4498,45.0559,11718212.0
2018-01-24,45.2823,45.3553,44.5155,44.6762,14129241.0
2018-01-25,44.7638,44.8222,44.5082,44.7638,9853610.0
2018-01-26,44.9026,45.3334,44.793,45.3042,11060278.0
2018-01-29,45.2385,45.3772,44.9537,45.0048,9198191.0
2018-01-30,44.3914,44.7273,44.1358,44.2892,13666654.0
2018-01-31,44.3768,44.3987,43.0112,43.2668,15582712.0
2018-02-01,43.2084,44.0628,43.1354,43.7123,14009664.0
2018-02-02,43.3837,43.7926,42.5585,42.763,12852777.0
2018-02-05,42.5512,43.0477,40.7621,41.1856,20546774.0
2018-02-06,40.2655,41.4558,39.674,40.4992,32494498.0
2018-02-07,40.2874,41.412,40.229,40.8059,14349740.0
2018-02-08,40.9228,41.2295,39.9515,39.9661,21871760.0
2018-02-09,40.2728,40.4627,38.9657,40.0684,19472364.0
2018-02-12,40.4189,40.8132,40.1341,40.4773,13259506.0
2018-02-13,40.3313,40.4335,39.9953,40.0903,17857291.0
2018-02-14,39.6594,40.2363,39.5937,40.0903,11996142.0
2018-02-15,40.4773,40.8862,40.0392,40.8862,10584695.0
2018-02-16,40.8716,41.6165,40.8351,41.1053,12294402.0
2018-02-20,40.9812,40.9958,40.1268,40.1487,14113416.0
2018-02-21,40.1852,40.4846,39.8347,39.8347,11244935.0
2018-02-22,39.8712,40.2144,39.7398,39.8493,11334958.0
2018-02-23,40.0319,40.1633,39.8493,40.0684,9499177.0
2018-02-26,40.1633,41.0323,40.1633,40.9374,12725026.0
2018-02-27,40.8278,40.8643,39.9442,39.9588,9734453.0
2018-02-28,40.2071,40.2874,39.5864,39.5937,11807606.0
2018-03-01,39.6229,40.0246,39.0095,39.214,13648523.0
2018-03-02,39.0533,39.7471,38.7904,39.6959,9355706.0
2018-03-05,39.6083,39.9515,39.4915,39.7251,13743577.0
2018-03-06,39.7909,39.9515,39.3016,39.6521,9716951.0
2018-03-07,39.3162,39.8566,39.2505,39.7763,12817564.0
2018-03-08,39.8128,40.0319,39.6959,39.988,7705001.0
2018-03-09,40.1852,40.302,39.9442,40.2655,9240006.0
2018-03-12,40.6964,40.9885,40.3386,40.4262,11269039.0
2018-03-13,40.7037,40.711,40.1633,40.4335,12272080.0
2018-03-14,40.7134,40.8313,40.0062,40.3672,11692222.0
2018-03-15,40.4777,41.0522,40.4335,40.6987,10560277.0
2018-03-16,40.6545,41.1406,40.5734,41.0081,22010620.0
2018-03-19,41.0007,41.0154,39.9547,40.242,12391762.0
2018-03-20,40.3304,40.4703,40.0431,40.2493,8153440.0
2018-03-21,40.3377,40.7208,40.0873,40.2862,10489746.0
2018-03-22,39.9547,40.4998,39.8,39.8663,13387990.0
2018-03-23,40.0136,40.3009,39.2917,39.3433,12408634.0
2018-03-26,39.8147,39.8957,39.0192,39.8074,10448770.0
2018-03-27,39.7705,40.1904,39.3875,39.5937,16956535.0
2018-03-28,39.8147,40.765,39.7926,40.5808,13302788.0
2018-03-29,40.7797,40.8165,40.1241,40.1241,10218524.0
2018-04-02,40.0725,40.2567,39.0118,39.2401,14041104.0
2018-04-03,39.2917,39.8884,38.916,39.8442,9688341.0
2018-04-04,39.3875,40.2861,39.3359,40.1757,9330030.0
2018-04-05,40.5587,40.7944,40.102,40.1683,13074638.0
2018-04-06,39.9841,40.2051,38.9676,39.3064,13100838.0
2018-04-09,40.5145,42.2972,40.1904,41.369,24352376.0
2018-04-10,41.7521,41.8331,41.2806,41.6121,13481891.0
2018-04-11,41.2953,41.6489,41.1701,41.3985,9445834.0
2018-04-12,41.6931,42.1277,41.3543,41.7962,12511967.0
2018-04-13,42.0467,42.2308,41.7226,42.113,10536278.0
2018-04-16,42.555,43.6452,42.113,43.2032,23627998.0
2018-04-17,44.0798,44.1682,43.4316,43.6599,16070451.0
2018-04-18,43.763,43.9177,43.159,43.4021,11779730.0
2018-04-19,43.4021,43.6967,43.0338,43.1958,11041204.0
2018-04-20,43.3579,43.6599,43.2106,43.3358,10109951.0
2018-04-23,44.2345,44.6544,43.7778,44.3818,20767587.0
2018-04-24,44.4997,44.9343,44.0282,44.264,13974975.0
2018-04-25,44.124,44.1387,43.4095,43.9251,14057034.0
2018-04-26,44.0651,44.2639,43.542,43.763,14148105.0
2018-04-27,43.7115,43.9398,43.6894,43.8072,8034073.0
2018-04-30,43.9398,44.1829,43.3653,43.3653,13730267.0
2018-05-01,43.461,43.6378,41.8994,42.7097,13756782.0
2018-05-02,42.4887,42.7244,42.0025,42.2088,10921837.0
2018-05-03,42.0909,42.5771,41.5237,42.3782,11864932.0
2018-05-04,42.0762,42.6581,41.8625,42.5402,9149983.0
2018-05-07,42.555,42.7981,42.0467,42.2677,10513955.0
2018-05-08,42.2603,42.2972,41.4427,41.811,10749546.0
2018-05-09,41.9657,43.0264,41.8625,42.6876,8684042.0
2018-05-10,42.8202,43.2621,42.6728,42.7686,8624097.0
2018-05-11,42.8422,44.1755,42.8202,43.9693,13344498.0
2018-05-14,44.0282,44.2566,43.7778,43.9619,9942062.0
2018-05-15,43.7851,44.0503,43.3874,43.6083,7148932.0
2018-05-16,43.6967,44.205,43.542,44.0135,8941222.0
2018-05-17,43.8588,44.0356,43.3726,43.5126,8222398.0
2018-05-18,43.4316,43.7999,42.3487,43.5641,10151242.0
2018-05-21,43.5936,43.6967,43.0117,43.1443,8882219.0
2018-05-22,43.299,43.5642,43.0191,43.0559,9357068.0
2018-05-23,43.0559,43.822,43.0411,43.5863,10375619.0
2018-05-24,43.6452,43.763,43.3211,43.5568,7261382.0
2018-05-25,43.5642,43.7999,43.3432,43.5273,6985339.0
2018-05-29,43.1516,43.38,42.7465,43.0191,9228269.0
2018-05-30,43.2032,44.0503,43.1074,43.9914,11572016.0
2018-05-31,43.9251,44.1093,43.6894,43.8514,12786019.0
2018-06-01,44.1166,44.7943,43.9177,44.6102,11556925.0
2018-06-04,45.3394,46.0613,45.0669,45.6856,20410534.0
2018-06-05,45.6709,45.914,44.9785,45.2216,13098218.0
2018-06-06,45.3099,45.6267,45.0963,45.6193,7912190.0
2018-06-07,45.6709,45.7004,45.31,45.6635,7910933.0
2018-06-08,45.6783,46.1497,45.6488,46.0982,10142754.0
2018-06-11,46.2381,46.3044,45.7298,45.914,7542666.0
2018-06-12,45.9435,46.1203,45.6783,45.995,8308230.0
2018-06-13,46.0908,46.3781,45.9287,46.1055,9873732.0
2018-06-14,46.0758,46.306,45.4449,45.6973,12528211.0
2018-06-15,45.7195,46.0981,45.4449,46.0461,17246517.0
2018-06-18,45.5413,45.5488,44.9772,45.2741,9990270.0
2018-06-19,45.0217,45.5117,45.0069,45.3038,10501589.0
2018-06-20,45.3261,45.6379,45.1257,45.4894,12757094.0
2018-06-21,45.482,45.482,45.1405,45.4152,9336527.0
2018-06-22,45.4894,45.9645,45.4449,45.6304,12885998.0
2018-06-25,45.5859,45.7418,45.0143,45.3409,11057238.0
2018-06-26,45.1553,45.2964,44.992,45.0737,12571913.0
2018-06-27,45.0588,45.3409,44.3908,44.4501,10948770.0
2018-06-28,44.6209,45.096,44.5318,44.7619,10691591.0
2018-06-29,44.9327,45.6304,44.799,45.0589,14956951.0
2018-07-02,44.9475,44.9549,44.4798,44.8807,9546337.0
2018-07-03,45.0885,45.5042,44.9475,45.0663,5106590.0
2018-07-05,45.5785,45.9942,45.3483,45.7566,9517098.0
2018-07-06,45.8754,46.4025,45.868,46.1723,8543191.0
2018-07-09,46.3653,46.5361,46.0239,46.0387,8724600.0
2018-07-10,46.3134,46.4915,46.1055,46.2466,11266524.0
2018-07-11,46.1278,46.1723,45.7195,45.9496,6055344.0
2018-07-12,46.3505,46.6474,46.1278,46.5138,8424453.0
2018-07-13,46.2243,46.7959,46.2094,46.6845,7705106.0
2018-07-16,46.7142,46.7291,46.2688,46.4618,4729938.0
2018-07-17,46.4173,46.6251,46.3653,46.4173,5292086.0
2018-07-18,46.4693,46.7513,46.2985,46.7216,6645578.0
2018-07-19,46.5732,46.7216,46.2094,46.4024,7631641.0
2018-07-20,46.0684,46.4247,46.0313,46.4099,7204686.0
2018-07-23,46.447,46.6029,46.4024,46.5361,7266413.0
2018-07-24,46.6919,47.0928,46.6326,47.078,9931058.0
2018-07-25,47.0854,47.9316,47.0334,47.8722,11023598.0
2018-07-26,47.9613,48.3993,47.5011,47.5159,11677235.0
2018-07-27,46.3579,47.5234,46.3059,47.1299,8815357.0
2018-07-30,47.3526,48.1766,47.1596,48.1098,10129130.0
2018-07-31,48.1766,49.0822,48.1617,48.8966,16184683.0
2018-08-01,48.7779,49.0971,48.5849,48.6146,7949604.0
2018-08-02,48.4735,48.57,48.1543,48.4141,7226379.0
2018-08-03,48.3993,49.008,48.2285,48.9412,7333066.0
2018-08-06,49.06,49.3495,48.763,49.1565,8600202.0
2018-08-07,49.0599,49.728,49.0154,49.4237,8471298.0
2018-08-08,49.3717,49.728,49.1045,49.5053,6821746.0
2018-08-09,49.639,49.639,48.8447,48.9931,7495086.0
2018-08-10,48.9189,49.3643,48.7556,49.0451,7796806.0
2018-08-13,49.0897,49.6538,49.0451,49.5276,9973606.0
2018-08-14,49.446,49.6983,49.1861,49.3346,6912608.0
2018-08-15,49.535,50.1586,49.342,50.0101,11413873.0
2018-08-16,50.1809,51.2201,50.0101,51.1088,19378358.0
2018-08-17,51.0568,51.3983,50.9974,51.2646,8223761.0
2018-08-20,51.2201,52.1257,51.1681,52.0886,10919426.0
2018-08-21,52.1183,52.148,51.2869,51.3463,10285701.0
2018-08-22,51.3537,51.517,51.1088,51.2498,6176178.0
2018-08-23,51.1236,51.3611,51.0271,51.1978,5806654.0
2018-08-24,51.2201,51.4057,51.0494,51.2498,5194098.0
2018-08-27,51.4725,51.5393,50.8712,51.2127,5327822.0
2018-08-28,51.1088,51.1236,50.7599,50.9455,6219251.0
2018-08-29,50.7599,51.1459,50.6782,51.0791,5753206.0
2018-08-30,50.9677,51.1756,50.7376,50.8786,4972341.0
2018-08-31,50.7376,51.0345,50.5966,50.9157,6018978.0
2018-09-04,50.7524,50.7821,50.4258,50.4407,6045178.0
2018-09-05,50.4407,50.99,50.411,50.938,6664337.0
2018-09-06,51.1978,51.621,51.0865,51.5022,10099995.0
2018-09-07,51.3389,51.7991,51.1088,51.7175,9971930.0
2018-09-10,51.9624,52.4004,51.6135,51.6358,7616759.0
2018-09-11,51.814,51.814,51.2721,51.2795,6094644.0
2018-09-12,51.517,51.9773,51.3092,51.8585,6382320.0
2018-09-13,52.0812,52.6602,51.6507,52.5786,10750594.0
2018-09-14,52.87,52.87,52.0629,52.302,7792928.0
2018-09-17,52.2049,52.6608,52.0554,52.6309,7018770.0
2018-09-18,52.6234,52.9896,52.2422,52.6309,7126819.0
2018-09-19,52.4291,52.743,52.0479,52.302,8325522.0
2018-09-20,52.5785,52.9373,52.3543,52.8999,6435454.0
2018-09-21,52.9971,53.4978,52.9971,53.1391,17850689.0
2018-09-24,53.0046,53.2886,52.7878,52.8999,6747862.0
2018-09-25,52.9522,53.3484,52.7056,52.8028,6770499.0
2018-09-26,53.012,53.1765,52.4515,52.5636,7260963.0
2018-09-27,52.5636,53.1989,52.3768,52.8551,6315458.0
2018-09-28,52.8551,53.2138,52.8028,53.0195,7135622.0
2018-10-01,53.1167,53.7295,52.7729,53.4605,7994668.0
2018-10-02,53.7893,53.9388,53.1316,53.6249,10894589.0
2018-10-03,53.879,54.1256,53.3259,53.3409,10037325.0
2018-10-04,53.154,53.3334,52.6608,53.2288,10837054.0
2018-10-05,53.2363,53.58,52.7505,53.0868,7790308.0
2018-10-08,53.012,53.5875,52.9821,53.4081,9279830.0
2018-10-09,53.4082,54.305,53.0419,54.0659,8249122.0
2018-10-10,54.1705,54.4769,52.6084,52.6533,13259191.0
2018-10-11,52.5935,52.7131,50.6877,51.0987,13491952.0
2018-10-12,51.3454,52.3618,51.1361,52.175,10648938.0
2018-10-15,51.7116,52.4739,51.5173,51.9134,6896783.0
2018-10-16,52.2049,53.296,52.1301,53.2288,10719992.0
2018-10-17,53.1316,53.7669,52.9149,53.6772,9793036.0
2018-10-18,53.9238,54.1107,53.3783,53.9687,12812848.0
2018-10-19,54.036,54.305,53.7669,54.0733,15210043.0
2018-10-22,54.5367,54.9253,53.6996,54.2378,12486186.0
2018-10-23,53.9313,54.1256,53.2288,53.8865,12116871.0
2018-10-24,53.6772,54.2901,52.4889,52.7205,15348170.0
2018-10-25,50.03,52.743,49.4022,52.2871,21553692.0
2018-10-26,52.1451,52.8999,51.4799,52.6159,17764229.0
2018-10-29,53.3409,54.5815,52.728,53.4007,19743901.0
2018-10-30,53.58,54.5292,53.438,54.462,19845976.0
2018-10-31,54.8655,55.6727,54.3872,55.015,16624529.0
2018-11-01,55.157,55.3364,54.3125,54.6488,14507988.0
2018-11-02,54.9851,55.0823,53.5277,54.0135,13517838.0
2018-11-05,53.7818,54.9851,52.4066,54.6488,12922364.0
2018-11-06,54.5143,55.157,54.3723,54.7908,10737913.0
2018-11-07,55.3813,56.3005,55.1869,56.1137,19566684.0
2018-11-08,55.9717,56.5696,55.7699,56.4126,13634690.0
2018-11-09,56.6966,56.7938,55.9044,55.9493,15359802.0
2018-11-12,56.1511,56.2557,55.3289,55.8222,14679022.0
2018-11-13,56.2183,56.2557,55.314,55.7624,16587430.0
2018-11-14,56.0165,56.024,55.0673,55.3738,9936193.0
2018-11-15,54.9328,55.9567,54.6563,55.9343,12549171.0
2018-11-16,55.8596,56.9881,55.7176,56.8461,14384010.0
2018-11-19,56.9657,57.2572,56.4949,57.0629,17210675.0
2018-11-20,56.8087,57.0703,55.7923,55.8895,14240014.0
2018-11-21,55.9941,56.1062,55.441,55.8969,9489116.0
2018-11-23,55.4037,56.2781,55.314,55.8072,3690846.0
2018-11-26,56.0464,56.6144,55.8969,56.3827,11407061.0
2018-11-27,56.1062,57.1899,56.1062,57.0554,15325533.0
2018-11-28,57.3992,57.8177,57.0031,57.7206,12625675.0
2018-11-29,57.6907,58.6548,57.6309,58.2288,11429174.0
2018-11-30,58.1765,59.4096,58.0868,59.2975,22380669.0
2018-12-03,59.4321,59.4769,58.5053,59.2079,13183106.0
2018-12-04,59.2677,59.9328,58.3708,58.453,15482942.0
2018-12-06,57.5188,58.5726,56.6667,58.5726,17329518.0
2018-12-07,58.4605,58.5203,56.876,57.3394,13228799.0
2018-12-10,57.885,58.1316,56.6967,57.8626,16163618.0
2018-12-11,58.2363,58.5277,57.2049,57.6309,13867660.0
2018-12-12,58.1241,58.8641,58.0868,58.3035,11219678.0
2018-12-13,58.4829,59.1032,58.2961,59.0509,11272498.0
2018-12-14,58.5768,58.7273,57.3726,57.5607,13896375.0
2018-12-17,57.1769,57.8693,56.3415,56.6199,15831822.0
2018-12-18,56.8984,57.0339,55.3631,55.9426,16163828.0
2018-12-19,56.206,56.635,54.9943,55.5211,19765594.0
2018-12-20,55.2803,55.7921,54.6706,55.3104,20321454.0
2018-12-21,54.9039,56.0329,54.3545,54.8663,37919994.0
2018-12-24,54.5878,54.8663,53.3535,53.5492,11565833.0
2018-12-26,53.4137,55.7168,53.4137,55.6942,14074011.0
2018-12-27,55.1523,56.7328,54.761,56.7328,13577154.0
2018-12-28,57.1091,57.636,56.3189,56.7253,13180696.0
2018-12-31,57.064,57.7263,56.9436,57.5081,9687502.0
2019-01-02,56.6651,57.1919,56.1458,56.8909,15120125.0
2019-01-03,56.8683,57.1769,55.5813,55.7243,13910628.0
2019-01-04,56.2512,57.5758,56.1759,57.4027,14753115.0
2019-01-07,57.3124,57.5532,56.7554,56.7705,15795142.0
2019-01-08,57.1016,57.3575,56.6651,57.1919,11896686.0
2019-01-09,57.1167,57.4328,56.6877,56.7554,11916284.0
2019-01-10,56.9586,56.9586,55.2953,56.0555,19134070.0
2019-01-11,56.221,56.4017,55.8071,56.3715,9878029.0
2019-01-14,55.9125,56.0254,55.0168,55.2201,15669486.0
2019-01-15,55.0169,56.3641,55.0169,56.0705,13102096.0
2019-01-16,56.2512,57.0264,56.0479,56.1533,15272504.0
2019-01-17,55.9275,57.0263,55.9275,56.8984,16969321.0
2019-01-18,57.3048,57.4478,56.8006,57.1016,14980741.0
2019-01-22,56.8758,57.35,56.7178,57.0715,10568766.0
2019-01-23,56.8608,56.9812,56.2511,56.778,14369233.0
2019-01-24,56.5673,56.5673,54.475,55.0695,21986621.0
2019-01-25,55.5587,55.5738,54.2793,54.904,14054099.0
2019-01-28,54.5653,54.9943,54.2266,54.8814,13376672.0
2019-01-29,54.8663,55.4534,54.6706,55.1147,11966693.0
2019-01-30,55.2878,55.5512,54.9566,55.2201,13941230.0
2019-01-31,55.0545,56.3114,55.0244,56.0178,16797658.0
2019-02-01,57.1769,58.3209,56.6952,57.5381,15941757.0
2019-02-04,57.1618,57.8693,56.9586,57.8542,11824165.0
2019-02-05,58.2381,58.9907,57.9972,58.065,12955690.0
2019-02-06,57.8317,58.494,57.6736,58.2456,8375721.0
2019-02-07,57.9069,58.0499,57.2822,57.8166,9661407.0
2019-02-08,57.7639,58.3585,57.6284,58.3434,9266940.0
2019-02-11,58.5542,58.5843,57.3575,57.7338,13803942.0
2019-02-12,58.1704,59.4047,58.0349,59.0961,13676086.0
2019-02-13,59.1262,59.5853,59.0434,59.4724,10980106.0
2019-02-14,59.5552,59.8713,59.224,59.4122,8577042.0
2019-02-15,59.9541,60.3078,59.6605,60.067,10886100.0
2019-02-19,60.0519,60.3078,59.5175,59.638,9653547.0
2019-02-20,59.4573,59.8637,59.3143,59.781,8993517.0
2019-02-21,59.5928,60.2325,59.5702,60.082,7740633.0
2019-02-22,60.0369,60.8572,60.0369,60.7895,8337469.0
2019-02-25,60.8572,60.9551,60.2024,60.496,9741265.0
2019-02-26,60.6013,61.0379,60.21,60.7669,8927912.0
2019-02-27,60.6164,61.1808,60.5336,60.6766,7852978.0
2019-02-28,60.6089,61.5346,60.6089,61.1808,11588365.0
2019-03-01,61.5346,61.6625,61.0905,61.4518,10624205.0
2019-03-04,61.7378,61.8055,60.6089,61.2411,8522755.0
2019-03-05,61.3238,61.7378,61.1282,61.4894,8698190.0
2019-03-06,61.4142,61.5346,60.4357,60.7819,8167169.0
2019-03-07,60.9852,61.0454,60.2401,60.5486,10925505.0
2019-03-08,60.368,60.6615,59.495,60.0594,11716326.0
2019-03-11,60.4809,60.9852,60.2627,60.8647,9126613.0
2019-03-12,61.0905,61.3841,60.797,61.1357,9261281.0
2019-03-13,61.4217,61.7227,61.1056,61.4141,8059749.0
2019-03-14,61.6112,61.9521,61.3232,61.7476,8530406.0
2019-03-15,61.7551,62.0658,61.2247,61.8082,17341046.0
2019-03-18,61.5808,62.0052,61.3156,61.6415,14357914.0
2019-03-19,61.7854,62.134,61.346,62.0658,10224393.0
2019-03-20,62.0203,62.6796,61.6642,62.1946,11894590.0
2019-03-21,62.2098,63.0205,62.0203,62.8538,9473291.0
2019-03-22,62.8236,63.2327,62.1492,62.3538,10639191.0
2019-03-25,62.187,62.7023,62.0734,62.3992,7878654.0
2019-03-26,62.7099,63.2479,62.5659,62.8311,9242731.0
2019-03-27,62.8311,62.9372,61.9901,62.3538,10020766.0
2019-03-28,62.7326,62.8159,62.2704,62.6114,7161298.0
2019-03-29,62.8917,63.119,62.672,63.0205,10147994.0
2019-04-01,63.4449,63.5358,62.8463,63.1191,8820282.0
2019-04-02,63.2403,63.4373,62.8159,63.0508,5875088.0
2019-04-03,63.0963,63.3919,62.7023,63.0281,6550734.0
2019-04-04,62.8993,63.0433,61.5354,62.0203,10257719.0
2019-04-05,62.1113,62.2552,61.4596,61.4899,10324162.0
2019-04-08,61.346,61.5733,60.8837,61.3384,10586267.0
2019-04-09,61.0504,61.3611,60.8155,61.2247,10785282.0
2019-04-10,61.2702,61.6187,61.1111,61.2399,6894268.0
2019-04-11,61.3232,61.3232,60.1563,60.4973,10410518.0
2019-04-12,60.6261,60.9519,60.0881,60.1866,10164762.0
2019-04-15,60.0957,60.2321,59.4592,59.5047,13822491.0
2019-04-16,60.0351,60.0806,58.6636,58.7697,12531250.0
2019-04-17,58.8075,58.8151,55.8827,56.0115,34181463.0
2019-04-18,55.6781,56.11,54.731,55.4584,32768445.0
2019-04-22,55.4356,55.9282,55.1174,55.663,14548441.0
2019-04-23,55.8448,57.0193,55.6175,56.5268,19281523.0
2019-04-24,56.6253,56.9132,56.057,56.6253,12779102.0
2019-04-25,56.5116,58.209,56.4207,57.8452,13994154.0
2019-04-26,58.0726,58.3378,57.6558,58.065,8888193.0
2019-04-29,58.0347,58.4817,57.9513,58.1786,7395317.0
2019-04-30,58.7697,59.785,57.5876,59.6411,11269039.0
2019-05-01,59.6259,60.4139,59.4289,59.6486,15288643.0
2019-05-02,59.5653,60.4897,59.5653,60.2548,11579142.0
2019-05-03,60.27,60.7246,60.0502,60.6185,7942582.0
2019-05-06,59.5047,60.4594,59.3304,60.2245,9906534.0
2019-05-07,59.7774,60.0805,58.6636,59.0273,10523387.0
2019-05-08,59.3531,59.6411,59.0273,59.2395,10567508.0
2019-05-09,58.8606,59.4895,58.5272,59.3531,8105861.0
2019-05-10,59.1637,59.3531,58.2014,59.247,9027158.0
2019-05-13,58.209,58.747,58.209,58.4742,9641705.0
2019-05-14,58.8151,59.1637,58.6181,58.6636,8113826.0
2019-05-15,58.2468,59.0121,58.1938,58.7621,7284543.0
2019-05-16,58.9288,60.5352,58.8985,59.9593,9910831.0
2019-05-17,59.4137,59.9138,58.9894,59.6486,8259707.0
2019-05-20,59.3759,60.0654,59.2925,59.7699,8281191.0
2019-05-21,59.9214,60.4139,59.5047,60.2397,10873734.0
2019-05-22,60.126,61.4899,60.0957,61.3611,13491847.0
2019-05-23,61.0732,61.5202,60.9292,61.3914,9831498.0
2019-05-24,61.6036,62.0885,61.4596,61.5051,6071588.0
2019-05-28,61.6642,62.0885,60.7928,60.8155,13779733.0
2019-05-29,60.7095,60.8989,59.6714,60.1336,11278890.0
2019-05-30,60.2851,60.4821,60.0048,60.376,7483768.0
2019-05-31,60.1109,60.5579,59.7093,60.0199,7142749.0
2019-06-03,60.3533,61.3156,60.2548,60.8155,9218103.0
2019-06-04,61.1868,61.6263,60.7019,61.4369,9368806.0
2019-06-05,61.6642,62.3386,61.4369,61.8991,9821961.0
2019-06-06,62.2552,62.4674,61.7021,61.7097,11393961.0
2019-06-07,61.9976,62.8008,61.9976,62.4825,8797436.0
2019-06-10,62.6492,62.6492,61.8688,62.4977,7536273.0
2019-06-11,62.8084,63.2024,62.475,62.8766,7789679.0
2019-06-12,62.9978,63.854,62.9978,63.4297,11057762.0
2019-06-13,63.6949,63.7858,62.5356,62.8159,10194001.0
2019-06-14,63.0906,63.594,62.8999,63.144,7989952.0
2019-06-17,63.0829,63.5635,62.9533,63.5406,6427279.0
2019-06-18,63.4872,64.5856,63.4872,64.4483,11425086.0
2019-06-19,64.2653,65.2645,64.2347,65.112,9825419.0
2019-06-20,65.5849,65.9816,64.3187,64.5322,12490483.0
2019-06-21,64.4102,64.6619,63.7999,64.5093,15034294.0
2019-06-24,64.8145,65.623,64.639,65.2264,7891440.0
2019-06-25,65.2569,65.7985,64.6924,65.0204,9348894.0
2019-06-26,64.9746,64.9899,63.3804,63.7237,12604401.0
2019-06-27,63.8228,64.6009,63.6169,63.9449,11721670.0
2019-06-28,64.0517,64.4254,63.2965,63.9601,46684837.0
2019-07-01,64.3263,64.784,63.9907,64.6467,10260863.0
2019-07-02,64.4254,65.2264,64.1508,65.2264,10381593.0
2019-07-03,65.6459,66.4163,65.5925,66.2866,6533232.0
2019-07-05,66.1188,66.2104,65.2111,65.295,8767358.0
2019-07-08,64.845,65.2188,63.6932,64.1051,13693273.0
2019-07-09,64.2576,64.9975,64.1432,64.7306,8490791.0
2019-07-10,64.6848,64.9213,64.3415,64.7,5996132.0
2019-07-11,63.6932,63.8228,60.8556,61.7862,22146126.0
2019-07-12,61.6718,61.7099,59.9784,60.8174,18910636.0
2019-07-15,61.4811,61.9921,61.1149,61.7557,10922570.0
2019-07-16,62.0303,62.3812,61.7023,62.2362,8448662.0
2019-07-17,62.5185,62.8083,62.2286,62.4879,9848999.0
2019-07-18,62.8617,63.2813,62.2439,63.0753,8472661.0
2019-07-19,63.0829,63.1744,61.9006,62.0837,12053782.0
2019-07-22,62.3049,62.4117,61.8243,61.9464,7261697.0
2019-07-23,62.1523,62.877,61.7023,62.5719,7420469.0
2019-07-24,62.549,62.7854,61.8777,62.3583,7720197.0
2019-07-25,62.1294,63.3575,61.8243,62.3583,9670106.0
2019-07-26,62.2286,62.2667,61.7175,62.1142,7638977.0
2019-07-29,62.6253,63.1592,62.2515,62.9227,11123682.0
2019-07-30,64.0669,64.967,63.1745,63.5177,14286965.0
2019-07-31,63.2355,64.5704,63.1897,63.3041,12443428.0
2019-08-01,63.3575,64.456,63.0372,63.8381,10550006.0
2019-08-02,63.983,64.6619,63.7313,64.4331,10913767.0
2019-08-05,63.9601,64.3339,62.671,63.4033,11885578.0
2019-08-06,63.4033,64.4407,63.388,64.3415,11025274.0
2019-08-07,64.2347,64.6009,63.1592,64.2653,11509660.0
2019-08-08,64.6467,64.8755,64.3186,64.6314,8699762.0
2019-08-09,64.9136,65.6841,64.6162,65.234,8968260.0
2019-08-12,65.0128,65.5467,64.4712,64.8526,8761909.0
2019-08-13,65.1882,66.2027,65.1882,65.6612,8413658.0
2019-08-14,65.1196,65.4781,63.5787,63.6169,11411148.0
2019-08-15,63.7084,63.9602,63.2279,63.6627,9543612.0
2019-08-16,64.4178,65.112,64.189,64.8831,9156271.0
2019-08-19,65.2874,66.0044,65.1806,65.7451,7655221.0
2019-08-20,65.6078,66.157,65.2798,65.3332,6176598.0
2019-08-21,65.8213,66.5536,65.6993,66.2943,6486072.0
2019-08-22,66.1722,66.5155,65.7908,66.1494,6588776.0
2019-08-23,65.768,66.3172,64.4407,64.7916,10608694.0
2019-08-26,65.1272,65.5239,64.8984,65.5086,6041825.0
2019-08-27,65.9205,66.3019,65.1806,65.234,6527049.0
2019-08-28,65.0357,66.0349,64.8678,65.9663,6159934.0
2019-08-29,66.4163,66.6299,65.7374,66.1494,6321012.0
2019-08-30,66.4545,66.5307,65.7298,65.9587,6795127.0
2019-09-03,65.7832,66.3706,65.6307,66.096,6695882.0
2019-09-04,66.4697,66.4926,65.1577,65.6383,7868070.0
2019-09-05,66.0883,66.1036,65.2188,65.6764,7524954.0
2019-09-06,66.0121,66.3096,65.8366,66.035,7047695.0
2019-09-09,65.9815,65.9968,63.2507,63.6703,12040786.0
2019-09-10,62.8465,62.8465,60.1462,62.3125,18087432.0
2019-09-11,62.4422,63.3957,62.2591,63.2507,10602197.0
2019-09-12,63.6779,64.1356,63.1516,63.5482,8416698.0
2019-09-13,63.7095,64.1702,63.0568,63.4331,7521496.0
2019-09-16,63.3102,63.3102,62.7266,62.9877,6191270.0
2019-09-17,63.0645,64.1165,63.0645,63.3563,7375405.0
2019-09-18,63.4791,63.9475,63.2565,63.7479,6943734.0
2019-09-19,63.7479,64.7307,63.6404,64.4773,6922774.0
2019-09-20,65.0686,65.9363,64.7461,65.3911,23631247.0
2019-09-23,65.1991,65.4372,64.7614,64.7768,8909572.0
2019-09-24,64.9227,65.1761,64.032,64.1932,9377085.0
2019-09-25,64.0934,64.5234,63.6941,63.8093,7290936.0
2019-09-26,64.2086,64.5695,63.7632,64.4082,8104918.0
2019-09-27,64.4082,64.4927,63.41,63.6634,7827093.0
2019-09-30,63.8938,65.3451,63.8938,64.6386,9806974.0
2019-10-01,64.6386,64.9611,64.1472,64.2009,7050001.0
2019-10-02,63.7863,63.8938,61.8436,62.6729,8762433.0
2019-10-03,62.9109,63.6404,62.6806,63.5329,5790095.0
2019-10-04,64.055,65.3604,63.8554,65.2682,7504518.0
2019-10-07,65.2913,65.3527,64.462,64.7998,5086154.0
2019-10-08,64.3391,64.8152,63.7939,63.9552,6416694.0
2019-10-09,64.6309,64.8767,64.1395,64.6386,4660875.0
2019-10-10,64.6079,65.1531,64.1856,64.3161,8580290.0
2019-10-11,64.7307,65.6061,64.7,64.7614,6229626.0
2019-10-14,64.7845,65.3527,64.7231,65.0302,5513214.0
2019-10-15,65.1915,65.345,64.9534,65.299,5205102.0
2019-10-16,65.3143,65.3374,64.8229,64.8459,5686134.0
2019-10-17,64.8229,64.9995,64.3007,64.3468,7178486.0
2019-10-18,64.2777,65.1991,64.2393,65.0225,7883056.0
2019-10-21,65.2452,65.3143,64.5618,64.8997,5352136.0
2019-10-22,62.9647,63.4868,61.6209,62.4272,18629038.0
2019-10-23,62.4195,63.6327,62.3196,63.6327,8511961.0
2019-10-24,63.817,64.2239,62.9954,63.41,5232769.0
2019-10-25,63.172,63.6174,62.9877,63.1643,7868384.0
2019-10-28,63.5252,64.0934,61.69,63.1182,15557665.0
2019-10-29,64.5388,65.8595,63.5022,65.345,17371019.0
2019-10-30,65.2682,66.4124,64.7461,66.205,10026845.0
2019-10-31,66.1129,66.7963,65.6599,66.5429,12419429.0
2019-11-01,66.8577,66.9883,65.107,65.2222,9281298.0
2019-11-04,65.7213,65.8058,64.4082,64.4236,8947195.0
2019-11-05,64.247,64.3084,63.5252,63.6711,9937974.0
2019-11-06,64.1625,64.4697,63.8323,63.9245,9735606.0
2019-11-07,63.9091,64.4927,63.4791,63.6404,9251325.0
2019-11-08,63.6634,64.2777,63.5098,64.1856,6653123.0
2019-11-11,63.8554,64.2239,63.7018,63.9475,3725221.0
2019-11-12,64.1779,65.13,64.1779,64.5925,8616656.0
2019-11-13,64.9227,65.3527,64.5848,65.13,6516883.0
2019-11-14,65.2068,65.4064,64.27,64.9227,7911247.0
2019-11-15,65.0302,65.729,64.9918,65.1915,9675870.0
2019-11-18,65.0072,65.13,64.3852,64.6002,10701757.0
2019-11-19,64.8075,65.2299,64.4774,64.9995,9691380.0
2019-11-20,64.9074,65.6368,64.8459,65.4756,8160147.0
2019-11-21,65.8057,65.8595,64.7077,65.6214,7195568.0
2019-11-22,65.7673,66.3125,65.514,65.6138,7800159.0
2019-11-25,66.0668,66.4892,65.5293,65.8058,9021289.0
2019-11-26,66.0361,67.1418,65.967,67.065,19233420.0
2019-11-27,67.1111,67.472,66.7963,67.2723,6037318.0
2019-11-29,66.9345,67.3952,66.827,66.9422,4880222.0
2019-12-02,67.2186,67.5642,66.4584,66.8347,5597997.0
2019-12-03,66.5582,67.1648,66.42,67.0957,7466162.0
2019-12-04,67.2109,68.1324,66.9422,68.0863,7293766.0
2019-12-05,68.1324,68.1785,67.5488,68.1477,8267462.0
2019-12-06,68.3397,68.524,68.1477,68.2245,7245872.0
2019-12-09,68.2629,68.3397,67.7254,68.1247,8054823.0
2019-12-10,68.0326,68.7467,67.9635,68.4165,8663711.0
2019-12-11,68.4472,68.716,68.2245,68.3243,6821746.0
2019-12-12,68.3704,69.0768,68.2706,68.7774,6863876.0
2019-12-13,68.9629,69.2644,68.3753,68.9552,7571800.0
2019-12-16,69.3108,69.5814,68.9475,69.0325,10355183.0
2019-12-17,69.0634,69.1562,68.4372,68.8238,11690545.0
2019-12-18,69.0789,69.5814,68.9088,69.2876,11578199.0
2019-12-19,69.4964,69.651,69.1871,69.5737,7602716.0
2019-12-20,70.7102,71.6225,70.2308,70.803,17849641.0
2019-12-23,70.9962,71.1431,70.6947,70.9267,7895946.0
2019-12-24,70.8494,70.9189,70.4087,70.6947,2343223.0
2019-12-26,70.8184,70.9112,70.4087,70.6174,3062675.0
2019-12-27,70.8803,70.8957,70.5633,70.7411,3758966.0
2019-12-30,70.7643,70.888,70.1458,70.3777,3932934.0
2019-12-31,70.2927,70.3468,69.9216,70.3159,4710760.0
2020-01-02,70.4164,71.2359,69.8675,71.1586,8251428.0
2020-01-03,70.1071,71.1818,69.9757,70.5478,5903698.0
2020-01-06,70.5324,70.9267,70.3468,70.8493,7522963.0
2020-01-07,70.1999,70.4473,68.9011,68.9629,11132275.0
2020-01-08,68.8779,69.1949,68.3521,68.499,15200506.0
2020-01-09,68.7696,69.6201,68.6382,69.1021,9714750.0
2020-01-10,69.365,69.6665,69.1562,69.2181,5945304.0
2020-01-13,69.2103,69.2954,68.8237,69.2026,10261492.0
2020-01-14,69.0171,69.5273,68.7078,69.5273,8625669.0
2020-01-15,69.6587,70.8262,69.651,70.772,9614038.0
2020-01-16,71.0194,71.1741,70.3932,70.4937,7252474.0
2020-01-17,70.571,70.8416,70.2463,70.3313,10131226.0
2020-01-21,70.1381,70.3314,69.3572,69.5582,10022129.0
2020-01-22,69.7129,69.9371,69.2877,69.3108,7800474.0
2020-01-23,69.3186,69.3186,68.2362,68.4681,13198093.0
2020-01-24,68.5223,68.6769,66.1642,66.4735,14954960.0
2020-01-27,65.7931,66.8832,65.4916,66.5662,10847534.0
2020-01-28,66.8291,67.0378,66.4116,66.6822,9496347.0
2020-01-29,66.9528,68.1589,66.8214,67.4476,8511227.0
2020-01-30,67.2234,67.3626,66.6435,66.8755,11016471.0
2020-01-31,66.7827,67.0069,65.7158,66.056,9621583.0
2020-02-03,66.5198,68.2053,66.5198,67.5249,9729318.0
2020-02-04,68.3676,68.9629,68.0815,68.3135,15091305.0
2020-02-05,65.4684,67.061,64.9427,66.3575,29290133.0
2020-02-06,66.5044,66.6667,65.9168,66.2415,16110170.0
2020-02-07,66.4039,66.4425,65.5844,65.7776,11419427.0
2020-02-10,65.7776,66.4735,65.6694,66.2261,10590983.0
2020-02-11,66.3807,66.4889,65.6771,65.9091,10252689.0
2020-02-12,65.7467,65.8936,64.0922,64.3628,19630926.0
2020-02-13,64.1154,64.1154,62.9712,63.3732,19388734.0
2020-02-14,63.5742,64.0149,63.1413,63.8989,8743464.0
2020-02-18,64.0767,64.2546,63.5974,63.752,10017308.0
2020-02-19,64.2314,64.2546,63.064,63.3964,11740220.0
2020-02-20,63.5665,64.0381,63.1799,63.7752,10941330.0
2020-02-21,63.5433,63.8835,63.1722,63.6593,9295970.0
2020-02-24,62.3218,63.8525,62.2908,62.8784,13734145.0
2020-02-25,63.033,63.35,61.7342,62.0589,13171683.0
2020-02-26,62.3604,63.1104,61.6723,61.8038,11940283.0
2020-02-27,62.3991,63.2031,60.3039,60.3658,15734253.0
2020-02-28,59.2834,59.9096,57.3506,59.1906,29246117.0
2020-03-02,59.6313,63.0485,59.5926,62.9093,18840525.0
2020-03-03,62.9326,63.7057,60.2343,61.1776,17394599.0
2020-03-04,63.0099,64.2237,61.7574,64.1464,20224199.0
2020-03-05,63.033,63.9917,62.5769,63.0717,15017840.0
2020-03-06,61.827,63.8757,61.4095,63.551,14208574.0
2020-03-09,60.3039,62.4068,59.523,61.0461,18942810.0
2020-03-10,62.2213,63.5356,59.9173,63.4119,17527486.0
2020-03-11,61.7187,61.9738,60.3271,61.2703,14274179.0
2020-03-12,57.5206,60.3503,56.6393,57.5593,22664782.0
2020-03-13,59.4146,60.2019,56.3277,59.8277,25857094.0
2020-03-16,55.1662,59.3132,52.321,54.5036,20808354.0
2020-03-17,55.8522,59.2976,55.6417,58.0582,24745795.0
2020-03-18,55.6963,58.1985,53.6539,55.8366,18558508.0
2020-03-19,55.6183,56.7954,53.7163,55.135,19268738.0
2020-03-20,54.2152,56.5148,53.3967,55.6261,23075912.0
2020-03-23,54.7764,55.821,50.8633,51.7597,18375003.0
2020-03-24,53.7787,54.3711,52.3755,53.8254,19901939.0
2020-03-25,53.3265,54.8622,52.0326,53.1784,18311494.0
2020-03-26,53.1161,57.8243,53.0849,57.3177,18052848.0
2020-03-27,55.9691,57.2397,55.5403,55.9145,12467218.0
2020-03-30,57.3878,60.4825,56.811,59.9836,15803316.0
2020-03-31,59.4379,60.4902,58.8689,59.9758,15079672.0
2020-04-01,58.1985,58.8299,56.8967,57.5281,11665288.0
2020-04-02,59.2275,60.1161,57.7074,59.9212,12843345.0
2020-04-03,59.4613,60.3656,58.713,59.438,10039211.0
2020-04-06,61.0593,63.0237,60.7241,62.6028,14314108.0
2020-04-07,63.6707,63.8968,61.1139,61.2386,10657950.0
2020-04-08,61.7219,64.6996,61.0671,63.6239,11481888.0
2020-04-09,63.2731,64.9257,62.5014,64.3021,13876568.0
2020-04-13,63.7798,64.2865,62.2286,62.782,7706678.0
2020-04-14,64.1774,64.8556,62.9302,64.5749,12155333.0
2020-04-15,63.3199,64.6685,62.7976,63.9747,10809072.0
2020-04-16,64.4268,64.9569,64.1228,64.6996,9145058.0
2020-04-17,65.4402,65.6039,64.2631,65.0582,15433162.0
2020-04-20,64.5593,65.5805,62.9535,64.7776,11675768.0
2020-04-21,63.6239,64.154,60.9658,61.2386,17876574.0
2020-04-22,61.7375,62.8678,61.4491,62.3455,11933890.0
2020-04-23,62.5092,63.8266,62.4936,63.0471,8152497.0
2020-04-24,63.6083,63.9981,63.1562,63.4758,7686451.0
2020-04-27,63.3199,66.0014,63.0081,65.4636,12786753.0
2020-04-28,63.2809,64.0994,62.4936,63.2809,20273560.0
2020-04-29,64.0683,64.0683,61.605,62.9613,13687194.0
2020-04-30,62.2208,62.6729,61.6907,61.8466,11638878.0
2020-05-01,61.4725,61.4725,59.968,60.5448,9518565.0
2020-05-04,60.8177,60.8255,59.4146,59.9134,8850255.0
2020-05-05,60.2174,61.4257,59.8433,60.8099,7401395.0
2020-05-06,61.0749,61.301,60.0849,60.1161,12414922.0
2020-05-07,60.0226,60.1161,58.7987,58.9312,12602410.0
2020-05-08,59.6328,59.9914,59.2197,59.5548,8791672.0
2020-05-11,59.2664,60.8566,59.1807,60.7319,10622528.0
2020-05-12,60.919,61.3477,60.1161,60.1707,9544660.0
2020-05-13,59.7575,61.4257,59.6952,60.7163,10935146.0
2020-05-14,60.2408,62.4624,60.2252,62.4001,11407585.0
2020-05-15,62.4469,62.7898,61.4491,62.1896,9367234.0
2020-05-18,63.1406,63.1406,61.7609,62.1428,12552630.0
2020-05-19,61.948,62.1506,60.2954,60.4513,10591822.0
2020-05-20,60.8255,60.9892,59.7731,59.9368,11027685.0
2020-05-21,59.8355,60.046,59.4535,59.6718,9000329.0
2020-05-22,59.3756,59.7575,59.2976,59.5315,6357482.0
2020-05-26,61.0047,61.2698,59.9524,60.2252,19146017.0
2020-05-27,60.0226,60.5215,59.243,60.4513,12828987.0
2020-05-28,61.2698,62.5872,61.1996,61.6128,13180906.0
2020-05-29,61.9402,63.0938,61.0437,62.9224,13517104.0
2020-06-01,62.5014,62.7197,61.6829,62.0181,6269241.0
2020-06-02,62.0025,63.0315,61.4491,63.0159,11352984.0
2020-06-03,63.1406,64.193,63.0315,63.9669,13675457.0
2020-06-04,63.3511,64.0449,63.0159,63.5694,9292930.0
2020-06-05,64.0059,64.801,63.5226,64.1228,10413347.0
2020-06-08,63.2576,64.8556,63.2576,64.6217,9956838.0
2020-06-09,64.8478,65.0972,64.0137,64.1228,8846168.0
2020-06-10,64.2631,64.5281,63.1328,63.7408,9080920.0
2020-06-11,62.9925,63.6551,60.2954,60.2954,14303838.0
2020-06-12,61.199,61.2304,59.2975,59.9497,17000656.0
2020-06-15,58.8576,59.219,57.8047,58.1583,17684162.0
2020-06-16,59.2268,60.8218,58.7947,60.4761,21437050.0
2020-06-17,60.7825,60.8532,59.4233,59.9418,13983045.0
2020-06-18,59.4233,59.934,59.2111,59.8868,7750903.0
2020-06-19,60.6018,61.2697,59.5647,61.2068,17691393.0
2020-06-22,60.7904,60.9947,60.0518,60.3033,7474231.0
2020-06-23,60.8925,61.7725,60.4132,60.594,11428650.0
2020-06-24,60.2875,60.4133,59.2818,59.6118,8084901.0
2020-06-25,59.439,60.4683,59.1718,60.1618,7583328.0
2020-06-26,59.989,60.2876,58.9283,59.0776,12328882.0
2020-06-29,59.6354,60.1147,59.3368,59.8082,7230990.0
2020-06-30,60.3032,61.0182,59.8711,60.759,9940804.0
2020-07-01,60.8375,62.024,60.594,61.3797,9948769.0
2020-07-02,61.7333,62.3147,61.4583,61.8983,6827825.0
2020-07-06,62.2597,62.8725,61.9925,62.5268,8058282.0
2020-07-07,62.0711,62.6054,61.749,61.8511,6956414.0
2020-07-08,61.7804,62.0397,60.8768,61.2226,8211394.0
2020-07-09,61.2383,61.5604,59.7454,60.2561,7966058.0
2020-07-10,60.3032,60.7747,60.0282,60.2875,5161400.0
2020-07-13,60.4997,61.7411,60.2875,60.7747,8114245.0
2020-07-14,60.924,61.7647,60.7825,61.4818,8397100.0
2020-07-15,62.2597,62.8332,61.9454,62.4168,7709717.0
2020-07-16,62.6839,62.7075,61.8747,62.3854,5850774.0
2020-07-17,62.6368,63.0532,62.3147,62.7547,8191378.0
2020-07-20,62.7547,63.014,62.1261,62.3933,5434194.0
2020-07-21,62.6368,62.9511,61.9061,61.9847,8967526.0
2020-07-22,62.3225,62.6683,61.3011,61.8983,12362103.0
2020-07-23,62.189,62.2282,60.9004,61.3325,11558916.0
2020-07-24,61.1675,61.2775,59.9968,60.5782,9068763.0
2020-07-27,60.0361,62.1811,59.9575,62.0161,10958307.0
2020-07-28,62.2204,63.0218,62.0475,62.6132,8494564.0
2020-07-29,62.2675,62.6525,61.8668,62.3461,6398040.0
2020-07-30,61.859,62.2911,60.9947,62.0632,7152600.0
2020-07-31,63.5561,64.1768,62.189,63.0454,12291154.0
2020-08-03,64.5461,65.8425,64.3182,64.8525,10601463.0
2020-08-04,64.8604,64.8604,63.6975,64.1689,7218729.0
2020-08-05,64.4832,64.7975,63.7604,64.1454,6492465.0
2020-08-06,64.0039,64.7346,63.3125,63.6818,7256562.0
2020-08-07,63.4776,63.6583,62.8804,63.6583,6977584.0
2020-08-10,63.6504,63.8075,63.0925,63.5718,5782445.0
2020-08-11,64.2318,64.3261,63.3518,63.5718,7636671.0
2020-08-12,63.9332,65.1432,63.9097,64.9625,7295652.0
2020-08-13,64.5304,65.7089,64.4361,65.6382,7455262.0
2020-08-14,65.5125,66.3375,65.3475,65.5911,7390496.0
2020-08-17,66.2197,66.9268,66.0075,66.5968,8764319.0
2020-08-18,66.6989,66.7932,65.8189,66.4396,6551572.0
2020-08-19,66.4396,67.3432,66.4396,66.8089,6896050.0
2020-08-20,66.6282,67.0289,66.3061,66.8089,6380434.0
2020-08-21,66.8639,66.9268,66.0939,66.7697,6890495.0
2020-08-24,66.9425,67.1547,66.3768,67.1154,7582280.0
2020-08-25,67.5004,67.7989,66.9425,67.3196,10245982.0
2020-08-26,67.0289,67.3197,66.5182,67.2097,7844175.0
2020-08-27,67.1389,67.6968,66.8482,67.4296,6464902.0
2020-08-28,67.4768,67.4768,66.7146,67.2961,6134049.0
2020-08-31,67.2568,67.5161,66.8954,66.9975,7929273.0
2020-09-01,67.0604,67.4139,65.9368,66.3375,6797433.0
2020-09-02,66.3768,68.5218,66.2118,68.3018,11571597.0
2020-09-03,68.8989,68.9853,66.7382,67.1704,12983672.0
2020-09-04,67.2175,68.2703,66.1961,66.9739,9359688.0
2020-09-08,67.5239,67.5239,65.2139,65.4732,9095592.0
2020-09-09,65.8189,67.4296,65.7325,66.6911,8862307.0
2020-09-10,66.5732,66.6911,65.4339,65.6618,6907578.0
2020-09-11,65.8739,66.6911,65.8268,66.3768,7171254.0
2020-09-14,66.638,67.3502,66.266,66.6063,8575994.0
2020-09-15,67.0574,67.4056,66.2027,66.6459,10826678.0
2020-09-16,66.8754,68.1417,66.8754,67.7222,10380230.0
2020-09-17,67.5719,67.8805,66.8358,67.7776,8090455.0
2020-09-18,67.7222,68.3,67.2236,67.9122,12308446.0
2020-09-21,67.2078,67.5402,64.9681,65.7911,10445311.0
2020-09-22,65.7674,66.1394,65.0551,65.6408,8143170.0
2020-09-23,65.7595,66.3372,65.3558,65.3954,7085842.0
2020-09-24,64.976,66.0681,64.7781,65.807,7844280.0
2020-09-25,65.0155,65.8782,64.7385,65.6329,6932101.0
2020-09-28,65.8465,66.2422,65.34,65.4983,6123674.0
2020-09-29,65.435,65.807,64.6594,64.8177,6742413.0
2020-09-30,65.1026,65.9415,64.9127,65.6487,11593605.0
2020-10-01,65.8307,65.9573,64.3033,64.6119,8410305.0
2020-10-02,63.9471,64.6911,63.6701,63.9471,5255406.0
2020-10-05,64.2874,64.5328,63.8047,64.2953,8807182.0
2020-10-06,64.2083,64.2162,62.9341,63.0212,10273230.0
2020-10-07,63.3852,63.591,62.9262,63.3456,9845226.0
2020-10-08,63.6226,64.7623,63.4406,63.6939,9217160.0
2020-10-09,64.0104,64.1687,63.3536,63.5989,5956098.0
2020-10-12,63.7176,63.8838,63.2428,63.5989,8276370.0
2020-10-13,63.5514,64.05,63.3456,63.8759,9125774.0
2020-10-14,63.9867,64.05,63.3694,63.7176,9166122.0
2020-10-15,63.1557,63.2665,62.3484,62.57,9151974.0
2020-10-16,62.76,63.5514,62.6096,63.1794,7903492.0
2020-10-19,63.4089,63.7018,61.9923,62.2614,8614455.0
2020-10-20,62.4988,62.4988,61.7944,61.9448,11144746.0
2020-10-21,61.9369,62.4038,61.7549,61.7865,9689808.0
2020-10-22,61.8103,62.8787,61.8103,62.6888,6075990.0
2020-10-23,62.7283,63.8047,62.7283,63.1794,7309381.0
2020-10-26,62.7837,63.1557,61.9369,62.396,9122840.0
2020-10-27,62.4672,63.496,61.7232,61.7232,12241374.0
2020-10-28,61.0426,61.5174,60.1641,60.2907,8989954.0
2020-10-29,60.2828,60.6152,59.0957,60.0612,9314310.0
2020-10-30,59.6576,60.0612,58.5179,59.523,11096748.0
2020-11-02,60.5044,60.8289,59.8634,60.7102,8145475.0
2020-11-03,61.3117,61.9132,60.7498,60.8764,7693578.0
2020-11-04,63.2665,65.6012,62.9499,63.8047,14731422.0
2020-11-05,64.9443,65.6091,63.6622,63.678,9277210.0
2020-11-06,62.8787,64.2162,62.8787,63.5989,6945515.0
2020-11-09,67.097,67.4056,63.591,63.7097,11184046.0
2020-11-10,64.7227,64.9206,64.1133,64.1925,8593914.0
2020-11-11,64.7939,64.7939,63.7809,64.1529,5741678.0
2020-11-12,63.7492,64.1054,62.5463,63.2032,7464799.0
2020-11-13,63.5039,64.7781,63.0924,64.1766,7694206.0
2020-11-16,64.2874,64.8098,63.0766,63.4565,9503474.0
2020-11-17,64.1529,64.8652,63.6385,64.5011,9509133.0
2020-11-18,64.4457,64.8731,63.496,63.5118,8678174.0
2020-11-19,63.9234,63.9234,62.7837,63.6226,7037110.0
2020-11-20,63.6859,63.955,63.1003,63.6701,8415440.0
2020-11-23,63.7967,64.232,62.8233,63.5356,9498548.0
2020-11-24,63.3298,64.0183,63.0528,63.4248,12790840.0
2020-11-25,63.4248,63.678,62.9974,63.3615,6023590.0
2020-11-27,63.5514,63.8521,62.9657,63.2032,5644528.0
2020-11-30,63.314,63.7413,62.847,63.6226,14501910.0
2020-12-01,64.0658,65.2609,63.9629,64.5407,10166543.0
2020-12-02,64.8493,65.4825,64.3349,64.7623,7165805.0
2020-12-03,64.8493,64.8731,63.963,64.4616,7085109.0
2020-12-04,64.2162,64.8652,64.1925,64.8493,8651554.0
2020-12-07,64.9443,66.0602,64.9364,65.3005,8829190.0
2020-12-08,65.1263,66.2739,65.1026,65.8307,8664969.0
2020-12-09,66.3372,66.3847,65.3242,66.0602,7168320.0
2020-12-10,66.2106,66.4322,65.4667,65.6803,7349205.0
2020-12-11,65.5695,66.0206,65.3084,65.6566,7979158.0
2020-12-14,65.9118,66.2708,63.8459,64.0692,13139300.0
2020-12-15,64.2128,64.6435,63.814,64.1968,10087838.0
2020-12-16,64.0373,64.4122,63.5348,63.6784,9487649.0
2020-12-17,64.1251,64.2607,63.5587,63.6704,11710038.0
2020-12-18,63.5826,63.9575,62.5776,63.4391,33161759.0
2020-12-21,62.8568,63.2795,62.0112,63.2476,11140764.0
2020-12-22,63.0083,63.806,62.4101,63.3513,9052414.0
2020-12-23,63.4869,64.157,63.471,63.6225,6056078.0
2020-12-24,63.814,64.157,63.7103,63.9256,2957456.0
2020-12-28,64.3324,64.7233,63.9177,64.1729,4804242.0
2020-12-29,64.4521,65.0823,64.4202,64.9467,5708037.0
2020-12-30,65.1381,65.1939,64.2447,64.2846,5933357.0
2020-12-31,64.3245,65.3615,64.1171,65.2498,5511118.0
2021-01-04,65.4093,65.4811,63.7182,64.5797,10502637.0
2021-01-05,64.3484,64.9307,63.7422,64.6914,10956526.0
2021-01-06,64.2766,65.9996,64.0612,65.7124,10521396.0
2021-01-07,65.848,67.2998,65.4652,67.0206,10447931.0
2021-01-08,67.2998,67.2998,65.8481,66.2309,9563105.0
2021-01-11,66.6058,68.2809,66.4064,67.8023,13488179.0
2021-01-12,67.8981,67.914,65.848,66.2788,10128606.0
2021-01-13,66.5021,66.5021,65.5848,65.6805,10093812.0
2021-01-14,65.7443,66.0474,65.3136,65.5449,11366398.0
2021-01-15,65.2817,66.6058,65.0583,66.5101,10203538.0
2021-01-19,66.6617,66.9249,65.9358,66.3586,8467316.0
2021-01-20,66.4064,66.6457,65.6247,65.7762,11097901.0
2021-01-21,65.2577,65.6486,64.5797,64.7552,9043716.0
2021-01-22,64.5239,64.9546,64.4202,64.5957,9436926.0
2021-01-25,64.3803,64.7632,63.8618,64.7313,9957677.0
2021-01-26,64.7313,64.7313,63.9176,64.0134,7748283.0
2021-01-27,63.7023,63.8698,61.2933,61.4768,16230376.0
2021-01-28,61.4848,62.6254,61.4768,62.1548,12972039.0
2021-01-29,62.2106,62.5138,60.9344,61.4768,10671470.0
2021-02-01,62.2106,62.4819,61.6922,61.7081,8224599.0
2021-02-02,62.0511,62.9525,61.9793,62.0351,9866710.0
2021-02-03,61.9315,62.3383,61.5406,61.6762,10034810.0
2021-02-04,61.397,61.4289,60.2563,60.6472,18867563.0
2021-02-05,60.9663,61.405,60.1526,60.4637,13901825.0
2021-02-08,60.5036,60.7748,59.5544,59.8575,16718534.0
2021-02-09,59.9054,59.9612,59.3151,59.8575,13484616.0
2021-02-10,60.0808,60.1287,59.4587,59.7378,11721566.0
2021-02-11,59.674,59.9054,59.2114,59.6182,8780982.0
2021-02-12,59.6022,59.9133,59.4587,59.8256,6738116.0
2021-02-16,60.1207,60.1686,59.0678,59.2273,9734453.0
2021-02-17,59.3949,60.6711,59.3231,60.2563,13876463.0
2021-02-18,60.041,60.5275,59.8575,60.1526,10004627.0
2021-02-19,60.1766,60.2324,59.2353,59.2752,12388198.0
2021-02-22,59.4268,59.8735,58.8125,59.7698,8612464.0
2021-02-23,60.0569,60.5914,59.3948,59.4587,10900458.0
2021-02-24,59.6661,60.041,59.339,59.4826,9838834.0
2021-02-25,59.1954,59.8256,59.0917,59.5225,10906955.0
2021-02-26,59.3789,59.5943,57.8633,57.9271,17644862.0
2021-03-01,58.3977,58.5413,57.5761,57.7357,12594864.0
2021-03-02,58.1026,58.6211,57.7516,58.1106,16047290.0
2021-03-03,58.0867,58.8125,57.7676,58.4695,13939972.0
2021-03-04,58.3738,58.4855,57.2092,57.5682,15975188.0
2021-03-05,57.8394,58.5573,57.4406,58.3339,12241164.0
2021-03-08,59.3231,60.2723,58.5493,59.1635,15391347.0
2021-03-09,59.4746,60.1925,59.1316,59.1396,14189920.0
2021-03-10,59.6342,60.0091,59.1077,59.6342,12827310.0
2021-03-11,59.7379,60.1128,59.4986,59.5305,13205324.0
2021-03-12,59.5707,60.2627,59.5385,60.0294,11493940.0
2021-03-15,60.7536,61.6065,60.4156,61.341,17999295.0
2021-03-16,61.2766,62.0974,61.2686,61.8077,15697887.0
2021-03-17,61.7433,62.3629,61.1318,62.202,17533878.0
2021-03-18,62.1698,62.9181,62.1296,62.1778,14274179.0
2021-03-19,62.1618,62.9664,61.172,62.371,58225203.0
2021-03-22,60.995,62.7653,60.7858,62.371,11352879.0
2021-03-23,62.033,62.2181,61.18,61.3732,11651245.0
2021-03-24,61.2122,61.7031,61.0835,61.349,9135416.0
2021-03-25,61.4939,61.6468,60.6007,61.2122,10700918.0
2021-03-26,61.2766,62.3388,61.0352,62.2744,10389767.0
2021-03-29,62.2181,63.2079,62.0974,63.0067,11448562.0
2021-03-30,62.7653,62.8297,61.7916,61.9284,10123366.0
2021-03-31,62.0411,62.5158,61.6709,62.033,13598219.0
2021-04-01,62.0893,62.3308,61.8158,62.033,9121373.0
2021-04-05,62.379,62.6929,61.7836,61.9606,9828144.0
2021-04-06,61.8882,61.9123,60.8662,60.9869,13394698.0
2021-04-07,61.2203,61.4778,60.9306,61.2525,8970566.0
2021-04-08,61.2203,61.4778,60.5765,60.7455,12007984.0
2021-04-09,60.7616,61.4617,60.6973,61.4054,8177439.0
2021-04-12,61.4536,61.6387,61.1398,61.3329,9970672.0
2021-04-13,61.1318,61.7675,61.0513,61.5019,8627346.0
2021-04-14,61.3973,61.7916,61.172,61.4778,8415545.0
2021-04-15,61.1961,62.2261,61.1961,61.687,14541734.0
2021-04-16,62.1618,62.5641,61.8158,62.3388,12512806.0
2021-04-19,62.5239,62.5963,61.9365,62.4917,8536903.0
2021-04-20,62.5078,63.6826,62.5078,63.2239,11009345.0
2021-04-21,63.5136,63.9643,63.3044,63.755,11817248.0
2021-04-22,63.57,63.6183,62.4112,62.7331,13330560.0
2021-04-23,62.6526,62.9262,62.3307,62.6687,8598840.0
2021-04-26,62.6526,62.6929,62.202,62.3871,7834219.0
2021-04-27,62.2986,62.717,62.1376,62.2503,9095802.0
2021-04-28,62.4515,62.7894,61.8479,62.033,11628398.0
2021-04-29,60.7536,60.9467,58.6211,59.289,30602753.0
2021-04-30,59.2086,60.4156,59.1281,59.9489,18052114.0
2021-05-03,59.7558,61.172,59.7236,61.1398,12543302.0
2021-05-04,61.2203,61.5341,60.7777,61.1479,10418587.0
2021-05-05,61.2364,62.548,60.9467,62.5239,16795143.0
2021-05-06,62.3146,62.6526,61.7111,62.5882,12871641.0
2021-05-07,62.7733,63.2964,62.6767,63.0952,12237496.0
2021-05-10,63.4251,63.7148,62.894,62.9021,10939758.0
2021-05-11,62.6285,63.2964,62.0813,62.3308,12148102.0
2021-05-12,62.5319,63.1918,62.202,62.7653,13379711.0
2021-05-13,62.6768,63.5619,62.4756,63.3205,10830451.0
2021-05-14,63.6182,63.6907,62.9423,62.9986,8273122.0
2021-05-17,63.3044,64.5114,63.24,64.27,12532508.0
2021-05-18,63.8436,64.2137,63.4814,63.8757,7943106.0
2021-05-19,63.5136,63.8918,62.725,63.8597,9132796.0
2021-05-20,63.5136,64.3666,63.4895,64.1011,7345222.0
2021-05-21,64.3183,64.6482,63.6343,63.7148,10863987.0
2021-05-24,63.9964,64.093,63.5378,63.5941,8737910.0
2021-05-25,63.57,63.7711,62.3307,62.3629,14331714.0
2021-05-26,62.4032,62.5802,61.9364,62.1457,9686454.0
2021-05-27,62.3629,62.4434,61.0594,61.0915,17675149.0
2021-05-28,61.172,61.4778,60.995,61.0674,13969735.0
2021-06-01,61.2042,61.2686,60.3754,60.4961,15798914.0
2021-06-02,60.6007,61.2283,60.5685,61.0513,11830453.0
2021-06-03,61.747,62.4048,61.4771,62.3289,15974400.0
2021-06-04,62.5734,62.8096,62.3205,62.4975,12728500.0
2021-06-07,62.5228,62.5734,61.3759,61.3928,16794400.0
2021-06-08,61.5193,61.7048,60.7856,61.0555,13657700.0
2021-06-09,61.5615,62.6578,61.5193,62.4385,12258700.0
2021-06-10,63.4421,64.4878,63.0288,64.2095,17236700.0
2021-06-11,64.6902,64.8167,63.7625,64.3191,13928400.0
2021-06-14,64.4211,64.4722,63.6897,64.1745,7841400.0
2021-06-15,64.217,64.4467,63.5536,64.3871,14185700.0
2021-06-16,64.8294,65.9607,64.8039,65.1611,17576900.0
2021-06-17,64.9315,65.8926,64.6338,65.6885,14233200.0
2021-06-18,65.2717,65.68,64.7784,65.1611,19351900.0
2021-06-21,65.3993,65.7395,65.1101,65.2802,10880800.0
2021-06-22,65.1441,65.2717,64.6508,64.8039,10957500.0
2021-06-23,64.5147,64.8634,64.2595,64.2851,9539100.0
2021-06-24,64.4127,65.1867,64.4127,64.9485,8601900.0
2021-06-25,64.6933,66.3179,64.6848,65.663,50285200.0
2021-06-28,65.7055,66.1223,65.3143,65.3738,8796200.0
2021-06-29,65.4929,65.7735,65.3398,65.6715,7696600.0
2021-06-30,65.8331,66.42,65.6885,66.1478,13811900.0
2021-07-01,66.0457,66.471,65.9266,66.3349,9212000.0
2021-07-02,66.3774,66.9983,66.1393,66.8537,7668000.0
2021-07-06,66.4625,66.6411,65.9692,66.437,6720500.0
2021-07-07,66.6921,66.8622,66.454,66.8197,8275100.0
2021-07-08,66.1478,66.5986,65.7565,66.4455,8400400.0
2021-07-09,66.7006,66.9303,66.2924,66.3349,6006500.0
2021-07-12,65.9607,66.7091,65.8246,65.9607,11087900.0
2021-07-13,65.8331,66.1478,65.697,66.0117,6465800.0
2021-07-14,66.0032,66.1053,65.3908,66.0202,7163200.0
2021-07-15,66.0202,66.3774,65.6715,66.2583,7041300.0
2021-07-16,66.3519,66.6666,66.0287,66.3604,7638200.0
2021-07-19,66.1818,66.6326,64.7699,65.5354,9830600.0
2021-07-20,65.6545,66.454,64.5998,64.7869,11627600.0
2021-07-21,64.9145,65.0336,64.3361,64.974,7429300.0
2021-07-22,65.1526,65.3143,64.7104,65.0931,8708900.0
2021-07-23,65.3227,66.0712,65.2632,65.9522,6560800.0
2021-07-26,65.8841,66.0117,65.4588,65.697,5071800.0
2021-07-27,65.6374,66.454,65.2717,66.2158,8136000.0
2021-07-28,66.2243,66.9133,65.8926,66.6241,11037900.0
2021-07-29,65.9607,66.2754,65.3313,65.4333,11583000.0
2021-07-30,65.5949,66.1393,65.2972,65.3823,13004500.0
2021-08-02,65.4333,65.714,64.7614,64.7954,9083400.0
2021-08-03,64.9485,65.3313,64.8039,64.991,9952400.0
2021-08-04,65.0591,65.0591,64.183,64.2,10893400.0
2021-08-05,64.234,64.3786,63.7322,64.2936,8701600.0
2021-08-06,64.3191,64.3531,63.7832,64.166,8670700.0
2021-08-09,64.5147,64.8294,63.7917,64.0639,7867000.0
2021-08-10,63.9193,64.098,63.6387,63.9534,11243100.0
2021-08-11,64.2851,64.4467,63.9108,63.9703,6952200.0
2021-08-12,63.8938,64.6933,63.8428,64.6763,6077100.0
2021-08-13,64.9485,65.2972,64.8294,65.2547,6810400.0
2021-08-16,65.2632,66.3519,65.1867,66.2839,9368400.0
2021-08-17,66.2584,67.245,66.1988,67.0494,10311600.0
2021-08-18,67.0919,67.2535,66.1308,66.1648,7459100.0
2021-08-19,66.0967,67.313,66.0967,66.7347,8865400.0
2021-08-20,66.7942,67.3641,66.5305,66.9218,6284200.0
2021-08-23,67.2875,67.3896,66.6326,66.6666,6492600.0
2021-08-24,66.5731,66.5731,65.9522,66.1053,8698100.0
2021-08-25,66.1818,66.1818,64.9825,65.5524,7045800.0
2021-08-26,65.5864,65.765,65.0761,65.1271,6640400.0
2021-08-27,65.3312,65.4673,64.7869,64.8975,6010000.0
2021-08-30,64.8975,65.3568,64.8209,65.0676,7339700.0
2021-08-31,65.3142,65.5779,64.6678,64.8889,10949500.0
2021-09-01,64.8294,65.3227,64.4977,64.7954,9187200.0
2021-09-02,65.0506,65.6119,64.7869,65.5949,6559400.0
2021-09-03,65.714,65.8161,65.2292,65.714,6629800.0
2021-09-07,65.1441,65.3823,63.9363,64.6253,13979500.0
2021-09-08,64.6168,64.6168,63.6216,64.0979,8243000.0
2021-09-09,63.9534,63.9534,62.601,62.7881,14628700.0
2021-09-10,62.9242,63.1198,62.1927,62.4734,11084500.0
2021-09-13,62.7456,62.7966,61.9715,62.2437,11245200.0
2021-09-14,62.69,62.7672,61.8404,61.8833,15202800.0
2021-09-15,61.8576,62.7758,61.6859,62.484,12555900.0
2021-09-16,62.6642,62.6642,61.5228,61.7631,14818900.0
2021-09-17,61.0938,61.7889,60.8363,61.5143,43406600.0
2021-09-20,61.068,62.3124,61.0337,61.7288,15989400.0
2021-09-21,62.2008,62.3724,61.5915,61.7631,11995900.0
2021-09-22,62.0721,62.1408,61.6688,61.8232,9028700.0
2021-09-23,62.3725,63.5396,62.2781,62.69,12813500.0
2021-09-24,63.1534,64.0459,62.9474,63.1706,14714700.0
2021-09-27,63.0847,63.737,62.9388,62.956,8630600.0
2021-09-28,63.1191,63.3508,62.3553,62.9217,11836200.0
2021-09-29,63.1706,64.9641,63.1448,64.4407,16054500.0
2021-09-30,64.8612,65.7794,64.4493,64.4578,16248600.0
2021-10-01,69.9931,72.3788,69.195,69.8558,102497300.0
2021-10-04,72.2329,72.5676,70.7311,71.3147,53553300.0
2021-10-05,71.04,71.5635,69.7699,70.0274,28977800.0
2021-10-06,69.9416,70.0961,68.783,69.2207,17608000.0
2021-10-07,69.9759,70.9457,69.5383,70.3192,14190500.0
2021-10-08,70.0875,70.1991,69.1092,69.195,12121100.0
2021-10-11,70.0617,70.0617,68.5428,68.5943,11279700.0
2021-10-12,68.8088,68.8088,68.0107,68.3025,10945000.0
2021-10-13,68.3025,68.3625,67.6073,67.7532,9462600.0
2021-10-14,67.7704,68.3711,66.9208,67.2212,14607900.0
2021-10-15,67.1096,67.8476,66.9208,67.2212,12866800.0
2021-10-18,67.573,67.573,66.1742,66.2085,13075500.0
2021-10-19,67.5644,68.2424,67.0324,68.2166,15577100.0
2021-10-20,68.0708,69.7271,68.0622,69.5726,11465500.0
2021-10-21,69.6069,69.7356,68.8946,69.6584,9893600.0
2021-10-22,69.6412,69.9244,69.4095,69.6412,7543600.0
2021-10-25,69.5382,70.1304,68.6114,70.0789,9365900.0
2021-10-26,70.2849,70.6796,70.1218,70.5852,9352500.0
2021-10-27,70.7826,70.7826,69.7699,69.9759,8465400.0
2021-10-28,71.555,74.5414,71.3748,74.2754,28854700.0
2021-10-29,74.2239,75.9145,73.9493,75.5627,18678600.0
2021-11-01,75.5626,76.0604,74.9104,75.3824,10943900.0
2021-11-02,75.7172,77.5966,75.0735,76.3951,14671400.0
2021-11-03,76.1805,76.7384,75.7,76.1033,10883900.0
2021-11-04,77.5537,78.4376,76.6096,77.6995,19519800.0
2021-11-05,70.6195,72.087,69.8129,70.036,37623900.0
2021-11-08,69.0062,71.1259,68.5513,70.9542,18655700.0
2021-11-09,71.7609,71.8382,70.2934,70.9886,10512000.0
2021-11-10,71.4949,72.1042,70.9714,72.0956,9855900.0
2021-11-11,72.0184,72.3102,71.6837,72.1042,5761500.0
2021-11-12,71.9497,72.2587,71.2718,72.087,8206700.0
2021-11-15,72.2158,72.2415,71.5721,71.821,7108200.0
2021-11-16,71.8038,72.6792,71.4434,72.1814,10565200.0
2021-11-17,72.4046,72.662,70.877,70.8856,10286300.0
2021-11-18,70.6281,71.349,70.3878,71.2718,9833600.0
2021-11-19,70.6882,71.0143,69.1864,69.2551,17581100.0
2021-11-22,69.5125,70.4308,69.1177,70.0617,10880200.0
2021-11-23,69.933,71.7352,69.8043,71.0572,12130800.0
2021-11-24,71.0572,71.143,70.3363,70.611,8537000.0
2021-11-26,67.5644,68.5943,66.1742,67.9335,18022000.0
2021-11-29,65.582,66.5089,63.5052,64.269,34192400.0
2021-11-30,64.1489,64.3892,63.368,64.2862,30179900.0
2021-12-01,64.8183,66.0026,63.8399,63.8829,21435900.0
2021-12-02,63.8314,64.1746,62.9045,63.4109,15345300.0
2021-12-03,63.5825,63.7198,62.3553,62.9389,14508900.0
2021-12-06,62.9045,63.3765,62.4754,63.0075,13506800.0
2021-12-07,61.8146,62.4068,61.3598,62.0292,17635100.0
2021-12-08,62.2523,62.9989,61.8575,62.8273,14331400.0
2021-12-09,63.0247,63.1276,62.381,62.5269,11938000.0
2021-12-10,62.7501,62.8445,62.0034,62.321,11398800.0
2021-12-13,62.1064,63.0333,61.7632,63.0075,17486100.0
2021-12-14,62.687,64.1424,62.5137,63.8652,18949700.0
2021-12-15,63.8565,65.3119,63.8565,65.2253,14263400.0
2021-12-16,65.4072,66.2995,65.208,65.7624,16601700.0
2021-12-17,66.3255,67.3478,65.4072,65.5718,28040600.0
2021-12-20,65.5805,66.2735,64.9307,66.1956,11818800.0
2021-12-21,66.057,66.0829,64.8788,65.4419,14947800.0
2021-12-22,65.3552,66.3255,65.0867,65.979,9256000.0
2021-12-23,66.1003,66.1003,65.2773,65.6065,9894900.0
2021-12-27,65.8404,66.3688,65.6411,66.3342,6334700.0
2021-12-28,66.4295,66.828,66.0223,66.5421,5727100.0
2021-12-29,66.5334,66.8626,66.2475,66.6634,5926100.0
2021-12-30,66.8106,67.2351,66.6807,66.828,5859100.0
2021-12-31,66.828,67.1832,66.3775,66.3948,6019500.0
2022-01-03,66.3428,66.6547,65.2773,66.5941,9441200.0
2022-01-04,66.1869,66.9406,65.7451,66.7154,11981700.0
2022-01-05,66.932,69.1411,66.932,68.3354,17447900.0
2022-01-06,68.2574,68.9418,67.5297,68.2921,11359200.0
2022-01-07,68.3181,69.7648,67.9715,69.5656,15212000.0
2022-01-10,69.7735,71.4281,69.0198,71.3588,19636800.0
2022-01-11,71.4021,71.5234,69.8688,70.7524,11585100.0
2022-01-12,70.2413,70.5358,69.8861,70.3452,13057000.0
2022-01-13,70.1114,70.7957,69.5916,70.4492,9678100.0
2022-01-14,70.6918,70.9084,69.9727,70.5012,9478000.0
2022-01-18,70.2586,71.1769,70.0074,70.6398,14493100.0
2022-01-19,70.1547,71.021,69.7215,70.4232,11448200.0
2022-01-20,69.9381,70.917,69.7561,69.9554,12069600.0
2022-01-21,70.4059,70.6225,68.6472,69.2883,18461700.0
2022-01-24,69.1064,69.401,66.4035,68.2921,17289000.0
2022-01-25,67.9369,69.1151,67.3824,68.8379,13662400.0
2022-01-26,68.7772,69.6002,68.2054,68.5606,13046600.0
2022-01-27,67.9369,70.6918,67.9369,69.8081,20187200.0
2022-01-28,68.9071,70.1633,68.5953,70.0853,13915300.0
2022-01-31,70.1893,70.7957,69.9987,70.5878,13035000.0
2022-02-01,71.0037,71.1423,70.2413,70.969,10803300.0
2022-02-02,70.865,71.2982,70.3972,71.047,13988200.0
2022-02-03,70.7351,70.8651,67.9196,68.448,19181400.0
2022-02-04,68.0148,68.9158,67.7463,68.0582,10716200.0
2022-02-07,68.2574,68.37,67.0879,67.2092,23615300.0
2022-02-08,66.7933,66.9926,65.6844,66.6287,17486500.0
2022-02-09,66.854,66.9926,66.1956,66.2995,15183100.0
2022-02-10,66.1523,66.5075,65.7798,66.3255,12437600.0
2022-02-11,66.1869,67.4864,65.9876,66.3948,9342300.0
2022-02-14,66.3862,66.4468,65.0694,66.2476,9881100.0
2022-02-15,67.1485,67.7376,66.9839,67.4084,11425600.0
2022-02-16,66.88,67.3998,66.6461,66.8973,9981300.0
2022-02-17,66.5767,66.6461,65.8404,66.1523,8889300.0
2022-02-18,66.1176,66.5854,65.7451,66.1609,8780500.0
2022-02-22,66.2389,66.5854,65.5025,65.7971,9052500.0
2022-02-23,66.005,66.2216,65.5112,65.7018,9659100.0
2022-02-24,65.0607,65.2513,63.1375,63.6832,21135600.0
2022-02-25,64.281,66.9579,64.255,66.1176,13665900.0
2022-02-28,65.6931,66.4988,64.7835,66.3429,14126100.0
2022-03-01,66.2735,67.3651,65.7971,66.1349,9807300.0
2022-03-02,66.1089,66.8973,65.8924,66.4208,9697500.0
2022-03-03,66.5075,67.1745,66.1956,66.8367,8191100.0
2022-03-04,66.4295,67.4517,65.8577,67.4258,12216300.0
2022-03-07,66.7154,67.8242,65.9097,67.3391,14008400.0
2022-03-08,66.9233,67.651,66.3255,66.6634,10184100.0
2022-03-09,67.2438,67.7636,66.75,67.3911,9746000.0
2022-03-10,67.2525,67.7463,66.9926,67.4777,8972200.0
2022-03-11,67.8502,68.9851,67.7463,67.7983,9424500.0
2022-03-14,68.0867,68.7072,67.571,67.9818,10085400.0
2022-03-15,67.8944,69.0569,67.6497,68.7335,11403000.0
2022-03-16,69.0132,69.1443,67.8682,68.279,10944000.0
2022-03-17,68.3052,69.3715,68.2265,68.9957,10279400.0
2022-03-18,69.2055,69.6949,68.7247,69.1443,21064800.0
2022-03-21,69.6337,70.3155,68.9695,69.1006,10478300.0
2022-03-22,69.2841,69.7299,68.8471,69.3103,10016600.0
2022-03-23,69.3103,70.4291,69.2492,69.6862,8470400.0
2022-03-24,69.9571,70.5077,69.6774,70.2805,7605000.0
2022-03-25,70.4378,71.1283,70.3155,71.0933,7125600.0
2022-03-28,71.1196,71.3818,70.5602,70.9797,7071900.0
2022-03-29,71.373,71.4604,70.5689,71.2944,7398700.0
2022-03-30,71.5304,72.282,71.3818,72.0198,9326600.0
2022-03-31,72.4568,72.8763,71.6177,71.7139,12466800.0
2022-04-01,71.8363,73.0512,71.3555,72.9987,10086700.0
2022-04-04,72.9813,73.3221,72.3083,72.9725,9039600.0
2022-04-05,73.1211,74.6681,72.99,73.1735,12040900.0
2022-04-06,73.7329,74.7817,73.5231,74.2661,13924300.0
2022-04-07,74.9478,76.1365,74.2573,75.8655,13104300.0
2022-04-08,75.7257,76.7745,75.3936,76.6347,11409300.0
2022-04-11,77.194,78.2079,75.3236,75.7169,14381000.0
2022-04-12,75.1663,75.647,74.4846,74.8429,12543000.0
2022-04-13,74.9915,75.3761,74.1437,75.2799,12743800.0
2022-04-14,75.2799,76.4861,74.6506,75.9617,22096100.0
2022-04-18,75.5334,76.4337,74.8866,75.2275,7995100.0
2022-04-19,75.1401,75.245,74.3972,74.9828,8494700.0
2022-04-20,74.7468,75.883,74.7118,75.5683,8719400.0
2022-04-21,75.5247,76.2414,74.6332,75.3673,8562400.0
2022-04-22,75.0439,75.2887,73.8553,73.9339,7914000.0
2022-04-25,73.9339,75.0002,73.0074,74.6768,10573400.0
2022-04-26,74.9566,75.3411,73.7591,73.8378,9009600.0
2022-04-27,73.6805,74.4059,73.0686,73.7766,10781300.0
2022-04-28,74.9478,78.1118,74.2923,77.4213,21092300.0
2022-04-29,77.4912,78.6712,76.993,77.5174,15914200.0
2022-05-02,77.5437,77.6486,75.717,76.6085,12124900.0
2022-05-03,76.0316,77.1241,75.5421,76.1277,8425600.0
2022-05-04,75.6645,77.5874,75.481,77.3689,10763500.0
2022-05-05,77.2814,77.4912,76.0665,76.9231,9548300.0
2022-05-06,76.6871,77.7185,76.4599,77.2552,12227400.0
2022-05-09,76.4774,76.9668,75.9617,76.5997,11901500.0
2022-05-10,77.0192,78.0418,76.2763,76.7483,12370800.0
2022-05-11,76.4074,79.3704,76.4074,77.9544,16338600.0
2022-05-12,78.5313,79.4053,77.229,79.3879,14210200.0
2022-05-13,79.2742,79.5802,78.0156,79.0208,10308100.0
2022-05-16,79.3529,81.1709,79.2567,80.6901,13999000.0
2022-05-17,80.6814,82.648,79.9822,81.2845,17582800.0
2022-05-18,80.8999,81.4244,80.2094,80.4979,12717600.0
2022-05-19,79.7549,80.9436,79.4316,80.4891,11121600.0
2022-05-20,80.8038,82.2284,80.8038,81.7652,11757100.0
2022-05-23,81.8002,82.9626,81.6341,82.0099,9067000.0
2022-05-24,82.377,82.8577,81.7827,82.7179,9021000.0
2022-05-25,82.4732,82.8228,81.4069,81.94,11177700.0
2022-05-26,82.3683,82.377,79.5364,80.6814,17249500.0
2022-05-27,80.6552,81.3806,80.192,81.3544,9802000.0
2022-05-31,80.3318,80.9524,79.4228,80.4367,22860800.0
2022-06-01,80.122,80.3493,78.6974,79.6588,10492500.0
2022-06-02,79.6501,79.6588,77.5611,78.6624,11066200.0
2022-06-03,78.4352,79.2568,78.3827,78.5838,7051600.0
2022-06-06,78.811,79.2393,78.3915,78.5226,8336900.0
2022-06-07,78.7935,79.3791,78.2953,79.082,10243300.0
2022-06-08,79.1694,79.2305,78.0244,78.2079,10266000.0
2022-06-09,78.0069,78.4789,76.8444,76.9144,7381100.0
2022-06-10,76.1889,76.9493,75.7869,76.1977,8861600.0
2022-06-13,74.9129,75.6121,73.9689,74.2923,12016100.0
2022-06-14,74.6976,74.9355,73.9046,74.4597,11226900.0
2022-06-15,74.5126,75.2263,73.7988,74.5743,11357100.0
2022-06-16,73.8164,75.0677,73.182,74.8034,12925200.0
2022-06-17,74.5831,75.57,73.4816,74.5655,32989100.0
2022-06-21,75.8255,77.8611,75.1382,77.5703,11778600.0
2022-06-22,77.5791,79.6058,77.5703,78.566,11935400.0
2022-06-23,79.3062,81.2007,78.9185,81.0686,14718400.0
2022-06-24,82.17,82.6459,80.8042,82.0643,25248400.0
2022-06-27,82.126,84.3466,81.9938,83.1922,11949000.0
2022-06-28,82.9279,83.1217,80.6015,80.9716,13523300.0
2022-06-29,81.3417,81.9321,80.9716,81.518,8657100.0
2022-06-30,80.7601,81.8616,80.1081,80.3372,18551400.0
2022-07-01,80.4517,81.5003,79.6499,81.4387,11413800.0
2022-07-05,81.4563,81.9057,79.7732,81.6325,9574400.0
2022-07-06,82.2229,83.2803,81.6854,82.0643,10455300.0
2022-07-07,81.8969,82.7869,81.5532,81.9585,8140100.0
2022-07-08,81.8704,82.6723,81.4298,81.7559,7161500.0
2022-07-11,81.844,83.5182,81.7999,83.0953,9507700.0
2022-07-12,82.6371,83.0424,82.0731,82.4784,7826500.0
2022-07-13,82.4696,83.1481,81.9674,82.6282,6415600.0
2022-07-14,81.5532,82.8838,81.1214,82.7252,6271000.0
2022-07-15,83.5799,84.0205,83.157,83.6768,9731900.0
2022-07-18,83.624,83.8002,80.9981,81.3682,8653700.0
2022-07-19,82.0819,82.2934,81.1743,81.3858,8233600.0
2022-07-20,81.3858,81.4475,78.6189,78.9978,11844000.0
2022-07-21,78.5572,79.6675,78.3457,79.4296,8197000.0
2022-07-22,79.4031,79.7027,78.8303,79.4031,6354500.0
2022-07-25,79.4824,79.9495,79.0859,79.7732,6364500.0
2022-07-26,80.5398,81.0245,79.8349,80.4429,6414100.0
2022-07-27,79.7468,80.5134,79.315,80.3901,6966300.0
2022-07-28,80.2226,80.3019,77.0328,79.2533,13909800.0
2022-07-29,79.3767,80.2579,77.7906,78.7246,14938600.0
2022-08-01,78.7246,79.3238,77.8523,78.0109,7343300.0
2022-08-02,78.4779,78.9449,77.1473,77.2002,7443000.0
2022-08-03,76.883,77.5615,76.4512,77.209,8187600.0
2022-08-04,77.3764,77.4469,76.3454,76.504,7993800.0
2022-08-05,76.2485,77.1297,75.7991,77.0239,8801200.0
2022-08-08,76.927,78.2312,76.5922,77.9756,8149400.0
2022-08-09,78.2047,79.5177,76.4952,78.8832,13215500.0
2022-08-10,79.3326,79.4207,77.7113,78.5924,8140200.0
2022-08-11,77.3764,79.1476,76.9799,78.3633,7396800.0
2022-08-12,78.4162,80.2138,78.381,80.205,12317300.0
2022-08-15,80.0376,80.0464,79.2093,79.8349,6339800.0
2022-08-16,79.2709,80.0993,79.1916,79.8261,5661200.0
2022-08-17,79.6058,80.9716,79.5706,80.2226,6486000.0
2022-08-18,80.628,80.9276,79.7732,80.5398,6111600.0
2022-08-19,80.672,81.9674,80.6544,81.1391,8828700.0
2022-08-22,80.9011,81.2624,80.1962,80.3284,6652100.0
2022-08-23,80.0816,80.1786,79.0595,79.4824,5208800.0
2022-08-24,79.4824,79.5882,78.9008,79.315,5553300.0
2022-08-25,79.7556,79.7556,78.4867,79.5441,5884300.0
2022-08-26,79.5529,79.9583,78.5043,78.6541,5695300.0
2022-08-29,78.2752,78.425,77.1561,77.1825,7850200.0
2022-08-30,77.0768,77.1649,76.2926,76.5569,6754000.0
2022-08-31,76.6979,76.7772,75.0413,75.2175,11602000.0
2022-09-01,75.4643,77.068,75.2175,76.7948,7528600.0
2022-09-02,76.8741,77.35,75.6757,75.9842,6997500.0
2022-09-06,76.2926,76.9006,75.9225,76.1516,8244300.0
2022-09-07,76.2749,76.6627,74.962,76.5481,6121700.0
2022-09-08,76.2221,77.0592,75.896,77.0328,8109200.0
2022-09-09,77.1826,77.6936,76.9006,76.9623,7480100.0
2022-09-12,77.6584,78.5748,77.3852,77.6848,6351500.0
2022-09-13,76.9446,77.2002,75.8784,76.0282,7650000.0
2022-09-14,77.2807,77.8492,76.7299,77.2363,9418700.0
2022-09-15,77.4139,77.6627,76.5701,77.0586,8006800.0
2022-09-16,76.9254,78.0535,76.7477,77.9202,14842500.0
2022-09-19,77.1474,77.2274,76.0726,76.9609,7748600.0
2022-09-20,76.4546,76.7921,76.0282,76.3924,5454800.0
2022-09-21,76.6145,76.8366,75.0777,75.0866,7190800.0
2022-09-22,75.1044,78.3022,75.1044,77.7337,12329700.0
2022-09-23,77.636,78.1779,76.4723,77.0853,9038500.0
2022-09-26,76.499,77.0231,75.7617,76.5523,8841000.0
2022-09-27,77.1208,77.8403,76.0993,76.2503,6532100.0
2022-09-28,77.2718,77.5028,76.5701,77.0853,6840000.0
2022-09-29,77.2807,77.6538,76.5967,76.9609,6601300.0
2022-09-30,77.5028,77.8314,76.4812,76.499,9035600.0
2022-10-03,77.032,78.0801,76.4102,77.7692,9186900.0
2022-10-04,77.7604,78.7464,77.2807,78.5154,7373000.0
2022-10-05,78.6842,78.8618,78.1867,78.5154,6065700.0
2022-10-06,77.9558,78.1778,77.485,77.6715,8055500.0
2022-10-07,78.0624,78.4355,77.3873,77.8137,8837400.0
2022-10-10,79.8834,81.3579,79.6879,80.3719,14485000.0
2022-10-11,80.3275,81.7044,80.1232,80.8783,9743500.0
2022-10-12,81.0559,81.4734,80.2742,80.3186,8522200.0
2022-10-13,79.5014,82.3617,79.2971,82.1574,9382800.0
2022-10-14,81.962,82.9302,81.4912,81.882,9847600.0
2022-10-17,82.4683,83.8273,82.1218,83.6053,12139700.0
2022-10-18,83.8718,84.6712,83.5164,84.0405,9530400.0
2022-10-19,84.307,84.307,82.6992,82.8413,8546100.0
2022-10-20,82.788,82.9657,82.0419,82.5571,7626000.0
2022-10-21,82.4683,85.2397,82.2906,84.9821,10297200.0
2022-10-24,85.675,87.4249,85.5151,86.4922,11414900.0
2022-10-25,86.0392,87.3094,85.5861,86.7942,8747900.0
2022-10-26,87.3094,88.1888,87.0518,87.416,10374700.0
2022-10-27,88.6863,90.1608,88.3842,88.5974,12218400.0
2022-10-28,89.0416,89.841,87.5404,89.5123,11228000.0
2022-10-31,88.784,90.0364,88.2155,89.8943,11043800.0
2022-11-01,89.4058,89.7788,87.8957,88.6152,11079300.0
2022-11-02,88.5175,89.7433,87.9223,88.2954,9503500.0
2022-11-03,87.9401,88.1533,87.0518,87.718,9912700.0
2022-11-04,87.9401,88.2777,87.0163,88.1178,8877600.0
2022-11-07,87.496,89.1482,86.7587,88.8906,8644500.0
2022-11-08,88.8906,90.5783,88.4109,90.1608,8503900.0
2022-11-09,89.9832,92.1683,89.9654,90.2408,10602900.0
2022-11-10,91.2267,91.3244,89.3613,90.5072,9556000.0
2022-11-11,89.2992,89.5479,86.4567,87.0163,13342800.0
2022-11-14,87.6736,90.3296,87.6736,89.1393,8958200.0
2022-11-15,89.1837,89.4857,87.6825,88.4731,7965900.0
2022-11-16,88.4553,89.539,88.3753,88.7662,8757700.0
2022-11-17,89.1926,90.9158,89.0682,90.8803,8496800.0
2022-11-18,91.1646,92.9145,91.1646,92.5858,11626300.0
2022-11-21,93.2698,94.0426,92.5858,93.8117,8899300.0
2022-11-22,94.2736,95.1352,94.2025,94.9575,8295700.0
2022-11-23,94.8243,95.3128,94.4246,94.8865,5749600.0
2022-11-25,94.6555,95.4905,94.6555,95.4905,3163700.0
2022-11-28,95.1618,96.7341,95.1618,96.3344,9524500.0
2022-11-29,95.9347,96.8762,95.5349,96.6808,9352400.0
2022-11-30,96.5564,98.0044,95.606,97.8178,20305800.0
2022-12-01,97.4891,98.5817,96.6186,97.5336,10110500.0
2022-12-02,96.8229,97.7912,96.5653,97.7467,6943600.0
2022-12-05,97.5424,97.9155,97.0095,97.7201,6961900.0
2022-12-06,98.031,98.3863,96.3077,96.7607,7458700.0
2022-12-07,96.9562,98.3419,96.8229,97.7911,8270400.0
2022-12-08,97.9599,98.6173,97.8178,98.4663,7354800.0
2022-12-09,98.5817,98.9282,96.6009,96.6275,9667800.0
2022-12-12,95.8725,96.9118,95.3306,96.7963,10956600.0
2022-12-13,98.8305,98.8305,96.8229,98.5196,15836900.0
2022-12-14,98.8236,100.2989,98.3944,99.7446,10788300.0
2022-12-15,98.5732,99.0471,97.6701,98.0277,9871400.0
2022-12-16,97.679,98.0903,96.8117,97.6433,29465900.0
2022-12-19,97.6343,98.448,97.2588,97.8579,6949500.0
2022-12-20,98.305,98.9488,97.6075,98.0993,8022000.0
2022-12-21,98.448,99.4227,97.9473,99.3511,6640900.0
2022-12-22,99.1634,99.8697,98.5464,99.4674,8373700.0
2022-12-23,99.4763,100.2632,99.1365,100.0218,4547400.0
2022-12-27,100.5136,100.6745,99.7267,100.2542,5125800.0
2022-12-28,100.9428,100.9428,99.3064,99.3243,5107800.0
2022-12-29,99.6015,99.8787,99.0292,99.0918,4467200.0
2022-12-30,99.4584,99.6283,98.4659,99.2081,5498600.0
2023-01-03,98.7252,99.4316,97.9026,99.378,8062500.0
2023-01-04,100.4331,100.6924,99.4674,100.2185,8698600.0
2023-01-05,99.7803,101.8548,99.6283,101.6134,9578900.0
2023-01-06,102.2214,103.2676,101.98,102.6864,8632300.0
2023-01-09,102.7222,102.7669,98.305,98.6984,12858800.0
2023-01-10,98.8593,100.1559,98.2513,99.0829,12122800.0
2023-01-11,97.7684,99.53,97.2409,99.3154,8626500.0
2023-01-12,99.1812,100.2364,98.3854,99.9413,8914800.0
2023-01-13,99.4316,100.5404,99.2081,100.3705,5757800.0
2023-01-17,100.1738,100.5851,98.6447,98.761,10241100.0
2023-01-18,98.2871,98.448,97.0889,97.2766,8799500.0
2023-01-19,96.9637,98.5195,96.6597,98.2692,6772900.0
2023-01-20,97.8042,98.3497,97.1515,98.305,9216500.0
2023-01-23,98.296,98.6805,97.6165,98.2513,8998800.0
2023-01-24,98.3586,98.3586,95.1307,97.0352,7424200.0
2023-01-25,97.2051,98.296,96.8653,97.0978,6168000.0
2023-01-26,97.0442,97.062,94.621,95.5598,9672700.0
2023-01-27,94.9697,95.39,93.9861,94.2275,7784900.0
2023-01-30,94.3974,95.229,94.3348,94.8624,6476600.0
2023-01-31,94.8713,96.0695,94.6925,96.0427,7938900.0
2023-02-01,95.6493,96.0606,94.8535,95.6582,10103200.0
2023-02-02,93.0115,94.612,90.9817,92.5107,16229900.0
2023-02-03,92.2961,92.8058,91.6345,92.0458,11210800.0
2023-02-06,92.4839,93.548,91.9564,93.0204,9054500.0
2023-02-07,92.7253,94.7193,92.6001,94.4958,7904700.0
2023-02-08,94.612,96.1411,94.1739,95.3542,8596300.0
2023-02-09,95.5509,96.4272,95.2648,95.4257,7976800.0
2023-02-10,95.6493,97.2588,95.5598,97.0799,7609600.0
2023-02-13,97.2051,97.9741,96.8832,97.9562,7383100.0
2023-02-14,98.3139,98.3586,96.7402,97.2319,6983900.0
2023-02-15,97.0442,97.2767,96.1768,96.2841,6416600.0
2023-02-16,95.5151,96.0874,94.9876,95.238,5959300.0
2023-02-17,95.077,97.9473,94.3527,97.9294,9474600.0
2023-02-21,97.375,98.2513,97.1336,97.527,6741500.0
2023-02-22,98.5464,98.6447,97.3929,97.6075,7213900.0
2023-02-23,97.6969,99.4674,97.5538,98.8862,6922800.0
2023-02-24,98.4391,98.6537,97.3661,98.2603,5787900.0
2023-02-27,98.3854,98.4748,97.0352,97.7863,5654800.0
2023-02-28,97.3124,97.3214,94.925,94.9965,10209900.0
2023-03-01,94.7462,96.1679,94.7462,95.3631,6099000.0
2023-03-02,95.3452,96.0069,94.8713,95.685,5097500.0
2023-03-03,96.0159,96.0248,94.8982,95.5688,6124300.0
2023-03-06,96.2662,99.4674,96.0785,99.3422,17776600.0
2023-03-07,99.9413,100.3079,99.0024,99.4942,13805300.0
2023-03-08,99.1902,99.5031,96.2036,96.8206,8440800.0
2023-03-09,97.7327,98.2692,95.7745,96.2126,5842500.0
2023-03-10,96.0695,99.0024,95.9801,96.2931,9738500.0
2023-03-13,93.4138,97.3213,93.3512,94.5405,10687100.0
2023-03-14,94.9457,96.4583,94.1083,96.3143,9806900.0
2023-03-15,95.8731,97.2687,95.0537,96.9085,10942700.0
2023-03-16,95.8911,96.9805,93.8472,96.6474,9441500.0
2023-03-17,96.4763,96.6204,93.1809,93.7301,26402100.0
2023-03-20,94.3784,96.2602,94.3784,95.3058,12865800.0
2023-03-21,95.4409,95.828,94.3244,95.0267,11571800.0
2023-03-22,94.9637,95.4409,93.9913,94.0003,5705800.0
2023-03-23,93.7301,94.2073,93.1539,93.8472,6801700.0
2023-03-24,93.7212,94.5495,92.2355,94.3604,6661800.0
2023-03-27,95.5129,96.8905,95.4319,96.2783,7563100.0
2023-03-28,95.9901,96.3683,94.9367,95.0177,6679500.0
2023-03-29,95.0987,95.3238,94.1173,94.4685,6310200.0
2023-03-30,94.6485,95.6209,94.1263,95.3688,5017400.0
2023-03-31,95.648,95.9181,95.0087,95.792,7184300.0
2023-04-03,95.3959,98.5742,95.0537,98.025,6964100.0
2023-04-04,97.8719,98.4482,97.3857,97.989,6108200.0
2023-04-05,98.9614,101.1493,98.6643,100.7622,8006100.0
2023-04-06,101.7436,102.797,100.519,101.1403,6894500.0
2023-04-10,101.7076,101.8246,100.0959,101.3924,6446500.0
2023-04-11,101.4915,102.0227,101.1313,101.2844,5639800.0
2023-04-12,101.0683,102.9231,100.7352,102.4189,6136700.0
2023-04-13,103.5173,104.2827,102.3288,104.0666,7332300.0
2023-04-14,104.2106,104.5978,103.2382,103.8235,5005100.0
2023-04-17,104.1656,104.8499,102.824,103.5534,6575500.0
2023-04-18,103.0762,103.6524,102.4009,103.3913,5454500.0
2023-04-19,103.0852,103.8955,102.653,102.761,4683400.0
2023-04-20,102.806,103.1122,101.7436,102.797,4657900.0
2023-04-21,103.4273,104.1296,103.1752,103.8775,6554600.0
2023-04-24,104.1206,104.6969,103.3373,104.3907,4299100.0
2023-04-25,104.6428,105.2191,104.3637,104.922,5662800.0
2023-04-26,103.7244,103.7244,101.4915,102.1308,6607900.0
2023-04-27,103.1842,103.8685,99.6367,103.6884,9975200.0
2023-04-28,102.9681,104.0216,102.1578,103.9675,8050400.0
2023-05-01,104.2647,104.985,103.7874,104.7509,5238900.0
2023-05-02,105.048,106.5967,104.2737,106.1465,8175600.0
2023-05-03,106.5606,107.7311,106.1825,106.4436,6738600.0
2023-05-04,106.2455,106.2455,104.8859,105.6783,6490200.0
2023-05-05,105.6873,106.1465,104.949,105.9574,4534000.0
2023-05-08,105.4172,106.6417,104.8409,106.5877,5157300.0
2023-05-09,106.4706,106.8128,105.6513,105.7323,4933100.0
2023-05-10,105.7143,106.3986,104.8229,106.1555,5605400.0
2023-05-11,105.8674,106.0564,104.7869,105.8403,5596700.0
2023-05-12,106.2455,106.7407,105.075,105.4712,5233100.0
2023-05-15,105.4712,106.0114,103.9855,104.7779,5697200.0
2023-05-16,104.3367,105.129,103.8055,104.5168,4278200.0
2023-05-17,104.7779,105.039,102.1758,103.3283,7210400.0
2023-05-18,102.77,103.6074,102.0407,102.644,6437100.0
2023-05-19,102.9411,104.6608,102.734,103.9856,7647000.0
2023-05-22,103.9765,105.4172,102.9411,103.0852,5607400.0
2023-05-23,102.6169,103.3553,101.7886,101.9867,7733000.0
2023-05-24,102.743,102.9321,101.3384,102.2838,4509500.0
2023-05-25,102.1938,102.1938,100.0238,101.1133,7037500.0
2023-05-26,100.8432,101.9146,99.6277,100.0058,6378200.0
2023-05-30,99.1595,99.6817,98.115,98.2951,7768100.0
2023-05-31,97.6648,100.0779,97.6648,99.4116,14563500.0
2023-06-01,99.6367,100.474,98.9344,99.8798,6959900.0
2023-06-02,100.0419,101.5005,99.6907,101.3114,5792800.0
2023-06-05,101.7436,103.0762,101.6625,101.8426,5185500.0
2023-06-06,102.2388,102.3919,98.3942,99.0514,6960200.0
2023-06-07,98.7093,98.7453,96.2242,97.7909,12420500.0
2023-06-08,97.5208,100.0058,97.2416,99.3305,8352700.0
2023-06-09,99.2135,100.402,98.1601,99.6817,6521900.0
2023-06-12,99.2135,99.9338,97.7819,98.9164,7468500.0
2023-06-13,97.7729,99.6187,97.2867,99.0334,7304200.0
2023-06-14,99.4504,99.6407,98.2086,98.4896,6137300.0
2023-06-15,98.2539,99.6135,98.1995,99.1603,7305700.0
2023-06-16,99.251,100.1211,98.8521,99.0878,15844300.0
2023-06-20,98.8703,100.4837,98.8249,99.9126,7744400.0
2023-06-21,99.8039,101.0819,99.2691,100.7556,6854800.0
2023-06-22,101.1544,103.1848,101.1544,103.076,7884100.0
2023-06-23,103.4748,104.1546,102.4415,103.8736,16407900.0
2023-06-26,103.7286,103.8736,101.3176,102.4959,7685100.0
2023-06-27,102.2693,103.0669,101.3991,102.7134,7093900.0
2023-06-28,102.8312,102.94,101.0094,101.9158,8173800.0
2023-06-29,101.7436,103.221,101.3447,102.9128,6281800.0
2023-06-30,103.1394,104.7891,102.8131,104.5897,8090600.0
2023-07-03,103.7558,103.8917,102.9038,103.6289,2834600.0
2023-07-05,103.366,103.7195,102.8041,103.0578,5861500.0
2023-07-06,102.3327,102.8222,101.2541,101.2904,7257400.0
2023-07-07,100.674,101.0638,98.5802,98.7978,11316600.0
2023-07-10,98.9247,100.248,98.8884,99.6679,5949200.0
2023-07-11,99.2328,99.7223,98.118,98.5258,6084400.0
2023-07-12,98.2267,98.8431,97.1572,97.411,8376700.0
2023-07-13,97.2841,97.8098,96.3142,96.3686,9764400.0
2023-07-14,96.3142,97.6013,96.3142,97.2931,7209900.0
2023-07-17,97.0212,97.3838,95.435,95.6888,7376400.0
2023-07-18,95.9698,97.0121,95.4894,96.0332,7499100.0
2023-07-19,96.2236,97.3294,95.997,96.0332,6608600.0
2023-07-20,96.5771,98.7524,96.1329,98.3083,8073000.0
2023-07-21,98.553,100.2661,98.2358,100.0577,8194000.0
2023-07-24,99.6951,100.0123,98.3446,98.6074,6045500.0
2023-07-25,97.5651,98.544,97.275,97.4653,6498700.0
2023-07-26,96.8037,97.9004,96.1329,97.1118,7042700.0
2023-07-27,97.2025,97.5469,95.3262,95.4169,9813100.0
2023-07-28,95.5619,96.6677,95.3897,96.3867,6903800.0
2023-07-31,96.5771,96.7765,95.7794,96.6677,7397500.0
2023-08-01,99.3416,99.3416,95.299,95.4259,10009200.0
2023-08-02,96.1057,98.0182,95.0634,95.8066,10873500.0
2023-08-03,95.2447,95.8792,95.0543,95.8338,6039300.0
2023-08-04,95.7522,96.4592,94.728,95.1721,6700700.0
2023-08-07,95.435,96.3324,94.6465,96.1601,8259100.0
2023-08-08,95.7976,97.1572,95.7976,96.4502,10152200.0
2023-08-09,96.3233,96.7946,95.8882,96.1692,6479500.0
2023-08-10,96.2689,97.0212,95.5529,95.6888,6525700.0
2023-08-11,96.0332,97.6285,95.7069,97.3838,5904300.0
2023-08-14,97.8188,99.1875,97.2659,98.7162,8427200.0
2023-08-15,98.6981,99.1784,98.272,98.4896,5118700.0
2023-08-16,98.3446,99.2238,98.1452,98.553,5332900.0
2023-08-17,98.4896,99.958,98.1814,98.7253,6457800.0
2023-08-18,98.7706,99.2509,98.0817,98.979,6711400.0
2023-08-21,98.8793,99.7042,98.7524,99.3778,6012500.0
2023-08-22,99.3416,99.3416,97.1662,97.1934,6026000.0
2023-08-23,99.6951,101.4173,99.541,100.8825,10588200.0
2023-08-24,100.5652,101.5351,98.8793,99.2056,6487700.0
2023-08-25,99.6498,100.0033,98.7796,99.8945,4839100.0
2023-08-28,99.9126,100.2571,98.4805,98.7343,4335600.0
2023-08-29,99.0516,100.1755,98.7343,99.6951,5673100.0
2023-08-30,99.9761,100.4293,99.4504,99.8945,4785000.0
2023-08-31,99.8129,100.1936,98.6981,98.7796,9212000.0
2023-09-01,99.3869,100.0395,99.0244,99.5591,4941300.0
2023-09-05,99.2147,99.4504,97.4291,97.4472,6379900.0
2023-09-06,96.7674,96.9849,95.0996,96.5227,7926100.0
2023-09-07,96.9034,98.5168,96.8581,97.837,8532600.0
2023-09-08,97.4744,98.9247,97.4744,98.8431,6807500.0
2023-09-11,99.0969,99.1966,98.1995,98.4352,5069300.0
2023-09-12,98.272,99.2328,97.4835,98.8159,4605400.0
2023-09-13,98.7796,99.405,97.5922,97.7191,6761500.0
2023-09-14,98.2758,99.0241,97.6096,98.7777,6872400.0
2023-09-15,98.6682,99.4074,97.8834,98.1207,9639000.0
2023-09-18,98.3488,98.504,97.5092,98.3944,3911300.0
2023-09-19,98.2393,98.723,97.564,97.9747,5818300.0
2023-09-20,98.7504,98.9237,97.8743,97.929,4593600.0
2023-09-21,97.8925,98.4492,97.1168,97.3997,5856600.0
2023-09-22,97.8469,97.8469,96.6971,97.0438,5027200.0
2023-09-25,96.7792,96.9069,95.9214,96.5875,6052200.0
2023-09-26,95.9305,97.2355,95.9214,96.1769,5400500.0
2023-09-27,96.2316,96.2955,94.2696,94.8537,5635500.0
2023-09-28,95.4286,95.7936,94.7076,95.1822,4758800.0
2023-09-29,95.2369,95.529,93.7312,93.9502,7232700.0
2023-10-02,93.8407,93.8407,92.49,93.5851,7079700.0
2023-10-03,93.3022,93.4848,92.0976,92.8733,5924000.0
2023-10-04,92.7,93.4756,92.4718,93.2384,6720500.0
2023-10-05,93.4118,94.6437,93.3935,94.5434,6449100.0
2023-10-06,94.662,95.3008,93.9228,94.7989,6854900.0
2023-10-09,94.4521,95.9944,94.2787,95.3647,5061100.0
2023-10-10,95.2004,95.3282,94.1418,94.5525,7177200.0
2023-10-11,94.9084,95.1,93.8589,94.4156,5375100.0
2023-10-12,94.4703,94.8627,93.9319,94.5342,5124000.0
2023-10-13,94.5525,95.3829,93.795,94.9175,5787500.0
2023-10-16,95.0909,96.1586,94.9631,95.0362,6473500.0
2023-10-17,94.9084,95.3555,94.1327,95.0635,5827200.0
2023-10-18,95.0088,95.3282,93.0011,93.0741,7136400.0
2023-10-19,92.773,92.8368,90.4732,91.6505,7647600.0
2023-10-20,91.2489,94.3243,91.2489,93.6947,12467500.0
2023-10-23,93.8407,95.0453,93.6947,94.3152,8493000.0
2023-10-24,94.2878,94.9631,93.7038,94.0232,6347900.0
2023-10-25,94.3152,95.4651,93.9502,94.5707,7849200.0
2023-10-26,94.0871,97.856,93.9867,96.3229,11335700.0
2023-10-27,96.113,96.3411,93.284,93.8316,8933800.0
2023-10-30,94.2513,95.3647,93.6399,93.7038,6915500.0
2023-10-31,93.7859,94.4977,92.5357,93.722,7522600.0
2023-11-01,94.4977,95.1183,93.7494,93.8589,5838100.0
2023-11-02,93.7585,94.0506,92.7638,93.8589,5379100.0
2023-11-03,94.3335,95.1365,93.795,94.3426,6005900.0
2023-11-06,94.9814,95.246,94.1236,95.2187,5951200.0
2023-11-07,95.2278,95.5654,94.662,94.9084,6616400.0
2023-11-08,94.8901,95.9761,94.7624,95.2734,8152100.0
2023-11-09,95.5563,95.5563,93.2201,93.43,7377000.0
2023-11-10,93.8498,94.3243,91.8056,92.5266,7627100.0
2023-11-13,92.2528,93.5852,91.7874,93.5122,5878200.0
2023-11-14,93.6855,94.1966,92.992,93.2384,6944400.0
2023-11-15,92.9737,93.2384,91.9151,92.4901,7392600.0
2023-11-16,92.9281,93.138,92.198,93.0741,7889700.0
2023-11-17,93.0832,93.4665,92.1341,92.8551,6767000.0
2023-11-20,92.1433,93.9319,92.0703,93.7038,7449900.0
2023-11-21,93.9958,94.5707,92.9463,93.2749,7403500.0
2023-11-22,93.2657,93.7038,92.271,92.7912,5724000.0
2023-11-24,93.3205,93.5486,92.5722,92.9646,3168000.0
2023-11-27,93.0011,93.2201,91.8969,92.5631,7356500.0
2023-11-28,92.4536,92.4901,91.2672,91.4223,8738500.0
2023-11-29,91.5136,92.3258,91.0755,92.2893,10286800.0
2023-11-30,92.0246,93.7129,91.5136,93.5213,29299700.0
2023-12-01,93.8589,94.6164,93.6855,94.4156,6863400.0
2023-12-04,94.662,96.1678,94.662,95.8757,10169900.0
2023-12-05,95.748,97.0986,95.0727,96.9435,10789100.0
2023-12-06,96.9617,97.2537,96.2134,96.3959,9954800.0
2023-12-07,96.3594,96.3685,94.662,94.7989,9602200.0
2023-12-08,94.7167,94.9175,93.6764,94.6802,7530300.0
2023-12-11,95.6841,96.2499,94.516,95.2461,7429700.0
2023-12-12,95.3464,95.6293,94.3791,95.2369,7933500.0
2023-12-13,95.0544,97.7465,94.881,97.7465,10995000.0
2023-12-14,98.0591,98.5462,96.6435,97.3237,10723000.0
2023-12-15,96.4137,97.6822,95.8346,96.6159,26393300.0
2023-12-18,97.5811,98.5462,97.0939,97.4708,12805600.0
2023-12-19,97.4799,98.0407,96.9192,97.8844,8043100.0
2023-12-20,98.4819,98.4819,96.7354,96.8457,8441600.0
2023-12-21,97.241,97.9947,96.8273,97.7925,5919400.0
2023-12-22,98.4911,99.3275,98.2061,98.9966,6028700.0
2023-12-26,98.8128,99.3551,98.5554,98.9323,4727700.0
2023-12-27,98.6381,99.3367,98.3624,99.254,5387000.0
2023-12-28,99.5481,100.2467,99.3919,99.9801,5530400.0
2023-12-29,100.1824,100.4122,99.9986,100.21,5889200.0
2024-01-02,100.3386,104.1624,100.3386,104.0889,11920100.0
2024-01-03,105.0357,106.5339,104.9346,105.4953,10721900.0
2024-01-04,106.5523,108.1425,106.4972,107.5543,11492200.0
2024-01-05,107.637,107.9587,107.2142,107.7473,6861500.0
2024-01-08,108.0874,108.3631,106.7913,107.8944,8193100.0
2024-01-09,108.0139,110.2475,107.7381,108.8595,8822300.0
2024-01-10,108.6389,109.5397,108.2253,109.2548,7129100.0
2024-01-11,109.1996,109.2915,107.6186,108.8595,5754400.0
2024-01-12,108.5286,109.0801,108.1425,109.0433,6823300.0
2024-01-16,108.9146,109.696,108.4091,108.9146,6832300.0
2024-01-17,109.5489,109.7511,108.1058,108.5837,5591400.0
2024-01-18,108.1425,109.0341,107.1958,108.9606,10524700.0
2024-01-19,108.6573,109.4018,108.2069,109.2823,7605600.0
2024-01-22,109.4202,110.275,109.2547,109.7787,8786200.0
2024-01-23,108.5929,110.2934,107.7932,110.1556,6501400.0
2024-01-24,110.0269,110.2567,108.8687,109.2731,5859900.0
2024-01-25,109.0709,110.4681,109.0709,110.4221,6689800.0
2024-01-26,110.7714,111.2402,110.3762,111.0564,8300300.0
2024-01-29,111.5435,111.6446,110.753,111.4792,9138200.0
2024-01-30,111.4792,111.9204,110.4681,111.8285,7469500.0
2024-01-31,112.6282,112.9223,110.7622,111.0196,10779000.0
2024-02-01,113.6577,116.213,112.8488,116.167,11650700.0
2024-02-02,116.4704,117.2517,115.9189,116.1946,10175600.0
2024-02-05,116.7186,117.4723,115.542,115.9832,8027700.0
2024-02-06,116.3785,117.2149,115.8821,116.6266,6153000.0
2024-02-07,116.645,117.7113,116.2774,117.169,6742800.0
2024-02-08,117.0311,117.1782,115.7718,116.3785,6308300.0
2024-02-09,116.02,116.452,114.9353,115.3122,7891200.0
2024-02-12,114.8986,115.3398,114.3471,115.2111,5257400.0
2024-02-13,115.7994,116.6083,114.4206,115.2938,7273400.0
2024-02-14,115.4593,115.8453,114.7331,115.6523,6622400.0
2024-02-15,115.7902,116.9484,115.7718,116.3141,5756700.0
2024-02-16,116.2774,117.7389,115.974,117.4631,6266800.0
2024-02-20,117.7756,118.8419,116.93,117.0771,6952800.0
2024-02-21,117.1414,117.8032,116.5531,117.7664,4849200.0
2024-02-22,117.794,119.2372,117.3344,118.8143,6517400.0
2024-02-23,119.3015,119.7151,118.4467,118.989,5177400.0
2024-02-26,118.9246,119.2187,118.0882,118.4282,5158400.0
2024-02-27,117.8951,118.7224,117.4723,118.6029,4780200.0
2024-02-28,118.8878,118.943,117.3804,117.8308,5697200.0
2024-02-29,117.7481,118.4375,116.7921,116.8748,11246100.0
2024-03-01,116.6175,117.5183,116.2038,116.7002,6023400.0
2024-03-04,114.4022,116.3141,113.3268,114.0253,12706200.0
2024-03-05,114.6044,114.9354,112.4995,112.9039,8277800.0
2024-03-06,112.9131,114.678,112.6098,113.7496,8251400.0
2024-03-07,113.3911,114.4666,112.8947,113.9702,8982200.0
2024-03-08,113.2716,114.0162,112.1962,113.5198,9822700.0
2024-03-11,114.5769,114.5769,111.9939,112.8488,7769300.0
2024-03-12,113.0602,113.2532,111.6171,112.7477,11621800.0
2024-03-13,113.2073,113.2532,111.038,112.2881,9186000.0
2024-03-14,112.2233,112.2233,110.6878,111.4741,10132500.0
2024-03-15,110.8543,112.7968,110.29,112.4083,46477400.0
2024-03-18,112.7136,113.3241,112.0476,112.3343,8311900.0
2024-03-19,112.3343,113.0929,111.4001,113.0373,11696600.0
2024-03-20,112.1863,114.6191,111.3538,114.5636,9793200.0
2024-03-21,114.4156,114.8781,113.8329,114.3509,8156300.0
2024-03-22,114.5081,115.1556,113.9809,114.5636,7022500.0
2024-03-25,114.7764,116.1639,114.4896,115.9142,7605800.0
2024-03-26,116.3489,116.6264,115.4886,116.1084,8864400.0
2024-03-27,122.9073,123.1201,120.3543,121.8713,16061600.0
2024-03-28,122.1025,122.491,121.2515,122.0563,10189700.0
2024-04-01,121.8065,122.0378,120.3542,121.1683,5377600.0
2024-04-02,120.345,120.9555,119.5865,120.5762,6584200.0
2024-04-03,120.5763,122.3801,119.7252,120.16,7741400.0
2024-04-04,121.0203,121.122,117.7919,118.088,6753200.0
2024-04-05,118.0787,118.9575,117.4774,118.3932,5692900.0
2024-04-08,118.0694,118.3284,116.4414,117.0704,6282500.0
2024-04-09,117.0889,117.4774,116.0992,117.2092,4696600.0
2024-04-10,116.4229,117.4774,115.6737,117.2462,5787700.0
2024-04-11,117.0612,117.6069,116.0529,116.6912,6187200.0
2024-04-12,117.5144,117.5792,115.7199,116.3119,7370000.0
2024-04-15,117.1907,118.236,116.4322,116.7282,6241000.0
2024-04-16,117.0704,117.2924,115.6551,115.6829,5587300.0
2024-04-17,116.2472,116.7282,115.3591,115.9697,6122800.0
2024-04-18,116.1084,116.1084,115.1649,115.8401,5992700.0
2024-04-19,116.2287,116.6634,115.5256,116.3489,8404300.0
2024-04-22,117.2092,118.4765,116.7559,117.4219,7805800.0
2024-04-23,118.495,118.495,117.2369,117.3664,7744000.0
2024-04-24,117.3109,118.0232,115.9511,117.4774,7128300.0
2024-04-25,119.9657,122.8426,119.1055,120.9185,12750100.0
2024-04-26,120.3727,122.0193,120.3727,121.3625,7758200.0
2024-04-29,121.8435,122.2875,119.6327,120.3635,6788000.0
2024-04-30,121.1035,121.1035,119.309,119.531,6945000.0
2024-05-01,118.9667,120.1877,118.2175,119.1425,5895700.0
2024-05-02,119.383,119.9657,118.3932,118.643,7422500.0
2024-05-03,118.4117,118.8464,117.6439,117.9492,6221900.0
2024-05-06,117.6439,118.1527,117.2554,118.0047,6552000.0
2024-05-07,117.5699,120.6503,117.5422,120.604,6682300.0
2024-05-08,120.789,121.6493,119.6327,119.8362,6659100.0
2024-05-09,119.272,120.715,119.272,120.4652,9216700.0
2024-05-10,121.011,121.0665,120.2062,120.308,5722600.0
2024-05-13,119.7992,119.9843,118.421,119.5957,7109700.0
2024-05-14,119.5125,119.5125,118.4302,119.013,6154300.0
2024-05-15,119.2165,122.0748,119.0685,121.8528,7237100.0
2024-05-16,121.5198,121.899,120.9832,121.0665,5518100.0
2024-05-17,120.8908,121.4735,120.0767,121.3533,8281600.0
2024-05-20,121.0018,121.862,120.8537,121.1683,4860400.0
2024-05-21,121.8065,122.8333,120.6965,120.9555,6254700.0
2024-05-22,120.4098,121.7325,120.3912,121.27,4407500.0
2024-05-23,121.085,122.0285,120.5393,121.2608,6830900.0
2024-05-24,121.5938,121.5938,119.4755,119.7807,5983800.0
2024-05-28,119.1795,119.4015,116.3119,116.6357,10263400.0
2024-05-29,116.6819,116.9687,115.8864,116.4599,8527800.0
2024-05-30,116.5339,118.2637,113.4999,115.1926,13000300.0
2024-05-31,115.7476,117.1167,115.2111,116.1269,18150500.0
2024-06-03,116.3397,119.2812,116.3397,118.791,7702500.0
2024-06-04,117.6162,119.6605,117.3664,119.0592,6440100.0
2024-06-05,118.8465,120.197,118.4672,119.7437,5009400.0
2024-06-06,119.4755,121.1127,119.235,120.7335,8088500.0
2024-06-07,120.5763,121.5198,120.4468,120.8723,4945600.0
2024-06-10,120.8353,121.8065,119.9287,121.6308,6033700.0
2024-06-11,121.1775,122.2598,120.012,121.9545,11453200.0
2024-06-12,122.75,122.7593,120.4005,120.4375,5822000.0
2024-06-13,120.271,120.3635,118.9482,119.6697,5004200.0
2024-06-14,119.4755,120.1322,119.0037,119.7715,7338500.0
2024-06-17,119.3062,119.9855,118.5245,118.6455,8524000.0
2024-06-18,119.362,119.7901,118.264,119.1015,6532400.0
2024-06-20,118.5432,121.372,117.9476,120.6648,10348400.0
2024-06-21,121.1301,122.0886,120.1251,121.6419,17170800.0
2024-06-24,122.1537,124.052,121.8373,123.7263,8553800.0
2024-06-25,123.8752,125.2804,123.3913,123.6891,6750600.0
2024-06-26,124.1172,124.1637,122.3584,122.3677,8492100.0
2024-06-27,122.8237,123.1029,117.9755,120.8044,11927600.0
2024-06-28,120.5438,121.8745,112.4759,115.2025,57055500.0
2024-07-01,116.6727,120.2181,116.4122,119.0177,11533000.0
2024-07-02,119.3062,119.3341,117.8639,118.8502,5645400.0
2024-07-03,118.8223,119.055,116.5983,117.1101,4002100.0
2024-07-05,117.7429,117.808,116.2354,117.6684,6786700.0
2024-07-08,117.9941,118.6083,116.6262,117.045,5743400.0
2024-07-09,116.5425,117.3427,115.1094,117.2869,6339000.0
2024-07-10,117.138,118.6269,117.0915,118.4594,4588500.0
2024-07-11,118.7479,120.153,118.7293,120.0134,7048800.0
2024-07-12,120.4136,120.9068,118.478,118.8875,7022300.0
2024-07-15,119.1108,119.4272,118.3663,119.2225,6918500.0
2024-07-16,118.9898,120.0693,116.5052,116.7286,8194400.0
2024-07-17,116.7565,117.8918,115.9097,117.1473,7628000.0
2024-07-18,116.5983,116.8775,113.8718,115.6212,9501400.0
2024-07-19,116.5983,118.1709,116.4866,117.0357,6848800.0
2024-07-22,117.2032,117.7057,116.3471,116.9612,4341800.0
2024-07-23,116.3098,116.8961,115.5561,115.7422,4285400.0
2024-07-24,116.2912,117.4079,116.0214,117.1752,6338500.0
2024-07-25,117.2776,118.9712,116.9798,117.1101,7357100.0
2024-07-26,118.4036,119.7901,116.3657,116.5611,6467000.0
2024-07-29,117.045,119.1015,116.2447,118.9061,9139500.0
2024-07-30,114.9047,115.3327,105.9993,107.2462,35509400.0
2024-07-31,107.9441,109.6564,104.4267,105.2735,22733000.0
2024-08-01,105.2735,106.5204,103.6729,105.9156,14117500.0
2024-08-02,107.1625,109.1539,106.4181,107.1997,16562300.0
2024-08-05,106.9671,107.1253,103.6078,104.5104,13334000.0
2024-08-06,104.5011,105.2269,103.2169,103.431,9761900.0
2024-08-07,103.9242,104.7337,103.0308,104.6779,9756500.0
2024-08-08,105.078,106.2971,104.7524,106.0086,8278200.0
2024-08-09,105.8783,106.753,105.0315,106.5949,5914100.0
2024-08-12,106.7438,106.7438,105.2549,105.5992,6536000.0
2024-08-13,105.6829,106.8926,105.0036,106.446,9040300.0
2024-08-14,105.7667,106.0179,103.766,105.6922,11029400.0
2024-08-15,106.2412,106.5483,104.7524,105.441,9685100.0
2024-08-16,105.7201,105.8225,104.7989,105.776,10102300.0
2024-08-19,105.7667,106.6414,105.441,106.4739,6177500.0
2024-08-20,106.7903,107.2928,106.5949,107.1439,5392300.0
2024-08-21,106.8089,108.5025,106.5948,107.9721,8144100.0
2024-08-22,108.2233,108.6142,107.2183,108.456,8201200.0
2024-08-23,108.6886,108.6979,107.8697,108.5025,8368200.0
2024-08-26,108.6235,109.7122,108.093,108.1954,6518700.0
2024-08-27,108.1954,108.5211,107.2462,108.4094,5502600.0
2024-08-28,108.5025,109.8239,108.1675,109.2469,5403200.0
2024-08-29,109.7401,110.1775,108.6793,109.3028,7202500.0
2024-08-30,109.126,110.5032,109.0143,110.224,8876500.0
2024-09-03,110.0472,110.5869,108.335,108.4839,7640300.0
2024-09-04,108.5583,108.6235,106.5204,107.7581,7693400.0
2024-09-05,108.5118,111.7315,108.2699,110.3543,12009700.0
2024-09-06,110.8289,111.9455,109.4796,109.6564,8577300.0
2024-09-09,105.2921,108.7817,104.6035,107.3951,14880200.0
2024-09-10,107.209,108.0279,105.4596,107.3207,12734500.0
2024-09-11,106.9578,107.8418,106.3343,106.7437,7836600.0
2024-09-12,106.5204,107.4882,106.1203,107.2462,8330900.0
2024-09-13,108.0279,108.6607,107.0136,107.8139,6709600.0
2024-09-16,108.479,110.8865,108.479,110.5024,7846100.0
2024-09-17,111.4486,111.6078,110.287,110.8116,7914900.0
2024-09-18,110.7273,111.8327,110.4181,111.1395,11135600.0
2024-09-19,111.383,111.664,108.938,109.8186,9963000.0
2024-09-20,109.8561,110.0715,109.0504,109.7624,21200900.0
2024-09-23,109.7905,110.6898,108.2167,108.3197,6665300.0
2024-09-24,108.5258,108.9099,107.0926,107.6921,9840400.0
2024-09-25,108.0106,108.6851,107.3736,107.4766,7902300.0
2024-09-26,106.6804,106.7928,105.7904,105.9403,11132100.0
2024-09-27,106.0153,107.1113,105.856,106.5024,11920100.0
2024-09-30,106.4274,106.8022,105.575,106.3806,10936900.0
2024-10-01,106.7553,107.5328,105.9591,107.486,7715500.0
2024-10-02,107.308,107.3549,104.9005,104.9942,9041800.0
2024-10-03,104.7506,104.9942,102.8864,103.2143,10280600.0
2024-10-04,102.5679,103.3267,102.4742,102.8302,9704700.0
2024-10-07,102.7646,103.9637,101.3407,101.7248,8654800.0
2024-10-08,101.144,101.8747,100.9941,101.6592,8832400.0
2024-10-09,101.5562,103.3267,101.3595,103.2986,8627800.0
2024-10-10,103.7014,103.8232,102.2682,102.4836,6006700.0
2024-10-11,102.2026,102.9707,101.0784,102.7927,8578400.0
2024-10-14,102.5117,103.1113,101.8091,102.7553,8130700.0
2024-10-15,103.0082,104.5258,102.9426,104.479,9109500.0
2024-10-16,103.9825,104.1698,102.1276,103.4391,8729200.0
2024-10-17,103.1768,103.2237,102.5773,102.8115,8541700.0
2024-10-18,102.952,102.9707,101.6967,101.8279,9523000.0
2024-10-21,102.1838,102.2681,99.4672,99.6171,11444900.0
2024-10-22,99.2143,100.1417,99.0269,99.8981,11576100.0
2024-10-23,99.9918,100.5726,99.4859,99.6545,8271700.0
2024-10-24,99.3454,99.8794,98.6054,99.1862,8295900.0
2024-10-25,99.7576,99.7576,97.2938,97.4063,9625500.0
2024-10-28,97.9871,98.3618,97.3594,97.6405,6968900.0
2024-10-29,97.7248,98.4648,97.144,97.1721,9296200.0
2024-10-30,96.9191,98.3618,96.3946,98.2025,13897200.0
2024-10-31,94.5491,96.7037,92.3664,95.8512,17413100.0
2024-11-01,95.3454,96.2259,94.8114,95.439,10180600.0
2024-11-04,95.5514,96.0479,94.5678,95.4297,9182600.0
2024-11-05,94.9519,95.2985,94.165,95.2236,6741400.0
2024-11-06,96.6568,96.7037,94.24,94.3617,9551300.0
2024-11-07,95.0268,95.261,94.4741,94.7739,8676100.0
2024-11-08,95.0643,96.7037,94.6147,96.4133,9208000.0
2024-11-11,96.0479,96.8629,94.1088,94.3617,10075300.0
2024-11-12,94.3898,94.3992,92.2727,92.3477,12282900.0
2024-11-13,92.2821,93.1627,91.7107,92.2727,8869700.0
2024-11-14,92.9097,93.1158,91.7575,92.1416,8704500.0
2024-11-15,91.7294,91.7294,88.5069,90.2212,16464500.0
2024-11-18,90.4554,91.1392,89.3874,90.4554,14139900.0
2024-11-19,90.6146,91.3828,89.2376,90.4366,13093100.0
2024-11-20,90.8488,92.5912,90.549,91.2797,12136800.0
2024-11-21,91.542,94.1276,90.8207,93.5467,15670300.0
2024-11-22,93.987,95.3547,92.6755,92.9097,14031200.0
2024-11-25,93.7622,95.3079,93.2189,94.7646,34659100.0
2024-11-26,95.0643,95.3641,93.3969,95.1955,9324100.0
2024-11-27,95.2236,96.9098,95.2142,96.6006,9802200.0
2024-11-29,96.3758,96.5257,95.1112,95.2142,6081200.0
2024-12-02,95.2985,95.4109,94.1088,94.2493,13703100.0
2024-12-03,94.3805,95.973,94.2587,95.4109,11395600.0
2024-12-04,95.5796,95.6358,94.6615,94.9613,11315000.0
2024-12-05,95.0737,97.5562,94.9425,97.0035,11062700.0
2024-12-06,97.0597,97.3782,96.1978,96.5725,11470700.0
2024-12-09,96.3571,98.4274,95.8606,97.2283,19162500.0
2024-12-10,97.2096,97.2096,94.3711,94.6147,11359400.0
2024-12-11,94.3336,95.0362,92.9847,93.4437,21613000.0
2024-12-12,95.261,96.4882,93.7903,94.8489,9554400.0
2024-12-13,94.7364,96.0854,94.1744,95.5514,10118200.0
2024-12-16,95.6081,96.5807,94.475,94.4844,11701100.0
2024-12-17,94.3333,95.1832,93.8234,94.4844,13975100.0
2024-12-18,94.6072,95.8442,92.7942,92.8603,11993400.0
2024-12-19,93.068,94.3711,92.3692,93.9745,12110800.0
2024-12-20,93.323,94.1256,92.4448,92.5864,29289700.0
2024-12-23,93.5685,94.0406,92.7281,93.8329,8460500.0
2024-12-24,93.6912,94.0878,93.2946,93.9084,3713500.0
2024-12-26,93.5685,94.3711,93.4079,94.305,4760300.0
2024-12-27,93.9556,94.7583,93.7101,94.1445,6173600.0
2024-12-30,94.0217,94.0217,92.7942,92.8886,6848700.0
2024-12-31,93.0113,93.9839,92.9452,93.9367,6598200.0
2025-01-02,94.6922,94.7583,93.323,93.644,6153300.0
2025-01-03,93.8045,94.1917,93.1908,93.6157,6070300.0
2025-01-06,93.2663,94.7394,92.9358,94.1634,10111100.0
2025-01-07,94.5505,97.2323,94.475,95.3909,10890900.0
2025-01-08,95.0887,95.1548,92.5864,94.2861,8654700.0
2025-01-10,93.6818,94.8149,93.3041,93.7195,11328500.0
2025-01-13,93.9178,95.5231,93.474,95.3531,8168100.0
2025-01-14,95.6175,95.8347,93.4929,94.0973,10927400.0
2025-01-15,94.5222,95.2021,94.0595,94.5127,9170300.0
2025-01-16,94.8432,95.2776,94.3805,95.0887,7749600.0
2025-01-17,94.8716,94.8716,92.4637,92.4637,16182000.0
2025-01-21,92.6147,92.7942,90.424,90.8773,17756100.0
2025-01-22,90.6129,91.5949,89.848,90.3485,13070900.0
2025-01-23,90.7545,91.746,89.9141,91.2455,11522800.0
2025-01-24,91.3966,91.6893,90.0935,90.2257,12244800.0
2025-01-27,91.2455,93.1247,90.6318,92.4825,15093400.0
2025-01-28,91.9254,93.3702,91.2078,92.0198,12840900.0
2025-01-29,91.9915,93.6251,91.9632,92.8036,10225500.0
2025-01-30,93.8706,93.8706,92.7564,93.4363,10164700.0
2025-01-31,93.5779,94.4844,93.0869,93.3135,11420200.0
2025-02-03,92.6619,94.5694,92.5392,94.2295,13363900.0
2025-02-04,84.0407,86.1464,82.4638,85.6837,50837600.0
2025-02-05,85.3532,85.6837,83.0964,84.6734,21670600.0
2025-02-06,84.4279,84.5789,82.9453,83.1436,19509700.0
2025-02-07,82.6432,83.663,82.2655,82.4165,15815000.0
2025-02-10,82.341,83.0775,81.4628,81.5856,21212100.0
2025-02-11,81.2645,82.1427,80.9529,81.7178,20922300.0
2025-02-12,81.274,81.8405,80.8396,80.8962,14785300.0
2025-02-13,80.8207,80.9246,79.612,79.7159,20415100.0
2025-02-14,79.7159,80.0559,77.5157,78.3845,26779000.0
2025-02-18,76.6092,78.9322,76.5243,78.6489,25897800.0
2025-02-19,78.6017,80.8585,78.2334,80.8302,17435100.0
2025-02-20,81.1134,82.8131,81.1134,82.7942,14851500.0
2025-02-21,83.0964,84.5412,82.1616,84.5128,15678900.0
2025-02-24,84.7111,86.7319,83.9746,86.1842,19452300.0
2025-02-25,86.6374,87.8745,85.4004,86.3353,18417300.0
2025-02-26,86.2125,86.2786,83.9085,84.3995,13534200.0
2025-02-27,84.3712,85.9009,84.2768,85.5327,10717500.0
2025-02-28,85.6554,87.204,85.6554,87.1096,15482100.0
2025-03-03,86.6658,88.0161,86.6658,87.9594,13636100.0
2025-03-04,88.3561,90.0463,87.1757,87.4023,15073000.0
2025-03-05,86.0048,88.2427,85.4571,87.9972,13117100.0
2025-03-06,87.9406,88.8093,86.6658,88.7621,11300200.0
2025-03-07,89.0076,91.9443,88.6204,89.3759,24100900.0
2025-03-10,89.4136,91.5949,89.4136,89.9235,20897600.0
2025-03-11,89.6875,90.0652,88.3655,89.4514,21734800.0
2025-03-12,88.8282,89.1398,87.6856,88.1483,11896000.0
2025-03-13,88.1955,90.9717,88.1955,89.4325,16570100.0
2025-03-14,89.0265,89.593,88.2427,89.3003,12681100.0
2025-03-17,89.1956,90.7671,88.6527,90.2813,12237900.0
2025-03-18,90.7004,90.8718,89.3765,90.2147,8670100.0
2025-03-19,90.7194,90.8909,89.186,89.548,11355900.0
2025-03-20,89.5289,90.6337,89.2241,90.2242,12970200.0
2025-03-21,90.0813,90.1766,88.6431,88.6812,68435800.0
2025-03-24,88.4812,88.6812,87.205,87.9193,16950100.0
2025-03-25,87.9193,87.9193,82.9381,83.6905,20640200.0
2025-03-26,84.0429,85.0715,83.1571,83.9191,13808800.0
2025-03-27,84.2905,84.3477,83.2238,83.4333,12931900.0
2025-03-28,84.0048,85.8525,83.5,84.9858,12393500.0
2025-03-31,85.0048,85.9763,84.1667,85.4906,15003000.0
2025-04-01,85.4811,85.4811,82.4904,82.9762,13922100.0
2025-04-02,82.7476,82.9285,81.2618,82.4809,10590800.0
2025-04-03,84.5096,84.6715,82.1571,82.2809,12684100.0
2025-04-04,82.0237,82.1666,77.2235,77.5949,22965700.0
2025-04-07,77.1568,79.2521,75.5281,77.3187,26582000.0
2025-04-08,79.2521,79.3093,73.8518,75.1948,20571600.0
2025-04-09,73.1089,78.0902,72.3851,78.014,22928300.0
2025-04-10,76.7758,77.2615,72.347,73.8614,19466900.0
2025-04-11,74.1661,75.6615,72.7184,75.4138,16194400.0
2025-04-14,76.2139,76.2139,74.6328,75.4043,15796700.0
2025-04-15,75.7662,76.1567,74.0233,74.6614,16042500.0
2025-04-16,74.7376,74.9471,72.3184,72.8232,16551300.0
2025-04-17,73.2328,75.0043,73.2232,74.29,21416500.0
2025-04-21,74.3662,74.4709,73.328,74.1471,11010000.0
2025-04-22,74.3185,75.2805,73.9661,75.2138,12918200.0
2025-04-23,74.7662,76.3853,74.29,74.9948,17935700.0
2025-04-24,74.5566,76.1663,72.4137,76.0424,18471500.0
2025-04-25,76.3567,79.3188,74.3471,78.8045,28378000.0
2025-04-28,79.0521,79.6998,78.4807,79.2331,14241000.0
2025-04-29,79.795,81.6142,78.814,80.6808,18802900.0
2025-04-30,81.2142,81.7475,79.8046,81.1475,13825100.0
2025-05-01,80.4903,80.557,79.214,79.2998,10036400.0
2025-05-02,80.1855,80.6808,79.0045,79.2236,11755600.0
2025-05-05,79.2712,79.6045,78.014,78.8997,8688000.0
2025-05-06,78.5473,78.5569,74.5661,75.2805,16991100.0
2025-05-07,75.8329,76.0996,75.0138,75.3567,12216900.0
2025-05-08,74.7662,75.0519,73.2708,73.9566,15059100.0
2025-05-09,74.2519,74.7185,72.2136,72.3565,15614500.0
2025-05-12,72.3089,77.4044,72.2232,76.6044,21761100.0
2025-05-13,73.2899,74.8138,72.9184,72.9851,23353200.0
2025-05-14,73.7756,73.7756,69.8326,69.9754,23721800.0
2025-05-15,70.2611,71.2517,69.823,71.2422,15274800.0
2025-05-16,71.4231,72.547,70.8326,72.4422,15021800.0
2025-05-19,72.347,73.5756,72.0898,73.5566,11682600.0
2025-05-20,73.8614,75.4138,73.7375,74.2614,13262400.0
2025-05-21,74.0709,74.3852,73.2137,73.3185,11879500.0
2025-05-22,73.0708,74.6328,73.0327,74.1376,11800000.0
2025-05-23,73.8614,74.1947,73.4137,73.8899,10902200.0
2025-05-27,74.309,74.4804,73.3851,73.8994,11884500.0
2025-05-28,73.7471,74.0233,71.9946,72.547,12293200.0
2025-05-29,72.0898,73.3375,72.0898,72.7661,10785200.0
2025-05-30,73.2804,73.8709,71.9946,73.1851,20641500.0
2025-06-02,73.3565,73.3565,71.8136,72.6232,11271800.0
2025-06-03,72.3851,73.5185,71.8517,73.4709,18139200.0
2025-06-04,73.7852,75.3757,73.6518,74.5471,13009300.0
2025-06-05,74.6805,74.8138,73.5756,73.928,13983700.0
2025-06-06,74.5757,75.7091,74.49,75.2138,9863100.0
2025-06-09,75.8234,76.5853,74.9281,75.5567,18305800.0
2025-06-10,75.5662,77.9854,75.5567,77.4806,13254100.0
2025-06-11,77.4806,77.7949,76.1758,76.4996,11803300.0
2025-06-12,76.3758,78.2045,76.2615,77.9283,13169200.0
2025-06-13,77.7663,78.5188,77.5759,77.8235,14550500.0
2025-06-16,77.8042,78.2564,76.6787,77.8812,12569400.0
2025-06-17,77.2271,77.6311,75.2165,75.3031,14040600.0
2025-06-18,75.0819,77.2559,74.168,76.2747,23803400.0
2025-06-20,76.2362,76.8807,75.6109,76.0535,34052300.0
2025-06-23,76.2266,77.1693,75.9861,77.1116,18553800.0
2025-06-24,77.3136,78.3622,76.0823,77.2655,15906400.0
2025-06-25,76.6114,77.0731,76.1497,76.6403,12753200.0
2025-06-26,76.8038,77.1982,75.3897,75.8322,13760100.0
2025-06-27,76.0535,76.5152,75.1684,76.0919,60202500.0
2025-06-30,76.2362,76.3709,75.3993,76.1497,13895200.0
2025-07-01,75.9573,79.911,75.611,78.6989,21800800.0
2025-07-02,78.9394,79.6608,78.7758,79.2568,16052700.0
2025-07-03,79.4107,79.4588,77.6311,77.8523,7734500.0
2025-07-07,77.8716,78.4392,77.102,77.8235,15777400.0
2025-07-08,77.862,79.2472,77.2848,78.2756,12752900.0
2025-07-09,79.2472,81.2673,78.7758,80.5266,18394600.0
2025-07-10,80.4593,81.7676,80.0072,80.8248,14725600.0
2025-07-11,80.8248,80.9306,79.1318,80.1899,9717400.0
2025-07-14,80.2573,81.0942,79.9494,80.4881,10368700.0
2025-07-15,80.594,81.1519,78.2083,78.4199,10827000.0
2025-07-16,78.3622,79.4973,78.3622,79.2953,11517800.0
2025-07-17,78.8624,79.5166,78.2467,78.4199,8984800.0
2025-07-18,78.5931,78.8047,76.823,76.9192,11823600.0
2025-07-21,77.1116,77.2559,75.9476,76.2939,11620800.0
2025-07-22,76.8326,78.6604,76.8326,78.5065,10571000.0
2025-07-23,79.4781,80.9403,79.2761,80.7864,11542100.0
2025-07-24,80.998,81.2962,80.3438,80.9114,8016700.0
2025-07-25,80.9595,81.9792,80.6517,81.4886,10058800.0
2025-07-28,81.2577,81.7387,80.6805,80.8633,12882000.0
2025-07-29,76.8134,79.7378,73.7447,79.4877,27826400.0
2025-07-30,79.757,80.4016,78.4199,78.6412,13055200.0
2025-07-31,77.7273,78.391,74.8895,75.1492,19813300.0
2025-08-01,75.053,76.8327,74.5816,76.2747,11900300.0
2025-08-04,76.0534,76.9481,75.4474,76.823,13380700.0
2025-08-05,76.8615,78.0447,76.5441,77.7177,9984300.0
2025-08-06,77.2367,78.2275,76.2555,76.419,13028700.0
2025-08-07,76.621,77.7465,75.659,77.3136,10830100.0
2025-08-08,77.0635,78.0832,77.0635,77.6215,6882900.0
2025-08-11,77.8812,78.5353,76.6018,76.9866,8210700.0
2025-08-12,77.4098,77.862,76.6403,77.2463,7852700.0
2025-08-13,77.6792,79.6897,77.1501,79.5647,11043800.0
2025-08-14,78.8913,80.2284,78.4969,79.6128,10217600.0
2025-08-15,80.5362,81.5175,80.1899,81.0076,10481400.0
2025-08-18,81.0557,81.9119,80.8826,81.0172,8273600.0
2025-08-19,81.1711,82.5371,81.1711,81.7002,14307700.0
2025-08-20,82.0658,82.97,81.3347,81.4405,8904700.0
2025-08-21,81.6521,83.9993,81.3828,82.8065,13889000.0
2025-08-22,84.1725,84.4996,83.4606,84.0474,11977400.0
2025-08-25,83.8935,84.0667,81.7195,82.0658,9417700.0
2025-08-26,82.3063,82.3351,81.4501,81.7579,14062700.0
2025-08-27,81.8349,82.2293,80.6902,80.8729,10588100.0
2025-08-28,81.0461,81.0461,79.5069,80.0456,14485300.0
2025-08-29,80.2476,81.0365,80.113,80.921,10872900.0
2025-09-02,81.2866,82.2486,81.1327,82.2293,11642700.0
2025-09-03,82.1235,82.5468,80.8729,80.9787,12714400.0
2025-09-04,80.998,81.2,79.8436,80.8537,12554800.0
2025-09-05,80.6036,82.0273,80.0841,81.4886,13231100.0
2025-09-08,80.9595,81.1134,79.6705,80.8922,13111200.0
2025-09-09,80.9788,81.5752,80.9307,81.3924,9767500.0
2025-09-10,81.0653,81.3539,80.3631,80.8344,13073300.0
2025-09-11,81.1327,82.2967,80.8056,81.9119,9667200.0
2025-09-12,81.402,81.9407,79.6512,79.6608,9939500.0
2025-09-15,79.7677,80.3895,78.6117,78.7088,10229800.0
2025-09-16,78.6991,79.1557,78.2425,78.7768,10065900.0
2025-09-17,78.67,79.9037,78.4951,78.8254,12642100.0
2025-09-18,78.9031,79.3597,78.5145,79.2043,10458900.0
2025-09-19,79.4763,80.0494,78.6894,79.1848,25627800.0
2025-09-22,79.4277,79.6026,77.9705,78.1065,11986400.0
2025-09-23,77.8053,78.7962,77.3973,77.679,13145300.0
2025-09-24,77.6208,77.8248,77.067,77.3973,11804200.0
2025-09-25,77.5042,77.6013,75.3669,75.3864,14923800.0
2025-09-26,76.5133,76.7076,75.4738,76.319,12205400.0
2025-09-29,76.3578,76.5521,75.8041,76.3384,12739000.0
2025-09-30,76.183,81.6038,76.1635,81.5358,21636600.0
2025-10-01,82.7599,88.1612,82.7599,87.5589,33460900.0
2025-10-02,87.3841,88.4041,85.7034,86.9566,14575400.0
2025-10-03,87.0732,88.1127,85.5868,86.6457,12970600.0
2025-10-06,86.296,87.7338,86.024,86.2669,11648300.0
2025-10-07,86.1406,86.4029,84.6542,85.1108,9449100.0
2025-10-08,85.4217,85.4217,83.741,83.9353,9696200.0
2025-10-09,84.4793,85.2954,84.1685,85.0039,10938200.0
2025-10-10,85.4314,85.7228,83.469,83.537,11230700.0
2025-10-13,83.2164,83.9936,82.8084,83.2553,6553900.0
2025-10-14,82.9444,83.2359,81.7495,82.2838,9675000.0
2025-10-15,81.7884,82.2741,81.2249,81.7107,9168700.0
2025-10-16,82.0021,83.061,81.2152,81.5261,11709100.0
2025-10-17,80.9043,82.4684,80.7878,82.3713,10758900.0
2025-10-20,82.8181,84.5182,82.6044,83.8576,8611800.0
2025-10-21,84.4794,85.1691,83.7702,85.1205,9852400.0
2025-10-22,85.1788,86.2572,84.5279,85.1108,10926300.0
2025-10-23,85.0622,85.5965,84.4308,84.6931,7687500.0
2025-10-24,84.8388,85.548,84.6251,84.9942,7902100.0
2025-10-27,85.0137,85.7811,84.5474,85.4897,7226600.0
2025-10-28,85.5966,85.5966,84.4502,84.5474,8345900.0
2025-10-29,84.4696,85.3343,83.6147,84.1102,10921900.0
2025-10-30,82.2061,84.8097,80.9238,83.8188,16678800.0
2025-10-31,82.9833,83.9936,82.1478,83.5273,12385000.0
2025-11-03,83.3233,83.6439,79.9911,80.1369,13875800.0
2025-11-04,80.3409,82.5364,79.6706,81.4678,12846100.0
2025-11-05,81.6329,82.9444,80.5449,81.9827,9440200.0
2025-11-06,82.0701,83.7119,81.9438,83.333,10601400.0
2025-11-07,83.4982,84.1199,82.8084,83.8188,9214300.0
2025-11-10,84.2171,84.8777,83.3524,84.2753,8319600.0
2025-11-11,84.8582,88.4721,84.7708,88.3555,15436000.0
2025-11-12,88.8024,90.2596,88.5595,88.8413,13218900.0
2025-11-13,88.7053,91.5711,88.307,90.2791,16086100.0
2025-11-14,89.5699,92.3677,88.8801,90.2693,19632000.0
2025-11-17,90.5705,92.0471,90.0362,90.2111,14345800.0
2025-11-18,91.4254,94.8741,89.4824,93.6792,28153500.0
2025-11-19,93.2615,94.369,91.406,92.3386,14641300.0
2025-11-20,92.2609,93.2615,91.2214,92.2609,12554200.0
2025-11-21,92.7563,97.4097,92.6397,94.9713,23183300.0
2025-11-24,96.2925,99.4401,96.2925,97.536,28320900.0
2025-11-25,97.8566,102.8208,97.8371,102.6459,22225500.0
2025-11-26,101.6161,102.7333,101.2276,101.6453,12624000.0
2025-11-28,101.8493,102.403,101.1498,101.8396,6154500.0
2025-12-01,101.7327,102.6653,98.8086,98.9252,14178300.0
2025-12-02,98.6337,98.896,97.4485,98.148,11795000.0
2025-12-03,98.9932,100.1492,98.624,99.3526,12541600.0
2025-12-04,99.1875,99.6732,97.672,98.012,12770700.0
2025-12-05,98.5074,99.1778,96.3605,96.8754,16430400.0
2025-12-08,96.545,96.8268,95.0198,96.1079,12902600.0
2025-12-09,96.4868,97.0017,93.3198,94.1261,16283900.0
2025-12-10,95.253,95.3696,93.7181,94.8353,18077700.0
2025-12-11,95.6319,96.3119,94.7964,96.1856,11808200.0
2025-12-12,96.137,97.7886,95.5153,97.4388,11810800.0
2025-12-15,97.9679,98.8987,96.0181,98.2324,16735900.0
2025-12-16,98.2716,98.3108,94.8326,96.2827,16663600.0
2025-12-17,96.1945,98.1149,96.0769,97.1743,13180600.0
2025-12-18,97.2625,99.32,96.8607,98.6537,14312800.0
2025-12-19,98.5656,100.1332,98.0855,99.0457,44980200.0
2025-12-22,98.5949,102.8276,98.3696,102.6022,17136200.0
2025-12-23,102.4455,103.2587,102.2201,102.9158,13587500.0
2025-12-24,103.2391,104.7871,103.1509,104.2972,5335000.0
2025-12-26,104.2972,104.8851,103.8857,104.6206,6280700.0
2025-12-29,104.6892,105.4142,104.2777,104.4638,8086900.0
2025-12-30,104.5716,104.7186,103.5036,103.9151,6497900.0
2025-12-31,103.7976,103.9543,102.8668,103.1313,7557300.0
2026-01-02,103.3959,104.4638,102.3181,104.2972,9992400.0
2026-01-05,104.8459,106.247,103.6604,105.2672,15863300.0
2026-01-06,105.5024,107.942,105.5024,106.6683,14479000.0
2026-01-07,107.2954,109.2059,105.7669,106.4038,16322300.0
2026-01-08,108.3731,110.6168,107.0406,108.7454,20278800.0
2026-01-09,108.6279,110.2053,107.991,108.2947,11040800.0
2026-01-12,108.7258,109.2059,106.5801,106.9818,10671900.0
2026-01-13,106.8447,107.0994,105.0517,106.0706,9338600.0
2026-01-14,106.7663,108.9806,105.7669,108.765,11964600.0
2026-01-15,108.3829,109.3235,106.2568,108.7258,11775800.0
2026-01-16,108.4809,108.4907,106.2372,106.6291,14852100.0
2026-01-20,105.9237,107.4227,104.7675,107.2366,15241100.0
2026-01-21,106.9819,109.7056,106.5312,108.863,12844400.0
2026-01-22,108.5397,109.0688,106.394,106.972,9362600.0
2026-01-23,106.8839,106.8839,105.0419,105.9923,10489500.0
2026-01-26,105.62,106.2274,104.8949,105.228,9903200.0
2026-01-27,105.326,106.1588,104.6794,105.7375,7907100.0
2026-01-28,104.6892,105.7473,103.8858,104.7382,7491700.0
2026-01-29,105.1595,107.7069,104.9341,106.149,13572800.0
2026-01-30,106.394,108.3045,105.7669,108.04,19060600.0
2026-02-02,107.893,111.5868,107.7265,111.0773,18000100.0
2026-02-03,109.4117,116.0644,109.1863,113.4974,25793600.0
2026-02-04,114.5359,117.9553,114.144,115.937,21954600.0
2026-02-05,115.9174,119.9541,115.9174,117.3283,24010600.0
2026-02-06,118.3179,120.1794,118.0043,119.4642,13083300.0
2026-02-09,118.9547,119.4152,114.6143,115.2708,16158700.0
2026-02-10,115.3099,115.79,113.7521,114.7809,11849500.0
2026-02-11,114.6731,116.9462,113.9578,116.8972,10885300.0
2026-02-12,116.6033,119.1507,115.7313,116.8286,13453300.0
2026-02-13,119.0429,120.8359,118.5824,118.9547,10102300.0
2026-02-17,119.8855,120.5909,118.3571,119.1115,9899800.0
2026-02-18,118.798,119.3466,117.9553,119.1997,7803400.0
2026-02-19,118.9449,120.1206,118.0631,119.3956,8933300.0
2026-02-20,120.1598,120.2186,118.1611,119.7875,9442500.0
2026-02-23,119.8365,121.6785,119.0429,121.316,9661100.0
2026-02-24,120.9143,122.3154,120.15,121.4238,8460300.0
2026-02-25,121.5021,122.6093,119.7875,119.9835,11082500.0
2026-02-26,119.9247,120.0227,116.5935,116.8874,10327300.0
2026-02-27,117.2597,121.4923,117.2597,121.316,17636400.0
2026-03-02,121.0123,121.1984,118.5922,118.9547,11564500.0
2026-03-03,117.2499,118.5236,116.2113,117.4067,9334100.0
2026-03-04,117.0148,118.4256,115.4765,117.8476,6700900.0
2026-03-05,116.7012,117.1127,112.1355,113.7227,14516000.0
2026-03-06,112.8311,114.0068,111.5182,113.4484,12809300.0
2026-03-09,112.6548,114.8886,111.8023,114.7417,8321600.0
2026-03-10,114.8691,116.5935,114.3106,114.7221,9739300.0
2026-03-11,114.3988,114.5849,112.9585,113.8599,6760700.0
2026-03-12,113.1348,114.242,111.9885,113.5659,8349200.0
2026-03-13,114.5555,115.5059,113.1936,113.272,7111000.0
2026-03-16,113.8445,114.5551,112.739,113.9333,8785300.0
2026-03-17,114.2788,115.2856,112.8969,114.3676,7952200.0
2026-03-18,113.5681,114.0616,111.8803,113.0154,6736300.0
2026-03-19,113.1733,114.259,112.2751,112.7193,8383800.0
2026-03-20,112.7686,113.6866,111.2585,112.6995,36355400.0
2026-03-23,114.6637,114.9598,113.2819,114.1801,9096400.0
2026-03-24,113.2128,115.0289,112.5416,114.8611,7411900.0
2026-03-25,115.7791,118.5625,115.2856,117.8222,10220300.0
2026-03-26,117.4175,118.5033,117.1116,117.3879,6497200.0
2026-03-27,117.7433,119.5002,117.0622,118.0789,8345800.0
2026-03-30,119.0067,120.0628,115.7001,116.5687,11084000.0
2026-03-31,117.4866,119.6976,117.23,118.7303,10713300.0
2026-04-01,119.3127,120.6057,118.7106,119.2732,6351700.0
2026-04-02,118.8093,120.0727,117.6742,119.3028,6387900.0
2026-04-06,118.8488,119.9049,118.4835,119.283,4890200.0
2026-04-07,118.0098,118.0098,114.9894,117.7334,11376400.0
2026-04-08,118.0493,122.027,116.4108,121.5828,9256900.0
2026-04-09,121.3065,122.3922,119.7766,121.0893,8666300.0
2026-04-10,121.3657,121.415,119.3818,119.8457,9707000.0
2026-04-13,119.4607,119.7272,117.5163,118.5921,6357300.0
2026-04-14,117.4866,118.7994,116.6181,118.4046,12449400.0
2026-04-15,118.2467,118.6908,115.1276,116.3713,7689400.0
2026-04-16,115.6113,116.3219,113.2227,113.9629,11399900.0
2026-04-17,114.0616,117.6544,114.0616,117.5261,16194900.0
2026-04-20,117.6051,117.8124,115.2362,115.5817,7392000.0
2026-04-21,114.9796,115.0191,110.459,111.1005,12769500.0
2026-04-22,111.1499,112.0382,110.0938,111.4263,8037500.0
2026-04-23,111.9,113.5286,111.6335,113.1338,6826300.0
2026-04-24,112.2652,112.5515,110.0543,110.4491,7060000.0
2026-04-27,109.7779,111.2881,108.7119,108.8008,9133600.0
2026-04-28,110.074,110.459,108.2875,108.6033,7157600.0
2026-04-29,107.1425,109.7878,106.501,109.5114,9769900.0
2026-04-30,107.9223,110.7847,107.2215,107.7644,17131200.0
2026-05-01,110.8735,113.0549,110.4294,110.7057,11953700.0
2026-05-04,109.9655,113.1338,109.314,111.6434,7659100.0
2026-05-05,112.1961,112.591,111.367,111.6829,7910400.0
2026-05-06,111.6829,113.0055,111.2782,112.0876,7256100.0
2026-05-07,112.0382,112.2751,109.6595,110.8439,7329000.0
2026-05-08,110.9229,111.5447,109.7384,109.9358,5725100.0
2026-05-11,110.6958,112.206,109.5706,109.8371,7750600.0
2026-05-12,110.0543,112.2159,109.9457,110.913,9117400.0
2026-05-13,110.7946,112.591,110.5873,111.979,8110500.0
2026-05-14,112.1567,112.4232,111.1104,111.9395,5284200.0
2026-05-15,112.4232,112.4528,109.5015,109.9358,10028900.0
2026-05-18,109.9852,111.4263,109.5312,111.1005,8047200.0
2026-05-19,111.1005,113.6076,110.6761,112.7588,7555400.0
2026-05-20,113.1437,113.4595,111.4361,111.5348,9130600.0
2026-05-21,111.3275,114.4762,110.6366,114.3775,7402700.0
2026-05-22,118.9869,121.0696,118.523,120.8228,14749200.0
2026-05-26,121.3065,121.5335,117.8617,118.1677,10008700.0
2026-05-27,118.2664,120.813,118.2269,118.681,7162300.0
2026-05-28,118.7007,119.9246,117.8124,118.3355,9258900.0
2026-05-29,118.0986,119.1054,116.6575,117.1807,16596000.0
2026-06-01,116.0258,116.4305,112.8772,113.6767,9406700.0
2026-06-02,113.0154,115.2658,113.0154,114.1505,8311500.0
2026-06-03,113.9531,115.8087,113.2128,113.2128,8225100.0
2026-06-04,115.6409,118.9869,115.5718,118.7007,15933900.0
2026-06-05,119.3719,121.8592,118.7994,119.2238,15967200.0
2026-06-08,119.283,121.0104,117.1511,117.9703,12312200.0
2026-06-09,118.4737,118.9376,116.47,118.0493,9669100.0
2026-06-10,118.2269,118.4835,115.7396,117.5459,10302100.0
2026-06-11,118.4835,121.1189,118.3947,119.1942,13180300.0
2026-06-12,119.9246,120.3194,117.2892,117.5064,10926900.0
2026-06-15,118.0134,118.252,114.1959,114.2258,15395700.0
2026-06-16,115.2,115.2199,112.9036,114.4942,10665400.0
2026-06-17,114.186,115.3094,113.3509,114.7626,10459900.0
2026-06-18,113.9673,114.2655,110.9153,113.2018,29521600.0
2026-06-22,113.3012,114.9515,112.3369,114.8024,10521200.0
2026-06-23,115.8462,119.097,115.8462,118.8982,10469300.0
2026-06-24,120.1905,121.0952,118.8087,119.8923,10478100.0
2026-06-25,120.9163,125.2208,120.29,124.7138,14043800.0
2026-06-26,125.0916,128.0243,125.0916,127.905,18891500.0
2026-06-29,126.9009,129.2073,125.9963,128.6208,9584600.0
2026-06-30,128.4617,129.5254,125.9366,127.7459,11837200.0
2026-07-01,127.2588,127.6664,123.9782,124.6343,10761500.0
2026-07-02,125.4396,128.8494,125.2507,128.7997,7832200.0
2026-07-06,128.5512,129.2371,124.8828,126.036,9499300.0
2026-07-07,128.0144,128.929,127.1395,128.1038,10174300.0
2026-07-08,127.5869,128.2331,124.4057,125.2507,7910200.0
2026-07-09,124.7437,127.3185,123.7197,124.3361,6975500.0
2026-07-10,124.3858,124.8232,122.1788,122.815,8388400.0
2026-07-13,122.8548,124.008,121.7215,123.3022,5225800.0
2026-07-14,122.5765,122.9343,119.4549,120.0712,9932900.0
2026-07-15,123.5209,124.1671,122.0297,122.8846,9053800.0
2026-07-16,123.6004,128.1734,123.2724,126.8811,13038800.0
2026-07-17,127.6962,130.9669,126.2846,126.7518,13472700.0
2026-07-20,126.543,127.1395,123.4911,123.67,7729000.0
2026-07-21,124.0677,126.0261,123.3718,125.5191,7344800.0
2026-07-22,126.5729,128.074,125.877,126.722,7792400.0
2026-07-23,127.0699,130.271,127.0699,129.7143,8531300.0
2026-07-24,130.6687,130.9371,129.4757,130.3009,6154400.0
2026-07-27,130.2412,131.7523,129.6845,129.9927,6909800.0
2026-07-28,132.1002,134.2575,130.3704,131.0465,10260200.0
2026-07-29,131.5932,131.9114,128.8892,129.595,7537700.0
2026-07-30,127.4477,129.4459,126.5033,129.0284,7832900.0
2026-07-31,128.1635,130.271,127.388,129.436,7738800.0
2026-08-03,129.1079,130.6985,125.9764,127.0202,11153800.0
2026-08-04,127.7062,129.2272,125.4793,127.2489,11816900.0
2026-08-05,128.6506,130.3207,126.8115,127.5769,10501900.0
2026-08-06,130.1915,130.3108,127.0501,127.6167,7051700.0
2026-08-07,127.0898,127.9945,125.9366,127.8255,7347500.0
2026-08-10,127.5372,130.2114,127.4875,130.1517,6007600.0
2026-08-11,129.1675,132.0605,128.9389,129.6547,6342200.0
2026-08-12,129.4857,133.2733,128.1535,132.14,10447100.0
2026-08-13,133.0745,134.8838,132.2792,134.7546,8895200.0
2026-08-14,133.6411,135.1721,132.6172,135.0429,6869000.0
2026-08-17,134.1581,136.3651,133.7604,135.1721,8477300.0
2026-08-18,136.4347,137.1703,134.0885,134.3768,10284200.0
2026-08-19,146.0777,152.5992,144.0497,151.3069,32776300.0
2026-08-20,149.8952,151.625,147.6485,148.1157,16204700.0
2026-08-21,148.2449,153.5834,147.718,151.6548,15976200.0
2026-08-24,149.8356,150.6309,148.2648,149.7759,15032000.0
2026-08-25,150.1139,155.9992,149.7759,155.5319,14005100.0
2026-08-26,153.4443,154.2793,151.7145,152.2016,8627600.0
2026-08-27,148.6525,151.1876,148.1455,148.6625,8522600.0
2026-08-28,145.859,148.1356,144.8947,147.4795,8067000.0
2026-08-31,146.1374,147.8175,145.0935,146.8929,11124700.0
2026-09-01,149.3484,150.7899,147.6783,148.9806,9865600.0
2026-09-02,150.611,151.794,149.09,150.7502,8969200.0
2026-09-03,151.9034,151.9034,148.0262,151.446,6498300.0
2026-09-04,149.9449,151.3268,149.2092,149.4478,4395400.0
2026-09-08,147.5391,148.7221,145.4216,147.5888,11187000.0
2026-09-09,148.0859,148.5332,146.3163,146.6643,8546000.0
2026-09-10,147.0719,147.1315,143.2544,143.8608,7542000.0
2026-09-11,144.6661,145.0438,142.8369,143.0854,8678200.0
2026-09-14,145.5608,146.2268,143.2544,144.0,7412500.0
2026-09-15,143.85,144.15,142.32,143.79,8291600.0
2026-09-16,143.96,144.97,143.5,144.91,7226900.0
