date,open,high,low,close,volume
1992-06-26,0.2407,0.255,0.2349,0.2464,224358400.0
1992-06-29,0.2493,0.2693,0.2435,0.2636,58732800.0
1992-06-30,0.2693,0.2722,0.2521,0.255,34777600.0
1992-07-01,0.2579,0.2636,0.2493,0.2607,18316800.0
1992-07-02,0.2636,0.2636,0.255,0.2607,13996800.0
1992-07-06,0.2579,0.2607,0.255,0.2607,5753600.0
1992-07-07,0.2607,0.2607,0.255,0.2607,10662400.0
1992-07-08,0.2607,0.2607,0.2521,0.255,15500800.0
1992-07-09,0.2579,0.2636,0.255,0.2636,3923200.0
1992-07-10,0.2636,0.2693,0.2579,0.2665,11040000.0
1992-07-13,0.2665,0.2722,0.2636,0.2722,5996800.0
1992-07-14,0.2722,0.2808,0.2693,0.2722,17062400.0
1992-07-15,0.2751,0.2808,0.2722,0.2808,4992000.0
1992-07-16,0.2808,0.3037,0.2779,0.2994,17062400.0
1992-07-17,0.3008,0.3209,0.2923,0.3152,15667200.0
1992-07-20,0.3137,0.3209,0.3066,0.318,19744000.0
1992-07-21,0.3209,0.3266,0.3152,0.3209,7782400.0
1992-07-22,0.318,0.3209,0.3094,0.318,10892800.0
1992-07-23,0.318,0.3238,0.3123,0.3238,10387200.0
1992-07-24,0.318,0.3295,0.3152,0.3266,7052800.0
1992-07-27,0.3295,0.341,0.3266,0.3338,11430400.0
1992-07-28,0.3381,0.341,0.3152,0.3209,18009600.0
1992-07-29,0.3209,0.3209,0.298,0.3051,30848000.0
1992-07-30,0.3008,0.3066,0.2951,0.3037,11737600.0
1992-07-31,0.3037,0.3066,0.298,0.3051,6886400.0
1992-08-03,0.3008,0.3123,0.3008,0.308,4832000.0
1992-08-04,0.3094,0.3152,0.3023,0.3137,6822400.0
1992-08-05,0.3123,0.3123,0.2951,0.3008,9516800.0
1992-08-06,0.298,0.3008,0.2923,0.3008,3673600.0
1992-08-07,0.3008,0.3123,0.2923,0.3123,8825600.0
1992-08-10,0.3066,0.318,0.3037,0.3123,5888000.0
1992-08-11,0.318,0.318,0.3094,0.3152,4147200.0
1992-08-12,0.3094,0.3123,0.2951,0.3008,12736000.0
1992-08-13,0.3008,0.3051,0.2951,0.3008,48320000.0
1992-08-14,0.298,0.3037,0.2808,0.2837,17849600.0
1992-08-17,0.2865,0.2894,0.2808,0.2894,2681600.0
1992-08-18,0.2808,0.2865,0.2808,0.2865,2860800.0
1992-08-19,0.2808,0.2865,0.2808,0.2865,2380800.0
1992-08-20,0.2865,0.2937,0.2779,0.2837,2489600.0
1992-08-21,0.2837,0.2837,0.2779,0.2779,2048000.0
1992-08-24,0.2808,0.2837,0.2751,0.2808,6905600.0
1992-08-25,0.2751,0.2808,0.2751,0.2779,4128000.0
1992-08-26,0.2751,0.2808,0.2636,0.2751,19385600.0
1992-08-27,0.2779,0.2837,0.2751,0.2808,6169600.0
1992-08-28,0.2808,0.2865,0.2779,0.2865,3417600.0
1992-08-31,0.2865,0.2894,0.2808,0.2851,4441600.0
1992-09-01,0.2865,0.2951,0.2837,0.2894,2387200.0
1992-09-02,0.2951,0.318,0.2894,0.3166,11692800.0
1992-09-03,0.3152,0.3324,0.3152,0.3266,16480000.0
1992-09-04,0.3266,0.3324,0.3238,0.3295,4249600.0
1992-09-08,0.3324,0.3639,0.3266,0.3567,17139200.0
1992-09-09,0.341,0.3582,0.3324,0.3524,25299200.0
1992-09-10,0.3467,0.3524,0.341,0.3496,8889600.0
1992-09-11,0.3467,0.3667,0.3467,0.3582,13036800.0
1992-09-14,0.3639,0.3782,0.361,0.3753,13068800.0
1992-09-15,0.3696,0.3768,0.3524,0.3524,18099200.0
1992-09-16,0.3381,0.3496,0.3352,0.341,14963200.0
1992-09-17,0.3438,0.3467,0.3209,0.3266,13459200.0
1992-09-18,0.3209,0.3266,0.3066,0.3123,17260800.0
1992-09-21,0.3152,0.3438,0.3066,0.3381,24012800.0
1992-09-22,0.3381,0.3553,0.3324,0.3524,19206400.0
1992-09-23,0.3524,0.3524,0.3352,0.3496,26912000.0
1992-09-24,0.3524,0.3553,0.3438,0.3524,5459200.0
1992-09-25,0.3496,0.3582,0.3467,0.3496,12102400.0
1992-09-28,0.3524,0.3696,0.3496,0.3682,7532800.0
1992-09-29,0.3639,0.3696,0.3524,0.3539,9593600.0
1992-09-30,0.3524,0.3582,0.3467,0.3467,11123200.0
1992-10-01,0.3524,0.3524,0.3352,0.3381,4556800.0
1992-10-02,0.3352,0.3381,0.3209,0.3295,5926400.0
1992-10-05,0.3123,0.3324,0.3094,0.3324,12755200.0
1992-10-06,0.3381,0.3381,0.3266,0.3352,6022400.0
1992-10-07,0.3352,0.3352,0.3266,0.3266,3692800.0
1992-10-08,0.3295,0.3352,0.3266,0.3352,2470400.0
1992-10-09,0.3352,0.3352,0.3266,0.3281,2432000.0
1992-10-12,0.3266,0.341,0.3266,0.341,4134400.0
1992-10-13,0.341,0.3467,0.3352,0.3467,4390400.0
1992-10-14,0.3467,0.3496,0.3381,0.341,4742400.0
1992-10-15,0.3381,0.3467,0.3324,0.3438,2950400.0
1992-10-16,0.3438,0.3582,0.3381,0.3553,8774400.0
1992-10-19,0.3582,0.3725,0.3524,0.3725,14745600.0
1992-10-20,0.3753,0.3782,0.3667,0.3667,8032000.0
1992-10-21,0.3696,0.3696,0.361,0.361,3366400.0
1992-10-22,0.3667,0.3696,0.361,0.3696,5772800.0
1992-10-23,0.3696,0.3725,0.3639,0.3667,5785600.0
1992-10-26,0.3725,0.3725,0.361,0.3639,7436800.0
1992-10-27,0.3639,0.3639,0.3324,0.3381,19462400.0
1992-10-28,0.3352,0.341,0.3209,0.3238,22240000.0
1992-10-29,0.3324,0.3438,0.3266,0.3438,21280000.0
1992-10-30,0.3438,0.3438,0.3352,0.3381,5120000.0
1992-11-02,0.341,0.3438,0.3266,0.3266,18604800.0
1992-11-03,0.3295,0.3352,0.3238,0.3352,5952000.0
1992-11-04,0.3352,0.3381,0.3295,0.3338,3699200.0
1992-11-05,0.3295,0.341,0.3295,0.341,17504000.0
1992-11-06,0.3438,0.3667,0.3381,0.3639,25056000.0
1992-11-09,0.3667,0.3725,0.3582,0.3667,13024000.0
1992-11-10,0.3696,0.3696,0.3553,0.3582,4870400.0
1992-11-11,0.361,0.3667,0.3553,0.3639,4230400.0
1992-11-12,0.3667,0.3696,0.3524,0.3524,12524800.0
1992-11-13,0.3582,0.3696,0.3524,0.3667,11520000.0
1992-11-16,0.3696,0.3725,0.3639,0.3696,12582400.0
1992-11-17,0.3725,0.3725,0.3667,0.3725,8256000.0
1992-11-18,0.3667,0.3925,0.3667,0.3897,25280000.0
1992-11-19,0.3897,0.4126,0.3897,0.4126,19276800.0
1992-11-20,0.4126,0.4298,0.4069,0.4083,46131200.0
1992-11-23,0.4126,0.4155,0.3954,0.4097,16620800.0
1992-11-24,0.4126,0.4212,0.4069,0.4126,6067200.0
1992-11-25,0.4155,0.4269,0.4097,0.4226,8051200.0
1992-11-27,0.4269,0.4269,0.4183,0.4198,2464000.0
1992-11-30,0.4269,0.4355,0.4155,0.4326,9465600.0
1992-12-01,0.4355,0.4355,0.4183,0.424,9171200.0
1992-12-02,0.4212,0.4212,0.3868,0.4097,44780800.0
1992-12-03,0.4097,0.4097,0.3868,0.404,28006400.0
1992-12-04,0.3968,0.4069,0.3868,0.404,24364800.0
1992-12-07,0.4069,0.4069,0.3925,0.394,34515200.0
1992-12-08,0.3954,0.3983,0.3868,0.3925,16448000.0
1992-12-09,0.3868,0.394,0.3782,0.3868,7718400.0
1992-12-10,0.3811,0.404,0.3811,0.4011,14259200.0
1992-12-11,0.404,0.404,0.3983,0.3983,5734400.0
1992-12-14,0.4011,0.4011,0.3897,0.3925,7123200.0
1992-12-15,0.3925,0.404,0.3868,0.404,6867200.0
1992-12-16,0.4026,0.4212,0.3983,0.4126,17529600.0
1992-12-17,0.4183,0.4269,0.4126,0.424,14988800.0
1992-12-18,0.424,0.4269,0.4212,0.4212,4473600.0
1992-12-21,0.4212,0.4269,0.4097,0.4269,3046400.0
1992-12-22,0.4269,0.4269,0.4155,0.4183,4441600.0
1992-12-23,0.4155,0.4183,0.404,0.4069,7808000.0
1992-12-24,0.4069,0.4069,0.3983,0.4011,5420800.0
1992-12-28,0.4011,0.4011,0.3897,0.3997,3699200.0
1992-12-29,0.3954,0.4126,0.3954,0.4126,13766400.0
1992-12-30,0.4126,0.4155,0.4069,0.4126,8992000.0
1992-12-31,0.4155,0.4269,0.4097,0.424,5836800.0
1993-01-04,0.4269,0.4298,0.4212,0.4269,13376000.0
1993-01-05,0.424,0.4384,0.4183,0.4355,14240000.0
1993-01-06,0.4384,0.4441,0.4326,0.4412,18329600.0
1993-01-07,0.4412,0.467,0.4384,0.4527,33414400.0
1993-01-08,0.4527,0.4584,0.4384,0.447,24044800.0
1993-01-11,0.4498,0.4556,0.4298,0.4412,15705600.0
1993-01-12,0.447,0.447,0.4355,0.4369,6220800.0
1993-01-13,0.4412,0.4441,0.4326,0.4355,14291200.0
1993-01-14,0.4355,0.4699,0.4298,0.4699,19065600.0
1993-01-15,0.4728,0.4842,0.4584,0.4613,32748800.0
1993-01-18,0.4613,0.467,0.4527,0.467,10521600.0
1993-01-19,0.4699,0.4728,0.4498,0.4556,11148800.0
1993-01-20,0.4556,0.4556,0.4441,0.4455,7315200.0
1993-01-21,0.447,0.4498,0.4326,0.4355,15052800.0
1993-01-22,0.4412,0.447,0.4355,0.4441,9196800.0
1993-01-25,0.4441,0.4527,0.4384,0.4498,13228800.0
1993-01-26,0.4498,0.4498,0.4441,0.4498,10803200.0
1993-01-27,0.4498,0.4498,0.4269,0.4384,10060800.0
1993-01-28,0.4384,0.4384,0.4298,0.4326,3468800.0
1993-01-29,0.4341,0.4441,0.4326,0.4412,2848000.0
1993-02-01,0.4384,0.4412,0.4326,0.4326,7974400.0
1993-02-02,0.4326,0.4498,0.4326,0.4412,17094400.0
1993-02-03,0.4498,0.4498,0.4412,0.4412,6099200.0
1993-02-04,0.4412,0.4584,0.4412,0.4584,10611200.0
1993-02-05,0.4584,0.4584,0.4412,0.4412,8742400.0
1993-02-08,0.4412,0.447,0.4298,0.4341,6201600.0
1993-02-09,0.4384,0.4384,0.4097,0.4183,16409600.0
1993-02-10,0.4212,0.424,0.3983,0.4069,11840000.0
1993-02-11,0.4069,0.4155,0.4011,0.4097,4608000.0
1993-02-12,0.4097,0.4155,0.404,0.4083,3769600.0
1993-02-16,0.3983,0.404,0.3868,0.3983,21036800.0
1993-02-17,0.3983,0.404,0.3839,0.3882,25715200.0
1993-02-18,0.3925,0.3983,0.3868,0.3954,11219200.0
1993-02-19,0.3983,0.4011,0.3868,0.3897,9798400.0
1993-02-22,0.3897,0.3954,0.3839,0.3882,5184000.0
1993-02-23,0.3897,0.3897,0.3639,0.3782,20089600.0
1993-02-24,0.3725,0.3868,0.3639,0.3868,16672000.0
1993-02-25,0.3868,0.4097,0.3811,0.4097,10336000.0
1993-02-26,0.4126,0.4155,0.4069,0.4155,4563200.0
1993-03-01,0.4155,0.4155,0.404,0.404,2956800.0
1993-03-02,0.4097,0.4212,0.4011,0.4183,6374400.0
1993-03-03,0.4155,0.4298,0.4155,0.4298,6956800.0
1993-03-04,0.4298,0.4384,0.4269,0.4298,17971200.0
1993-03-05,0.4298,0.4312,0.4183,0.424,4896000.0
1993-03-08,0.4212,0.4298,0.4183,0.424,5075200.0
1993-03-09,0.4212,0.424,0.4126,0.424,5280000.0
1993-03-10,0.424,0.424,0.4183,0.4183,3104000.0
1993-03-11,0.4298,0.4584,0.4298,0.4513,29836800.0
1993-03-12,0.4498,0.4527,0.4412,0.4441,15372800.0
1993-03-15,0.4498,0.4613,0.4441,0.4584,8569600.0
1993-03-16,0.4584,0.4613,0.4441,0.4527,7276800.0
1993-03-17,0.447,0.4527,0.4412,0.447,5907200.0
1993-03-18,0.447,0.4527,0.4441,0.4441,2547200.0
1993-03-19,0.4498,0.4498,0.4412,0.4412,2745600.0
1993-03-22,0.4384,0.4441,0.4326,0.4412,3737600.0
1993-03-23,0.4412,0.4498,0.4355,0.4441,7929600.0
1993-03-24,0.4441,0.4498,0.4412,0.4441,6816000.0
1993-03-25,0.4441,0.4541,0.4412,0.4498,4601600.0
1993-03-26,0.4556,0.4556,0.4298,0.4326,13171200.0
1993-03-29,0.4298,0.4326,0.4212,0.4298,4569600.0
1993-03-30,0.4326,0.4384,0.4212,0.4212,5478400.0
1993-03-31,0.4269,0.4384,0.424,0.4355,4524800.0
1993-04-01,0.4355,0.4384,0.4298,0.4384,2784000.0
1993-04-02,0.4355,0.4384,0.4269,0.4326,5049600.0
1993-04-05,0.4326,0.4326,0.424,0.4298,3001600.0
1993-04-06,0.4298,0.4298,0.3983,0.4011,23270400.0
1993-04-07,0.4011,0.4126,0.3925,0.4126,14681600.0
1993-04-08,0.4155,0.4498,0.4126,0.447,17817600.0
1993-04-12,0.447,0.4527,0.4384,0.4441,9100800.0
1993-04-13,0.447,0.4584,0.4412,0.4527,6752000.0
1993-04-14,0.4584,0.4584,0.447,0.4527,2873600.0
1993-04-15,0.4498,0.4527,0.447,0.4527,2886400.0
1993-04-16,0.4498,0.4527,0.4412,0.4441,7936000.0
1993-04-19,0.4412,0.4584,0.4384,0.4556,8748800.0
1993-04-20,0.4527,0.4613,0.4269,0.4355,19801600.0
1993-04-21,0.4412,0.447,0.4326,0.4441,10035200.0
1993-04-22,0.4441,0.4527,0.4355,0.447,7628800.0
1993-04-23,0.447,0.4498,0.4298,0.4326,6246400.0
1993-04-26,0.4326,0.4384,0.4241,0.4312,5990400.0
1993-04-27,0.4326,0.4326,0.4212,0.4326,5280000.0
1993-04-28,0.4326,0.4412,0.4269,0.4412,4595200.0
1993-04-29,0.4412,0.4498,0.4326,0.447,6297600.0
1993-04-30,0.4527,0.4556,0.4441,0.4441,5964800.0
1993-05-03,0.4527,0.467,0.447,0.4642,17926400.0
1993-05-04,0.4642,0.4871,0.4613,0.4814,28633600.0
1993-05-05,0.4842,0.4957,0.4785,0.4842,42073600.0
1993-05-06,0.4842,0.5014,0.4842,0.4899,12256000.0
1993-05-07,0.4899,0.4957,0.4842,0.4842,3564800.0
1993-05-10,0.4842,0.5043,0.4842,0.5043,11334400.0
1993-05-11,0.5014,0.5186,0.4985,0.5157,15891200.0
1993-05-12,0.5157,0.5157,0.5014,0.5071,19750400.0
1993-05-13,0.5043,0.5043,0.4899,0.4957,10489600.0
1993-05-14,0.49,0.51,0.4842,0.5071,13088000.0
1993-05-17,0.51,0.5157,0.4899,0.5028,9683200.0
1993-05-18,0.5014,0.5129,0.5014,0.51,7244800.0
1993-05-19,0.51,0.5157,0.5043,0.5129,10726400.0
1993-05-20,0.5157,0.5473,0.5129,0.5473,30355200.0
1993-05-21,0.5473,0.5473,0.5329,0.5358,24134400.0
1993-05-24,0.5329,0.5415,0.5243,0.5387,15596800.0
1993-05-25,0.5387,0.5415,0.5329,0.5415,8627200.0
1993-05-26,0.5415,0.5501,0.5358,0.5501,10630400.0
1993-05-27,0.553,0.5587,0.5501,0.5558,10636800.0
1993-05-28,0.5558,0.5558,0.5444,0.5501,10681600.0
1993-06-01,0.5501,0.5501,0.5272,0.5387,15065600.0
1993-06-02,0.5387,0.5444,0.5272,0.5387,9049600.0
1993-06-03,0.5358,0.5558,0.5358,0.5516,11008000.0
1993-06-04,0.5473,0.5501,0.543,0.5444,4691200.0
1993-06-07,0.5501,0.5587,0.5415,0.5587,6374400.0
1993-06-08,0.5415,0.5415,0.5301,0.5301,17606400.0
1993-06-09,0.5301,0.5444,0.5301,0.5358,12614400.0
1993-06-10,0.5358,0.5415,0.5329,0.5415,7712000.0
1993-06-11,0.5358,0.5702,0.5358,0.5616,14060800.0
1993-06-14,0.5587,0.5644,0.5501,0.5558,6457600.0
1993-06-15,0.553,0.5616,0.5387,0.5444,5753600.0
1993-06-16,0.5358,0.553,0.5358,0.553,6195200.0
1993-06-17,0.5473,0.5573,0.5473,0.5558,4025600.0
1993-06-18,0.5558,0.5558,0.5272,0.5301,14003200.0
1993-06-21,0.5358,0.5358,0.51,0.5172,13030400.0
1993-06-22,0.5129,0.5415,0.5129,0.5329,13811200.0
1993-06-23,0.5372,0.5372,0.5243,0.5272,4998400.0
1993-06-24,0.5272,0.5473,0.5186,0.5444,11520000.0
1993-06-25,0.5501,0.5587,0.5444,0.5558,6278400.0
1993-06-28,0.5616,0.5616,0.553,0.5616,3500800.0
1993-06-29,0.5616,0.5616,0.5501,0.5501,6150400.0
1993-06-30,0.5501,0.5616,0.5501,0.5616,8140800.0
1993-07-01,0.5587,0.5673,0.5501,0.5673,12441600.0
1993-07-02,0.5759,0.596,0.5673,0.5902,20870400.0
1993-07-06,0.5988,0.6189,0.596,0.6132,19302400.0
1993-07-07,0.6132,0.6132,0.6017,0.6074,15660800.0
1993-07-08,0.6103,0.616,0.6074,0.6117,10982400.0
1993-07-09,0.6074,0.6074,0.5931,0.5931,13344000.0
1993-07-12,0.5845,0.5845,0.5644,0.5673,21868800.0
1993-07-13,0.5673,0.5716,0.5501,0.553,22316800.0
1993-07-14,0.5501,0.5788,0.5501,0.5702,20172800.0
1993-07-15,0.5702,0.5816,0.5644,0.573,12601600.0
1993-07-16,0.573,0.5816,0.5702,0.573,10681600.0
1993-07-19,0.5673,0.5702,0.553,0.5616,18796800.0
1993-07-20,0.5616,0.5759,0.5501,0.5673,14739200.0
1993-07-21,0.5702,0.5788,0.5644,0.5759,11539200.0
1993-07-22,0.573,0.5759,0.5473,0.553,11270400.0
1993-07-23,0.553,0.5673,0.5473,0.5587,9811200.0
1993-07-26,0.5587,0.5673,0.5444,0.5473,13286400.0
1993-07-27,0.5458,0.5644,0.5444,0.5616,14284800.0
1993-07-28,0.5616,0.5616,0.5458,0.5501,4000000.0
1993-07-29,0.5501,0.5587,0.5444,0.553,6201600.0
1993-07-30,0.5473,0.553,0.5444,0.5444,4153600.0
1993-08-02,0.553,0.553,0.5215,0.5229,17254400.0
1993-08-03,0.5272,0.5272,0.5014,0.5186,35795200.0
1993-08-04,0.5243,0.5358,0.5186,0.5272,9862400.0
1993-08-05,0.5301,0.5444,0.5215,0.5444,20044800.0
1993-08-06,0.5501,0.553,0.5444,0.5473,11974400.0
1993-08-09,0.5473,0.5644,0.5444,0.5616,12998400.0
1993-08-10,0.5616,0.5616,0.553,0.5558,2624000.0
1993-08-11,0.5587,0.5702,0.553,0.5687,10720000.0
1993-08-12,0.573,0.573,0.5501,0.553,18336000.0
1993-08-13,0.553,0.553,0.5444,0.553,6444800.0
1993-08-16,0.553,0.553,0.5473,0.553,2073600.0
1993-08-17,0.5444,0.5587,0.5387,0.5587,8627200.0
1993-08-18,0.5473,0.553,0.5387,0.5387,9785600.0
1993-08-19,0.5444,0.5473,0.5301,0.5358,7392000.0
1993-08-20,0.5329,0.5329,0.51,0.5186,24614400.0
1993-08-23,0.5215,0.5415,0.5157,0.5387,14201600.0
1993-08-24,0.5387,0.5415,0.5329,0.5358,11571200.0
1993-08-25,0.5387,0.5444,0.5329,0.5444,11225600.0
1993-08-26,0.5444,0.5444,0.5358,0.5415,11315200.0
1993-08-27,0.5444,0.5501,0.5358,0.5415,12691200.0
1993-08-30,0.5501,0.5644,0.5415,0.5644,27353600.0
1993-08-31,0.5673,0.5702,0.553,0.5558,7801600.0
1993-09-01,0.553,0.5845,0.553,0.5788,24608000.0
1993-09-02,0.5845,0.596,0.5816,0.596,14361600.0
1993-09-03,0.596,0.596,0.5816,0.5816,15161600.0
1993-09-07,0.5788,0.5845,0.5587,0.5587,15987200.0
1993-09-08,0.5587,0.5616,0.5387,0.5616,21209600.0
1993-09-09,0.5558,0.5788,0.5415,0.573,24723200.0
1993-09-10,0.5702,0.5816,0.5702,0.5788,13216000.0
1993-09-13,0.5788,0.5788,0.5644,0.5702,6419200.0
1993-09-14,0.5616,0.5673,0.5501,0.5587,12627200.0
1993-09-15,0.553,0.5558,0.5444,0.553,8723200.0
1993-09-16,0.553,0.5558,0.5473,0.553,3001600.0
1993-09-17,0.5473,0.5587,0.5444,0.553,9516800.0
1993-09-20,0.5501,0.5558,0.5444,0.5444,10265600.0
1993-09-21,0.5473,0.553,0.5329,0.5387,8051200.0
1993-09-22,0.5387,0.5644,0.5387,0.5616,10572800.0
1993-09-23,0.5616,0.5673,0.5516,0.5587,11603200.0
1993-09-24,0.553,0.5616,0.553,0.5616,3142400.0
1993-09-27,0.5616,0.5816,0.553,0.5759,11936000.0
1993-09-28,0.5816,0.6017,0.5759,0.5988,19296000.0
1993-09-29,0.5988,0.6189,0.596,0.6132,29811200.0
1993-09-30,0.6189,0.6475,0.6132,0.6275,23881600.0
1993-10-01,0.6303,0.6303,0.6132,0.6132,11289600.0
1993-10-04,0.6189,0.6189,0.596,0.6074,10928000.0
1993-10-05,0.6132,0.6132,0.5902,0.6017,9113600.0
1993-10-06,0.6017,0.6017,0.5788,0.596,10025600.0
1993-10-07,0.6017,0.6361,0.5902,0.6246,26134400.0
1993-10-08,0.6246,0.6303,0.6132,0.6246,13430400.0
1993-10-11,0.6361,0.6361,0.596,0.6246,16281600.0
1993-10-12,0.6246,0.6303,0.6132,0.6246,9689600.0
1993-10-13,0.6303,0.6361,0.6132,0.6189,5667200.0
1993-10-14,0.6246,0.6246,0.6132,0.6246,3968000.0
1993-10-15,0.6246,0.6418,0.6132,0.6246,12083200.0
1993-10-18,0.6189,0.6303,0.6132,0.6246,5200000.0
1993-10-19,0.6246,0.6246,0.5902,0.596,6451200.0
1993-10-20,0.6017,0.6132,0.5845,0.5845,8924800.0
1993-10-21,0.5902,0.6246,0.5788,0.6246,9440000.0
1993-10-22,0.6246,0.6418,0.6017,0.6189,6227200.0
1993-10-25,0.6189,0.6189,0.5845,0.596,4048000.0
1993-10-26,0.6074,0.6074,0.5902,0.596,2019200.0
1993-10-27,0.6074,0.6132,0.596,0.596,2880000.0
1993-10-28,0.596,0.6246,0.596,0.6189,8435200.0
1993-10-29,0.6132,0.6246,0.6017,0.6132,3913600.0
1993-11-01,0.6017,0.6246,0.6017,0.6246,5088000.0
1993-11-02,0.6246,0.6246,0.5902,0.6132,5145600.0
1993-11-03,0.6074,0.6074,0.5845,0.5931,6704000.0
1993-11-04,0.5902,0.596,0.573,0.5845,5414400.0
1993-11-05,0.5759,0.6074,0.5673,0.6074,8393600.0
1993-11-08,0.6074,0.6189,0.6017,0.6132,2832000.0
1993-11-09,0.6017,0.6132,0.6017,0.6046,2659200.0
1993-11-10,0.6017,0.6132,0.5845,0.596,5068800.0
1993-11-11,0.596,0.596,0.5788,0.5902,3136000.0
1993-11-12,0.5902,0.5902,0.5788,0.5902,2851200.0
1993-11-15,0.5902,0.5902,0.5673,0.573,4899200.0
1993-11-16,0.5788,0.5845,0.5616,0.573,7132800.0
1993-11-17,0.5788,0.5788,0.5501,0.5501,5001600.0
1993-11-18,0.5616,0.5788,0.5329,0.5358,20124800.0
1993-11-19,0.5215,0.5387,0.5157,0.5186,16822400.0
1993-11-22,0.5157,0.5215,0.4699,0.4928,42563200.0
1993-11-23,0.5157,0.5444,0.4928,0.5272,35849600.0
1993-11-24,0.5215,0.5329,0.5157,0.5157,11238400.0
1993-11-26,0.5272,0.5272,0.51,0.5157,2361600.0
1993-11-29,0.5272,0.5272,0.5157,0.5186,4067200.0
1993-11-30,0.5157,0.5272,0.51,0.51,2953600.0
1993-12-01,0.5215,0.5215,0.51,0.5215,6160000.0
1993-12-02,0.5215,0.5387,0.5157,0.5272,12566400.0
1993-12-03,0.5501,0.5673,0.5387,0.553,7225600.0
1993-12-06,0.5558,0.5673,0.5501,0.5673,2947200.0
1993-12-07,0.5673,0.5673,0.5501,0.5501,1910400.0
1993-12-08,0.5501,0.5501,0.5215,0.5329,5744000.0
1993-12-09,0.5329,0.5444,0.5157,0.5329,4995200.0
1993-12-10,0.5329,0.5329,0.5157,0.5186,2243200.0
1993-12-13,0.5157,0.5272,0.5157,0.5157,4284800.0
1993-12-14,0.51,0.5215,0.51,0.5129,4300800.0
1993-12-15,0.51,0.5215,0.51,0.5157,1875200.0
1993-12-16,0.5215,0.5215,0.51,0.5215,2412800.0
1993-12-17,0.5215,0.5215,0.4985,0.5186,21984000.0
1993-12-20,0.5215,0.5272,0.4985,0.51,5139200.0
1993-12-21,0.51,0.51,0.4756,0.4814,12278400.0
1993-12-22,0.4928,0.5043,0.4756,0.4957,8780800.0
1993-12-23,0.4985,0.5043,0.4928,0.5043,13635200.0
1993-12-27,0.51,0.51,0.4985,0.5043,3225600.0
1993-12-28,0.5043,0.5129,0.5043,0.51,19132800.0
1993-12-29,0.4985,0.51,0.4985,0.51,8339200.0
1993-12-30,0.4985,0.51,0.4957,0.4985,6412800.0
1993-12-31,0.5043,0.51,0.4985,0.51,10732800.0
1994-01-03,0.5043,0.5157,0.5043,0.5157,3024000.0
1994-01-04,0.5157,0.5215,0.5043,0.5215,12044800.0
1994-01-05,0.5215,0.5272,0.4871,0.4871,17699200.0
1994-01-06,0.4928,0.4928,0.4355,0.447,65980800.0
1994-01-07,0.4642,0.4871,0.4527,0.4756,54998400.0
1994-01-10,0.4756,0.4756,0.4527,0.4556,17817600.0
1994-01-11,0.4527,0.5272,0.4527,0.4985,27456000.0
1994-01-12,0.51,0.5387,0.5043,0.5272,27443200.0
1994-01-13,0.5272,0.5444,0.5215,0.5387,19040000.0
1994-01-14,0.5387,0.5387,0.5215,0.5215,3849600.0
1994-01-17,0.5215,0.5329,0.5215,0.5215,4326400.0
1994-01-18,0.5329,0.5501,0.5215,0.5444,68931200.0
1994-01-19,0.5444,0.5558,0.5329,0.5501,10966400.0
1994-01-20,0.5558,0.5616,0.5444,0.5501,4102400.0
1994-01-21,0.5444,0.5558,0.5444,0.5501,10716800.0
1994-01-24,0.5444,0.5558,0.5387,0.5387,7088000.0
1994-01-25,0.5501,0.5501,0.5329,0.5444,5641600.0
1994-01-26,0.5444,0.5558,0.5329,0.5501,5462400.0
1994-01-27,0.5501,0.5501,0.5444,0.5501,7968000.0
1994-01-28,0.5444,0.5501,0.5387,0.5387,5001600.0
1994-01-31,0.5501,0.5501,0.5387,0.5501,4780800.0
1994-02-01,0.5501,0.5558,0.5387,0.5415,5312000.0
1994-02-02,0.5387,0.5616,0.5272,0.5501,10534400.0
1994-02-03,0.5501,0.573,0.5501,0.5558,11078400.0
1994-02-04,0.5501,0.5558,0.5157,0.5215,13795200.0
1994-02-07,0.4985,0.5329,0.4928,0.5215,20320000.0
1994-02-08,0.5215,0.5329,0.5215,0.5329,4982400.0
1994-02-09,0.5329,0.5329,0.51,0.51,6928000.0
1994-02-10,0.51,0.5215,0.51,0.5157,10640000.0
1994-02-11,0.51,0.5215,0.51,0.5157,2150400.0
1994-02-14,0.5215,0.5215,0.51,0.5157,5097600.0
1994-02-15,0.5215,0.5215,0.51,0.5129,8342400.0
1994-02-16,0.5157,0.5387,0.51,0.5301,11670400.0
1994-02-17,0.5272,0.5444,0.5272,0.5272,14774400.0
1994-02-18,0.5329,0.5329,0.51,0.5157,9107200.0
1994-02-22,0.5215,0.5387,0.51,0.5329,4838400.0
1994-02-23,0.5329,0.5387,0.5215,0.5329,6224000.0
1994-02-24,0.5215,0.5329,0.51,0.5129,9264000.0
1994-02-25,0.5043,0.5215,0.5043,0.5157,8169600.0
1994-02-28,0.51,0.5329,0.51,0.5329,3206400.0
1994-03-01,0.5215,0.5329,0.5157,0.5215,6892800.0
1994-03-02,0.5157,0.5329,0.5043,0.5272,6720000.0
1994-03-03,0.5387,0.5387,0.5043,0.5243,16294400.0
1994-03-04,0.5329,0.5387,0.51,0.5157,6729600.0
1994-03-07,0.5157,0.5215,0.51,0.5157,7190400.0
1994-03-08,0.5215,0.5215,0.51,0.5215,7580800.0
1994-03-09,0.5272,0.5272,0.51,0.51,7910400.0
1994-03-10,0.5215,0.5215,0.51,0.5157,6710400.0
1994-03-11,0.5157,0.5157,0.5043,0.5157,6153600.0
1994-03-14,0.5157,0.5157,0.4814,0.51,30617600.0
1994-03-15,0.51,0.573,0.51,0.5616,54233600.0
1994-03-16,0.573,0.5845,0.5558,0.5587,19302400.0
1994-03-17,0.5616,0.5616,0.5444,0.5558,7513600.0
1994-03-18,0.5558,0.5558,0.5329,0.5329,4588800.0
1994-03-21,0.5444,0.5444,0.5272,0.5444,6998400.0
1994-03-22,0.5444,0.5788,0.5272,0.5673,12326400.0
1994-03-23,0.5673,0.573,0.5558,0.5644,13628800.0
1994-03-24,0.5616,0.5616,0.5444,0.5444,6572800.0
1994-03-25,0.5444,0.573,0.5329,0.5587,8988800.0
1994-03-28,0.5616,0.573,0.5616,0.573,17526400.0
1994-03-29,0.5788,0.5788,0.5387,0.5558,22563200.0
1994-03-30,0.5501,0.5788,0.5444,0.573,16764800.0
1994-03-31,0.5673,0.5788,0.5501,0.5587,19068800.0
1994-04-04,0.5387,0.5616,0.5215,0.553,18598400.0
1994-04-05,0.5673,0.5902,0.5616,0.5902,34361600.0
1994-04-06,0.5788,0.6132,0.5788,0.6074,13564800.0
1994-04-07,0.6046,0.6246,0.596,0.6189,27616000.0
1994-04-08,0.6246,0.6246,0.6017,0.6074,11254400.0
1994-04-11,0.6017,0.6189,0.596,0.6096,4489600.0
1994-04-12,0.6132,0.6132,0.596,0.6074,6348800.0
1994-04-13,0.6074,0.6074,0.5673,0.5902,9500800.0
1994-04-14,0.5902,0.6074,0.573,0.5902,5990400.0
1994-04-15,0.5902,0.5902,0.5558,0.5759,17318400.0
1994-04-18,0.5673,0.5902,0.5616,0.5788,10563200.0
1994-04-19,0.5845,0.5902,0.5616,0.5788,5244800.0
1994-04-20,0.5845,0.5902,0.5444,0.5616,8342400.0
1994-04-21,0.5616,0.5931,0.5558,0.5874,10998400.0
1994-04-22,0.5902,0.6017,0.5845,0.5931,8544000.0
1994-04-25,0.596,0.6017,0.5673,0.6017,8905600.0
1994-04-26,0.6074,0.6189,0.596,0.6132,7657600.0
1994-04-28,0.6189,0.6475,0.596,0.6475,27360000.0
1994-04-29,0.6418,0.7048,0.6303,0.6819,81587200.0
1994-05-02,0.6762,0.6934,0.6533,0.6934,34179200.0
1994-05-03,0.6647,0.6876,0.6533,0.659,35827200.0
1994-05-04,0.659,0.6647,0.6533,0.659,11635200.0
1994-05-05,0.6533,0.659,0.6418,0.6418,6649600.0
1994-05-06,0.6418,0.6475,0.6303,0.6447,6707200.0
1994-05-09,0.6418,0.6533,0.6303,0.6475,4393600.0
1994-05-10,0.6418,0.6475,0.6361,0.6361,6486400.0
1994-05-11,0.6475,0.6475,0.6074,0.6132,11987200.0
1994-05-12,0.6132,0.6246,0.6017,0.6017,6803200.0
1994-05-13,0.6017,0.6074,0.5616,0.5788,13808000.0
1994-05-16,0.5673,0.6132,0.5673,0.596,16758400.0
1994-05-17,0.5902,0.6017,0.5902,0.6017,14726400.0
1994-05-18,0.6074,0.6303,0.5845,0.6303,23961600.0
1994-05-19,0.6303,0.6762,0.6246,0.6647,24617600.0
1994-05-20,0.659,0.6705,0.6475,0.6561,12640000.0
1994-05-23,0.6475,0.6705,0.6475,0.659,5606400.0
1994-05-24,0.6647,0.6762,0.6475,0.659,9424000.0
1994-05-25,0.659,0.659,0.6418,0.6475,3107200.0
1994-05-26,0.659,0.659,0.6475,0.6475,2966400.0
1994-05-27,0.6533,0.6647,0.6418,0.6647,3520000.0
1994-05-31,0.6647,0.6647,0.6418,0.6533,6873600.0
1994-06-01,0.6533,0.6705,0.6418,0.6647,5184000.0
1994-06-02,0.6705,0.7163,0.6705,0.7163,45456000.0
1994-06-03,0.6991,0.7392,0.6934,0.7335,31564800.0
1994-06-06,0.7392,0.745,0.7163,0.7163,17628800.0
1994-06-07,0.7163,0.7174,0.6762,0.6819,26291200.0
1994-06-08,0.6934,0.6934,0.6705,0.6762,7385600.0
1994-06-09,0.6876,0.6934,0.6647,0.6934,13411200.0
1994-06-10,0.6905,0.7163,0.6876,0.6991,6598400.0
1994-06-13,0.7163,0.722,0.6819,0.6876,10675200.0
1994-06-14,0.6934,0.6934,0.6647,0.6705,16867200.0
1994-06-15,0.6762,0.6876,0.6647,0.6705,5776000.0
1994-06-16,0.6705,0.6876,0.6647,0.6791,3248000.0
1994-06-17,0.6819,0.6819,0.6647,0.6791,6240000.0
1994-06-20,0.6705,0.6705,0.6475,0.6533,8316800.0
1994-06-21,0.6533,0.6705,0.6361,0.6475,9184000.0
1994-06-22,0.6533,0.659,0.6418,0.6475,3801600.0
1994-06-23,0.6475,0.659,0.6074,0.6132,16384000.0
1994-06-24,0.6132,0.6418,0.6017,0.6132,11763200.0
1994-06-27,0.6246,0.6246,0.6017,0.6189,8435200.0
1994-06-28,0.6246,0.6246,0.5845,0.5988,26864000.0
1994-06-29,0.6017,0.6017,0.5673,0.5788,20364800.0
1994-06-30,0.596,0.596,0.5673,0.5788,16771200.0
1994-07-01,0.5788,0.5788,0.5616,0.573,6080000.0
1994-07-05,0.573,0.5788,0.5616,0.573,10912000.0
1994-07-06,0.573,0.5902,0.5616,0.5874,11923200.0
1994-07-07,0.5902,0.5902,0.5558,0.5673,16198400.0
1994-07-08,0.573,0.5845,0.5558,0.5788,13577600.0
1994-07-11,0.573,0.5788,0.5387,0.5473,24134400.0
1994-07-12,0.5616,0.573,0.5444,0.5673,18848000.0
1994-07-13,0.5788,0.6017,0.5616,0.5902,46592000.0
1994-07-14,0.596,0.6418,0.5845,0.6275,30432000.0
1994-07-15,0.6303,0.6418,0.6132,0.6389,17248000.0
1994-07-18,0.6418,0.6418,0.6189,0.6217,5897600.0
1994-07-19,0.6475,0.6475,0.6074,0.6132,18966400.0
1994-07-20,0.6132,0.6475,0.6017,0.6361,30531200.0
1994-07-21,0.6418,0.6475,0.6303,0.6475,22262400.0
1994-07-22,0.6475,0.659,0.6303,0.6561,3737600.0
1994-07-25,0.659,0.6619,0.6475,0.659,6137600.0
1994-07-26,0.6705,0.7048,0.6705,0.6819,33443200.0
1994-07-27,0.6819,0.6819,0.659,0.6819,7696000.0
1994-07-28,0.6705,0.6819,0.6475,0.6547,7952000.0
1994-07-29,0.6647,0.6819,0.659,0.6647,11449600.0
1994-08-01,0.6705,0.6705,0.6533,0.659,3228800.0
1994-08-02,0.6647,0.6762,0.6533,0.6647,5795200.0
1994-08-03,0.659,0.6705,0.6475,0.6619,4905600.0
1994-08-04,0.6647,0.6647,0.6132,0.6189,9513600.0
1994-08-05,0.6189,0.6418,0.6132,0.6361,4614400.0
1994-08-08,0.6418,0.659,0.6303,0.6533,4729600.0
1994-08-09,0.6647,0.6762,0.6533,0.659,7795200.0
1994-08-10,0.659,0.6647,0.6475,0.6647,5088000.0
1994-08-11,0.6647,0.6647,0.6418,0.6533,18800000.0
1994-08-12,0.6533,0.659,0.6418,0.6475,8451200.0
1994-08-15,0.6303,0.6533,0.6246,0.6418,12531200.0
1994-08-16,0.6475,0.6475,0.6246,0.6246,13212800.0
1994-08-17,0.6189,0.6303,0.6074,0.6189,14067200.0
1994-08-18,0.6246,0.6475,0.6132,0.6303,19504000.0
1994-08-19,0.6303,0.6361,0.6246,0.6303,6272000.0
1994-08-22,0.6303,0.6533,0.6303,0.6447,11900800.0
1994-08-23,0.6418,0.659,0.6418,0.6475,10915200.0
1994-08-24,0.6475,0.6762,0.6475,0.669,14630400.0
1994-08-25,0.6647,0.6762,0.6361,0.6533,7299200.0
1994-08-26,0.6533,0.6705,0.6418,0.6619,13036800.0
1994-08-29,0.6705,0.6819,0.659,0.6705,8617600.0
1994-08-30,0.6647,0.6733,0.6533,0.6619,6185600.0
1994-08-31,0.6619,0.6705,0.6418,0.6475,12489600.0
1994-09-01,0.6418,0.6647,0.6303,0.6533,12931200.0
1994-09-02,0.659,0.6705,0.6533,0.6705,5571200.0
1994-09-06,0.6533,0.6705,0.6533,0.6676,3532800.0
1994-09-07,0.6705,0.6819,0.659,0.6647,13433600.0
1994-09-08,0.6705,0.6705,0.596,0.6089,54953600.0
1994-09-09,0.6017,0.6017,0.573,0.5816,34332800.0
1994-09-12,0.5788,0.6074,0.5788,0.5902,12041600.0
1994-09-13,0.6017,0.6132,0.596,0.6117,23536000.0
1994-09-14,0.6074,0.6303,0.6017,0.6189,13833600.0
1994-09-15,0.6246,0.6418,0.616,0.6346,15542400.0
1994-09-16,0.6303,0.6361,0.6246,0.6303,9654400.0
1994-09-19,0.6189,0.6303,0.6132,0.6132,6556800.0
1994-09-20,0.6132,0.6189,0.6017,0.6017,3123200.0
1994-09-21,0.6132,0.6189,0.573,0.5788,31574400.0
1994-09-22,0.5788,0.596,0.5444,0.5501,53222400.0
1994-09-23,0.5558,0.5558,0.5272,0.5344,43913600.0
1994-09-26,0.5387,0.5387,0.51,0.5329,27248000.0
1994-09-27,0.5329,0.5558,0.5272,0.5501,13993600.0
1994-09-28,0.5501,0.5558,0.5444,0.5473,6092800.0
1994-09-29,0.5501,0.5616,0.5444,0.5501,10646400.0
1994-09-30,0.5616,0.5673,0.51,0.5286,34262400.0
1994-10-03,0.5272,0.5272,0.5215,0.5258,21497600.0
1994-10-04,0.5215,0.5243,0.4928,0.51,20492800.0
1994-10-05,0.51,0.5157,0.4985,0.5157,14025600.0
1994-10-06,0.5215,0.5215,0.51,0.5186,10089600.0
1994-10-07,0.5215,0.5329,0.5157,0.5272,11235200.0
1994-10-10,0.5329,0.5387,0.5215,0.5329,6960000.0
1994-10-11,0.5444,0.5845,0.5387,0.5788,26841600.0
1994-10-12,0.5845,0.5902,0.573,0.5788,9388800.0
1994-10-13,0.5902,0.5902,0.5673,0.5845,8198400.0
1994-10-14,0.5788,0.5788,0.5387,0.5616,17459200.0
1994-10-17,0.5616,0.573,0.5558,0.573,5139200.0
1994-10-18,0.573,0.573,0.5558,0.5616,6262400.0
1994-10-19,0.5558,0.5673,0.5558,0.5673,4736000.0
1994-10-20,0.5673,0.5673,0.5558,0.5673,3363200.0
1994-10-21,0.5673,0.5845,0.5558,0.5773,6256000.0
1994-10-24,0.573,0.5845,0.5444,0.5501,13104000.0
1994-10-25,0.5501,0.5616,0.5444,0.5587,2704000.0
1994-10-26,0.5616,0.5845,0.5558,0.573,6835200.0
1994-10-27,0.5788,0.596,0.573,0.5902,8320000.0
1994-10-28,0.596,0.6418,0.5845,0.6418,29497600.0
1994-10-31,0.6246,0.6361,0.6132,0.6217,18406400.0
1994-11-01,0.6132,0.6189,0.6017,0.6175,14284800.0
1994-11-02,0.6246,0.6475,0.6189,0.6418,17875200.0
1994-11-03,0.6361,0.659,0.6361,0.6475,22345600.0
1994-11-04,0.6475,0.659,0.6475,0.659,9897600.0
1994-11-07,0.6533,0.6647,0.6475,0.6561,12435200.0
1994-11-08,0.6533,0.6676,0.6533,0.659,62451200.0
1994-11-09,0.6647,0.6705,0.6389,0.6475,43059200.0
1994-11-10,0.6533,0.6619,0.6447,0.6533,17564800.0
1994-11-11,0.6504,0.659,0.6475,0.6475,8611200.0
1994-11-14,0.6475,0.6561,0.6418,0.6475,12563200.0
1994-11-15,0.6418,0.6475,0.6418,0.6418,9238400.0
1994-11-16,0.6418,0.6547,0.6418,0.6533,7952000.0
1994-11-17,0.6533,0.6561,0.6447,0.6447,7305600.0
1994-11-18,0.6475,0.6475,0.6447,0.6447,4771200.0
1994-11-21,0.6475,0.6475,0.6447,0.645,17318400.0
1994-11-22,0.6418,0.6418,0.6132,0.6132,17596800.0
1994-11-23,0.6074,0.6103,0.5902,0.6017,14076800.0
1994-11-25,0.6046,0.6046,0.5988,0.5988,3414400.0
1994-11-28,0.6046,0.6189,0.6017,0.6103,5801600.0
1994-11-29,0.616,0.6303,0.6103,0.6217,16060800.0
1994-11-30,0.6246,0.6246,0.6103,0.6146,8755200.0
1994-12-01,0.6132,0.6132,0.596,0.5988,11747200.0
1994-12-02,0.5988,0.6132,0.5988,0.6103,8739200.0
1994-12-05,0.6189,0.6217,0.6132,0.6132,3920000.0
1994-12-06,0.616,0.616,0.6046,0.6103,5424000.0
1994-12-07,0.6103,0.6103,0.5802,0.5816,22713600.0
1994-12-08,0.5874,0.5874,0.5644,0.5687,13952000.0
1994-12-09,0.5702,0.5702,0.5587,0.5673,21219200.0
1994-12-12,0.5702,0.5902,0.5673,0.5845,15299200.0
1994-12-13,0.5874,0.6046,0.5845,0.5988,8592000.0
1994-12-14,0.6046,0.6046,0.5902,0.5931,11392000.0
1994-12-15,0.5931,0.596,0.5902,0.5931,8208000.0
1994-12-16,0.5931,0.6332,0.5902,0.6232,22291200.0
1994-12-19,0.6189,0.6217,0.616,0.6189,6825600.0
1994-12-20,0.6217,0.6217,0.6017,0.6017,8768000.0
1994-12-21,0.6017,0.616,0.6017,0.616,8544000.0
1994-12-22,0.616,0.6217,0.6074,0.6074,5043200.0
1994-12-23,0.6132,0.6132,0.6017,0.6132,8560000.0
1994-12-27,0.6132,0.6303,0.6074,0.6217,12902400.0
1994-12-28,0.6303,0.6303,0.6189,0.6217,6080000.0
1994-12-29,0.6246,0.6418,0.6189,0.6361,13033600.0
1994-12-30,0.6389,0.6389,0.6246,0.6303,4076800.0
1995-01-03,0.6246,0.6275,0.6074,0.6132,8275200.0
1995-01-04,0.6103,0.6103,0.6017,0.6017,8144000.0
1995-01-05,0.6017,0.6074,0.5759,0.5859,12259200.0
1995-01-06,0.5874,0.5931,0.5673,0.5673,11440000.0
1995-01-09,0.573,0.5902,0.5673,0.5845,10464000.0
1995-01-10,0.5845,0.5902,0.5788,0.5874,9100800.0
1995-01-11,0.5902,0.5902,0.5788,0.5802,8665600.0
1995-01-12,0.5788,0.5874,0.573,0.5759,4873600.0
1995-01-13,0.573,0.5759,0.5644,0.5673,16172800.0
1995-01-16,0.5702,0.5759,0.5673,0.573,11772800.0
1995-01-17,0.5759,0.5759,0.5558,0.5573,18742400.0
1995-01-18,0.5587,0.5644,0.5558,0.5616,12643200.0
1995-01-19,0.5616,0.5874,0.5558,0.5573,31820800.0
1995-01-20,0.5616,0.5616,0.553,0.5616,31046400.0
1995-01-23,0.5558,0.5558,0.543,0.5501,6899200.0
1995-01-24,0.5444,0.5558,0.5444,0.5501,11456000.0
1995-01-25,0.5501,0.5501,0.5415,0.5444,6275200.0
1995-01-26,0.5387,0.5501,0.5387,0.5458,8646400.0
1995-01-27,0.5444,0.5644,0.5444,0.5558,11728000.0
1995-01-30,0.5616,0.5644,0.5501,0.5501,3865600.0
1995-01-31,0.553,0.5616,0.5473,0.5501,16057600.0
1995-02-01,0.5473,0.553,0.5329,0.5344,13094400.0
1995-02-02,0.5387,0.553,0.5157,0.5501,44304000.0
1995-02-03,0.5558,0.5931,0.5501,0.5788,35881600.0
1995-02-06,0.5845,0.5845,0.5558,0.5687,13811200.0
1995-02-07,0.5702,0.5845,0.5587,0.5845,16009600.0
1995-02-08,0.5816,0.6017,0.5816,0.596,21270400.0
1995-02-09,0.596,0.596,0.5874,0.5874,5689600.0
1995-02-10,0.5931,0.5931,0.5816,0.5816,5225600.0
1995-02-13,0.5816,0.5902,0.5816,0.5888,6185600.0
1995-02-14,0.5902,0.6074,0.5845,0.6017,15001600.0
1995-02-15,0.6017,0.6074,0.5931,0.596,6854400.0
1995-02-16,0.5988,0.5988,0.5845,0.5874,5417600.0
1995-02-17,0.5874,0.5874,0.5816,0.5816,4617600.0
1995-02-21,0.5816,0.5874,0.5644,0.5673,6374400.0
1995-02-22,0.5673,0.5702,0.553,0.5587,8982400.0
1995-02-23,0.5616,0.5673,0.5558,0.5644,9926400.0
1995-02-24,0.5558,0.5616,0.5444,0.5444,7747200.0
1995-02-27,0.5501,0.5501,0.5415,0.5415,8057600.0
1995-02-28,0.5387,0.5473,0.5329,0.5473,13248000.0
1995-03-01,0.5501,0.5673,0.5444,0.5644,23894400.0
1995-03-02,0.5644,0.5644,0.5473,0.5501,13219200.0
1995-03-03,0.5473,0.5616,0.5473,0.5616,4643200.0
1995-03-06,0.5587,0.5644,0.553,0.5616,12310400.0
1995-03-07,0.5644,0.5644,0.553,0.553,6902400.0
1995-03-08,0.5558,0.5673,0.5558,0.5616,9008000.0
1995-03-09,0.5616,0.5759,0.5587,0.573,10499200.0
1995-03-10,0.5759,0.5816,0.5702,0.5788,16400000.0
1995-03-13,0.5816,0.5845,0.5616,0.563,6704000.0
1995-03-14,0.5673,0.5673,0.553,0.5573,9324800.0
1995-03-15,0.5587,0.5644,0.5501,0.5616,5945600.0
1995-03-16,0.5587,0.5888,0.5587,0.5845,15177600.0
1995-03-17,0.5845,0.5845,0.5702,0.5845,14742400.0
1995-03-20,0.5788,0.5845,0.573,0.5788,7424000.0
1995-03-21,0.5816,0.5816,0.5387,0.553,29315200.0
1995-03-22,0.5387,0.5444,0.5215,0.5301,85356800.0
1995-03-23,0.5301,0.5329,0.51,0.5301,43856000.0
1995-03-24,0.5272,0.5329,0.5157,0.5186,33004800.0
1995-03-27,0.5186,0.5272,0.5186,0.5243,22476800.0
1995-03-28,0.5243,0.5558,0.5243,0.5372,34403200.0
1995-03-29,0.5415,0.5501,0.5301,0.5387,19990400.0
1995-03-30,0.5387,0.5444,0.5358,0.5415,12323200.0
1995-03-31,0.5358,0.5558,0.5329,0.5501,19129600.0
1995-04-03,0.5501,0.5501,0.5379,0.5444,35321600.0
1995-04-04,0.5444,0.553,0.5387,0.553,10633600.0
1995-04-05,0.553,0.5587,0.5444,0.5587,14876800.0
1995-04-06,0.5558,0.5988,0.5558,0.5874,50886400.0
1995-04-07,0.5874,0.5874,0.5644,0.5745,23635200.0
1995-04-10,0.5759,0.5759,0.5673,0.5702,6825600.0
1995-04-11,0.5673,0.5845,0.5644,0.5644,16883200.0
1995-04-12,0.5644,0.5788,0.5644,0.5759,10294400.0
1995-04-13,0.5702,0.5874,0.5702,0.5874,10156800.0
1995-04-17,0.5874,0.5902,0.5816,0.5831,16745600.0
1995-04-18,0.5816,0.5874,0.5816,0.5831,9203200.0
1995-04-19,0.5845,0.5845,0.573,0.5831,14755200.0
1995-04-20,0.5788,0.5931,0.553,0.5673,37862400.0
1995-04-21,0.5587,0.573,0.5587,0.5616,13715200.0
1995-04-24,0.5587,0.5644,0.5415,0.5415,22233600.0
1995-04-25,0.5444,0.5444,0.5329,0.5415,32624000.0
1995-04-26,0.5415,0.5415,0.5358,0.5387,16723200.0
1995-04-27,0.5415,0.5444,0.5344,0.5415,11686400.0
1995-04-28,0.5387,0.5444,0.5358,0.5387,18636800.0
1995-05-01,0.5415,0.5673,0.5387,0.5616,13920000.0
1995-05-02,0.5673,0.5702,0.5644,0.5687,9283200.0
1995-05-03,0.5673,0.5759,0.5587,0.573,10220800.0
1995-05-04,0.5759,0.6275,0.5702,0.6132,66217600.0
1995-05-05,0.6074,0.6132,0.6017,0.6103,19625600.0
1995-05-08,0.6046,0.6232,0.6017,0.6146,12368000.0
1995-05-09,0.6132,0.616,0.5902,0.596,10684800.0
1995-05-10,0.6017,0.616,0.5816,0.6103,18694400.0
1995-05-11,0.6074,0.6447,0.6074,0.6418,49625600.0
1995-05-12,0.6389,0.6876,0.6332,0.6676,94096000.0
1995-05-15,0.6676,0.722,0.6676,0.6962,70179200.0
1995-05-16,0.702,0.702,0.6762,0.6862,41065600.0
1995-05-17,0.6876,0.6905,0.6619,0.6676,25811200.0
1995-05-18,0.6676,0.6762,0.6619,0.669,11795200.0
1995-05-19,0.6705,0.6791,0.6619,0.6676,10857600.0
1995-05-22,0.6676,0.6905,0.6619,0.6848,16409600.0
1995-05-23,0.6876,0.7077,0.6876,0.7048,19334400.0
1995-05-24,0.702,0.7163,0.702,0.7106,23891200.0
1995-05-25,0.7077,0.7163,0.7077,0.7134,12585600.0
1995-05-26,0.7134,0.7134,0.6934,0.6962,10009600.0
1995-05-30,0.6962,0.6991,0.659,0.6647,27504000.0
1995-05-31,0.6647,0.6676,0.6619,0.6662,12560000.0
1995-06-01,0.6662,0.6905,0.6361,0.6791,32198400.0
1995-06-02,0.6705,0.7077,0.6619,0.6991,36115200.0
1995-06-05,0.6962,0.7364,0.6962,0.7278,37715200.0
1995-06-06,0.7278,0.7335,0.7106,0.7134,15158400.0
1995-06-07,0.7134,0.7421,0.6991,0.7392,35056000.0
1995-06-08,0.7421,0.7765,0.7364,0.7707,62819200.0
1995-06-09,0.7679,0.7908,0.7679,0.7736,47008000.0
1995-06-12,0.7707,0.7765,0.7564,0.7736,21612800.0
1995-06-13,0.7793,0.7851,0.765,0.7765,22844800.0
1995-06-14,0.7736,0.7965,0.7679,0.7822,35011200.0
1995-06-15,0.7822,0.808,0.7822,0.7937,40377600.0
1995-06-16,0.8023,0.8023,0.7765,0.7793,14684800.0
1995-06-19,0.7822,0.8166,0.7822,0.8109,49158400.0
1995-06-20,0.8109,0.8194,0.7879,0.7965,32598400.0
1995-06-21,0.7965,0.8023,0.7879,0.7994,17270400.0
1995-06-22,0.7994,0.8538,0.7965,0.8366,55404800.0
1995-06-23,0.8338,0.8481,0.8309,0.8424,27702400.0
1995-06-26,0.851,0.851,0.8366,0.8395,22876800.0
1995-06-27,0.8395,0.8424,0.8109,0.8166,21052800.0
1995-06-28,0.808,0.8137,0.7937,0.7994,22060800.0
1995-06-29,0.7994,0.8166,0.7994,0.8123,15366400.0
1995-06-30,0.808,0.8194,0.808,0.8166,6678400.0
1995-07-03,0.8194,0.8223,0.8109,0.8137,3132800.0
1995-07-05,0.8109,0.8366,0.8109,0.8237,31881600.0
1995-07-06,0.8252,0.8796,0.8252,0.8768,55968000.0
1995-07-07,0.871,0.9111,0.8682,0.904,38784000.0
1995-07-10,0.9054,0.9054,0.8452,0.8624,30348800.0
1995-07-11,0.8596,0.8653,0.8452,0.8495,17452800.0
1995-07-12,0.8538,0.871,0.8395,0.8696,18057600.0
1995-07-13,0.871,0.8968,0.8653,0.8968,23872000.0
1995-07-14,0.8911,0.8939,0.8682,0.8682,16592000.0
1995-07-17,0.8739,0.8768,0.8653,0.8653,7520000.0
1995-07-18,0.8653,0.8682,0.8452,0.8481,13507200.0
1995-07-19,0.8452,0.8452,0.8166,0.8194,12230400.0
1995-07-20,0.8194,0.8309,0.808,0.8194,22416000.0
1995-07-21,0.8194,0.8653,0.7994,0.8538,45699200.0
1995-07-24,0.8596,0.8882,0.851,0.8882,24499200.0
1995-07-25,0.8911,0.9684,0.8825,0.9369,95052800.0
1995-07-26,0.9369,0.9455,0.9255,0.9312,32169600.0
1995-07-27,0.9312,0.9341,0.9197,0.9312,22521600.0
1995-07-28,0.9312,0.9312,0.8768,0.8882,19878400.0
1995-07-31,0.8882,0.8911,0.8481,0.8567,33888000.0
1995-08-01,0.8567,0.9083,0.8538,0.9025,42982400.0
1995-08-02,0.9054,0.9312,0.9025,0.9025,27363200.0
1995-08-03,0.9025,0.9025,0.871,0.8825,13270400.0
1995-08-04,0.8768,0.8882,0.8739,0.8768,4166400.0
1995-08-07,0.8768,0.8853,0.8624,0.8639,9881600.0
1995-08-08,0.8682,0.8796,0.8624,0.8682,10848000.0
1995-08-09,0.8682,0.8768,0.8682,0.871,2249600.0
1995-08-10,0.8768,0.8768,0.8682,0.8682,1504000.0
1995-08-11,0.871,0.8739,0.8567,0.8624,6425600.0
1995-08-14,0.8538,0.8653,0.8452,0.8567,9884800.0
1995-08-15,0.8567,0.8939,0.8481,0.8882,23193600.0
1995-08-16,0.8939,0.9226,0.8911,0.9197,26899200.0
1995-08-17,0.9226,0.9312,0.9083,0.914,17171200.0
1995-08-18,0.9169,0.9197,0.9083,0.9111,6486400.0
1995-08-21,0.914,0.9226,0.9083,0.914,9936000.0
1995-08-22,0.9169,0.9169,0.9025,0.9083,6918400.0
1995-08-23,0.9111,0.9169,0.9054,0.9169,2467200.0
1995-08-24,0.9169,0.9169,0.9083,0.9097,6969600.0
1995-08-25,0.9169,0.9169,0.9054,0.914,3296000.0
1995-08-28,0.9083,0.914,0.8939,0.8968,8179200.0
1995-08-29,0.8939,0.8968,0.8596,0.871,14553600.0
1995-08-30,0.8739,0.9054,0.8653,0.8968,17657600.0
1995-08-31,0.8939,0.9312,0.8939,0.9169,22099200.0
1995-09-01,0.9169,0.9169,0.9025,0.904,3609600.0
1995-09-05,0.9054,0.9226,0.9025,0.9197,13203200.0
1995-09-06,0.9169,0.9484,0.914,0.9398,25052800.0
1995-09-07,0.9455,0.9856,0.9427,0.9598,35548800.0
1995-09-08,0.9627,0.9742,0.957,0.9656,15801600.0
1995-09-11,0.9742,0.9914,0.9656,0.9885,20208000.0
1995-09-12,0.9885,0.9885,0.9684,0.977,11321600.0
1995-09-13,0.977,1.0057,0.9684,0.9942,30368000.0
1995-09-14,0.9914,1.0,0.9828,0.9971,15936000.0
1995-09-15,0.9885,0.9942,0.9627,0.9627,12044800.0
1995-09-18,0.9656,0.9684,0.9455,0.9627,16768000.0
1995-09-19,0.9598,0.9942,0.9598,0.9885,23507200.0
1995-09-20,0.9942,1.0143,0.9942,0.9942,21276800.0
1995-09-21,1.0,1.0,0.957,0.9627,18355200.0
1995-09-22,0.9598,0.9799,0.9512,0.9742,18614400.0
1995-09-25,0.977,0.977,0.9455,0.957,11417600.0
1995-09-26,0.957,0.9914,0.9512,0.9856,25654400.0
1995-09-27,0.9828,0.9856,0.9656,0.9656,25971200.0
1995-09-28,0.9684,0.9713,0.9656,0.9684,14918400.0
1995-09-29,0.9713,1.0057,0.8252,0.8682,230883200.0
1995-10-02,0.8796,0.8911,0.851,0.8624,55622400.0
1995-10-03,0.8624,0.871,0.8252,0.8252,30534400.0
1995-10-04,0.828,0.828,0.7879,0.7879,34297600.0
1995-10-05,0.7937,0.8309,0.7908,0.8223,39491200.0
1995-10-06,0.8338,0.8452,0.8223,0.8309,34908800.0
1995-10-09,0.8338,0.8338,0.7965,0.8023,9980800.0
1995-10-10,0.7965,0.7965,0.7765,0.7879,24441600.0
1995-10-11,0.8023,0.8395,0.7908,0.8309,23193600.0
1995-10-12,0.8366,0.8395,0.8252,0.8366,11897600.0
1995-10-13,0.8395,0.8481,0.8252,0.8366,12515200.0
1995-10-16,0.8366,0.8366,0.8137,0.8223,13542400.0
1995-10-17,0.8223,0.8366,0.8194,0.8309,18224000.0
1995-10-18,0.8366,0.8825,0.8309,0.8667,51459200.0
1995-10-19,0.8653,0.8853,0.8424,0.8739,25683200.0
1995-10-20,0.8739,0.8968,0.871,0.8768,30758400.0
1995-10-23,0.8768,0.8825,0.8624,0.8796,12336000.0
1995-10-24,0.8825,0.8825,0.871,0.8782,11001600.0
1995-10-25,0.8825,0.8911,0.871,0.8725,24940800.0
1995-10-26,0.8739,0.8825,0.8653,0.8768,20851200.0
1995-10-27,0.8768,0.8911,0.871,0.8853,13168000.0
1995-10-30,0.8882,0.9111,0.8825,0.9025,22684800.0
1995-10-31,0.9054,0.9111,0.8997,0.8997,13398400.0
1995-11-01,0.9025,0.9255,0.8911,0.9154,29830400.0
1995-11-02,0.9197,0.9312,0.9054,0.9111,16979200.0
1995-11-03,0.9111,0.9283,0.9083,0.9169,10448000.0
1995-11-06,0.914,0.9312,0.914,0.9197,13228800.0
1995-11-07,0.9197,0.9197,0.9025,0.914,11622400.0
1995-11-08,0.9169,0.9169,0.9054,0.9169,7696000.0
1995-11-09,0.9169,0.9484,0.914,0.9398,18272000.0
1995-11-10,0.9398,0.9398,0.9255,0.9312,9174400.0
1995-11-13,0.9341,0.9742,0.9312,0.9699,25945600.0
1995-11-14,0.9713,0.9885,0.9598,0.9656,23347200.0
1995-11-15,0.9713,0.9742,0.9598,0.9627,7036800.0
1995-11-16,0.9598,1.0343,0.9541,1.02,49808000.0
1995-11-17,1.0257,1.0257,0.9828,0.9885,50288000.0
1995-11-20,0.9942,1.0028,0.9742,0.977,30998400.0
1995-11-21,0.9742,0.9914,0.9656,0.9856,28678400.0
1995-11-22,0.9914,1.0315,0.9856,1.0086,39897600.0
1995-11-24,1.0057,1.0114,1.0,1.0028,2505600.0
1995-11-27,1.0057,1.0057,0.957,0.957,19548800.0
1995-11-28,0.9598,0.9914,0.957,0.9842,38784000.0
1995-11-29,0.9828,1.0114,0.9828,0.9942,25312000.0
1995-11-30,0.9914,0.9942,0.9598,0.9684,15936000.0
1995-12-01,0.9656,0.9656,0.9255,0.9512,29248000.0
1995-12-04,0.9512,1.0086,0.9455,0.9828,14630400.0
1995-12-05,1.0086,1.0257,0.9914,1.02,17305600.0
1995-12-06,1.0257,1.0659,1.0143,1.0229,21400000.0
1995-12-07,1.0315,1.0716,1.0257,1.0544,18534400.0
1995-12-08,1.0716,1.0773,1.0315,1.0487,9952000.0
1995-12-11,1.0544,1.0659,1.0401,1.0429,10640000.0
1995-12-12,1.0429,1.0429,1.02,1.0257,5124800.0
1995-12-13,1.0372,1.0372,1.02,1.0257,5147200.0
1995-12-14,1.0315,1.0487,0.9914,1.0028,18675200.0
1995-12-15,1.0028,1.0143,0.9856,0.9914,6660800.0
1995-12-18,0.9914,0.9914,0.9398,0.9512,7484800.0
1995-12-19,0.957,0.957,0.8825,0.8997,26172800.0
1995-12-20,0.9111,0.9455,0.8768,0.8882,20684800.0
1995-12-21,0.8825,0.9111,0.8825,0.8939,15627200.0
1995-12-22,0.8997,0.9169,0.8939,0.9054,8899200.0
1995-12-26,0.9169,0.9341,0.8997,0.9169,13782400.0
1995-12-27,0.9226,0.9627,0.9169,0.9512,15396800.0
1995-12-28,0.9455,0.9684,0.9283,0.9455,19584000.0
1995-12-29,0.9512,0.9684,0.9398,0.9627,14404800.0
1996-01-02,0.9627,0.9627,0.8596,0.8939,33308800.0
1996-01-03,0.8882,0.8939,0.7908,0.8023,62355200.0
1996-01-04,0.7621,0.8252,0.745,0.7793,98100800.0
1996-01-05,0.7793,0.8252,0.7736,0.8252,42499200.0
1996-01-08,0.8252,0.8252,0.7793,0.808,11964800.0
1996-01-09,0.8023,0.8252,0.7736,0.7851,30825600.0
1996-01-10,0.7793,0.808,0.7736,0.7822,13075200.0
1996-01-11,0.7965,0.8137,0.7851,0.8137,14678400.0
1996-01-12,0.8194,0.8252,0.7851,0.8023,15980800.0
1996-01-15,0.8023,0.8023,0.7564,0.7593,13094400.0
1996-01-16,0.7679,0.7851,0.7621,0.7793,10627200.0
1996-01-17,0.7679,0.7793,0.7679,0.7679,2838400.0
1996-01-18,0.7793,0.7793,0.7564,0.7593,6268800.0
1996-01-19,0.7621,0.7793,0.7564,0.7736,15427200.0
1996-01-22,0.7507,0.7621,0.7335,0.7621,14483200.0
1996-01-23,0.7621,0.8023,0.7564,0.7851,21254400.0
1996-01-24,0.7851,0.7851,0.7621,0.7793,19601600.0
1996-01-25,0.7793,0.7851,0.6991,0.702,50212800.0
1996-01-26,0.6991,0.7163,0.6647,0.7106,100820800.0
1996-01-29,0.722,0.7335,0.7106,0.7278,43163200.0
1996-01-30,0.7335,0.7736,0.7278,0.7507,32996800.0
1996-01-31,0.7621,0.7793,0.745,0.7679,29091200.0
1996-02-01,0.7736,0.8252,0.7679,0.8137,25948800.0
1996-02-02,0.8137,0.8137,0.7736,0.7822,12182400.0
1996-02-05,0.7851,0.7851,0.7621,0.7736,11731200.0
1996-02-06,0.7736,0.7736,0.745,0.7621,14184000.0
1996-02-07,0.7621,0.7621,0.7335,0.7392,17828800.0
1996-02-08,0.7507,0.8137,0.7392,0.8023,47204800.0
1996-02-09,0.7965,0.808,0.7793,0.7908,17454400.0
1996-02-12,0.7908,0.7908,0.7621,0.7679,14654400.0
1996-02-13,0.7736,0.7793,0.7621,0.7621,10544000.0
1996-02-14,0.7736,0.7793,0.7392,0.745,14603200.0
1996-02-15,0.7564,0.7621,0.7392,0.745,6355200.0
1996-02-16,0.7564,0.7736,0.745,0.7564,7809600.0
1996-02-20,0.7507,0.7679,0.7392,0.7564,10803200.0
1996-02-21,0.7507,0.7564,0.745,0.7535,7152000.0
1996-02-22,0.7507,0.7965,0.745,0.7908,21353600.0
1996-02-23,0.7851,0.7965,0.7851,0.7908,16435200.0
1996-02-26,0.7965,0.808,0.7851,0.7965,7992000.0
1996-02-27,0.7908,0.7965,0.7392,0.745,24648000.0
1996-02-28,0.7507,0.7908,0.7392,0.7736,24635200.0
1996-02-29,0.7736,0.8137,0.7679,0.808,51344000.0
1996-03-01,0.8309,0.8481,0.8194,0.8194,29636800.0
1996-03-04,0.8309,0.8997,0.8252,0.8997,35769600.0
1996-03-05,0.8882,0.8997,0.8768,0.8825,16590400.0
1996-03-06,0.8825,0.9512,0.8825,0.9455,45592000.0
1996-03-07,0.9398,0.957,0.9111,0.9226,29049600.0
1996-03-08,0.8997,0.9169,0.8768,0.8939,24755200.0
1996-03-11,0.8882,0.9169,0.8882,0.9054,16800000.0
1996-03-12,0.8997,0.9398,0.8939,0.9255,23316800.0
1996-03-13,0.9283,0.9856,0.9226,0.9742,24601600.0
1996-03-14,0.9742,1.0601,0.9742,1.02,53769600.0
1996-03-15,1.02,1.0716,1.02,1.0429,34985600.0
1996-03-18,1.0544,1.0716,1.0372,1.0601,20856000.0
1996-03-19,1.0601,1.0659,0.9799,1.0028,25307200.0
1996-03-20,1.0028,1.0429,0.9971,1.02,10019200.0
1996-03-21,1.0257,1.0372,0.9856,1.0086,10828800.0
1996-03-22,1.0086,1.0086,0.9856,0.9971,7552000.0
1996-03-25,0.9914,1.0086,0.9856,0.9914,5190400.0
1996-03-26,0.9856,1.0086,0.9684,1.0028,12132800.0
1996-03-27,1.0086,1.0544,0.9971,1.0028,19550400.0
1996-03-28,1.0086,1.02,0.9856,1.02,16353600.0
1996-03-29,1.02,1.083,1.0086,1.0687,21577600.0
1996-04-01,1.1289,1.1747,1.1232,1.1518,62248000.0
1996-04-02,1.1575,1.1633,1.1117,1.1404,24104000.0
1996-04-03,1.1404,1.1404,1.106,1.1289,15649600.0
1996-04-04,1.1404,1.2034,1.1346,1.1919,56900800.0
1996-04-08,1.1633,1.1919,1.1346,1.1805,27884800.0
1996-04-09,1.1862,1.2034,1.1747,1.1919,24955200.0
1996-04-10,1.1805,1.1919,1.1575,1.1575,22227200.0
1996-04-11,1.1633,1.1633,1.1117,1.1404,30414400.0
1996-04-12,1.1404,1.1461,1.1174,1.1461,8355200.0
1996-04-15,1.1461,1.1747,1.1404,1.1633,11915200.0
1996-04-16,1.1747,1.232,1.169,1.2206,25448000.0
1996-04-17,1.2263,1.255,1.1977,1.1977,27187200.0
1996-04-18,1.2034,1.2263,1.2034,1.2206,7856000.0
1996-04-19,1.2263,1.232,1.1919,1.1919,14595200.0
1996-04-22,1.1919,1.2034,1.1518,1.1633,12803200.0
1996-04-23,1.1575,1.2034,1.1461,1.2034,12648000.0
1996-04-24,1.1977,1.2034,1.1633,1.169,7182400.0
1996-04-25,1.169,1.3466,1.169,1.3409,75067200.0
1996-04-26,1.3123,1.3123,1.255,1.2807,46024000.0
1996-04-29,1.2779,1.2893,1.2091,1.255,13446400.0
1996-04-30,1.2435,1.255,1.2206,1.2435,17846400.0
1996-05-01,1.255,1.2951,1.2435,1.2893,27382400.0
1996-05-02,1.2951,1.3008,1.2492,1.2779,20121600.0
1996-05-03,1.2721,1.2836,1.2034,1.2664,31856000.0
1996-05-06,1.2721,1.2721,1.2263,1.2435,10035200.0
1996-05-07,1.232,1.2378,1.1919,1.2091,8209600.0
1996-05-08,1.1919,1.2091,1.1461,1.169,13496000.0
1996-05-09,1.1862,1.2721,1.1862,1.2721,25880000.0
1996-05-10,1.2721,1.2836,1.2492,1.2636,9456000.0
1996-05-13,1.2722,1.2951,1.2607,1.2893,15163200.0
1996-05-14,1.3008,1.3295,1.2779,1.3295,16769600.0
1996-05-15,1.318,1.3295,1.3123,1.3237,8283200.0
1996-05-16,1.318,1.3352,1.3123,1.3295,7072000.0
1996-05-17,1.3295,1.3581,1.3123,1.3137,10588800.0
1996-05-20,1.3123,1.318,1.3008,1.3123,8380800.0
1996-05-21,1.3008,1.3123,1.2721,1.2836,5521600.0
1996-05-22,1.2721,1.2836,1.2492,1.2779,10008000.0
1996-05-23,1.2779,1.2836,1.2664,1.2721,7928000.0
1996-05-24,1.2779,1.2836,1.2721,1.2836,5326400.0
1996-05-28,1.2836,1.2893,1.2148,1.2435,9825600.0
1996-05-29,1.2378,1.2378,1.1862,1.2206,14057600.0
1996-05-30,1.2206,1.255,1.2148,1.2435,19377600.0
1996-05-31,1.2435,1.255,1.2263,1.2435,4980800.0
1996-06-03,1.2435,1.2435,1.2091,1.2263,2979200.0
1996-06-04,1.2263,1.232,1.1919,1.2034,6142400.0
1996-06-05,1.1919,1.2779,1.1919,1.255,12249600.0
1996-06-06,1.2664,1.2836,1.2091,1.2091,11139200.0
1996-06-07,1.169,1.2206,1.169,1.1977,15395200.0
1996-06-10,1.2034,1.2034,1.1575,1.169,14435200.0
1996-06-11,1.1747,1.2578,1.169,1.255,26412800.0
1996-06-12,1.255,1.2721,1.2378,1.2492,8432000.0
1996-06-13,1.2435,1.2435,1.2091,1.2263,7520000.0
1996-06-14,1.1575,1.2263,1.1575,1.1977,13192000.0
1996-06-17,1.2091,1.2091,1.169,1.1747,8547200.0
1996-06-18,1.1805,1.2091,1.169,1.2034,21670400.0
1996-06-19,1.2034,1.2263,1.1977,1.2206,8228800.0
1996-06-20,1.2206,1.2263,1.1991,1.2062,10243200.0
1996-06-21,1.2091,1.2148,1.1977,1.2091,4984000.0
1996-06-24,1.1977,1.2435,1.1977,1.2292,9217600.0
1996-06-25,1.2378,1.2435,1.2263,1.232,7742400.0
1996-06-26,1.2435,1.2435,1.2034,1.2349,13811200.0
1996-06-27,1.232,1.2492,1.2206,1.2378,13736000.0
1996-06-28,1.2435,1.3065,1.2435,1.2951,21518400.0
1996-07-01,1.2893,1.3409,1.2836,1.3295,16369600.0
1996-07-02,1.318,1.3295,1.2893,1.3065,9526400.0
1996-07-03,1.3008,1.3696,1.2893,1.3295,23204800.0
1996-07-05,1.3123,1.318,1.2893,1.2922,5902400.0
1996-07-08,1.2779,1.2893,1.232,1.2349,11043200.0
1996-07-09,1.2492,1.2779,1.2435,1.2779,14833600.0
1996-07-10,1.2779,1.2779,1.1805,1.2034,18289600.0
1996-07-11,1.2034,1.2034,1.1461,1.1461,11992000.0
1996-07-12,1.1575,1.1919,1.1461,1.1633,14216000.0
1996-07-15,1.1633,1.1633,1.0945,1.0974,20715200.0
1996-07-16,1.0945,1.1346,1.0544,1.106,27795200.0
1996-07-17,1.1289,1.1518,1.1174,1.1404,16846400.0
1996-07-18,1.1404,1.1747,1.1289,1.1461,10451200.0
1996-07-19,1.1518,1.1518,1.0773,1.1174,14060800.0
1996-07-22,1.106,1.1575,1.083,1.1461,12179200.0
1996-07-23,1.1518,1.1518,1.1002,1.1002,8204800.0
1996-07-24,1.0773,1.0888,1.0544,1.0601,20539200.0
1996-07-25,1.0601,1.1117,1.0601,1.0916,17721600.0
1996-07-26,1.1002,1.2435,1.0945,1.2263,40755200.0
1996-07-29,1.2206,1.2263,1.1977,1.2091,12625600.0
1996-07-30,1.2034,1.2263,1.2034,1.2206,8030400.0
1996-07-31,1.1805,1.2034,1.1747,1.1919,16225600.0
1996-08-01,1.1919,1.2893,1.1919,1.2607,33836800.0
1996-08-02,1.2664,1.2836,1.2607,1.2779,16008000.0
1996-08-05,1.2836,1.3237,1.2779,1.2893,14430400.0
1996-08-06,1.2951,1.318,1.2779,1.3123,14153600.0
1996-08-07,1.3123,1.3638,1.3065,1.3524,13504000.0
1996-08-08,1.3581,1.3581,1.318,1.3352,9676800.0
1996-08-09,1.3352,1.3581,1.3295,1.3581,7622400.0
1996-08-12,1.3524,1.3581,1.3352,1.3524,8451200.0
1996-08-13,1.3466,1.3466,1.3008,1.3037,9969600.0
1996-08-14,1.3065,1.3524,1.3008,1.3466,9910400.0
1996-08-15,1.3409,1.3466,1.3237,1.3409,6318400.0
1996-08-16,1.3409,1.3524,1.3295,1.3409,9718400.0
1996-08-19,1.3466,1.3466,1.3237,1.3237,3187200.0
1996-08-20,1.3295,1.3295,1.3065,1.318,5558400.0
1996-08-21,1.318,1.318,1.2951,1.3065,4788800.0
1996-08-22,1.3123,1.4039,1.3065,1.3982,26105600.0
1996-08-23,1.3868,1.4039,1.3638,1.3753,16281600.0
1996-08-26,1.3753,1.3868,1.3581,1.3868,9483200.0
1996-08-27,1.3868,1.4269,1.3696,1.3982,18060800.0
1996-08-28,1.4039,1.4784,1.3982,1.4727,25214400.0
1996-08-29,1.467,1.5644,1.4498,1.5128,50481600.0
1996-08-30,1.5071,1.5128,1.4555,1.5014,10128000.0
1996-09-03,1.4784,1.4842,1.4555,1.467,12307200.0
1996-09-04,1.4784,1.5931,1.467,1.5816,40035200.0
1996-09-05,1.5701,1.5701,1.4956,1.4956,28723200.0
1996-09-06,1.5071,1.5415,1.4899,1.53,18243200.0
1996-09-09,1.53,1.5931,1.5243,1.5357,23440000.0
1996-09-10,1.5472,1.5587,1.5071,1.5186,14528000.0
1996-09-11,1.5128,1.5243,1.4899,1.4899,13419200.0
1996-09-12,1.4956,1.5816,1.4899,1.5644,27190400.0
1996-09-13,1.5816,1.5988,1.5472,1.5816,13972800.0
1996-09-16,1.5759,1.616,1.5644,1.6102,18753600.0
1996-09-17,1.6102,1.616,1.5873,1.6045,16188800.0
1996-09-18,1.5988,1.6446,1.5988,1.6389,21240000.0
1996-09-19,1.6446,1.6446,1.5988,1.6045,10254400.0
1996-09-20,1.6102,1.6274,1.5959,1.6217,9166400.0
1996-09-23,1.6217,1.6217,1.6045,1.6102,9057600.0
1996-09-24,1.6102,1.616,1.5587,1.5816,12286400.0
1996-09-25,1.5759,1.5759,1.5128,1.5357,15440000.0
1996-09-26,1.5415,1.5816,1.5243,1.5357,16246400.0
1996-09-27,1.5357,1.5357,1.4956,1.5071,10955200.0
1996-09-30,1.5186,1.5243,1.4899,1.5128,10624000.0
1996-10-01,1.5128,1.6332,1.5071,1.6102,35305600.0
1996-10-02,1.6102,1.7019,1.5701,1.6962,44672000.0
1996-10-03,1.6962,1.8452,1.6962,1.7936,75073600.0
1996-10-04,1.828,1.8452,1.7936,1.8337,34953600.0
1996-10-07,1.828,1.8395,1.7707,1.7807,15880000.0
1996-10-08,1.742,1.742,1.6446,1.6561,32947200.0
1996-10-09,1.6561,1.7077,1.6045,1.6274,31644800.0
1996-10-10,1.6332,1.679,1.6217,1.6733,24227200.0
1996-10-11,1.6905,1.7134,1.679,1.6905,11854400.0
1996-10-14,1.6962,1.7134,1.6847,1.7019,10529600.0
1996-10-15,1.7306,1.7306,1.6847,1.7134,10939200.0
1996-10-16,1.7134,1.7134,1.6618,1.6733,11016000.0
1996-10-17,1.6733,1.7191,1.6618,1.6905,15211200.0
1996-10-18,1.7019,1.7249,1.6847,1.7191,16876800.0
1996-10-21,1.7191,1.7191,1.6618,1.679,6235200.0
1996-10-22,1.6733,1.6905,1.6561,1.6847,8051200.0
1996-10-23,1.679,1.6847,1.6504,1.6733,11686400.0
1996-10-24,1.6733,1.679,1.6504,1.6618,6265600.0
1996-10-25,1.6504,1.6618,1.6389,1.6561,8014400.0
1996-10-28,1.6561,1.6618,1.6389,1.6389,4075200.0
1996-10-29,1.6389,1.6504,1.5988,1.6274,15361600.0
1996-10-30,1.6274,1.6332,1.5816,1.6045,6806400.0
1996-10-31,1.6045,1.6274,1.4899,1.4899,63680000.0
1996-11-01,1.4956,1.5186,1.4784,1.4956,18112000.0
1996-11-04,1.5071,1.5529,1.4956,1.5329,10387200.0
1996-11-05,1.5357,1.5701,1.5186,1.5644,12705600.0
1996-11-06,1.5759,1.5988,1.5701,1.5816,12592000.0
1996-11-07,1.5873,1.6045,1.5644,1.5759,6076800.0
1996-11-08,1.5759,1.5816,1.53,1.53,12777600.0
1996-11-11,1.5357,1.5415,1.4956,1.5357,17561600.0
1996-11-12,1.5357,1.5587,1.53,1.5415,11654400.0
1996-11-13,1.5357,1.5472,1.4555,1.4613,23667200.0
1996-11-14,1.467,1.6045,1.4613,1.5759,35875200.0
1996-11-15,1.5816,1.5816,1.5415,1.5644,15259200.0
1996-11-18,1.5644,1.6102,1.5357,1.6045,24646400.0
1996-11-19,1.6045,1.6389,1.5931,1.6332,24862400.0
1996-11-20,1.6332,1.6332,1.5988,1.616,12470400.0
1996-11-21,1.6102,1.6561,1.5931,1.6332,17836800.0
1996-11-22,1.6332,1.679,1.6332,1.6504,18763200.0
1996-11-25,1.6504,1.6675,1.6389,1.6504,6244800.0
1996-11-26,1.6504,1.6733,1.6217,1.6274,9176000.0
1996-11-27,1.6332,1.6332,1.5529,1.5644,19387200.0
1996-11-29,1.5587,1.5988,1.5472,1.5873,5224000.0
1996-12-02,1.5988,1.6504,1.5701,1.6446,12617600.0
1996-12-03,1.6504,1.6847,1.6332,1.6504,14472000.0
1996-12-04,1.6446,1.6618,1.616,1.6217,9137600.0
1996-12-05,1.6274,1.6274,1.5529,1.5644,12137600.0
1996-12-06,1.5472,1.5472,1.5071,1.51,22105600.0
1996-12-09,1.53,1.5873,1.5186,1.5816,19572800.0
1996-12-10,1.5759,1.5816,1.53,1.5357,9188800.0
1996-12-11,1.53,1.5357,1.4842,1.5186,17894400.0
1996-12-12,1.5243,1.5357,1.5071,1.5157,14787200.0
1996-12-13,1.5071,1.5357,1.4899,1.5071,13507200.0
1996-12-16,1.5128,1.5128,1.467,1.467,9345600.0
1996-12-17,1.467,1.5014,1.4441,1.4613,11398400.0
1996-12-18,1.4613,1.467,1.3868,1.4039,28600000.0
1996-12-19,1.4097,1.4784,1.4097,1.4441,21051200.0
1996-12-20,1.4613,1.4613,1.3982,1.4039,19081600.0
1996-12-23,1.4097,1.4154,1.3524,1.3581,15300800.0
1996-12-24,1.3524,1.3581,1.3352,1.3581,10550400.0
1996-12-26,1.3581,1.4441,1.3237,1.4441,18864000.0
1996-12-27,1.4383,1.4441,1.3868,1.3982,13756800.0
1996-12-30,1.3982,1.4211,1.3524,1.3581,20819200.0
1996-12-31,1.3638,1.3638,1.3065,1.3123,17945600.0
1997-01-02,1.3123,1.3237,1.2607,1.2721,23540800.0
1997-01-03,1.2779,1.381,1.255,1.3753,44184000.0
1997-01-06,1.381,1.381,1.3295,1.3581,15888000.0
1997-01-07,1.3466,1.381,1.3409,1.3581,10968000.0
1997-01-08,1.3581,1.3696,1.3466,1.3466,13388800.0
1997-01-09,1.3524,1.3868,1.3466,1.3638,9209600.0
1997-01-10,1.3638,1.4097,1.3466,1.381,13764800.0
1997-01-13,1.3925,1.4211,1.318,1.3352,17860800.0
1997-01-14,1.3352,1.3524,1.3008,1.3237,17512000.0
1997-01-15,1.318,1.3753,1.318,1.3753,12860800.0
1997-01-16,1.381,1.3868,1.3466,1.381,9612800.0
1997-01-17,1.381,1.5071,1.3581,1.4899,45785600.0
1997-01-20,1.4956,1.5014,1.4498,1.4727,17156800.0
1997-01-21,1.4555,1.4727,1.4441,1.4727,5635200.0
1997-01-22,1.4727,1.5472,1.4613,1.5472,21412800.0
1997-01-23,1.5415,1.6446,1.5415,1.6045,46033600.0
1997-01-24,1.5931,1.5931,1.5472,1.5759,21211200.0
1997-01-27,1.5816,1.5816,1.5529,1.5644,8880000.0
1997-01-28,1.5816,1.6102,1.5644,1.5816,9067200.0
1997-01-29,1.5701,1.5759,1.5014,1.5558,17828800.0
1997-01-30,1.5529,1.6102,1.5529,1.5759,18630400.0
1997-01-31,1.5701,1.5759,1.5472,1.5701,7409600.0
1997-02-03,1.5701,1.6504,1.5644,1.6389,19744000.0
1997-02-04,1.6446,1.6446,1.5816,1.6274,11284800.0
1997-02-05,1.6274,1.6618,1.6274,1.6389,13560000.0
1997-02-06,1.6504,1.6733,1.6045,1.6561,9552000.0
1997-02-07,1.6446,1.6876,1.6446,1.6504,9724800.0
1997-02-10,1.6618,1.6618,1.5701,1.6045,11614400.0
1997-02-11,1.6102,1.6102,1.5472,1.5816,11782400.0
1997-02-12,1.5873,1.7019,1.5759,1.6962,21100800.0
1997-02-13,1.6847,1.7077,1.6675,1.7019,16310400.0
1997-02-14,1.7077,1.7077,1.6675,1.679,6579200.0
1997-02-18,1.6733,1.6847,1.6332,1.6389,7708800.0
1997-02-19,1.6504,1.6504,1.5931,1.6217,12268800.0
1997-02-20,1.6117,1.6217,1.5873,1.5959,9331200.0
1997-02-21,1.5988,1.5988,1.5759,1.5873,12057600.0
1997-02-24,1.5701,1.5931,1.5472,1.5644,17977600.0
1997-02-25,1.5644,1.5701,1.5357,1.5587,10750400.0
1997-02-26,1.5587,1.5644,1.5014,1.5186,14779200.0
1997-02-27,1.5128,1.5816,1.5128,1.5701,14403200.0
1997-02-28,1.5701,1.5816,1.5357,1.5415,12756800.0
1997-03-03,1.5415,1.5415,1.4899,1.5186,12734400.0
1997-03-04,1.5128,1.5529,1.5071,1.5357,10865600.0
1997-03-05,1.5243,1.5243,1.4756,1.4899,19076800.0
1997-03-06,1.4899,1.4899,1.3925,1.4154,27105600.0
1997-03-07,1.4326,1.4383,1.4154,1.424,22700800.0
1997-03-10,1.4269,1.4269,1.3868,1.3982,11680000.0
1997-03-11,1.3982,1.4039,1.3466,1.3466,23745600.0
1997-03-12,1.3466,1.381,1.3466,1.3581,35395200.0
1997-03-13,1.3646,1.3925,1.3581,1.3925,27622400.0
1997-03-14,1.3982,1.4784,1.3868,1.4441,32955200.0
1997-03-17,1.4441,1.4441,1.3753,1.4097,25470400.0
1997-03-18,1.4269,1.4956,1.4154,1.4727,12420800.0
1997-03-19,1.467,1.4956,1.4498,1.467,8254400.0
1997-03-20,1.467,1.4842,1.3982,1.4269,19161600.0
1997-03-21,1.4383,1.4613,1.4269,1.4441,9028800.0
1997-03-24,1.4498,1.4555,1.4211,1.4326,7691200.0
1997-03-25,1.4326,1.4784,1.4211,1.4498,9660800.0
1997-03-26,1.4441,1.4956,1.4211,1.4784,13894400.0
1997-03-27,1.4842,1.4842,1.4326,1.4326,6291200.0
1997-03-31,1.4441,1.4441,1.3581,1.3581,17252800.0
1997-04-01,1.3581,1.3925,1.3352,1.3868,17932800.0
1997-04-02,1.3925,1.4154,1.3466,1.3581,13972800.0
1997-04-03,1.3524,1.3638,1.2951,1.3295,21544000.0
1997-04-04,1.3237,1.4154,1.3123,1.4097,19393600.0
1997-04-07,1.4097,1.4326,1.381,1.4039,10704000.0
1997-04-08,1.3925,1.4269,1.3925,1.4097,5436800.0
1997-04-09,1.4211,1.4269,1.381,1.3925,7547200.0
1997-04-10,1.381,1.3868,1.3524,1.3524,13025600.0
1997-04-11,1.3581,1.3696,1.2951,1.3065,13516800.0
1997-04-14,1.3123,1.3352,1.2721,1.3352,14430400.0
1997-04-15,1.3466,1.381,1.2951,1.3065,13353600.0
1997-04-16,1.318,1.318,1.255,1.2664,21680000.0
1997-04-17,1.2779,1.3065,1.2034,1.2492,26299200.0
1997-04-18,1.2607,1.3581,1.2206,1.3295,34796800.0
1997-04-21,1.318,1.3352,1.2893,1.3123,19808000.0
1997-04-22,1.3123,1.3352,1.2721,1.318,23126400.0
1997-04-23,1.3123,1.3581,1.3123,1.3409,17051200.0
1997-04-24,1.3524,1.3753,1.2607,1.2836,43275200.0
1997-04-25,1.2836,1.2836,1.1977,1.2492,39401600.0
1997-04-28,1.2607,1.2779,1.2378,1.2693,17177600.0
1997-04-29,1.3065,1.3409,1.2836,1.3295,15817600.0
1997-04-30,1.3295,1.381,1.3237,1.3696,17480000.0
1997-05-01,1.3696,1.3982,1.3065,1.3409,24566400.0
1997-05-02,1.3352,1.4097,1.318,1.3753,22657600.0
1997-05-05,1.381,1.381,1.3295,1.3696,25195200.0
1997-05-06,1.3638,1.3638,1.3295,1.3409,14180800.0
1997-05-07,1.3352,1.3409,1.3037,1.3209,15995200.0
1997-05-08,1.318,1.3237,1.2836,1.2979,19116800.0
1997-05-09,1.3008,1.3065,1.2779,1.2951,17393600.0
1997-05-12,1.2951,1.318,1.2893,1.3065,16729600.0
1997-05-13,1.318,1.318,1.2951,1.318,7300800.0
1997-05-14,1.318,1.3409,1.3065,1.3295,14352000.0
1997-05-15,1.3352,1.3409,1.318,1.3237,10600000.0
1997-05-16,1.3753,1.3982,1.3065,1.3295,37390400.0
1997-05-19,1.3352,1.4097,1.3295,1.3982,49737600.0
1997-05-20,1.3982,1.4097,1.381,1.4068,20020800.0
1997-05-21,1.4097,1.4899,1.4039,1.467,37433600.0
1997-05-22,1.4727,1.4727,1.4441,1.4613,23048000.0
1997-05-23,1.467,1.5587,1.4613,1.5472,28564800.0
1997-05-27,1.5357,1.5415,1.5071,1.5357,17603200.0
1997-05-28,1.5243,1.5243,1.4899,1.5014,16916800.0
1997-05-29,1.5014,1.5014,1.4154,1.4498,24513600.0
1997-05-30,1.4154,1.467,1.4154,1.4441,9158400.0
1997-06-02,1.4498,1.4555,1.4211,1.4297,11052800.0
1997-06-03,1.4326,1.4555,1.4154,1.4297,11262400.0
1997-06-04,1.4154,1.4211,1.3524,1.3896,21592000.0
1997-06-05,1.3896,1.4039,1.3724,1.3753,22668800.0
1997-06-06,1.381,1.3925,1.3581,1.3782,28488000.0
1997-06-09,1.4326,1.4727,1.4211,1.4527,54016000.0
1997-06-10,1.4727,1.51,1.4555,1.4784,21622400.0
1997-06-11,1.4899,1.5128,1.4784,1.5071,19968000.0
1997-06-12,1.5128,1.6102,1.51,1.6045,38758400.0
1997-06-13,1.6102,1.6991,1.5931,1.6933,56747200.0
1997-06-16,1.6876,1.6962,1.6332,1.6733,30225600.0
1997-06-17,1.6675,1.6847,1.6446,1.6532,25734400.0
1997-06-18,1.6504,1.6504,1.5988,1.5988,19892800.0
1997-06-19,1.5988,1.6504,1.5816,1.6389,23670400.0
1997-06-20,1.6418,1.6561,1.6217,1.6389,11872000.0
1997-06-23,1.6389,1.6847,1.6274,1.6675,18462400.0
1997-06-24,1.6675,1.7993,1.6618,1.7965,51876800.0
1997-06-25,1.7764,1.8108,1.765,1.7936,29910400.0
1997-06-26,1.7822,1.7936,1.742,1.785,19576000.0
1997-06-27,1.7879,1.7936,1.7764,1.7936,16252800.0
1997-06-30,1.7822,1.7936,1.7535,1.785,15497600.0
1997-07-01,1.7879,1.7879,1.765,1.7736,11238400.0
1997-07-02,1.7822,1.7879,1.7249,1.7678,18358400.0
1997-07-03,1.765,1.8251,1.6847,1.7019,28110400.0
1997-07-07,1.7077,1.7077,1.616,1.6475,30804800.0
1997-07-08,1.6561,1.6618,1.6102,1.6389,22121600.0
1997-07-09,1.636,1.6847,1.636,1.6446,17828800.0
1997-07-10,1.6446,1.6504,1.5816,1.5873,24486400.0
1997-07-11,1.5873,1.6675,1.5644,1.616,36033600.0
1997-07-14,1.6217,1.6561,1.6074,1.6532,11998400.0
1997-07-15,1.6561,1.7077,1.6561,1.6962,24659200.0
1997-07-16,1.7019,1.7592,1.6991,1.7478,21344000.0
1997-07-17,1.742,1.7478,1.6962,1.7077,9852800.0
1997-07-18,1.7077,1.7134,1.6618,1.6933,13091200.0
1997-07-21,1.6962,1.7077,1.6618,1.6847,11089600.0
1997-07-22,1.6876,1.765,1.6504,1.7163,27177600.0
1997-07-23,1.7077,1.7134,1.6733,1.6962,15168000.0
1997-07-24,1.6962,1.7592,1.6905,1.7506,17550400.0
1997-07-25,1.7506,1.7535,1.7334,1.7392,12324800.0
1997-07-28,1.7363,1.7822,1.7363,1.7449,9635200.0
1997-07-29,1.7306,1.7392,1.6962,1.7191,8942400.0
1997-07-30,1.7134,1.8108,1.7134,1.8022,15528000.0
1997-07-31,1.8051,1.9082,1.7993,1.8767,56049600.0
1997-08-01,1.8681,1.8681,1.7793,1.8194,18480000.0
1997-08-04,1.8194,1.8223,1.7535,1.7736,13969600.0
1997-08-05,1.7764,1.8567,1.7535,1.8165,17051200.0
1997-08-06,1.8337,1.8509,1.7707,1.7793,11660800.0
1997-08-07,1.7822,1.8223,1.7564,1.7879,12073600.0
1997-08-08,1.7936,1.7993,1.6962,1.7592,21321600.0
1997-08-11,1.7678,1.7707,1.7019,1.7535,10632000.0
1997-08-12,1.7506,1.7879,1.7019,1.7191,11891200.0
1997-08-13,1.765,1.8395,1.7535,1.8194,28883200.0
1997-08-14,1.8337,1.8968,1.8223,1.8968,31819200.0
1997-08-15,1.8796,1.891,1.8452,1.8538,20955200.0
1997-08-18,1.8595,1.8681,1.828,1.8652,23342400.0
1997-08-19,1.8738,1.9369,1.8567,1.9111,28776000.0
1997-08-20,1.914,1.9627,1.8968,1.9054,14334400.0
1997-08-21,1.9025,1.9082,1.8567,1.8796,19108800.0
1997-08-22,1.8652,1.8968,1.8509,1.871,10166400.0
1997-08-25,1.8652,1.9827,1.8624,1.9655,28209600.0
1997-08-26,1.9426,1.9713,1.9254,1.9397,19078400.0
1997-08-27,1.9369,1.9455,1.9025,1.9197,5404800.0
1997-08-28,1.9082,1.9311,1.8452,1.8452,12852800.0
1997-08-29,1.8452,1.891,1.8452,1.8796,10185600.0
1997-09-02,1.8853,1.9082,1.8681,1.8796,10161600.0
1997-09-03,1.8738,1.9111,1.8681,1.8738,9481600.0
1997-09-04,1.871,1.8796,1.8337,1.8452,7142400.0
1997-09-05,1.8624,1.8681,1.8223,1.8395,7312000.0
1997-09-08,1.8567,1.9197,1.8509,1.9082,15561600.0
1997-09-09,1.9111,1.9942,1.9025,1.9655,24275200.0
1997-09-10,1.9713,1.9713,1.9254,1.9311,14033600.0
1997-09-11,1.9283,1.9369,1.8796,1.891,14076800.0
1997-09-12,1.9082,1.9713,1.8968,1.9569,9660800.0
1997-09-15,1.9569,1.997,1.9483,1.9942,14523200.0
1997-09-16,1.9942,2.0515,1.9942,2.0458,33203200.0
1997-09-17,2.0286,2.0343,1.9483,2.0114,34544000.0
1997-09-18,2.0056,2.0171,1.9827,1.997,16259200.0
1997-09-19,1.9999,2.0114,1.9713,1.9713,14720000.0
1997-09-22,1.977,2.0171,1.9655,1.9655,9598400.0
1997-09-23,1.9655,1.9713,1.8624,1.8824,18054400.0
1997-09-24,1.8853,1.9541,1.8738,1.9483,15673600.0
1997-09-25,1.9455,1.9541,1.8853,1.8968,7675200.0
1997-09-26,1.9025,1.9254,1.8567,1.8681,7144000.0
1997-09-29,1.8681,1.8968,1.8624,1.8853,8177600.0
1997-09-30,1.8853,1.9283,1.8738,1.9168,10121600.0
1997-10-01,1.9082,1.9197,1.8509,1.8567,32497600.0
1997-10-02,1.8567,1.8567,1.7249,1.7392,66323200.0
1997-10-03,1.765,1.7764,1.6704,1.6876,39409600.0
1997-10-06,1.7019,1.742,1.6675,1.7334,35672000.0
1997-10-07,1.7592,1.7879,1.742,1.7736,29425600.0
1997-10-08,1.7736,1.785,1.7535,1.7736,19326400.0
1997-10-09,1.765,1.7822,1.6847,1.6876,24723200.0
1997-10-10,1.6876,1.7077,1.6618,1.6962,17233600.0
1997-10-13,1.7019,1.7249,1.6733,1.6933,17902400.0
1997-10-14,1.6962,1.7306,1.6847,1.722,15912000.0
1997-10-15,1.7191,1.7478,1.7077,1.7363,15521600.0
1997-10-16,1.7363,1.7363,1.6733,1.6847,14241600.0
1997-10-17,1.679,1.7363,1.6561,1.7306,17056000.0
1997-10-20,1.7249,1.765,1.6905,1.7621,13332800.0
1997-10-21,1.7879,1.7993,1.765,1.7908,20488000.0
1997-10-22,1.7936,1.7936,1.7506,1.7707,10336000.0
1997-10-23,1.742,1.7478,1.6618,1.6847,17628800.0
1997-10-24,1.7077,1.722,1.6675,1.6733,14513600.0
1997-10-27,1.6561,1.6675,1.6045,1.6102,13524800.0
1997-10-28,1.5243,1.6332,1.5014,1.6332,28820800.0
1997-10-29,1.6561,1.6847,1.6274,1.6389,10760000.0
1997-10-30,1.6332,1.6389,1.5357,1.5644,17769600.0
1997-10-31,1.5701,1.5816,1.4727,1.5128,27374400.0
1997-11-03,1.5186,1.5529,1.4756,1.5329,21488000.0
1997-11-04,1.5272,1.53,1.4899,1.4956,17228800.0
1997-11-05,1.5014,1.5587,1.4956,1.53,26980800.0
1997-11-06,1.5243,1.5529,1.5014,1.5415,15233600.0
1997-11-07,1.5071,1.5472,1.4813,1.4956,13942400.0
1997-11-10,1.5128,1.5357,1.4956,1.5071,8598400.0
1997-11-11,1.5186,1.5186,1.4842,1.4956,7128000.0
1997-11-12,1.4784,1.4899,1.4326,1.4412,19136000.0
1997-11-13,1.4555,1.5071,1.4326,1.4727,25262400.0
1997-11-14,1.4899,1.5988,1.4842,1.5931,26108800.0
1997-11-17,1.6045,1.6217,1.5644,1.6102,21043200.0
1997-11-18,1.616,1.6274,1.6102,1.6188,10761600.0
1997-11-19,1.6188,1.6188,1.5816,1.5873,8398400.0
1997-11-20,1.5931,1.6389,1.5759,1.6274,8996800.0
1997-11-21,1.6446,1.6504,1.6045,1.6045,7348800.0
1997-11-24,1.6045,1.6045,1.5415,1.5701,13942400.0
1997-11-25,1.5816,1.5931,1.5501,1.5816,6633600.0
1997-11-26,1.5873,1.5988,1.5472,1.5701,9620800.0
1997-11-28,1.5673,1.6045,1.5673,1.5988,2792000.0
1997-12-01,1.6332,1.7191,1.6274,1.7048,22176000.0
1997-12-02,1.7077,1.765,1.7077,1.7249,22830400.0
1997-12-03,1.7363,1.8165,1.7277,1.8051,26088000.0
1997-12-04,1.8108,1.8337,1.7535,1.7936,19563200.0
1997-12-05,1.7822,1.828,1.7822,1.8165,21558400.0
1997-12-08,1.8108,1.828,1.7908,1.8251,10102400.0
1997-12-09,1.8223,1.8337,1.7707,1.7822,8467200.0
1997-12-10,1.7764,1.8051,1.7306,1.742,11059200.0
1997-12-11,1.7306,1.7965,1.7191,1.7392,10155200.0
1997-12-12,1.7592,1.7936,1.6962,1.7363,11448000.0
1997-12-15,1.7535,1.7879,1.7306,1.7879,10729600.0
1997-12-16,1.7764,1.8223,1.7707,1.8137,12312000.0
1997-12-17,1.8108,1.8165,1.7764,1.7965,7158400.0
1997-12-18,1.785,1.8022,1.7822,1.785,8169600.0
1997-12-19,1.7764,1.7965,1.742,1.7936,14539200.0
1997-12-22,1.7908,1.8509,1.7908,1.8366,18806400.0
1997-12-23,1.828,1.8567,1.8223,1.8251,11145600.0
1997-12-24,1.8223,1.8337,1.7993,1.7993,5830400.0
1997-12-26,1.7993,1.8108,1.7793,1.7936,4414400.0
1997-12-29,1.7879,1.7993,1.7764,1.7879,21078400.0
1997-12-30,1.785,1.7879,1.7592,1.7621,4134400.0
1997-12-31,1.7764,1.785,1.7478,1.7592,8582400.0
1998-01-02,1.7592,1.7707,1.7105,1.7249,10417600.0
1998-01-05,1.7249,1.732,1.6847,1.7019,11209600.0
1998-01-06,1.7019,1.7134,1.6303,1.636,19692800.0
1998-01-07,1.6274,1.6704,1.5701,1.5902,34627200.0
1998-01-08,1.5845,1.6504,1.5587,1.6389,27084800.0
1998-01-09,1.6389,1.6504,1.5759,1.6102,11529600.0
1998-01-12,1.5816,1.6217,1.5701,1.6102,16382400.0
1998-01-13,1.6217,1.6332,1.6045,1.6303,7646400.0
1998-01-14,1.6332,1.6332,1.6074,1.6131,5846400.0
1998-01-15,1.6102,1.616,1.5472,1.5587,12763200.0
1998-01-16,1.5759,1.5759,1.5472,1.5601,17507200.0
1998-01-20,1.5701,1.6217,1.5644,1.6102,15732800.0
1998-01-21,1.6045,1.616,1.5615,1.5644,9513600.0
1998-01-22,1.5701,1.679,1.5415,1.5644,31217600.0
1998-01-23,1.5759,1.6274,1.5644,1.5988,14952000.0
1998-01-26,1.6102,1.616,1.5644,1.5701,12900800.0
1998-01-27,1.5701,1.5759,1.5186,1.5415,13643200.0
1998-01-28,1.5529,1.6102,1.5472,1.5988,20731200.0
1998-01-29,1.6131,1.7019,1.6045,1.6761,37404800.0
1998-01-30,1.6819,1.6876,1.6675,1.6761,10126400.0
1998-02-02,1.6962,1.7363,1.6819,1.7306,21726400.0
1998-02-03,1.7363,1.7707,1.7077,1.7592,16486400.0
1998-02-04,1.7306,1.7879,1.7249,1.7807,12388800.0
1998-02-05,1.7879,1.7908,1.7077,1.7306,11691200.0
1998-02-06,1.7363,1.7936,1.7363,1.7478,14054400.0
1998-02-09,1.7621,1.765,1.6733,1.679,19409600.0
1998-02-10,1.6962,1.7077,1.6504,1.6876,15091200.0
1998-02-11,1.6962,1.7592,1.6819,1.7306,20086400.0
1998-02-12,1.7363,1.7392,1.7191,1.7334,13147200.0
1998-02-13,1.7306,1.7535,1.7249,1.7363,7017600.0
1998-02-17,1.742,1.7736,1.7363,1.7592,13332800.0
1998-02-18,1.7621,1.7793,1.7564,1.7707,6264000.0
1998-02-19,1.7707,1.7707,1.6962,1.7048,13457600.0
1998-02-20,1.7077,1.7306,1.679,1.7191,14806400.0
1998-02-23,1.7191,1.7535,1.7191,1.7334,9787200.0
1998-02-24,1.7363,1.7535,1.6504,1.679,22504000.0
1998-02-25,1.6905,1.7478,1.6847,1.7306,18513600.0
1998-02-26,1.742,1.8395,1.7392,1.828,41009600.0
1998-02-27,1.8223,1.8309,1.7936,1.8137,19204800.0
1998-03-02,1.8137,1.8824,1.8108,1.8652,30099200.0
1998-03-03,1.8595,1.891,1.8395,1.8481,17264000.0
1998-03-04,1.8452,1.8524,1.7822,1.8108,15409600.0
1998-03-05,1.7535,1.7993,1.7478,1.7678,9768000.0
1998-03-06,1.7764,1.828,1.765,1.7965,13712000.0
1998-03-09,1.7822,1.8452,1.7764,1.8309,13337600.0
1998-03-10,1.8423,1.8567,1.8108,1.8509,9052800.0
1998-03-11,1.9025,1.9254,1.8853,1.914,19238400.0
1998-03-12,1.9197,1.9226,1.8567,1.8796,8198400.0
1998-03-13,1.8796,1.8853,1.8452,1.8567,6182400.0
1998-03-16,1.8567,1.8624,1.8395,1.8538,3256000.0
1998-03-17,1.8481,1.8996,1.8337,1.8796,8643200.0
1998-03-18,1.8853,1.8968,1.8738,1.8796,4316800.0
1998-03-19,1.8796,1.8853,1.8624,1.8738,6728000.0
1998-03-20,1.8824,1.9197,1.8681,1.9082,12780800.0
1998-03-23,1.9111,1.9111,1.8652,1.871,3448000.0
1998-03-24,1.8767,1.9311,1.8567,1.9226,12320000.0
1998-03-25,1.9311,1.977,1.914,1.9483,19796800.0
1998-03-26,1.9369,1.977,1.8968,1.9741,16790400.0
1998-03-27,1.9799,1.9799,1.9426,1.9598,9328000.0
1998-03-30,1.997,2.0715,1.9942,2.0572,33296000.0
1998-03-31,2.0572,2.1288,2.0486,2.0773,24040000.0
1998-04-01,2.0801,2.126,2.0515,2.1117,29579200.0
1998-04-02,2.1031,2.189,2.1031,2.1174,28865600.0
1998-04-03,2.1088,2.146,2.0744,2.126,15577600.0
1998-04-06,2.1317,2.1661,2.0257,2.0372,17155200.0
1998-04-07,2.0286,2.04,1.9827,1.9999,13648000.0
1998-04-08,2.0114,2.0114,1.977,1.9856,7038400.0
1998-04-09,1.9885,1.9942,1.9483,1.977,9272000.0
1998-04-13,1.9827,2.0114,1.977,1.9942,9521600.0
1998-04-14,1.9913,2.0515,1.9913,2.04,11801600.0
1998-04-15,2.0458,2.0973,2.04,2.0801,11121600.0
1998-04-16,2.0629,2.0801,2.0343,2.0715,4675200.0
1998-04-17,2.0543,2.0887,2.0515,2.0887,9004800.0
1998-04-20,2.0658,2.1088,2.0658,2.0859,5305600.0
1998-04-21,2.0859,2.0859,2.0228,2.0744,9971200.0
1998-04-22,2.0744,2.1489,2.0687,2.1317,10694400.0
1998-04-23,2.126,2.1661,2.0687,2.1403,18528000.0
1998-04-24,2.1374,2.2406,2.1288,2.2062,28326400.0
1998-04-27,2.1861,2.1861,2.0715,2.083,15448000.0
1998-04-28,2.0973,2.126,2.0629,2.0658,11993600.0
1998-04-29,2.1231,2.189,2.0916,2.1317,33334400.0
1998-04-30,2.1833,2.2463,2.1747,2.2062,29948800.0
1998-05-01,2.2119,2.2234,2.1776,2.1919,17140800.0
1998-05-04,2.2005,2.2177,2.189,2.1947,13366400.0
1998-05-05,2.2062,2.2062,2.1403,2.1518,14400000.0
1998-05-06,2.1489,2.1776,2.1317,2.1561,11918400.0
1998-05-07,2.1546,2.1632,2.126,2.1288,8492800.0
1998-05-08,2.126,2.1489,2.1202,2.1403,8134400.0
1998-05-11,2.1489,2.1718,2.1374,2.1403,14844800.0
1998-05-12,2.1489,2.1489,2.0973,2.1432,8652800.0
1998-05-13,2.1374,2.2119,2.1317,2.2033,8827200.0
1998-05-14,2.189,2.2177,2.1776,2.1976,10027200.0
1998-05-15,2.2062,2.2062,2.1546,2.1546,6990400.0
1998-05-18,2.1546,2.1718,2.1374,2.1604,6432000.0
1998-05-19,2.1632,2.2119,2.1546,2.1947,7091200.0
1998-05-20,2.2119,2.2807,2.2033,2.2492,15096000.0
1998-05-21,2.2463,2.2864,2.1661,2.2005,13891200.0
1998-05-22,2.2033,2.2062,2.1546,2.1546,5961600.0
1998-05-26,2.1661,2.1776,2.0744,2.0801,11238400.0
1998-05-27,2.0687,2.1374,2.04,2.1231,14585600.0
1998-05-28,2.1317,2.2435,2.1202,2.2349,22808000.0
1998-05-29,2.2435,2.252,2.1575,2.2005,13638400.0
1998-06-01,2.1833,2.189,2.146,2.1604,4705600.0
1998-06-02,2.169,2.189,2.1346,2.1661,5400000.0
1998-06-03,2.1776,2.2119,2.1432,2.1432,7891200.0
1998-06-04,2.1661,2.1833,2.1374,2.1776,3828800.0
1998-06-05,2.1919,2.2234,2.1776,2.1947,6451200.0
1998-06-08,2.2062,2.2836,2.1947,2.2635,11545600.0
1998-06-09,2.2692,2.2692,2.2406,2.2492,7499200.0
1998-06-10,2.2463,2.2692,2.2119,2.2148,6507200.0
1998-06-11,2.2177,2.2435,2.189,2.2005,9036800.0
1998-06-12,2.2005,2.2635,2.189,2.252,14073600.0
1998-06-15,2.2406,2.3265,2.2406,2.2893,21200000.0
1998-06-16,2.3265,2.3523,2.2635,2.3065,15035200.0
1998-06-17,2.3094,2.4827,2.2922,2.4669,41262400.0
1998-06-18,2.4641,2.4669,2.3581,2.3609,24569600.0
1998-06-19,2.3667,2.3724,2.252,2.2721,33691200.0
1998-06-22,2.2692,2.338,2.2578,2.2778,15160000.0
1998-06-23,2.2979,2.3294,2.189,2.2291,20174400.0
1998-06-24,2.2234,2.3581,2.2177,2.3437,42720000.0
1998-06-25,2.3667,2.4412,2.3609,2.4096,34699200.0
1998-06-26,2.4068,2.4813,2.3953,2.4813,10614400.0
1998-06-29,2.4641,2.5099,2.4469,2.4755,15840000.0
1998-06-30,2.4641,2.4755,2.4412,2.4497,11044800.0
1998-07-01,2.4583,2.4583,2.3838,2.4125,24323200.0
1998-07-02,2.4641,2.6188,2.4354,2.5959,35280000.0
1998-07-06,2.6245,2.7477,2.5959,2.6618,36694400.0
1998-07-07,2.679,2.6876,2.5701,2.5701,18201600.0
1998-07-08,2.5758,2.6417,2.5758,2.6188,8963200.0
1998-07-09,2.6303,2.6704,2.5987,2.6503,9838400.0
1998-07-10,2.6532,2.6532,2.5701,2.6159,6932800.0
1998-07-13,2.6245,2.6933,2.5844,2.6532,10361600.0
1998-07-14,2.6646,2.6761,2.6016,2.6016,7001600.0
1998-07-15,2.6131,2.6245,2.5615,2.5844,12483200.0
1998-07-16,2.5787,2.5787,2.5185,2.5271,13227200.0
1998-07-17,2.5357,2.6245,2.5357,2.5959,14868800.0
1998-07-20,2.6131,2.6131,2.55,2.573,4715200.0
1998-07-21,2.5787,2.6131,2.5271,2.5844,10072000.0
1998-07-22,2.573,2.5873,2.5443,2.55,15353600.0
1998-07-23,2.5443,2.5901,2.5214,2.5386,8838400.0
1998-07-24,2.4526,2.4755,2.1145,2.1947,155107200.0
1998-07-27,2.2291,2.2291,2.1174,2.1202,53296000.0
1998-07-28,2.126,2.1833,2.1117,2.1202,20704000.0
1998-07-29,2.1546,2.1776,2.1432,2.1575,17865600.0
1998-07-30,2.169,2.1776,2.1202,2.1776,18830400.0
1998-07-31,1.9885,2.0085,1.9082,1.9197,91348800.0
1998-08-03,1.934,1.9397,1.8165,1.8538,52492800.0
1998-08-04,1.8767,1.9369,1.8738,1.8953,64601600.0
1998-08-05,1.9082,1.914,1.7764,1.7993,33582400.0
1998-08-06,1.8108,1.8796,1.7879,1.8738,28995200.0
1998-08-07,1.9025,1.9483,1.8939,1.9354,21974400.0
1998-08-10,1.9455,1.977,1.8968,1.9483,13099200.0
1998-08-11,1.9254,1.9254,1.8652,1.8652,16052800.0
1998-08-12,1.891,1.9311,1.8796,1.914,16163200.0
1998-08-13,1.9226,1.9483,1.9197,1.9226,8216000.0
1998-08-14,1.9426,1.9426,1.7535,1.765,32574400.0
1998-08-17,1.7822,1.8567,1.7392,1.828,27968000.0
1998-08-18,1.8337,1.9541,1.8337,1.9455,26905600.0
1998-08-19,1.9655,1.9827,1.9254,1.9598,33883200.0
1998-08-20,1.9598,1.9598,1.891,1.914,14272000.0
1998-08-21,1.8853,1.8853,1.7736,1.8165,35913600.0
1998-08-24,1.8337,1.8624,1.765,1.7678,20720000.0
1998-08-25,1.7908,1.7908,1.6389,1.6733,43569600.0
1998-08-26,1.6532,1.6532,1.5873,1.5959,37025600.0
1998-08-27,1.5701,1.5902,1.4555,1.5673,43972800.0
1998-08-28,1.5472,1.5558,1.4154,1.4985,51148800.0
1998-08-31,1.5071,1.5701,1.4441,1.4469,28988800.0
1998-09-01,1.4613,1.5071,1.3868,1.4928,45396800.0
1998-09-02,1.5014,1.5415,1.4928,1.5071,29169600.0
1998-09-03,1.4842,1.4899,1.3954,1.4269,19419200.0
1998-09-04,1.4441,1.467,1.4211,1.4297,20251200.0
1998-09-08,1.4842,1.5357,1.4584,1.5243,27092800.0
1998-09-09,1.5243,1.5701,1.4784,1.5071,23091200.0
1998-09-10,1.4756,1.4756,1.4039,1.4527,13393600.0
1998-09-11,1.4527,1.4784,1.4326,1.4698,10697600.0
1998-09-14,1.4899,1.5272,1.4613,1.4641,14236800.0
1998-09-15,1.4727,1.4727,1.4383,1.4641,8064000.0
1998-09-16,1.4727,1.4727,1.4211,1.4355,19673600.0
1998-09-17,1.4097,1.4154,1.3295,1.338,27465600.0
1998-09-18,1.3552,1.3954,1.3409,1.3782,44683200.0
1998-09-21,1.3696,1.381,1.318,1.3667,15926400.0
1998-09-22,1.381,1.4125,1.3696,1.3954,42080000.0
1998-09-23,1.4211,1.5157,1.4154,1.51,54110400.0
1998-09-24,1.5128,1.7019,1.51,1.6332,67012800.0
1998-09-25,1.6074,1.6561,1.5931,1.6418,27630400.0
1998-09-28,1.7249,1.9369,1.7134,1.8796,87072000.0
1998-09-29,1.9054,1.9082,1.7306,1.7334,56521600.0
1998-09-30,1.7334,1.7334,1.6389,1.659,32196800.0
1998-10-01,1.6274,1.6332,1.4985,1.5157,41870400.0
1998-10-02,1.5931,1.6905,1.5701,1.6733,65883200.0
1998-10-05,1.6188,1.6876,1.5816,1.6733,33612800.0
1998-10-06,1.6876,1.7506,1.6074,1.6933,34451200.0
1998-10-07,1.6962,1.7306,1.5931,1.6217,28198400.0
1998-10-08,1.5587,1.6016,1.4441,1.5644,44153600.0
1998-10-09,1.5759,1.6332,1.5128,1.6045,18144000.0
1998-10-12,1.6618,1.7163,1.6446,1.6561,16324800.0
1998-10-13,1.6504,1.6675,1.5644,1.5988,14430400.0
1998-10-14,1.5873,1.6217,1.5529,1.5701,18510400.0
1998-10-15,1.5816,1.7077,1.5701,1.6704,33270400.0
1998-10-16,1.6847,1.8051,1.6819,1.7392,41048000.0
1998-10-19,1.7392,1.7793,1.6704,1.7048,21284800.0
1998-10-20,1.7249,1.7993,1.7105,1.7134,20052800.0
1998-10-21,1.7306,1.742,1.6905,1.7077,12297600.0
1998-10-22,1.7105,1.7678,1.6733,1.765,15694400.0
1998-10-23,1.7592,1.8022,1.6991,1.7077,16891200.0
1998-10-26,1.7478,1.7764,1.7363,1.7707,10270400.0
1998-10-27,1.7879,1.8165,1.7592,1.7793,13755200.0
1998-10-28,1.7764,1.8223,1.7478,1.8108,13748800.0
1998-10-29,1.8079,1.8366,1.7592,1.8079,9852800.0
1998-10-30,1.8853,2.0286,1.8824,1.9885,75950400.0
1998-11-02,1.9999,2.1489,1.9827,2.146,30227200.0
1998-11-03,2.1432,2.146,1.9942,2.0773,43256000.0
1998-11-04,2.0945,2.1718,2.0916,2.146,29601600.0
1998-11-05,2.1374,2.2578,2.1145,2.2377,26436800.0
1998-11-06,2.2349,2.2463,2.2005,2.2435,16764800.0
1998-11-09,2.2205,2.2205,2.0744,2.126,29446400.0
1998-11-10,2.1231,2.1546,2.0801,2.1432,17380800.0
1998-11-11,2.1661,2.1747,2.0572,2.0773,12296000.0
1998-11-12,2.0687,2.1059,2.04,2.0658,12038400.0
1998-11-13,1.9483,2.0228,1.8796,1.9684,43249600.0
1998-11-16,1.9942,2.0343,1.977,1.9913,21246400.0
1998-11-17,1.9999,2.0372,1.9512,2.0343,15814400.0
1998-11-18,2.0343,2.0372,1.8796,1.9369,54043200.0
1998-11-19,1.9426,2.0286,1.9369,2.0142,23196800.0
1998-11-20,2.02,2.0486,2.0028,2.0114,13568000.0
1998-11-23,2.0286,2.1231,2.0286,2.1088,23636800.0
1998-11-24,2.1088,2.1718,2.1059,2.1432,22196800.0
1998-11-25,2.1374,2.1546,2.0916,2.1202,8180800.0
1998-11-27,2.1374,2.1518,2.1202,2.1432,2011200.0
1998-11-30,2.1432,2.1489,2.1088,2.1145,13601600.0
1998-12-01,2.1575,2.3036,2.1575,2.295,43329600.0
1998-12-02,2.2922,2.295,2.1833,2.2435,16163200.0
1998-12-03,2.2291,2.2463,2.1947,2.2377,10724800.0
1998-12-04,2.2406,2.2807,2.2177,2.2435,7755200.0
1998-12-07,2.2234,2.2864,2.2234,2.2836,7086400.0
1998-12-08,2.2692,2.3523,2.2692,2.2807,13790400.0
1998-12-09,2.3094,2.3552,2.2979,2.338,15718400.0
1998-12-10,2.3323,2.3581,2.1833,2.2091,14448000.0
1998-12-11,2.2005,2.3151,2.1661,2.3008,22536000.0
1998-12-14,2.2893,2.3409,2.2549,2.2692,15017600.0
1998-12-15,2.3036,2.3581,2.2807,2.3466,12180800.0
1998-12-16,2.3638,2.3953,2.2864,2.2922,15052800.0
1998-12-17,2.3151,2.3552,2.2864,2.3495,15043200.0
1998-12-18,2.3552,2.5071,2.3495,2.4469,29755200.0
1998-12-21,2.444,2.4526,2.3409,2.4182,29259200.0
1998-12-22,2.4039,2.4039,2.3151,2.3351,12014400.0
1998-12-23,2.338,2.3953,2.3208,2.3495,16035200.0
1998-12-24,2.3609,2.424,2.3437,2.401,6456000.0
1998-12-28,2.4125,2.4297,2.3265,2.3523,9188800.0
1998-12-29,2.3552,2.424,2.3151,2.4182,10100800.0
1998-12-30,2.424,2.5214,2.4068,2.5042,17478400.0
1998-12-31,2.5214,2.5787,2.4412,2.573,14211200.0
1999-01-04,2.55,2.5672,2.4182,2.4698,23494400.0
1999-01-05,2.1604,2.3953,2.1489,2.3838,96963200.0
1999-01-06,2.3924,2.4182,2.3265,2.3638,35070400.0
1999-01-07,2.3294,2.401,2.3265,2.3724,26440000.0
1999-01-08,2.3838,2.4354,2.3695,2.424,20854400.0
1999-01-11,2.4268,2.4669,2.401,2.4297,15356800.0
1999-01-12,2.4383,2.4698,2.4354,2.4383,18153600.0
1999-01-13,2.3838,2.4412,2.3094,2.4168,16988800.0
1999-01-14,2.4297,2.4483,2.4068,2.4182,15555200.0
1999-01-15,2.4125,2.4125,2.3724,2.4068,22312000.0
1999-01-19,2.4125,2.4755,2.4096,2.4755,7688000.0
1999-01-20,2.4813,2.5443,2.4784,2.5071,16760000.0
1999-01-21,2.4813,2.4899,2.3495,2.4182,27803200.0
1999-01-22,2.3265,2.3896,2.2864,2.295,28356800.0
1999-01-25,2.3151,2.3265,2.2606,2.295,17524800.0
1999-01-26,2.2979,2.338,2.2922,2.3323,21974400.0
1999-01-27,2.3323,2.338,2.2119,2.2406,15136000.0
1999-01-28,2.2664,2.2807,2.2291,2.2435,16852800.0
1999-01-29,2.3208,2.4297,2.3094,2.3867,34308800.0
1999-02-01,2.3896,2.4583,2.338,2.3495,12076800.0
1999-02-02,2.338,2.3552,2.2807,2.3008,12636800.0
1999-02-03,2.295,2.3838,2.2922,2.381,8438400.0
1999-02-04,2.381,2.381,2.3065,2.3351,11729600.0
1999-02-05,2.3265,2.338,2.2778,2.2864,19564800.0
1999-02-08,2.3208,2.3265,2.2549,2.295,8083200.0
1999-02-09,2.2807,2.295,2.2377,2.2377,16376000.0
1999-02-10,2.2377,2.2377,2.1718,2.2005,40486400.0
1999-02-11,2.2062,2.2807,2.189,2.2807,29926400.0
1999-02-12,2.2721,2.2807,2.1919,2.2019,18110400.0
1999-02-16,2.2177,2.2692,2.1718,2.2005,13145600.0
1999-02-17,2.1804,2.2177,2.1317,2.1346,17776000.0
1999-02-18,2.1632,2.1776,2.126,2.1518,14284800.0
1999-02-19,2.1432,2.2263,2.1432,2.2177,15006400.0
1999-02-22,2.2234,2.2893,2.2119,2.2864,15028800.0
1999-02-23,2.3523,2.4641,2.3523,2.401,30713600.0
1999-02-24,2.424,2.4841,2.3724,2.3838,18193600.0
1999-02-25,2.3953,2.3953,2.3323,2.3523,9166400.0
1999-02-26,2.3953,2.4526,2.3667,2.424,14676800.0
1999-03-01,2.4469,2.4841,2.3896,2.4698,15041600.0
1999-03-02,2.4985,2.5644,2.4727,2.5099,19166400.0
1999-03-03,2.5128,2.5156,2.4755,2.5042,19091200.0
1999-03-04,2.5242,2.6188,2.5156,2.593,23411200.0
1999-03-05,2.6131,2.7105,2.6045,2.6933,26649600.0
1999-03-08,2.7048,2.7964,2.699,2.7907,26894400.0
1999-03-09,2.785,2.7878,2.7162,2.742,24675200.0
1999-03-10,2.7506,2.8165,2.7449,2.8136,12192000.0
1999-03-11,2.8079,2.9225,2.7964,2.8079,25968000.0
1999-03-12,2.8194,2.8366,2.7506,2.7535,12118400.0
1999-03-15,2.7678,2.7907,2.7678,2.7821,12128000.0
1999-03-16,2.7792,2.7993,2.7477,2.785,11544000.0
1999-03-17,2.7792,2.8108,2.7621,2.7792,10096000.0
1999-03-18,2.7821,2.848,2.7162,2.7764,18270400.0
1999-03-19,2.7792,2.7821,2.5615,2.5701,28771200.0
1999-03-22,2.6818,2.7506,2.5959,2.7219,24524000.0
1999-03-23,2.7449,2.785,2.5558,2.6245,18824000.0
1999-03-24,2.6818,2.6876,2.6245,2.6646,15429600.0
1999-03-25,2.699,2.7391,2.6016,2.6704,10064000.0
1999-03-26,2.6589,2.6704,2.6016,2.6016,6832000.0
1999-03-29,2.6474,2.6933,2.5959,2.6933,8909600.0
1999-03-30,2.6646,2.6646,2.5787,2.5901,9441600.0
1999-03-31,2.6131,2.7277,2.5672,2.573,18714400.0
1999-04-01,2.5901,2.7162,2.5901,2.7162,7161600.0
1999-04-05,2.8308,2.8595,2.7506,2.8251,16403200.0
1999-04-06,2.8709,3.0199,2.8194,2.8194,29261600.0
1999-04-07,2.911,2.9225,2.785,2.8423,8476800.0
1999-04-08,2.8767,2.934,2.8251,2.9225,8056000.0
1999-04-09,2.9225,2.9741,2.8767,2.9683,7380800.0
1999-04-12,2.9626,2.9913,2.911,2.9741,6402400.0
1999-04-13,2.9626,3.0199,2.8881,2.934,10123200.0
1999-04-14,2.934,3.0371,2.8881,2.8881,10735200.0
1999-04-15,2.8996,2.9913,2.8079,2.9855,14785600.0
1999-04-16,3.0142,3.0142,2.911,2.9282,7113600.0
1999-04-19,2.9454,3.0371,2.6933,2.7105,12666400.0
1999-04-20,2.7277,2.8652,2.7162,2.8251,7928800.0
1999-04-21,2.8251,2.8652,2.7563,2.8595,11359200.0
1999-04-22,2.8652,3.0085,2.8251,3.0027,16088800.0
1999-04-23,2.997,3.0257,2.8709,2.934,17809600.0
1999-04-26,2.9798,3.2893,2.9683,3.146,26715200.0
1999-04-27,3.209,3.5758,3.1976,3.5758,27495200.0
1999-04-28,3.5414,3.5414,3.3007,3.3408,26146400.0
1999-04-29,3.3466,3.4039,3.209,3.295,11984000.0
1999-04-30,3.3179,3.5242,3.3122,3.3867,10103200.0
1999-05-03,3.4382,3.5357,3.3695,3.4382,7812000.0
1999-05-04,3.444,3.5127,3.3236,3.3351,11261600.0
1999-05-05,3.3523,3.4497,3.2893,3.4382,10820800.0
1999-05-06,3.4096,3.4268,3.2205,3.2319,9362400.0
1999-05-07,3.209,3.2205,3.0772,3.1746,10745600.0
1999-05-10,3.209,3.4612,3.1804,3.3981,11226400.0
1999-05-11,3.3981,3.6675,3.3179,3.5471,26283200.0
1999-05-12,3.6675,3.7591,3.5357,3.6445,39282400.0
1999-05-13,3.6503,3.6789,3.5185,3.5471,10488800.0
1999-05-14,3.5299,3.5815,3.4612,3.5357,8193600.0
1999-05-17,3.5299,3.6331,3.4039,3.6216,10332000.0
1999-05-18,3.6388,3.6388,3.3179,3.3637,19064000.0
1999-05-19,3.4039,3.5299,3.3236,3.3981,11213600.0
1999-05-20,3.4153,3.5299,3.3236,3.3236,8612800.0
1999-05-21,3.3637,3.5185,3.3351,3.3523,8586400.0
1999-05-24,3.3809,3.4153,3.1403,3.1632,13877600.0
1999-05-25,3.1746,3.3236,3.0944,3.1001,14268800.0
1999-05-26,3.2377,3.3408,3.1517,3.3408,11893600.0
1999-05-27,3.3408,3.3809,3.209,3.2721,10431200.0
1999-05-28,3.3637,3.4669,3.3007,3.3809,13229600.0
1999-06-01,3.3809,3.3924,3.209,3.2205,8648000.0
1999-06-02,3.2319,3.4612,3.2262,3.4612,9433600.0
1999-06-03,3.4382,3.4382,3.2549,3.295,16194400.0
1999-06-04,3.3007,3.3466,3.2434,3.3007,9064800.0
1999-06-07,3.3122,3.3752,3.2377,3.315,6792800.0
1999-06-08,3.3236,3.3523,3.1632,3.2377,13900800.0
1999-06-09,3.2663,3.2893,3.083,3.1918,17744000.0
1999-06-10,3.1861,3.3007,3.1632,3.2491,15331200.0
1999-06-11,3.2549,3.3351,3.1976,3.209,9403200.0
1999-06-14,3.2377,3.3007,3.2033,3.2205,7445600.0
1999-06-15,3.209,3.3809,3.1976,3.3637,11410400.0
1999-06-16,3.3809,3.4497,3.2491,3.4268,14435200.0
1999-06-17,3.3981,3.5013,3.3351,3.4039,16051200.0
1999-06-18,3.3809,3.4039,3.3466,3.3867,11896000.0
1999-06-21,3.3867,3.5299,3.3809,3.5299,10937600.0
1999-06-22,3.4898,3.5299,3.3122,3.3122,8696000.0
1999-06-23,3.3408,3.4726,3.3122,3.4669,13156800.0
1999-06-24,3.4726,3.4898,3.358,3.3695,13847200.0
1999-06-25,3.3695,3.3924,3.1976,3.2549,14160000.0
1999-06-28,3.2778,3.295,3.0658,3.1288,28239200.0
1999-06-29,3.1517,3.3294,3.1116,3.3294,19162400.0
1999-06-30,3.3236,3.4612,3.2549,3.444,21953600.0
1999-07-01,2.2248,2.4755,2.1489,2.4698,585508800.0
1999-07-02,2.4698,2.6016,2.4698,2.5271,139668800.0
1999-07-06,2.5558,2.5672,2.4297,2.4354,55061600.0
1999-07-07,2.3953,2.3953,2.275,2.2922,83711200.0
1999-07-08,2.2979,2.3036,2.2349,2.2578,43104000.0
1999-07-09,2.2578,2.3796,2.252,2.2979,32493600.0
1999-07-12,2.3495,2.3495,2.2979,2.3036,20899200.0
1999-07-13,2.3151,2.3667,2.2922,2.3495,20240800.0
1999-07-14,2.3609,2.4354,2.3094,2.4297,22616800.0
1999-07-15,2.4641,2.4985,2.3495,2.3695,23366400.0
1999-07-16,2.4068,2.4469,2.3151,2.3265,19428800.0
1999-07-19,2.3609,2.3609,2.2807,2.2922,25786400.0
1999-07-20,2.2922,2.3323,2.2578,2.2807,17020800.0
1999-07-21,2.2922,2.3208,2.2692,2.3151,20839200.0
1999-07-22,2.3094,2.3151,2.1833,2.1947,29379200.0
1999-07-23,2.2922,2.3838,2.2807,2.3724,39912000.0
1999-07-26,2.3667,2.3724,2.2578,2.275,17649600.0
1999-07-27,2.2979,2.3094,2.2463,2.2864,19068000.0
1999-07-28,2.2807,2.2922,2.2349,2.252,9980000.0
1999-07-29,2.2463,2.2463,2.1776,2.2005,12874400.0
1999-07-30,2.2463,2.3151,2.126,2.1317,23625600.0
1999-08-02,2.1546,2.1661,2.1031,2.1031,17553600.0
1999-08-03,2.126,2.1432,2.0572,2.0744,13664000.0
1999-08-04,2.0859,2.0859,1.9999,2.0056,17761600.0
1999-08-05,2.0171,2.0286,1.9598,2.0228,16357600.0
1999-08-06,2.0228,2.0228,1.9197,1.9369,25339200.0
1999-08-09,1.9827,1.9827,1.9025,1.9082,16416000.0
1999-08-10,1.9082,1.9311,1.8223,1.8395,29923200.0
1999-08-11,1.8853,1.977,1.8567,1.977,36143200.0
1999-08-12,2.0114,2.0286,1.8853,1.8853,25706400.0
1999-08-13,1.9197,1.9483,1.8395,1.8968,25072000.0
1999-08-16,1.9369,1.9426,1.8567,1.914,14850400.0
1999-08-17,1.9254,1.9311,1.8395,1.8738,31247200.0
1999-08-18,1.9082,1.9541,1.8509,1.891,22511200.0
1999-08-19,1.8968,1.9197,1.8681,1.8796,11396000.0
1999-08-20,1.9025,1.914,1.8452,1.8796,12162400.0
1999-08-23,1.9025,1.9713,1.891,1.9713,17406400.0
1999-08-24,1.9483,2.0515,1.9426,1.9942,34607200.0
1999-08-25,2.0114,2.0114,1.9297,1.977,19861600.0
1999-08-26,1.9827,2.0171,1.9655,1.9942,12321600.0
1999-08-27,2.0515,2.2234,2.0286,2.1776,52357600.0
1999-08-30,2.189,2.1947,2.0286,2.0286,15308800.0
1999-08-31,2.0458,2.1088,2.0286,2.0973,16379200.0
1999-09-01,2.1031,2.1432,2.0859,2.1145,12229600.0
1999-09-02,2.1088,2.1088,2.04,2.04,10054400.0
1999-09-03,2.0973,2.1317,2.0859,2.1317,13291200.0
1999-09-07,2.1317,2.1661,2.1088,2.1088,10167200.0
1999-09-08,2.1145,2.1202,2.04,2.04,8445600.0
1999-09-09,2.0458,2.0629,1.9713,2.0171,15986400.0
1999-09-10,2.04,2.04,1.9698,2.0056,14844800.0
1999-09-13,2.0056,2.0515,1.9942,2.0171,8329600.0
1999-09-14,2.0286,2.0973,2.0228,2.0801,9141600.0
1999-09-15,2.1088,2.1088,1.9942,2.0028,12156000.0
1999-09-16,2.0056,2.0114,1.9426,1.9598,9458400.0
1999-09-17,2.0171,2.0973,1.9885,2.0171,17914400.0
1999-09-20,2.0056,2.0056,1.9082,1.9311,20396000.0
1999-09-21,1.9197,1.9369,1.8738,1.8796,19104800.0
1999-09-22,1.8968,2.0286,1.891,1.9254,29932000.0
1999-09-23,2.0744,2.1947,2.04,2.1088,54956800.0
1999-09-24,2.1145,2.1947,2.04,2.189,27675200.0
1999-09-27,2.189,2.1947,2.0916,2.1432,15695200.0
1999-09-28,2.1317,2.4182,2.126,2.3838,61310400.0
1999-09-29,2.3667,2.4354,2.275,2.2864,31266400.0
1999-09-30,2.3036,2.338,2.2406,2.2721,12521600.0
1999-10-01,2.2692,2.2692,2.1489,2.1976,19604000.0
1999-10-04,2.2005,2.2119,2.1088,2.1317,21992000.0
1999-10-05,2.0973,2.1374,2.0629,2.0687,19192800.0
1999-10-06,2.0629,2.2005,2.0572,2.2005,31149600.0
1999-10-07,2.2463,2.252,2.1374,2.1604,22508000.0
1999-10-08,2.2062,2.2349,2.1088,2.2119,24288000.0
1999-10-11,2.2062,2.2234,2.1317,2.1861,8793600.0
1999-10-12,2.1947,2.2005,2.1317,2.1374,11710400.0
1999-10-13,2.126,2.1718,2.0629,2.0715,14382400.0
1999-10-14,2.0744,2.0973,2.0056,2.0744,13168000.0
1999-10-15,2.0286,2.0744,1.9598,2.0171,14258400.0
1999-10-18,2.0171,2.04,1.9713,1.977,12656800.0
1999-10-19,1.9999,2.0171,1.9713,1.9942,12396000.0
1999-10-20,2.0171,2.1031,1.9885,2.0687,19017600.0
1999-10-21,2.0343,2.1546,2.0228,2.1546,19180000.0
1999-10-22,2.1776,2.2406,2.1088,2.1432,20408800.0
1999-10-25,2.1604,2.2191,2.1317,2.1833,15472800.0
1999-10-26,2.1947,2.2463,2.1776,2.2406,20453600.0
1999-10-27,2.2406,2.3151,2.2062,2.2807,26791200.0
1999-10-28,2.2922,2.3896,2.2864,2.3838,30860000.0
1999-10-29,2.401,2.5328,2.3724,2.4927,50058400.0
1999-11-01,2.4641,2.5787,2.4412,2.4813,27204000.0
1999-11-02,2.5042,2.5672,2.4583,2.4813,20843200.0
1999-11-03,2.4985,2.5156,2.4068,2.4412,22158400.0
1999-11-04,2.4469,2.4755,2.3724,2.4354,22279200.0
1999-11-05,2.573,2.6933,2.5672,2.636,45765600.0
1999-11-08,2.636,2.6761,2.6245,2.6532,22944800.0
1999-11-09,2.6474,2.7105,2.5787,2.6646,17508000.0
1999-11-10,2.6417,2.6818,2.5558,2.5959,10224800.0
1999-11-11,2.6073,2.6589,2.5558,2.5959,11172000.0
1999-11-12,2.5959,2.6303,2.5615,2.5901,15735200.0
1999-11-15,2.5959,2.5959,2.5443,2.5844,13021600.0
1999-11-16,2.5844,2.6073,2.5042,2.6016,18130400.0
1999-11-17,2.5901,2.6646,2.5844,2.6474,14755200.0
1999-11-18,2.6818,2.8022,2.6589,2.7621,33760000.0
1999-11-19,2.848,2.848,2.5787,2.6016,32416000.0
1999-11-22,2.6188,2.636,2.5214,2.5443,12561600.0
1999-11-23,2.573,2.5787,2.4182,2.4755,25327200.0
1999-11-24,2.4641,2.5214,2.3838,2.5214,15751200.0
1999-11-26,2.5156,2.5214,2.4354,2.4526,4386400.0
1999-11-29,2.4583,2.4985,2.4297,2.4469,15639200.0
1999-11-30,2.4469,2.4985,2.4182,2.4354,12448000.0
1999-12-01,2.4354,2.487,2.4068,2.4354,11034400.0
1999-12-02,2.4469,2.55,2.4412,2.5386,20796000.0
1999-12-03,2.6131,2.6704,2.5443,2.55,22692000.0
1999-12-06,2.5214,2.6073,2.4526,2.4698,13568800.0
1999-12-07,2.4755,2.5099,2.4526,2.4813,11990400.0
1999-12-08,2.4755,2.4813,2.3036,2.3667,17665600.0
1999-12-09,2.338,2.3609,2.1776,2.2062,32988800.0
1999-12-10,2.2406,2.3437,2.2005,2.3208,21704800.0
1999-12-13,2.3208,2.4297,2.2807,2.3208,15261600.0
1999-12-14,2.3323,2.3495,2.2463,2.2692,18475200.0
1999-12-15,2.2692,2.3208,2.2635,2.3151,9096800.0
1999-12-16,2.2979,2.3265,2.2406,2.3151,15336800.0
1999-12-17,2.4526,2.4755,2.3838,2.3953,25403200.0
1999-12-20,2.3896,2.4354,2.3208,2.3838,10308000.0
1999-12-21,2.3838,2.4412,2.252,2.3552,18798400.0
1999-12-22,2.3094,2.3724,2.252,2.338,15609600.0
1999-12-23,2.3437,2.3838,2.2922,2.3151,9007200.0
1999-12-27,2.2922,2.3495,2.2463,2.2807,10276800.0
1999-12-28,2.2406,2.3151,2.2349,2.3094,10728000.0
1999-12-29,2.275,2.2864,2.2349,2.2635,9412800.0
1999-12-30,2.2349,2.275,2.2119,2.2119,12054400.0
1999-12-31,2.2119,2.275,2.1776,2.2234,13036800.0
2000-01-03,2.189,2.2635,2.1317,2.2606,24232000.0
2000-01-04,2.2062,2.2807,2.1776,2.189,21564800.0
2000-01-05,2.1947,2.2578,2.1718,2.2177,28206400.0
2000-01-06,2.2005,2.3495,2.2005,2.2979,30825600.0
2000-01-07,2.2692,2.2922,2.2234,2.2864,26044800.0
2000-01-10,2.3724,2.4526,2.3667,2.3838,29031200.0
2000-01-11,2.3781,2.3896,2.3094,2.3151,19623200.0
2000-01-12,2.3265,2.3609,2.2692,2.3208,17745600.0
2000-01-13,2.3265,2.4985,2.3265,2.487,21556000.0
2000-01-14,2.4927,2.5271,2.4125,2.424,22196800.0
2000-01-18,2.401,2.4412,2.3208,2.3896,10513600.0
2000-01-19,2.3896,2.4412,2.3323,2.338,15800800.0
2000-01-20,2.3437,2.3609,2.252,2.2979,18167200.0
2000-01-21,2.3208,2.3265,2.2692,2.2893,11176000.0
2000-01-24,2.2922,2.3437,2.1202,2.252,31140000.0
2000-01-25,2.2291,2.4755,2.1833,2.3838,47650400.0
2000-01-26,2.4698,2.6933,2.4526,2.6589,75863200.0
2000-01-27,2.6474,2.6704,2.5959,2.6474,37517600.0
2000-01-28,2.6589,2.7678,2.6532,2.7334,60170400.0
2000-01-31,2.7449,2.934,2.7391,2.934,51054400.0
2000-02-01,2.911,2.9683,2.8824,2.9626,30592000.0
2000-02-02,2.9569,2.9798,2.8308,2.9168,20413600.0
2000-02-03,2.9225,2.934,2.785,2.8824,20513600.0
2000-02-04,2.9798,3.1861,2.8881,3.1517,51308800.0
2000-02-07,3.146,3.1632,3.06,3.1403,19449600.0
2000-02-08,3.1403,3.209,3.1231,3.209,21536000.0
2000-02-09,3.1918,3.1976,3.1231,3.1632,17676000.0
2000-02-10,3.1632,3.1804,2.8939,2.934,24207200.0
2000-02-11,2.9225,3.0715,2.9225,3.0142,19193600.0
2000-02-14,3.06,3.1918,3.0142,3.1116,20843200.0
2000-02-15,3.1116,3.1976,2.9683,3.1746,16425600.0
2000-02-16,3.1746,3.1804,3.1288,3.1345,16617600.0
2000-02-17,3.1517,3.1861,3.1173,3.1746,11840800.0
2000-02-18,3.1689,3.209,2.9798,3.0371,17745600.0
2000-02-22,3.0142,3.0887,2.9626,3.0428,13170400.0
2000-02-23,3.0199,3.2148,3.0027,3.1976,18372800.0
2000-02-24,3.1976,3.3179,3.0887,3.2148,24721600.0
2000-02-25,3.1918,3.209,3.0715,3.0944,9384000.0
2000-02-28,3.0715,3.1288,3.0027,3.1231,13456000.0
2000-02-29,3.0944,3.2491,3.083,3.2205,13168000.0
2000-03-01,3.2205,3.2835,3.1632,3.1861,10548000.0
2000-03-02,3.1689,3.1689,2.9913,3.0486,13367200.0
2000-03-03,3.083,3.4612,3.083,3.4096,28210400.0
2000-03-06,3.3852,3.3867,3.2721,3.2893,11278400.0
2000-03-07,3.295,3.3122,3.1173,3.1288,12872000.0
2000-03-08,3.1231,3.1861,3.0371,3.1059,15707200.0
2000-03-09,3.0944,3.3236,3.0257,3.3122,13624800.0
2000-03-10,3.2721,3.3007,3.1746,3.2663,9488000.0
2000-03-13,3.1689,3.2549,3.1403,3.1861,14124800.0
2000-03-14,3.2076,3.2491,3.06,3.0658,9474400.0
2000-03-15,3.0486,3.295,3.0486,3.2262,14703200.0
2000-03-16,3.2262,3.57,3.2262,3.5185,35879200.0
2000-03-17,3.4382,3.5013,3.3351,3.3981,19867200.0
2000-03-20,3.3466,3.3695,3.209,3.2262,10842400.0
2000-03-21,3.2434,3.5786,3.2262,3.5758,21850400.0
2000-03-22,3.5185,3.6503,3.4382,3.5872,24861600.0
2000-03-23,3.5414,3.6675,3.5299,3.6102,18564800.0
2000-03-24,3.6331,3.6675,3.444,3.5414,13520000.0
2000-03-27,3.5586,3.7076,3.5529,3.5872,17021600.0
2000-03-28,3.5987,3.656,3.4382,3.4784,9432000.0
2000-03-29,3.4955,3.6675,3.4554,3.6388,12658400.0
2000-03-30,3.5987,3.8222,3.5987,3.6445,25609600.0
2000-03-31,3.6503,4.1488,3.6044,4.1087,36625600.0
2000-04-03,3.6847,3.8738,3.5987,3.7993,35332000.0
2000-04-04,3.7706,3.9884,3.6216,3.9826,39746400.0
2000-04-05,3.9081,3.9081,3.5987,3.6273,25903200.0
2000-04-06,3.6617,3.6904,3.3466,3.444,19013600.0
2000-04-07,3.4841,3.6789,3.4841,3.6732,18377600.0
2000-04-10,3.6904,3.6961,3.3523,3.358,13938400.0
2000-04-11,3.358,3.5758,3.2778,3.4784,10528000.0
2000-04-12,3.4812,3.5357,3.4268,3.4497,11848800.0
2000-04-13,3.4554,3.6789,3.444,3.6517,27032000.0
2000-04-14,3.57,3.5758,3.1001,3.2262,20801600.0
2000-04-17,3.1403,3.3523,3.0658,3.3122,19577600.0
2000-04-18,3.3236,3.4497,3.2663,3.4325,12808800.0
2000-04-19,3.4096,3.57,3.3695,3.4153,16598400.0
2000-04-20,3.4211,3.4841,3.3007,3.4325,8062400.0
2000-04-24,3.3924,3.7248,3.3809,3.6617,15964000.0
2000-04-25,3.5299,3.6102,3.209,3.5013,29955200.0
2000-04-26,3.4583,3.4669,3.3466,3.4039,18652000.0
2000-04-27,3.3064,3.4039,3.2491,3.3981,22625600.0
2000-04-28,3.0887,3.1231,2.7506,2.7721,131648000.0
2000-05-01,2.8423,2.8709,2.7621,2.8365,59110400.0
2000-05-02,2.9512,3.0715,2.9168,2.9282,32888000.0
2000-05-03,2.9454,2.9454,2.8423,2.9168,19873600.0
2000-05-04,2.9053,3.1059,2.8996,3.0658,24694400.0
2000-05-05,3.0199,3.0944,2.9211,3.0887,17266400.0
2000-05-08,3.083,3.083,3.0027,3.0257,13504800.0
2000-05-09,3.0371,3.0715,2.9454,3.06,12227200.0
2000-05-10,3.0486,3.083,2.9569,2.9855,10658400.0
2000-05-11,2.9855,3.0715,2.9282,3.0486,10589600.0
2000-05-12,3.0257,3.0371,2.9397,2.9855,6435200.0
2000-05-15,2.8366,2.9913,2.7048,2.9798,32682400.0
2000-05-16,3.1059,3.1173,2.997,3.0486,18169600.0
2000-05-17,2.9913,3.0944,2.9683,2.9741,12980000.0
2000-05-18,2.9855,3.0027,2.8136,2.8136,7735200.0
2000-05-19,2.7563,2.8194,2.7506,2.7621,10980000.0
2000-05-22,2.7506,2.7506,2.5672,2.7391,15147200.0
2000-05-23,2.7391,2.7907,2.5959,2.5959,11849600.0
2000-05-24,2.6646,2.8652,2.6532,2.8423,20748000.0
2000-05-25,2.8423,2.9225,2.7277,2.7391,10899200.0
2000-05-26,2.785,2.8423,2.6417,2.6704,7568000.0
2000-05-30,2.7162,3.0314,2.7162,3.0314,15240800.0
2000-05-31,3.0085,3.209,2.9855,3.1173,25138400.0
2000-06-01,3.1288,3.2033,3.0772,3.1632,14414400.0
2000-06-02,3.209,3.3838,3.1918,3.3752,18244800.0
2000-06-05,3.3466,3.507,3.2491,3.2663,15199200.0
2000-06-06,3.5758,3.6216,3.4325,3.4382,80343200.0
2000-06-07,3.4153,3.4268,2.934,3.1689,295411200.0
2000-06-08,3.1689,3.2735,3.1632,3.2377,40236000.0
2000-06-09,3.2778,3.3466,3.209,3.2778,12570400.0
2000-06-12,3.2807,3.2835,3.1001,3.1059,16373600.0
2000-06-13,3.1288,3.3752,3.1173,3.295,13188800.0
2000-06-14,3.3007,3.305,3.1575,3.2262,8879200.0
2000-06-15,3.2319,3.2663,3.1575,3.1804,7989600.0
2000-06-16,3.2835,3.2893,3.1861,3.1976,9588800.0
2000-06-19,3.2033,3.2319,3.1689,3.2205,7847200.0
2000-06-20,3.209,3.2778,3.1403,3.2549,9499200.0
2000-06-21,3.2549,3.3695,3.2549,3.3179,11316800.0
2000-06-22,3.3122,3.3809,3.2721,3.2835,10972800.0
2000-06-23,3.3122,3.3236,3.2319,3.2377,8563200.0
2000-06-26,3.2205,3.3236,3.209,3.3236,8988800.0
2000-06-27,3.3007,3.5013,3.2893,3.4382,21997600.0
2000-06-28,3.4382,3.5357,3.4211,3.5013,15008800.0
2000-06-29,3.4898,3.4955,3.4268,3.4726,14005600.0
2000-06-30,3.4784,3.57,3.4741,3.5013,19087200.0
2000-07-03,3.4841,3.5586,3.4726,3.5299,4152800.0
2000-07-05,3.5357,3.5758,3.4554,3.5127,9477600.0
2000-07-06,3.5357,3.5529,3.3466,3.4898,24504000.0
2000-07-07,3.57,3.8508,3.5529,3.8336,43858400.0
2000-07-10,3.7935,3.9196,3.6445,3.6445,27056000.0
2000-07-11,3.6216,3.742,3.6159,3.6617,10144000.0
2000-07-12,3.6445,3.7706,3.6445,3.6961,11012800.0
2000-07-13,3.6675,3.6789,3.6216,3.6675,9336800.0
2000-07-14,3.6617,3.6789,3.6331,3.6675,7544000.0
2000-07-17,3.6388,3.6789,3.6331,3.6503,6392000.0
2000-07-18,3.6445,3.742,3.6331,3.6445,12171200.0
2000-07-19,3.6331,3.6904,3.6331,3.6445,8169600.0
2000-07-20,3.6589,3.7477,3.656,3.6675,11516800.0
2000-07-21,3.6503,3.7076,3.6445,3.6617,14138400.0
2000-07-24,3.6675,3.7018,3.6102,3.6417,11320000.0
2000-07-25,3.6044,3.6216,3.3981,3.5357,42159200.0
2000-07-26,3.507,3.5127,3.4325,3.4554,20628800.0
2000-07-27,3.4554,3.4898,3.295,3.3122,29740800.0
2000-07-28,3.3924,3.656,3.3809,3.3924,21852000.0
2000-07-31,3.4039,3.5872,3.358,3.4382,11788800.0
2000-08-01,3.4354,3.5185,3.4325,3.4784,9661600.0
2000-08-02,3.4841,3.6732,3.4784,3.5987,11322400.0
2000-08-03,3.5643,3.6904,3.5471,3.6732,12997600.0
2000-08-04,3.6789,3.8451,3.6675,3.8222,19534400.0
2000-08-07,3.7935,3.9425,3.742,3.9253,24337600.0
2000-08-08,3.8738,3.9712,3.8508,3.9311,17934400.0
2000-08-09,3.9139,3.9998,3.9081,3.9425,16178400.0
2000-08-10,3.9253,4.0457,3.9081,3.9311,22708000.0
2000-08-11,3.9311,3.9339,3.8107,3.9139,15380000.0
2000-08-14,3.9196,3.9253,3.7763,3.8451,12744000.0
2000-08-15,3.8279,3.8336,3.7133,3.7362,10412800.0
2000-08-16,3.7076,3.7993,3.5414,3.7076,22195200.0
2000-08-17,3.6331,3.6388,3.4612,3.507,27787200.0
2000-08-18,3.4841,3.487,3.3179,3.358,31872000.0
2000-08-21,3.3695,3.4497,3.3408,3.4153,12217600.0
2000-08-22,3.4268,3.5242,3.4211,3.4382,11711200.0
2000-08-23,3.3609,3.3637,3.2663,3.2835,41151200.0
2000-08-24,3.2893,3.3122,3.2549,3.3122,12645600.0
2000-08-25,3.3179,3.3981,3.2549,3.2778,10297600.0
2000-08-28,3.2835,3.3466,3.2606,3.3064,9989600.0
2000-08-29,3.3294,3.3351,3.1689,3.2205,15006400.0
2000-08-30,3.2205,3.4268,3.2205,3.3637,19828000.0
2000-08-31,3.3695,3.444,3.3064,3.358,9632000.0
2000-09-01,3.507,3.6216,3.4497,3.4554,14924000.0
2000-09-05,3.487,3.5586,3.4382,3.4497,7419200.0
2000-09-06,3.5299,3.5299,3.3809,3.3867,12783200.0
2000-09-07,3.4153,3.4612,3.3695,3.4497,6658400.0
2000-09-08,3.4153,3.4268,3.3236,3.3236,6394400.0
2000-09-11,3.3322,3.4096,3.2893,3.3351,8928000.0
2000-09-12,3.358,3.4612,3.3523,3.4268,7355200.0
2000-09-13,3.4382,3.6102,3.4325,3.57,14172800.0
2000-09-14,3.5643,3.5643,3.4382,3.4784,12324000.0
2000-09-15,3.5643,3.5872,3.4841,3.5529,19728800.0
2000-09-18,3.4726,3.5242,3.358,3.4397,8418400.0
2000-09-19,3.4497,3.5185,3.3523,3.4497,9800000.0
2000-09-20,3.4096,3.4955,3.3236,3.4726,10300000.0
2000-09-21,3.4554,3.5643,3.4153,3.5414,10904800.0
2000-09-22,3.5185,3.6388,3.5185,3.5872,9906400.0
2000-09-25,3.5529,3.6847,3.5414,3.6617,11791200.0
2000-09-26,3.6445,3.7018,3.5815,3.6216,8460800.0
2000-09-27,3.6044,3.6789,3.4841,3.656,12504800.0
2000-09-28,3.6732,3.8222,3.6675,3.7649,13140000.0
2000-09-29,3.7935,3.8279,3.6445,3.6732,10564000.0
2000-10-02,3.6789,3.7133,3.5185,3.7018,13757600.0
2000-10-03,3.7248,3.7706,3.5872,3.6216,10519200.0
2000-10-04,3.6388,3.7477,3.6331,3.7362,10004000.0
2000-10-05,3.6904,3.8852,3.6675,3.7591,16740000.0
2000-10-06,3.8107,3.8852,3.6445,3.6846,10987200.0
2000-10-09,3.6789,3.7763,3.6445,3.7133,8897600.0
2000-10-10,3.7248,3.7993,3.656,3.719,9776000.0
2000-10-11,3.6445,3.7878,3.6445,3.6732,9331200.0
2000-10-12,3.6732,3.6732,3.3695,3.5127,14966400.0
2000-10-13,3.4669,3.6216,3.4039,3.5987,12576800.0
2000-10-16,3.5414,3.7591,3.5185,3.719,11672000.0
2000-10-17,3.7649,3.7821,3.5815,3.6445,8452000.0
2000-10-18,3.6102,3.7649,3.507,3.6961,13180000.0
2000-10-19,3.6961,3.8279,3.5872,3.7591,15779200.0
2000-10-20,3.6732,3.7534,3.6732,3.6961,8728000.0
2000-10-23,3.6904,3.7763,3.6331,3.6675,9466400.0
2000-10-24,3.742,3.805,3.6789,3.7018,8204800.0
2000-10-25,3.7305,3.8508,3.7018,3.7305,13367200.0
2000-10-26,3.7477,3.7649,3.5185,3.7591,20257600.0
2000-10-27,3.5471,3.6675,3.4382,3.6445,30675200.0
2000-10-30,3.6617,3.8508,3.6159,3.8165,17304800.0
2000-10-31,3.8336,4.1144,3.8336,4.0972,41275200.0
2000-11-01,4.0629,4.1431,3.9425,4.0858,33812000.0
2000-11-02,4.0972,4.1259,4.0113,4.1259,20412800.0
2000-11-03,4.1316,4.3379,4.1259,4.2921,40005600.0
2000-11-06,4.3207,4.3952,4.229,4.2863,22116800.0
2000-11-07,4.2577,4.3265,4.2176,4.315,19873600.0
2000-11-08,4.3093,4.3093,4.0858,4.1087,14448800.0
2000-11-09,4.0715,4.1316,3.9654,4.1087,13647200.0
2000-11-10,4.0457,4.2118,4.0342,4.08,11436000.0
2000-11-13,4.0457,4.1431,3.9884,4.0686,20224800.0
2000-11-14,4.0858,4.315,4.0743,4.315,19925600.0
2000-11-15,4.3093,4.4239,4.2863,4.3608,12563200.0
2000-11-16,4.3379,4.3494,4.1603,4.2405,17789600.0
2000-11-17,4.1488,4.4754,4.08,4.3952,33911200.0
2000-11-20,4.3494,4.6588,4.3265,4.5729,51668000.0
2000-11-21,4.378,4.4067,4.2233,4.3494,31701600.0
2000-11-22,4.2863,4.5156,4.2634,4.464,25408000.0
2000-11-24,4.4697,4.4869,4.378,4.401,5340800.0
2000-11-27,4.3723,4.378,4.017,4.1316,27276000.0
2000-11-28,4.0915,4.229,4.0629,4.0829,20408000.0
2000-11-29,4.1374,4.2118,4.0915,4.1703,23116800.0
2000-11-30,4.1259,4.2405,4.103,4.1775,22667200.0
2000-12-01,4.2405,4.252,4.0113,4.0571,18218400.0
2000-12-04,4.0514,4.1603,3.9482,4.1144,22654400.0
2000-12-05,4.1202,4.2749,4.0629,4.2405,18751200.0
2000-12-06,4.1947,4.2634,4.1545,4.2176,19652800.0
2000-12-07,4.1717,4.3093,4.1488,4.2921,13208000.0
2000-12-08,4.3093,4.3093,4.1947,4.2978,14835200.0
2000-12-11,4.2863,4.2921,4.0056,4.0399,25209600.0
2000-12-12,4.0285,4.2118,3.9884,4.1202,14096000.0
2000-12-13,4.1488,4.1832,4.0285,4.0399,11433600.0
2000-12-14,4.0571,4.0915,3.9826,3.9941,14220000.0
2000-12-15,3.9769,3.9884,3.7935,3.8394,32459200.0
2000-12-18,3.868,4.0399,3.8164,3.9941,16646400.0
2000-12-19,4.0056,4.2118,3.9998,4.1374,19551200.0
2000-12-20,4.1087,4.1144,3.9941,4.0342,21628800.0
2000-12-21,4.0342,4.2176,3.9998,4.1202,16499200.0
2000-12-22,4.1603,4.2061,4.0571,4.1488,14335200.0
2000-12-26,4.1545,4.1717,4.0571,4.1259,8388800.0
2000-12-27,4.0858,4.1374,4.0399,4.0571,19945600.0
2000-12-28,4.0399,4.0915,3.9941,4.0686,15307200.0
2000-12-29,4.08,4.1431,4.0285,4.0571,11246400.0
2001-01-02,4.027,4.0514,3.7878,3.8566,16438400.0
2001-01-03,3.8508,4.0571,3.7305,3.9654,24014400.0
2001-01-04,3.9253,3.9311,3.7018,3.7706,24139200.0
2001-01-05,3.8909,3.9597,3.8222,3.8279,28048000.0
2001-01-08,3.7821,3.9368,3.7821,3.8909,15412000.0
2001-01-09,3.9024,3.9654,3.8222,3.8279,8844800.0
2001-01-10,3.7821,4.0629,3.7591,4.0342,20512000.0
2001-01-11,3.9884,4.0915,3.9884,4.0629,12037600.0
2001-01-12,4.0056,4.103,3.9941,4.103,16648000.0
2001-01-16,4.0571,4.1832,4.0571,4.1087,11405600.0
2001-01-17,4.1202,4.1832,4.0686,4.1087,11756000.0
2001-01-18,4.1545,4.2004,4.1144,4.166,12414400.0
2001-01-19,4.1316,4.2863,4.1144,4.2462,15804800.0
2001-01-22,4.2634,4.2749,4.103,4.1488,11187200.0
2001-01-23,4.1316,4.2692,4.1259,4.252,9845600.0
2001-01-24,4.2634,4.2749,3.9196,3.9769,24792800.0
2001-01-25,3.9941,4.0285,3.8336,3.9253,19751200.0
2001-01-26,4.0858,4.2004,4.08,4.1832,22613600.0
2001-01-29,4.1889,4.527,4.1717,4.5156,46998400.0
2001-01-30,4.464,4.4812,4.3322,4.4697,18477600.0
2001-01-31,4.464,4.5901,4.464,4.5786,31927200.0
2001-02-01,4.527,4.5557,4.4239,4.4984,20617600.0
2001-02-02,4.4353,4.4812,4.3666,4.3895,23588000.0
2001-02-05,4.3838,4.4468,4.2462,4.3952,16599200.0
2001-02-06,4.401,4.5843,4.3838,4.5729,27388000.0
2001-02-07,4.5041,4.5901,4.4984,4.5729,14171200.0
2001-02-08,4.5729,4.7047,4.4181,4.4583,27500000.0
2001-02-09,4.4124,4.5098,4.3838,4.4296,11520000.0
2001-02-12,4.4296,4.5958,4.4296,4.5843,13576800.0
2001-02-13,4.5442,4.6588,4.4583,4.4583,17178400.0
2001-02-14,4.4697,4.5213,4.3551,4.3895,18196800.0
2001-02-15,4.4124,4.5327,4.401,4.5156,11702400.0
2001-02-16,4.4468,4.5614,4.4239,4.4869,8581600.0
2001-02-20,4.5156,4.6072,4.4239,4.4296,14636000.0
2001-02-21,4.3952,4.5213,4.2978,4.3895,19056000.0
2001-02-22,4.4353,4.4583,4.2863,4.3436,12880000.0
2001-02-23,4.3436,4.4009,4.2405,4.3723,18066400.0
2001-02-26,4.3723,4.4468,4.3666,4.3838,14198400.0
2001-02-27,4.378,4.4754,4.3551,4.4239,16296000.0
2001-02-28,4.4353,4.4468,4.3436,4.3666,20444800.0
2001-03-01,4.3551,4.4009,4.2462,4.3608,19032000.0
2001-03-02,4.4009,4.4984,4.3551,4.3551,45720800.0
2001-03-05,4.3551,4.3608,4.2233,4.2806,13332800.0
2001-03-06,4.2921,4.3322,4.2405,4.2863,15170400.0
2001-03-07,4.2921,4.315,4.2075,4.2348,16062400.0
2001-03-08,4.252,4.3666,4.229,4.3608,18649600.0
2001-03-09,4.3608,4.378,4.2921,4.3207,10895200.0
2001-03-12,4.2978,4.3035,4.103,4.1202,18232800.0
2001-03-13,4.1488,4.1488,3.8967,4.103,26437600.0
2001-03-14,4.0113,4.0743,3.9081,3.9654,17613600.0
2001-03-15,4.0227,4.0686,3.954,4.0056,12659200.0
2001-03-16,3.9067,4.0342,3.8909,4.017,20744800.0
2001-03-19,4.017,4.0858,3.9941,4.0629,14292800.0
2001-03-20,4.0743,4.1488,3.9654,3.9654,18596800.0
2001-03-21,3.9712,3.9769,3.7477,3.7534,25528000.0
2001-03-22,3.8279,3.8336,3.5357,3.6732,37176800.0
2001-03-23,3.7362,3.7821,3.6159,3.7477,23750400.0
2001-03-26,3.7935,3.8967,3.7763,3.8165,23172000.0
2001-03-27,3.8623,3.8738,3.6904,3.7305,24633600.0
2001-03-28,3.719,3.8107,3.6846,3.7763,19444000.0
2001-03-29,3.7706,3.9654,3.7133,3.8451,26839200.0
2001-03-30,3.8566,3.9941,3.8451,3.8909,22817600.0
2001-04-02,3.9024,3.9941,3.8967,3.9425,16204000.0
2001-04-03,3.9196,3.9597,3.8165,3.8279,19647200.0
2001-04-04,3.7821,3.8164,3.7133,3.7534,26589600.0
2001-04-05,3.8107,3.8623,3.6732,3.7534,24699200.0
2001-04-06,3.6846,3.6846,3.3294,3.4153,69001600.0
2001-04-09,3.4382,3.5538,3.4291,3.5418,39734400.0
2001-04-10,3.5758,3.7014,3.5666,3.6675,25829600.0
2001-04-11,3.7051,3.8096,3.6675,3.6904,24724800.0
2001-04-12,3.5804,3.6198,3.4309,3.4823,40323200.0
2001-04-16,3.4878,3.6445,3.4868,3.5363,17379200.0
2001-04-17,3.5336,3.6216,3.507,3.5739,11406400.0
2001-04-18,3.6134,3.8545,3.5804,3.8059,25098400.0
2001-04-19,3.8022,3.8444,3.7041,3.7848,17739200.0
2001-04-20,3.7216,3.7591,3.6372,3.6885,15711200.0
2001-04-23,3.694,3.7573,3.5684,3.5758,16105600.0
2001-04-24,3.6079,3.6079,3.452,3.4575,26670400.0
2001-04-25,3.4933,3.673,3.452,3.6427,21449600.0
2001-04-26,3.694,3.7408,3.6216,3.6381,17641600.0
2001-04-27,3.3924,3.4437,3.3649,3.4071,111773600.0
2001-04-30,3.4823,3.6216,3.3924,3.5483,28308000.0
2001-05-01,3.5483,3.6931,3.5208,3.6711,24913600.0
2001-05-02,3.6895,3.6968,3.5263,3.6143,18270400.0
2001-05-03,3.5868,3.5904,3.4657,3.4749,16839600.0
2001-05-04,3.3191,3.4841,3.3007,3.4823,26890400.0
2001-05-07,3.4823,3.5336,3.4199,3.4602,13495200.0
2001-05-08,3.5318,3.5318,3.3301,3.4089,27590800.0
2001-05-09,3.4071,3.4896,3.3741,3.4291,13080800.0
2001-05-10,3.4382,3.4749,3.3942,3.4126,11176400.0
2001-05-11,3.4401,3.5006,3.4052,3.4676,13471600.0
2001-05-14,3.4657,3.5794,3.4107,3.5428,20039600.0
2001-05-15,3.5061,3.6675,3.5024,3.5831,18256400.0
2001-05-16,3.5648,3.6895,3.5024,3.6711,17761200.0
2001-05-17,3.6675,3.849,3.6675,3.8013,22518800.0
2001-05-18,3.8013,3.8252,3.6986,3.7958,12053600.0
2001-05-21,3.7885,3.8747,3.7261,3.8692,14990800.0
2001-05-22,3.8802,3.948,3.838,3.8875,16757200.0
2001-05-23,3.8692,3.8838,3.662,3.684,19695200.0
2001-05-24,3.6748,3.7371,3.6033,3.7371,14564800.0
2001-05-25,3.7426,3.7775,3.6363,3.739,6543200.0
2001-05-29,3.7408,3.805,3.6216,3.6436,7977600.0
2001-05-30,3.6179,3.7316,3.6033,3.684,18268000.0
2001-05-31,3.6858,3.6858,3.4841,3.5794,21777200.0
2001-06-01,3.6675,3.6858,3.4749,3.5923,17626400.0
2001-06-04,3.5978,3.6124,3.4933,3.5189,9192400.0
2001-06-05,3.5244,3.6491,3.5153,3.6124,12728800.0
2001-06-06,3.6033,3.6088,3.4823,3.5244,11678800.0
2001-06-07,3.5299,3.6308,3.4841,3.5574,8780800.0
2001-06-08,3.5684,3.5684,3.4768,3.4914,7491600.0
2001-06-11,3.4988,3.5739,3.4914,3.5244,8884000.0
2001-06-12,3.4786,3.6124,3.4712,3.5593,9898800.0
2001-06-13,3.5758,3.6858,3.5574,3.5868,12497600.0
2001-06-14,3.5758,3.6271,3.5116,3.5189,9846800.0
2001-06-15,3.5299,3.6601,3.4841,3.5831,14706400.0
2001-06-18,3.5923,3.6656,3.5574,3.6124,10194000.0
2001-06-19,3.651,3.7573,3.6363,3.728,16414000.0
2001-06-20,3.7151,3.8655,3.7133,3.8453,15941600.0
2001-06-21,3.8307,4.2744,3.8252,4.1901,48006000.0
2001-06-22,4.1442,4.1626,3.9682,4.0415,18416400.0
2001-06-25,4.036,4.1094,4.0195,4.0654,11852800.0
2001-06-26,3.9902,4.058,3.9609,4.014,8469200.0
2001-06-27,4.036,4.0709,3.9517,4.0214,11855200.0
2001-06-28,4.0525,4.2451,4.0379,4.1534,15813200.0
2001-06-29,4.08,4.2396,4.0067,4.2176,14779600.0
2001-07-02,4.1241,4.1992,4.0434,4.1754,16509200.0
2001-07-03,4.1901,4.1901,4.0049,4.0324,10766800.0
2001-07-05,4.025,4.0837,3.9975,4.0195,12316800.0
2001-07-06,3.838,3.838,3.6675,3.7555,37121200.0
2001-07-09,3.7628,3.8637,3.7481,3.8398,19174400.0
2001-07-10,3.8545,3.8545,3.7335,3.7463,26614000.0
2001-07-11,3.7353,3.8417,3.7041,3.794,23080000.0
2001-07-12,3.8325,3.8618,3.7683,3.7958,24791600.0
2001-07-13,3.7812,3.7903,3.7225,3.7591,20598000.0
2001-07-16,3.7591,3.7775,3.6766,3.6913,16228400.0
2001-07-17,3.6931,3.7133,3.64,3.6785,14500400.0
2001-07-18,3.7041,3.7041,3.5244,3.5849,16767200.0
2001-07-19,3.6326,3.6766,3.5501,3.5648,11521600.0
2001-07-20,3.5684,3.75,3.5574,3.7133,15786000.0
2001-07-23,3.7206,3.7738,3.5886,3.6088,8145600.0
2001-07-24,3.6179,3.7536,3.5593,3.64,10640000.0
2001-07-25,3.673,3.673,3.5428,3.5959,14288800.0
2001-07-26,3.6051,3.6051,3.4694,3.4841,17114800.0
2001-07-27,3.3429,3.4841,3.3099,3.4382,28154000.0
2001-07-30,3.4511,3.4529,3.3447,3.3741,12901200.0
2001-07-31,3.3869,3.4071,3.2824,3.308,19498400.0
2001-08-01,3.3245,3.4016,3.3007,3.3759,20592800.0
2001-08-02,3.3924,3.4016,3.3301,3.3851,11591600.0
2001-08-03,3.3722,3.3832,3.2017,3.2714,21498400.0
2001-08-06,3.3411,3.3411,3.209,3.2127,12118000.0
2001-08-07,3.242,3.3374,3.209,3.2769,14546400.0
2001-08-08,3.2622,3.3172,3.2145,3.2274,16750800.0
2001-08-09,3.2219,3.3557,3.22,3.3301,16073200.0
2001-08-10,3.3301,3.3924,3.2805,3.2934,16063200.0
2001-08-13,3.3062,3.4016,3.2915,3.3612,9728800.0
2001-08-14,3.3869,3.3942,3.3007,3.3025,11083200.0
2001-08-15,3.3044,3.3539,3.2549,3.2622,10892400.0
2001-08-16,3.2549,3.3154,3.2054,3.3154,12278800.0
2001-08-17,3.2604,3.3429,3.2164,3.2934,11326400.0
2001-08-20,3.2989,3.4547,3.2934,3.4291,11989200.0
2001-08-21,3.4217,3.5006,3.3924,3.4547,12681200.0
2001-08-22,3.4401,3.4657,3.3832,3.4456,12474000.0
2001-08-23,3.4236,3.4749,3.4016,3.4291,13543600.0
2001-08-24,3.4181,3.4841,3.3924,3.4016,16130000.0
2001-08-27,3.4034,3.4089,3.3631,3.3942,12818400.0
2001-08-28,3.3979,3.4126,3.2457,3.2714,15548800.0
2001-08-29,3.2842,3.308,3.1999,3.2054,15358400.0
2001-08-30,3.2145,3.2989,3.1907,3.1999,22136800.0
2001-08-31,3.1027,3.2347,3.0807,3.0935,31194800.0
2001-09-04,3.0917,3.176,3.0183,3.022,19710400.0
2001-09-05,3.022,3.0935,2.9615,3.0477,18485200.0
2001-09-06,3.0202,3.0293,2.8936,2.978,26344000.0
2001-09-07,2.9633,3.088,2.9431,2.956,16452800.0
2001-09-10,2.9321,3.077,2.923,3.0165,19955600.0
2001-09-17,2.8423,2.9486,2.8239,2.8441,31301600.0
2001-09-18,2.8533,2.912,2.7818,2.8606,14057600.0
2001-09-19,2.8698,3.0018,2.7524,2.8056,23753200.0
2001-09-20,2.7744,2.7909,2.6479,2.6901,35646000.0
2001-09-21,2.5269,2.6626,2.4682,2.6186,39418400.0
2001-09-24,2.6754,2.7763,2.6332,2.7451,28482400.0
2001-09-25,2.7616,2.7818,2.6186,2.7598,19338800.0
2001-09-26,2.7506,2.7561,2.5599,2.5672,17910000.0
2001-09-27,2.5764,2.7011,2.5012,2.6644,13192400.0
2001-09-28,2.7103,2.7891,2.6442,2.7396,15286400.0
2001-10-01,2.7139,2.7469,2.5966,2.7139,12856400.0
2001-10-02,2.6681,2.7671,2.6167,2.6699,19926400.0
2001-10-03,2.6626,2.923,2.6424,2.8716,16256000.0
2001-10-04,2.9065,2.967,2.7139,2.7634,38448400.0
2001-10-05,3.0091,3.1687,2.9395,3.11,40668800.0
2001-10-08,3.0642,3.1632,3.0422,3.1302,11134800.0
2001-10-09,3.1192,3.1393,2.9981,3.0147,10286400.0
2001-10-10,3.0513,3.1779,3.022,3.0788,11255200.0
2001-10-11,3.1027,3.1283,3.0275,3.121,16421600.0
2001-10-12,3.0715,3.0715,2.8148,2.934,25874400.0
2001-10-15,2.9138,3.0165,2.8735,3.0128,12568800.0
2001-10-16,3.0348,3.132,2.9981,3.0935,13238400.0
2001-10-17,3.1632,3.1724,2.8973,2.9138,18205200.0
2001-10-18,2.9046,3.0367,2.8514,2.989,14733200.0
2001-10-19,2.9633,3.1173,2.956,3.0458,13813200.0
2001-10-22,3.0697,3.1852,3.022,3.1558,11846800.0
2001-10-23,3.1907,3.2274,3.1082,3.154,17464000.0
2001-10-24,3.1613,3.2549,3.1412,3.187,16976400.0
2001-10-25,3.1705,3.2824,3.088,3.2659,15873200.0
2001-10-26,3.242,3.2915,3.198,3.275,9687600.0
2001-10-29,3.2549,3.264,3.0898,3.1082,12180400.0
2001-10-30,3.0733,3.209,3.0018,3.1779,16934000.0
2001-10-31,3.1852,3.2274,3.0972,3.1393,12156400.0
2001-11-01,3.1448,3.2145,3.1045,3.1705,13973200.0
2001-11-02,3.1907,3.4181,3.1724,3.2805,25409200.0
2001-11-05,3.3484,3.4236,3.3135,3.4107,16546400.0
2001-11-06,3.3576,3.5666,3.3466,3.5336,19555600.0
2001-11-07,3.5391,3.5849,3.4254,3.4841,13864800.0
2001-11-08,3.4914,3.5574,3.3924,3.4621,9529200.0
2001-11-09,3.4878,3.5189,3.4437,3.4896,10427600.0
2001-11-12,3.5043,3.5189,3.3191,3.5024,8524800.0
2001-11-13,3.5079,3.5483,3.4052,3.5409,11255200.0
2001-11-14,3.5428,3.5758,3.4474,3.5061,14279200.0
2001-11-15,3.4951,3.5299,3.4712,3.5153,11527600.0
2001-11-16,3.3099,3.3466,3.1448,3.209,79164000.0
2001-11-19,3.2182,3.2219,3.1302,3.1889,22384400.0
2001-11-20,3.1907,3.2457,3.1448,3.187,17835200.0
2001-11-21,3.1925,3.2585,3.143,3.1742,12976000.0
2001-11-23,3.1742,3.1925,3.154,3.1742,2713200.0
2001-11-26,3.198,3.2072,3.1338,3.1852,15608000.0
2001-11-27,3.1632,3.2035,3.1265,3.1522,17587600.0
2001-11-28,3.1302,3.1797,3.0715,3.1008,15805200.0
2001-11-29,3.1173,3.121,3.0587,3.099,14431600.0
2001-11-30,3.1302,3.2585,3.1008,3.2494,23841600.0
2001-12-03,3.2329,3.4676,3.2274,3.3887,33618000.0
2001-12-04,3.3961,3.6124,3.3942,3.6051,27789600.0
2001-12-05,3.6051,3.662,3.5648,3.651,28917600.0
2001-12-06,3.6418,3.6436,3.5684,3.5831,13640000.0
2001-12-07,3.5684,3.5868,3.4401,3.4749,13612400.0
2001-12-10,3.4676,3.5556,3.4382,3.5061,13020000.0
2001-12-11,3.5299,3.5959,3.4768,3.4896,9232800.0
2001-12-12,3.4768,3.4768,3.3356,3.4364,18997200.0
2001-12-13,3.3704,3.4749,3.3484,3.4309,15620800.0
2001-12-14,3.4107,3.5904,3.4107,3.5226,14090000.0
2001-12-17,3.5226,3.6033,3.5208,3.5794,12110800.0
2001-12-18,3.4823,3.5794,3.4437,3.5776,12603200.0
2001-12-19,3.5446,3.5574,3.4382,3.5024,10424400.0
2001-12-20,3.4841,3.4933,3.3704,3.3759,11459200.0
2001-12-21,3.3924,3.5098,3.3466,3.4547,16509200.0
2001-12-24,3.4382,3.5024,3.4217,3.4584,2760800.0
2001-12-26,3.4584,3.5299,3.4382,3.4878,5840000.0
2001-12-27,3.4933,3.5758,3.4841,3.5501,6976400.0
2001-12-28,3.5611,3.6289,3.5483,3.5758,6948000.0
2001-12-31,3.5538,3.6234,3.4878,3.4933,9476800.0
2002-01-02,3.5043,3.5904,3.4841,3.5776,11298400.0
2002-01-03,3.5923,3.7591,3.5904,3.7445,25148400.0
2002-01-04,3.981,4.1259,3.9792,4.0544,62756400.0
2002-01-07,4.0489,4.1241,3.9884,4.0049,23204000.0
2002-01-08,4.0122,4.1827,4.0067,4.1607,21871600.0
2002-01-09,4.1901,4.2121,4.003,4.0104,18543600.0
2002-01-10,4.0195,4.1259,3.9792,4.1204,17722000.0
2002-01-11,4.1167,4.1369,3.9994,4.0122,20484800.0
2002-01-14,4.0122,4.0379,3.9535,4.0159,18553600.0
2002-01-15,4.0012,4.036,3.981,4.0177,14385600.0
2002-01-16,4.0232,4.0415,3.8875,3.8967,11719600.0
2002-01-17,3.8838,4.036,3.8838,4.036,14024800.0
2002-01-18,4.0489,4.08,3.9627,4.0177,13901600.0
2002-01-22,4.0232,4.0525,3.9187,3.9205,9051600.0
2002-01-23,3.9719,4.1901,3.9205,4.1516,21312400.0
2002-01-24,4.2212,4.2781,4.0782,4.2432,27716800.0
2002-01-25,4.2909,4.2909,4.1314,4.1901,20340400.0
2002-01-28,4.1937,4.2377,4.0984,4.1956,9624000.0
2002-01-29,4.1717,4.2029,4.0342,4.0929,13134000.0
2002-01-30,4.0727,4.1956,4.0525,4.1736,16829600.0
2002-01-31,4.1956,4.3789,4.1864,4.3588,29612000.0
2002-02-01,4.3734,4.3734,4.1259,4.1937,19589600.0
2002-02-04,4.1846,4.2231,4.0562,4.0874,13523200.0
2002-02-05,4.0929,4.2047,4.0415,4.1021,13014400.0
2002-02-06,4.1277,4.1534,3.9535,3.9939,13810000.0
2002-02-07,4.0177,4.1021,3.9462,3.9719,14914000.0
2002-02-08,3.9792,4.0342,3.8967,4.0305,11180800.0
2002-02-11,4.0324,4.08,3.9774,3.9975,11877600.0
2002-02-12,3.992,4.0232,3.9425,3.948,6969600.0
2002-02-13,3.9664,4.0434,3.9425,4.0342,6659600.0
2002-02-14,4.025,4.0874,3.9572,3.9865,8359200.0
2002-02-15,4.0085,4.0397,3.9444,3.9535,6078000.0
2002-02-19,3.915,4.0122,3.882,3.915,7352800.0
2002-02-20,3.9205,3.9884,3.8948,3.9664,7732400.0
2002-02-21,3.9444,4.0232,3.8545,3.8692,10444800.0
2002-02-22,3.8527,4.0177,3.8178,3.9627,10674000.0
2002-02-25,3.9499,4.0782,3.948,4.0617,11096800.0
2002-02-26,4.1167,4.1534,3.9499,4.0911,13205600.0
2002-02-27,4.1204,4.1846,4.0819,4.1149,14112400.0
2002-02-28,4.1846,4.3276,4.1644,4.2194,22622800.0
2002-03-01,4.3203,4.3569,4.1901,4.3093,21678400.0
2002-03-04,4.3349,4.4248,4.2543,4.4138,23330400.0
2002-03-05,4.3954,4.4541,4.2616,4.3038,15773200.0
2002-03-06,4.3239,4.3258,4.2029,4.2432,16816800.0
2002-03-07,4.2561,4.2909,4.2084,4.2396,10128000.0
2002-03-08,4.2451,4.2689,4.1442,4.2102,17586400.0
2002-03-11,4.2176,4.3056,4.1717,4.1901,13410000.0
2002-03-12,4.1626,4.2084,4.0984,4.1992,11203600.0
2002-03-13,4.1552,4.2744,4.1259,4.1552,10560800.0
2002-03-14,4.1791,4.3148,4.1772,4.2799,13051600.0
2002-03-15,4.3734,4.3936,4.3001,4.3551,13027200.0
2002-03-18,4.3734,4.401,4.3074,4.3533,12272800.0
2002-03-19,4.3404,4.4065,4.3386,4.3753,8506000.0
2002-03-20,4.3551,4.4981,4.3203,4.3423,14892000.0
2002-03-21,4.3514,4.4009,4.2506,4.3973,8948400.0
2002-03-22,4.3478,4.3863,4.3019,4.3239,8623600.0
2002-03-25,4.3203,4.3679,4.2267,4.2543,12520000.0
2002-03-26,4.2249,4.3533,4.1919,4.3074,10365600.0
2002-03-27,4.2616,4.3441,4.2231,4.3038,8839600.0
2002-03-28,4.3093,4.3166,4.2267,4.2414,8424000.0
2002-04-01,4.2304,4.2781,4.1827,4.2726,8368800.0
2002-04-02,4.2524,4.3129,4.2377,4.2689,10630800.0
2002-04-03,4.2744,4.3533,4.2634,4.3074,8858400.0
2002-04-04,4.2653,4.3936,4.2653,4.3789,12196800.0
2002-04-05,4.4486,4.4981,4.3973,4.4083,12089600.0
2002-04-08,4.3331,4.4908,4.3258,4.4835,12412800.0
2002-04-09,4.4853,4.5807,4.4651,4.5733,17052800.0
2002-04-10,4.5605,4.6118,4.5403,4.5953,17633600.0
2002-04-11,4.5623,4.6522,4.5495,4.5697,12921200.0
2002-04-12,4.5715,4.6833,4.566,4.6155,13070400.0
2002-04-15,4.6082,4.665,4.5421,4.6045,12070800.0
2002-04-16,4.6192,4.6833,4.599,4.654,11206000.0
2002-04-17,4.6687,4.7127,4.6118,4.6998,12312000.0
2002-04-18,4.7017,4.709,4.577,4.6577,11622400.0
2002-04-19,4.6742,4.676,4.5733,4.5807,9256800.0
2002-04-22,4.577,4.6283,4.5403,4.577,9154400.0
2002-04-23,4.5953,4.6357,4.5917,4.6155,7819600.0
2002-04-24,4.6302,4.676,4.6155,4.6173,10201600.0
2002-04-25,4.6393,4.7017,4.6283,4.654,12388800.0
2002-04-26,4.6302,4.6302,4.3111,4.3129,38074400.0
2002-04-29,4.3203,4.401,4.1974,4.2322,23403600.0
2002-04-30,4.2267,4.2359,4.1516,4.1846,32667200.0
2002-05-01,4.1901,4.3569,4.1626,4.3313,16536000.0
2002-05-02,4.3478,4.3973,4.2799,4.3368,14216400.0
2002-05-03,4.3624,4.4321,4.2836,4.3038,14090400.0
2002-05-06,4.3038,4.3258,4.1351,4.1552,10545200.0
2002-05-07,4.1607,4.2543,4.1277,4.1809,14600400.0
2002-05-08,4.2121,4.2157,4.0709,4.1717,25452400.0
2002-05-09,4.1607,4.1846,4.0911,4.1094,12622800.0
2002-05-10,4.1131,4.1424,4.0379,4.0379,14835600.0
2002-05-13,4.0745,4.1259,4.036,4.1204,19186800.0
2002-05-14,4.1992,4.3569,4.1626,4.3258,22885200.0
2002-05-15,4.3276,4.4376,4.2946,4.3789,16771200.0
2002-05-16,4.3826,4.4285,4.3294,4.3789,8886800.0
2002-05-17,4.4321,4.4835,4.3624,4.412,8931600.0
2002-05-20,4.2653,4.3093,4.2231,4.2744,20007200.0
2002-05-21,4.2964,4.3459,4.2084,4.2267,16362800.0
2002-05-22,4.2157,4.2488,4.1259,4.1919,11074800.0
2002-05-23,4.2084,4.2506,4.1204,4.1974,12664400.0
2002-05-24,4.1974,4.2066,4.1112,4.1131,11109200.0
2002-05-28,4.1882,4.1937,4.0214,4.0544,12626400.0
2002-05-29,4.1369,4.2543,4.1332,4.2139,22387200.0
2002-05-30,4.2543,4.3276,4.2451,4.3221,17188800.0
2002-05-31,4.4138,4.4926,4.3991,4.4523,25678000.0
2002-06-03,4.456,4.4651,4.3184,4.3404,17960400.0
2002-06-04,4.3276,4.4596,4.3093,4.4413,18070000.0
2002-06-05,4.4633,4.5935,4.4468,4.5807,23107600.0
2002-06-06,4.5843,4.5843,4.4596,4.4651,17029600.0
2002-06-07,4.5128,4.588,4.4963,4.5678,25134800.0
2002-06-10,4.577,4.577,4.4835,4.5165,9912400.0
2002-06-11,4.5605,4.5752,4.3533,4.3863,14983600.0
2002-06-12,4.3789,4.5018,4.3643,4.4725,16124400.0
2002-06-13,4.4358,4.4413,4.3276,4.3496,11985600.0
2002-06-14,4.3221,4.3459,4.1149,4.3349,17037600.0
2002-06-17,4.3386,4.4853,4.3093,4.4578,11302000.0
2002-06-18,4.4083,4.5366,4.4028,4.4871,12568000.0
2002-06-19,4.4578,4.533,4.4468,4.4816,11967600.0
2002-06-20,4.5458,4.6393,4.4743,4.5825,27260000.0
2002-06-21,4.5495,4.6265,4.4688,4.533,26127600.0
2002-06-24,4.489,4.5898,4.3954,4.5385,16188000.0
2002-06-25,4.5807,4.5807,4.4395,4.4926,19342400.0
2002-06-26,4.4193,4.5036,4.2267,4.4908,25328000.0
2002-06-27,4.5275,4.588,4.3698,4.5788,17732800.0
2002-06-28,4.5843,4.6063,4.4963,4.5568,15729200.0
2002-07-01,4.478,4.577,4.4541,4.467,11916800.0
2002-07-02,4.4486,4.5403,4.3074,4.3129,26607600.0
2002-07-03,4.3001,4.3789,4.1809,4.2469,17630400.0
2002-07-05,4.3258,4.4083,4.2726,4.3716,8095600.0
2002-07-08,4.3844,4.4065,4.1039,4.3331,15284000.0
2002-07-09,4.2818,4.3221,4.1387,4.1607,22216000.0
2002-07-10,4.1809,4.2726,4.0929,4.1277,16889600.0
2002-07-11,4.069,4.1461,3.9462,4.1057,22029600.0
2002-07-12,4.1626,4.1809,3.9682,4.0324,17730800.0
2002-07-15,4.0067,4.08,3.7096,4.0654,30284000.0
2002-07-16,4.0599,4.1021,3.838,3.8912,23519200.0
2002-07-17,3.9865,3.9884,3.8123,3.9242,17574000.0
2002-07-18,3.9187,4.0104,3.816,3.8435,17374800.0
2002-07-19,3.7756,3.7958,3.6491,3.6858,17306400.0
2002-07-22,3.6711,3.728,3.3814,3.5978,21996800.0
2002-07-23,3.5739,3.6216,3.4327,3.4602,30248000.0
2002-07-24,3.4492,3.926,3.4364,3.8655,32798800.0
2002-07-25,3.7885,3.7958,3.5208,3.6693,33250000.0
2002-07-26,3.7793,3.7903,3.4291,3.5758,37261600.0
2002-07-29,3.6565,3.728,3.6235,3.7243,21252000.0
2002-07-30,3.7206,3.7261,3.5776,3.6161,21841200.0
2002-07-31,3.6051,3.6235,3.5318,3.5996,15476800.0
2002-08-01,3.5794,3.6088,3.4529,3.4547,17660000.0
2002-08-02,3.5116,3.5739,3.3869,3.4492,20138000.0
2002-08-05,3.4584,3.5226,3.3924,3.4162,14317200.0
2002-08-06,3.4639,3.5336,3.3924,3.5006,19698800.0
2002-08-07,3.5299,3.5464,3.4052,3.5354,15436800.0
2002-08-08,3.4914,3.5648,3.4492,3.5556,13516800.0
2002-08-09,3.5391,3.6069,3.4951,3.5739,13080000.0
2002-08-12,3.5666,3.6528,3.5391,3.6161,9117600.0
2002-08-13,3.629,3.6546,3.4731,3.4731,13444400.0
2002-08-14,3.4859,3.7958,3.4529,3.7555,20736000.0
2002-08-15,3.7243,3.9058,3.7225,3.9022,19522400.0
2002-08-16,3.8325,3.8875,3.7591,3.8178,13276400.0
2002-08-19,3.8288,4.0012,3.7958,3.9994,11403200.0
2002-08-20,3.9168,3.9223,3.8142,3.86,11850400.0
2002-08-21,3.8967,3.9003,3.7225,3.827,20479600.0
2002-08-22,3.8288,3.8875,3.7225,3.8747,10922400.0
2002-08-23,3.8435,3.9425,3.8233,3.8563,10446400.0
2002-08-26,3.9113,3.9205,3.7591,3.849,9424800.0
2002-08-27,3.8527,3.8747,3.717,3.7261,13438400.0
2002-08-28,3.7096,3.7591,3.6326,3.6418,13184400.0
2002-08-29,3.6124,3.7775,3.5941,3.75,17880800.0
2002-08-30,3.7133,3.7775,3.6491,3.6858,15037200.0
2002-09-03,3.6656,3.7206,3.6216,3.6638,14262400.0
2002-09-04,3.6748,3.8142,3.6565,3.7958,17129200.0
2002-09-05,3.7353,3.7591,3.6821,3.7096,14238400.0
2002-09-06,3.7591,3.8838,3.7078,3.8288,14946400.0
2002-09-09,3.8087,3.8692,3.7646,3.8325,9657600.0
2002-09-10,3.8307,3.86,3.7261,3.86,12384800.0
2002-09-11,3.8728,3.8967,3.7426,3.7573,13680000.0
2002-09-12,3.7573,3.7793,3.6931,3.7005,10389600.0
2002-09-13,3.6821,3.794,3.6583,3.7701,12114000.0
2002-09-16,3.772,3.8123,3.7078,3.772,7899200.0
2002-09-17,3.805,3.8343,3.6766,3.6876,15720000.0
2002-09-18,3.662,3.7867,3.5941,3.7298,16858400.0
2002-09-19,3.6675,3.805,3.6491,3.7353,15324000.0
2002-09-20,3.794,3.8343,3.6821,3.8105,19784800.0
2002-09-23,3.7646,3.8013,3.673,3.7206,11399200.0
2002-09-24,3.6711,3.7426,3.6308,3.6638,14022800.0
2002-09-25,3.6766,3.8142,3.6748,3.7922,15532800.0
2002-09-26,3.7977,3.9168,3.7958,3.8838,16766800.0
2002-09-27,3.8783,3.9554,3.8362,3.8508,15395200.0
2002-09-30,3.8087,3.8838,3.7151,3.7885,15950800.0
2002-10-01,3.7885,3.9407,3.7885,3.9242,19328000.0
2002-10-02,3.8857,3.9462,3.8068,3.8398,19556400.0
2002-10-03,3.8307,3.9517,3.8142,3.8692,16744400.0
2002-10-04,3.9425,4.0269,3.8472,3.8912,23352800.0
2002-10-07,3.8233,3.9462,3.8197,3.871,16585600.0
2002-10-08,3.9003,4.0507,3.8893,3.9865,16047200.0
2002-10-09,3.9645,4.0287,3.9168,3.948,18296800.0
2002-10-10,3.8967,4.0855,3.7903,4.069,27023200.0
2002-10-11,4.1057,4.2011,4.0342,4.1534,19050000.0
2002-10-14,4.1516,4.2598,4.1332,4.2341,15008800.0
2002-10-15,4.3734,4.4193,4.2469,4.3166,21058800.0
2002-10-16,4.2322,4.3368,4.2286,4.2928,18310400.0
2002-10-17,4.3148,4.3148,3.904,3.9829,43244400.0
2002-10-18,3.9884,4.1002,3.9737,4.0947,19543200.0
2002-10-21,4.0984,4.2414,4.0379,4.2377,13738000.0
2002-10-22,4.1589,4.3093,4.1076,4.1424,12622800.0
2002-10-23,4.1479,4.2414,4.1332,4.2396,12199600.0
2002-10-24,4.2469,4.2854,4.08,4.1167,15534800.0
2002-10-25,4.1277,4.3881,4.1259,4.3881,19796000.0
2002-10-28,4.3899,4.3991,4.2176,4.2524,14944400.0
2002-10-29,4.2818,4.3349,4.2176,4.3093,18190800.0
2002-10-30,4.2891,4.3899,4.2341,4.3606,15902800.0
2002-10-31,4.3643,4.4193,4.3276,4.3716,14881200.0
2002-11-01,4.4101,4.4303,4.3349,4.3753,21826800.0
2002-11-04,4.2891,4.3478,4.1699,4.1919,21573200.0
2002-11-05,4.1424,4.2909,4.1406,4.2799,12016000.0
2002-11-06,4.2946,4.3001,4.1681,4.2487,14795600.0
2002-11-07,4.2432,4.2488,4.1699,4.2066,13445600.0
2002-11-08,4.1827,4.2267,4.1167,4.1332,13383600.0
2002-11-11,4.025,4.0727,3.9774,3.992,15027200.0
2002-11-12,3.9939,4.1186,3.9627,4.0049,13476400.0
2002-11-13,3.9627,4.0415,3.9315,4.014,16234800.0
2002-11-14,4.025,4.1516,4.0159,4.1296,12754000.0
2002-11-15,4.1094,4.1167,3.9095,4.0342,25001600.0
2002-11-18,4.0379,4.0599,3.9425,3.9444,14153600.0
2002-11-19,3.8692,3.9957,3.8233,3.9205,16403200.0
2002-11-20,3.904,4.0397,3.8967,4.0159,11368800.0
2002-11-21,4.025,4.1057,3.9132,3.948,24713200.0
2002-11-22,3.9425,4.025,3.9334,3.9994,11833200.0
2002-11-25,4.0159,4.0489,3.9664,4.036,10763200.0
2002-11-26,3.9865,4.0452,3.9792,4.0104,12452800.0
2002-11-27,4.0214,4.1589,4.0159,4.1149,12374400.0
2002-11-29,4.1241,4.1259,3.9645,3.9865,8216400.0
2002-12-02,4.0342,4.0507,3.9187,3.9572,13846800.0
2002-12-03,3.97,3.9737,3.827,3.8472,14442800.0
2002-12-04,3.8343,3.9205,3.7977,3.8783,14154800.0
2002-12-05,3.9315,3.9389,3.7591,3.7683,18273600.0
2002-12-06,3.7133,3.9223,3.7133,3.8967,18987200.0
2002-12-09,3.882,3.8875,3.7683,3.7811,10676400.0
2002-12-10,3.7885,3.8637,3.7591,3.7756,13426000.0
2002-12-11,3.7225,3.7775,3.7133,3.7335,12764800.0
2002-12-12,3.7573,3.8233,3.7005,3.7977,12817200.0
2002-12-13,3.7518,3.8032,3.717,3.7335,11526400.0
2002-12-16,3.7335,3.9315,3.7133,3.9058,18487200.0
2002-12-17,3.8783,3.8985,3.805,3.8728,15953200.0
2002-12-18,3.8783,3.9462,3.8453,3.915,18296800.0
2002-12-19,3.8967,3.9407,3.805,3.816,15842400.0
2002-12-20,3.8783,3.8912,3.761,3.8032,33691200.0
2002-12-23,3.8215,3.86,3.7922,3.8362,7944400.0
2002-12-24,3.8472,3.8673,3.7867,3.7958,4364800.0
2002-12-26,3.794,3.86,3.7756,3.8142,6422400.0
2002-12-27,3.8013,3.8087,3.7445,3.7665,5760400.0
2002-12-30,3.7775,3.7848,3.7115,3.7811,7118400.0
2002-12-31,3.772,3.7848,3.7225,3.7371,8429200.0
2003-01-02,3.7536,3.9132,3.7518,3.8875,13084800.0
2003-01-03,3.9168,3.9774,3.8398,3.8728,15736000.0
2003-01-06,3.8857,3.9664,3.8802,3.937,11618000.0
2003-01-07,3.9168,3.9168,3.849,3.8948,13817600.0
2003-01-08,3.8545,3.8967,3.7867,3.8123,12155200.0
2003-01-09,3.8618,3.8838,3.8068,3.8142,10834800.0
2003-01-10,3.7665,3.8362,3.7518,3.8307,12707600.0
2003-01-13,3.7683,3.8252,3.75,3.7867,10406400.0
2003-01-14,3.7701,3.7958,3.695,3.717,11915600.0
2003-01-15,3.7298,3.7646,3.6858,3.7316,12843600.0
2003-01-16,3.7316,3.7628,3.6766,3.7133,8577200.0
2003-01-17,3.684,3.7316,3.673,3.684,14118400.0
2003-01-21,3.6675,3.7261,3.6234,3.6308,15276400.0
2003-01-22,3.6455,3.7206,3.5978,3.6766,15816400.0
2003-01-23,3.673,3.7041,3.6198,3.6711,13713200.0
2003-01-24,4.0269,4.2322,4.0159,4.2084,76154800.0
2003-01-27,4.1314,4.2084,4.0819,4.1479,25182000.0
2003-01-28,4.1809,4.2726,4.1442,4.1607,22420400.0
2003-01-29,4.1351,4.2267,4.0617,4.1864,15028800.0
2003-01-30,4.2047,4.2047,4.1149,4.1241,12371600.0
2003-01-31,4.1296,4.2157,4.0892,4.1662,16347600.0
2003-02-03,4.1571,4.1901,4.1259,4.1479,10298800.0
2003-02-04,4.1222,4.1442,4.047,4.0984,11633600.0
2003-02-05,4.1296,4.1644,4.036,4.069,14439200.0
2003-02-06,4.036,4.1442,4.0159,4.0525,18924800.0
2003-02-07,4.091,4.1076,3.9609,4.0305,11958800.0
2003-02-10,4.0195,4.0782,3.9609,4.0617,11592800.0
2003-02-11,4.0727,4.1204,4.0177,4.0562,14013600.0
2003-02-12,4.0507,4.1039,4.0342,4.0544,11374000.0
2003-02-13,4.0819,4.0966,3.9737,4.025,15189200.0
2003-02-14,4.036,4.1442,4.0269,4.1296,15174000.0
2003-02-18,4.1497,4.2066,4.1351,4.2011,18297200.0
2003-02-19,4.1809,4.2176,4.1351,4.1864,12360400.0
2003-02-20,4.2121,4.2139,4.1314,4.1424,20950800.0
2003-02-21,4.2047,4.2763,4.1626,4.2763,16381200.0
2003-02-24,4.2212,4.2451,4.1167,4.1277,13568400.0
2003-02-25,4.0892,4.1992,4.0525,4.1846,16609200.0
2003-02-26,4.1497,4.1681,4.0489,4.0709,16738400.0
2003-02-27,4.1021,4.2451,4.1002,4.2341,20987200.0
2003-02-28,4.2176,4.3129,4.2029,4.3001,23471600.0
2003-03-03,4.3313,4.3349,4.2396,4.2579,11909200.0
2003-03-04,4.2781,4.3349,4.2176,4.2854,14660800.0
2003-03-05,4.2818,4.3239,4.2377,4.2909,12893600.0
2003-03-06,4.2579,4.3203,4.2377,4.2873,16022000.0
2003-03-07,4.2396,4.2451,4.1552,4.1992,20260400.0
2003-03-10,4.1626,4.1846,4.0892,4.1204,13686000.0
2003-03-11,4.1149,4.1791,4.08,4.1131,11834800.0
2003-03-12,4.0727,4.1626,4.0709,4.1259,14953200.0
2003-03-13,4.2047,4.4156,4.1552,4.412,24048000.0
2003-03-14,4.4065,4.5183,4.3661,4.4486,22818400.0
2003-03-17,4.4083,4.7219,4.3899,4.6632,32274400.0
2003-03-18,4.6137,4.6393,4.544,4.5972,22938800.0
2003-03-19,4.6045,4.6393,4.5311,4.5825,17352000.0
2003-03-20,4.566,4.6723,4.478,4.6302,17868000.0
2003-03-21,4.7109,4.863,4.6595,4.819,24469200.0
2003-03-24,4.676,4.7365,4.6118,4.6375,16649200.0
2003-03-25,4.6393,4.8172,4.6173,4.7677,18417200.0
2003-03-26,4.7659,4.8392,4.7237,4.819,17401200.0
2003-03-27,4.7604,4.8594,4.7292,4.819,13008800.0
2003-03-28,4.7769,4.7934,4.6998,4.7457,13854800.0
2003-03-31,4.6613,4.7567,4.6082,4.7237,18570800.0
2003-04-01,4.7329,4.7549,4.6393,4.6448,17094800.0
2003-04-02,4.7347,4.8319,4.7237,4.8154,17866400.0
2003-04-03,4.797,4.8227,4.6815,4.7329,15342800.0
2003-04-04,4.7017,4.7127,4.5788,4.621,24372800.0
2003-04-07,4.7769,4.7952,4.6742,4.6797,16407200.0
2003-04-08,4.6467,4.7677,4.6412,4.7255,12033200.0
2003-04-09,4.6998,4.8044,4.6613,4.6613,16754800.0
2003-04-10,4.6558,4.7219,4.632,4.7182,11266400.0
2003-04-11,4.731,4.786,4.5605,4.6815,11896000.0
2003-04-14,4.687,4.8154,4.6833,4.7824,11753600.0
2003-04-15,4.7677,4.9107,4.7475,4.9034,18920800.0
2003-04-16,4.8099,4.9272,4.6357,4.7182,43365600.0
2003-04-17,4.6632,4.7457,4.6467,4.7402,22481200.0
2003-04-21,4.7604,4.7659,4.5972,4.621,16745600.0
2003-04-22,4.6137,4.6448,4.5513,4.6063,23306800.0
2003-04-23,4.6155,4.632,4.4798,4.5073,21975200.0
2003-04-24,4.5605,4.6577,4.4486,4.6265,21508400.0
2003-04-25,4.4193,4.4816,4.2818,4.3038,49643200.0
2003-04-28,4.3184,4.4248,4.3129,4.4065,17748800.0
2003-04-29,4.4248,4.4285,4.3514,4.3863,17216800.0
2003-04-30,4.3514,4.3734,4.3019,4.3111,18504400.0
2003-05-01,4.2946,4.4138,4.2708,4.401,20612000.0
2003-05-02,4.3459,4.4468,4.3349,4.3606,27375200.0
2003-05-05,4.3808,4.3826,4.3074,4.3148,23270000.0
2003-05-06,4.3239,4.4468,4.2928,4.3936,22377600.0
2003-05-07,4.3789,4.4193,4.3221,4.3276,14807600.0
2003-05-08,4.3331,4.3331,4.2102,4.2176,20356800.0
2003-05-09,4.2909,4.3038,4.2139,4.2598,14900800.0
2003-05-12,4.2322,4.3386,4.1809,4.2891,19253200.0
2003-05-13,4.2946,4.3349,4.2249,4.2432,17187600.0
2003-05-14,4.2708,4.2799,4.2139,4.2359,12495200.0
2003-05-15,4.2561,4.3753,4.2396,4.3734,22538000.0
2003-05-16,4.3734,4.3918,4.2891,4.3093,16937600.0
2003-05-19,4.3074,4.3093,4.1901,4.2011,18164400.0
2003-05-20,4.2377,4.3001,4.1864,4.2304,19579600.0
2003-05-21,4.2011,4.2854,4.1992,4.2249,11328800.0
2003-05-22,4.2451,4.3716,4.2249,4.3148,14975200.0
2003-05-23,4.3001,4.3349,4.2359,4.2964,9814000.0
2003-05-27,4.2506,4.3918,4.2322,4.3459,15002400.0
2003-05-28,4.3441,4.4101,4.3074,4.3331,12010000.0
2003-05-29,4.3606,4.4211,4.2836,4.3276,17483600.0
2003-05-30,4.3844,4.5531,4.3826,4.5238,31183600.0
2003-06-02,4.5036,4.5476,4.4193,4.4908,14069600.0
2003-06-03,4.4725,4.5843,4.4266,4.478,9216400.0
2003-06-04,4.4743,4.4945,4.4248,4.4688,10575600.0
2003-06-05,4.4266,4.5385,4.3991,4.5183,13976800.0
2003-06-06,4.5697,4.6687,4.456,4.489,22151600.0
2003-06-09,4.4596,4.5018,4.4156,4.4615,9841600.0
2003-06-10,4.5165,4.5165,4.423,4.4743,9023200.0
2003-06-11,4.4505,4.478,4.4064,4.4633,11615600.0
2003-06-12,4.467,4.4871,4.3973,4.4303,11724800.0
2003-06-13,4.4376,4.4486,4.3918,4.3973,12616800.0
2003-06-16,4.3991,4.5752,4.3991,4.5403,15990800.0
2003-06-17,4.566,4.566,4.4285,4.4835,15651200.0
2003-06-18,4.4743,4.4743,4.3991,4.4303,19877200.0
2003-06-19,4.456,4.4743,4.3954,4.4321,9966400.0
2003-06-20,4.4908,4.511,4.3918,4.4046,16018000.0
2003-06-23,4.4468,4.4706,4.3551,4.4156,10264000.0
2003-06-24,4.4468,4.4486,4.3918,4.4101,11271600.0
2003-06-25,4.4358,4.4688,4.401,4.4175,13081200.0
2003-06-26,4.4633,4.489,4.3955,4.4835,10687200.0
2003-06-27,4.4395,4.544,4.4376,4.5018,13654000.0
2003-06-30,4.4303,4.6008,4.4248,4.5018,17823600.0
2003-07-01,4.5752,4.709,4.544,4.6448,30879600.0
2003-07-02,4.7695,4.9694,4.742,4.9456,51633200.0
2003-07-03,4.841,5.0024,4.841,4.8906,11669200.0
2003-07-07,4.9474,5.0134,4.9052,5.0024,14672400.0
2003-07-08,4.9694,5.0318,4.8942,5.0097,14286400.0
2003-07-09,4.9822,5.0061,4.9327,4.9749,10226000.0
2003-07-10,4.9236,4.9731,4.8117,4.8906,12709200.0
2003-07-11,4.8997,4.9511,4.8649,4.9236,7801200.0
2003-07-14,4.9547,5.0409,4.9052,4.9199,12926800.0
2003-07-15,4.9694,5.0024,4.8374,4.8557,12966400.0
2003-07-16,4.8594,4.9547,4.8392,4.9364,13539600.0
2003-07-17,4.8942,4.9437,4.8135,4.8282,11482800.0
2003-07-18,4.8777,4.9144,4.786,4.8851,11968000.0
2003-07-21,4.8319,4.9016,4.786,4.8961,12759200.0
2003-07-22,4.8649,5.0336,4.8264,4.9309,15056400.0
2003-07-23,4.9162,4.9492,4.841,4.9217,9578800.0
2003-07-24,4.9932,4.9969,4.8319,4.8392,15178800.0
2003-07-25,4.7732,4.9199,4.7475,4.8961,13829600.0
2003-07-28,4.9199,4.9327,4.8245,4.8796,7939600.0
2003-07-29,4.9034,4.9236,4.7805,4.8374,11913200.0
2003-07-30,4.9126,5.0097,4.8704,4.9272,11393600.0
2003-07-31,4.9584,5.0923,4.9217,5.0116,22350800.0
2003-08-01,5.0244,5.0464,4.9272,4.9712,14365200.0
2003-08-04,4.9511,5.0263,4.8135,4.9419,13316000.0
2003-08-05,4.9639,4.9786,4.8117,4.8227,14073600.0
2003-08-06,4.8117,4.9052,4.7714,4.7915,11622800.0
2003-08-07,4.786,4.8594,4.7677,4.7897,9404400.0
2003-08-08,4.7732,4.8649,4.7677,4.8007,8464800.0
2003-08-11,4.7842,4.8979,4.7769,4.8429,8713200.0
2003-08-12,4.8245,4.8979,4.8135,4.8869,5837600.0
2003-08-13,4.8997,4.9162,4.841,4.8612,7985200.0
2003-08-14,4.8704,4.9767,4.8227,4.9419,9196800.0
2003-08-15,4.9382,5.0061,4.8942,4.9309,4130800.0
2003-08-18,4.9566,5.0006,4.9382,4.9932,6717600.0
2003-08-19,5.0244,5.0299,4.9162,4.9566,7496000.0
2003-08-20,4.9547,4.9877,4.9291,4.9749,7111600.0
2003-08-21,4.9877,5.0006,4.9217,4.9749,6555200.0
2003-08-22,4.9987,5.0318,4.8961,4.9144,9133200.0
2003-08-25,4.8667,4.9859,4.8631,4.9841,6558400.0
2003-08-26,4.9511,4.9804,4.8594,4.9694,10353200.0
2003-08-27,4.9547,4.9969,4.9236,4.9731,6354400.0
2003-08-28,5.0061,5.0941,4.9566,5.0684,11426400.0
2003-08-29,5.1436,5.2316,5.0813,5.206,17445600.0
2003-09-02,5.1509,5.2903,5.1454,5.272,14224400.0
2003-09-03,5.3086,5.3875,5.2261,5.3105,14455200.0
2003-09-04,5.2848,5.3728,5.2683,5.3527,13058000.0
2003-09-05,5.3105,5.3472,5.239,5.283,12684000.0
2003-09-08,5.2665,5.4077,5.2646,5.316,17984000.0
2003-09-09,5.3068,5.3398,5.2793,5.2958,12538000.0
2003-09-10,5.272,5.3251,5.2188,5.2298,14624800.0
2003-09-11,5.2316,5.3893,5.2298,5.327,14888800.0
2003-09-12,5.2995,5.3582,5.2866,5.3472,7808800.0
2003-09-15,5.349,5.349,5.2885,5.294,9692000.0
2003-09-16,5.3031,5.4113,5.3031,5.393,10240800.0
2003-09-17,5.3893,5.404,5.3086,5.338,10026400.0
2003-09-18,5.3307,5.4517,5.2903,5.4242,13526400.0
2003-09-19,5.4113,5.4994,5.3123,5.3527,13060400.0
2003-09-22,5.316,5.3508,5.261,5.3325,8883200.0
2003-09-23,5.3196,5.5837,5.2995,5.536,32538000.0
2003-09-24,5.5085,5.6754,5.47,5.5195,22739600.0
2003-09-25,5.5269,5.5342,5.4682,5.4975,20618000.0
2003-09-26,5.4572,5.4792,5.382,5.4223,16165600.0
2003-09-29,5.4498,5.4498,5.2885,5.3618,18373200.0
2003-09-30,5.3141,5.3307,5.2353,5.2811,16429600.0
2003-10-01,5.3251,5.3967,5.2811,5.3728,12728400.0
2003-10-02,5.3618,5.4407,5.3362,5.3967,11588400.0
2003-10-03,5.5544,5.6461,5.5012,5.5415,15749200.0
2003-10-06,5.5305,5.5305,5.4645,5.5085,8676800.0
2003-10-07,5.5104,5.5544,5.492,5.5544,9682800.0
2003-10-08,5.5562,5.5599,5.4829,5.4847,9304800.0
2003-10-09,5.5635,5.6626,5.5012,5.5397,11630400.0
2003-10-10,5.525,5.5837,5.492,5.536,5018400.0
2003-10-13,5.5562,5.6259,5.5195,5.5727,5847200.0
2003-10-14,5.5654,5.5819,5.5324,5.5672,4781600.0
2003-10-15,5.5544,5.6112,5.5122,5.547,10294000.0
2003-10-16,5.5287,5.6057,5.5012,5.5819,8472000.0
2003-10-17,5.5874,5.6094,5.4884,5.5122,7982400.0
2003-10-20,5.4829,5.5635,5.4682,5.536,8774000.0
2003-10-21,5.5012,5.547,5.4755,5.4994,7459200.0
2003-10-22,5.492,5.514,5.426,5.4865,8767200.0
2003-10-23,5.4792,5.5709,5.4718,5.5049,8110800.0
2003-10-24,5.4865,5.5654,5.4315,5.5525,8995600.0
2003-10-27,5.5819,5.591,5.4829,5.503,6582000.0
2003-10-28,5.547,5.7011,5.5104,5.6846,13023600.0
2003-10-29,5.6992,5.7707,5.6662,5.7029,17682400.0
2003-10-30,5.8276,5.8679,5.7414,5.7652,14229600.0
2003-10-31,5.7836,5.8496,5.7597,5.7946,9004000.0
2003-11-03,5.7506,5.8661,5.7506,5.8148,10599600.0
2003-11-04,5.7781,5.8588,5.7652,5.7891,9435600.0
2003-11-05,5.7817,5.9174,5.7432,5.8918,10494000.0
2003-11-06,5.9101,5.9761,5.8533,5.9633,12129600.0
2003-11-07,5.9596,6.0311,5.9339,5.9651,11366800.0
2003-11-10,5.9413,6.0,5.8679,5.8826,6800000.0
2003-11-11,5.8679,5.9138,5.8313,5.8661,5882800.0
2003-11-12,5.8844,5.9871,5.8551,5.9761,7990000.0
2003-11-13,5.9523,6.0605,5.9156,6.0513,17296400.0
2003-11-14,5.9596,5.9761,5.8551,5.8808,19805600.0
2003-11-17,5.9119,5.956,5.7286,5.8148,14192800.0
2003-11-18,5.8459,5.8679,5.6589,5.6791,13925200.0
2003-11-19,5.6699,5.7414,5.5012,5.6295,16144800.0
2003-11-20,5.5782,5.6314,5.514,5.5855,12761200.0
2003-11-21,5.7744,5.7744,5.5195,5.5947,10103200.0
2003-11-24,5.6167,5.7469,5.58,5.7029,10465600.0
2003-11-25,5.7469,5.8221,5.6406,5.7781,12434400.0
2003-11-26,5.9046,5.9413,5.8056,5.8826,11065200.0
2003-11-28,5.8716,5.9431,5.8679,5.8991,4116000.0
2003-12-01,5.8826,6.0055,5.8698,5.9468,8526800.0
2003-12-02,5.9376,5.9431,5.8679,5.8771,11102800.0
2003-12-03,5.8606,5.9963,5.8313,5.8588,13196000.0
2003-12-04,5.8313,5.8973,5.7762,5.8698,9282000.0
2003-12-05,5.8368,5.8973,5.8074,5.8386,10566400.0
2003-12-08,5.8349,5.9321,5.8166,5.9266,7366000.0
2003-12-09,5.9578,5.9688,5.8056,5.8056,8118000.0
2003-12-10,5.8239,5.8496,5.7726,5.8148,6943600.0
2003-12-11,5.8038,5.9505,5.7817,5.9028,8705200.0
2003-12-12,5.9358,5.9358,5.7909,5.8184,8023200.0
2003-12-15,5.8789,5.9413,5.7671,5.7799,11149600.0
2003-12-16,5.7781,5.9028,5.7616,5.8679,12144800.0
2003-12-17,5.8789,5.8991,5.7762,5.8258,7589200.0
2003-12-18,5.8129,5.9376,5.8093,5.9284,9569200.0
2003-12-19,5.9523,5.9743,5.8203,5.8844,13598000.0
2003-12-22,5.9046,5.9064,5.7726,5.8679,12641600.0
2003-12-23,5.8679,5.9284,5.8148,5.8826,9868000.0
2003-12-24,5.9046,5.9064,5.8221,5.8404,3276400.0
2003-12-26,5.8533,5.8789,5.8184,5.8569,2407200.0
2003-12-29,5.8789,5.9578,5.8496,5.9229,6926000.0
2003-12-30,5.9358,6.0421,5.9046,5.9981,8840000.0
2003-12-31,6.0513,6.1302,6.0165,6.0806,11532000.0
2004-01-02,6.1338,6.1687,6.033,6.0348,13181200.0
2004-01-05,6.0605,6.1412,6.0385,6.1265,13903600.0
2004-01-06,6.3117,6.3264,6.1705,6.2017,19274000.0
2004-01-07,6.1723,6.2347,6.121,6.176,9690400.0
2004-01-08,6.0568,6.1595,6.0513,6.121,13144000.0
2004-01-09,6.088,6.1595,6.0678,6.0696,10259600.0
2004-01-12,6.0495,6.1302,6.0421,6.1173,8904400.0
2004-01-13,6.11,6.1173,6.044,6.0715,9841600.0
2004-01-14,6.088,6.2072,6.0696,6.1668,9261600.0
2004-01-15,6.165,6.2897,6.11,6.2237,13252000.0
2004-01-16,6.2182,6.3557,6.2182,6.3374,12955600.0
2004-01-20,6.3172,6.4181,6.2897,6.3869,13680000.0
2004-01-21,6.3704,6.4731,6.3447,6.4181,10830000.0
2004-01-22,6.4914,6.6381,6.4767,6.5519,20161600.0
2004-01-23,6.5996,6.6253,6.5427,6.5794,10698800.0
2004-01-26,6.5482,6.6638,6.4896,6.6638,11152800.0
2004-01-27,6.6473,6.6839,6.5281,6.5427,14644800.0
2004-01-28,6.5941,6.6381,6.4676,6.5024,18117200.0
2004-01-29,6.5959,6.7243,6.5519,6.6894,17563200.0
2004-01-30,6.6748,6.75,6.6033,6.7133,19098400.0
2004-02-02,6.7518,6.7665,6.6033,6.6436,12578000.0
2004-02-03,6.6198,6.7335,6.6014,6.6876,9709200.0
2004-02-04,6.6803,6.7848,6.6381,6.7591,12829200.0
2004-02-05,6.739,6.8105,6.7151,6.7408,10595600.0
2004-02-06,6.7316,6.8416,6.7298,6.8306,10039200.0
2004-02-09,6.7995,6.849,6.7463,6.7536,7564000.0
2004-02-10,6.739,6.8068,6.7206,6.7701,8984400.0
2004-02-11,6.7555,6.8581,6.7243,6.8526,9246800.0
2004-02-12,6.8343,6.8398,6.7518,6.7811,8623600.0
2004-02-13,6.7518,6.8233,6.6821,6.7298,13490400.0
2004-02-17,6.6931,7.1772,6.6913,7.1057,29023200.0
2004-02-18,7.0305,7.0635,6.8985,6.9645,13220800.0
2004-02-19,7.0012,7.0745,6.948,6.9773,13382400.0
2004-02-20,7.0195,7.0562,6.9058,6.926,12104400.0
2004-02-23,6.904,7.025,6.8673,6.9297,12122800.0
2004-02-24,6.9535,7.1809,6.9462,7.1259,19298400.0
2004-02-25,7.2011,7.2762,7.0837,7.1424,17881200.0
2004-02-26,6.8086,6.904,6.739,6.86,33430400.0
2004-02-27,6.8288,6.959,6.8013,6.8581,17753600.0
2004-03-01,6.948,6.9608,6.8251,6.937,13156000.0
2004-03-02,6.9315,6.9407,6.8233,6.8563,11044400.0
2004-03-03,6.849,6.9682,6.8306,6.9333,12037600.0
2004-03-04,6.9003,7.0232,6.8857,6.9553,7395200.0
2004-03-05,6.9425,7.1039,6.9077,6.9718,14230800.0
2004-03-08,6.9517,7.0305,6.8526,6.8691,14322400.0
2004-03-09,6.8563,6.9498,6.827,6.882,11234000.0
2004-03-10,6.9498,7.0324,6.8747,6.937,16786800.0
2004-03-11,6.8912,7.0048,6.8857,6.9003,11380800.0
2004-03-12,6.915,6.9663,6.8508,6.8948,12715600.0
2004-03-15,6.86,6.9315,6.7775,6.7885,15135600.0
2004-03-16,6.8563,6.9022,6.8123,6.8545,11246000.0
2004-03-17,6.9022,6.9077,6.8343,6.8508,9808800.0
2004-03-18,6.8673,6.8673,6.7628,6.7958,12157600.0
2004-03-19,6.7555,6.8196,6.7353,6.7463,14674400.0
2004-03-22,6.6949,6.8361,6.6949,6.8215,17811200.0
2004-03-23,6.827,6.849,6.7243,6.7481,15044400.0
2004-03-24,6.7536,6.86,6.7243,6.7811,16306000.0
2004-03-25,6.8013,6.8581,6.7463,6.838,9903200.0
2004-03-26,6.8105,6.8453,6.7481,6.7518,10619200.0
2004-03-29,6.783,6.9297,6.7628,6.9077,9957200.0
2004-03-30,6.904,6.9883,6.8361,6.9737,11953600.0
2004-03-31,7.0213,7.0305,6.9077,6.9443,9425600.0
2004-04-01,6.9938,7.0379,6.9058,7.0103,13455200.0
2004-04-02,7.0929,7.2652,7.0544,7.2066,14040000.0
2004-04-05,7.2304,7.2799,7.1515,7.2799,8706000.0
2004-04-06,7.1754,7.3184,7.1754,7.2799,10446800.0
2004-04-07,7.2872,7.2964,7.157,7.1937,14182000.0
2004-04-08,7.1607,7.2341,7.1167,7.1772,9746800.0
2004-04-12,7.2029,7.2286,7.146,7.1882,7401600.0
2004-04-13,7.2304,7.2377,7.036,7.0562,9633200.0
2004-04-14,7.0158,7.0599,6.9498,7.0122,11580000.0
2004-04-15,7.0452,7.0452,6.948,6.9792,10090000.0
2004-04-16,7.0305,7.0305,6.9205,6.9388,15652400.0
2004-04-19,6.9498,7.0048,6.9205,6.9847,8268000.0
2004-04-20,7.0067,7.0764,6.8251,6.827,10639200.0
2004-04-21,6.8875,6.8967,6.7371,6.827,12259600.0
2004-04-22,6.9865,7.2432,6.9682,7.1625,21610000.0
2004-04-23,7.1827,7.2194,7.0965,7.1846,10364800.0
2004-04-26,7.2359,7.2377,7.0709,7.1515,8474800.0
2004-04-27,7.1956,7.3166,7.157,7.2011,12244800.0
2004-04-28,7.2212,7.2432,7.0947,7.1405,9319600.0
2004-04-29,7.1845,7.2836,7.0965,7.1717,11548400.0
2004-04-30,7.1937,7.2652,7.1149,7.1369,10630800.0
2004-05-03,7.1185,7.2176,7.0599,7.179,9848400.0
2004-05-04,7.2029,7.3257,7.157,7.2616,14965600.0
2004-05-05,7.2799,7.3184,7.2231,7.3019,12306000.0
2004-05-06,7.2634,7.3037,7.1515,7.2304,10154800.0
2004-05-07,7.1515,7.1992,6.9792,6.9957,13808400.0
2004-05-10,6.9645,6.9957,6.8985,6.9627,13010800.0
2004-05-11,6.9425,7.0745,6.9205,6.992,8941200.0
2004-05-12,6.9957,6.9957,6.7903,6.926,15044400.0
2004-05-13,6.8985,6.948,6.8306,6.9407,11935600.0
2004-05-14,6.9462,7.0654,6.904,6.9755,8915600.0
2004-05-17,6.9315,6.9682,6.8765,6.8912,12256400.0
2004-05-18,6.9352,6.9462,6.8802,6.8967,6636800.0
2004-05-19,6.9517,6.9847,6.8471,6.8838,9579600.0
2004-05-20,6.9058,7.0745,6.9003,7.0544,15591600.0
2004-05-21,7.0837,7.1515,7.0324,7.1094,8080800.0
2004-05-24,7.1864,7.1937,7.0709,7.1075,7443600.0
2004-05-25,7.1185,7.2707,7.0635,7.2579,10683200.0
2004-05-26,7.2249,7.2964,7.2066,7.2744,7514800.0
2004-05-27,7.3679,7.4248,7.2964,7.3386,17056400.0
2004-05-28,7.3771,7.555,7.3533,7.4449,17221600.0
2004-06-01,7.4633,7.5586,7.4486,7.5275,10714400.0
2004-06-02,7.555,7.6485,7.5293,7.5953,12493200.0
2004-06-03,7.6008,7.6595,7.5458,7.555,9206800.0
2004-06-04,7.6356,7.6668,7.5623,7.5843,12792000.0
2004-06-07,7.6191,7.7732,7.6045,7.7603,10358800.0
2004-06-08,7.7493,7.9162,7.7145,7.9015,15099600.0
2004-06-09,7.8557,7.9455,7.8025,7.8392,8870800.0
2004-06-10,7.8245,7.9235,7.8044,7.8172,7701200.0
2004-06-14,7.808,7.819,7.5678,7.698,13168800.0
2004-06-15,7.7457,7.8612,7.6466,7.8447,14384800.0
2004-06-16,7.8447,7.8759,7.7475,7.8704,8901600.0
2004-06-17,7.863,7.9217,7.8209,7.896,8335600.0
2004-06-18,7.83,8.1051,7.8282,8.0134,13946000.0
2004-06-21,8.0207,8.1143,7.9859,8.0244,10815600.0
2004-06-22,8.0281,8.0482,7.8722,8.0317,11558800.0
2004-06-23,8.0482,8.1143,7.9859,8.1014,9865600.0
2004-06-24,8.0941,8.1418,7.9712,8.0006,13694000.0
2004-06-25,8.0134,8.0391,7.7842,7.9217,18373200.0
2004-06-28,7.951,7.9951,7.8997,7.9345,12004000.0
2004-06-29,7.9694,8.0207,7.8905,7.9235,9716000.0
2004-06-30,7.9254,8.0262,7.8484,7.9749,11622800.0
2004-07-01,8.1876,8.2701,8.0721,8.1821,18094000.0
2004-07-02,8.2298,8.4003,8.1803,8.3508,15961200.0
2004-07-06,8.4021,8.5067,8.3196,8.327,14341600.0
2004-07-07,8.3655,8.4828,8.3453,8.4608,14059200.0
2004-07-08,8.4957,8.5012,8.2665,8.2793,12580400.0
2004-07-09,8.3233,8.4132,8.2701,8.3728,10203600.0
2004-07-12,8.3453,8.4297,8.2756,8.3636,9242000.0
2004-07-13,8.3948,8.4315,8.3416,8.3985,8066400.0
2004-07-14,8.3985,8.5452,8.3746,8.4278,15493600.0
2004-07-15,8.4407,8.4682,8.3618,8.4388,12008400.0
2004-07-16,8.514,8.5177,8.4003,8.4663,16261200.0
2004-07-19,8.5232,8.6497,8.481,8.5397,17891200.0
2004-07-20,8.5562,8.5672,8.4021,8.514,18898000.0
2004-07-21,8.525,8.536,8.3288,8.3691,17652800.0
2004-07-22,8.547,8.7781,8.3911,8.7579,24379200.0
2004-07-23,8.7542,8.7634,8.5727,8.6295,14237600.0
2004-07-26,8.657,8.7322,8.492,8.569,13546400.0
2004-07-27,8.6277,8.8037,8.5874,8.7597,13589200.0
2004-07-28,8.7175,8.8184,8.6185,8.7799,13976000.0
2004-07-29,8.8679,8.8752,8.5287,8.7157,16312000.0
2004-07-30,8.6552,8.7176,8.58,8.6167,11306400.0
2004-08-02,8.5947,8.6424,8.4645,8.5213,16205200.0
2004-08-03,8.4718,8.5672,8.3618,8.4076,17194800.0
2004-08-04,8.3746,8.4388,8.2756,8.3306,16024400.0
2004-08-05,8.3435,8.47,8.2756,8.305,10541200.0
2004-08-06,8.2555,8.2793,7.9841,8.0097,21988800.0
2004-08-09,8.0189,8.1528,8.0189,8.0611,10696400.0
2004-08-10,8.1179,8.2683,8.1051,8.2664,12002800.0
2004-08-11,8.1968,8.2334,8.1473,8.1784,9651600.0
2004-08-12,8.1253,8.1876,7.9859,8.0189,14435200.0
2004-08-13,8.0299,8.0812,7.8942,7.9199,12441200.0
2004-08-16,7.8575,8.1014,7.8007,7.9914,11809600.0
2004-08-17,8.0281,8.1344,7.9767,8.0134,9483200.0
2004-08-18,8.0226,8.1601,7.9767,8.1583,11963200.0
2004-08-19,8.1546,8.2775,8.1509,8.1876,13857200.0
2004-08-20,8.2078,8.2775,8.1601,8.2591,8058800.0
2004-08-23,8.3013,8.3068,8.2041,8.2499,10011600.0
2004-08-24,8.2646,8.3911,8.2518,8.3728,10439200.0
2004-08-25,8.338,8.448,8.2518,8.4425,11550400.0
2004-08-26,7.9657,8.0317,7.7108,7.8979,56257200.0
2004-08-27,7.9089,7.9749,7.797,7.8062,18594400.0
2004-08-30,7.8117,7.9584,7.797,7.841,12330800.0
2004-08-31,7.8759,7.9309,7.8209,7.929,10968800.0
2004-09-01,7.8832,7.9584,7.8465,7.9272,10862800.0
2004-09-02,7.951,8.1601,7.9474,8.1418,10046400.0
2004-09-03,8.1601,8.2316,8.0959,8.1344,9805200.0
2004-09-07,8.1931,8.2224,8.0739,8.1381,10348800.0
2004-09-08,8.0886,8.2151,8.0867,8.1271,8508800.0
2004-09-09,8.1748,8.2169,8.0922,8.1821,9120800.0
2004-09-10,8.1784,8.2389,8.1271,8.2261,6140800.0
2004-09-13,8.2444,8.2958,8.1839,8.2573,12973200.0
2004-09-14,8.2793,8.4297,8.2408,8.4297,10364400.0
2004-09-15,8.4755,8.481,8.3031,8.3288,10092000.0
2004-09-16,8.3655,8.3875,8.3123,8.3655,5194000.0
2004-09-17,8.404,8.4883,8.3746,8.4443,8795600.0
2004-09-20,8.404,8.4297,8.283,8.3618,8164400.0
2004-09-21,8.3453,8.426,8.2885,8.3856,8970000.0
2004-09-22,8.3251,8.3288,8.1051,8.2096,15573200.0
2004-09-23,8.2059,8.2848,8.1913,8.1913,7921200.0
2004-09-24,8.1949,8.3508,8.1326,8.2591,10689600.0
2004-09-27,8.2243,8.2536,8.1014,8.1381,13718000.0
2004-09-28,8.1839,8.1986,8.1271,8.1748,8131600.0
2004-09-29,8.1784,8.3453,8.1363,8.3435,9474000.0
2004-09-30,8.2976,8.3636,8.2518,8.3361,12315600.0
2004-10-01,8.4297,8.6589,8.305,8.6589,19900400.0
2004-10-04,8.7065,8.7194,8.5727,8.6277,14047600.0
2004-10-05,8.6369,8.7341,8.5874,8.6974,8513600.0
2004-10-06,8.6827,8.8019,8.6424,8.7982,13413600.0
2004-10-07,8.4737,8.6919,8.4462,8.635,23275200.0
2004-10-08,8.7432,8.9248,8.6644,8.69,16388400.0
2004-10-11,8.7249,8.8019,8.69,8.7671,5556800.0
2004-10-12,8.7597,8.8331,8.69,8.8092,8622400.0
2004-10-13,8.8092,8.8477,8.6314,8.7377,9872800.0
2004-10-14,8.712,8.8422,8.6369,8.7634,14989600.0
2004-10-15,8.8331,9.1081,8.7781,9.0715,18374400.0
2004-10-18,9.0385,9.242,8.9908,9.2237,16470000.0
2004-10-19,9.2218,9.4437,9.132,9.2255,25040400.0
2004-10-20,9.2548,9.3043,9.1558,9.2163,12425200.0
2004-10-21,9.2255,9.3208,9.0586,9.308,13634400.0
2004-10-22,9.3318,9.418,9.187,9.1943,9506800.0
2004-10-25,9.1962,9.2402,9.088,9.1063,9935200.0
2004-10-26,9.1613,9.286,9.1136,9.2622,12204800.0
2004-10-27,9.2255,9.5079,9.2072,9.4969,12871200.0
2004-10-28,9.4584,9.6913,9.3722,9.6913,12049600.0
2004-10-29,9.6417,9.7646,9.6179,9.6968,15049600.0
2004-11-01,9.7041,9.8288,9.6454,9.7738,10605200.0
2004-11-02,9.7518,9.8251,9.7096,9.7151,10987600.0
2004-11-03,9.7921,9.8691,9.7206,9.8068,14934800.0
2004-11-04,9.8563,10.08,9.7738,10.0213,17352800.0
2004-11-05,10.0598,10.102,9.9406,9.9957,10580800.0
2004-11-08,10.0672,10.0855,9.9278,9.9755,8412400.0
2004-11-09,10.0012,10.1405,9.9571,10.0525,9550000.0
2004-11-10,10.1589,10.3697,10.1167,10.1387,21623200.0
2004-11-11,9.7848,10.2212,9.7371,10.1662,31888000.0
2004-11-12,10.1589,10.1864,10.0653,10.1405,12041200.0
2004-11-15,10.1204,10.1662,10.0397,10.1149,10700400.0
2004-11-16,10.0232,10.1332,10.003,10.0195,8790000.0
2004-11-17,10.0562,10.223,10.0213,10.1937,10554000.0
2004-11-18,10.1717,10.2505,10.1185,10.2285,8528400.0
2004-11-19,10.256,10.3551,10.0892,10.124,8240000.0
2004-11-22,10.3771,10.4064,10.0855,10.3587,10499600.0
2004-11-23,10.3569,10.4266,10.2854,10.3441,10432400.0
2004-11-24,10.3954,10.4523,10.3569,10.4101,7651600.0
2004-11-26,10.4064,10.4523,10.3496,10.3789,2638800.0
2004-11-29,10.3991,10.4193,10.2029,10.3441,9873600.0
2004-11-30,10.3037,10.3881,10.2579,10.3166,9386800.0
2004-12-01,10.3294,10.5604,10.3221,10.5531,12479200.0
2004-12-02,10.8538,10.8777,10.5696,10.7548,20028800.0
2004-12-03,10.7585,10.8007,10.6118,10.742,11111200.0
2004-12-06,10.7603,10.8043,10.6356,10.7713,7989200.0
2004-12-07,10.8355,10.8557,10.4999,10.5018,12484000.0
2004-12-08,10.5513,10.7218,10.5311,10.6741,12013600.0
2004-12-09,10.5916,10.7713,10.5256,10.7548,10495200.0
2004-12-10,10.676,10.7163,10.61,10.6466,9387600.0
2004-12-13,10.7383,10.764,10.6485,10.7622,6844400.0
2004-12-14,10.7713,10.7988,10.6888,10.7677,10064400.0
2004-12-15,10.7988,10.819,10.6925,10.7603,7800800.0
2004-12-16,10.7291,10.8025,10.6008,10.643,8380400.0
2004-12-17,10.7218,10.7713,10.6155,10.6686,13771600.0
2004-12-20,10.7695,10.8318,10.7145,10.7732,9650000.0
2004-12-21,10.8282,10.8373,10.7108,10.8117,11063600.0
2004-12-22,10.8392,11.2408,10.8007,11.2114,22091600.0
2004-12-23,11.1839,11.2756,11.1161,11.1161,9399600.0
2004-12-27,11.1986,11.2866,11.0317,11.2591,11234000.0
2004-12-28,11.3233,11.569,11.3049,11.569,13123600.0
2004-12-29,11.5653,11.7542,11.5525,11.712,11976400.0
2004-12-30,11.7634,11.7835,11.4865,11.4865,11190800.0
2004-12-31,11.5452,11.5617,11.3655,11.4351,11211600.0
2005-01-03,11.6057,11.6148,11.1069,11.2114,22233600.0
2005-01-04,11.3123,11.4315,11.1692,11.2041,15898800.0
2005-01-05,11.1876,11.4058,11.1161,11.2958,17782800.0
2005-01-06,10.9272,11.0335,10.654,10.9547,39010400.0
2005-01-07,11.0024,11.0849,10.8282,10.9419,13331600.0
2005-01-10,10.8868,10.929,10.5623,10.6045,25521200.0
2005-01-11,10.4981,10.5733,10.2047,10.5238,31043200.0
2005-01-12,10.5238,10.6411,10.3074,10.4559,17901600.0
2005-01-13,10.3459,10.4137,10.1112,10.1534,23740000.0
2005-01-14,10.1332,10.4358,10.113,10.3074,21268800.0
2005-01-18,10.3569,10.6521,10.2781,10.6265,14832400.0
2005-01-19,10.72,10.7897,10.5715,10.5898,15085600.0
2005-01-20,10.61,10.6943,10.3532,10.3807,19412400.0
2005-01-21,10.4284,10.4431,10.1497,10.2102,19237600.0
2005-01-24,10.1882,10.2065,9.6106,9.8856,31173200.0
2005-01-25,9.8911,10.113,9.8691,9.9021,20360800.0
2005-01-26,9.9113,10.1607,9.8783,10.1479,22027600.0
2005-01-27,10.0488,10.1222,9.5867,9.7243,53403600.0
2005-01-28,9.7719,9.8471,9.5537,9.8471,25232000.0
2005-01-31,9.8948,9.948,9.7903,9.9021,18148000.0
2005-02-01,9.9315,10.0103,9.8563,9.9663,11965600.0
2005-02-02,10.0782,10.0818,9.8105,9.9021,12258400.0
2005-02-03,9.2438,9.3447,9.0109,9.0898,65583600.0
2005-02-04,9.1008,9.3172,9.0183,9.2897,22377200.0
2005-02-07,9.3649,9.4327,9.2255,9.352,13668400.0
2005-02-08,9.3905,9.4804,9.3025,9.4565,14066400.0
2005-02-09,9.4602,9.4749,9.2328,9.2695,12164000.0
2005-02-10,9.3832,9.3979,9.2017,9.2017,14404000.0
2005-02-11,9.11,9.2878,9.0238,9.2017,19920400.0
2005-02-14,9.2163,9.2383,9.1393,9.1411,11924000.0
2005-02-15,9.1668,9.3428,9.0861,9.2622,16346000.0
2005-02-16,9.297,9.3245,9.1705,9.2402,13340400.0
2005-02-17,9.209,9.2805,9.1228,9.132,11322400.0
2005-02-18,9.1503,9.1943,9.1173,9.1558,9649600.0
2005-02-22,9.0806,9.2493,9.0788,9.1008,15416400.0
2005-02-23,9.165,9.2622,9.088,9.1503,11224000.0
2005-02-24,9.1485,9.3979,9.1228,9.3795,14700000.0
2005-02-25,9.396,9.4675,9.3263,9.3832,11339200.0
2005-02-28,9.3869,9.5611,9.3667,9.5006,14593600.0
2005-03-01,9.5152,9.6656,9.4602,9.6418,13483200.0
2005-03-02,9.6876,9.7884,9.5849,9.6839,13469200.0
2005-03-03,10.0048,10.0397,9.7188,9.827,23959200.0
2005-03-04,9.9627,10.0305,9.8893,9.9828,14966800.0
2005-03-07,10.0617,10.1937,10.0122,10.113,11910400.0
2005-03-08,10.1405,10.1552,9.8655,10.0048,13934800.0
2005-03-09,9.9938,10.0855,9.9388,10.0048,12695200.0
2005-03-10,9.9847,10.0635,9.7646,9.9572,12373600.0
2005-03-11,9.9792,9.9993,9.7921,9.8105,9969200.0
2005-03-14,9.871,9.9736,9.8306,9.8471,9470800.0
2005-03-15,9.8618,9.9241,9.7554,9.7811,10195600.0
2005-03-16,9.7408,9.7628,9.4896,9.5464,16874800.0
2005-03-17,9.5042,9.6766,9.4675,9.5611,8597200.0
2005-03-18,9.5372,9.6307,9.4859,9.6307,13063200.0
2005-03-21,9.6234,9.6363,9.4254,9.5666,7946400.0
2005-03-22,9.5757,9.6509,9.473,9.473,10657200.0
2005-03-23,9.5226,9.5501,9.3007,9.4327,14563200.0
2005-03-24,9.4657,9.6528,9.3887,9.5079,10137600.0
2005-03-28,9.5024,9.6949,9.5024,9.5684,9376000.0
2005-03-29,9.5354,9.7866,9.5189,9.6399,11196800.0
2005-03-30,9.6693,9.7261,9.5574,9.6839,8850400.0
2005-03-31,9.7041,9.7169,9.4712,9.473,11595200.0
2005-04-01,9.5776,9.5776,9.2805,9.3997,15728400.0
2005-04-04,9.3594,9.4474,9.319,9.4272,12372800.0
2005-04-05,9.4254,9.5299,9.3465,9.4877,9215600.0
2005-04-06,9.5354,9.6051,9.484,9.5592,11433600.0
2005-04-07,9.33,9.3502,9.0715,9.2603,37772800.0
2005-04-08,9.2603,9.308,8.9101,8.9156,28602400.0
2005-04-11,8.9119,8.9394,8.5158,8.712,38267600.0
2005-04-12,8.646,8.8074,8.5855,8.7927,30865200.0
2005-04-13,8.7561,8.8111,8.6112,8.6387,19818000.0
2005-04-14,8.6332,8.6937,8.5599,8.5947,16619600.0
2005-04-15,8.6644,8.8716,8.6002,8.6809,26153600.0
2005-04-18,8.6534,8.7249,8.5122,8.6185,19468800.0
2005-04-19,8.6735,8.6827,8.426,8.4755,18394800.0
2005-04-20,8.426,8.5213,8.1748,8.3746,23174000.0
2005-04-21,8.4003,8.5268,8.4003,8.5103,12236000.0
2005-04-22,8.503,8.5213,8.3251,8.3545,10021600.0
2005-04-25,8.503,8.7836,8.4755,8.701,20926000.0
2005-04-26,8.7102,8.7652,8.547,8.547,12108400.0
2005-04-27,8.5727,8.6589,8.4425,8.5103,14122800.0
2005-04-28,8.8881,9.0568,8.8716,8.9046,28439200.0
2005-04-29,9.0935,9.1375,8.8331,9.0806,19922000.0
2005-05-02,9.1503,9.1686,9.0219,9.1338,20024400.0
2005-05-03,9.11,9.209,9.0605,9.1705,14511200.0
2005-05-04,9.1778,9.3135,9.132,9.2805,14493600.0
2005-05-05,9.473,9.6179,9.3539,9.5794,24400000.0
2005-05-06,9.6803,9.7353,9.5812,9.6124,16468800.0
2005-05-09,9.6601,9.6638,9.4859,9.5776,11212000.0
2005-05-10,9.5317,9.5702,9.4675,9.5171,8826000.0
2005-05-11,9.5537,9.7188,9.5097,9.7096,11774400.0
2005-05-12,9.6986,9.7646,9.6216,9.7463,13504000.0
2005-05-13,9.7738,9.904,9.6968,9.9021,16146400.0
2005-05-16,9.9095,9.9223,9.7738,9.8636,8942400.0
2005-05-17,9.8471,9.9168,9.7279,9.9113,9962000.0
2005-05-18,9.9205,10.1222,9.8728,10.0947,13239200.0
2005-05-19,10.0287,10.1148,10.0067,10.1002,9074400.0
2005-05-20,10.0433,10.1424,10.0342,10.0837,11555600.0
2005-05-23,10.0763,10.1479,10.0268,10.0708,9540400.0
2005-05-24,10.003,10.0947,9.9663,10.0452,9657200.0
2005-05-25,9.9792,10.0873,9.9645,10.0855,8434800.0
2005-05-26,10.146,10.1735,10.0598,10.1204,11200800.0
2005-05-27,10.1479,10.2175,10.102,10.201,7571600.0
2005-05-31,10.1607,10.2029,10.036,10.047,12595200.0
2005-06-01,10.0708,10.2652,10.047,10.0763,13699600.0
2005-06-02,10.08,10.3257,9.9938,10.3147,12664800.0
2005-06-03,10.3257,10.4064,10.146,10.1699,10309200.0
2005-06-06,10.1772,10.2689,10.1625,10.2304,6601600.0
2005-06-07,10.223,10.4339,10.1717,10.179,11227200.0
2005-06-08,10.2047,10.2579,10.0855,10.1057,7252400.0
2005-06-09,10.1038,10.2469,10.014,10.1405,10627200.0
2005-06-10,10.1259,10.168,9.948,10.0433,10593200.0
2005-06-13,10.0397,10.1552,10.0213,10.1424,9559200.0
2005-06-14,10.113,10.1662,10.0653,10.1295,7521600.0
2005-06-15,10.1314,10.1717,10.014,10.1424,11276800.0
2005-06-16,10.1167,10.1479,10.0268,10.0873,5512400.0
2005-06-17,10.2395,10.2395,9.915,10.003,22322800.0
2005-06-20,9.9792,10.0287,9.8563,9.981,6108800.0
2005-06-21,9.9205,9.9737,9.8288,9.8783,8232000.0
2005-06-22,9.948,9.9571,9.8068,9.8966,5788800.0
2005-06-23,9.8966,9.9755,9.7408,9.7554,9830400.0
2005-06-24,9.7554,9.8435,9.6124,9.6161,8698400.0
2005-06-27,9.5537,9.6087,9.4895,9.5281,9144400.0
2005-06-28,9.5537,9.7426,9.4474,9.7298,16504400.0
2005-06-29,9.7298,9.7334,9.4987,9.5666,11310800.0
2005-06-30,9.5391,9.5922,9.4492,9.473,13650400.0
2005-07-01,9.4859,9.5152,9.3245,9.3612,9730000.0
2005-07-05,9.4547,9.5886,9.3539,9.5317,11245600.0
2005-07-06,9.5171,9.5537,9.231,9.275,17888000.0
2005-07-07,9.132,9.2328,9.0366,9.2035,17037600.0
2005-07-08,9.2017,9.5226,9.1723,9.4951,15001600.0
2005-07-11,9.5354,9.5702,9.4474,9.5409,8274000.0
2005-07-12,9.4877,9.5427,9.3667,9.5281,7946000.0
2005-07-13,9.4951,9.5354,9.4437,9.4822,9456400.0
2005-07-14,9.5977,9.6344,9.5042,9.6197,10019600.0
2005-07-15,9.6619,9.7188,9.6271,9.6638,9960800.0
2005-07-18,9.6142,9.6289,9.5592,9.5996,7437600.0
2005-07-19,9.5739,9.6252,9.4254,9.4639,11724800.0
2005-07-20,9.4437,9.5757,9.4107,9.5409,10673600.0
2005-07-21,9.5079,9.5409,9.352,9.4657,8303600.0
2005-07-22,9.4584,9.5409,9.3942,9.4107,9526000.0
2005-07-25,9.3539,9.396,9.198,9.2512,12894000.0
2005-07-26,9.2603,9.3062,9.1962,9.2402,12991200.0
2005-07-27,9.2402,9.3062,9.1503,9.2328,17695200.0
2005-07-28,9.8215,9.9737,9.5904,9.6601,51825600.0
2005-07-29,9.7316,9.7646,9.6344,9.6362,12990400.0
2005-08-01,9.6362,9.6766,9.5372,9.5702,11180800.0
2005-08-02,9.5427,9.6546,9.5317,9.5556,9830400.0
2005-08-03,9.5042,9.5757,9.4895,9.5171,10522000.0
2005-08-04,9.5262,9.5904,9.33,9.3483,8155600.0
2005-08-05,9.3245,9.3667,9.2658,9.2677,5796000.0
2005-08-08,9.2402,9.3795,9.2402,9.3502,9387600.0
2005-08-09,9.3612,9.506,9.3447,9.4932,12118400.0
2005-08-10,9.5354,9.6142,9.4125,9.4199,9333600.0
2005-08-11,9.4107,9.6546,9.407,9.6051,12318400.0
2005-08-12,9.4804,9.5446,9.4547,9.5409,11346800.0
2005-08-15,9.4694,9.6142,9.4602,9.5794,6331200.0
2005-08-16,9.5629,9.5867,9.3685,9.3685,10056800.0
2005-08-17,9.3887,9.4712,9.3649,9.4125,5985600.0
2005-08-18,9.352,9.4364,9.3484,9.3795,4876000.0
2005-08-19,9.3429,9.4492,9.3373,9.3704,5900400.0
2005-08-22,9.374,9.4437,9.2127,9.286,7386400.0
2005-08-23,9.2823,9.3062,9.1741,9.2127,8425600.0
2005-08-24,9.1778,9.22,9.0531,9.0623,11365200.0
2005-08-25,9.0953,9.1356,9.0054,9.0641,9994400.0
2005-08-26,9.022,9.0861,8.9578,9.0623,8712400.0
2005-08-29,8.9944,9.0641,8.9614,9.0238,6808400.0
2005-08-30,8.9853,9.0054,8.8257,8.9064,14566400.0
2005-08-31,8.9303,9.0091,8.8019,8.9908,16132800.0
2005-09-01,9.132,9.1741,8.9211,8.9284,19624400.0
2005-09-02,8.9834,8.9981,8.8459,8.8569,7524800.0
2005-09-06,8.8661,8.9688,8.8441,8.9009,9410000.0
2005-09-07,8.8807,8.9174,8.7891,8.8514,12014800.0
2005-09-08,8.8111,8.8679,8.7249,8.8404,8261200.0
2005-09-09,8.8881,8.9028,8.8239,8.8734,7537600.0
2005-09-12,8.8404,8.9339,8.8404,8.8863,15035600.0
2005-09-13,8.8569,8.8881,8.7799,8.7946,13102000.0
2005-09-14,8.7964,8.8239,8.6314,8.6479,13180000.0
2005-09-15,8.646,8.7047,8.5929,8.6717,10889200.0
2005-09-16,8.6662,8.6992,8.6002,8.6149,19209600.0
2005-09-19,8.6185,8.6625,8.5012,8.5305,10256400.0
2005-09-20,8.5268,8.6369,8.437,8.4645,13312000.0
2005-09-21,8.5397,8.6369,8.4572,8.558,16207600.0
2005-09-22,8.613,8.8899,8.613,8.8587,17485600.0
2005-09-23,8.8936,8.9779,8.8642,8.9009,10870000.0
2005-09-26,8.9853,8.9908,8.8496,8.9193,11099200.0
2005-09-27,8.9816,9.0073,8.8569,8.9028,8969600.0
2005-09-28,8.9559,8.9669,8.7817,8.7982,10545200.0
2005-09-29,8.7927,9.0128,8.7175,9.0091,16315600.0
2005-09-30,9.0531,9.198,8.9541,9.187,15360000.0
2005-10-03,9.2255,9.2567,9.1411,9.242,12447200.0
2005-10-04,9.2548,9.33,9.242,9.2677,12366000.0
2005-10-05,9.253,9.2768,9.1173,9.1338,13584000.0
2005-10-06,9.4437,9.5537,9.3649,9.4749,31441600.0
2005-10-07,9.4914,9.5042,9.3135,9.3594,11320800.0
2005-10-10,9.3557,9.4987,9.2237,9.4107,9828000.0
2005-10-11,9.4052,9.4694,9.3428,9.3777,8873600.0
2005-10-12,9.352,9.5171,9.2603,9.3007,11514000.0
2005-10-13,9.33,9.7463,9.3227,9.7004,21985200.0
2005-10-14,9.6803,9.7188,9.6216,9.6968,14046000.0
2005-10-17,9.6454,9.7756,9.6161,9.7353,8214000.0
2005-10-18,9.6766,9.7279,9.5867,9.6454,8403200.0
2005-10-19,9.6546,10.0378,9.5904,10.0378,18472000.0
2005-10-20,10.0085,10.102,9.8636,9.937,16716000.0
2005-10-21,10.08,10.1314,9.9755,10.0873,15218400.0
2005-10-24,10.1479,10.3606,10.0855,10.2285,12607800.0
2005-10-25,10.2689,10.3056,10.1039,10.2285,11297000.0
2005-10-26,10.2762,10.3606,10.1038,10.1479,8237600.0
2005-10-27,10.1149,10.2322,9.8545,9.8545,9327600.0
2005-10-28,9.9498,10.2065,9.9461,10.1992,9345000.0
2005-10-31,10.2689,10.4486,10.1589,10.3716,15043200.0
2005-11-01,10.3789,10.4156,10.2946,10.3239,13858400.0
2005-11-02,10.4339,10.6503,10.3642,10.5733,13744200.0
2005-11-03,10.6686,10.9657,10.5769,10.7933,17615000.0
2005-11-04,11.1381,11.2151,11.0391,11.1344,13103000.0
2005-11-07,11.2738,11.3581,11.0867,11.1527,11982600.0
2005-11-08,11.1491,11.1857,10.7933,10.819,14185000.0
2005-11-09,10.819,10.9364,10.797,10.819,10166800.0
2005-11-10,10.5696,10.995,10.5403,10.9914,15788200.0
2005-11-11,11.0317,11.1197,10.9914,11.0574,8672600.0
2005-11-14,11.0721,11.1857,11.0537,11.1161,6762400.0
2005-11-15,11.2518,11.2518,10.9877,11.1051,5711800.0
2005-11-16,11.1784,11.2151,11.0647,11.1564,6561600.0
2005-11-17,11.2811,11.4608,11.1894,11.4498,11739200.0
2005-11-18,11.5488,11.5965,11.2811,11.3618,14759200.0
2005-11-21,11.4498,11.7359,11.4461,11.6992,15397600.0
2005-11-22,11.6772,11.7285,11.5085,11.5708,11671200.0
2005-11-23,11.5892,11.6882,11.5415,11.6442,7876400.0
2005-11-25,11.6955,11.7359,11.5635,11.6258,3521000.0
2005-11-28,11.6075,11.6992,11.4058,11.4168,7764200.0
2005-11-29,11.5525,11.5635,11.3104,11.3104,10618200.0
2005-11-30,11.3324,11.4315,11.1674,11.1674,11195600.0
2005-12-01,11.1271,11.5011,11.1271,11.4205,13025000.0
2005-12-02,11.7139,11.7359,11.5708,11.7102,11792200.0
2005-12-05,11.7175,11.7579,11.5268,11.7212,8991000.0
2005-12-06,11.6699,11.9046,11.6442,11.6625,11079000.0
2005-12-07,11.7175,11.7322,11.4388,11.4938,8554200.0
2005-12-08,11.5011,11.5818,11.2518,11.3141,10588800.0
2005-12-09,11.2921,11.4205,11.2628,11.4095,6761600.0
2005-12-12,11.5085,11.5305,11.2188,11.3288,7148800.0
2005-12-13,11.2664,11.5782,11.2591,11.5525,7947400.0
2005-12-14,11.5415,11.6478,11.4865,11.6112,7249600.0
2005-12-15,11.5745,11.8532,11.5305,11.5965,7847800.0
2005-12-16,11.5635,11.7139,11.4241,11.4388,20327800.0
2005-12-19,11.4241,11.6368,11.2298,11.2408,7975000.0
2005-12-20,11.2591,11.2811,11.039,11.0611,10747800.0
2005-12-21,11.1381,11.2774,11.0831,11.1968,8022400.0
2005-12-22,11.2261,11.3728,11.2041,11.2884,8196400.0
2005-12-23,11.3985,11.4095,11.1931,11.2078,3824400.0
2005-12-27,11.2371,11.3618,11.1454,11.2041,6047600.0
2005-12-28,11.1674,11.3141,11.1674,11.2078,4338800.0
2005-12-29,11.2041,11.3141,11.1674,11.1894,4098600.0
2005-12-30,11.1491,11.1784,10.9804,11.006,6823200.0
2006-01-03,11.2114,11.3691,10.9657,11.3214,12794000.0
2006-01-04,11.4351,11.6332,11.3251,11.6148,12183400.0
2006-01-05,11.6258,11.7322,11.5122,11.5928,8028400.0
2006-01-06,11.6112,11.6442,11.4681,11.5965,9210000.0
2006-01-09,11.6295,11.6368,11.4388,11.4791,8418000.0
2006-01-10,11.4425,11.4718,11.3655,11.3765,7619000.0
2006-01-11,11.3324,11.4791,11.2774,11.4131,7054000.0
2006-01-12,11.3765,11.4535,11.3471,11.3545,6155600.0
2006-01-13,11.4205,11.5342,11.3581,11.4755,5969800.0
2006-01-17,11.3985,11.5488,11.3911,11.4205,7289800.0
2006-01-18,11.3728,11.5708,11.3618,11.4168,6810600.0
2006-01-19,11.4095,11.5818,11.3655,11.4975,6644200.0
2006-01-20,11.5305,11.5635,11.0684,11.1161,12924800.0
2006-01-23,11.1564,11.2774,10.9694,11.0904,6912000.0
2006-01-24,11.0904,11.2774,11.0757,11.2628,7601000.0
2006-01-25,11.2518,11.2811,11.0721,11.1344,7276600.0
2006-01-26,11.3068,11.5598,11.1858,11.5488,9298400.0
2006-01-27,11.5855,11.8496,11.5305,11.7175,9404600.0
2006-01-30,11.7689,11.8532,11.6332,11.6882,6701200.0
2006-01-31,11.7212,11.7469,11.4901,11.6258,9070200.0
2006-02-01,11.4718,11.7469,11.4205,11.5011,13563200.0
2006-02-02,12.1576,12.7811,12.1026,12.6161,41156200.0
2006-02-03,12.5427,12.6747,12.3337,12.4253,18720600.0
2006-02-06,12.286,12.6564,12.2823,12.6491,12475000.0
2006-02-07,12.6161,12.6747,12.4877,12.5867,14700200.0
2006-02-08,12.6564,12.8361,12.5427,12.7334,12809800.0
2006-02-09,12.8764,12.9571,12.7334,12.9058,13998400.0
2006-02-10,12.9681,13.0672,12.8361,13.0195,10493600.0
2006-02-13,12.6014,12.7297,12.495,12.6784,13833800.0
2006-02-14,12.7628,12.8031,12.6307,12.7151,11034600.0
2006-02-15,12.7297,12.9461,12.495,12.9021,9871200.0
2006-02-16,12.9535,13.1478,12.8728,13.1478,10433400.0
2006-02-17,13.0415,13.1735,12.9718,12.9791,8056800.0
2006-02-21,13.0011,13.2212,12.8068,12.9315,8661800.0
2006-02-22,12.9828,13.3385,12.9681,13.2102,10431400.0
2006-02-23,13.2065,13.5219,13.1735,13.2652,10974400.0
2006-02-24,13.3129,13.3385,13.0488,13.1735,9034600.0
2006-02-27,13.1552,13.4889,13.1368,13.4596,8077800.0
2006-02-28,13.4009,13.4559,13.1808,13.3202,9875800.0
2006-03-01,13.3239,13.4302,13.1478,13.3055,8642600.0
2006-03-02,13.2615,13.3165,12.9535,13.0011,14728800.0
2006-03-03,13.2175,13.3606,13.0195,13.0488,11562000.0
2006-03-06,13.0818,13.3716,12.9095,13.1698,11609600.0
2006-03-07,13.1478,13.2909,12.9755,13.0378,8586400.0
2006-03-08,13.1735,13.1808,12.7591,12.9645,8145800.0
2006-03-09,12.9461,13.0708,12.7811,12.8068,7071400.0
2006-03-10,12.8911,13.1038,12.7371,12.9791,12333000.0
2006-03-13,12.8544,13.0268,12.7994,12.8471,7956600.0
2006-03-14,12.8398,13.3495,12.7738,13.2945,11344600.0
2006-03-15,13.2945,13.4302,13.2615,13.3899,9688800.0
2006-03-16,13.4266,13.4669,13.2395,13.2689,6637600.0
2006-03-17,13.3165,13.6063,13.2762,13.4266,16265000.0
2006-03-20,13.4926,13.698,13.4706,13.5293,10075600.0
2006-03-21,13.3055,13.7053,13.2909,13.3055,9509200.0
2006-03-22,13.3275,13.4742,13.2652,13.4082,7431200.0
2006-03-23,13.3129,13.3826,13.1368,13.2505,7370200.0
2006-03-24,13.3055,13.5293,13.2542,13.4302,7344800.0
2006-03-27,13.4229,13.5403,13.3202,13.4192,8815800.0
2006-03-28,13.4742,13.6503,13.3239,13.4229,9723000.0
2006-03-29,13.5439,13.852,13.4376,13.764,12899800.0
2006-03-30,13.8006,13.9767,13.6429,13.764,9633600.0
2006-03-31,13.7603,13.9107,13.731,13.8006,8581200.0
2006-04-03,13.929,14.1197,13.8447,13.9327,15231200.0
2006-04-04,14.028,14.1124,13.9253,14.0574,9335000.0
2006-04-05,14.0427,14.0647,13.6613,13.7493,11467000.0
2006-04-06,13.7346,13.8923,13.5879,13.7346,9241400.0
2006-04-07,14.1197,14.2884,13.8447,13.885,13841800.0
2006-04-10,13.9767,14.028,13.885,13.9253,5561200.0
2006-04-11,14.028,14.05,13.7493,13.7786,7913000.0
2006-04-12,13.8667,13.9767,13.8226,13.94,5279600.0
2006-04-13,14.006,14.1857,13.8997,14.0427,7647200.0
2006-04-17,14.1857,14.1894,13.7493,13.885,9663600.0
2006-04-18,14.0134,14.2737,13.929,14.1454,11339000.0
2006-04-19,14.127,14.3764,14.127,14.2591,9441400.0
2006-04-20,14.3324,14.3764,14.2297,14.2517,7424200.0
2006-04-21,14.3691,14.4865,14.0464,14.1931,11463400.0
2006-04-24,14.2994,14.3471,14.1197,14.1601,7589400.0
2006-04-25,14.2077,14.2664,13.9437,13.995,9245000.0
2006-04-26,14.0354,14.0574,13.7493,13.775,13706800.0
2006-04-27,13.6466,13.7713,13.4852,13.5549,19809800.0
2006-04-28,13.6429,13.7493,13.5659,13.6686,11122200.0
2006-05-01,13.8006,13.929,13.6429,13.6613,18116400.0
2006-05-02,13.7676,14.0097,13.6136,13.8703,15464000.0
2006-05-03,13.8997,13.9107,13.5696,13.698,16206800.0
2006-05-04,13.6759,14.4718,13.5696,14.2261,29507000.0
2006-05-05,14.3178,14.6258,14.3178,14.5341,14935800.0
2006-05-08,14.4425,14.5048,14.3874,14.3984,11372800.0
2006-05-09,14.3911,14.4204,14.072,14.1014,12657200.0
2006-05-10,14.0977,14.1271,13.9363,14.0097,12813800.0
2006-05-11,13.9327,13.9767,13.2249,13.4009,23034400.0
2006-05-12,13.3899,13.4522,13.0085,13.0745,16773400.0
2006-05-15,13.1112,13.3275,12.8801,13.3129,13821600.0
2006-05-16,13.3422,13.5989,13.2689,13.5916,18617400.0
2006-05-17,13.4962,13.5256,13.2652,13.3532,13977800.0
2006-05-18,13.3679,13.3862,13.1772,13.1955,13366000.0
2006-05-19,13.1698,13.4046,13.1185,13.3239,21801600.0
2006-05-22,13.4816,13.5146,13.1588,13.2872,13304000.0
2006-05-23,13.3129,13.4046,13.0525,13.0525,9725200.0
2006-05-24,12.9315,13.0818,12.6894,12.9131,18717800.0
2006-05-25,12.9791,13.1735,12.8508,12.9975,12368400.0
2006-05-26,13.0708,13.1112,12.9131,12.9938,6509800.0
2006-05-30,12.9498,12.9828,12.7187,12.8104,10328400.0
2006-05-31,12.8104,13.0855,12.7921,13.0745,12488600.0
2006-06-01,13.0158,13.3129,13.0158,13.2799,17233200.0
2006-06-02,13.2762,13.3165,13.0378,13.1992,10264600.0
2006-06-05,13.1442,13.2689,12.9645,12.9755,10106400.0
2006-06-06,13.0195,13.0415,12.8031,12.9351,11539400.0
2006-06-07,12.9498,13.1992,12.8801,13.0965,11651800.0
2006-06-08,13.0195,13.3642,12.9278,13.2909,18912000.0
2006-06-09,13.2505,13.3826,13.1368,13.1625,10600400.0
2006-06-12,13.1662,13.2139,12.9755,12.9901,9612400.0
2006-06-13,12.9315,13.1112,12.8508,12.8911,14372800.0
2006-06-14,12.8654,13.1625,12.8104,13.1552,11754800.0
2006-06-15,13.1735,13.5256,13.0268,13.4926,10733600.0
2006-06-16,13.4192,13.5623,13.3312,13.4266,14733800.0
2006-06-19,13.4962,13.4962,13.1038,13.1882,9709400.0
2006-06-20,13.1552,13.3495,13.0892,13.1405,9469600.0
2006-06-21,13.2029,13.5073,13.1735,13.3569,9974400.0
2006-06-22,13.3862,13.4046,13.1258,13.2359,7422400.0
2006-06-23,13.2249,13.5769,13.2138,13.3862,10005800.0
2006-06-26,13.4559,13.5219,13.3129,13.3826,7389200.0
2006-06-27,13.3239,13.4156,13.0818,13.1075,10705400.0
2006-06-28,13.1222,13.1662,12.9901,13.1038,9061000.0
2006-06-29,13.2175,13.9363,13.1845,13.9253,17846400.0
2006-06-30,13.929,13.9437,13.8153,13.8483,11482600.0
2006-07-03,13.9217,14.0574,13.9107,13.9437,3977200.0
2006-07-05,13.8557,13.907,13.5916,13.775,8698400.0
2006-07-06,13.83,13.9363,13.7346,13.8923,8171000.0
2006-07-07,13.1735,13.2542,12.8728,13.2175,32448800.0
2006-07-10,13.2395,13.2909,13.0268,13.0672,11326600.0
2006-07-11,13.0085,13.2359,12.8764,13.1955,10976400.0
2006-07-12,13.1992,13.1992,12.5024,12.6271,23580800.0
2006-07-13,12.5684,12.6601,12.3227,12.4767,23867000.0
2006-07-14,12.4547,12.4804,12.2016,12.3447,16625000.0
2006-07-17,12.2713,12.6271,12.1393,12.5574,14206800.0
2006-07-18,12.5097,12.6087,12.0769,12.2493,26768000.0
2006-07-19,12.341,12.5134,12.1943,12.4107,14262600.0
2006-07-20,12.5831,12.6234,12.209,12.253,14183400.0
2006-07-21,12.154,12.5024,12.1246,12.3923,16665000.0
2006-07-24,12.429,12.7444,12.396,12.7298,13698400.0
2006-07-25,12.6564,13.0158,12.6491,12.9828,15972200.0
2006-07-26,12.8178,12.8654,12.396,12.4767,23442200.0
2006-07-27,12.5244,12.6491,12.2676,12.3153,10711600.0
2006-07-28,12.3483,12.6307,12.3447,12.4804,11539000.0
2006-07-31,12.4437,12.6491,12.3447,12.5537,9322600.0
2006-08-01,12.4657,12.4657,11.8826,12.0879,27140400.0
2006-08-02,12.0109,12.363,12.0109,12.2126,38096200.0
2006-08-03,10.6686,11.5672,10.5329,11.2371,114960000.0
2006-08-04,11.4205,11.4461,11.1051,11.2261,31925600.0
2006-08-07,11.1857,11.4461,11.1711,11.2958,26483200.0
2006-08-08,11.4021,11.4131,11.0867,11.1271,17683400.0
2006-08-09,11.2188,11.2518,10.7713,10.8373,32056000.0
2006-08-10,10.819,11.028,10.7713,10.9877,26931200.0
2006-08-11,10.9474,10.984,10.8447,10.9657,16196200.0
2006-08-14,11.0941,11.1234,10.9547,10.9877,14702600.0
2006-08-15,11.1087,11.1454,10.962,11.0721,11857200.0
2006-08-16,11.1381,11.2554,10.9914,11.2371,13215200.0
2006-08-17,11.1967,11.4938,11.1087,11.4755,18233200.0
2006-08-18,11.5158,11.5342,11.3214,11.4131,15081400.0
2006-08-21,11.2884,11.3471,11.1857,11.2518,9163200.0
2006-08-22,11.2078,11.2958,10.984,11.0647,13351000.0
2006-08-23,11.0134,11.0794,10.852,10.8887,16930800.0
2006-08-24,10.9437,10.9694,10.8153,10.8667,13342200.0
2006-08-25,10.83,11.0501,10.8227,10.984,13735200.0
2006-08-28,10.962,11.1784,10.9144,11.1747,11634800.0
2006-08-29,11.1894,11.2261,10.9547,11.1344,13619600.0
2006-08-30,11.1454,11.3178,11.0721,11.2738,11793800.0
2006-08-31,11.3361,11.4205,11.1197,11.3728,21694800.0
2006-09-01,11.5928,11.7909,11.5048,11.6478,20571200.0
2006-09-05,11.6845,11.7359,11.5268,11.7322,13091000.0
2006-09-06,11.6955,11.8055,11.5452,11.5525,16895200.0
2006-09-07,11.5415,11.5782,11.3911,11.4131,13656600.0
2006-09-08,11.4608,11.5158,11.3361,11.4388,12049800.0
2006-09-11,11.4021,11.5965,11.1968,11.5562,16686600.0
2006-09-12,11.5562,11.9192,11.4791,11.8972,14314600.0
2006-09-13,11.9559,12.2493,11.9449,12.1173,19016800.0
2006-09-14,12.1906,12.2053,11.9192,12.1136,13924400.0
2006-09-15,11.9376,12.5207,11.9376,12.4143,33364600.0
2006-09-18,12.418,12.462,12.286,12.3373,12791400.0
2006-09-19,12.451,12.5134,12.2053,12.352,14924200.0
2006-09-20,12.55,12.8178,12.5207,12.7188,17550400.0
2006-09-21,12.8251,12.8324,12.44,12.473,17892000.0
2006-09-22,12.55,12.6894,12.319,12.473,15645400.0
2006-09-25,12.5097,12.6747,12.2456,12.6344,12569800.0
2006-09-26,12.6527,12.7077,12.4657,12.5684,12856600.0
2006-09-27,12.6161,12.8508,12.517,12.6417,18121800.0
2006-09-28,12.6894,12.7224,12.4804,12.55,12524000.0
2006-09-29,12.5904,12.5977,12.473,12.4877,9662000.0
2006-10-02,12.5244,12.5977,12.3263,12.33,15510800.0
2006-10-03,12.3703,12.5757,12.3703,12.473,13448000.0
2006-10-04,12.462,13.2359,12.4327,13.1882,34076400.0
2006-10-05,13.9363,14.2994,13.6796,14.1894,60389200.0
2006-10-06,14.1931,14.4865,14.0244,14.0867,37896400.0
2006-10-09,14.0244,14.2334,13.9473,14.083,13817200.0
2006-10-10,13.9473,14.0794,13.863,13.951,16113800.0
2006-10-11,13.885,13.9107,13.6209,13.7236,16488400.0
2006-10-12,13.918,13.9363,13.7676,13.9217,13858400.0
2006-10-13,13.9327,13.9363,13.786,13.9107,11842600.0
2006-10-16,13.9583,14.1381,13.8777,14.083,10890400.0
2006-10-17,14.0317,14.083,13.8447,13.885,11343800.0
2006-10-18,14.0097,14.1197,13.753,13.8593,8783800.0
2006-10-19,13.7163,13.907,13.6613,13.8557,9555800.0
2006-10-20,13.852,13.874,13.4669,13.731,16850200.0
2006-10-23,13.7126,14.1197,13.5806,14.0464,17247000.0
2006-10-24,14.0097,14.1491,13.8557,14.0134,11506600.0
2006-10-25,13.94,14.138,13.9363,14.105,9940800.0
2006-10-26,14.1344,14.3031,14.05,14.2554,12118600.0
2006-10-27,14.2371,14.2554,13.896,13.9437,9324000.0
2006-10-30,13.94,14.0464,13.797,13.9877,7522600.0
2006-10-31,14.0244,14.0647,13.7273,13.8447,10549800.0
2006-11-01,13.9327,14.0317,13.6906,13.7896,13643400.0
2006-11-02,13.7346,13.8043,13.5146,13.687,11327200.0
2006-11-03,13.6723,13.7163,13.2835,13.3752,18159200.0
2006-11-06,13.4082,13.9107,13.3862,13.7456,16681000.0
2006-11-07,13.7713,13.7713,13.5513,13.5953,14534600.0
2006-11-08,13.5183,13.7823,13.3936,13.6906,12796600.0
2006-11-09,13.7786,13.7786,13.4596,13.5403,9608800.0
2006-11-10,13.5843,13.8923,13.5623,13.8593,10212200.0
2006-11-13,13.8997,14.2114,13.8593,14.0977,13351600.0
2006-11-14,14.1271,14.2114,13.9363,14.1124,13777800.0
2006-11-15,14.1784,14.4461,14.1271,14.2921,14137000.0
2006-11-16,14.3874,14.6735,14.3728,14.4608,27037000.0
2006-11-17,13.5769,13.7676,13.4669,13.7236,41730000.0
2006-11-20,13.5733,13.7163,13.4669,13.4779,20019200.0
2006-11-21,13.4192,13.5146,13.3862,13.4119,13819000.0
2006-11-22,13.4082,13.4779,13.0965,13.3422,17494000.0
2006-11-24,13.2285,13.4779,13.2285,13.3165,5549800.0
2006-11-27,13.2799,13.3165,13.0782,13.1332,12931400.0
2006-11-28,13.0488,13.1442,12.9241,12.9535,14835400.0
2006-11-29,13.0635,13.1295,12.9241,13.0928,13485800.0
2006-11-30,13.0562,13.1662,12.8948,12.9425,14480600.0
2006-12-01,12.9278,13.0378,12.7994,12.9095,11844800.0
2006-12-04,12.9645,13.1992,12.9278,13.1112,13273800.0
2006-12-05,13.4449,13.6209,13.3899,13.5109,21493600.0
2006-12-06,13.5513,13.5586,13.3789,13.5183,10064000.0
2006-12-07,13.4962,13.5769,13.3496,13.3789,10972200.0
2006-12-08,13.3716,13.5146,13.2395,13.3569,11043200.0
2006-12-11,13.5256,13.5659,13.2579,13.4339,8238400.0
2006-12-12,13.3972,13.4559,13.2102,13.3092,10063600.0
2006-12-13,13.3862,13.4046,13.1552,13.2322,10553000.0
2006-12-14,13.3019,13.5146,13.2395,13.4229,10735400.0
2006-12-15,13.4449,13.5659,13.2982,13.3569,16041000.0
2006-12-18,13.3789,13.4522,13.2175,13.3019,8672200.0
2006-12-19,13.2028,13.4082,13.1588,13.3972,10628200.0
2006-12-20,13.3826,13.4742,13.3496,13.3569,9701000.0
2006-12-21,13.3239,13.4962,13.2945,13.3532,7831800.0
2006-12-22,13.3349,13.3789,13.1368,13.1405,7986800.0
2006-12-26,13.1405,13.1735,13.0195,13.0892,7631000.0
2006-12-27,13.0745,13.2799,13.0745,13.1258,6860200.0
2006-12-28,13.1625,13.1882,13.0268,13.1002,8026600.0
2006-12-29,13.0892,13.1845,12.9461,12.9901,8287000.0
2007-01-03,13.0561,13.2762,12.7041,12.9278,18034600.0
2007-01-04,12.9718,13.0195,12.7591,12.9425,14656000.0
2007-01-05,12.8801,12.9425,12.8251,12.8875,13131400.0
2007-01-08,12.8031,12.9315,12.7994,12.8398,11614400.0
2007-01-09,12.8361,12.9791,12.7261,12.7848,14305000.0
2007-01-10,12.7261,12.7554,12.5317,12.7444,18658400.0
2007-01-11,12.6527,13.2175,12.6527,13.1332,17787400.0
2007-01-12,13.1442,13.3275,13.1112,13.1662,12618400.0
2007-01-16,13.2028,13.3385,13.0965,13.2835,9409800.0
2007-01-17,13.2982,13.3936,13.2725,13.3092,12711200.0
2007-01-18,13.3972,13.4266,13.0415,13.1185,12058200.0
2007-01-19,13.0305,13.1808,12.9828,13.0341,13125800.0
2007-01-22,13.0195,13.0562,12.8361,12.9425,11134600.0
2007-01-23,12.9461,13.0818,12.7701,12.8178,12573000.0
2007-01-24,12.9095,12.9388,12.7554,12.7591,16345800.0
2007-01-25,12.7224,12.7408,12.4254,12.4584,20933800.0
2007-01-26,12.5317,12.6124,12.2823,12.4253,21918400.0
2007-01-29,12.495,12.7591,12.3447,12.6747,22260200.0
2007-01-30,12.9058,12.9681,12.6601,12.6747,28372200.0
2007-01-31,12.7004,12.8948,12.6051,12.8141,21878800.0
2007-02-01,12.8838,12.9901,12.6087,12.6197,27823800.0
2007-02-02,12.6821,12.6821,12.4767,12.5684,15402400.0
2007-02-05,12.5464,12.5757,12.4254,12.4767,15551200.0
2007-02-06,12.4877,12.5024,12.2016,12.3483,23613800.0
2007-02-07,12.352,12.4657,12.2053,12.3483,16508600.0
2007-02-08,12.3483,12.385,12.1576,12.2566,24264000.0
2007-02-09,12.2823,12.3263,12.0659,12.0879,15744600.0
2007-02-12,12.0659,12.0879,11.8752,11.9816,16309600.0
2007-02-13,12.0219,12.0953,11.9082,11.9779,16651000.0
2007-02-14,12.0109,12.2676,11.9999,12.2273,19788400.0
2007-02-15,12.2273,12.2273,12.1026,12.1833,13726600.0
2007-02-16,12.2493,12.2493,12.0549,12.1063,13687400.0
2007-02-20,12.1026,12.1173,11.9046,12.0366,20521400.0
2007-02-21,11.9669,12.0366,11.8349,11.8826,20896200.0
2007-02-22,11.8862,12.1136,11.8386,12.1063,23909200.0
2007-02-23,12.1026,12.154,11.9963,12.0109,25196200.0
2007-02-26,11.9559,11.9559,11.6662,11.7395,20676600.0
2007-02-27,11.6075,11.6662,11.1857,11.2774,37955200.0
2007-02-28,11.2774,11.5085,11.0904,11.3324,20787000.0
2007-03-01,11.0757,11.2958,11.006,11.1454,24392800.0
2007-03-02,11.0024,11.1087,10.929,10.9584,28450000.0
2007-03-05,10.8557,10.9327,10.7493,10.786,23284200.0
2007-03-06,10.9584,11.0831,10.918,11.0024,21349400.0
2007-03-07,11.0024,11.2738,10.984,11.1747,28198400.0
2007-03-08,11.3288,11.5342,11.2334,11.2591,30076800.0
2007-03-09,11.3398,11.3655,11.028,11.1161,20225000.0
2007-03-12,11.1491,11.1784,10.9694,11.028,21363200.0
2007-03-13,10.9877,11.0354,10.7347,10.7677,22052400.0
2007-03-14,10.7603,10.7933,10.5843,10.753,27565400.0
2007-03-15,10.797,10.9254,10.786,10.852,17967000.0
2007-03-16,11.1161,11.4241,11.0207,11.2151,51052600.0
2007-03-19,11.3471,11.5195,11.3104,11.3838,24575600.0
2007-03-20,11.4351,11.5892,11.3765,11.5085,27376200.0
2007-03-21,11.6222,11.8349,11.5378,11.8349,31101000.0
2007-03-22,11.8789,11.9009,11.5598,11.6038,27936000.0
2007-03-23,11.6442,11.6442,11.4425,11.5232,18907400.0
2007-03-26,11.7909,11.7909,11.5048,11.7175,24632200.0
2007-03-27,11.7175,11.7359,11.5892,11.6332,20935000.0
2007-03-28,11.5892,11.6222,11.4461,11.4718,30295800.0
2007-03-29,11.5818,11.6222,11.3545,11.4901,19747200.0
2007-03-30,11.4755,11.5598,11.3691,11.5011,14512000.0
2007-04-02,11.5672,11.5782,11.3875,11.4608,13401600.0
2007-04-03,11.5268,11.7285,11.4828,11.5488,16233600.0
2007-04-04,11.6588,11.6588,11.4718,11.4938,14259400.0
2007-04-05,11.4975,11.5782,11.4571,11.5158,13304800.0
2007-04-09,11.5598,11.5598,11.3875,11.4205,12981600.0
2007-04-10,11.3911,11.4718,11.3251,11.4278,16442600.0
2007-04-11,11.4315,11.4425,11.1858,11.2701,29346400.0
2007-04-12,11.2701,11.3141,11.1124,11.2481,21283200.0
2007-04-13,11.2921,11.3141,11.1821,11.2811,20855000.0
2007-04-16,11.2848,11.4608,11.2811,11.3875,12799400.0
2007-04-17,11.3765,11.4535,11.3104,11.3838,11539000.0
2007-04-18,11.3838,11.4315,11.3141,11.3618,12581800.0
2007-04-19,11.2994,11.2994,11.1747,11.2884,12873200.0
2007-04-20,11.4535,11.7139,11.3618,11.6112,40830800.0
2007-04-23,11.6112,11.7285,11.5158,11.5782,17174200.0
2007-04-24,11.5708,11.5892,11.3801,11.4938,18301400.0
2007-04-25,11.4901,11.6992,11.4425,11.6772,19252800.0
2007-04-26,11.6772,11.8459,11.6038,11.6699,14569400.0
2007-04-27,11.6662,11.6955,11.5158,11.5525,18877800.0
2007-04-30,11.5342,11.5928,11.3691,11.3765,16122400.0
2007-05-01,11.4278,11.4315,11.2334,11.3728,15211400.0
2007-05-02,11.3985,11.5818,11.3691,11.4608,18860000.0
2007-05-03,11.5708,11.6552,11.4425,11.5965,45553400.0
2007-05-04,11.6882,11.6992,11.2078,11.2591,39617200.0
2007-05-07,11.3068,11.3288,11.1124,11.1307,25843200.0
2007-05-08,11.1197,11.1381,11.006,11.0684,20120000.0
2007-05-09,11.0794,11.1124,10.9327,11.017,25118000.0
2007-05-10,10.9694,11.0317,10.819,10.8337,25249000.0
2007-05-11,10.8703,10.9437,10.819,10.8593,19497400.0
2007-05-14,10.8924,10.9107,10.5293,10.599,37659400.0
2007-05-15,10.6026,10.6356,10.4046,10.4119,40708200.0
2007-05-16,10.4229,10.5403,10.2799,10.3422,53803800.0
2007-05-17,10.4082,10.4816,10.2946,10.4413,67067400.0
2007-05-18,10.4999,10.742,10.4743,10.6173,40771200.0
2007-05-21,10.676,10.852,10.6393,10.7383,29948200.0
2007-05-22,10.753,10.83,10.61,10.6393,21238800.0
2007-05-23,10.698,10.731,10.588,10.5953,17333600.0
2007-05-24,10.599,10.6906,10.2982,10.3826,35887800.0
2007-05-25,10.4633,10.5256,10.3422,10.4926,19349200.0
2007-05-29,10.5256,10.5403,10.4156,10.4779,16092800.0
2007-05-30,10.4339,10.5293,10.3862,10.5256,18432000.0
2007-05-31,10.588,10.599,10.4743,10.5659,16224200.0
2007-06-01,10.5623,10.6906,10.5366,10.6833,21986600.0
2007-06-04,10.5806,10.6393,10.4963,10.5733,18872600.0
2007-06-05,10.5219,10.5366,10.3752,10.4853,21261400.0
2007-06-06,10.4119,10.4156,10.3129,10.3239,19618000.0
2007-06-07,10.2762,10.3239,9.9938,10.0635,38574600.0
2007-06-08,10.0232,10.1772,9.9718,10.1479,27520400.0
2007-06-11,10.1625,10.1955,10.0892,10.1002,14606400.0
2007-06-12,9.9205,10.2909,9.8655,10.1735,38147600.0
2007-06-13,10.2212,10.2359,10.0598,10.1845,34107200.0
2007-06-14,10.1625,10.2615,10.0562,10.1259,23504400.0
2007-06-15,10.2469,10.2689,10.1589,10.1845,27804200.0
2007-06-18,10.2579,10.2689,10.1112,10.1442,15965000.0
2007-06-19,10.1295,10.1332,10.0195,10.1185,20038800.0
2007-06-20,10.0965,10.1625,9.9975,10.0195,21873400.0
2007-06-21,10.0452,10.0672,9.5721,9.6307,78520800.0
2007-06-22,9.5501,9.5501,9.352,9.3667,69861000.0
2007-06-25,9.4144,9.4474,9.2493,9.4107,36040600.0
2007-06-26,9.4804,9.5537,9.4254,9.451,34854400.0
2007-06-27,9.418,9.5941,9.396,9.5831,27023200.0
2007-06-28,9.7188,9.8361,9.6344,9.7004,51034400.0
2007-06-29,9.7481,9.7774,9.5464,9.6234,57420800.0
2007-07-02,9.6821,9.6968,9.5354,9.5537,20598200.0
2007-07-03,9.5794,9.6821,9.5574,9.6674,15957400.0
2007-07-05,9.7114,9.7958,9.6197,9.6601,25762000.0
2007-07-06,9.6784,9.7591,9.6051,9.7371,16235800.0
2007-07-09,9.7261,9.7664,9.6271,9.6601,18173800.0
2007-07-10,9.6161,9.6454,9.5537,9.5757,25131800.0
2007-07-11,9.5647,9.6014,9.5171,9.5317,23130600.0
2007-07-12,9.5977,9.6051,9.3997,9.5207,34766600.0
2007-07-13,9.5317,9.5977,9.4364,9.5611,23631400.0
2007-07-16,9.5427,9.6638,9.4987,9.5647,14745400.0
2007-07-17,9.5611,9.6271,9.462,9.4877,20700800.0
2007-07-18,9.4694,9.7334,9.451,9.7188,45137800.0
2007-07-19,9.8068,10.3312,9.7848,10.1625,76960800.0
2007-07-20,10.2652,10.3166,10.0452,10.1589,38022400.0
2007-07-23,10.2542,10.4156,10.1955,10.3312,39394200.0
2007-07-24,10.3862,10.4523,10.2505,10.3752,37391400.0
2007-07-25,10.3936,10.4046,10.1515,10.2542,25189000.0
2007-07-26,10.1699,10.1919,9.7774,10.0598,48659800.0
2007-07-27,9.9865,10.0855,9.7994,9.8765,40579800.0
2007-07-30,9.8435,9.9425,9.7078,9.8948,35948600.0
2007-07-31,9.9828,10.0195,9.7848,9.7848,33293000.0
2007-08-01,9.7224,10.0085,9.7188,9.9755,43122000.0
2007-08-02,10.1589,10.2689,9.8435,9.8728,38705000.0
2007-08-03,9.8728,9.8838,9.6454,9.6491,33611000.0
2007-08-06,9.6931,9.9168,9.6491,9.8618,24520400.0
2007-08-07,9.8251,10.0158,9.7261,9.9461,22935000.0
2007-08-08,9.9388,10.2836,9.9388,10.1662,27992800.0
2007-08-09,10.0855,10.4633,10.0305,10.2872,40438800.0
2007-08-10,10.1845,10.4889,10.1845,10.2836,26435800.0
2007-08-13,10.2836,10.4009,10.0855,10.1992,23807600.0
2007-08-14,10.1955,10.1955,9.9058,9.9572,22729400.0
2007-08-15,9.9058,10.0232,9.7188,9.7444,29880200.0
2007-08-16,9.6087,9.8545,9.5464,9.7591,27918800.0
2007-08-17,9.8911,9.8911,9.5794,9.7921,32011000.0
2007-08-20,9.7921,9.9571,9.7188,9.8691,17096800.0
2007-08-21,9.8288,10.0598,9.8141,10.0305,23182800.0
2007-08-22,10.0598,10.2249,10.0342,10.1002,18160000.0
2007-08-23,10.1259,10.1662,9.9498,10.0928,17207800.0
2007-08-24,10.0635,10.1259,10.0122,10.1185,14682600.0
2007-08-27,10.0892,10.1259,10.0232,10.0378,8465800.0
2007-08-28,10.0525,10.0525,9.8508,9.8581,17876200.0
2007-08-29,9.8765,10.0965,9.8618,10.0782,14857000.0
2007-08-30,9.9755,10.1002,9.9498,10.0305,11798200.0
2007-08-31,10.1222,10.1882,10.0818,10.1038,16065800.0
2007-09-04,10.1479,10.2285,10.0892,10.1662,14385800.0
2007-09-05,10.0965,10.1589,10.0195,10.0635,14070000.0
2007-09-06,10.0672,10.1662,10.0672,10.1149,9987000.0
2007-09-07,10.0268,10.0745,9.9058,9.9608,15172800.0
2007-09-10,9.9462,10.0268,9.8288,9.9168,13329400.0
2007-09-11,9.9572,10.0745,9.9241,10.0232,11242000.0
2007-09-12,9.9828,10.0488,9.9315,10.0232,10660000.0
2007-09-13,10.0122,10.1589,9.9865,10.0782,16451200.0
2007-09-14,10.0085,10.1772,9.9938,10.1369,11803800.0
2007-09-17,10.0892,10.0892,9.9095,10.0122,15155200.0
2007-09-18,10.0342,10.2615,9.9682,10.2065,18125600.0
2007-09-19,10.1955,10.3386,10.1259,10.1882,20991800.0
2007-09-20,10.1295,10.2505,10.0268,10.0818,19386600.0
2007-09-21,10.0818,10.2322,10.0745,10.0745,25109800.0
2007-09-24,10.0598,10.1075,9.8838,9.9572,23377000.0
2007-09-25,9.8875,9.9755,9.8398,9.9351,13688200.0
2007-09-26,9.9608,10.2029,9.8508,10.1552,24143800.0
2007-09-27,9.8985,9.9572,9.7298,9.8911,56411000.0
2007-09-28,9.8545,9.8655,9.5171,9.6087,46547600.0
2007-10-01,9.6344,9.7371,9.5941,9.6527,21456000.0
2007-10-02,9.6344,9.7921,9.6344,9.7554,18567600.0
2007-10-03,9.6711,9.7921,9.6711,9.7334,12803800.0
2007-10-04,9.7151,9.7884,9.6674,9.7261,12476800.0
2007-10-05,9.7958,9.8728,9.7004,9.8435,16055600.0
2007-10-08,9.7848,9.8105,9.6748,9.7774,13458000.0
2007-10-09,9.7334,9.8508,9.6748,9.8178,13938600.0
2007-10-10,9.7224,9.7958,9.6968,9.7371,15583600.0
2007-10-11,9.7481,9.7664,9.6014,9.6527,21131000.0
2007-10-12,9.6307,9.6638,9.5647,9.6601,15329800.0
2007-10-15,9.6381,9.6528,9.5354,9.5757,15685600.0
2007-10-16,9.5647,9.6234,9.4364,9.5611,17893600.0
2007-10-17,9.5721,9.7664,9.5574,9.6821,31505600.0
2007-10-18,9.6638,9.8361,9.5867,9.7774,18800400.0
2007-10-19,9.7774,9.7958,9.5647,9.5721,25239600.0
2007-10-22,9.5134,9.6784,9.4914,9.6051,12120600.0
2007-10-23,9.5611,9.5867,9.4804,9.5867,15736400.0
2007-10-24,9.4987,9.5867,9.3997,9.5611,26540800.0
2007-10-25,9.6087,9.7114,9.462,9.5977,24769000.0
2007-10-26,9.6711,9.6931,9.5134,9.5977,10769600.0
2007-10-29,9.6014,9.6491,9.5281,9.6197,12670000.0
2007-10-30,9.5464,9.6454,9.5281,9.5904,11428000.0
2007-10-31,9.5867,9.8104,9.5721,9.7848,22541200.0
2007-11-01,9.6821,9.7848,9.462,9.473,28337200.0
2007-11-02,9.5354,9.5721,9.2823,9.363,28621600.0
2007-11-05,9.2713,9.2897,9.1026,9.154,27537000.0
2007-11-06,9.1686,9.2237,9.0183,9.1503,16070400.0
2007-11-07,9.0403,9.1063,8.8386,8.8422,36773600.0
2007-11-08,8.7616,8.8349,8.4168,8.5819,52779600.0
2007-11-09,8.4535,8.5452,8.2775,8.2775,37158600.0
2007-11-12,8.2958,8.6332,8.2958,8.4865,43949800.0
2007-11-13,8.6442,8.7982,8.4865,8.7982,31595000.0
2007-11-14,8.8202,8.8936,8.7726,8.8936,33250000.0
2007-11-15,8.7396,8.9486,8.6772,8.8386,40417000.0
2007-11-16,8.0207,8.6185,7.9841,8.4975,131420600.0
2007-11-19,8.3618,8.4388,8.2188,8.3875,65878000.0
2007-11-20,8.3581,8.4792,8.2334,8.4718,61032000.0
2007-11-21,8.2995,8.4792,8.2775,8.3655,32754600.0
2007-11-23,8.3618,8.4682,8.2921,8.4608,10370600.0
2007-11-26,8.4095,8.4278,8.1234,8.1344,37266000.0
2007-11-27,8.1564,8.3031,8.1564,8.2921,22885000.0
2007-11-28,8.2444,8.4755,8.2371,8.4205,38441600.0
2007-11-29,8.3288,8.4645,8.2628,8.4498,19114200.0
2007-11-30,8.4938,8.7542,8.4352,8.5782,27218000.0
2007-12-03,8.5195,8.5929,8.3581,8.3655,20982600.0
2007-12-04,8.2701,8.3141,8.1931,8.1931,28232600.0
2007-12-05,8.2885,8.3251,8.2371,8.3068,16702600.0
2007-12-06,8.2885,8.3801,8.2334,8.3801,19823400.0
2007-12-07,8.3325,8.4278,8.2665,8.2958,18346600.0
2007-12-10,8.2958,8.3838,8.2848,8.3361,18035200.0
2007-12-11,8.1088,8.2591,8.0207,8.0317,39506400.0
2007-12-12,8.1344,8.1784,7.94,8.0244,24800800.0
2007-12-13,8.0171,8.1088,7.8704,7.885,22519000.0
2007-12-14,7.786,7.8667,7.72,7.7933,20953800.0
2007-12-17,7.698,7.7017,7.3863,7.3899,33422600.0
2007-12-18,7.3899,7.599,7.3899,7.555,26694800.0
2007-12-19,7.4523,7.5403,7.2946,7.3459,28317400.0
2007-12-20,7.3899,7.5403,7.3533,7.5293,22996200.0
2007-12-21,7.5586,7.7677,7.5183,7.7237,39319600.0
2007-12-24,7.7457,7.8117,7.7053,7.7823,9659200.0
2007-12-26,7.7017,7.7053,7.577,7.6356,10983800.0
2007-12-27,7.5403,7.588,7.4413,7.5036,16365400.0
2007-12-28,7.4633,7.5036,7.3826,7.3826,19476400.0
2007-12-31,7.3313,7.5403,7.3239,7.5073,25456600.0
2008-01-02,7.3863,7.3936,7.0709,7.0819,45448600.0
2008-01-03,7.0819,7.1149,6.7775,6.8581,47940200.0
2008-01-04,6.7738,6.7995,6.6014,6.6418,40105800.0
2008-01-07,6.7115,6.8985,6.6418,6.7408,50480800.0
2008-01-08,7.4009,7.7053,7.2726,7.2836,126297600.0
2008-01-09,7.3349,7.3973,6.9755,7.1369,48409600.0
2008-01-10,7.1295,7.5146,7.0342,7.4486,45485000.0
2008-01-11,7.3239,7.3606,7.1589,7.2579,36160800.0
2008-01-14,7.2982,7.3202,7.1259,7.1699,23197400.0
2008-01-15,7.0635,7.1149,6.9022,6.9095,29007200.0
2008-01-16,6.9608,7.2506,6.9095,7.0782,33159800.0
2008-01-17,7.0672,7.1442,6.9718,6.9865,23452200.0
2008-01-18,6.8765,7.0965,6.7445,6.8435,39570200.0
2008-01-22,6.5244,6.9205,6.4767,6.8471,43731800.0
2008-01-23,6.6454,7.4046,6.6418,7.3239,52041600.0
2008-01-24,7.3716,7.511,7.3056,7.5,41792800.0
2008-01-25,7.566,7.5843,7.1405,7.2102,35492000.0
2008-01-28,7.1332,7.2616,7.0268,7.2102,27001400.0
2008-01-29,7.2836,7.4706,7.2102,7.3239,21244200.0
2008-01-30,7.3349,7.4046,6.9498,7.0489,45354600.0
2008-01-31,6.6638,7.0342,6.6308,6.9352,87545200.0
2008-02-01,6.9572,7.0855,6.8361,7.0489,31496400.0
2008-02-04,7.0892,7.0965,6.9792,7.0379,20983600.0
2008-02-05,6.9315,7.0122,6.7848,6.7885,30507400.0
2008-02-06,6.8581,6.9315,6.6088,6.6564,29147200.0
2008-02-07,6.6051,6.8838,6.6051,6.7958,24914000.0
2008-02-08,6.7701,6.8838,6.6601,6.6968,21868400.0
2008-02-11,6.6858,6.7958,6.5831,6.7921,21100400.0
2008-02-12,6.8178,7.0599,6.7921,6.8618,27547600.0
2008-02-13,6.9278,7.0122,6.8141,6.9132,21567200.0
2008-02-14,6.9132,6.9278,6.6344,6.6674,33469800.0
2008-02-15,6.6454,6.7335,6.6271,6.7078,20662400.0
2008-02-19,6.7921,6.8398,6.6161,6.6381,19257000.0
2008-02-20,6.6271,6.7078,6.6014,6.6968,24022800.0
2008-02-21,6.6968,6.7591,6.5097,6.5391,30105000.0
2008-02-22,6.5721,6.6931,6.5207,6.6931,23209400.0
2008-02-25,6.6931,6.7921,6.6051,6.7848,21662600.0
2008-02-26,6.7224,7.0415,6.6931,6.9902,28534000.0
2008-02-27,6.9498,7.0892,6.8728,6.9828,24853600.0
2008-02-28,6.9315,6.9498,6.7885,6.8105,20939000.0
2008-02-29,6.7335,6.7848,6.5758,6.5941,27282600.0
2008-03-03,6.6088,6.6638,6.5317,6.5464,21872400.0
2008-03-04,6.5281,6.6014,6.4657,6.5648,24785200.0
2008-03-05,6.6014,6.7628,6.5978,6.6528,20355800.0
2008-03-06,6.6014,6.6748,6.4217,6.4547,31514000.0
2008-03-07,6.4181,6.4841,6.2493,6.2714,27801000.0
2008-03-10,6.2787,6.3374,6.1503,6.1613,24145400.0
2008-03-11,6.2457,6.5097,6.22,6.5061,27657000.0
2008-03-12,6.5061,6.6418,6.4401,6.4584,25828000.0
2008-03-13,6.363,6.5501,6.253,6.4657,21277200.0
2008-03-14,6.341,6.5427,6.2347,6.3777,32352000.0
2008-03-17,6.2237,6.4291,6.2163,6.33,45387000.0
2008-03-18,6.3887,6.6931,6.3814,6.6894,45919600.0
2008-03-19,6.7261,6.7848,6.4144,6.4181,42828400.0
2008-03-20,6.4694,6.5391,6.3887,6.4291,46619200.0
2008-03-24,6.4364,6.6051,6.4181,6.5611,44695600.0
2008-03-25,6.5721,6.6234,6.5207,6.5978,26993600.0
2008-03-26,6.5794,6.5904,6.4364,6.4767,18021800.0
2008-03-27,6.5134,6.6051,6.4401,6.4621,19225000.0
2008-03-28,6.5097,6.5281,6.2347,6.253,23743200.0
2008-03-31,6.2567,6.4841,6.2347,6.4181,23676000.0
2008-04-01,6.5391,6.7848,6.4841,6.7848,38319600.0
2008-04-02,6.7848,6.9278,6.7188,6.8215,21129200.0
2008-04-03,6.7848,6.8215,6.6271,6.7261,14076800.0
2008-04-04,6.7555,6.8545,6.6784,6.7848,19506400.0
2008-04-07,6.8325,6.8581,6.6931,6.7151,12686200.0
2008-04-08,6.7665,6.7811,6.5647,6.5941,21691000.0
2008-04-09,6.6418,6.6638,6.363,6.4071,36586400.0
2008-04-10,6.4181,6.5061,6.3924,6.4364,28439000.0
2008-04-11,6.4181,6.4181,6.297,6.33,20693000.0
2008-04-14,6.3044,6.33,6.1907,6.2237,24284800.0
2008-04-15,6.2383,6.3667,6.22,6.352,18484200.0
2008-04-16,6.374,6.4914,6.3154,6.4841,18920000.0
2008-04-17,6.4914,6.5061,6.374,6.4767,15535400.0
2008-04-18,6.5684,6.7188,6.5244,6.7041,24835000.0
2008-04-21,6.6821,6.6821,6.5684,6.6198,30609800.0
2008-04-22,6.5648,6.5868,6.3924,6.4914,21448200.0
2008-04-23,6.5024,6.5501,6.4584,6.5464,33421000.0
2008-04-24,5.8313,5.9339,5.6442,5.8643,143464800.0
2008-04-25,5.9229,5.9303,5.6662,5.8166,39474200.0
2008-04-28,5.8386,5.8423,5.7176,5.7432,24033800.0
2008-04-29,5.7432,6.0,5.7396,5.9413,28584200.0
2008-04-30,5.978,6.088,5.8899,5.9523,34839600.0
2008-05-01,5.8533,6.1943,5.8056,6.1063,42237400.0
2008-05-02,6.2347,6.2714,5.9596,6.0366,31554400.0
2008-05-05,6.0146,6.0806,5.9413,5.9926,25076400.0
2008-05-06,5.9486,6.0733,5.9083,6.0,27252000.0
2008-05-07,6.0146,6.0366,5.8386,5.8496,30410400.0
2008-05-08,5.8716,5.9046,5.7652,5.8129,40002000.0
2008-05-09,5.7872,5.8569,5.7506,5.8166,27256800.0
2008-05-12,5.8313,5.8863,5.8093,5.8826,24593400.0
2008-05-13,5.8973,5.8973,5.7579,5.8496,21655800.0
2008-05-14,5.8459,5.9156,5.8203,5.8386,21805000.0
2008-05-15,5.8056,5.9523,5.8056,5.8936,17179800.0
2008-05-16,6.0696,6.2567,6.033,6.253,52628800.0
2008-05-19,6.253,6.396,6.231,6.2603,35662400.0
2008-05-20,6.176,6.2163,6.0623,6.176,41388400.0
2008-05-21,6.209,6.22,6.1063,6.1173,26748800.0
2008-05-22,6.1173,6.341,6.088,6.2677,33175600.0
2008-05-23,6.2677,6.2714,6.1247,6.2163,25964200.0
2008-05-27,6.2347,6.4511,6.22,6.4217,27886400.0
2008-05-28,6.4547,6.5574,6.253,6.5391,30698600.0
2008-05-29,6.5391,6.7518,6.5391,6.7224,24756000.0
2008-05-30,6.7408,6.7518,6.6014,6.6711,24012800.0
2008-06-02,6.6638,6.6638,6.4657,6.5758,21754400.0
2008-06-03,6.5758,6.6491,6.3814,6.5097,26152400.0
2008-06-04,6.4987,6.7261,6.4987,6.6454,31830800.0
2008-06-05,6.6564,6.7921,6.6051,6.7921,27324800.0
2008-06-06,6.7298,6.7298,6.4694,6.4804,24473000.0
2008-06-09,6.4951,6.6748,6.3704,6.4254,33576800.0
2008-06-10,6.3557,6.5758,6.3264,6.5427,19522600.0
2008-06-11,6.5794,6.5794,6.4364,6.4437,22702200.0
2008-06-12,6.5134,6.6234,6.4767,6.5354,17143800.0
2008-06-13,6.5831,6.6748,6.5391,6.6638,21820800.0
2008-06-16,6.6051,6.8068,6.5611,6.7298,16590000.0
2008-06-17,6.7371,6.7738,6.6271,6.6454,12739000.0
2008-06-18,6.6014,6.6344,6.4767,6.5171,16905200.0
2008-06-19,6.5024,6.6234,6.374,6.5978,18431600.0
2008-06-20,6.5171,6.5354,6.3007,6.319,26132400.0
2008-06-23,6.33,6.4144,5.967,5.978,39204200.0
2008-06-24,6.0,6.2053,5.9596,6.077,25527600.0
2008-06-25,6.0953,6.341,6.0916,6.275,24341600.0
2008-06-26,6.143,6.1723,5.967,5.9706,24541400.0
2008-06-27,5.978,6.077,5.8459,5.9963,33553000.0
2008-06-30,5.9376,5.989,5.7689,5.7726,25946600.0
2008-07-01,5.7066,5.7652,5.6039,5.7286,40935400.0
2008-07-02,5.8789,5.8863,5.6956,5.7506,47698400.0
2008-07-03,5.7139,5.7909,5.5745,5.7066,21117200.0
2008-07-07,5.7176,5.7249,5.4388,5.4829,36304600.0
2008-07-08,5.4095,5.6736,5.3728,5.6259,40734800.0
2008-07-09,5.6149,5.6479,5.3985,5.3985,25351400.0
2008-07-10,5.4095,5.4498,5.2151,5.2701,28525200.0
2008-07-11,5.2005,5.2701,4.9987,5.1564,37095000.0
2008-07-14,5.2115,5.2371,5.0501,5.1344,26633200.0
2008-07-15,5.0464,5.0868,4.8887,4.9804,50704600.0
2008-07-16,4.9621,5.3068,4.9291,5.2591,31135000.0
2008-07-17,5.0758,5.3141,5.0501,5.2775,26708600.0
2008-07-18,5.2775,5.3472,5.1895,5.2591,19601600.0
2008-07-21,5.2665,5.3105,5.1491,5.1674,14497600.0
2008-07-22,5.1601,5.5745,5.1454,5.5489,30885200.0
2008-07-23,5.5855,5.8789,5.5085,5.6552,35591400.0
2008-07-24,5.5562,5.5819,5.3288,5.3325,27351600.0
2008-07-25,5.4022,5.4792,5.2628,5.2885,21248200.0
2008-07-28,5.2481,5.3435,5.1601,5.2188,20888400.0
2008-07-29,5.2445,5.6442,5.2041,5.4975,32637400.0
2008-07-30,5.5269,5.5342,5.2885,5.3802,36695200.0
2008-07-31,5.3362,5.5562,5.3215,5.3875,39620600.0
2008-08-01,5.4645,5.4718,5.2188,5.2885,25894800.0
2008-08-04,5.2921,5.2958,5.1381,5.1564,30709600.0
2008-08-05,5.2408,5.3435,5.2225,5.3251,35000000.0
2008-08-06,5.3105,5.4865,5.2628,5.4792,27334800.0
2008-08-07,5.3655,5.4425,5.3141,5.3251,18828200.0
2008-08-08,5.3618,5.6039,5.3398,5.5452,24688800.0
2008-08-11,5.4865,6.0146,5.4792,5.978,58818600.0
2008-08-12,5.9193,6.1943,5.8569,6.0,43118200.0
2008-08-13,6.0256,6.0366,5.8899,5.978,27991600.0
2008-08-14,5.9083,6.2714,5.8936,6.2053,33324000.0
2008-08-15,6.2714,6.3007,6.0843,6.121,20804000.0
2008-08-18,6.099,6.1907,6.0073,6.055,21241800.0
2008-08-19,6.0146,6.0733,5.8276,5.8496,23239600.0
2008-08-20,5.9266,5.9266,5.7029,5.7836,22063800.0
2008-08-21,5.7139,5.7836,5.6662,5.7506,15845000.0
2008-08-22,5.7799,5.9303,5.7579,5.8826,13274200.0
2008-08-25,5.8569,5.8643,5.6736,5.6919,15259800.0
2008-08-26,5.7469,5.7506,5.6112,5.6882,13611400.0
2008-08-27,5.6662,5.7762,5.6222,5.7176,16842600.0
2008-08-28,5.7983,5.8679,5.7506,5.8606,10432200.0
2008-08-29,5.8349,5.8863,5.6479,5.7066,19854000.0
2008-09-02,5.8533,6.1687,5.7689,5.7726,27398400.0
2008-09-03,5.8643,5.956,5.7799,5.8423,19661400.0
2008-09-04,5.7983,5.8056,5.5305,5.5305,25726400.0
2008-09-05,5.4645,5.5929,5.4168,5.5672,19241200.0
2008-09-08,5.7139,5.7249,5.5635,5.6992,27445200.0
2008-09-09,5.7212,5.7579,5.5122,5.5159,23378200.0
2008-09-10,5.5489,5.6222,5.4645,5.5232,15843000.0
2008-09-11,5.4535,5.7432,5.4132,5.7322,33134400.0
2008-09-12,5.6809,5.7469,5.5782,5.6222,20848600.0
2008-09-15,5.4462,5.7176,5.4095,5.5305,25551200.0
2008-09-16,5.6662,5.9266,5.6369,5.8789,43638600.0
2008-09-17,5.7212,5.8679,5.6772,5.7139,30129800.0
2008-09-18,5.8093,5.9303,5.6075,5.8789,38841200.0
2008-09-19,6.011,6.0623,5.5012,5.9193,37638400.0
2008-09-22,5.8643,5.8753,5.5745,5.5965,22160000.0
2008-09-23,5.6039,5.6956,5.5012,5.5232,19148000.0
2008-09-24,5.5452,5.6259,5.3948,5.4608,16670400.0
2008-09-25,5.5049,5.5232,5.4242,5.4755,19247200.0
2008-09-26,5.3325,5.5012,5.3178,5.4865,19071600.0
2008-09-29,5.4498,5.5305,5.1895,5.1968,41439400.0
2008-09-30,5.2738,5.4755,5.1821,5.4535,27081000.0
2008-10-01,5.3398,5.5232,5.3252,5.4278,20794000.0
2008-10-02,5.4608,5.4975,5.1931,5.1968,19332800.0
2008-10-03,5.2701,5.3655,4.9951,5.0097,27399800.0
2008-10-06,4.8887,4.9804,4.5807,4.7567,42221600.0
2008-10-07,4.819,4.852,4.4963,4.5036,38834400.0
2008-10-08,4.3899,4.665,4.2176,4.2286,50018000.0
2008-10-09,4.2543,4.3533,4.0269,4.0379,35872800.0
2008-10-10,3.7812,4.1259,3.6675,4.0635,65564400.0
2008-10-13,4.2616,4.3643,4.0819,4.3056,33906000.0
2008-10-14,4.4303,4.4853,4.0966,4.1442,34384000.0
2008-10-15,4.0342,4.0562,3.7041,3.7115,30552000.0
2008-10-16,3.6968,3.9022,3.5538,3.8728,40349800.0
2008-10-17,3.7738,3.9278,3.6931,3.8325,28693400.0
2008-10-20,3.8728,4.0855,3.8508,4.0819,25389000.0
2008-10-21,3.8728,4.0525,3.8508,3.8545,20570600.0
2008-10-22,3.7555,3.8472,3.5794,3.6638,29681400.0
2008-10-23,3.6785,3.7775,3.5758,3.7628,35400400.0
2008-10-24,3.3594,3.6931,3.3594,3.5501,27038200.0
2008-10-27,3.4107,3.6675,3.4107,3.5171,20265200.0
2008-10-28,3.5941,3.9975,3.4841,3.9829,31461600.0
2008-10-29,3.9792,4.3313,3.9058,4.1552,40145200.0
2008-10-30,4.3459,4.6577,4.2029,4.6283,39347600.0
2008-10-31,4.5917,4.8337,4.5073,4.8154,37363800.0
2008-11-03,4.6467,4.8227,4.5587,4.5953,25428000.0
2008-11-04,4.7494,4.7567,4.445,4.5623,47422800.0
2008-11-05,4.5293,4.5843,4.2653,4.2799,20290400.0
2008-11-06,4.2139,4.3093,4.0452,4.0672,26485600.0
2008-11-07,4.0342,4.1222,3.7665,3.8692,34429400.0
2008-11-10,4.0342,4.0342,3.6345,3.7408,35333400.0
2008-11-11,3.4841,3.7665,3.4584,3.6638,52677400.0
2008-11-12,3.5464,3.6345,3.4034,3.4217,45930800.0
2008-11-13,3.4657,3.4694,2.9633,3.4144,69926400.0
2008-11-14,3.3704,3.3887,3.1577,3.1577,26799000.0
2008-11-17,3.088,3.3337,3.0293,3.1687,31589000.0
2008-11-18,3.1613,3.253,2.9853,3.0733,31045000.0
2008-11-19,3.0367,3.1357,2.9156,2.923,28978200.0
2008-11-20,2.8936,2.945,2.6296,2.6296,35521000.0
2008-11-21,2.7433,2.8973,2.5892,2.8716,42078200.0
2008-11-24,2.9523,3.1173,2.912,3.099,34028200.0
2008-11-25,2.934,3.154,2.89,3.011,42982200.0
2008-11-26,2.9486,3.2384,2.945,3.22,20098800.0
2008-11-28,3.1724,3.2787,3.1724,3.275,6437400.0
2008-12-01,3.165,3.1797,2.9083,2.9156,21365600.0
2008-12-02,3.0,3.132,2.9266,3.1283,22349600.0
2008-12-03,3.0513,3.2054,2.9926,3.1687,22828800.0
2008-12-04,3.0843,3.4511,3.044,3.1577,37240800.0
2008-12-05,3.0953,3.3557,3.0,3.3447,25890800.0
2008-12-08,3.4107,3.5758,3.3997,3.5208,24430600.0
2008-12-09,3.4364,3.5648,3.3887,3.3997,24375600.0
2008-12-10,3.4071,3.5464,3.3447,3.4951,19714400.0
2008-12-11,3.4547,3.4988,3.2714,3.2897,21210200.0
2008-12-12,3.2604,3.4621,3.2384,3.4254,20531200.0
2008-12-15,3.4547,3.4878,3.2604,3.3007,28568200.0
2008-12-16,3.3777,3.5684,3.3264,3.5648,32550600.0
2008-12-17,3.5171,3.6785,3.4731,3.6051,30114600.0
2008-12-18,3.6711,3.8032,3.4511,3.5171,23996000.0
2008-12-19,3.5831,3.6528,3.4657,3.6234,29267400.0
2008-12-22,3.6271,3.6528,3.3667,3.4327,16918800.0
2008-12-23,3.4401,3.5208,3.3337,3.3704,18512400.0
2008-12-24,3.3924,3.4254,3.3741,3.4254,3521800.0
2008-12-26,3.4768,3.4841,3.3924,3.4291,5993600.0
2008-12-29,3.4584,3.4584,3.2714,3.3117,11185600.0
2008-12-30,3.3337,3.4327,3.319,3.4327,13106200.0
2008-12-31,3.4181,3.4914,3.4034,3.4694,9856800.0
2009-01-02,3.4511,3.6161,3.4217,3.6088,14885400.0
2009-01-05,3.6234,3.6895,3.5208,3.6381,16070600.0
2009-01-06,3.6858,3.7995,3.6491,3.7481,17609800.0
2009-01-07,3.6821,3.7005,3.5941,3.6638,24216600.0
2009-01-08,3.6124,3.7371,3.5464,3.7188,21592400.0
2009-01-09,3.7115,3.7225,3.5244,3.5831,22384600.0
2009-01-12,3.5978,3.6491,3.4804,3.5171,23921200.0
2009-01-13,3.4878,3.5868,3.3887,3.4364,20036600.0
2009-01-14,3.3851,3.3961,3.2384,3.3154,22121200.0
2009-01-15,3.3227,3.4657,3.2567,3.4034,17748800.0
2009-01-16,3.4804,3.5024,3.3411,3.4694,18028400.0
2009-01-20,3.4694,3.4914,3.2457,3.2604,15951400.0
2009-01-21,3.143,3.319,3.1173,3.319,24018800.0
2009-01-22,3.2934,3.4217,3.22,3.3447,21330600.0
2009-01-23,3.2567,3.3814,3.2457,3.3301,21011000.0
2009-01-26,3.3044,3.4034,3.2237,3.3007,26235600.0
2009-01-27,3.2934,3.3887,3.2567,3.3557,24077200.0
2009-01-28,3.4364,3.5941,3.3851,3.5391,38306000.0
2009-01-29,3.3924,3.6308,3.3924,3.5391,37243800.0
2009-01-30,3.5721,3.5794,3.4511,3.4621,33160800.0
2009-02-02,3.3961,3.5391,3.3887,3.4621,19906800.0
2009-02-03,3.4327,3.6271,3.3887,3.6051,27165200.0
2009-02-04,3.5941,3.6968,3.5648,3.5831,28352800.0
2009-02-05,3.5318,3.7335,3.5061,3.7151,36153800.0
2009-02-06,3.6931,3.8985,3.6491,3.8655,24788200.0
2009-02-09,3.8105,3.9499,3.7445,3.9315,20123600.0
2009-02-10,3.8472,3.9315,3.6271,3.6308,36386200.0
2009-02-11,3.6858,3.7041,3.5611,3.6638,22786000.0
2009-02-12,3.6234,3.7335,3.5721,3.7335,23925600.0
2009-02-13,3.7335,3.7775,3.6491,3.7151,17711200.0
2009-02-17,3.5611,3.5868,3.4254,3.5391,32730800.0
2009-02-18,3.5318,3.5794,3.4621,3.5391,20304600.0
2009-02-19,3.5464,3.6491,3.4804,3.4914,21011400.0
2009-02-20,3.4474,3.5648,3.3924,3.5134,25000600.0
2009-02-23,3.5281,3.5721,3.3411,3.3594,27043000.0
2009-02-24,3.3447,3.5134,3.3374,3.4951,31321600.0
2009-02-25,3.4804,3.5281,3.3997,3.4547,20642600.0
2009-02-26,3.4144,3.5024,3.297,3.308,24531600.0
2009-02-27,3.2714,3.3887,3.264,3.3557,27580000.0
2009-03-02,3.2934,3.3521,3.2127,3.2164,18148000.0
2009-03-03,3.3044,3.3044,3.1283,3.1467,22191600.0
2009-03-04,3.1687,3.2824,3.165,3.2384,20151800.0
2009-03-05,3.176,3.2604,3.132,3.1393,22179800.0
2009-03-06,3.176,3.187,2.978,3.066,27024200.0
2009-03-09,3.055,3.1613,3.011,3.033,19047000.0
2009-03-10,3.1063,3.3704,3.055,3.3484,31474200.0
2009-03-11,3.3741,3.4474,3.2824,3.3814,16394400.0
2009-03-12,3.3704,3.7041,3.3484,3.6931,32528800.0
2009-03-13,3.6931,3.9058,3.6748,3.8728,30120400.0
2009-03-16,3.8985,4.0342,3.8728,3.9535,35243800.0
2009-03-17,3.9132,4.0892,3.9095,4.0855,29760200.0
2009-03-18,4.0599,4.2653,4.0195,4.2176,24836200.0
2009-03-19,4.2653,4.2836,4.1736,4.2506,21836200.0
2009-03-20,4.2579,4.3569,4.0525,4.0929,33500800.0
2009-03-23,4.2029,4.445,4.1076,4.423,24573800.0
2009-03-24,4.3753,4.423,4.1516,4.1516,24369000.0
2009-03-25,4.2029,4.2579,3.9388,4.0929,37234000.0
2009-03-26,4.1479,4.5587,4.1076,4.544,41195400.0
2009-03-27,4.4046,4.4596,4.2983,4.3166,20712800.0
2009-03-30,4.2102,4.2689,4.0782,4.1296,17794000.0
2009-03-31,4.1992,4.1992,4.0525,4.0745,24452600.0
2009-04-01,4.0305,4.1259,3.9645,4.0966,19890400.0
2009-04-02,4.1992,4.401,4.1479,4.3349,39412400.0
2009-04-03,4.3203,4.3753,4.2029,4.2873,22736200.0
2009-04-06,4.2139,4.2763,4.1222,4.1882,17738200.0
2009-04-07,4.0892,4.1479,4.0159,4.1039,19806400.0
2009-04-08,4.1516,4.2579,4.1259,4.2139,17972800.0
2009-04-09,4.3496,4.456,4.2763,4.401,23960400.0
2009-04-13,4.3496,4.4413,4.2983,4.4046,15846800.0
2009-04-14,4.3643,4.3863,4.3056,4.3533,29287200.0
2009-04-15,4.0929,4.2983,4.0819,4.2763,36400000.0
2009-04-16,4.1919,4.2909,4.1846,4.2579,36669000.0
2009-04-17,4.2249,4.4816,4.2212,4.423,36195000.0
2009-04-20,4.2653,4.2983,4.1259,4.1699,25183200.0
2009-04-21,4.1112,4.3423,4.1076,4.3313,27585200.0
2009-04-22,4.2873,4.6577,4.2322,4.61,44792600.0
2009-04-23,4.5843,4.9144,4.5733,4.8997,48099600.0
2009-04-24,4.852,5.0061,4.8117,4.9547,36105200.0
2009-04-27,4.8447,4.9987,4.7494,4.841,28653400.0
2009-04-28,4.753,5.1271,4.753,4.9511,33059600.0
2009-04-29,5.0134,5.1198,4.9327,5.0207,30134000.0
2009-04-30,5.0464,5.6626,5.0244,5.3031,67155800.0
2009-05-01,5.2885,5.3178,5.0318,5.0611,38605600.0
2009-05-04,5.1344,5.3068,5.0978,5.2225,32558200.0
2009-05-05,5.2371,5.2885,5.1344,5.2151,23616200.0
2009-05-06,5.2518,5.2775,5.0428,5.1418,26433200.0
2009-05-07,5.1785,5.3141,5.0574,5.1381,32205800.0
2009-05-08,5.1785,5.2225,4.9621,5.0097,36470800.0
2009-05-11,4.9034,5.0428,4.775,4.9327,23519200.0
2009-05-12,4.9107,4.9877,4.7384,4.8337,19928200.0
2009-05-13,4.8227,4.8264,4.6723,4.676,23034400.0
2009-05-14,4.6577,4.797,4.6393,4.6687,18383600.0
2009-05-15,4.6907,4.8594,4.5917,4.7457,22907000.0
2009-05-18,4.8154,4.9217,4.7457,4.9107,18192200.0
2009-05-19,4.8961,5.0134,4.8484,4.9217,13588200.0
2009-05-20,4.9584,5.1381,4.9217,4.9694,34052000.0
2009-05-21,4.9107,4.9841,4.8777,4.9254,43126200.0
2009-05-22,4.9584,4.9804,4.753,4.7677,33697200.0
2009-05-26,4.6027,4.9914,4.6027,4.9511,31695600.0
2009-05-27,4.9437,5.0941,4.8777,4.9144,21758200.0
2009-05-28,4.9621,5.0538,4.852,5.0281,26821000.0
2009-05-29,5.0574,5.2775,5.0318,5.2775,34967000.0
2009-06-01,5.3435,5.4975,5.2848,5.4718,23233000.0
2009-06-02,5.4095,5.5305,5.3802,5.4352,16997000.0
2009-06-03,5.3948,5.6112,5.3838,5.6112,27142000.0
2009-06-04,5.6039,5.6406,5.5085,5.5635,27440800.0
2009-06-05,5.6442,5.6479,5.5085,5.5342,17254800.0
2009-06-08,5.3875,5.5452,5.3728,5.4902,23963800.0
2009-06-09,5.4865,5.6259,5.4645,5.5745,18932000.0
2009-06-10,5.5672,5.6479,5.3692,5.4645,24529000.0
2009-06-11,5.4462,5.5159,5.2151,5.2298,29051200.0
2009-06-12,5.1968,5.3398,5.1418,5.3362,21699200.0
2009-06-15,5.2665,5.2958,5.1051,5.1785,17717800.0
2009-06-16,5.1858,5.2298,5.0904,5.1344,18159600.0
2009-06-17,5.1124,5.3582,5.0904,5.2445,30337800.0
2009-06-18,5.2225,5.3288,5.1711,5.1748,17322600.0
2009-06-19,5.1711,5.3398,5.1601,5.2225,25693200.0
2009-06-22,5.1344,5.1711,4.9657,5.0281,20581800.0
2009-06-23,5.0941,5.2738,5.0574,5.1931,30938200.0
2009-06-24,5.2371,5.3398,5.1638,5.2115,19950800.0
2009-06-25,5.1895,5.4572,5.1711,5.4425,24085600.0
2009-06-26,5.4058,5.4865,5.3178,5.3288,29842200.0
2009-06-29,5.4058,5.4535,5.2885,5.3692,13305800.0
2009-06-30,5.2848,5.3435,5.0574,5.0941,43132800.0
2009-07-01,5.1271,5.2445,5.1161,5.1344,29420400.0
2009-07-02,5.0868,5.1271,4.8997,4.9107,26766800.0
2009-07-06,4.863,4.9877,4.8264,4.9144,18418200.0
2009-07-07,4.9327,4.9511,4.7494,4.7567,18862400.0
2009-07-08,4.7824,4.8337,4.6797,4.7824,26035400.0
2009-07-09,4.7897,5.0611,4.7604,5.0024,39542200.0
2009-07-10,4.9621,5.1014,4.8887,4.9327,20854000.0
2009-07-13,4.9327,5.1638,4.8777,5.1528,29789000.0
2009-07-14,5.0978,5.2041,5.0171,5.1748,25170800.0
2009-07-15,5.2005,5.2921,5.1564,5.2885,23519800.0
2009-07-16,5.2591,5.3435,5.2188,5.2848,15638400.0
2009-07-17,5.3288,5.3398,5.2298,5.2958,17354200.0
2009-07-20,5.2995,5.4829,5.2958,5.4718,21031800.0
2009-07-21,5.5122,5.5195,5.2848,5.3875,33588400.0
2009-07-22,5.8679,6.4511,5.8496,6.3777,152007800.0
2009-07-23,6.308,6.352,6.1833,6.33,47789400.0
2009-07-24,6.319,6.4034,6.198,6.3154,21014200.0
2009-07-27,6.363,6.4181,6.2163,6.3447,25772000.0
2009-07-28,6.2787,6.4144,6.264,6.3667,17232600.0
2009-07-29,6.33,6.396,6.2383,6.2934,16921200.0
2009-07-30,6.396,6.5427,6.33,6.4657,27780600.0
2009-07-31,6.4144,6.5648,6.3997,6.4914,18871200.0
2009-08-03,6.5941,6.7224,6.4804,6.7004,28981000.0
2009-08-04,6.6381,6.8581,6.6308,6.8581,29927800.0
2009-08-05,6.8765,6.9608,6.7371,6.7848,35565200.0
2009-08-06,6.7628,6.8325,6.6711,6.7114,27137400.0
2009-08-07,6.8325,7.0232,6.7591,6.9792,29019400.0
2009-08-10,6.8985,7.1075,6.8691,7.0415,32703200.0
2009-08-11,7.0268,7.0268,6.8215,6.9168,27727200.0
2009-08-12,6.9242,7.1295,6.8912,7.0525,24887200.0
2009-08-13,7.0782,7.2212,6.9718,7.2029,29906400.0
2009-08-14,7.1369,7.1699,6.9095,7.0122,23276200.0
2009-08-17,6.8655,6.8838,6.7445,6.8288,22592600.0
2009-08-18,6.8398,6.9865,6.8288,6.9718,17882200.0
2009-08-19,6.8838,7.0342,6.8728,7.0122,17782200.0
2009-08-20,6.9865,7.0965,6.9755,7.0489,18153800.0
2009-08-21,7.1039,7.2579,7.0562,7.2286,18869800.0
2009-08-24,7.2396,7.2799,7.0085,7.0562,21985600.0
2009-08-25,7.0562,7.2396,7.0452,7.1515,19864800.0
2009-08-26,7.1332,7.2176,7.0452,7.0965,16781800.0
2009-08-27,7.0892,7.1735,6.9352,7.1295,16184400.0
2009-08-28,7.1919,7.2249,7.0269,7.0892,13296400.0
2009-08-31,7.0525,7.0709,6.9132,6.9645,21183400.0
2009-09-01,6.9608,7.0965,6.7555,6.8068,29337000.0
2009-09-02,6.7775,6.8765,6.7408,6.8068,17100200.0
2009-09-03,6.8215,6.8545,6.6784,6.8545,22627200.0
2009-09-04,6.8618,7.0232,6.7701,6.9755,15713200.0
2009-09-08,6.9938,7.0599,6.9498,7.0415,14858400.0
2009-09-09,7.0415,7.4119,7.0158,7.3679,41213000.0
2009-09-10,7.3789,7.4229,7.2139,7.3239,32750600.0
2009-09-11,7.3312,7.3423,7.2102,7.2946,19276400.0
2009-09-14,7.2139,7.4046,7.1809,7.3643,18430600.0
2009-09-15,7.3349,7.3936,7.2322,7.2579,21520000.0
2009-09-16,7.2726,7.2799,7.1699,7.2799,19974800.0
2009-09-17,7.2652,7.511,7.2396,7.3643,19428800.0
2009-09-18,7.5036,7.6797,7.4596,7.6136,28997200.0
2009-09-21,7.566,7.6577,7.4596,7.5806,18179000.0
2009-09-22,7.577,7.6173,7.4743,7.5073,14302400.0
2009-09-23,7.4816,7.5036,7.2102,7.2212,23654200.0
2009-09-24,7.2616,7.3056,6.9718,7.0305,32934000.0
2009-09-25,7.0158,7.3753,6.9755,7.2726,35879800.0
2009-09-28,7.3129,7.6173,7.2909,7.5623,25847200.0
2009-09-29,7.5843,7.6136,7.3973,7.4743,18615400.0
2009-09-30,7.4706,7.6026,7.2322,7.5733,28316400.0
2009-10-01,7.533,7.555,7.2616,7.3239,23603200.0
2009-10-02,7.2359,7.3606,7.1845,7.2396,17015200.0
2009-10-05,7.2652,7.3863,7.1882,7.3569,14568000.0
2009-10-06,7.3533,7.6026,7.3166,7.5293,21784800.0
2009-10-07,7.5073,7.555,7.4009,7.4816,13994200.0
2009-10-08,7.5036,7.698,7.4706,7.5073,20872600.0
2009-10-09,7.4706,7.5623,7.3716,7.4229,17782400.0
2009-10-12,7.3936,7.533,7.3643,7.4669,20038600.0
2009-10-13,7.4926,7.4926,7.3459,7.4046,13518400.0
2009-10-14,7.4926,7.599,7.4523,7.533,14877000.0
2009-10-15,7.4633,7.6026,7.4413,7.599,20286600.0
2009-10-16,7.5696,7.588,7.4523,7.5696,20250800.0
2009-10-19,7.5843,7.742,7.5146,7.6797,15396600.0
2009-10-20,7.621,7.6833,7.4743,7.5293,11845000.0
2009-10-21,7.4633,7.7163,7.4449,7.4596,20825600.0
2009-10-22,7.4633,7.6357,7.4083,7.577,15714800.0
2009-10-23,7.533,7.5366,7.3899,7.4339,12959600.0
2009-10-26,7.3533,7.5843,7.3313,7.3533,20772200.0
2009-10-27,7.3276,7.3533,6.9645,7.0012,33995400.0
2009-10-28,7.0342,7.1479,6.8545,6.8728,27010800.0
2009-10-29,6.9462,7.1699,6.9168,7.1589,22363800.0
2009-10-30,7.1662,7.2286,6.9425,6.9608,24870600.0
2009-11-02,6.9608,7.1369,6.9132,7.1075,22334200.0
2009-11-03,7.0599,7.1772,6.9535,7.1222,18192800.0
2009-11-04,7.1882,7.1882,7.0232,7.0452,23443800.0
2009-11-05,7.1222,7.2946,7.0599,7.2249,28022200.0
2009-11-06,7.4816,7.808,7.4303,7.7457,57448000.0
2009-11-09,7.7603,7.7713,7.6613,7.7383,27359800.0
2009-11-10,7.6943,7.8667,7.6907,7.852,26731000.0
2009-11-11,7.9217,7.9804,7.863,7.9621,24071400.0
2009-11-12,7.9217,8.0317,7.8997,7.951,19328400.0
2009-11-13,7.9474,8.0134,7.896,7.9877,17083000.0
2009-11-16,8.0024,8.0904,7.9584,8.0904,17730400.0
2009-11-17,8.0317,8.0941,7.9767,8.0647,14458800.0
2009-11-18,7.9767,8.0244,7.8667,7.9657,16074200.0
2009-11-19,7.8777,7.9254,7.72,7.896,20548000.0
2009-11-20,7.8227,7.9657,7.775,7.852,12950200.0
2009-11-23,7.9987,8.1051,7.896,7.9254,25388000.0
2009-11-24,7.8887,7.9254,7.7347,7.8227,17987200.0
2009-11-25,7.8484,8.0097,7.819,8.0024,14864800.0
2009-11-27,7.72,7.9364,7.7017,7.8594,8878800.0
2009-11-30,7.8227,8.0464,7.742,8.0317,23917000.0
2009-12-01,8.0501,8.0831,7.9657,7.9694,18621800.0
2009-12-02,7.9987,8.0684,7.9254,7.951,14876800.0
2009-12-03,7.9657,8.0354,7.731,7.7457,19109600.0
2009-12-04,7.852,8.0171,7.8044,7.9217,25738200.0
2009-12-07,7.896,7.9731,7.8264,7.8484,10931000.0
2009-12-08,7.7567,7.8704,7.6833,7.7823,12023000.0
2009-12-09,7.797,7.8374,7.7017,7.8117,13367000.0
2009-12-10,7.8594,8.2408,7.8337,8.1821,42289400.0
2009-12-11,8.2224,8.2481,8.0904,8.2151,22741400.0
2009-12-14,8.2408,8.3948,8.1931,8.3765,18096200.0
2009-12-15,8.3141,8.3985,8.3141,8.3361,13952600.0
2009-12-16,8.3251,8.4095,8.2188,8.2298,15798400.0
2009-12-17,8.1821,8.2481,8.1051,8.1601,12483200.0
2009-12-18,8.2261,8.7139,8.1601,8.6845,59943800.0
2009-12-21,8.6882,8.7029,8.4535,8.4865,23654200.0
2009-12-22,8.5598,8.7286,8.4975,8.6992,16175600.0
2009-12-23,8.6845,8.7286,8.5672,8.7065,8513200.0
2009-12-24,8.7139,8.7139,8.6185,8.6772,4096000.0
2009-12-28,8.6662,8.7836,8.6369,8.7322,10327600.0
2009-12-29,8.7432,8.7542,8.5709,8.6222,14801600.0
2009-12-30,8.5598,8.6515,8.5012,8.5488,9208400.0
2009-12-31,8.5599,8.6112,8.4572,8.4572,7526400.0
2010-01-04,8.5525,8.5562,8.4021,8.4535,16370000.0
2010-01-05,8.4205,8.8019,8.3948,8.6515,30058800.0
2010-01-06,8.6112,8.6625,8.5305,8.5892,14209600.0
2010-01-07,8.5378,8.6295,8.5048,8.5672,10256000.0
2010-01-08,8.5085,8.6552,8.5048,8.5378,10274800.0
2010-01-11,8.5709,8.5709,8.3875,8.5122,11387000.0
2010-01-12,8.3985,8.5048,8.2518,8.3691,15429600.0
2010-01-13,8.3985,8.6185,8.3508,8.5745,15098400.0
2010-01-14,8.5232,8.6552,8.5122,8.6369,15517400.0
2010-01-15,8.7029,8.7102,8.4021,8.5342,21862600.0
2010-01-19,8.5819,8.7286,8.4938,8.6479,18908200.0
2010-01-20,8.7065,8.7286,8.3801,8.5415,33950400.0
2010-01-21,8.8459,8.9669,8.5562,8.6845,53670800.0
2010-01-22,8.6662,8.7396,8.3801,8.4021,24557600.0
2010-01-25,8.4352,8.4572,8.1674,8.2151,24673800.0
2010-01-26,8.1454,8.3398,8.1308,8.2664,22492600.0
2010-01-27,8.2665,8.2775,8.1161,8.2188,21200200.0
2010-01-28,8.2518,8.2995,8.0171,8.0977,28730400.0
2010-01-29,8.1124,8.2628,7.9767,7.9914,18741800.0
2010-02-01,8.0647,8.1674,7.9841,8.1528,13498800.0
2010-02-02,8.1234,8.2481,8.0354,8.2334,15336200.0
2010-02-03,8.2114,8.2481,8.1051,8.2261,14938600.0
2010-02-04,8.1638,8.2114,7.9914,7.9987,19542400.0
2010-02-05,7.9914,8.0831,7.797,7.9584,22069800.0
2010-02-08,7.9437,8.1234,7.852,8.0354,15988600.0
2010-02-09,8.1234,8.1784,7.9437,8.1381,20816200.0
2010-02-10,8.0831,8.2628,8.0831,8.2041,20032800.0
2010-02-11,8.1638,8.3178,8.0427,8.2738,18518200.0
2010-02-12,8.0941,8.3178,8.0904,8.2885,15750800.0
2010-02-16,8.3215,8.3911,8.2408,8.3911,16820000.0
2010-02-17,8.4608,8.5452,8.4242,8.4902,12950400.0
2010-02-18,8.5122,8.5525,8.4388,8.5305,9300600.0
2010-02-19,8.4975,8.6039,8.4975,8.5672,9731800.0
2010-02-22,8.5562,8.5672,8.3691,8.3985,16983800.0
2010-02-23,8.3471,8.4021,8.2408,8.3178,16508400.0
2010-02-24,8.3435,8.4645,8.3288,8.4645,12921000.0
2010-02-25,8.3068,8.4278,8.2261,8.3985,18623800.0
2010-02-26,8.4058,8.4315,8.3178,8.4021,12100000.0
2010-03-01,8.4095,8.5599,8.4022,8.5415,12703000.0
2010-03-02,8.5012,8.5819,8.4645,8.5562,17122200.0
2010-03-03,8.5452,8.5745,8.4132,8.4572,11035000.0
2010-03-04,8.4535,8.4975,8.3875,8.4058,12892600.0
2010-03-05,8.4498,8.5782,8.3875,8.5709,12328800.0
2010-03-08,8.5342,8.6515,8.5268,8.5525,8997200.0
2010-03-09,8.6185,8.7102,8.5085,8.6625,13357200.0
2010-03-10,8.6295,8.9009,8.6222,8.8863,24464200.0
2010-03-11,8.8166,9.0476,8.8166,8.9009,17979000.0
2010-03-12,8.9009,8.9779,8.8532,8.9046,12833400.0
2010-03-15,8.9119,8.9853,8.8899,8.9559,11841800.0
2010-03-16,9.1503,9.3043,9.1173,9.275,33800200.0
2010-03-17,9.3043,9.4107,9.2163,9.374,21365000.0
2010-03-18,9.3337,9.352,9.1576,9.176,21413600.0
2010-03-19,9.1576,9.2237,9.077,9.1576,22038600.0
2010-03-22,9.088,9.308,8.9303,9.2567,16329600.0
2010-03-23,9.3263,9.3263,9.1503,9.319,17656000.0
2010-03-24,9.4767,9.5354,9.2567,9.275,24294400.0
2010-03-25,9.1906,9.2163,8.8569,8.8789,37962200.0
2010-03-26,8.9449,9.1063,8.9449,9.0183,20463600.0
2010-03-29,9.033,9.0843,8.9083,9.0256,13718000.0
2010-03-30,8.9559,9.0329,8.8899,9.0073,12786200.0
2010-03-31,8.9559,8.9999,8.8752,8.9009,15088600.0
2010-04-01,8.9999,9.0696,8.7836,8.8899,15551200.0
2010-04-05,8.8789,9.1256,8.8789,9.063,15765800.0
2010-04-06,9.0041,9.0962,8.9673,9.0593,11589200.0
2010-04-07,9.133,9.2177,9.0925,9.1735,16810800.0
2010-04-08,9.1146,9.2066,9.0704,9.144,14317800.0
2010-04-09,9.1514,9.1882,9.0041,9.1035,12381000.0
2010-04-12,9.0777,9.1293,8.9562,9.0188,12606200.0
2010-04-13,8.9894,9.133,8.9562,9.1072,14704800.0
2010-04-14,9.0962,9.1514,8.9857,9.1477,15749800.0
2010-04-15,9.1035,9.2987,9.0667,9.2545,19206400.0
2010-04-16,9.2435,9.2877,9.0998,9.1919,21814000.0
2010-04-19,9.2029,9.295,9.0446,9.1698,16983000.0
2010-04-20,9.2435,9.3134,9.0667,9.3024,15065200.0
2010-04-21,9.2766,9.3613,9.2066,9.3503,27466000.0
2010-04-22,9.5675,10.1089,9.4534,10.0352,62082800.0
2010-04-23,9.9468,10.05,9.8511,10.0389,20898400.0
2010-04-26,9.9689,10.1604,9.9432,10.0868,15876400.0
2010-04-27,10.1273,10.1273,9.7406,9.7701,19239600.0
2010-04-28,9.8143,9.899,9.6191,9.6559,21192600.0
2010-04-29,9.6817,9.8437,9.6706,9.7959,15192600.0
2010-04-30,9.8474,9.8474,9.5675,9.5675,15006400.0
2010-05-03,9.5823,10.0352,9.5675,10.0094,19331000.0
2010-05-04,9.8143,9.8143,9.5049,9.5859,22470200.0
2010-05-05,9.5528,9.7848,9.4865,9.6559,22305800.0
2010-05-06,9.5712,9.667,8.982,9.4313,35568400.0
2010-05-07,9.3097,9.5712,9.0777,9.3723,44815000.0
2010-05-10,9.6007,9.98,9.5307,9.9579,29334000.0
2010-05-11,9.8327,10.0315,9.7701,9.8327,23988600.0
2010-05-12,9.8732,10.2856,9.8364,10.2562,23334600.0
2010-05-13,10.2341,10.2341,10.0757,10.1052,21925400.0
2010-05-14,10.0389,10.0647,9.6412,9.7627,23081800.0
2010-05-17,9.7369,9.9247,9.6007,9.91,17651600.0
2010-05-18,9.7922,9.9874,9.7222,9.7885,17118000.0
2010-05-19,9.6964,9.8769,9.5049,9.6449,20713600.0
2010-05-20,9.4018,9.4976,9.2361,9.2435,25198400.0
2010-05-21,9.0372,9.3944,8.982,9.3134,25733200.0
2010-05-24,9.2655,9.3687,9.1735,9.2324,17079600.0
2010-05-25,9.0004,9.2029,8.8641,9.1772,23753800.0
2010-05-26,9.1293,9.3355,9.0888,9.0998,24204800.0
2010-05-27,9.376,9.5896,9.3171,9.5823,20103600.0
2010-05-28,9.5712,9.6964,9.4534,9.5344,16523600.0
2010-06-01,9.4828,9.6891,9.3981,9.4644,19534400.0
2010-06-02,9.4755,9.7959,9.4165,9.7885,19915000.0
2010-06-03,9.7738,9.9137,9.7443,9.8916,18458200.0
2010-06-04,9.6706,9.8806,9.5749,9.6301,22817800.0
2010-06-07,9.667,9.667,9.3944,9.4055,19664200.0
2010-06-08,9.4202,9.5417,9.2803,9.5196,19871200.0
2010-06-09,9.5896,9.84,9.5786,9.6891,23721200.0
2010-06-10,9.8511,9.9468,9.7222,9.9358,18876400.0
2010-06-11,9.8585,10.0205,9.8474,9.9984,17275800.0
2010-06-14,10.1052,10.2599,10.0463,10.1126,17480200.0
2010-06-15,10.1825,10.2893,10.0941,10.2856,17347800.0
2010-06-16,10.2488,10.374,10.1715,10.3077,18969600.0
2010-06-17,10.3151,10.3519,10.1641,10.3041,14355800.0
2010-06-18,10.3041,10.444,10.2157,10.3446,18838000.0
2010-06-21,10.3998,10.4956,10.2599,10.3188,13238600.0
2010-06-22,10.3372,10.4882,9.9984,10.0279,20533200.0
2010-06-23,10.0168,10.1347,9.9321,10.061,15792000.0
2010-06-24,9.98,10.0426,9.7959,9.8216,12959400.0
2010-06-25,9.8806,9.9616,9.8106,9.8732,17869600.0
2010-06-28,9.9689,9.9726,9.7075,9.7185,14278200.0
2010-06-29,9.5712,9.6117,9.1624,9.2103,37893400.0
2010-06-30,9.2361,9.3208,8.9378,8.9488,33930000.0
2010-07-01,8.9967,9.1146,8.7205,9.0814,31499400.0
2010-07-02,9.1182,9.1293,8.8789,8.9673,16930800.0
2010-07-06,9.052,9.0925,8.6432,8.6947,29284800.0
2010-07-07,8.7132,9.0041,8.6616,8.9857,18170400.0
2010-07-08,9.0446,9.1809,8.982,9.1477,20986400.0
2010-07-09,9.1624,9.3318,9.1477,9.3171,14174200.0
2010-07-12,9.3061,9.3981,9.1993,9.3061,12906200.0
2010-07-13,9.4129,9.6007,9.3797,9.5528,15921200.0
2010-07-14,9.5233,9.6301,9.4828,9.5749,11916200.0
2010-07-15,9.6044,9.6412,9.4423,9.6228,12583400.0
2010-07-16,9.6485,9.7369,9.3061,9.3355,19583800.0
2010-07-19,9.3466,9.4681,9.2361,9.3871,14539200.0
2010-07-20,9.2066,9.4976,9.1514,9.4902,14836000.0
2010-07-21,9.5012,9.5675,9.2545,9.2692,24130800.0
2010-07-22,9.1293,9.3024,8.9673,9.2619,38846000.0
2010-07-23,9.2656,9.3908,9.1845,9.3466,17897800.0
2010-07-26,9.3061,9.4165,9.1993,9.3503,19502000.0
2010-07-27,9.4239,9.4239,9.1882,9.2729,17199400.0
2010-07-28,9.2876,9.3392,9.1367,9.2029,15432400.0
2010-07-29,9.2324,9.2803,8.9709,9.1403,13412800.0
2010-07-30,9.0041,9.1882,8.9304,9.1514,15682400.0
2010-08-02,9.2625,9.2773,9.1144,9.1366,16674000.0
2010-08-03,9.1366,9.2032,9.0218,9.1514,14378000.0
2010-08-04,9.1958,9.3439,9.1403,9.3217,14660600.0
2010-08-05,9.2662,9.3439,9.1662,9.3217,15344600.0
2010-08-06,9.1773,9.392,9.1625,9.3772,14981800.0
2010-08-09,9.3994,9.5216,9.3994,9.4994,10357600.0
2010-08-10,9.429,9.4772,9.2958,9.4031,12901000.0
2010-08-11,9.2217,9.2402,9.0144,9.1292,18449600.0
2010-08-12,8.9996,9.1107,8.9811,9.0551,11964000.0
2010-08-13,8.9996,9.0218,8.8663,8.8811,12194200.0
2010-08-16,8.8367,8.9404,8.7627,8.8182,14724400.0
2010-08-17,8.8589,9.1033,8.8256,8.9959,14061400.0
2010-08-18,8.9367,9.181,8.8145,9.0699,13645600.0
2010-08-19,9.007,9.0773,8.833,8.8997,13623600.0
2010-08-20,8.8922,8.9256,8.796,8.9034,10909600.0
2010-08-23,8.9293,9.007,8.7664,8.7664,13230000.0
2010-08-24,8.6257,8.6257,8.4036,8.448,27815000.0
2010-08-25,8.3666,8.6923,8.3295,8.6479,20244200.0
2010-08-26,8.6664,8.7442,8.5813,8.6146,15060000.0
2010-08-27,8.6553,8.7294,8.4813,8.6886,12109000.0
2010-08-30,8.6812,8.7516,8.6516,8.6738,11926000.0
2010-08-31,8.5887,8.6923,8.3999,8.5072,21136600.0
2010-09-01,8.5813,8.7997,8.5257,8.7664,14365200.0
2010-09-02,8.759,9.1366,8.7183,9.1292,23932400.0
2010-09-03,9.2476,9.3254,9.1514,9.281,11773400.0
2010-09-07,9.2143,9.2699,9.1329,9.2069,12830400.0
2010-09-08,9.2143,9.2921,9.1403,9.1736,12205400.0
2010-09-09,9.2439,9.2439,9.081,9.1921,10329200.0
2010-09-10,9.2328,9.4179,9.1995,9.4031,12798600.0
2010-09-13,9.4587,9.6252,9.4587,9.5327,17364600.0
2010-09-14,9.5142,9.5771,9.4513,9.5438,12253200.0
2010-09-15,9.4735,9.5438,9.4142,9.5327,11151200.0
2010-09-16,9.4883,9.5623,9.4216,9.5253,8368400.0
2010-09-17,9.5697,9.5808,9.4142,9.4513,16694800.0
2010-09-20,9.4809,9.7511,9.455,9.7289,13225200.0
2010-09-21,9.703,9.7511,9.6178,9.6845,14358200.0
2010-09-22,9.7141,9.7918,9.5623,9.5993,12248400.0
2010-09-23,9.4957,9.6919,9.392,9.4216,14068400.0
2010-09-24,9.5697,9.6993,9.5586,9.6734,23203800.0
2010-09-27,9.6364,9.7659,9.6364,9.6808,15232000.0
2010-09-28,9.7622,9.8363,9.5216,9.6771,14969000.0
2010-09-29,9.6919,9.6993,9.492,9.5512,13066000.0
2010-09-30,9.5993,9.6623,9.3957,9.4587,16740600.0
2010-10-01,9.5845,9.6549,9.455,9.603,17455400.0
2010-10-04,9.5512,9.603,9.392,9.5105,10910600.0
2010-10-05,9.6512,9.7696,9.6067,9.7178,14287200.0
2010-10-06,9.6549,9.7067,9.529,9.6623,14798000.0
2010-10-07,9.666,9.7067,9.5586,9.6512,10380400.0
2010-10-08,9.6586,9.7363,9.5031,9.6512,9222400.0
2010-10-11,9.6215,9.7733,9.5771,9.6215,11484400.0
2010-10-12,9.6252,10.1065,9.5882,10.0473,29020200.0
2010-10-13,10.0806,10.125,9.9547,10.0917,14618600.0
2010-10-14,10.0473,10.2768,10.0473,10.1546,14601600.0
2010-10-15,10.2176,10.2176,10.0584,10.1954,11823800.0
2010-10-18,10.1583,10.1954,10.0621,10.125,10964800.0
2010-10-19,10.088,10.1731,9.9362,10.0251,13655000.0
2010-10-20,10.0251,10.262,10.0066,10.162,13356000.0
2010-10-21,10.1731,10.2953,10.0029,10.1028,10634600.0
2010-10-22,10.0103,10.5915,10.0066,10.547,22770800.0
2010-10-25,10.5693,10.6618,10.4915,10.51,11396400.0
2010-10-26,10.4508,10.5915,10.4101,10.5619,9513600.0
2010-10-27,10.4434,10.4878,10.3731,10.4619,11134000.0
2010-10-28,10.5322,10.5508,10.3768,10.4508,8131600.0
2010-10-29,10.4212,10.6433,10.4027,10.573,13535000.0
2010-11-01,10.6174,10.7321,10.5285,10.6655,11093200.0
2010-11-02,10.6951,10.7877,10.647,10.6914,9290600.0
2010-11-03,10.6655,10.8432,10.5952,10.7729,13359400.0
2010-11-04,10.9876,11.1061,10.9358,11.0135,29505400.0
2010-11-05,11.3171,11.5873,11.2356,11.4281,36640600.0
2010-11-08,11.2875,11.4392,11.1727,11.3393,15613000.0
2010-11-09,11.417,11.417,11.1023,11.169,15047600.0
2010-11-10,11.1431,11.3837,11.1061,11.28,15171400.0
2010-11-11,11.1431,11.4577,11.1098,11.38,11397400.0
2010-11-12,11.3689,11.3689,11.0468,11.1764,12922000.0
2010-11-15,11.1394,11.4763,11.1394,11.3985,18969000.0
2010-11-16,11.3018,11.4543,11.0714,11.0937,14845800.0
2010-11-17,11.0565,11.2052,10.9487,11.1494,10486000.0
2010-11-18,11.2349,11.4729,11.1792,11.3688,13601200.0
2010-11-19,11.3242,11.4915,11.261,11.4357,13522000.0
2010-11-22,11.3725,11.5584,11.339,11.4766,13425000.0
2010-11-23,11.3465,11.4357,11.2089,11.3019,17195600.0
2010-11-24,11.4208,11.7145,11.4059,11.7034,20611800.0
2010-11-26,11.5956,11.655,11.5509,11.577,4651200.0
2010-11-29,11.3948,11.4989,11.2275,11.4468,13510400.0
2010-11-30,11.2684,11.4989,11.2052,11.3762,17186200.0
2010-12-01,11.5286,11.9078,11.5286,11.7852,20384600.0
2010-12-02,11.8446,12.1941,11.8112,12.1792,20100600.0
2010-12-03,12.1086,12.2238,11.9301,12.1644,16435000.0
2010-12-06,12.1235,12.1941,12.064,12.1644,10276000.0
2010-12-07,12.2647,12.3019,12.1272,12.1867,13535800.0
2010-12-08,12.2276,12.2276,12.0677,12.1123,8590400.0
2010-12-09,12.1569,12.1941,11.9562,12.0454,11720800.0
2010-12-10,12.0528,12.1606,11.9413,12.116,8208000.0
2010-12-13,12.1681,12.1755,11.893,11.893,10908400.0
2010-12-14,11.8744,12.0082,11.8298,11.9376,10083600.0
2010-12-15,11.9376,12.038,11.7703,11.8484,13788000.0
2010-12-16,12.0826,12.1941,11.971,12.116,16072000.0
2010-12-17,12.0974,12.2499,12.0342,12.1904,17918400.0
2010-12-20,12.2201,12.2945,12.09,12.2424,8660000.0
2010-12-21,12.287,12.287,12.0826,12.2164,7347000.0
2010-12-22,12.2685,12.3242,12.1941,12.2424,6785200.0
2010-12-23,12.1904,12.2647,12.0937,12.1309,6767200.0
2010-12-27,12.1383,12.1495,11.9562,12.0714,4668800.0
2010-12-28,12.0863,12.1532,11.9153,12.0417,6234000.0
2010-12-29,12.0937,12.1718,12.0491,12.0863,4668600.0
2010-12-30,12.0417,12.1012,11.971,12.0491,4907200.0
2010-12-31,12.0491,12.0751,11.8781,11.945,6346200.0
2011-01-03,12.0789,12.4246,12.0677,12.3614,12764600.0
2011-01-04,12.3614,12.3763,12.0603,12.0751,13306000.0
2011-01-05,11.9933,12.209,11.9896,12.0268,11501800.0
2011-01-06,12.0342,12.0826,11.8186,11.8818,13253400.0
2011-01-07,11.9116,12.2164,11.8446,12.1867,19791400.0
2011-01-10,12.0751,12.2499,11.945,12.1829,15540600.0
2011-01-11,12.2313,12.2313,11.9562,11.9933,16100200.0
2011-01-12,12.1123,12.1421,11.919,11.971,16419400.0
2011-01-13,11.9376,12.0603,11.9376,12.0491,11235000.0
2011-01-14,11.971,12.1681,11.9636,12.1569,11265800.0
2011-01-18,12.1681,12.3614,12.1532,12.2685,15682400.0
2011-01-19,12.0751,12.2945,12.0714,12.2722,12982000.0
2011-01-20,12.2908,12.4134,12.1904,12.3354,18641400.0
2011-01-21,12.4246,12.5361,12.2908,12.3428,23129800.0
2011-01-24,12.3279,12.4543,12.235,12.4506,11974800.0
2011-01-25,12.3726,12.5584,12.3465,12.5101,18252800.0
2011-01-26,12.4952,12.4952,12.1718,12.2945,37247800.0
2011-01-27,12.0157,12.4358,11.9153,12.2796,32931800.0
2011-01-28,12.2908,12.3131,11.7182,11.7963,26823400.0
2011-01-31,11.7257,11.8,11.432,11.722,25171800.0
2011-02-01,11.8075,12.0119,11.7368,11.9896,21049800.0
2011-02-02,11.9562,11.9896,11.7777,11.971,13099000.0
2011-02-03,11.9785,12.09,11.9153,12.0305,12782600.0
2011-02-04,12.0157,12.1718,11.919,12.1123,14393400.0
2011-02-07,12.131,12.2168,12.0302,12.075,12320400.0
2011-02-08,12.0339,12.3885,12.0302,12.3624,13565400.0
2011-02-09,12.3176,12.3699,12.2392,12.3139,8665400.0
2011-02-10,12.2728,12.4147,12.2243,12.3773,17855600.0
2011-02-11,12.3176,12.4594,12.228,12.4482,12259200.0
2011-02-14,12.4706,12.6088,12.3885,12.5341,15961200.0
2011-02-15,12.4744,12.5266,12.3736,12.3848,11332000.0
2011-02-16,12.4259,12.5714,12.3661,12.5304,10671600.0
2011-02-17,12.4893,12.5714,12.4221,12.5042,9791400.0
2011-02-18,12.4818,12.7021,12.4221,12.6909,15881600.0
2011-02-22,12.5714,12.6647,12.1944,12.2318,15101600.0
2011-02-23,12.2243,12.2318,11.7167,11.9108,16680000.0
2011-02-24,11.8697,11.9331,11.6345,11.9108,18856200.0
2011-02-25,11.9779,12.1982,11.9443,12.131,19325600.0
2011-02-28,12.243,12.3363,12.1646,12.3101,18027400.0
2011-03-01,12.4035,12.4557,12.0339,12.0899,20471000.0
2011-03-02,12.0526,12.0899,11.8398,12.0265,16253600.0
2011-03-03,12.1272,12.4147,12.1198,12.3213,13107600.0
2011-03-04,12.2803,12.3848,12.1758,12.3624,16241000.0
2011-03-07,12.6909,12.9857,12.4333,12.5416,26465800.0
2011-03-08,12.5864,12.8066,12.5453,12.6946,16973400.0
2011-03-09,12.6722,12.9148,12.5864,12.8924,16728600.0
2011-03-10,13.8405,14.2623,13.7883,14.1727,72206200.0
2011-03-11,13.9226,14.0383,13.5568,13.6464,30486000.0
2011-03-14,13.5531,13.6315,13.2508,13.3366,24991800.0
2011-03-15,12.9671,13.4225,12.9409,13.3329,17963600.0
2011-03-16,13.0231,13.2806,13.0156,13.0641,19430400.0
2011-03-17,13.2844,13.3067,13.0828,13.0977,12862000.0
2011-03-18,13.2657,13.3217,12.9932,13.0492,23366600.0
2011-03-21,13.2321,13.2732,13.1201,13.1798,10171400.0
2011-03-22,13.1574,13.1574,12.9895,13.0455,12085200.0
2011-03-23,13.0455,13.736,12.9708,13.6949,22958200.0
2011-03-24,13.7472,14.1279,13.5755,14.0271,31712200.0
2011-03-25,14.0981,14.1093,13.736,13.7733,13482400.0
2011-03-28,13.8032,13.848,13.6016,13.7659,14317400.0
2011-03-29,13.68,13.8704,13.5904,13.7584,12054000.0
2011-03-30,13.8741,13.8778,13.6203,13.7061,11935200.0
2011-03-31,13.6763,13.8181,13.624,13.792,12757800.0
2011-04-01,13.904,14.057,13.8293,13.904,10940200.0
2011-04-04,13.9488,14.0309,13.6501,13.7099,10886800.0
2011-04-05,13.6651,13.6949,13.5083,13.5867,10749800.0
2011-04-06,13.6763,13.7659,13.4561,13.583,8032800.0
2011-04-07,13.5008,13.6016,13.303,13.4001,11949800.0
2011-04-08,13.4486,13.568,13.2134,13.3515,11012600.0
2011-04-11,13.3926,13.512,13.1425,13.247,9580000.0
2011-04-12,13.15,13.3777,13.15,13.3515,10411200.0
2011-04-13,13.4113,13.5008,13.2993,13.3665,9128800.0
2011-04-14,13.2246,13.4262,13.1761,13.4262,9797000.0
2011-04-15,13.4337,13.5867,13.2955,13.5792,12734000.0
2011-04-18,13.3702,13.3926,13.0641,13.3665,11133400.0
2011-04-19,13.3702,13.5456,13.3366,13.4971,10574400.0
2011-04-20,13.6427,13.8106,13.6352,13.7696,13098800.0
2011-04-21,13.7024,13.9002,13.6875,13.8106,12950400.0
2011-04-25,13.8181,13.8554,13.6725,13.7621,8155600.0
2011-04-26,13.8554,13.9114,13.5792,13.6613,14000000.0
2011-04-27,13.736,13.9152,13.7061,13.8816,18333400.0
2011-04-28,13.624,13.9898,13.568,13.7659,22800000.0
2011-04-29,13.7547,13.792,13.4747,13.512,40080600.0
2011-05-02,13.6166,13.7509,13.5382,13.6912,15180600.0
2011-05-03,13.624,13.6501,13.3627,13.5494,12200000.0
2011-05-04,13.5531,13.68,13.4187,13.6501,11642400.0
2011-05-05,13.5867,13.8368,13.5568,13.624,9600000.0
2011-05-06,13.7994,14.0607,13.624,13.6352,13060600.0
2011-05-09,13.6764,13.7251,13.5154,13.5303,9809200.0
2011-05-10,13.6165,13.6614,13.4667,13.5715,12490200.0
2011-05-11,13.5453,13.6165,13.2981,13.4067,13000000.0
2011-05-12,13.388,13.6727,13.343,13.6539,9000000.0
2011-05-13,13.6502,13.6989,13.4554,13.5416,10403000.0
2011-05-16,13.4779,13.5041,13.152,13.1707,14121000.0
2011-05-17,13.1033,13.2307,13.0508,13.2232,17533000.0
2011-05-18,13.2868,13.7401,13.2044,13.7139,21646600.0
2011-05-19,13.7289,13.9911,13.7289,13.9124,15704000.0
2011-05-20,13.8562,13.9311,13.6315,13.7139,10537400.0
2011-05-23,13.4854,13.7663,13.4629,13.6502,12200000.0
2011-05-24,13.6127,13.7026,13.5228,13.594,9726600.0
2011-05-25,13.609,13.6165,13.4966,13.5303,9543600.0
2011-05-26,13.4479,13.7026,13.4329,13.6502,9755600.0
2011-05-27,13.624,13.7064,13.5715,13.6577,5979400.0
2011-05-31,13.7701,13.8263,13.6689,13.7813,9981600.0
2011-06-01,13.6877,13.7663,13.4479,13.4779,17077400.0
2011-06-02,13.4929,13.5678,13.358,13.4554,7996000.0
2011-06-03,13.2606,13.2943,13.122,13.1707,14620600.0
2011-06-06,13.343,13.7139,13.2943,13.388,18604600.0
2011-06-07,13.4854,13.5865,13.4517,13.4592,10256000.0
2011-06-08,13.418,13.5378,13.3168,13.388,10322000.0
2011-06-09,13.3955,13.418,13.2981,13.3093,9205200.0
2011-06-10,13.2606,13.2981,13.1108,13.1557,11580200.0
2011-06-13,13.1632,13.2868,12.9647,13.0733,12837800.0
2011-06-14,13.1595,13.2606,13.1333,13.2119,10093600.0
2011-06-15,13.0321,13.2269,12.9984,13.0583,9941400.0
2011-06-16,13.0209,13.2419,13.0134,13.1632,13050600.0
2011-06-17,13.3206,13.4142,13.1932,13.2756,13684200.0
2011-06-20,13.2419,13.4929,13.167,13.4217,11542000.0
2011-06-21,13.4891,13.8038,13.403,13.7588,13432600.0
2011-06-22,13.7101,14.0548,13.6315,13.9649,18038800.0
2011-06-23,13.8113,14.1372,13.7888,14.1334,19344000.0
2011-06-24,14.111,14.1971,13.9461,13.9911,10170600.0
2011-06-27,13.9424,14.2421,13.8675,14.2308,12108800.0
2011-06-28,14.2346,14.7103,14.1859,14.7028,17963000.0
2011-06-29,14.6953,14.8901,14.6541,14.7702,14026600.0
2011-06-30,14.8676,14.9051,14.7665,14.7927,11001200.0
2011-07-01,14.8414,15.0811,14.7965,15.0549,12878200.0
2011-07-05,15.0474,15.3996,14.8976,15.3396,14526200.0
2011-07-06,15.2947,15.3209,15.1186,15.1411,12412600.0
2011-07-07,14.9463,15.1711,14.7702,15.1036,21658800.0
2011-07-08,14.9313,15.1336,14.9163,15.1149,11212200.0
2011-07-11,14.9763,15.0924,14.7777,14.8864,11262800.0
2011-07-12,14.9051,15.0886,14.8077,14.8227,11748000.0
2011-07-13,14.9126,15.0774,14.7965,14.8264,11240600.0
2011-07-14,14.8152,14.9163,14.5717,14.6579,13389400.0
2011-07-15,14.6653,14.9088,14.6391,14.9088,13315400.0
2011-07-18,14.804,14.9388,14.6691,14.759,8714400.0
2011-07-19,14.9126,15.1186,14.8751,15.1036,11502800.0
2011-07-20,15.0624,15.0662,14.714,14.9201,11156200.0
2011-07-21,14.9987,15.2085,14.8864,15.1261,12382600.0
2011-07-22,15.1748,15.2535,15.0774,15.1149,6390000.0
2011-07-25,15.0287,15.1523,14.9538,15.1336,10084000.0
2011-07-26,15.1673,15.1711,14.9838,15.0512,10752400.0
2011-07-27,15.2085,15.3209,14.5717,14.5979,14904200.0
2011-07-28,14.9388,15.2272,14.759,14.9763,29309800.0
2011-07-29,14.9426,15.3171,14.6991,15.0175,31177400.0
2011-08-01,15.1486,15.2722,14.7215,14.9088,16245600.0
2011-08-02,14.7628,14.8564,14.4518,14.4631,16162600.0
2011-08-03,14.4631,14.729,14.2233,14.7141,14852600.0
2011-08-04,14.5155,14.6691,13.8188,13.8225,20348400.0
2011-08-05,13.9274,14.096,13.3206,13.7551,26812600.0
2011-08-08,13.5897,13.7288,12.7965,12.8002,34481200.0
2011-08-09,12.913,13.5483,12.6762,13.5483,32199800.0
2011-08-10,13.2777,13.5183,13.0108,13.0671,28255600.0
2011-08-11,13.1724,14.1122,13.0935,13.9506,23164200.0
2011-08-12,13.9731,14.1235,13.804,14.0446,12965200.0
2011-08-15,14.1047,14.4618,14.1047,14.443,15646000.0
2011-08-16,14.3265,14.7287,14.1949,14.6197,22626400.0
2011-08-17,14.6611,14.8528,14.3152,14.5483,12721200.0
2011-08-18,14.0182,14.0258,12.8341,13.0634,42977200.0
2011-08-19,13.0671,13.5897,12.9243,13.195,25589800.0
2011-08-22,13.5333,13.6761,13.0634,13.116,17908000.0
2011-08-23,13.225,13.8265,13.1574,13.8077,18616400.0
2011-08-24,13.7513,14.0821,13.6761,14.0483,15714600.0
2011-08-25,14.0483,14.21,13.6273,13.6912,12229600.0
2011-08-26,13.6536,14.1611,13.4318,14.0558,16390400.0
2011-08-29,14.21,14.3152,14.1235,14.3039,9498800.0
2011-08-30,14.2663,14.5671,14.1949,14.4731,10331600.0
2011-08-31,14.522,14.7663,14.4092,14.5182,14593400.0
2011-09-01,14.6009,14.6949,14.3039,14.3566,11582800.0
2011-09-02,14.1648,14.3039,14.037,14.0934,9762400.0
2011-09-06,13.7288,14.225,13.6912,14.1912,12270000.0
2011-09-07,14.3566,14.8002,14.2701,14.7287,16797800.0
2011-09-08,14.6535,14.8077,14.5445,14.631,15773800.0
2011-09-09,14.5182,14.5671,13.928,14.0258,21029200.0
2011-09-12,13.7927,14.24,13.7927,14.1536,16245000.0
2011-09-13,14.1761,14.4017,14.1611,14.3566,12318800.0
2011-09-14,14.4731,14.6611,14.2212,14.4919,18162600.0
2011-09-15,14.6611,14.849,14.6272,14.6874,15151200.0
2011-09-16,14.7438,14.8077,14.537,14.7363,18701400.0
2011-09-19,14.616,15.567,14.5896,15.4731,21342600.0
2011-09-20,15.4505,15.7888,15.2024,15.443,17996400.0
2011-09-21,15.4129,15.6009,14.9881,14.9994,15697400.0
2011-09-22,14.6573,14.8152,14.1912,14.5145,21396600.0
2011-09-23,14.3716,14.8377,14.2851,14.552,16213400.0
2011-09-26,14.6197,14.8603,14.2851,14.8453,16568200.0
2011-09-27,15.0896,15.3528,14.8866,14.9806,12766600.0
2011-09-28,15.037,15.1911,14.7814,14.8227,12143200.0
2011-09-29,15.1159,15.2212,13.8904,14.349,25054000.0
2011-09-30,14.1498,14.4092,13.9844,14.0182,17043200.0
2011-10-03,13.8528,13.9318,13.5521,13.6085,27620000.0
2011-10-04,13.3679,14.0258,13.2025,14.0032,24689200.0
2011-10-05,14.0746,14.4054,13.8491,14.3039,17616200.0
2011-10-06,14.334,14.5596,14.1686,14.4731,11464200.0
2011-10-07,14.5445,14.9956,14.4957,14.7588,16811000.0
2011-10-10,14.9693,15.5746,14.9317,15.3828,14021400.0
2011-10-11,15.2513,15.6535,15.1986,15.537,15037000.0
2011-10-12,15.6272,15.7813,15.4618,15.6046,12959200.0
2011-10-13,15.4881,15.6535,15.3565,15.4467,12750400.0
2011-10-14,15.6046,15.8715,15.5558,15.8715,11249000.0
2011-10-17,15.7738,15.7738,15.4054,15.4731,10459800.0
2011-10-18,15.5107,16.1422,15.3265,15.958,15201000.0
2011-10-19,15.7888,16.0031,15.3077,15.3828,13861600.0
2011-10-20,15.3791,15.6497,15.2813,15.4092,9322000.0
2011-10-21,15.6234,15.958,15.4919,15.8227,13940000.0
2011-10-24,15.8678,16.1572,15.8039,15.9918,12206800.0
2011-10-25,15.9505,15.973,15.4731,15.5182,14038400.0
2011-10-26,15.6873,15.8603,15.3077,15.5633,12060000.0
2011-10-27,15.9655,16.3264,15.7926,16.1911,12129600.0
2011-10-28,16.1535,16.2475,15.8415,15.9768,11935400.0
2011-10-31,15.8903,16.2136,15.8452,15.9242,10543000.0
2011-11-01,15.537,15.74,15.3828,15.4994,15438800.0
2011-11-02,15.6949,15.7588,15.3866,15.4806,13484000.0
2011-11-03,15.6084,15.7212,15.2437,15.5633,21705600.0
2011-11-04,16.1347,16.8001,16.0407,16.6121,34216000.0
2011-11-07,16.5219,16.8038,16.4467,16.6271,20936000.0
2011-11-08,16.6835,16.785,16.2851,16.676,12079800.0
2011-11-09,16.3039,16.4993,16.0933,16.146,16248000.0
2011-11-10,16.24,16.4317,16.037,16.3602,14783600.0
2011-11-11,16.4993,16.7662,16.4655,16.6685,9448800.0
2011-11-14,16.5595,16.7099,16.3678,16.4054,9817800.0
2011-11-15,16.3563,16.6884,16.3299,16.6167,8110800.0
2011-11-16,16.4091,16.5639,16.2091,16.2355,11803800.0
2011-11-17,16.1412,16.2355,15.7185,15.8619,13512000.0
2011-11-18,15.8619,16.0695,15.8204,15.8581,11646600.0
2011-11-21,15.5524,15.8204,15.4279,15.7298,12086800.0
2011-11-22,15.6808,16.0204,15.6241,15.9563,11926000.0
2011-11-23,15.8355,15.8657,15.5675,15.5675,10680600.0
2011-11-25,15.4921,15.6317,15.3788,15.4128,5104800.0
2011-11-28,15.7713,15.9978,15.6053,15.794,10003600.0
2011-11-29,15.8581,16.1336,15.7638,15.9298,11266800.0
2011-11-30,16.311,16.511,16.194,16.4091,14023200.0
2011-12-01,16.3035,16.4959,16.3035,16.4506,8343600.0
2011-12-02,16.5865,16.6922,16.4393,16.5714,12210600.0
2011-12-05,16.6997,16.7337,16.6054,16.6809,13901400.0
2011-12-06,16.7148,16.7186,16.3676,16.5035,8228400.0
2011-12-07,16.4318,16.6205,16.228,16.5601,8208800.0
2011-12-08,16.3978,16.6016,16.145,16.1751,9878800.0
2011-12-09,16.2657,16.6582,16.2053,16.5903,10894000.0
2011-12-12,16.4129,16.628,16.2846,16.6054,9246200.0
2011-12-13,16.8129,16.9828,16.4016,16.4582,14486400.0
2011-12-14,16.3752,16.428,16.1034,16.2619,12387800.0
2011-12-15,16.3638,16.5035,16.2846,16.3789,10743200.0
2011-12-16,16.4959,16.6356,16.3978,16.4091,13281200.0
2011-12-19,16.5525,16.6054,16.345,16.462,10464200.0
2011-12-20,16.6544,17.0394,16.6431,17.0054,12999200.0
2011-12-21,16.9865,17.1526,16.8054,17.0733,9242800.0
2011-12-22,17.0582,17.0809,16.8544,16.9828,7896000.0
2011-12-23,17.0167,17.1526,16.9488,17.1526,5067800.0
2011-12-27,17.1337,17.3979,17.1149,17.3375,5791200.0
2011-12-28,17.4809,17.4923,17.1375,17.2771,7831000.0
2011-12-29,17.3904,17.5489,17.3262,17.53,7664400.0
2011-12-30,17.5413,17.5451,17.3639,17.3639,5366600.0
2012-01-03,17.681,17.7527,17.0884,17.0922,12922400.0
2012-01-04,17.1375,17.5979,17.0884,17.4243,13886800.0
2012-01-05,17.4319,17.5111,17.1903,17.496,9731800.0
2012-01-06,17.5036,17.7036,17.447,17.6319,8105400.0
2012-01-09,17.6357,17.6621,17.4621,17.5828,7261600.0
2012-01-10,17.7564,17.8432,17.5074,17.6696,7868000.0
2012-01-11,17.6017,17.8168,17.5375,17.7828,8201000.0
2012-01-12,17.8621,17.9753,17.7564,17.964,8973400.0
2012-01-13,17.9263,17.964,17.7149,17.8734,9538200.0
2012-01-17,18.0923,18.1112,17.9376,18.0055,7536600.0
2012-01-18,18.0621,18.1716,17.9715,18.1301,11219400.0
2012-01-19,18.1074,18.1338,18.0017,18.1225,10540800.0
2012-01-20,18.0923,18.2621,18.0432,18.1716,9582200.0
2012-01-23,18.1716,18.1904,17.7791,17.8659,15163000.0
2012-01-24,17.8357,18.0395,17.7527,17.9829,10309200.0
2012-01-25,18.1489,18.1489,17.8696,18.0282,14279000.0
2012-01-26,18.1376,18.2999,17.7602,18.2433,24982200.0
2012-01-27,18.0734,18.0885,17.7036,18.0583,26973400.0
2012-01-30,17.8772,18.2961,17.8319,18.2961,16458600.0
2012-01-31,18.3187,18.3489,18.047,18.0848,11731200.0
2012-02-01,18.2433,18.2772,17.9414,18.2055,16545600.0
2012-02-02,18.2017,18.2999,17.8923,17.9866,11977800.0
2012-02-03,18.1036,18.2659,18.0923,18.2357,9995800.0
2012-02-06,18.2244,18.3683,18.1751,18.2887,7415200.0
2012-02-07,18.2736,18.4061,18.2244,18.3342,6351800.0
2012-02-08,18.3569,18.4857,18.285,18.4516,7672200.0
2012-02-09,18.5046,18.694,18.4667,18.6334,9513600.0
2012-02-10,18.4819,18.5198,18.3683,18.4895,8176400.0
2012-02-13,18.5766,18.6599,18.4554,18.6523,7716600.0
2012-02-14,18.5463,18.6031,18.4289,18.6031,6621200.0
2012-02-15,18.5766,18.6334,18.3342,18.3607,8092600.0
2012-02-16,18.3153,18.4781,18.3039,18.3759,9766400.0
2012-02-17,18.4327,18.5652,18.3418,18.3493,12705800.0
2012-02-21,18.338,18.5084,18.2054,18.2774,8291600.0
2012-02-22,18.2887,18.3456,18.1297,18.3039,8649400.0
2012-02-23,18.3077,18.3872,18.1789,18.3531,8253400.0
2012-02-24,18.3304,18.444,18.2168,18.2925,6553400.0
2012-02-27,18.2281,18.391,18.0956,18.266,6713000.0
2012-02-28,18.266,18.5273,18.2395,18.5236,7653200.0
2012-02-29,18.5046,18.5122,18.3645,18.391,10245200.0
2012-03-01,18.4402,18.5917,18.3569,18.4478,8673000.0
2012-03-02,18.4668,18.6031,18.3796,18.516,8177400.0
2012-03-05,18.4402,18.7091,18.4402,18.5728,8906600.0
2012-03-06,18.3834,18.5728,18.2168,18.3039,8207400.0
2012-03-07,18.3418,18.7546,18.3266,18.7432,11421200.0
2012-03-08,18.8038,19.2204,18.8038,19.0765,16631600.0
2012-03-09,19.5991,19.8718,19.3416,19.6332,28375800.0
2012-03-12,19.6787,19.7014,19.2924,19.3568,13623600.0
2012-03-13,19.406,19.8264,19.3605,19.8226,18471600.0
2012-03-14,19.6938,20.0385,19.6635,19.9514,14739600.0
2012-03-15,20.0157,20.1142,19.9514,20.0991,12636200.0
2012-03-16,20.1672,20.2127,20.0233,20.1521,23993200.0
2012-03-19,20.0839,20.2884,19.9438,20.2808,11435200.0
2012-03-20,20.2695,20.3869,20.1597,20.349,12616400.0
2012-03-21,20.4248,20.4361,20.2657,20.3793,8522800.0
2012-03-22,20.3301,20.9247,20.3187,20.9095,21402400.0
2012-03-23,21.0156,21.0194,20.6406,20.9626,13754800.0
2012-03-26,21.0269,21.1747,20.8982,21.1747,13132800.0
2012-03-27,21.1974,21.383,21.08,21.3072,13421000.0
2012-03-28,21.2921,21.417,21.08,21.2201,12098200.0
2012-03-29,21.0572,21.1595,20.6861,21.1065,13402400.0
2012-03-30,21.2845,21.3034,21.1103,21.1671,8967400.0
2012-04-02,21.2201,21.5458,21.1936,21.4625,12180600.0
2012-04-03,21.4701,21.6518,21.3716,21.5534,11865400.0
2012-04-04,21.6859,21.8336,21.4587,21.5723,14150800.0
2012-04-05,21.6329,22.1442,21.614,22.0344,16360000.0
2012-04-09,21.6897,21.951,21.6291,21.7465,12610800.0
2012-04-10,21.8753,21.9359,21.436,21.5041,18156000.0
2012-04-11,21.7238,22.4661,21.6594,22.4548,24176400.0
2012-04-12,22.5116,22.9698,22.3525,22.9622,24417200.0
2012-04-13,22.8297,23.4735,22.629,23.3561,30542400.0
2012-04-16,23.4546,23.4811,22.5381,22.5911,25367800.0
2012-04-17,22.7009,22.7047,22.0344,22.2161,30548200.0
2012-04-18,22.3449,23.0001,22.3146,22.8486,18130400.0
2012-04-19,22.8751,22.8903,22.1858,22.273,18567200.0
2012-04-20,22.3714,22.6744,22.3449,22.4055,16134800.0
2012-04-23,22.2237,22.2843,21.8715,22.1783,15202200.0
2012-04-24,22.3335,22.629,21.8753,21.9851,17996000.0
2012-04-25,22.2351,22.6138,22.0987,22.5343,14108600.0
2012-04-26,22.6668,23.1592,22.4964,22.9736,29879400.0
2012-04-27,22.0684,22.1556,21.3867,21.7503,54720000.0
2012-04-30,21.7503,21.8715,21.5534,21.7276,18647400.0
2012-05-01,21.7806,22.129,21.6708,21.8374,13267200.0
2012-05-02,21.7882,22.023,21.6291,21.9359,13916600.0
2012-05-03,21.792,21.8374,21.4435,21.4549,16406800.0
2012-05-04,21.2201,21.3072,20.9512,21.0421,18263200.0
2012-05-07,20.9699,21.2016,20.8939,21.0763,12645000.0
2012-05-08,20.8977,20.9357,20.1532,20.5862,20748600.0
2012-05-09,20.4039,20.8407,20.3241,20.552,17232200.0
2012-05-10,20.7838,21.1105,20.7002,20.8369,15112200.0
2012-05-11,20.7382,21.1751,20.723,20.8977,14455800.0
2012-05-14,20.7078,20.7458,20.3773,20.3887,11794600.0
2012-05-15,20.4381,20.552,20.1645,20.2633,19779800.0
2012-05-16,20.3583,20.533,20.0734,20.1418,15818000.0
2012-05-17,20.2063,20.2101,19.6137,19.6289,17960000.0
2012-05-18,19.7619,20.1987,19.5377,19.5757,22738200.0
2012-05-21,19.6441,20.4153,19.5757,20.4001,20695000.0
2012-05-22,20.4419,20.666,20.1607,20.2747,15757000.0
2012-05-23,20.4988,21.0763,20.4761,21.0041,18498400.0
2012-05-24,21.2054,21.422,20.4874,20.8028,20236800.0
2012-05-25,20.8446,20.9167,20.6242,20.7268,10169400.0
2012-05-29,20.8901,21.2168,20.818,21.1143,12982000.0
2012-05-30,20.8408,20.9395,20.6698,20.7914,10412600.0
2012-05-31,20.8293,20.9243,20.4798,20.8521,15055200.0
2012-06-01,20.1759,20.5368,19.7695,19.8112,17456400.0
2012-06-04,19.7543,20.5026,19.5605,20.4761,24502800.0
2012-06-05,19.8872,20.0126,19.6137,19.91,22337600.0
2012-06-06,20.1683,20.3621,20.0886,20.3127,13980400.0
2012-06-07,20.5406,20.6584,20.2405,20.3013,14475600.0
2012-06-08,20.0734,20.4229,19.9024,20.3583,12509800.0
2012-06-11,20.571,20.5786,20.0392,20.0696,9770000.0
2012-06-12,20.1342,20.2975,19.7049,20.1494,21075400.0
2012-06-13,20.0734,20.2709,19.3858,19.4769,21445600.0
2012-06-14,19.5377,19.9366,19.4124,19.8796,16009600.0
2012-06-15,19.6669,19.9784,19.5833,19.9594,20108800.0
2012-06-18,19.8834,20.6242,19.8492,20.5824,15911000.0
2012-06-19,20.7838,21.1029,20.7154,20.9395,15032400.0
2012-06-20,21.0079,21.2396,20.8939,21.1371,14967200.0
2012-06-21,21.2054,21.2624,20.514,20.5406,12379800.0
2012-06-22,20.6166,20.7914,20.5292,20.7572,9148800.0
2012-06-25,20.5748,20.6052,20.1379,20.2443,10005800.0
2012-06-26,20.2367,20.552,20.1342,20.495,9467000.0
2012-06-27,20.4685,20.552,19.891,20.0392,14015800.0
2012-06-28,19.9556,19.9784,19.4693,19.7885,15650200.0
2012-06-29,20.2063,20.2899,20.0696,20.2557,16983200.0
2012-07-02,20.3013,20.3013,19.8113,20.0544,10270800.0
2012-07-03,19.9328,19.9822,19.6479,19.7315,9112800.0
2012-07-05,19.7695,20.0582,19.7429,19.9062,8752200.0
2012-07-06,19.8112,19.8302,19.4883,19.7429,12096200.0
2012-07-09,19.6669,19.9062,19.6479,19.9024,9328600.0
2012-07-10,20.0392,20.138,19.7733,19.8834,10558200.0
2012-07-11,19.8226,19.8986,19.6403,19.815,8700000.0
2012-07-12,19.6023,20.1152,19.5415,20.0126,10980800.0
2012-07-13,19.9176,20.3963,19.815,20.3659,11089600.0
2012-07-16,20.3089,20.4609,20.043,20.0962,9318800.0
2012-07-17,20.2443,20.4837,20.1114,20.4115,8470000.0
2012-07-18,20.0696,20.3583,19.8568,20.2481,11023400.0
2012-07-19,20.2595,20.6204,20.0962,20.59,10426200.0
2012-07-20,20.2557,20.2823,19.5795,19.7391,23471400.0
2012-07-23,19.4238,19.439,18.8425,19.2224,21166200.0
2012-07-24,19.1958,19.4352,19.0249,19.1768,12079200.0
2012-07-25,19.1844,19.2604,18.9413,19.1502,13157800.0
2012-07-26,19.6441,20.0924,19.5187,19.9062,28380400.0
2012-07-27,17.8168,18.3107,17.5205,18.0334,56945200.0
2012-07-30,18.0258,18.1321,17.7371,17.8092,17497200.0
2012-07-31,17.8434,17.8548,17.1292,17.2014,30425400.0
2012-08-01,17.2736,17.2888,16.6012,16.6316,33427000.0
2012-08-02,16.5632,16.7835,16.3505,16.396,30760200.0
2012-08-03,16.6506,16.7911,16.4872,16.681,24472800.0
2012-08-06,16.8526,16.8602,16.5742,16.5818,19911200.0
2012-08-07,16.7077,17.3064,16.6619,17.2797,25045400.0
2012-08-08,17.2683,17.314,17.1233,17.2721,16627200.0
2012-08-09,17.3865,17.4132,17.1729,17.2034,18177600.0
2012-08-10,17.2568,17.3941,17.1996,17.3789,13512200.0
2012-08-13,17.4437,17.6611,17.3445,17.5848,16786200.0
2012-08-14,17.7335,17.806,17.6306,17.7068,14132000.0
2012-08-15,17.8289,18.4238,17.8251,18.3437,29404800.0
2012-08-16,18.359,18.542,18.1721,18.4581,19389200.0
2012-08-17,18.5382,18.5382,18.2446,18.3895,17089200.0
2012-08-20,18.4009,18.4581,18.2484,18.3246,12297800.0
2012-08-21,18.4276,18.4772,18.2865,18.3399,14280200.0
2012-08-22,18.3246,18.4276,18.2674,18.3513,11817600.0
2012-08-23,18.359,18.4543,18.2369,18.2674,13075800.0
2012-08-24,18.1874,18.603,17.928,18.5725,18156200.0
2012-08-27,18.6869,18.8052,18.5916,18.7403,16089800.0
2012-08-28,18.6641,18.8814,18.645,18.8242,13325600.0
2012-08-29,18.8547,18.9425,18.706,18.7518,12303000.0
2012-08-30,18.8586,19.0683,18.8395,18.9577,15918200.0
2012-08-31,19.0759,19.0912,18.8242,18.9196,11868200.0
2012-09-04,18.8586,18.9882,18.7022,18.8814,10806200.0
2012-09-05,18.9043,19.3162,18.8814,18.992,12976400.0
2012-09-06,19.1675,19.4459,19.1064,19.3887,11363200.0
2012-09-07,19.4382,19.5717,19.3582,19.5145,10288200.0
2012-09-10,19.5183,19.5717,19.3048,19.3849,13784000.0
2012-09-11,19.4497,19.5565,19.3009,19.3467,13456200.0
2012-09-12,19.4459,19.6213,19.4459,19.5145,11277400.0
2012-09-13,19.5145,19.7738,19.4039,19.7243,11352000.0
2012-09-14,19.7738,19.831,19.2132,19.2437,24167200.0
2012-09-17,19.0493,19.095,18.6831,18.9387,21955400.0
2012-09-18,18.9005,18.931,18.7175,18.7823,17068800.0
2012-09-19,18.8166,19.2247,18.7441,19.1103,14277200.0
2012-09-20,18.9959,19.5298,18.9348,19.5221,18039800.0
2012-09-21,19.6365,19.6976,19.4573,19.4764,18128000.0
2012-09-24,19.4115,19.6137,19.2971,19.5107,9267000.0
2012-09-25,19.5679,19.709,19.2476,19.2704,14178400.0
2012-09-26,19.2743,19.4497,18.9959,19.1065,13970800.0
2012-09-27,19.1942,19.4764,19.0683,19.4649,11752400.0
2012-09-28,19.2819,19.4344,19.0264,19.3391,16058600.0
2012-10-01,19.423,19.5641,19.0302,19.1255,15432600.0
2012-10-02,19.2361,19.2361,18.6107,18.8014,21860200.0
2012-10-03,18.9348,19.0035,18.706,18.8738,15040200.0
2012-10-04,19.0264,19.0416,18.5954,18.7251,24816200.0
2012-10-05,18.8662,18.9272,18.5573,18.5878,17917000.0
2012-10-08,18.5573,18.7518,18.4581,18.5954,15495600.0
2012-10-09,18.5649,18.6793,18.0234,18.0577,24286400.0
2012-10-10,18.2064,18.2331,17.7793,17.9051,22044000.0
2012-10-11,18.0005,18.1225,17.8823,17.9852,17288400.0
2012-10-12,18.1225,18.1874,17.9395,17.9929,17032800.0
2012-10-15,18.1035,18.2369,18.0539,18.1797,13587600.0
2012-10-16,18.317,18.7937,18.2598,18.6717,17480600.0
2012-10-17,18.6069,18.7518,18.4314,18.4543,14531000.0
2012-10-18,18.4696,18.5153,17.9967,18.0806,19686400.0
2012-10-19,17.8975,17.9051,17.314,17.4246,36760000.0
2012-10-22,17.4399,17.4437,17.1958,17.2759,16497400.0
2012-10-23,17.1462,17.2301,16.8831,17.15,22447600.0
2012-10-24,17.2759,17.3636,17.192,17.2606,17443800.0
2012-10-25,17.5734,17.8746,17.5085,17.6382,23508200.0
2012-10-26,17.5619,17.6191,17.3064,17.4933,21732800.0
2012-10-31,17.4933,17.6153,17.1615,17.5047,17869200.0
2012-11-01,17.4437,17.8251,17.3102,17.7793,25082400.0
2012-11-02,19.2666,19.8082,19.2209,19.3887,54965400.0
2012-11-05,19.3734,19.5603,19.3353,19.4535,20253800.0
2012-11-06,19.484,19.9073,19.4077,19.7204,16161600.0
2012-11-07,19.5412,19.9454,19.484,19.7586,19532000.0
2012-11-08,19.6938,19.7319,19.3848,19.3963,15438000.0
2012-11-09,19.4268,19.6404,19.3238,19.4344,14356400.0
2012-11-12,19.4344,19.587,19.32,19.3276,9687800.0
2012-11-13,19.3085,19.5383,19.1668,19.2664,9822400.0
2012-11-14,19.1476,19.3315,18.6881,18.7034,22024400.0
2012-11-15,18.7647,18.7915,18.443,18.5464,15778000.0
2012-11-16,18.6996,18.7647,18.3243,18.6728,18604400.0
2012-11-19,18.7532,19.1477,18.7456,19.0481,12666600.0
2012-11-20,18.9868,19.274,18.9294,19.1706,10971600.0
2012-11-21,19.1285,19.3927,19.1132,19.343,8090400.0
2012-11-23,19.3583,19.6531,19.3583,19.6034,4949400.0
2012-11-26,19.4732,19.5421,19.3353,19.4885,7801000.0
2012-11-27,19.4847,19.7068,19.1974,19.2281,10800600.0
2012-11-28,19.2204,19.6838,19.1094,19.6723,10903000.0
2012-11-29,19.8293,20.0323,19.7221,19.837,12829000.0
2012-11-30,19.6914,19.9174,19.5459,19.8638,11997400.0
2012-12-03,19.9672,20.017,19.7221,19.8331,13776000.0
2012-12-04,19.7795,19.9059,19.5076,19.5766,12239000.0
2012-12-05,19.9136,19.9672,18.9792,19.4502,27640200.0
2012-12-06,19.7221,20.622,19.6034,20.5646,49862000.0
2012-12-07,20.4612,20.6795,20.3501,20.5416,21244200.0
2012-12-10,20.4957,20.5646,20.2199,20.2812,14844400.0
2012-12-11,20.4229,20.488,20.2965,20.3693,15011400.0
2012-12-12,20.4765,20.7522,20.354,20.5263,18553000.0
2012-12-13,20.488,20.7982,20.2774,20.3654,14360600.0
2012-12-14,20.3731,20.5837,20.3195,20.4344,9656200.0
2012-12-17,20.4918,20.936,20.488,20.9016,16114800.0
2012-12-18,20.936,21.0241,20.7867,20.8097,15380800.0
2012-12-19,20.8326,21.005,20.7292,20.7829,14237200.0
2012-12-20,20.8824,20.9131,20.5646,20.7599,9797800.0
2012-12-21,20.3157,20.5607,20.1395,20.5263,22153600.0
2012-12-24,20.4382,20.6795,20.4229,20.5607,3405800.0
2012-12-26,20.5339,20.599,20.2506,20.3463,6094200.0
2012-12-27,20.331,20.5416,20.1855,20.3884,9167200.0
2012-12-28,20.2888,20.3999,20.151,20.1586,6791400.0
2012-12-31,20.0706,20.5531,20.0629,20.5378,9247000.0
2013-01-02,20.9054,21.0624,20.779,21.0624,13267600.0
2013-01-03,21.0892,21.296,21.0624,21.2041,14670400.0
2013-01-04,21.2654,21.4454,21.1811,21.3266,10911400.0
2013-01-07,21.2156,21.3649,21.0662,21.3381,8720000.0
2013-01-08,21.2845,21.3381,21.0892,21.2998,9613400.0
2013-01-09,21.4032,21.4071,20.8058,20.9207,16678400.0
2013-01-10,20.9705,21.1275,20.7944,20.8863,14367600.0
2013-01-11,21.1045,21.1543,20.848,21.0662,13302600.0
2013-01-14,21.0969,21.2539,20.8863,20.936,11596400.0
2013-01-15,20.9207,20.982,20.5569,20.8633,13147800.0
2013-01-16,20.7139,20.8403,20.6641,20.8135,8919000.0
2013-01-17,20.982,21.0241,20.7637,20.8709,9013000.0
2013-01-18,20.8786,21.0739,20.7369,20.9897,13091600.0
2013-01-22,21.0892,21.0892,20.8709,21.0586,11965000.0
2013-01-23,21.0165,21.0356,20.7561,20.8556,10900800.0
2013-01-24,20.9628,21.0241,20.7024,20.8977,23473600.0
2013-01-25,21.7058,21.9317,21.5871,21.7556,30797200.0
2013-01-28,21.7671,21.8858,21.3879,21.453,13224800.0
2013-01-29,21.2998,21.4492,21.1735,21.2922,12092600.0
2013-01-30,21.3535,21.522,21.2079,21.4454,13147600.0
2013-01-31,21.3994,21.633,21.3496,21.4913,10583000.0
2013-02-01,21.6636,21.8666,21.656,21.7747,9606200.0
2013-02-04,21.5794,21.7173,21.4109,21.4798,7926400.0
2013-02-05,21.6182,21.6989,21.4914,21.6028,8151400.0
2013-02-06,21.4875,21.6374,21.4183,21.5452,7449000.0
2013-02-07,21.5452,21.549,21.1992,21.4721,9123600.0
2013-02-08,21.4645,21.7758,21.4645,21.6682,7146400.0
2013-02-11,21.7258,21.7258,21.4721,21.5798,5457400.0
2013-02-12,21.526,21.7374,21.5067,21.6259,8665600.0
2013-02-13,21.7028,21.7028,21.3338,21.4606,7022800.0
2013-02-14,21.3453,21.4529,21.2761,21.353,8899400.0
2013-02-15,21.3761,21.4107,20.8225,20.8879,18195800.0
2013-02-19,20.8956,20.9917,20.7649,20.9302,11761000.0
2013-02-20,20.9878,21.0801,20.442,20.4919,12473000.0
2013-02-21,20.3997,20.6188,20.1883,20.5073,13897400.0
2013-02-22,20.6419,20.8379,20.4804,20.8225,11487400.0
2013-02-25,20.9109,21.0301,20.4497,20.4535,12334000.0
2013-02-26,20.5381,20.7034,20.3151,20.4804,10611400.0
2013-02-27,20.4689,21.13,20.4035,20.9763,12056400.0
2013-02-28,21.007,21.2069,20.9302,21.0839,10436400.0
2013-03-01,20.9994,21.1147,20.7572,21.0916,8451800.0
2013-03-04,21.0532,21.4183,21.0109,21.4106,10195000.0
2013-03-05,21.526,21.8335,21.526,21.722,12932000.0
2013-03-06,21.8181,22.0987,21.7758,21.9488,14925200.0
2013-03-07,21.9488,22.4869,21.945,22.3908,18237200.0
2013-03-08,22.5523,22.6676,22.3524,22.5523,14217800.0
2013-03-11,22.4485,22.6522,22.4216,22.5292,9898000.0
2013-03-12,22.4677,22.5062,22.2871,22.4024,11670200.0
2013-03-13,22.4216,22.6023,22.4024,22.5215,7435400.0
2013-03-14,22.4946,22.583,22.068,22.1717,14723200.0
2013-03-15,22.0487,22.2409,22.0103,22.1641,15103000.0
2013-03-18,21.9334,22.0718,21.8143,21.8834,10521200.0
2013-03-19,21.722,21.9027,21.5106,21.845,13337400.0
2013-03-20,21.9949,22.1448,21.9104,22.0756,9622600.0
2013-03-21,22.0257,22.0718,21.8143,21.9296,8307400.0
2013-03-22,22.0257,22.1986,21.9719,22.0564,8747600.0
2013-03-25,22.1141,22.2294,21.5836,21.7912,10581400.0
2013-03-26,21.9065,21.9719,21.7989,21.9296,6128600.0
2013-03-27,21.8565,21.8911,21.6067,21.8758,7457000.0
2013-03-28,21.8835,22.0103,21.8565,21.8911,7620400.0
2013-04-01,21.9603,22.041,21.7758,21.8604,7009800.0
2013-04-02,21.9834,22.4216,21.968,22.3947,13495800.0
2013-04-03,22.4485,22.6407,22.0564,22.1794,11272800.0
2013-04-04,22.1448,22.4139,22.1448,22.337,7568600.0
2013-04-05,21.9911,22.2486,21.8027,22.2179,8993600.0
2013-04-08,22.2294,22.3409,22.0872,22.3409,7344000.0
2013-04-09,22.2794,22.2947,21.9795,22.068,8361200.0
2013-04-10,22.1564,22.4139,22.1448,22.2179,8577400.0
2013-04-11,22.2755,22.6753,22.2179,22.5177,10417000.0
2013-04-12,22.5677,22.9521,22.5254,22.7137,10418400.0
2013-04-15,22.5485,22.8483,22.141,22.1833,10700400.0
2013-04-16,22.2717,22.6561,22.1871,22.51,8849400.0
2013-04-17,22.3063,22.5062,22.1602,22.3601,7207400.0
2013-04-18,22.4331,22.4793,22.1026,22.1871,8920600.0
2013-04-19,22.1333,22.5177,22.1179,22.4485,8605600.0
2013-04-22,22.4562,22.6292,22.2871,22.5408,5547400.0
2013-04-23,22.6176,23.0251,22.5946,22.8291,11324000.0
2013-04-24,22.9444,23.052,22.7291,22.9982,10413400.0
2013-04-25,23.0635,23.3095,23.0289,23.2557,16609000.0
2013-04-26,22.7945,23.2134,22.756,23.0635,14971000.0
2013-04-29,23.1981,23.4172,23.1135,23.2865,7401200.0
2013-04-30,23.3057,23.4133,23.1827,23.3864,8041200.0
2013-05-01,23.2749,23.3249,23.0443,23.1173,6294600.0
2013-05-02,23.2327,23.3249,22.9098,23.2096,6238200.0
2013-05-03,23.3903,23.8208,23.3326,23.7823,9835800.0
2013-05-06,23.8323,24.0168,23.8016,24.0168,6997200.0
2013-05-07,24.1171,24.1171,23.8008,23.986,7495800.0
2013-05-08,24.0438,24.0824,23.8086,24.0708,5508200.0
2013-05-09,24.1672,24.2598,23.9281,24.0515,8277000.0
2013-05-10,24.1325,24.3717,24.0631,24.3369,7481000.0
2013-05-13,24.3755,24.3871,24.148,24.229,5907000.0
2013-05-14,24.2675,24.5182,24.2135,24.4989,7510600.0
2013-05-15,24.4218,24.7612,24.3832,24.7111,9654600.0
2013-05-16,24.6841,24.7111,24.4719,24.5105,6661400.0
2013-05-17,24.5954,24.7381,24.4912,24.7342,6934400.0
2013-05-20,24.6956,24.9193,24.5992,24.6185,7211800.0
2013-05-21,24.6995,24.8615,24.6378,24.7805,6589000.0
2013-05-22,24.7419,25.0428,24.6686,24.7419,11014000.0
2013-05-23,24.5645,24.6146,24.3099,24.4989,8258400.0
2013-05-24,24.3292,24.4527,24.148,24.4372,6507400.0
2013-05-28,24.7651,24.954,24.6995,24.7843,7438600.0
2013-05-29,24.6031,24.7226,24.3447,24.5414,7562400.0
2013-05-30,24.6339,24.6995,24.4758,24.4796,8799000.0
2013-05-31,24.3794,24.8191,24.2174,24.3524,10205800.0
2013-06-03,24.3987,24.5067,24.1518,24.4758,11417600.0
2013-06-04,24.148,24.7381,24.148,24.4257,8622600.0
2013-06-05,24.3138,24.4141,24.0322,24.0438,8408600.0
2013-06-06,24.0477,24.3215,24.0361,24.3061,8625400.0
2013-06-07,24.4565,25.1045,24.4565,25.0852,13753000.0
2013-06-10,25.3243,25.575,25.2549,25.4979,12412400.0
2013-06-11,25.251,25.4979,25.1893,25.2317,7897600.0
2013-06-12,25.386,25.4554,24.7843,24.8576,10070000.0
2013-06-13,24.8923,25.5287,24.7111,25.4439,11909800.0
2013-06-14,25.4362,25.7139,25.2433,25.3012,9854600.0
2013-06-17,25.5287,25.6714,25.3436,25.467,8115800.0
2013-06-18,25.4554,25.8913,25.4362,25.8797,7453600.0
2013-06-19,25.8488,26.0263,25.6136,25.6136,10647200.0
2013-06-20,25.386,25.5789,25.0852,25.1546,11606600.0
2013-06-21,25.3436,25.4246,24.7728,24.9502,14709600.0
2013-06-24,24.6841,24.9078,24.3678,24.6879,9913200.0
2013-06-25,24.8885,25.2086,24.8538,24.9695,9857000.0
2013-06-26,25.2125,25.7293,25.0273,25.3783,9545800.0
2013-06-27,25.5596,25.6483,25.3204,25.3359,6296000.0
2013-06-28,25.2665,25.5519,25.224,25.2665,10836600.0
2013-07-01,25.4902,25.6444,25.386,25.548,6692200.0
2013-07-02,25.548,25.9183,25.4863,25.7601,6765600.0
2013-07-03,25.6213,26.1034,25.6097,25.9568,5616400.0
2013-07-05,26.1767,26.2268,25.8026,26.1188,5189400.0
2013-07-08,26.2037,26.5431,26.1805,26.3387,8030000.0
2013-07-09,26.5739,26.6125,26.223,26.277,7460000.0
2013-07-10,26.1767,26.2731,26.0147,26.2654,8090800.0
2013-07-11,26.4891,26.8131,26.3618,26.7436,8385800.0
2013-07-12,26.7051,26.8902,26.5277,26.8902,9706600.0
2013-07-15,26.8786,26.9596,26.8169,26.8671,6180600.0
2013-07-16,26.8594,26.8902,26.6434,26.8131,6068200.0
2013-07-17,26.8979,26.9288,26.1844,26.304,12147400.0
2013-07-18,26.4004,26.6164,26.2422,26.4119,8537800.0
2013-07-19,26.4467,26.6549,26.3811,26.5315,7197000.0
2013-07-22,26.6434,26.6935,26.439,26.6202,6559800.0
2013-07-23,26.7051,26.7359,26.0147,26.0957,8466200.0
2013-07-24,26.2731,26.3927,25.5711,25.6907,14034200.0
2013-07-25,25.818,26.3425,25.737,26.2924,15978400.0
2013-07-26,28.001,28.3558,27.7117,28.2941,32293400.0
2013-07-29,28.0588,28.1861,27.8081,27.9431,12800800.0
2013-07-30,28.1167,28.1476,27.6577,27.7426,9808800.0
2013-07-31,27.8236,27.9624,27.4687,27.4957,11248400.0
2013-08-01,27.8737,28.4368,27.8004,28.3404,12854600.0
2013-08-02,28.3481,28.6451,28.217,28.6297,9416800.0
2013-08-05,28.6258,28.6451,28.4291,28.5294,7606200.0
2013-08-06,28.4907,28.5642,28.1503,28.1581,7956000.0
2013-08-07,27.9879,28.2934,27.9144,27.9221,7066000.0
2013-08-08,28.1465,28.3901,28.0034,28.2122,5923800.0
2013-08-09,28.0768,28.3244,28.0498,28.1581,5366400.0
2013-08-12,27.9569,28.2857,27.9453,28.2083,5472400.0
2013-08-13,28.2702,28.2702,27.8216,28.0962,5377800.0
2013-08-14,28.073,28.073,27.7674,27.7906,4932000.0
2013-08-15,27.5817,27.5972,27.195,27.3613,7198800.0
2013-08-16,27.4541,27.6127,27.2878,27.3497,6929800.0
2013-08-19,27.2994,27.5779,27.1447,27.1872,6349200.0
2013-08-20,27.2143,27.4735,27.1176,27.3303,6045000.0
2013-08-21,27.2375,27.6166,27.1834,27.3497,6917000.0
2013-08-22,27.4928,27.9492,27.4657,27.81,5399600.0
2013-08-23,27.8718,27.9221,27.6862,27.837,5869800.0
2013-08-26,27.8757,27.9299,27.6939,27.8022,4929400.0
2013-08-27,27.4232,27.605,27.1176,27.1369,8025200.0
2013-08-28,27.1099,27.5856,27.0209,27.4464,6249800.0
2013-08-29,27.3574,27.7867,27.2685,27.5315,5510000.0
2013-08-30,27.6088,27.6166,27.2027,27.2762,5665000.0
2013-09-03,27.7326,27.9028,27.5353,27.6939,7249400.0
2013-09-04,27.6243,27.9531,27.4967,27.9028,6502200.0
2013-09-05,27.9453,28.1426,27.8525,27.868,4931200.0
2013-09-06,27.9917,28.1,27.4348,27.6823,6356600.0
2013-09-09,27.7249,28.0382,27.721,28.0188,4936800.0
2013-09-10,28.2277,28.746,28.2083,28.7073,11779000.0
2013-09-11,28.7499,29.2024,28.7499,29.1598,9982400.0
2013-09-12,29.2024,29.361,29.0554,29.2681,7628600.0
2013-09-13,29.2372,29.2798,28.8736,29.2295,5767400.0
2013-09-16,29.6162,29.6279,28.9548,29.1018,8708400.0
2013-09-17,29.1095,29.4886,29.0747,29.4112,6660600.0
2013-09-18,29.3494,30.0224,29.2217,29.9102,9487000.0
2013-09-19,29.9837,30.1075,29.5118,29.5312,8041600.0
2013-09-20,29.4963,29.7826,29.4229,29.4422,9635400.0
2013-09-23,29.4383,29.5428,29.0361,29.1482,6783800.0
2013-09-24,29.214,29.9025,29.1946,29.6085,7736000.0
2013-09-25,29.7207,29.7864,29.4229,29.5273,7251800.0
2013-09-26,29.6433,29.8909,29.5195,29.8522,4988800.0
2013-09-27,29.7477,29.9682,29.5505,29.9102,6200200.0
2013-09-30,29.5892,29.8135,29.4151,29.771,8861200.0
2013-10-01,29.7748,29.9141,29.6124,29.8444,5205200.0
2013-10-02,29.624,29.8715,29.477,29.8561,6088400.0
2013-10-03,29.7671,29.9605,29.5195,29.7323,8266400.0
2013-10-04,29.7052,29.9605,29.593,29.9373,5226600.0
2013-10-07,29.6279,29.9334,29.5544,29.7284,5106800.0
2013-10-08,29.8251,30.181,29.1792,29.214,12637800.0
2013-10-09,29.1598,29.3184,28.7963,29.1096,9482000.0
2013-10-10,29.5079,29.9025,29.4461,29.829,6625800.0
2013-10-11,29.8677,30.1075,29.7362,30.0997,5530400.0
2013-10-14,29.9914,30.2931,29.8793,30.208,5986600.0
2013-10-15,30.1036,30.1307,29.6279,29.6704,8135200.0
2013-10-16,29.8599,30.2544,29.74,30.1848,10104000.0
2013-10-17,30.0417,30.4981,29.9566,30.4556,6551000.0
2013-10-18,30.6606,30.8153,30.5445,30.676,9050000.0
2013-10-21,30.5987,30.9081,30.4285,30.7341,6770200.0
2013-10-22,30.9042,31.3607,30.7882,31.291,8419600.0
2013-10-23,31.117,31.2717,30.9004,30.9623,7892200.0
2013-10-24,30.6954,30.7263,30.3666,30.5755,13504600.0
2013-10-25,30.7379,30.9429,30.6606,30.9275,7251800.0
2013-10-28,31.0203,31.1092,30.3743,30.444,11242800.0
2013-10-29,30.6374,30.796,30.5755,30.796,7898400.0
2013-10-30,31.1866,31.2717,30.8501,31.264,17518800.0
2013-10-31,30.4362,31.5695,30.3898,31.3491,20491600.0
2013-11-01,31.5386,31.5386,30.8153,31.086,12005200.0
2013-11-04,31.233,31.2446,31.0241,31.086,8283800.0
2013-11-05,31.0822,31.848,31.0009,31.7126,10090200.0
2013-11-06,31.8673,31.9099,31.3181,31.38,8562200.0
2013-11-07,31.4457,31.4651,30.5561,30.5832,13283200.0
2013-11-08,30.7534,31.4264,30.7108,31.4071,11487800.0
2013-11-11,31.4071,31.4922,31.322,31.3258,5133600.0
2013-11-12,31.3375,31.45,31.0891,31.2793,6613000.0
2013-11-13,30.7477,31.6246,30.7283,31.6091,12519000.0
2013-11-14,31.6363,31.6402,31.3491,31.4849,7647600.0
2013-11-15,31.5276,31.6052,31.3452,31.5043,6445400.0
2013-11-18,31.4384,31.5625,31.1241,31.2521,8316400.0
2013-11-19,31.0465,31.3996,30.9883,31.0115,8726000.0
2013-11-20,31.093,31.1396,30.7787,30.9223,8733800.0
2013-11-21,30.965,31.6828,30.9456,31.6363,13131800.0
2013-11-22,31.7022,31.7022,31.4694,31.5664,7919200.0
2013-11-25,31.5742,31.6169,31.2405,31.3181,9001200.0
2013-11-26,31.3763,31.6828,31.2017,31.6285,8767800.0
2013-11-27,31.5819,31.7837,31.5082,31.6712,4752000.0
2013-11-29,31.7604,31.9622,31.5742,31.6091,4387200.0
2013-12-02,31.6208,31.6984,31.3957,31.4578,5773200.0
2013-12-03,31.3297,31.4927,31.1551,31.256,7893200.0
2013-12-04,31.1939,31.322,30.8253,30.8486,10204600.0
2013-12-05,30.8718,31.1396,30.7826,30.9339,6569200.0
2013-12-06,31.2754,31.3336,30.9301,31.0193,6721200.0
2013-12-09,31.1435,31.2211,30.8913,30.9378,7920600.0
2013-12-10,30.6507,30.6817,29.7543,30.0259,26320600.0
2013-12-11,30.1113,30.2665,29.603,29.6457,15752000.0
2013-12-12,29.5991,29.9134,29.4905,29.6767,9651000.0
2013-12-13,29.8125,29.8513,29.5254,29.6263,8041000.0
2013-12-16,29.5021,29.8707,29.4555,29.6689,9345400.0
2013-12-17,29.7155,29.7155,29.4555,29.5254,7003600.0
2013-12-18,29.5409,30.1462,29.5293,30.1424,10252000.0
2013-12-19,30.3596,30.4605,29.8862,29.9367,11402200.0
2013-12-20,30.0803,30.2588,29.9716,30.1346,12707400.0
2013-12-23,30.2549,30.3984,30.0143,30.3907,7621600.0
2013-12-24,30.3053,30.5575,30.2471,30.4877,3896600.0
2013-12-26,30.5498,30.6662,30.4373,30.608,4391400.0
2013-12-27,30.7671,30.771,30.445,30.4877,4505000.0
2013-12-30,30.5731,30.5886,30.2122,30.4799,4733400.0
2013-12-31,30.4334,30.5692,30.2704,30.4178,6016200.0
2014-01-02,30.2937,30.3713,29.8824,29.9444,8487200.0
2014-01-03,29.9949,30.1773,29.8552,29.8591,6545000.0
2014-01-06,29.8397,30.0143,29.4943,29.5564,10585400.0
2014-01-07,29.7427,30.0376,29.6728,29.96,8162200.0
2014-01-08,29.9871,30.3247,29.9522,30.2782,10178800.0
2014-01-09,30.2937,30.3053,29.8009,30.1113,8361200.0
2014-01-10,30.0958,30.2626,29.8591,30.1385,6467000.0
2014-01-13,30.0259,30.0298,29.0093,29.149,14644800.0
2014-01-14,29.149,29.6301,29.0054,29.2809,18653200.0
2014-01-15,29.312,29.6185,29.2615,29.5642,8660200.0
2014-01-16,29.4206,29.5642,29.1529,29.215,9072600.0
2014-01-17,29.1024,29.2809,28.9744,29.0636,12937400.0
2014-01-21,29.1218,29.1296,28.4272,28.5786,18774600.0
2014-01-22,28.695,28.792,28.5359,28.5592,13969400.0
2014-01-23,28.5126,28.6096,27.8142,28.4777,29936000.0
2014-01-24,28.9976,29.5525,28.7571,29.0946,33049000.0
2014-01-27,29.1917,29.1917,28.7222,28.7959,18207200.0
2014-01-28,28.9356,29.0248,28.5863,28.6717,11091600.0
2014-01-29,28.5204,28.5825,27.7288,27.7676,15959800.0
2014-01-30,28.047,28.1052,27.6706,27.9034,15179800.0
2014-01-31,27.5076,27.915,27.4998,27.5969,12256600.0
2014-02-03,27.5503,27.7482,26.6462,26.7626,20311000.0
2014-02-04,27.265,27.7324,27.0197,27.5182,20440800.0
2014-02-05,27.3001,27.5533,27.1131,27.4559,10956000.0
2014-02-06,27.5221,28.3556,27.4832,28.1843,13818400.0
2014-02-07,28.6711,29.0139,28.3128,28.8386,14657600.0
2014-02-10,28.9438,29.2827,28.9438,29.1346,12944600.0
2014-02-11,29.1619,29.2866,28.7413,29.0178,16124000.0
2014-02-12,29.0139,29.2359,28.7062,28.788,9956600.0
2014-02-13,28.6517,29.0918,28.5854,29.0918,8447800.0
2014-02-14,28.9594,29.2476,28.8269,29.2242,8241000.0
2014-02-18,29.2087,29.2126,28.7997,28.8114,10923400.0
2014-02-19,28.7607,28.9321,28.5231,28.5582,9770600.0
2014-02-20,28.5893,28.7101,28.231,28.6478,8552600.0
2014-02-21,28.7373,28.7685,28.2466,28.2622,11288200.0
2014-02-24,28.3011,28.3868,28.0518,28.2622,11933800.0
2014-02-25,28.2388,28.3011,27.4793,27.4793,18618400.0
2014-02-26,27.5766,28.1297,27.2456,27.9583,19129200.0
2014-02-27,27.896,28.1375,27.822,28.118,11288200.0
2014-02-28,27.8649,28.0168,27.4598,27.639,22464800.0
2014-03-03,27.2689,27.5494,27.265,27.4481,12248400.0
2014-03-04,27.822,28.0285,27.674,27.9116,12226200.0
2014-03-05,28.0402,28.0791,27.6078,27.7714,9715600.0
2014-03-06,27.9778,28.5621,27.9545,28.3128,13762600.0
2014-03-07,28.4297,28.4725,28.1258,28.4608,8386000.0
2014-03-10,28.5309,28.6828,28.3517,28.6517,8633800.0
2014-03-11,28.8192,29.3722,28.7646,29.2242,18344400.0
2014-03-12,29.0373,29.4696,29.0178,29.4579,10394600.0
2014-03-13,29.5397,29.7656,28.8347,28.9905,11380800.0
2014-03-14,28.8581,29.1697,28.8308,28.9282,8962600.0
2014-03-17,29.1385,29.2087,28.7529,28.8932,11019800.0
2014-03-18,28.9594,29.1502,28.8425,29.0567,5997600.0
2014-03-19,29.2125,30.1201,29.1424,29.567,24983200.0
2014-03-20,29.715,30.0422,29.4462,29.976,13851400.0
2014-03-21,30.4628,30.6303,29.8435,29.8786,18034400.0
2014-03-24,29.9526,30.0344,29.2943,29.5125,10018800.0
2014-03-25,29.7734,29.8007,28.936,29.0606,10568200.0
2014-03-26,29.1853,29.2086,28.6361,28.6439,8371200.0
2014-03-27,28.4608,28.8075,28.3128,28.5893,12675600.0
2014-03-28,28.5465,28.8464,28.453,28.7062,6582800.0
2014-03-31,28.7841,28.9789,28.4998,28.5816,7721800.0
2014-04-01,28.6828,29.2048,28.5932,28.8269,8740800.0
2014-04-02,28.9594,28.9672,28.527,28.6945,8304400.0
2014-04-03,28.7685,28.9555,28.3634,28.4686,7165400.0
2014-04-04,28.6478,28.7802,27.7792,27.8688,11708600.0
2014-04-07,27.7324,27.8025,27.2845,27.4325,11089800.0
2014-04-08,27.5143,27.9233,27.4598,27.8415,10660800.0
2014-04-09,27.8999,28.3089,27.7324,28.231,9055600.0
2014-04-10,28.3323,28.3323,27.3313,27.3507,13375400.0
2014-04-11,27.1833,27.3157,26.7509,26.7704,16367200.0
2014-04-14,27.1209,27.2806,26.7587,26.9963,12175400.0
2014-04-15,27.2495,27.304,26.4588,26.8327,15461800.0
2014-04-16,27.1287,27.6078,26.9379,27.5727,11277400.0
2014-04-17,27.4871,27.8064,27.3196,27.3235,9245800.0
2014-04-21,27.3858,27.4987,27.2066,27.452,6095600.0
2014-04-22,27.4715,27.7636,27.3936,27.713,8862600.0
2014-04-23,27.8337,27.8376,27.3507,27.4169,8881600.0
2014-04-24,27.8571,28.0596,27.3079,27.6896,15577000.0
2014-04-25,28.044,28.1414,27.6312,27.8298,18111400.0
2014-04-28,28.0012,28.0518,27.1871,27.6273,10733600.0
2014-04-29,27.7246,27.8298,27.3702,27.5143,9827200.0
2014-04-30,27.5065,27.5611,27.3118,27.5065,7282400.0
2014-05-01,27.5572,27.7324,27.3897,27.7013,7918400.0
2014-05-02,27.7519,27.861,27.4871,27.4987,8306400.0
2014-05-05,27.4598,27.6779,27.3352,27.6234,5486400.0
2014-05-06,27.6507,27.6898,27.1034,27.2012,10926800.0
2014-05-07,27.2794,27.3654,27.0292,27.2637,10959800.0
2014-05-08,27.209,27.5608,27.1073,27.2012,7531400.0
2014-05-09,27.2481,27.4866,27.1777,27.4787,6623200.0
2014-05-12,27.6156,27.8501,27.5217,27.8149,7227200.0
2014-05-13,27.7446,27.8892,27.7172,27.8188,5803000.0
2014-05-14,27.8267,27.8345,27.3771,27.4318,8585000.0
2014-05-15,27.467,27.4944,27.0839,27.3067,9124600.0
2014-05-16,27.3654,27.7719,27.2911,27.7328,9294800.0
2014-05-19,27.5843,27.8032,27.4748,27.7641,6745000.0
2014-05-20,27.6625,27.7172,27.3028,27.4553,8699800.0
2014-05-21,27.6429,27.6586,27.3927,27.5217,6089200.0
2014-05-22,27.5022,28.0573,27.4827,27.9127,7359600.0
2014-05-23,28.2606,28.3466,28.0808,28.1394,7166400.0
2014-05-27,28.3974,28.8431,28.3583,28.7962,10100400.0
2014-05-28,28.6554,28.761,28.5069,28.6437,8210000.0
2014-05-29,28.7415,28.7571,28.4013,28.5812,6448000.0
2014-05-30,28.6007,28.7336,28.3544,28.632,6879200.0
2014-06-02,28.6242,28.9526,28.6007,28.8705,5926200.0
2014-06-03,28.8196,29.0659,28.7649,28.9995,6764400.0
2014-06-04,28.976,29.2028,28.7884,29.191,6495800.0
2014-06-05,29.0698,29.3748,29.0073,29.2106,5187400.0
2014-06-06,29.3435,29.5311,29.2418,29.449,6204800.0
2014-06-09,29.4686,29.4764,29.1832,29.3904,5701000.0
2014-06-10,29.4178,29.492,29.0542,29.1636,6641000.0
2014-06-11,28.9838,29.2692,28.8705,29.2418,7510800.0
2014-06-12,29.1988,29.2028,28.8235,28.9135,7193800.0
2014-06-13,28.8783,29.2809,28.7454,29.1988,7708800.0
2014-06-16,29.1168,29.3826,29.1089,29.3552,6759600.0
2014-06-17,29.3318,29.5741,29.3161,29.4412,5778600.0
2014-06-18,29.3982,29.5859,29.1637,29.5389,5786600.0
2014-06-19,29.926,30.2974,29.8908,30.1918,12555000.0
2014-06-20,30.3482,30.3482,29.8713,29.9455,12436000.0
2014-06-23,29.9807,30.2074,29.7852,29.9963,4779800.0
2014-06-24,30.0628,30.3951,29.9221,30.27,10912400.0
2014-06-25,30.1175,30.5632,30.0863,30.5398,7813800.0
2014-06-26,30.4967,30.6218,30.2856,30.5163,6983200.0
2014-06-27,30.4772,30.6297,30.4107,30.4694,8669200.0
2014-06-30,30.5319,30.5671,30.1332,30.2505,9610000.0
2014-07-01,30.4498,30.571,30.3365,30.5241,8061400.0
2014-07-02,30.6414,30.6531,30.4576,30.5671,4785200.0
2014-07-03,30.6453,31.0401,30.5476,30.9072,6662600.0
2014-07-07,30.7978,31.0323,30.7313,30.7626,7443600.0
2014-07-08,30.743,30.8447,30.5906,30.7118,7802000.0
2014-07-09,30.7039,31.0714,30.6336,31.0597,7782600.0
2014-07-10,30.7313,30.9033,30.5671,30.8251,4720000.0
2014-07-11,30.8681,30.8799,30.5476,30.7274,4239400.0
2014-07-14,30.876,30.876,30.657,30.7118,4562000.0
2014-07-15,30.7469,30.9424,30.6727,30.8408,8305600.0
2014-07-16,30.9072,30.9072,30.614,30.7782,8615400.0
2014-07-17,30.5397,30.6727,30.1488,30.1957,8446400.0
2014-07-18,30.3755,30.5515,30.1996,30.4694,6744600.0
2014-07-21,30.4381,30.4655,30.1684,30.3404,5021000.0
2014-07-22,30.6218,30.8955,30.571,30.7821,6457000.0
2014-07-23,30.6922,30.9932,30.6492,30.9385,6439800.0
2014-07-24,31.1144,31.5249,30.9424,31.4506,16129200.0
2014-07-25,30.6492,31.0089,30.4537,30.7821,18974600.0
2014-07-28,30.8056,30.8838,30.5593,30.6336,8013000.0
2014-07-29,30.6844,30.9815,30.6531,30.7469,7936000.0
2014-07-30,30.8838,30.9541,30.6961,30.8447,8911000.0
2014-07-31,30.6961,30.7665,30.3052,30.3677,8146000.0
2014-08-01,30.2974,30.4498,29.9377,30.0941,7797800.0
2014-08-04,30.2035,30.399,30.1136,30.3091,6282600.0
2014-08-05,30.2699,30.3836,29.9796,30.1208,6694600.0
2014-08-06,30.0071,30.3758,29.9168,30.2542,5935200.0
2014-08-07,30.3326,30.3758,30.0306,30.0894,5428000.0
2014-08-08,30.0581,30.466,30.011,30.4464,5957200.0
2014-08-11,30.466,30.6935,30.4581,30.5444,4513400.0
2014-08-12,30.5445,30.6504,30.4072,30.5248,4723600.0
2014-08-13,30.6347,30.6347,30.2542,30.2973,6935200.0
2014-08-14,30.3915,30.3993,29.8737,30.0541,10892600.0
2014-08-15,30.2895,30.313,29.9561,30.1679,8090000.0
2014-08-18,30.2777,30.5405,30.2738,30.4346,6830800.0
2014-08-19,30.517,30.6739,30.4385,30.6425,4907000.0
2014-08-20,30.5994,30.7798,30.4934,30.6072,4668800.0
2014-08-21,30.5209,30.6621,30.3562,30.3875,4812000.0
2014-08-22,30.2973,30.4385,30.2228,30.313,4538800.0
2014-08-25,30.4542,30.6817,30.4032,30.5837,5698400.0
2014-08-26,30.5994,30.7641,30.5013,30.5131,5501600.0
2014-08-27,30.5601,30.7014,30.4621,30.5641,4903600.0
2014-08-28,30.5131,30.6072,30.4032,30.5209,3956800.0
2014-08-29,30.6229,30.6347,30.4072,30.5209,4657400.0
2014-09-02,30.4778,30.5876,30.2659,30.3915,6196200.0
2014-09-03,30.4228,30.568,30.0855,30.1208,6796800.0
2014-09-04,30.1247,30.3483,30.109,30.2659,5741000.0
2014-09-05,30.2071,30.5837,30.1287,30.5758,8026600.0
2014-09-08,30.5013,30.5797,30.3326,30.466,4492800.0
2014-09-09,30.3797,30.4974,30.1953,30.2503,5114600.0
2014-09-10,30.2071,30.3601,30.1051,30.2856,5918600.0
2014-09-11,30.1954,30.2032,29.8423,29.858,9353400.0
2014-09-12,29.7443,29.8384,29.3952,29.603,14614800.0
2014-09-15,29.5207,29.5521,29.1794,29.3873,10845800.0
2014-09-16,29.3559,29.5952,29.2343,29.454,8040200.0
2014-09-17,29.5521,29.7403,29.4618,29.5521,7475800.0
2014-09-18,29.6501,29.7678,29.4187,29.705,8027600.0
2014-09-19,29.7992,29.9404,29.7207,29.8384,12040800.0
2014-09-22,29.8306,29.8306,29.1559,29.2618,7859600.0
2014-09-23,29.1402,29.3716,28.9401,29.0107,7739000.0
2014-09-24,29.2343,29.5874,29.1637,29.5442,8586200.0
2014-09-25,29.4893,29.5285,29.0618,29.0735,8010800.0
2014-09-26,29.0264,29.5089,29.0029,29.4854,7659600.0
2014-09-29,29.2422,29.6227,29.203,29.5246,6366400.0
2014-09-30,29.6383,29.7521,29.4265,29.5991,7799600.0
2014-10-01,29.6854,29.7756,29.1873,29.2657,8119000.0
2014-10-02,29.1873,29.4187,28.9402,29.203,8573600.0
2014-10-03,29.3402,29.8502,29.3285,29.7678,8229000.0
2014-10-06,29.8188,29.9012,29.4579,29.4775,5208000.0
2014-10-07,29.3795,29.4383,29.0343,29.0461,6383400.0
2014-10-08,29.1206,29.5834,28.8813,29.5207,6713400.0
2014-10-09,29.4344,29.7403,29.1677,29.2147,9342800.0
2014-10-10,29.1284,29.7286,29.0657,29.2069,10495400.0
2014-10-13,29.1088,29.199,28.2459,28.3165,12428600.0
2014-10-14,28.4028,28.8617,28.3243,28.5322,10995000.0
2014-10-15,28.2537,28.6067,27.9556,28.391,13621800.0
2014-10-16,27.9203,28.5832,27.7595,28.493,9738000.0
2014-10-17,28.7715,28.9911,28.5871,28.846,9580600.0
2014-10-20,28.8735,29.3206,28.795,29.301,7945200.0
2014-10-21,29.4187,29.4932,29.0814,29.1677,12296600.0
2014-10-22,29.2147,29.4148,29.0892,29.2618,6469600.0
2014-10-23,29.4775,29.6187,29.3246,29.3559,6837800.0
2014-10-24,29.3795,29.7756,29.1637,29.7364,7358400.0
2014-10-27,29.8149,29.96,29.7403,29.7992,5783400.0
2014-10-28,29.9443,30.2306,29.7639,30.2228,8151000.0
2014-10-29,30.2424,30.466,29.8972,30.0228,8795000.0
2014-10-30,29.8815,30.3797,29.8541,30.3287,13389000.0
2014-10-31,29.5168,30.1012,29.3873,29.6384,35890000.0
2014-11-03,29.7992,29.9168,29.603,29.8502,10607000.0
2014-11-04,29.658,30.1797,29.6148,30.0894,10420000.0
2014-11-05,30.2071,30.3562,30.0424,30.0698,7403400.0
2014-11-06,30.1914,30.4189,30.0698,30.3797,6167200.0
2014-11-07,30.4542,30.6307,30.2856,30.5131,8249000.0
2014-11-10,30.58,30.6824,30.3949,30.584,6555400.0
2014-11-11,30.6549,30.8006,30.4264,30.6155,5198200.0
2014-11-12,30.4894,30.7258,30.4343,30.6627,5312200.0
2014-11-13,30.7967,30.9109,30.4894,30.6785,6842200.0
2014-11-14,30.7533,30.84,30.6155,30.7691,6039200.0
2014-11-17,30.6982,30.9069,30.584,30.6549,5899000.0
2014-11-18,30.5761,30.7218,30.454,30.5525,5755600.0
2014-11-19,30.5013,30.7533,30.4855,30.6509,5231200.0
2014-11-20,30.5879,30.9739,30.584,30.8006,6287000.0
2014-11-21,31.1669,31.478,31.0251,31.415,14027800.0
2014-11-24,31.4702,31.8325,31.3953,31.7144,9426200.0
2014-11-25,31.7301,31.8719,31.5293,31.5923,8118400.0
2014-11-26,31.5568,31.6317,31.2732,31.3914,6196800.0
2014-11-28,31.6789,32.1555,31.671,31.9861,6766600.0
2014-12-01,31.9034,32.1004,31.7538,31.8444,8627400.0
2014-12-02,31.7813,31.8443,31.545,31.6553,7656400.0
2014-12-03,31.675,31.805,31.5371,31.6947,11201400.0
2014-12-04,31.7459,32.4154,31.6632,32.0255,13999000.0
2014-12-05,32.4942,33.0535,32.4667,32.9157,14788200.0
2014-12-08,33.1638,33.1638,32.7305,33.0063,11770600.0
2014-12-09,32.7187,32.8054,32.3761,32.703,8725600.0
2014-12-10,32.6518,33.1008,32.5139,32.5572,10096400.0
2014-12-11,32.6518,33.0929,32.5572,32.7384,10046000.0
2014-12-12,32.5888,33.0732,32.5218,32.7896,9164200.0
2014-12-15,32.4036,32.4942,31.7813,31.8601,16287000.0
2014-12-16,31.7026,31.9389,31.159,31.1669,13981800.0
2014-12-17,31.1669,31.7419,30.8951,31.6829,10161600.0
2014-12-18,32.12,32.1555,31.2181,31.5214,17583000.0
2014-12-19,31.5883,31.6238,31.2772,31.289,17444200.0
2014-12-22,31.4505,31.7262,31.419,31.7223,7583800.0
2014-12-23,32.1004,32.317,31.9546,32.0728,8147800.0
2014-12-24,32.0886,32.2422,31.9743,32.0098,2601800.0
2014-12-26,32.0728,32.4548,32.0531,32.2303,4550400.0
2014-12-29,32.1634,32.5139,32.1004,32.447,4796600.0
2014-12-30,32.3249,32.6439,32.2146,32.2146,5253400.0
2014-12-31,32.3721,32.8211,32.2973,32.317,7625400.0
2015-01-02,32.3485,32.6833,31.8601,32.0767,6886000.0
2015-01-05,31.5647,31.7735,31.3087,31.4623,11623800.0
2015-01-06,31.6435,31.6632,30.9424,31.2063,7664400.0
2015-01-07,31.4111,31.994,31.2732,31.9743,9732600.0
2015-01-08,32.4273,32.8093,32.3052,32.4903,13170600.0
2015-01-09,31.8995,32.1043,31.163,31.4269,27556800.0
2015-01-12,31.6238,31.8365,31.4387,31.6002,10021400.0
2015-01-13,32.0925,32.3524,31.5608,31.8522,11040800.0
2015-01-14,31.5292,31.8168,31.3559,31.675,9295000.0
2015-01-15,31.7459,31.864,31.1905,31.3441,8126600.0
2015-01-16,31.2181,31.8168,31.1157,31.7498,9015600.0
2015-01-20,31.8247,32.0886,31.6395,31.9901,10738400.0
2015-01-21,31.9231,32.1516,31.7183,32.0177,10844200.0
2015-01-22,32.0452,32.6281,31.8601,32.5888,23913000.0
2015-01-23,34.0697,34.9362,34.0461,34.7472,38107200.0
2015-01-26,34.696,34.8575,34.4281,34.7078,14098600.0
2015-01-27,34.5739,35.1371,34.4439,34.7944,10994200.0
2015-01-28,34.9362,35.2868,34.4596,34.4912,11963200.0
2015-01-29,34.6644,35.1725,34.4911,35.0741,12475800.0
2015-01-30,34.889,35.0308,34.4203,34.4754,10070400.0
2015-02-02,34.5345,34.696,33.8176,34.6566,13638800.0
2015-02-03,34.7791,34.9807,34.3641,34.9807,9252400.0
2015-02-04,34.787,35.3523,34.7831,35.0637,11496600.0
2015-02-05,35.0677,35.4867,35.0677,35.4353,7598600.0
2015-02-06,35.38,35.4511,35.0558,35.1823,7835400.0
2015-02-09,34.9886,35.2653,34.8424,35.1112,6911600.0
2015-02-10,35.3286,36.1232,35.3128,36.0441,12469600.0
2015-02-11,36.0362,36.2852,35.8583,35.8899,6467000.0
2015-02-12,36.0085,36.3445,35.6132,36.3011,7197600.0
2015-02-13,36.3643,36.3643,35.9374,36.2022,6109600.0
2015-02-17,36.2773,36.4631,36.0757,36.3801,6387000.0
2015-02-18,36.5224,36.894,36.3683,36.7636,6542000.0
2015-02-19,36.8229,37.0719,36.7675,36.8308,6109200.0
2015-02-20,36.9454,37.0284,36.7517,36.9652,6461400.0
2015-02-23,37.0996,37.1312,36.7952,36.9928,5854600.0
2015-02-24,36.8663,37.1549,36.8268,36.9414,6337800.0
2015-02-25,36.8821,37.487,36.8624,37.2616,8119600.0
2015-02-26,37.2775,37.483,37.1905,37.3763,6816400.0
2015-02-27,37.4712,37.4751,36.8703,36.9573,8658400.0
2015-03-02,36.894,37.3763,36.894,37.2498,7947000.0
2015-03-03,37.1984,37.2419,36.8426,37.1589,7578400.0
2015-03-04,37.0838,37.234,36.3722,36.7873,7774600.0
2015-03-05,36.8742,37.1431,36.7873,37.0126,5848400.0
2015-03-06,36.8821,37.0403,36.3208,36.4552,6814400.0
2015-03-09,36.5224,36.8149,36.4038,36.7794,5984800.0
2015-03-10,36.4315,36.728,36.2773,36.4394,6077000.0
2015-03-11,36.4157,36.7557,36.0599,36.139,8185800.0
2015-03-12,36.3564,36.9731,36.305,36.9138,7295400.0
2015-03-13,36.637,37.3051,36.637,36.8782,5835200.0
2015-03-16,37.1589,37.404,37.0561,37.1786,6772600.0
2015-03-17,37.064,37.3486,37.0008,37.313,5508800.0
2015-03-18,37.1589,38.1748,36.9019,37.8862,15430000.0
2015-03-19,38.2499,39.2145,38.0997,38.6452,22020600.0
2015-03-20,38.9338,39.0959,38.3487,38.5266,17360600.0
2015-03-23,38.6927,38.7006,38.2302,38.4911,7986000.0
2015-03-24,38.3883,38.8705,38.2499,38.7085,7718400.0
2015-03-25,38.7954,38.9298,37.8586,37.8586,9907200.0
2015-03-26,37.6925,37.8507,37.0245,37.5858,10344400.0
2015-03-27,37.5542,37.9297,37.4553,37.5818,7993400.0
2015-03-30,37.9653,38.1471,37.7518,37.9416,6830200.0
2015-03-31,37.819,38.0285,37.4316,37.4356,8717800.0
2015-04-01,37.2696,37.3565,36.5896,36.7715,14125400.0
2015-04-02,36.9296,37.4119,36.8505,37.313,8863000.0
2015-04-06,37.0996,37.4751,36.9415,37.3644,6058800.0
2015-04-07,37.3209,37.5384,37.1431,37.1865,5354600.0
2015-04-08,37.0956,37.6649,37.0956,37.6451,6827800.0
2015-04-09,37.6728,37.9416,37.3565,37.9179,7109600.0
2015-04-10,38.4238,38.4238,37.8546,38.0839,6643100.0
2015-04-13,38.3922,38.6531,38.2499,38.3448,8171000.0
2015-04-14,38.3606,38.5108,37.9258,38.1867,5952400.0
2015-04-15,38.5899,38.5899,38.0523,38.0602,5162200.0
2015-04-16,38.1313,38.329,38.076,38.1471,5312500.0
2015-04-17,37.8704,37.9495,37.4672,37.649,7539900.0
2015-04-20,37.8704,38.0443,37.7123,37.9258,4868400.0
2015-04-21,38.2262,38.329,37.9653,38.242,6213400.0
2015-04-22,38.3448,38.4239,37.9337,38.2183,7248100.0
2015-04-23,38.3843,39.2935,38.1708,39.0801,15866100.0
2015-04-24,40.5743,41.1831,40.0209,40.9854,22284900.0
2015-04-27,40.9617,41.0645,40.1316,40.2185,11222600.0
2015-04-28,40.0051,40.1632,39.5149,40.013,8882900.0
2015-04-29,39.8628,40.2818,39.6888,40.0446,7162000.0
2015-04-30,40.0288,40.0683,39.0801,39.1987,8492000.0
2015-05-01,39.4912,39.8628,39.2777,39.76,5916500.0
2015-05-04,39.7679,40.266,39.7442,39.8865,7493400.0
2015-05-05,39.6089,39.6961,39.1489,39.1885,10691200.0
2015-05-06,39.4027,39.4185,38.5223,38.8078,8033500.0
2015-05-07,38.6571,39.2996,38.6413,39.1409,5681400.0
2015-05-08,39.6486,39.9975,39.2282,39.482,6039800.0
2015-05-11,39.4265,39.831,39.1647,39.2599,5047200.0
2015-05-12,38.9823,39.6486,38.8634,39.4265,5868600.0
2015-05-13,39.5375,39.7754,39.2044,39.3313,4927100.0
2015-05-14,39.6406,40.1244,39.3948,40.1006,7339700.0
2015-05-15,40.2831,40.3306,39.9658,40.291,6016700.0
2015-05-18,40.172,40.6796,40.1006,40.5924,8999800.0
2015-05-19,40.8303,41.0207,40.4179,40.7827,6976100.0
2015-05-20,40.6955,40.7986,39.9975,40.4734,5644700.0
2015-05-21,40.402,40.8065,40.2751,40.7113,5084000.0
2015-05-22,40.7113,40.9651,40.6162,40.8303,5857700.0
2015-05-26,40.751,41.0682,40.1799,40.3227,7369900.0
2015-05-27,40.4813,41.0048,40.3782,40.9176,6213600.0
2015-05-28,41.1158,41.1952,40.8065,41.0921,5874400.0
2015-05-29,41.2031,41.4252,40.8065,41.211,9399100.0
2015-06-01,41.211,41.6076,40.981,41.4172,7075100.0
2015-06-02,41.2269,41.4807,40.9731,41.0286,7877800.0
2015-06-03,41.2427,41.4569,40.981,41.3379,5522700.0
2015-06-04,41.1396,41.3855,40.9017,41.0207,6230800.0
2015-06-05,40.9017,41.5917,40.6638,41.3934,7123200.0
2015-06-08,41.2427,41.4252,40.8382,40.87,6320200.0
2015-06-09,40.7272,41.0048,40.5289,40.8779,5034000.0
2015-06-10,41.0841,41.9248,40.9731,41.79,8003600.0
2015-06-11,41.8852,42.0358,41.5917,41.6314,6030200.0
2015-06-12,41.5679,41.8297,41.3696,41.7424,5236700.0
2015-06-15,41.4252,41.6076,41.2507,41.4569,5555000.0
2015-06-16,41.4569,42.1469,41.4014,42.0121,6106500.0
2015-06-17,42.1073,42.4086,41.8138,42.2262,6735300.0
2015-06-18,42.4324,43.0511,42.3531,42.9162,10711000.0
2015-06-19,42.8924,43.178,42.7021,42.7735,10609700.0
2015-06-22,43.0907,43.17,42.7338,42.7497,7100700.0
2015-06-23,42.8607,42.9718,42.6069,42.9242,5679000.0
2015-06-24,42.6307,42.8052,42.4483,42.599,5525000.0
2015-06-25,42.9004,43.1859,42.829,42.8845,5389900.0
2015-06-26,43.1938,43.4238,43.0669,43.3207,6637200.0
2015-06-29,42.7259,43.1383,42.4404,42.4721,6534100.0
2015-06-30,42.948,43.0669,42.1469,42.5276,9794000.0
2015-07-01,42.718,42.9956,42.5117,42.7418,6107700.0
2015-07-02,42.8528,43.3842,42.7893,43.0193,5684700.0
2015-07-06,42.5435,43.1542,42.5355,43.0749,5396400.0
2015-07-07,43.059,43.2573,42.3214,43.1304,9462300.0
2015-07-08,42.718,42.8449,42.2817,42.3452,8139300.0
2015-07-09,42.8845,43.2256,42.7338,42.8686,7681000.0
2015-07-10,43.2573,43.408,42.9718,43.2811,8087800.0
2015-07-13,43.6221,44.328,43.5428,44.1773,7477200.0
2015-07-14,44.3835,44.4628,44.0345,44.217,7028000.0
2015-07-15,44.3518,44.3756,43.8521,43.8918,8212600.0
2015-07-16,44.4628,44.5422,44.1456,44.209,7305500.0
2015-07-17,44.3359,44.3359,43.9156,44.1694,8715400.0
2015-07-20,44.2011,45.0022,44.1773,44.5818,8029600.0
2015-07-21,44.7166,44.788,44.2408,44.5739,6717500.0
2015-07-22,44.7563,45.1053,44.6135,44.9625,6876100.0
2015-07-23,45.1925,45.2084,44.5422,44.8594,12439200.0
2015-07-24,46.8898,47.0405,45.3274,45.4384,14559700.0
2015-07-27,45.3749,45.5812,45.0894,45.1925,8993500.0
2015-07-28,45.5177,45.5256,44.8594,45.3194,8689200.0
2015-07-29,45.5098,45.8429,45.3194,45.6129,8470500.0
2015-07-30,45.4463,46.1205,45.2163,46.0491,7337900.0
2015-07-31,46.3505,46.3505,45.7874,45.946,6519500.0
2015-08-03,46.4933,46.7629,46.0332,46.1522,7664000.0
2015-08-04,46.3272,46.701,46.1522,46.6851,9113100.0
2015-08-05,47.043,47.1782,46.7885,46.9316,7349100.0
2015-08-06,47.0271,47.0827,45.4046,45.516,11064500.0
2015-08-07,45.5955,45.6193,44.9433,45.4921,7782000.0
2015-08-10,45.5637,45.8341,44.3389,44.7525,12029200.0
2015-08-11,44.3707,44.8877,43.9333,44.8161,8062600.0
2015-08-12,44.2912,44.8558,43.7026,44.8399,10064400.0
2015-08-13,44.9513,45.5319,44.9433,45.2137,6731500.0
2015-08-14,45.2933,45.4285,45.0626,45.4126,4803900.0
2015-08-17,45.333,45.9375,45.1183,45.9216,5768400.0
2015-08-18,46.0965,46.1761,45.8579,45.9931,5575400.0
2015-08-19,45.7943,46.192,45.4285,45.8023,6044200.0
2015-08-20,45.333,45.4523,44.3548,44.3866,7470900.0
2015-08-21,43.5197,43.6311,41.8336,42.0245,20211500.0
2015-08-24,38.215,41.8893,33.4431,40.0362,27158800.0
2015-08-25,42.12,42.6369,40.6009,40.6327,19659000.0
2015-08-26,42.1438,43.0664,40.7759,42.9153,15517600.0
2015-08-27,43.5515,44.7047,43.2732,44.498,15987900.0
2015-08-28,44.2991,44.7843,43.9015,44.2435,7584800.0
2015-08-31,43.8935,44.1162,43.3447,43.5118,7971200.0
2015-09-01,42.1518,43.2334,41.945,42.5494,13424900.0
2015-09-02,43.3447,43.973,42.7483,43.9492,9891100.0
2015-09-03,44.315,44.3468,43.3288,43.4958,7968900.0
2015-09-04,42.8437,43.4004,42.8198,43.1698,6994300.0
2015-09-08,43.9889,44.1003,43.3686,43.9094,8051700.0
2015-09-09,44.4582,44.5377,43.4004,43.4958,8406700.0
2015-09-10,43.2175,44.2912,43.2095,44.0367,8924800.0
2015-09-11,43.8935,44.9672,43.7663,44.9592,8363100.0
2015-09-14,44.9672,45.2615,44.5775,44.7684,5463900.0
2015-09-15,44.8797,45.5001,44.6332,45.2615,6741300.0
2015-09-16,45.1978,45.6114,44.7047,45.5398,6593400.0
2015-09-17,45.5875,46.2079,45.3648,45.5557,7525300.0
2015-09-18,44.9274,45.8341,44.7604,45.2058,16268000.0
2015-09-21,45.4921,46.0011,45.3012,45.7625,6220100.0
2015-09-22,45.2137,45.5318,45.0944,45.4285,8585100.0
2015-09-23,45.4603,46.0727,45.3728,45.9613,6829200.0
2015-09-24,45.6353,46.5578,45.4682,46.4226,10027300.0
2015-09-25,46.86,46.8919,45.9216,46.1204,10627000.0
2015-09-28,46.1363,46.4703,44.2355,44.3548,11548100.0
2015-09-29,44.4184,44.7763,43.5913,44.315,9392100.0
2015-09-30,44.8558,45.2535,44.2275,45.2058,9799600.0
2015-10-01,45.3251,45.7307,44.4502,45.7148,8497100.0
2015-10-02,45.3251,46.1999,44.9672,46.192,9036800.0
2015-10-05,46.5181,47.0668,46.184,46.9555,8199000.0
2015-10-06,46.7805,47.035,46.3033,46.6771,5538000.0
2015-10-07,46.6214,46.7885,46.0488,46.7487,8138300.0
2015-10-08,46.7487,47.4883,46.4385,47.2895,6834800.0
2015-10-09,47.2975,47.8065,47.1623,47.7746,7969900.0
2015-10-12,47.9973,48.4268,47.7508,48.1484,6430300.0
2015-10-13,47.9894,48.3155,47.7349,47.8462,6262800.0
2015-10-14,47.719,47.8542,46.4703,46.7805,8365600.0
2015-10-15,46.8839,47.5838,46.192,47.4724,9745900.0
2015-10-16,47.6872,47.9496,47.2895,47.6633,12860800.0
2015-10-19,47.8224,48.7449,47.6156,48.4904,8117200.0
2015-10-20,48.6893,48.8006,48.1644,48.4189,6089100.0
2015-10-21,48.57,48.6097,47.8462,48.1405,6055300.0
2015-10-22,48.4825,49.079,47.8542,48.904,9182000.0
2015-10-23,49.3971,49.9459,49.0074,49.7948,8206000.0
2015-10-26,50.089,50.773,50.0811,50.4469,9751700.0
2015-10-27,50.3992,50.431,49.4607,49.8743,8973200.0
2015-10-28,50.1924,50.5185,49.6436,50.5105,9627300.0
2015-10-29,50.4389,50.5026,49.079,49.7073,14839100.0
2015-10-30,50.6537,50.9002,49.5164,49.7629,16822300.0
2015-11-02,50.1129,50.1845,49.4051,49.5005,8547200.0
2015-11-03,49.3096,50.089,49.0313,49.9459,8847700.0
2015-11-04,50.1367,50.1367,48.7847,49.2778,9085100.0
2015-11-05,49.4448,49.6755,49.3176,49.5323,6145000.0
2015-11-06,49.3494,49.5005,48.9994,49.2858,6616300.0
2015-11-09,49.2698,49.4453,48.5597,48.9427,6838300.0
2015-11-10,49.1022,49.7246,48.8389,49.6129,6689000.0
2015-11-11,49.9081,49.9241,49.3177,49.3655,4437300.0
2015-11-12,48.9427,49.19,48.4719,48.7272,6793800.0
2015-11-13,48.5836,48.9506,47.5623,47.666,8821600.0
2015-11-16,47.4745,48.424,47.4745,48.416,8096600.0
2015-11-17,48.6315,49.1182,48.2246,48.3123,6695300.0
2015-11-18,48.4001,49.3655,48.1368,49.3097,7215300.0
2015-11-19,49.3097,49.4134,48.9826,49.0384,5154400.0
2015-11-20,49.4374,49.589,49.1342,49.4613,8302500.0
2015-11-23,49.581,50.4187,49.549,49.9799,8493500.0
2015-11-24,49.5171,49.7645,48.8469,49.4373,7908200.0
2015-11-25,49.5092,49.8682,49.4693,49.6209,4549900.0
2015-11-27,49.6209,49.7725,49.4134,49.6129,2447900.0
2015-11-30,49.5491,49.7007,48.831,48.9826,9863800.0
2015-12-01,48.7352,49.2139,48.2804,48.9666,10910800.0
2015-12-02,49.1741,49.2379,48.7671,48.8469,6587500.0
2015-12-03,48.9666,49.0304,47.1953,47.5144,12056100.0
2015-12-04,47.7618,49.3655,47.5543,49.2698,9100600.0
2015-12-07,49.2698,49.4294,49.0224,49.3815,5967800.0
2015-12-08,49.2219,49.8124,49.0863,49.5969,6664900.0
2015-12-09,49.2379,49.9001,48.5278,48.815,8541600.0
2015-12-10,48.7751,49.581,48.6794,49.3655,6623900.0
2015-12-11,48.5597,48.823,47.5543,47.7299,11489300.0
2015-12-14,47.9054,47.9852,46.7644,47.8097,13406100.0
2015-12-15,48.3123,48.416,47.8495,47.8575,7842100.0
2015-12-16,48.1288,48.2724,47.4825,48.1527,9281800.0
2015-12-17,48.4001,48.5357,47.4506,47.4905,9079400.0
2015-12-18,47.2352,47.4745,46.4931,46.7724,18099500.0
2015-12-21,46.9878,47.5703,46.8043,47.5065,7187500.0
2015-12-22,47.8256,47.9293,47.299,47.8655,6501400.0
2015-12-23,48.0809,48.1687,47.8416,48.1448,4510200.0
2015-12-24,48.1687,48.2804,48.0091,48.1288,2204300.0
2015-12-28,47.8894,48.1368,47.5384,48.0251,4437200.0
2015-12-29,48.2405,48.9267,48.1527,48.7751,5477300.0
2015-12-30,48.8469,48.9905,48.4719,48.5278,3973900.0
2015-12-31,48.3921,48.5198,47.8894,47.8974,4960900.0
2016-01-04,46.8921,46.94,45.9586,46.4852,13521500.0
2016-01-05,46.908,46.908,46.2617,46.7963,9617800.0
2016-01-06,46.0383,46.7006,45.9905,46.3814,8266300.0
2016-01-07,45.3841,46.2059,44.8096,45.2325,11140900.0
2016-01-08,45.8069,46.0623,45.1048,45.1846,10427000.0
2016-01-11,45.4798,46.3734,45.3043,46.1341,10757300.0
2016-01-12,46.5889,47.4985,46.4213,47.4426,12375800.0
2016-01-13,47.7139,47.8735,46.1181,46.174,11303600.0
2016-01-14,45.8867,47.4187,45.416,47.0596,11444100.0
2016-01-15,45.5357,46.5889,45.2803,46.2777,15246100.0
2016-01-19,46.8123,47.3868,46.3735,46.7165,12289000.0
2016-01-20,45.9346,46.2458,43.8362,45.416,22786400.0
2016-01-21,46.15,47.3788,46.0144,47.0995,20888500.0
2016-01-22,45.9186,47.3947,45.8069,47.2112,32820200.0
2016-01-25,47.3628,47.3788,45.9665,46.0463,13554300.0
2016-01-26,46.2139,46.9719,46.1181,46.7644,8898100.0
2016-01-27,46.9719,47.0437,45.6873,45.9825,12491300.0
2016-01-28,46.5091,47.4107,46.2777,47.307,11832400.0
2016-01-29,47.698,48.5756,47.5863,48.4879,13224400.0
2016-02-01,48.4001,49.3017,48.0889,48.9906,9529100.0
2016-02-02,48.5583,48.7504,48.174,48.5903,9407400.0
2016-02-03,48.7344,48.9345,46.8292,47.6537,12254500.0
2016-02-04,47.5576,47.5897,46.4209,46.6611,13944900.0
2016-02-05,46.509,46.589,43.4271,43.6192,24529000.0
2016-02-08,42.4985,43.6032,42.1303,43.339,21457500.0
2016-02-09,42.5785,44.2596,42.5625,43.5631,11605100.0
2016-02-10,44.2516,45.1081,44.0354,44.1395,11663900.0
2016-02-11,43.1389,44.3396,42.8667,43.9634,12106100.0
2016-02-12,44.4757,44.86,44.0595,44.7159,8680200.0
2016-02-16,45.4603,45.5084,44.8119,45.1561,11594800.0
2016-02-17,45.3883,46.1568,44.956,46.1327,11955200.0
2016-02-18,46.0847,46.0847,45.3643,45.5964,8494000.0
2016-02-19,45.5644,46.3169,45.2442,46.1648,9033600.0
2016-02-22,46.9333,47.1894,46.565,47.1254,8390700.0
2016-02-23,46.7892,47.1494,46.4289,46.7972,7064100.0
2016-02-24,45.7965,46.7091,45.0521,46.517,10780900.0
2016-02-25,46.7972,47.0293,46.4289,47.0293,6262100.0
2016-02-26,47.2294,47.3975,46.3649,46.7011,7473400.0
2016-02-29,46.6291,47.3495,46.509,46.597,7645100.0
2016-03-01,47.0453,48.19,46.8292,48.062,9183600.0
2016-03-02,47.8938,48.0299,47.0933,47.6777,8856400.0
2016-03-03,47.3255,47.3895,46.589,47.2615,8261900.0
2016-03-04,47.3415,47.3815,46.613,46.9893,8344800.0
2016-03-07,46.7811,46.9653,45.8766,46.4289,9199100.0
2016-03-08,46.0927,46.613,45.8366,46.1087,8127400.0
2016-03-09,46.2528,46.4049,45.4603,45.6845,9734600.0
2016-03-10,46.0367,46.3169,45.5644,46.0447,7014500.0
2016-03-11,46.509,46.509,45.2842,46.1007,15497600.0
2016-03-14,46.0927,47.0533,46.0287,46.9493,9053300.0
2016-03-15,46.6851,47.3575,46.565,47.2935,7428500.0
2016-03-16,46.9493,47.8858,46.9493,47.7658,8069400.0
2016-03-17,47.6057,48.0139,47.5256,47.6697,7734700.0
2016-03-18,47.9579,48.3902,47.5737,47.7898,14313600.0
2016-03-21,47.6777,47.9179,47.2454,47.3095,6487200.0
2016-03-22,47.2294,47.6697,46.8852,47.5336,8246800.0
2016-03-23,47.3415,47.5496,46.9813,47.0933,5794500.0
2016-03-24,46.9893,47.0613,46.6531,46.7171,5948300.0
2016-03-28,46.8772,47.6057,46.7491,47.1974,5791600.0
2016-03-29,47.0854,47.8218,47.0854,47.6697,6031400.0
2016-03-30,48.0299,48.2381,47.6377,48.0379,5723500.0
2016-03-31,47.8458,48.198,47.7738,47.7898,5622800.0
2016-04-01,47.7177,48.9665,47.5576,48.8464,9401100.0
2016-04-04,48.9105,48.9745,48.094,48.2301,5799900.0
2016-04-05,47.9339,48.214,47.5817,48.062,4994800.0
2016-04-06,48.0459,48.7584,47.9579,48.6943,5667300.0
2016-04-07,48.5022,49.2627,48.4622,48.9665,8239200.0
2016-04-08,49.2307,49.3427,48.5903,48.8624,5064900.0
2016-04-11,49.0066,49.2307,48.6543,48.7504,6103400.0
2016-04-12,47.1894,47.7738,46.7251,47.6297,17565800.0
2016-04-13,48.2861,48.8945,47.8298,48.198,9898500.0
2016-04-14,48.2381,48.3501,47.9579,48.134,5157400.0
2016-04-15,48.2221,48.5262,48.0379,48.4382,5965300.0
2016-04-18,48.5823,48.8865,48.3181,48.7424,7228600.0
2016-04-19,48.9585,49.0306,48.4142,48.7504,7283600.0
2016-04-20,48.8625,49.1747,48.7104,48.7504,5558800.0
2016-04-21,48.7504,48.9105,48.4142,48.5423,12799100.0
2016-04-22,47.2374,47.3095,45.6525,46.1728,29836700.0
2016-04-25,46.1248,46.3969,46.0927,46.2448,8428000.0
2016-04-26,46.469,46.9653,46.0767,46.2048,8839100.0
2016-04-27,46.0367,46.1488,45.3243,45.5484,12390800.0
2016-04-28,45.3002,45.9166,45.0841,45.1641,9196600.0
2016-04-29,44.844,45.1722,44.2596,45.0121,12133400.0
2016-05-02,45.0601,45.9246,44.916,45.9166,8616200.0
2016-05-03,45.5471,45.8363,45.0972,45.1856,7854300.0
2016-05-04,44.9687,45.5069,44.8241,45.2981,6508500.0
2016-05-05,45.282,45.6033,44.9928,45.1856,6215400.0
2016-05-06,44.9527,45.2418,44.4867,45.2338,6378700.0
2016-05-09,45.2418,45.7319,45.1695,45.4989,5976200.0
2016-05-10,45.6676,46.2701,45.5551,46.1817,7931200.0
2016-05-11,45.8925,46.1014,45.0571,45.1695,8118900.0
2016-05-12,45.4427,45.6194,44.8402,45.2258,6870300.0
2016-05-13,45.3302,45.4668,44.7679,44.8402,5466000.0
2016-05-16,44.7438,44.8,44.3421,44.6072,9536200.0
2016-05-17,44.4867,44.6956,43.7879,44.0851,10530000.0
2016-05-18,43.9887,44.318,43.6834,44.0208,7455200.0
2016-05-19,43.7236,43.8762,43.5308,43.82,7582800.0
2016-05-20,44.0851,44.4787,43.8441,43.8762,8430800.0
2016-05-23,43.8762,44.0369,43.6112,43.8602,7352100.0
2016-05-24,43.9726,44.6795,43.9244,44.5349,7748700.0
2016-05-25,44.3422,44.551,44.1413,44.302,8115500.0
2016-05-26,44.6233,44.8804,44.1413,44.4144,9451700.0
2016-05-27,44.4707,44.6233,44.2618,44.302,6631100.0
2016-05-31,44.5831,44.5831,43.9405,44.0931,12044000.0
2016-06-01,43.9887,44.5751,43.9566,44.0369,8761600.0
2016-06-02,44.1012,44.1815,43.7477,43.8762,8307500.0
2016-06-03,43.9485,44.2458,43.6995,43.8682,6649200.0
2016-06-06,43.9566,44.8804,43.9325,44.6554,9900900.0
2016-06-07,44.7036,45.0651,44.4064,44.4225,7173100.0
2016-06-08,44.5831,44.5831,44.1011,44.3582,7623900.0
2016-06-09,44.302,44.6715,44.2297,44.6474,5927900.0
2016-06-10,44.1172,44.3421,43.7798,44.0771,8118700.0
2016-06-13,44.0128,44.6635,43.9887,44.2136,7908400.0
2016-06-14,44.2216,44.6474,44.1895,44.6394,8036500.0
2016-06-15,44.6956,45.0571,44.3984,44.4626,7447300.0
2016-06-16,44.1012,44.6554,43.7075,44.6072,7968000.0
2016-06-17,44.6715,44.6796,44.2136,44.4305,9503000.0
2016-06-20,44.8,45.2097,44.4867,44.4867,7286700.0
2016-06-21,44.5992,45.0089,44.543,44.8322,7445100.0
2016-06-22,44.8884,44.9687,44.5751,44.6715,7215400.0
2016-06-23,44.9687,45.1455,44.9045,45.0892,5569400.0
2016-06-24,43.4184,44.6394,43.3862,43.9244,14654700.0
2016-06-27,43.5389,43.7638,42.9042,43.1292,11631900.0
2016-06-28,43.4585,44.1012,43.338,44.061,8417000.0
2016-06-29,44.5189,45.7479,44.4707,45.5792,11103800.0
2016-06-30,45.6355,45.9407,45.4025,45.8845,10215200.0
2016-07-01,45.8202,46.0773,45.6676,45.7801,8330300.0
2016-07-05,45.6355,45.756,45.4266,45.6033,7274200.0
2016-07-06,45.4025,45.8764,45.2418,45.5873,8474200.0
2016-07-07,45.515,45.7881,45.3623,45.7158,6813300.0
2016-07-08,45.7238,45.7881,45.274,45.3945,12655500.0
2016-07-11,45.6274,45.7238,45.033,45.2418,10394400.0
2016-07-12,45.5069,46.2701,45.3945,46.1737,10998500.0
2016-07-13,45.6274,45.9969,45.2659,45.3704,12183600.0
2016-07-14,45.7881,46.3343,45.764,46.262,11353600.0
2016-07-15,46.3424,46.3825,45.8925,46.1174,8494000.0
2016-07-18,46.262,46.262,45.6676,45.7238,7614600.0
2016-07-19,45.6676,45.9005,45.4266,45.5953,8719800.0
2016-07-20,45.7881,46.3183,45.5551,46.2219,9446400.0
2016-07-21,46.2861,46.3263,45.8202,46.2701,16151700.0
2016-07-22,46.2701,46.7842,45.9487,46.5111,23899300.0
2016-07-25,46.3665,46.6637,46.1897,46.5512,10486000.0
2016-07-26,47.0573,47.2662,46.7521,46.8404,10106700.0
2016-07-27,46.8966,46.9127,46.3263,46.4709,6551800.0
2016-07-28,46.495,46.8404,46.3825,46.7601,6830100.0
2016-07-29,46.736,46.9368,46.5271,46.6316,6914900.0
2016-08-01,46.5914,46.6315,46.1335,46.2942,7997600.0
2016-08-02,46.1491,46.2216,45.5767,45.7299,7574600.0
2016-08-03,45.5123,45.617,44.9157,45.0931,11484800.0
2016-08-04,45.1818,45.3752,44.6417,44.6739,11193700.0
2016-08-05,44.9802,45.2382,44.7545,45.0608,9206200.0
2016-08-08,45.1173,45.1334,44.4724,44.6255,9129300.0
2016-08-09,44.6497,44.9077,44.4804,44.4966,7136700.0
2016-08-10,44.6336,44.9077,44.424,44.8351,6991100.0
2016-08-11,44.9399,45.1092,44.7062,44.7142,6191400.0
2016-08-12,44.553,44.9399,44.5208,44.7142,5039800.0
2016-08-15,44.8593,44.8996,44.4804,44.5369,5968700.0
2016-08-16,44.5369,44.7948,44.2709,44.6336,5750900.0
2016-08-17,44.9561,45.077,44.682,44.9802,7410600.0
2016-08-18,44.9641,45.0608,44.7303,44.7626,5390800.0
2016-08-19,44.7062,44.7868,44.2144,44.287,8981200.0
2016-08-22,44.3192,45.0769,44.295,45.0205,8837800.0
2016-08-23,45.2785,45.5767,45.1414,45.4639,7827900.0
2016-08-24,45.9476,46.7375,45.9073,46.0201,13200500.0
2016-08-25,45.9798,46.3103,45.8669,46.1813,6686600.0
2016-08-26,46.3345,46.6166,45.9475,46.1813,6940500.0
2016-08-29,46.1249,46.3345,45.6332,45.7863,7026700.0
2016-08-30,45.6735,45.746,45.1495,45.4639,6377700.0
2016-08-31,45.3913,45.48,45.0689,45.3268,6996900.0
2016-09-01,45.3833,45.5929,45.0044,45.3913,6230100.0
2016-09-02,45.5606,45.6654,45.1334,45.2865,7441500.0
2016-09-06,45.2865,45.48,44.8916,45.1576,6472900.0
2016-09-07,45.2946,45.6251,45.2382,45.3994,11428600.0
2016-09-08,45.2221,45.2624,44.4966,44.5772,12673600.0
2016-09-09,44.4482,44.4966,43.7711,43.8114,10658100.0
2016-09-12,43.4648,44.1661,43.4648,44.1016,11002500.0
2016-09-13,43.8436,43.9726,43.3277,43.5131,10050200.0
2016-09-14,43.7388,43.8114,43.368,43.4486,6688400.0
2016-09-15,43.497,43.634,43.1584,43.6179,8076800.0
2016-09-16,43.4809,43.6018,43.0537,43.3197,10207800.0
2016-09-19,43.497,43.5051,42.6425,42.7312,9231600.0
2016-09-20,43.0456,43.0778,42.7635,42.965,8731500.0
2016-09-21,43.0698,43.5534,42.9489,43.5131,9213600.0
2016-09-22,43.6905,44.0129,43.5051,43.8436,9096700.0
2016-09-23,43.5293,43.9807,43.5293,43.8759,6945100.0
2016-09-26,43.755,43.8033,43.4164,43.5615,7755600.0
2016-09-27,43.5293,43.6985,43.3842,43.6824,6463700.0
2016-09-28,43.4325,43.5937,43.1504,43.5131,8593500.0
2016-09-29,43.4325,43.5293,42.6506,43.0859,11993500.0
2016-09-30,43.2471,43.8436,43.1746,43.6421,13767800.0
2016-10-03,43.6099,43.6502,43.2632,43.4003,5478600.0
2016-10-04,43.6341,43.6341,43.0537,43.1504,6176400.0
2016-10-05,43.1262,43.3358,42.9489,43.0053,7451400.0
2016-10-06,42.965,43.1101,42.7473,42.836,6130300.0
2016-10-07,43.0214,43.2149,42.7232,43.094,7279700.0
2016-10-10,43.1504,43.2068,42.9408,42.965,7224300.0
2016-10-11,42.828,43.0456,42.5136,42.6587,9720400.0
2016-10-12,42.7312,43.102,42.5458,42.8521,6320500.0
2016-10-13,42.6264,42.8279,42.4571,42.6828,6958100.0
2016-10-14,42.8199,43.0214,42.6909,42.7876,6430100.0
2016-10-17,42.6748,42.8441,42.4733,42.5297,5223500.0
2016-10-18,42.9166,42.9811,42.3927,42.4088,6550400.0
2016-10-19,42.6506,43.3197,42.6425,42.8441,9095300.0
2016-10-20,43.0134,43.3197,42.6506,43.1988,9286800.0
2016-10-21,43.0617,43.2874,42.9247,43.231,6767200.0
2016-10-24,43.4486,43.9,43.4406,43.6743,6919700.0
2016-10-25,43.6099,43.6663,43.1262,43.2632,6052800.0
2016-10-26,43.2068,43.4003,43.0134,43.231,5817800.0
2016-10-27,43.2068,43.3922,42.828,43.1988,7900000.0
2016-10-28,43.2471,43.4003,42.8118,43.1504,6620300.0
2016-10-31,43.2874,43.2874,42.7715,42.7796,9142500.0
2016-11-01,42.836,42.8924,41.9896,42.3201,15425800.0
2016-11-02,42.1911,43.094,42.167,42.707,10851700.0
2016-11-03,42.7151,42.7232,41.385,41.7317,21847300.0
2016-11-04,41.4576,43.3197,40.982,42.5216,21956800.0
2016-11-07,43.1262,44.0774,42.8763,43.9242,14916800.0
2016-11-08,43.8517,44.1661,43.626,44.029,9352000.0
2016-11-09,42.8844,44.1902,42.5619,43.9968,13727800.0
2016-11-10,44.0452,44.1903,43.1343,43.1826,13621700.0
2016-11-11,43.0698,43.5212,42.9247,43.4728,8436400.0
2016-11-14,43.4728,43.9081,43.1262,43.7066,10489800.0
2016-11-15,43.8038,44.2897,43.6499,44.2087,9588000.0
2016-11-16,43.9981,44.9618,43.9414,44.897,10779200.0
2016-11-17,44.7189,45.2696,44.5893,45.2291,8744500.0
2016-11-18,45.1238,45.4477,44.8808,45.1643,8741000.0
2016-11-21,44.9537,45.4801,44.9537,45.4315,8004000.0
2016-11-22,45.6097,46.2819,45.2534,46.2576,10268700.0
2016-11-23,46.0875,46.6787,46.0794,46.6382,8183600.0
2016-11-25,46.7273,46.7273,46.3709,46.5086,3228800.0
2016-11-28,46.1604,46.8568,45.966,46.6382,8750900.0
2016-11-29,46.6787,47.1403,46.5653,47.1079,10582900.0
2016-11-30,47.1241,47.1727,46.8568,46.9459,9528000.0
2016-12-01,46.4357,47.3913,46.3224,47.3832,12381600.0
2016-12-02,45.8769,46.7678,45.8122,46.3304,16870000.0
2016-12-05,46.128,46.8406,46.128,46.5653,7701200.0
2016-12-06,46.6949,46.7273,46.2738,46.5167,7035700.0
2016-12-07,46.5977,47.6586,46.5248,47.5857,9094800.0
2016-12-08,47.7801,47.9825,47.3023,47.4966,7972500.0
2016-12-09,47.7153,47.7396,47.3185,47.5776,7091300.0
2016-12-12,47.4075,47.61,47.2455,47.5938,7736200.0
2016-12-13,47.7719,48.2174,47.5047,48.0311,8878100.0
2016-12-14,47.8044,47.9825,47.4561,47.5776,9022900.0
2016-12-15,46.9459,47.1403,46.5815,46.7354,11837800.0
2016-12-16,46.9783,47.0269,46.6139,46.6949,10611500.0
2016-12-19,46.5167,46.954,46.5167,46.6868,6433800.0
2016-12-20,46.8164,47.0188,46.4195,46.7273,4888300.0
2016-12-21,46.5653,46.8649,46.4924,46.5167,5380500.0
2016-12-22,46.4114,46.4843,45.9336,46.2495,6777700.0
2016-12-23,46.3952,46.4519,46.0713,46.1685,4298500.0
2016-12-27,46.1523,46.4762,46.0065,46.047,4186200.0
2016-12-28,45.9984,46.0794,45.553,45.634,5548700.0
2016-12-29,45.634,45.7312,45.4639,45.6097,3780900.0
2016-12-30,45.5773,45.715,44.8647,44.9618,8344500.0
2017-01-03,45.2777,45.3101,44.5731,44.8242,7809300.0
2017-01-04,44.9942,45.5125,44.8485,45.3425,7796300.0
2017-01-05,45.4153,45.7798,45.1967,45.7231,7602300.0
2017-01-06,45.8608,46.379,45.4153,46.2657,8587800.0
2017-01-09,46.3709,47.2456,46.3628,47.1322,12640500.0
2017-01-10,47.1484,47.1808,46.8326,46.8731,6671800.0
2017-01-11,46.8082,47.0674,46.6382,47.0512,6028000.0
2017-01-12,46.9702,47.0755,46.6787,46.9945,4733000.0
2017-01-13,46.9945,47.0512,46.6868,46.8487,4745600.0
2017-01-17,46.6625,47.1727,46.4924,46.9702,5734700.0
2017-01-18,47.2294,47.4399,46.9945,47.3346,7375700.0
2017-01-19,47.2213,47.3346,46.7435,46.8811,7850500.0
2017-01-20,47.0836,47.1322,46.4924,46.6949,7651600.0
2017-01-23,46.5005,46.8892,46.2819,46.7759,6814400.0
2017-01-24,46.9135,47.3751,46.7759,47.3265,10704100.0
2017-01-25,47.5128,47.7234,47.3346,47.5371,7117600.0
2017-01-26,47.5371,47.7801,47.1808,47.3427,12382400.0
2017-01-27,45.1481,45.8284,45.0671,45.4477,28884900.0
2017-01-30,45.3506,45.5449,45.0104,45.2696,13322000.0
2017-01-31,45.1886,45.2453,44.4435,44.7189,14308000.0
2017-02-01,44.9375,44.9456,43.577,43.6499,18796900.0
2017-02-02,43.7633,44.0467,43.6094,43.6256,15289700.0
2017-02-03,43.901,44.6217,43.739,44.5893,14161700.0
2017-02-06,44.5488,45.1481,44.4597,45.1319,13029800.0
2017-02-07,45.3841,45.4247,44.8878,44.9367,9910500.0
2017-02-08,44.896,45.1482,44.8228,44.9204,11681900.0
2017-02-09,44.9285,45.6525,44.9123,45.4003,11106800.0
2017-02-10,45.3353,45.8803,45.197,45.7339,11179000.0
2017-02-13,45.9617,46.0918,45.5793,45.6444,8027900.0
2017-02-14,45.5712,46.0511,45.5712,46.0267,8865900.0
2017-02-15,46.0105,46.2708,45.8071,46.2545,6967200.0
2017-02-16,46.3359,46.3603,45.9861,46.1488,8524500.0
2017-02-17,46.2057,46.8321,46.1325,46.6531,11008400.0
2017-02-21,46.7019,47.0273,46.6938,46.8077,8289200.0
2017-02-22,46.7914,47.0598,46.6531,46.8321,7876600.0
2017-02-23,46.8565,47.011,46.6857,46.889,7178600.0
2017-02-24,46.8646,46.946,46.4904,46.7589,7806200.0
2017-02-27,46.5636,46.6124,46.0918,46.1894,7702400.0
2017-02-28,46.1325,46.4172,46.0023,46.2626,8750700.0
2017-03-01,46.588,46.6938,46.3196,46.4823,7198000.0
2017-03-02,46.4253,46.5229,46.2464,46.466,6595400.0
2017-03-03,46.1244,46.5799,46.1244,46.4497,7735900.0
2017-03-06,46.1894,46.2138,45.8234,46.1081,9160000.0
2017-03-07,46.0267,46.165,45.5712,45.7176,10890300.0
2017-03-08,45.6769,45.8396,45.1807,45.3434,13061600.0
2017-03-09,45.3515,45.3922,44.5869,44.896,17844200.0
2017-03-10,45.0587,45.0668,44.2696,44.3591,13886400.0
2017-03-13,44.3916,44.6438,44.2533,44.4404,9090200.0
2017-03-14,44.4323,44.5299,44.0825,44.1476,7892900.0
2017-03-15,44.2452,44.4567,44.0012,44.3672,8712000.0
2017-03-16,44.6194,44.7333,44.4648,44.5787,8074300.0
2017-03-17,44.774,45.6607,44.7008,45.3759,15822100.0
2017-03-20,45.4492,45.5956,45.1563,45.4003,7948400.0
2017-03-21,45.5956,45.921,45.14,45.1807,8030600.0
2017-03-22,45.2946,45.5875,45.1563,45.4654,8452100.0
2017-03-23,45.6769,45.9047,45.3759,45.4329,7357200.0
2017-03-24,45.6444,46.6775,45.4736,46.2138,15763000.0
2017-03-27,46.0918,46.7345,45.9291,46.5555,8861800.0
2017-03-28,46.4497,46.7914,46.3928,46.6531,8331600.0
2017-03-29,46.5067,47.0599,46.4742,46.8077,7001600.0
2017-03-30,46.7345,47.4259,46.7101,47.312,8677900.0
2017-03-31,47.2713,47.7188,47.2307,47.4991,9156700.0
2017-04-03,47.4096,47.5642,47.0924,47.5398,8989000.0
2017-04-04,47.4829,47.5154,47.19,47.4422,6474800.0
2017-04-05,47.1493,48.215,47.0273,47.3608,13656200.0
2017-04-06,47.2876,47.4747,46.9622,47.1168,9112500.0
2017-04-07,47.0192,47.3852,46.8158,47.1981,6773800.0
2017-04-10,47.1819,47.3527,46.9622,47.1412,5266300.0
2017-04-11,46.9704,47.312,46.6775,47.0843,5855100.0
2017-04-12,47.0843,47.1005,46.7589,46.8402,5450300.0
2017-04-13,46.8646,47.011,46.7345,46.7833,4871700.0
2017-04-17,46.9216,47.3852,46.9216,47.2469,5626000.0
2017-04-18,46.8483,47.5723,46.8483,47.4666,5449300.0
2017-04-19,47.67,48.394,47.5886,48.0279,12000600.0
2017-04-20,48.5729,49.0854,48.4509,48.8739,12445900.0
2017-04-21,48.9715,49.3701,48.9309,49.3051,8800000.0
2017-04-24,49.6223,49.9314,49.5328,49.7118,10721300.0
2017-04-25,49.3376,49.7931,48.7437,49.5898,11031500.0
2017-04-26,49.8094,50.2324,49.606,50.0779,8525400.0
2017-04-27,50.1348,50.387,49.7769,49.8664,15285300.0
2017-04-28,48.3289,48.9552,47.9872,48.8576,25046100.0
2017-05-01,48.8088,49.2969,48.6136,48.9553,10910300.0
2017-05-02,48.9309,49.2318,48.8414,49.2156,9152100.0
2017-05-03,49.2319,49.3539,49.0203,49.2888,7706400.0
2017-05-04,49.3376,49.5003,49.1261,49.484,6874300.0
2017-05-05,49.5816,49.6142,49.2806,49.5816,6443300.0
2017-05-08,49.6793,49.6793,49.3783,49.5735,5588400.0
2017-05-09,49.4837,49.8921,49.4755,49.8104,5806600.0
2017-05-10,49.7287,49.8104,49.1814,49.549,7198400.0
2017-05-11,49.3775,49.4265,49.0344,49.2304,5516900.0
2017-05-12,49.2386,49.2876,48.871,48.9527,5647500.0
2017-05-15,49.353,49.4101,49.1161,49.3775,5904100.0
2017-05-16,49.5653,49.5817,48.9119,48.9935,6303500.0
2017-05-17,48.9854,49.2713,48.6423,48.7893,7581200.0
2017-05-18,48.7893,48.9609,48.0869,48.8629,8602400.0
2017-05-19,48.9609,50.5782,48.9609,50.1208,12531000.0
2017-05-22,49.8512,50.4148,49.8512,50.0146,6391600.0
2017-05-23,50.1535,50.2351,49.7124,49.9492,5622500.0
2017-05-24,50.1535,50.6436,49.7777,50.5537,7249300.0
2017-05-25,50.6517,51.5502,50.5619,51.3787,8931800.0
2017-05-26,51.4686,51.8035,51.4359,51.7054,6098000.0
2017-05-30,51.5176,51.7953,51.4686,51.6728,7094600.0
2017-05-31,51.6809,51.9586,51.5257,51.9586,7314600.0
2017-06-01,51.877,52.1302,51.7463,52.073,6058300.0
2017-06-02,52.1792,52.8327,52.0322,52.7428,7840400.0
2017-06-05,52.9715,52.9879,52.4242,52.4978,6808900.0
2017-06-06,52.4569,52.5631,52.3181,52.4079,5448400.0
2017-06-07,52.3834,52.5223,51.7381,51.8688,8365000.0
2017-06-08,51.8198,51.9342,50.6599,50.8396,11289300.0
2017-06-09,50.9458,51.0356,50.5374,50.7987,11240500.0
2017-06-12,50.4802,50.6354,49.5245,50.0636,11071600.0
2017-06-13,49.9247,50.0391,49.4918,49.7614,9384900.0
2017-06-14,49.5572,49.6797,48.8955,49.2304,9703300.0
2017-06-15,48.9445,49.2386,48.6096,49.0834,7516000.0
2017-06-16,48.92,49.1406,48.577,49.1242,11522400.0
2017-06-19,49.2958,49.8267,49.0997,49.745,6778000.0
2017-06-20,49.8104,49.8267,48.7648,48.8955,6985700.0
2017-06-21,49.0099,49.2631,48.773,48.9772,6027600.0
2017-06-22,49.0834,49.0916,48.5198,48.6096,5602000.0
2017-06-23,48.8139,49.1488,48.6668,48.8547,6469500.0
2017-06-26,49.0262,49.1324,48.4626,48.7158,5674600.0
2017-06-27,48.6342,48.7567,48.0379,48.1604,5652400.0
2017-06-28,48.2421,48.3973,48.0297,48.3401,5419200.0
2017-06-29,48.3319,48.3401,47.3436,47.6703,7421200.0
2017-06-30,47.9317,48.1522,47.6131,47.6295,8117100.0
2017-07-03,48.1114,48.1849,47.5804,47.5804,4575300.0
2017-07-05,47.7275,47.7846,47.2129,47.3272,7773600.0
2017-07-06,47.2129,47.3109,46.8861,47.0495,8886600.0
2017-07-07,47.2047,47.6703,47.0005,47.4089,7278300.0
2017-07-10,47.5233,47.6621,47.172,47.221,4832100.0
2017-07-11,47.3027,47.4416,46.9923,47.2945,5422300.0
2017-07-12,47.5478,47.9562,47.3926,47.8173,7141900.0
2017-07-13,48.0297,48.0869,47.4742,47.6866,8460200.0
2017-07-14,47.703,48.1277,47.6049,47.997,5441400.0
2017-07-17,47.9725,48.0869,47.6049,47.6458,6774500.0
2017-07-18,47.4742,47.85,47.123,47.5478,7857500.0
2017-07-19,47.4988,47.7111,47.2945,47.4661,8203600.0
2017-07-20,47.7111,48.0624,47.3762,47.4007,10546700.0
2017-07-21,47.3109,47.5886,47.2374,47.3599,6717200.0
2017-07-24,47.3762,47.5804,47.319,47.3926,7442600.0
2017-07-25,47.5559,48.0624,47.3599,47.8255,7933100.0
2017-07-26,48.0297,48.0624,47.1965,47.3272,8775900.0
2017-07-27,47.5804,48.7322,47.319,48.6015,23286700.0
2017-07-28,45.1136,45.7099,43.627,44.1089,53454800.0
2017-07-31,44.501,44.6643,44.068,44.0926,20299400.0
2017-08-01,44.5745,44.7542,44.0844,44.7052,18120900.0
2017-08-02,44.7215,45.2933,44.6562,45.277,14764900.0
2017-08-03,45.4485,45.8406,45.3341,45.4812,13331500.0
2017-08-04,45.7181,45.7834,44.9992,45.2851,9179800.0
2017-08-07,45.4158,45.6854,45.2688,45.4403,7253900.0
2017-08-08,45.5798,45.6044,44.6034,44.7347,11095300.0
2017-08-09,44.6608,44.6608,43.7337,44.0947,16717700.0
2017-08-10,43.9142,44.1029,43.4793,43.5449,13235300.0
2017-08-11,43.5285,43.8157,43.5285,43.6352,9235000.0
2017-08-14,43.9798,43.9798,43.6352,43.668,7426500.0
2017-08-15,43.8239,43.8321,43.3972,43.6106,6674600.0
2017-08-16,43.7008,44.2424,43.6926,43.8978,7667100.0
2017-08-17,43.7501,44.1275,43.4793,43.5203,7451700.0
2017-08-18,43.4219,43.5614,43.1429,43.2414,10370500.0
2017-08-21,43.6024,43.9142,43.3234,43.6106,12753200.0
2017-08-22,43.8895,44.9152,43.8075,44.6772,14547600.0
2017-08-23,44.2752,44.3901,44.0208,44.3737,11838500.0
2017-08-24,44.5214,44.6773,44.1193,44.2588,8716700.0
2017-08-25,44.8168,44.8742,44.4639,44.6034,8601100.0
2017-08-28,44.7511,44.7839,44.3244,44.6362,6643700.0
2017-08-29,44.3408,44.546,44.308,44.3901,6212400.0
2017-08-30,44.3408,44.8167,44.3408,44.7347,5596600.0
2017-08-31,44.866,45.1203,44.7757,45.0137,8245300.0
2017-09-01,45.0465,45.2598,45.0301,45.0711,7696300.0
2017-09-05,45.0875,45.2926,44.8003,45.2352,9160500.0
2017-09-06,45.227,45.3583,44.4147,44.5624,11372300.0
2017-09-07,44.6526,44.866,43.6926,43.8731,13801900.0
2017-09-08,43.8075,44.1275,43.5285,43.8896,11774500.0
2017-09-11,44.1357,44.4147,43.988,44.3244,9314100.0
2017-09-12,44.2916,44.349,43.7583,43.9306,10339400.0
2017-09-13,43.9388,44.8988,43.8896,44.546,12787900.0
2017-09-14,44.6198,44.8906,44.3901,44.7429,8260800.0
2017-09-15,44.669,44.9562,44.4393,44.8578,10744800.0
2017-09-18,44.9644,45.1039,44.7757,44.8742,6348400.0
2017-09-19,44.9972,45.0301,44.7675,44.8167,5187100.0
2017-09-20,44.7839,45.2762,44.7839,45.2516,7080000.0
2017-09-21,45.1696,45.268,45.0137,45.1367,7178500.0
2017-09-22,45.1696,45.2926,45.0137,45.2024,6950000.0
2017-09-25,45.1121,45.309,44.8824,45.0875,10242700.0
2017-09-26,45.1778,45.3091,44.9644,45.2352,8021900.0
2017-09-27,45.3337,45.6208,45.0957,45.1203,8671300.0
2017-09-28,44.9726,45.1942,44.6772,44.7183,7607500.0
2017-09-29,44.5624,44.6937,43.7829,44.0701,11944400.0
2017-10-02,44.1932,44.3408,44.1029,44.1521,5956000.0
2017-10-03,44.308,44.587,44.226,44.2998,6137100.0
2017-10-04,44.4065,44.4721,44.0537,44.2506,5569100.0
2017-10-05,44.3572,45.1039,44.2424,44.8003,7994300.0
2017-10-06,44.7265,45.4978,44.5132,45.268,10576300.0
2017-10-09,45.4321,45.5306,45.0957,45.145,5822900.0
2017-10-10,45.2106,45.826,45.1942,45.4732,6573900.0
2017-10-11,45.506,45.7849,45.3419,45.6537,8881900.0
2017-10-12,45.6783,46.1706,45.3829,45.9244,7234300.0
2017-10-13,45.9491,46.3019,45.6291,45.7193,6231100.0
2017-10-16,45.6783,45.785,45.0383,45.0547,7256900.0
2017-10-17,45.0137,45.3173,44.546,44.7265,11227300.0
2017-10-18,44.6854,45.4814,44.4885,45.3008,8299500.0
2017-10-19,45.1942,45.5716,45.0465,45.4567,5720200.0
2017-10-20,45.3829,45.4568,44.4557,44.7757,11741100.0
2017-10-23,44.9398,45.0793,44.4557,44.5296,10111100.0
2017-10-24,44.6116,44.7675,44.3244,44.5378,7818500.0
2017-10-25,44.5049,44.628,44.029,44.4393,8281200.0
2017-10-26,44.7183,45.7439,44.7183,45.0547,12211400.0
2017-10-27,44.9891,45.227,44.866,45.0301,9922600.0
2017-10-30,44.9562,45.3173,44.6362,45.268,6430900.0
2017-10-31,45.2598,45.3829,44.8824,44.9973,8857800.0
2017-11-01,45.2106,45.6126,45.0793,45.2352,7189800.0
2017-11-02,45.2516,45.4485,44.9398,45.0219,16879000.0
2017-11-03,44.4393,46.7203,44.349,45.9737,28773800.0
2017-11-06,45.9409,46.5152,45.6455,46.4168,10835700.0
2017-11-07,46.2198,47.0075,46.2198,46.9501,11167400.0
2017-11-08,46.7942,47.5983,46.7696,47.5163,13533700.0
2017-11-09,46.9337,47.3111,46.5973,47.065,14778900.0
2017-11-10,47.065,47.0896,46.3921,46.8024,7930300.0
2017-11-13,46.6137,46.8844,46.4003,46.4742,7648200.0
2017-11-14,46.3347,46.7696,46.2855,46.7121,7758200.0
2017-11-15,46.8689,47.0668,46.6132,46.7699,8880500.0
2017-11-16,46.9514,47.3638,46.8111,47.2153,8310200.0
2017-11-17,47.2153,47.372,46.8854,46.9596,6310800.0
2017-11-20,46.7451,47.0586,46.6709,46.8606,6360100.0
2017-11-21,46.9843,47.4793,46.9184,47.2318,6284300.0
2017-11-22,47.0751,47.1658,46.8524,47.1328,7308500.0
2017-11-24,47.1741,47.1741,46.7781,46.8524,3479000.0
2017-11-27,46.8771,46.9513,45.9863,46.1182,10580300.0
2017-11-28,46.2172,46.7864,46.1182,46.7369,9734400.0
2017-11-29,46.7781,47.5783,46.7699,47.438,10017900.0
2017-11-30,47.5453,47.9577,47.405,47.6937,11509200.0
2017-12-01,47.4298,47.603,46.5719,47.2813,12756400.0
2017-12-04,47.4628,48.8238,47.4298,48.4691,13302100.0
2017-12-05,48.8733,49.228,48.5928,48.9475,11295600.0
2017-12-06,48.9805,49.3517,48.8568,48.898,8458200.0
2017-12-07,48.766,48.898,48.4691,48.7825,6033800.0
2017-12-08,48.2711,48.5433,47.9247,48.3454,9950500.0
2017-12-11,48.1639,48.9558,48.0814,48.7248,10286600.0
2017-12-12,48.6588,48.964,48.5598,48.8898,6042900.0
2017-12-13,49.03,49.4012,48.9145,49.0713,7726300.0
2017-12-14,49.2692,49.5332,49.03,49.2445,8945900.0
2017-12-15,48.8733,48.9723,47.9742,48.0814,22595000.0
2017-12-18,48.2051,48.4939,47.7515,47.867,8751600.0
2017-12-19,47.9494,48.3206,47.7845,47.8504,7945700.0
2017-12-20,48.0237,48.0814,47.5865,47.6195,7188700.0
2017-12-21,47.7927,47.9659,47.4215,47.4958,5974500.0
2017-12-22,47.4875,47.768,47.1163,47.2648,7148700.0
2017-12-26,47.24,47.4958,47.0586,47.1328,5546200.0
2017-12-27,47.1741,47.5535,47.1658,47.2401,4812200.0
2017-12-28,47.405,47.8422,47.2648,47.6855,5044500.0
2017-12-29,47.6277,47.8175,47.3638,47.372,5365600.0
2018-01-02,47.801,48.0154,47.4133,47.537,7216000.0
2018-01-03,47.7845,48.6341,47.6772,48.4279,7478400.0
2018-01-04,48.6588,49.0053,48.4444,48.6093,5775900.0
2018-01-05,48.8733,49.2362,48.7248,49.1702,6047700.0
2018-01-08,49.063,49.2197,48.3041,48.9228,6335800.0
2018-01-09,48.832,49.0548,48.5516,48.8155,5233400.0
2018-01-10,49.4919,49.5992,48.5516,49.3435,8656500.0
2018-01-11,49.096,49.5084,49.0383,49.4919,5806300.0
2018-01-12,49.8219,49.9126,49.2032,49.8219,6989100.0
2018-01-16,49.7641,50.3993,49.7394,49.9539,8040700.0
2018-01-17,50.3168,50.589,49.9209,50.0363,8433800.0
2018-01-18,50.6715,50.6798,50.1023,50.391,9170900.0
2018-01-19,50.49,50.6962,50.2756,50.5313,8361900.0
2018-01-22,50.3498,50.7045,50.1271,50.655,11945800.0
2018-01-23,50.5808,51.0674,50.4323,50.886,10806800.0
2018-01-24,50.7375,51.0922,49.6817,50.1766,11911900.0
2018-01-25,50.3415,50.4818,49.8219,49.9456,16225600.0
2018-01-26,47.7927,47.9824,46.6461,47.834,51851700.0
2018-01-29,47.471,48.1309,46.9431,47.0338,18899900.0
2018-01-30,46.9843,47.4628,46.8029,47.1741,14341200.0
2018-01-31,47.207,47.3885,46.7699,46.8606,13118400.0
2018-02-01,46.4234,46.5389,46.1017,46.1925,14690100.0
2018-02-02,46.11,46.4564,45.945,46.0028,15358900.0
2018-02-05,45.8048,46.4069,45.0129,45.1119,16060000.0
2018-02-06,44.287,46.242,44.1798,45.8708,17415100.0
2018-02-07,45.68,45.9703,45.1492,45.1658,13927000.0
2018-02-08,45.199,45.4395,44.577,44.5936,17736700.0
2018-02-09,44.9502,45.6635,44.4941,45.2654,19382000.0
2018-02-12,45.4976,46.2191,45.2405,45.9288,10969000.0
2018-02-13,45.821,46.2108,45.6303,46.1693,10416400.0
2018-02-14,46.0035,47.0236,45.8542,46.4347,14190300.0
2018-02-15,46.7416,47.1314,46.3601,46.924,10294900.0
2018-02-16,46.9821,47.3138,46.725,46.8411,10151300.0
2018-02-20,46.6835,46.8909,46.302,46.4181,9450900.0
2018-02-21,46.385,47.0567,46.3269,46.5259,7851000.0
2018-02-22,46.4016,46.5591,45.8293,45.9454,10172400.0
2018-02-23,46.1528,46.5674,45.4478,46.5591,11394400.0
2018-02-26,46.7913,47.5626,46.7084,47.4133,8713800.0
2018-02-27,47.5129,47.8031,46.9075,46.9157,8821400.0
2018-02-28,47.1397,48.0354,47.1314,47.3553,11541100.0
2018-03-01,47.2723,47.7368,46.302,46.584,11127600.0
2018-03-02,46.2108,47.4382,46.1776,47.2143,11555100.0
2018-03-05,47.1314,47.6207,47.007,47.2641,7835400.0
2018-03-06,47.4797,47.4797,46.8909,47.2972,8046800.0
2018-03-07,46.9572,47.4133,46.9572,47.2972,7044100.0
2018-03-08,47.5129,47.9358,47.3802,47.6622,7434700.0
2018-03-09,47.828,48.6242,47.828,48.4832,9539600.0
2018-03-12,48.6573,49.495,48.4998,49.2628,10550300.0
2018-03-13,49.5116,50.3409,48.8398,48.9725,10411400.0
2018-03-14,49.1632,49.5282,48.6905,48.79,6488500.0
2018-03-15,48.873,49.8184,48.7818,49.2379,7377000.0
2018-03-16,49.2462,49.4701,48.8813,48.931,13030900.0
2018-03-19,48.6822,48.8066,47.9358,48.3505,9350600.0
2018-03-20,48.4749,48.9145,48.4749,48.6491,5888400.0
2018-03-21,48.7237,49.3872,48.4251,48.4915,6569100.0
2018-03-22,48.1266,48.6988,47.8944,47.9109,6846500.0
2018-03-23,47.9192,48.0436,46.7001,46.7001,9476800.0
2018-03-26,47.2392,48.1017,46.8992,47.9358,8444900.0
2018-03-27,48.1846,48.5164,47.3885,47.6539,7562900.0
2018-03-28,47.687,48.1846,47.4548,48.0188,9301900.0
2018-03-29,47.488,48.2178,47.1314,48.0105,12015200.0
2018-04-02,47.7036,47.8778,45.9288,46.6421,16778300.0
2018-04-03,46.8991,48.1432,46.8162,48.1017,10908200.0
2018-04-04,47.4797,48.9062,47.4465,48.79,7893100.0
2018-04-05,48.931,49.155,48.8149,49.0471,6305100.0
2018-04-06,48.7486,49.0472,48.1764,48.3837,8264500.0
2018-04-09,48.5495,49.2379,48.45,48.6822,8023800.0
2018-04-10,49.0223,49.3374,48.8232,49.2711,6545000.0
2018-04-11,49.0886,49.5199,48.931,49.2794,5508000.0
2018-04-12,49.4784,49.8599,49.2794,49.2877,6088200.0
2018-04-13,48.931,49.3872,48.8979,49.1301,6689800.0
2018-04-16,49.0389,49.5033,48.7983,49.2877,6119200.0
2018-04-17,49.553,49.7604,49.2628,49.6194,6139600.0
2018-04-18,49.5364,49.6194,49.2959,49.3457,5914200.0
2018-04-19,49.2794,49.3374,48.7071,49.1135,6280100.0
2018-04-20,48.9559,49.0803,47.9358,48.1017,12037600.0
2018-04-23,48.11,48.7071,47.8446,48.2344,8444400.0
2018-04-24,48.4998,48.6491,47.8114,47.9441,7793600.0
2018-04-25,48.3256,48.3256,47.5129,47.8612,8367400.0
2018-04-26,48.1929,49.9097,47.9773,49.2462,14516600.0
2018-04-27,48.1598,48.9145,47.687,48.4003,11975200.0
2018-04-30,48.4251,48.5247,47.6539,47.7451,7854600.0
2018-05-01,47.828,48.309,47.6373,48.2095,7257500.0
2018-05-02,48.1515,48.1763,46.8826,47.0236,7299100.0
2018-05-03,46.8743,46.9158,46.0615,46.5508,7152400.0
2018-05-04,46.8909,48.0437,46.8494,47.8363,9279200.0
2018-05-07,48.9228,48.9642,47.4963,47.6456,10630600.0
2018-05-08,47.6456,47.8612,47.2724,47.828,7234000.0
2018-05-09,47.878,48.0364,47.3445,47.5529,7015300.0
2018-05-10,47.6696,48.1031,47.5362,48.0615,6565800.0
2018-05-11,48.1198,48.2365,47.5779,47.7446,5843400.0
2018-05-14,47.8197,47.9447,47.5112,47.6279,5871800.0
2018-05-15,47.5196,47.6029,46.9777,47.2194,7415800.0
2018-05-16,47.3778,47.7947,47.3445,47.6446,4843900.0
2018-05-17,47.6863,47.8113,47.5029,47.6863,6110100.0
2018-05-18,47.7446,47.8447,47.4028,47.6529,7786000.0
2018-05-21,47.853,48.2032,47.7363,47.803,5379300.0
2018-05-22,47.9364,48.0364,47.4445,47.4862,5355600.0
2018-05-23,47.3528,47.9947,47.3195,47.9281,5339900.0
2018-05-24,47.8864,48.1365,47.6196,48.0865,5681600.0
2018-05-25,48.0865,48.67,48.0031,48.2865,6783800.0
2018-05-29,48.1031,48.2532,47.5279,47.7113,6475900.0
2018-05-30,47.878,48.0698,47.6446,47.9197,5762400.0
2018-05-31,47.6696,47.9114,47.1444,47.2444,9433000.0
2018-06-01,47.3862,47.5446,47.1944,47.4445,4967700.0
2018-06-04,47.6029,47.6863,47.3528,47.5779,7484100.0
2018-06-05,47.2611,47.2695,46.0856,46.4191,18278800.0
2018-06-06,46.5525,47.6696,46.3691,47.6613,13709800.0
2018-06-07,47.7613,48.3032,47.5946,47.6363,7919800.0
2018-06-08,47.4529,47.5696,47.1194,47.1861,8433500.0
2018-06-11,47.1944,47.3028,46.911,47.086,7181700.0
2018-06-12,47.1861,47.4362,46.936,47.086,8249700.0
2018-06-13,47.1111,47.2695,46.8359,46.861,8283200.0
2018-06-14,47.0694,47.5779,46.9443,47.5362,11049700.0
2018-06-15,47.5529,47.6946,47.0694,47.6113,12408300.0
2018-06-18,47.3278,47.7863,46.7776,47.703,9676900.0
2018-06-19,47.2278,47.9364,46.9693,47.878,9965500.0
2018-06-20,45.7105,45.8605,43.001,43.5346,62091100.0
2018-06-21,43.5929,43.8764,41.9839,42.2007,30723000.0
2018-06-22,42.5175,43.1177,42.3674,42.7176,24429600.0
2018-06-25,42.6509,42.8843,41.8589,42.2341,15578600.0
2018-06-26,42.109,42.209,41.7755,42.0006,12930600.0
2018-06-27,42.1173,42.1257,41.5504,41.5504,14576900.0
2018-06-28,41.2253,41.2503,39.4912,40.4667,33210100.0
2018-06-29,40.0832,41.0669,40.0832,40.7251,17413000.0
2018-07-02,40.55,40.9335,40.475,40.9002,9870900.0
2018-07-03,40.9752,41.1002,40.6501,40.6584,7517500.0
2018-07-05,40.7834,40.8752,40.3499,40.525,9630500.0
2018-07-06,40.7668,41.0085,40.5,40.8335,10712000.0
2018-07-09,41.0252,41.7255,41.0252,41.6005,12811700.0
2018-07-10,41.7505,42.109,41.6505,42.034,9038000.0
2018-07-11,41.8672,42.084,41.7005,41.8005,9542400.0
2018-07-12,41.9839,42.234,41.8505,41.8922,9339200.0
2018-07-13,41.9006,43.0594,41.9006,43.0344,21718400.0
2018-07-16,42.976,42.976,42.2591,42.4675,16974900.0
2018-07-17,42.2341,42.7676,42.184,42.7509,11421300.0
2018-07-18,42.801,43.0344,42.5175,42.6426,13549500.0
2018-07-19,42.6092,42.926,42.5175,42.8009,11415600.0
2018-07-20,42.5675,42.7176,42.3091,42.4425,11024100.0
2018-07-23,42.3174,42.7426,42.3174,42.6759,8406800.0
2018-07-24,42.7676,43.1178,42.5675,42.6592,9921500.0
2018-07-25,42.5258,43.1177,42.5258,43.0344,11368000.0
2018-07-26,43.0844,43.2178,42.8009,42.8927,11114800.0
2018-07-27,42.9343,43.8514,41.8589,43.4762,15770300.0
2018-07-30,43.5179,44.0598,43.1511,43.2678,14448400.0
2018-07-31,43.3762,43.9264,43.2261,43.6763,9228200.0
2018-08-01,43.5513,43.5513,42.7259,43.2928,11952400.0
2018-08-02,43.4345,43.643,42.876,43.0844,13636400.0
2018-08-03,43.1011,43.7263,43.001,43.5429,8246100.0
2018-08-06,43.4345,43.5763,43.1844,43.4095,6505800.0
2018-08-07,43.4179,43.5262,43.1844,43.4095,5869400.0
2018-08-08,43.5103,43.5942,43.1157,43.2752,7257200.0
2018-08-09,43.2584,43.6698,43.0821,43.5858,7175400.0
2018-08-10,43.3088,43.3424,42.9814,43.2416,10539300.0
2018-08-13,43.334,43.6194,43.2081,43.4935,7911300.0
2018-08-14,43.5271,44.2742,43.4767,44.1483,9385400.0
2018-08-15,43.9132,44.4421,43.9048,44.2826,9566000.0
2018-08-16,44.4757,44.7947,44.4253,44.526,8721200.0
2018-08-17,44.4505,45.0045,44.4505,44.9626,8166900.0
2018-08-20,45.0885,45.4663,45.0801,45.2648,9791200.0
2018-08-21,45.4747,45.7013,45.29,45.3319,7990000.0
2018-08-22,44.9542,45.0297,44.207,44.3414,10369600.0
2018-08-23,44.291,44.652,44.1231,44.207,8567600.0
2018-08-24,44.3414,44.4253,44.0056,44.2826,9849800.0
2018-08-27,44.4841,44.6436,44.333,44.4673,6443200.0
2018-08-28,44.5092,44.887,44.4757,44.5344,7171900.0
2018-08-29,44.5512,44.8618,44.2574,44.7023,6604900.0
2018-08-30,44.5932,44.8367,44.4673,44.5764,5576400.0
2018-08-31,44.0391,45.0885,44.0308,44.8702,10892800.0
2018-09-04,44.8618,45.0717,44.6687,44.9374,8235200.0
2018-09-05,44.887,45.3152,44.7359,45.1557,7966300.0
2018-09-06,45.0465,45.6258,45.0381,45.5082,7803400.0
2018-09-07,45.4998,46.1378,45.4663,46.0539,10231700.0
2018-09-10,46.1211,46.2638,45.8105,46.1462,8621000.0
2018-09-11,46.0287,46.5072,45.9783,46.2722,7873900.0
2018-09-12,46.3393,46.3393,45.609,46.1462,7297300.0
2018-09-13,46.2722,46.6499,45.9532,46.0791,8566600.0
2018-09-14,46.1714,46.1714,45.844,45.9616,6827700.0
2018-09-17,45.9196,46.0539,45.567,45.8104,9277200.0
2018-09-18,45.7349,46.4065,45.4159,46.2302,7569600.0
2018-09-19,46.3561,46.8346,46.0875,46.5324,7451600.0
2018-09-20,46.6751,47.6237,46.6751,47.3719,10582600.0
2018-09-21,47.4726,48.3289,47.4474,48.2282,25800500.0
2018-09-24,47.8,48.1526,47.4978,47.5902,10616000.0
2018-09-25,47.8336,48.0938,47.7077,47.7664,9445500.0
2018-09-26,47.6573,48.5556,47.6405,48.0771,7757300.0
2018-09-27,47.9343,48.5136,47.9343,48.1358,6606200.0
2018-09-28,48.1778,48.1778,47.6657,47.7161,8975900.0
2018-10-01,47.7748,47.8084,46.6164,46.6583,12726900.0
2018-10-02,46.6331,47.0193,46.4149,46.6667,12680800.0
2018-10-03,46.843,47.1032,46.5576,46.566,7383500.0
2018-10-04,46.8262,47.0781,46.5912,46.9186,9722000.0
2018-10-05,46.9689,46.9689,46.4317,46.8094,9734000.0
2018-10-08,46.8598,47.6405,46.5492,47.4642,9623900.0
2018-10-09,47.7077,50.117,47.6909,48.4464,24855700.0
2018-10-10,48.4128,48.5807,46.9605,47.0193,14190500.0
2018-10-11,46.7591,47.2376,45.928,46.0539,15316900.0
2018-10-12,46.7675,47.6657,46.4065,47.3887,13980500.0
2018-10-15,47.3215,48.0099,47.2711,47.6405,10175100.0
2018-10-16,47.8,48.6983,47.6573,48.5304,11731400.0
2018-10-17,48.6059,49.8651,48.5052,49.6133,14631000.0
2018-10-18,49.5293,49.9743,48.8158,49.2271,12184700.0
2018-10-19,49.0173,49.5881,49.0173,49.2439,10180500.0
2018-10-22,49.4706,49.8316,49.1768,49.4454,8680200.0
2018-10-23,48.9921,49.7812,48.8662,49.3698,12834200.0
2018-10-24,49.1684,49.7644,48.6479,48.7402,12189700.0
2018-10-25,48.9333,49.9239,48.438,49.4958,9569600.0
2018-10-26,48.7234,48.9921,48.1778,48.7486,13367600.0
2018-10-29,49.2607,50.1002,48.438,49.0005,14412800.0
2018-10-30,49.0508,49.4202,48.4296,49.1852,14230100.0
2018-10-31,49.5126,49.6301,48.8662,48.9165,11560400.0
2018-11-01,48.9417,49.5881,48.7486,49.2187,18772400.0
2018-11-02,52.0394,55.1371,51.9638,53.9954,45573000.0
2018-11-05,53.668,54.6754,53.5756,54.1297,23242600.0
2018-11-06,53.9786,55.4729,53.9366,55.4141,16065400.0
2018-11-07,55.6492,57.261,55.4393,57.219,16465000.0
2018-11-08,56.9,57.9073,56.774,57.6891,14081700.0
2018-11-09,57.496,57.8906,57.1518,57.5883,8637200.0
2018-11-12,57.454,57.8738,56.9168,57.0091,12789600.0
2018-11-13,57.0343,57.3197,56.3291,56.5894,16637000.0
2018-11-14,56.8004,57.349,56.3193,56.5809,13350500.0
2018-11-15,56.3024,57.1886,56.007,57.0705,15246500.0
2018-11-16,56.8004,57.8385,56.6231,57.5262,9287900.0
2018-11-19,57.4756,57.7878,56.7413,57.3152,10855400.0
2018-11-20,56.8763,57.2899,56.3446,56.6991,11208900.0
2018-11-21,56.9438,57.3743,56.3362,56.3531,10978100.0
2018-11-23,55.9057,55.9057,55.0786,55.45,7779800.0
2018-11-26,55.6863,55.8045,55.0364,55.4416,13066800.0
2018-11-27,55.2474,56.1674,55.1208,55.7707,13169100.0
2018-11-28,55.8551,56.5387,55.2643,56.3953,12867600.0
2018-11-29,56.2771,56.7835,55.8045,56.4459,9605500.0
2018-11-30,56.429,56.8679,56.2518,56.3109,27308900.0
2018-12-03,56.8594,57.4418,56.2602,56.9692,13834300.0
2018-12-04,56.9439,57.5178,56.083,56.2518,13555100.0
2018-12-06,55.8129,56.2687,55.3571,56.1674,17222200.0
2018-12-07,55.8467,56.2433,55.028,55.2559,11057500.0
2018-12-10,55.2559,55.5344,54.395,55.2728,12148300.0
2018-12-11,55.8889,56.4797,55.2981,55.6357,10903100.0
2018-12-12,55.7032,56.4881,55.7032,55.8129,11115800.0
2018-12-13,55.9479,56.7329,55.8129,56.4712,10016200.0
2018-12-14,54.3866,55.5681,53.6607,55.1461,16834000.0
2018-12-17,54.8592,55.3909,54.0827,54.4119,15143100.0
2018-12-18,54.6651,55.1968,54.4794,54.7917,10523500.0
2018-12-19,54.9942,55.6188,53.7451,54.0658,14390100.0
2018-12-20,53.6861,53.8464,51.863,52.4538,20264600.0
2018-12-21,52.5889,53.3485,51.804,51.8124,23524900.0
2018-12-24,51.8884,52.1753,50.9937,51.1119,6323300.0
2018-12-26,51.4411,53.3654,51.2047,53.2388,16646200.0
2018-12-27,52.8505,53.3738,52.0065,53.34,11308100.0
2018-12-28,53.4329,54.1165,53.3147,53.5004,7711900.0
2018-12-31,53.8211,54.53,53.7283,54.3528,7689800.0
2019-01-02,53.7451,54.3275,53.3485,54.2853,10094000.0
2019-01-03,53.5595,53.7789,51.8208,51.9306,14390100.0
2019-01-04,52.6648,54.2262,52.3948,53.6523,12694400.0
2019-01-07,53.4666,54.2178,52.9518,53.6523,10337600.0
2019-01-08,53.9646,54.26,53.2134,53.6945,10809700.0
2019-01-09,53.7198,54.049,53.129,53.9139,13080300.0
2019-01-10,53.6861,54.3444,53.3738,54.1756,10397600.0
2019-01-11,52.572,53.8802,52.0487,53.7873,13805700.0
2019-01-14,53.4666,54.0658,53.1543,53.4835,9929600.0
2019-01-15,53.6607,54.5469,53.551,54.0827,7930400.0
2019-01-16,54.184,54.7073,53.8042,53.8211,8091300.0
2019-01-17,53.7451,54.3444,53.6776,54.2515,6767100.0
2019-01-18,54.6989,54.6989,53.8971,54.606,9835200.0
2019-01-22,54.7748,55.8804,54.6482,55.1883,16414300.0
2019-01-23,55.6019,56.294,55.5428,56.0661,12372400.0
2019-01-24,56.218,56.3446,53.1121,54.6398,29719800.0
2019-01-25,56.5725,57.1295,55.7876,56.6231,21885800.0
2019-01-28,55.8635,56.5134,55.6272,56.4628,11537700.0
2019-01-29,56.5472,56.9692,55.872,56.5809,10703400.0
2019-01-30,56.64,57.5684,56.5894,57.5178,11702500.0
2019-01-31,57.5431,58.6487,56.6147,57.5093,24233300.0
2019-02-01,57.8891,58.5052,57.3911,57.484,10309200.0
2019-02-04,57.4165,57.484,56.6147,57.0367,13562400.0
2019-02-05,57.1886,58.5812,57.0873,58.5221,12781600.0
2019-02-06,58.7342,58.8699,58.1149,58.4118,10283400.0
2019-02-07,58.1997,58.7172,58.0979,58.6579,10109200.0
2019-02-08,58.3439,59.2348,58.1997,59.1754,8862000.0
2019-02-11,59.3875,59.7862,59.2602,59.379,9229700.0
2019-02-12,59.5911,59.7777,59.1414,59.1754,8848900.0
2019-02-13,59.2263,59.8965,59.2178,59.8201,10264000.0
2019-02-14,59.4978,60.694,59.362,60.1001,9441100.0
2019-02-15,60.3631,60.5498,59.5487,59.9898,13924600.0
2019-02-19,59.7777,59.8965,59.2008,59.5571,9208400.0
2019-02-20,59.5826,59.8965,59.4299,59.7183,9671800.0
2019-02-21,59.5062,60.1765,59.5062,59.9813,10933500.0
2019-02-22,60.0323,60.5667,60.0238,60.4904,11311600.0
2019-02-25,60.9994,61.1436,60.2189,60.2783,12071200.0
2019-02-26,60.2359,60.6176,60.168,60.3546,12302300.0
2019-02-27,60.0916,60.3461,59.3196,59.5147,13274800.0
2019-02-28,59.5062,59.8032,59.2008,59.608,18956700.0
2019-03-01,59.9219,60.3292,59.7692,60.1086,8067700.0
2019-03-04,60.2274,60.5328,59.7014,60.1934,9219700.0
2019-03-05,60.3971,60.9909,60.2868,60.7279,10496100.0
2019-03-06,60.923,61.237,60.3716,60.4649,7666100.0
2019-03-07,60.4055,60.5413,59.7777,59.905,7814700.0
2019-03-08,59.5147,59.6165,58.5645,58.8445,12363900.0
2019-03-11,58.8615,59.396,58.6578,59.116,11518300.0
2019-03-12,59.1669,59.8795,59.1245,59.4299,12751700.0
2019-03-13,59.4638,60.151,59.3705,59.4723,13798600.0
2019-03-14,59.5487,60.1425,59.5487,60.0153,9249200.0
2019-03-15,60.0662,60.414,59.8456,59.9559,13096900.0
2019-03-18,60.0492,60.3377,59.7608,60.1001,5682400.0
2019-03-19,60.1934,60.8297,60.1256,60.5582,7810700.0
2019-03-20,60.9146,61.4236,60.5243,60.7703,9512400.0
2019-03-21,60.5074,61.4576,60.5074,61.3048,8044400.0
2019-03-22,61.1267,61.4321,60.8212,61.0503,8022800.0
2019-03-25,61.0842,61.4915,60.8552,61.3388,6453800.0
2019-03-26,61.6951,62.0939,61.3642,61.8987,7624000.0
2019-03-27,61.8818,62.1532,61.6103,61.7121,7662700.0
2019-03-28,61.9072,62.7641,61.8393,62.7471,6709600.0
2019-03-29,62.7895,63.1883,62.3823,63.0695,9099500.0
2019-04-01,63.4258,63.5701,62.552,62.7471,8108400.0
2019-04-02,62.7895,63.1628,62.6453,63.0101,5520900.0
2019-04-03,63.2561,63.4428,62.6707,63.061,6755600.0
2019-04-04,63.2052,63.3495,62.7641,63.078,5449800.0
2019-04-05,63.078,63.6973,63.078,63.6549,5346200.0
2019-04-08,63.1798,63.8839,63.1798,63.7991,5140400.0
2019-04-09,63.5191,63.8246,63.4598,63.7312,4905800.0
2019-04-10,63.8076,64.3251,63.8076,64.0367,6066300.0
2019-04-11,64.2657,64.5372,64.1809,64.3675,6042600.0
2019-04-12,64.5627,65.2838,64.5372,65.0293,5194800.0
2019-04-15,65.0462,65.0717,64.5457,64.6136,7632200.0
2019-04-16,64.885,64.9529,63.9348,64.2233,8336600.0
2019-04-17,64.147,64.4439,63.4598,63.7312,9439000.0
2019-04-18,64.0367,64.6984,63.8076,64.5287,6607800.0
2019-04-22,64.2318,64.5287,63.8076,63.9688,4883100.0
2019-04-23,64.0366,64.5287,63.9773,64.4693,5273900.0
2019-04-24,64.5203,65.2244,64.4015,64.8087,9347300.0
2019-04-25,64.5711,65.5213,64.4354,65.4195,11084500.0
2019-04-26,65.2838,65.7674,63.6803,65.708,12550500.0
2019-04-29,65.5808,65.8947,64.9784,65.2499,5426800.0
2019-04-30,65.3262,65.9964,65.0632,65.9031,7384400.0
2019-05-01,65.8946,66.3019,65.6401,65.7674,6678000.0
2019-05-02,65.8862,65.971,65.1142,65.725,6247500.0
2019-05-03,65.8268,66.514,65.6147,66.217,4967900.0
2019-05-06,65.4959,66.2425,65.3432,66.2255,5607500.0
2019-05-07,65.8098,66.8024,65.6825,66.1407,8115800.0
2019-05-08,66.1236,67.0271,65.7316,66.5242,7799900.0
2019-05-09,66.1236,66.6776,65.9276,66.3963,7326600.0
2019-05-10,66.1662,67.1635,65.7656,66.8396,6448600.0
2019-05-13,65.8424,66.2941,64.8451,65.3565,9778500.0
2019-05-14,65.4162,66.26,65.3566,65.6804,6870900.0
2019-05-15,65.365,66.4305,65.2287,66.277,5415500.0
2019-05-16,66.1918,67.5385,66.1151,67.2487,6941800.0
2019-05-17,66.9248,67.888,66.797,67.2572,7379900.0
2019-05-20,66.7373,66.8396,65.2628,65.3395,11475000.0
2019-05-21,65.6719,66.3537,65.4162,66.081,5808500.0
2019-05-22,65.7997,66.2429,65.5526,65.8423,5602300.0
2019-05-23,65.527,65.5781,64.5127,65.1264,9213200.0
2019-05-24,65.4844,65.6804,64.7514,64.9048,5627600.0
2019-05-28,65.0838,65.3565,64.1974,64.5212,16205200.0
2019-05-29,64.2059,64.3423,63.3536,64.1633,10511600.0
2019-05-30,64.4786,65.1434,64.4616,64.9218,7178400.0
2019-05-31,64.436,65.0497,64.2485,64.8281,7625700.0
2019-06-03,64.8792,65.2287,64.4786,64.9645,8122200.0
2019-06-04,65.4332,67.1294,65.3395,66.9248,11685000.0
2019-06-05,67.1549,68.1607,67.0441,68.1522,7437100.0
2019-06-06,68.2118,69.5756,68.101,69.3795,10457200.0
2019-06-07,69.55,71.0245,69.4733,70.3,11278800.0
2019-06-10,70.6154,70.6239,69.3625,69.8312,8102800.0
2019-06-11,70.1466,70.6239,69.7631,70.2063,6226400.0
2019-06-12,70.3938,71.3143,70.1637,70.6836,6088800.0
2019-06-13,71.0245,71.6382,70.7603,71.0416,7156800.0
2019-06-14,71.2035,72.1155,71.0757,71.8001,9226500.0
2019-06-17,72.1496,72.1837,70.6495,70.7603,9313700.0
2019-06-18,71.212,71.6893,70.6495,70.6751,10582600.0
2019-06-19,70.8114,71.5274,69.9591,71.4336,5401400.0
2019-06-20,71.945,72.303,71.4507,72.1837,5215800.0
2019-06-21,71.9621,72.2518,71.4336,71.4421,12610000.0
2019-06-24,71.6638,72.0729,71.2632,71.2973,6692500.0
2019-06-25,71.766,72.6183,71.5615,71.8086,7312300.0
2019-06-26,71.8513,71.8513,70.8967,71.0671,7576400.0
2019-06-27,71.212,71.5018,70.9222,71.2205,6084200.0
2019-06-28,71.2205,71.5615,71.016,71.4507,6735300.0
2019-07-01,72.124,72.4138,71.6211,72.0644,7935100.0
2019-07-02,72.2263,72.9508,72.0388,72.8826,6205800.0
2019-07-03,73.3343,74.8515,73.2832,74.8259,7818600.0
2019-07-05,74.5787,74.9111,74.0503,74.8259,5733100.0
2019-07-08,74.664,74.9623,74.306,74.5276,6359500.0
2019-07-09,74.3997,74.7066,74.0588,74.3486,5355400.0
2019-07-10,74.5105,75.4651,74.5105,75.3288,5293000.0
2019-07-11,75.5674,76.1044,75.235,75.9169,6191400.0
2019-07-12,76.0959,76.5561,75.7294,76.5135,5628000.0
2019-07-15,76.5987,76.9993,76.4197,76.8459,6061300.0
2019-07-16,76.8971,77.1187,76.3601,76.7777,5591900.0
2019-07-17,76.7777,77.0334,76.4794,76.9226,4635900.0
2019-07-18,76.9908,78.0221,76.6669,77.988,6470200.0
2019-07-19,77.9113,78.0818,76.9056,76.9652,10804800.0
2019-07-22,77.1528,77.7153,76.7522,77.4937,5636600.0
2019-07-23,77.775,77.8687,76.0021,76.8033,7609200.0
2019-07-24,76.6243,77.3488,76.4368,77.2635,5388100.0
2019-07-25,77.9795,78.0306,77.1101,77.5448,8106300.0
2019-07-26,82.1644,84.9942,81.1502,84.4742,20846500.0
2019-07-29,83.5708,84.3294,82.8548,83.5452,11184500.0
2019-07-30,83.102,83.7668,82.2667,82.3775,7248300.0
2019-07-31,82.3775,82.3775,79.6927,80.707,9912100.0
2019-08-01,80.9712,83.1702,80.6132,81.2951,8342300.0
2019-08-02,80.9712,81.8576,80.8007,81.4059,6381700.0
2019-08-05,80.5535,81.4144,79.2921,79.8632,8917400.0
2019-08-06,80.3831,81.5763,79.9484,81.261,7438000.0
2019-08-07,80.9359,81.877,80.568,81.4663,6414000.0
2019-08-08,81.4749,82.4844,80.799,82.3646,7423600.0
2019-08-09,82.262,82.8523,81.6374,82.3903,5209200.0
2019-08-12,81.9454,82.1508,80.6792,81.2011,5513800.0
2019-08-13,80.8674,82.7069,80.6022,82.6726,8915600.0
2019-08-14,82.0566,83.0063,81.1669,81.2096,9989500.0
2019-08-15,81.7059,82.3646,80.9444,81.7315,5559400.0
2019-08-16,82.3817,82.8437,82.0053,82.5785,4852200.0
2019-08-19,83.186,83.34,82.3219,82.6983,5324900.0
2019-08-20,82.4331,83.0919,81.7829,81.8171,6809100.0
2019-08-21,82.3646,82.6897,81.9026,82.4074,4740500.0
2019-08-22,82.6384,82.8609,81.877,82.5529,5146200.0
2019-08-23,82.4844,83.0748,80.7562,81.0214,8076600.0
2019-08-26,81.6032,82.5614,81.2781,82.5614,5802600.0
2019-08-27,82.7325,83.0748,82.1593,82.2106,6539800.0
2019-08-28,82.3304,83.1689,82.1337,83.0491,4948800.0
2019-08-29,83.7164,83.9046,83.0405,83.5881,4514300.0
2019-08-30,83.9645,83.9645,82.2278,82.6128,5209500.0
2019-09-03,82.493,83.1689,82.1764,82.7924,5150700.0
2019-09-04,80.8332,82.416,79.5926,82.2278,12937000.0
2019-09-05,82.5956,82.955,81.4235,81.7572,5514400.0
2019-09-06,81.9198,82.4245,81.7144,81.9112,3991800.0
2019-09-09,81.9625,82.0737,80.2001,80.5594,6523300.0
2019-09-10,80.26,80.3199,76.4014,77.2998,12490900.0
2019-09-11,77.1543,78.2408,76.6666,77.8387,8406600.0
2019-09-12,78.8483,79.8407,78.5146,78.7627,6862200.0
2019-09-13,78.8397,78.8397,77.274,77.4109,6972300.0
2019-09-16,77.0174,77.3853,76.4698,76.5041,6339200.0
2019-09-17,76.718,78.2494,76.7009,77.642,6493200.0
2019-09-18,77.8387,78.1638,77.0516,77.8216,4510700.0
2019-09-19,77.8473,78.7969,77.2569,78.3349,4843600.0
2019-09-20,78.3777,78.7798,77.0516,77.0602,10913800.0
2019-09-23,77.2741,77.9927,76.9404,77.6933,4532400.0
2019-09-24,78.3692,78.5146,76.5811,76.9318,5662600.0
2019-09-25,76.949,77.5222,76.1619,77.2998,4764000.0
2019-09-26,77.719,77.9842,76.5725,76.8292,5026400.0
2019-09-27,77.257,77.257,75.1095,75.6057,5987700.0
2019-09-30,75.6399,75.7683,74.9555,75.6485,6588300.0
2019-10-01,75.8282,76.0506,73.9631,74.0144,6719400.0
2019-10-02,73.5353,73.5866,72.0038,72.1407,9858200.0
2019-10-03,72.1236,72.6455,71.5333,72.4402,5989000.0
2019-10-04,72.6369,73.5524,72.5086,73.5096,5869000.0
2019-10-07,73.3299,73.7149,73.1417,73.4497,4382900.0
2019-10-08,73.1417,73.8604,72.4573,72.6455,6100400.0
2019-10-09,73.0391,73.7235,72.9621,73.4497,4427200.0
2019-10-10,73.501,73.6379,73.0476,73.5438,3986000.0
2019-10-11,74.4507,74.6475,73.8005,73.8861,5611000.0
2019-10-14,74.0059,75.0154,73.9203,74.1085,4881000.0
2019-10-15,74.4336,74.6475,73.3727,73.9631,4695100.0
2019-10-16,74.0315,74.2882,73.6208,74.1855,3698700.0
2019-10-17,74.3309,74.4507,73.715,73.8262,4359400.0
2019-10-18,73.8775,74.2197,73.1674,73.6037,4631200.0
2019-10-21,73.578,73.7834,72.7909,73.0219,4861200.0
2019-10-22,72.9193,73.0219,71.345,71.4049,5767500.0
2019-10-23,72.1322,72.2177,70.267,70.7889,7136200.0
2019-10-24,70.8403,71.4648,70.7205,71.1654,4591100.0
2019-10-25,71.191,71.499,70.6948,71.3365,5235300.0
2019-10-28,72.269,72.7054,71.3194,71.5247,6653400.0
2019-10-29,71.7044,72.4059,71.5589,71.9781,5699100.0
2019-10-30,72.3888,72.4658,71.2851,72.0295,8731300.0
2019-10-31,74.1855,74.6219,71.2509,72.3461,14008800.0
2019-11-01,72.5428,72.9877,70.6777,71.1911,10658500.0
2019-11-04,71.2681,71.3878,70.0703,70.4724,8271200.0
2019-11-05,70.4467,70.4467,69.3259,70.0617,7054400.0
2019-11-06,70.2243,71.328,70.1558,71.0028,6365300.0
2019-11-07,71.0627,71.2595,70.0189,70.113,7221400.0
2019-11-08,70.3184,70.7034,69.6853,69.959,7054800.0
2019-11-11,69.9419,70.6093,69.6168,70.5237,5828200.0
2019-11-12,71.0998,72.209,71.031,71.6415,8551400.0
2019-11-13,71.6157,72.4755,71.5383,72.1746,7407900.0
2019-11-14,72.3122,72.6733,72.0542,72.5529,5285100.0
2019-11-15,72.8109,73.0344,71.8565,72.4068,7533000.0
2019-11-18,72.1574,72.3208,71.5813,72.2434,6432200.0
2019-11-19,72.2778,72.4669,71.8565,71.9339,6008400.0
2019-11-20,71.8307,72.6475,71.3492,71.8822,6248700.0
2019-11-21,72.0112,72.2606,70.3002,70.7645,8300500.0
2019-11-22,71.0998,71.7017,71.074,71.3835,6080400.0
2019-11-25,71.5039,72.2262,71.3062,72.0112,5450400.0
2019-11-26,72.338,72.7851,72.2262,72.7077,7651500.0
2019-11-27,72.957,73.7825,72.5873,73.7481,7502400.0
2019-11-29,73.8685,74.5735,73.301,73.4558,3857000.0
2019-12-02,73.4128,73.7481,72.0714,72.7163,6425800.0
2019-12-03,72.252,73.086,72.0714,72.9313,6049800.0
2019-12-04,73.1978,73.5503,72.8281,73.4299,5940300.0
2019-12-05,73.4643,73.4987,72.5013,72.6131,5170800.0
2019-12-06,73.1118,74.4016,73.1118,74.221,8499800.0
2019-12-09,74.2124,74.4875,73.9114,74.1866,7164700.0
2019-12-10,74.3758,75.2098,73.8685,73.9803,7944800.0
2019-12-11,74.1694,74.6939,73.8169,74.4532,4921900.0
2019-12-12,75.6655,76.4308,75.27,75.8461,10282100.0
2019-12-13,75.6827,76.3448,75.3044,76.2416,6714100.0
2019-12-16,76.6457,76.7833,76.0353,76.3362,6705600.0
2019-12-17,76.4136,76.4996,75.2098,75.7773,7296900.0
2019-12-18,76.0009,76.3964,75.5108,75.6569,5859200.0
2019-12-19,75.5194,76.1728,75.3044,76.1126,6022100.0
2019-12-20,76.3448,76.5254,75.5709,76.0611,14271500.0
2019-12-23,76.1986,76.3964,75.8203,75.8633,4349700.0
2019-12-24,75.8375,76.1814,75.6655,76.1126,1847800.0
2019-12-26,76.2932,76.319,75.4849,75.7343,4177700.0
2019-12-27,75.7601,76.061,75.399,75.7773,4129300.0
2019-12-30,75.6742,75.8375,74.8573,75.184,4655600.0
2019-12-31,75.184,75.6569,75.0723,75.5968,4115600.0
2020-01-02,75.7687,76.8263,75.7085,76.8263,6473800.0
2020-01-03,76.233,76.6113,75.7515,76.3792,4874100.0
2020-01-06,75.7601,76.0181,75.2098,75.7773,5409800.0
2020-01-07,75.6311,75.6913,74.9175,75.5452,6514700.0
2020-01-08,75.6139,76.8263,75.4763,76.4222,7296300.0
2020-01-09,77.6001,78.3826,77.4454,77.8409,9443500.0
2020-01-10,78.0731,78.1505,77.0671,77.5228,7097900.0
2020-01-13,77.9183,78.8641,77.5658,78.3138,7382500.0
2020-01-14,78.4084,78.6234,78.1247,78.2364,5855200.0
2020-01-15,78.245,79.1564,78.245,78.7093,6145300.0
2020-01-16,79.0963,79.6294,78.7867,79.6036,5180300.0
2020-01-17,79.9045,80.6096,79.8013,80.4978,6962800.0
2020-01-21,79.8185,80.4806,79.2682,79.5606,7094600.0
2020-01-22,80.0851,80.6096,79.509,79.5606,6157400.0
2020-01-23,79.0361,80.6956,78.0215,80.6096,6100600.0
2020-01-24,80.8245,80.9363,78.5374,79.1307,7815500.0
2020-01-27,76.2072,76.9123,75.2786,76.2932,11066500.0
2020-01-28,76.5683,76.6887,75.4248,76.1814,11922400.0
2020-01-29,75.7945,76.0439,73.6019,74.5649,17678700.0
2020-01-30,73.4729,74.4531,72.8195,73.8083,12224900.0
2020-01-31,73.7653,73.9372,72.6733,72.9398,11693900.0
2020-02-03,73.1462,74.6251,73.1462,73.9545,9090600.0
2020-02-04,74.9261,76.5254,74.479,75.9923,9997100.0
2020-02-05,76.7783,77.0548,74.8347,75.6381,9982700.0
2020-02-06,75.7158,75.759,74.4201,74.4201,8901400.0
2020-02-07,74.0832,74.8261,73.7031,74.6533,8073900.0
2020-02-10,74.6619,75.6899,74.4373,75.6122,7289300.0
2020-02-11,75.8972,76.2169,75.4567,75.5949,5098500.0
2020-02-12,75.7676,76.9684,75.4912,76.5105,7747800.0
2020-02-13,76.4501,78.1864,76.2428,77.6854,8576600.0
2020-02-14,77.9013,78.1,76.8734,77.1239,5686900.0
2020-02-18,77.2016,77.288,76.2687,77.0807,5288800.0
2020-02-19,77.3053,78.126,77.1412,77.8668,5210800.0
2020-02-20,77.5126,77.9618,75.7849,76.5365,5969200.0
2020-02-21,76.0182,76.3551,75.1543,75.4653,5800500.0
2020-02-24,73.0206,74.3337,72.7874,73.012,8313600.0
2020-02-25,73.4439,73.729,70.55,70.9992,9404000.0
2020-02-26,71.3534,71.9063,69.6603,69.6862,10541500.0
2020-02-27,68.0967,69.859,66.8269,67.6303,17120800.0
2020-02-28,65.7989,68.0795,65.4102,67.7512,19108600.0
2020-03-02,67.3106,71.1893,67.086,71.1634,14258700.0
2020-03-03,71.0943,71.3707,67.4748,67.898,12395900.0
2020-03-04,68.4941,69.2802,67.2761,68.8224,10999600.0
2020-03-05,67.2934,67.2934,65.0301,65.8162,12545300.0
2020-03-06,63.4579,65.4015,62.2399,65.0819,18080100.0
2020-03-09,60.97,63.9503,60.5381,61.186,15930300.0
2020-03-10,62.6804,64.745,60.4949,64.6759,18414000.0
2020-03-11,62.9137,64.1576,58.223,59.0005,17138000.0
2020-03-12,54.3789,57.6961,53.0918,53.6446,25170600.0
2020-03-13,56.7113,60.6245,54.8627,60.3999,19247200.0
2020-03-16,52.3748,55.2427,50.1979,50.6125,23354300.0
2020-03-17,51.4418,51.5023,46.3106,50.9495,25045200.0
2020-03-18,47.9865,49.8005,43.2094,48.6603,28770600.0
2020-03-19,48.5739,54.7331,46.2588,53.0486,25167400.0
2020-03-20,53.8174,56.7372,50.0251,50.1288,28420600.0
2020-03-23,49.4377,49.6191,46.6475,48.8503,24905800.0
2020-03-24,54.0852,56.288,52.6944,56.0461,28286200.0
2020-03-25,57.7306,60.158,54.8454,56.8495,22977200.0
2020-03-26,57.627,61.8339,57.2296,60.3826,20997500.0
2020-03-27,57.601,58.9573,55.9943,57.3073,18950500.0
2020-03-30,57.4974,58.9314,55.787,58.6204,14199700.0
2020-03-31,58.033,59.0177,56.4176,56.789,20109800.0
2020-04-01,54.4221,55.9425,53.1954,54.0938,12880400.0
2020-04-02,56.7977,59.346,54.3444,56.1498,18175000.0
2020-04-03,55.692,55.9338,52.608,54.4653,14676500.0
2020-04-06,57.2469,59.035,55.6401,58.5599,18010800.0
2020-04-07,61.8252,62.6113,59.0264,59.3546,13799400.0
2020-04-08,60.1062,62.1276,59.2078,61.8252,10417600.0
2020-04-09,61.5056,64.149,60.5899,63.8207,19748100.0
2020-04-13,63.5097,63.5788,60.7713,61.9894,11191800.0
2020-04-14,63.6566,64.2094,62.7668,63.6393,10912000.0
2020-04-15,62.2053,63.216,61.0823,62.6718,10642500.0
2020-04-16,63.1555,63.717,61.6352,63.5011,11946800.0
2020-04-17,66.1876,66.8528,64.7623,66.6023,14268400.0
2020-04-20,65.6693,66.4986,64.8573,65.0647,9684700.0
2020-04-21,63.4061,63.8898,61.9721,62.8187,10345800.0
2020-04-22,64.3995,67.4316,64.2958,66.9046,11347000.0
2020-04-23,66.801,67.0947,64.149,64.9178,15513400.0
2020-04-24,65.4361,65.678,64.1058,65.2893,8456000.0
2020-04-27,66.2395,67.4143,66.1185,67.1551,8258500.0
2020-04-28,67.9585,68.7705,66.4814,67.9758,12801400.0
2020-04-29,67.5352,68.0276,66.274,66.395,24575500.0
2020-04-30,66.369,67.0688,64.9523,66.2827,15186000.0
2020-05-01,64.7018,65.5484,63.2419,63.743,11216700.0
2020-05-04,62.6977,62.7323,61.5574,62.1017,12921800.0
2020-05-05,64.7537,64.8573,62.9655,62.9741,12976000.0
2020-05-06,63.7257,64.6586,62.9396,63.026,12740900.0
2020-05-07,64.1206,66.0491,63.7383,66.0231,13360500.0
2020-05-08,67.109,67.6997,65.8146,67.6476,11917200.0
2020-05-11,66.5617,67.0482,65.8493,65.9101,9004500.0
2020-05-12,66.0231,66.6572,64.581,64.5897,8549900.0
2020-05-13,64.6852,65.8059,63.3474,63.9555,11532700.0
2020-05-14,62.8262,64.5375,61.3754,64.4507,11932300.0
2020-05-15,63.2518,64.8416,63.1302,64.4246,9489100.0
2020-05-18,66.7702,67.3262,66.1968,66.2229,8903200.0
2020-05-19,66.3706,67.0829,65.8146,65.9015,6484900.0
2020-05-20,67.0916,67.6215,66.4748,67.552,7790500.0
2020-05-21,68.2818,68.9594,67.665,67.804,10312600.0
2020-05-22,67.6737,67.804,66.4748,67.4304,7653300.0
2020-05-26,69.1505,69.4285,67.3957,67.552,8422200.0
2020-05-27,68.6119,68.6119,67.2306,68.2818,8245300.0
2020-05-28,68.3165,69.5501,67.6997,68.2296,8331400.0
2020-05-29,68.2991,68.3165,67.1177,67.7518,10043600.0
2020-06-01,67.4652,68.3252,66.692,68.0385,7922000.0
2020-06-02,67.7345,67.9864,66.7094,67.5694,9521000.0
2020-06-03,68.1515,69.4545,68.0212,69.1331,9956700.0
2020-06-04,68.8985,69.6457,68.1688,68.4034,7667600.0
2020-06-05,69.7847,71.5221,69.4719,71.357,12030800.0
2020-06-08,72.1736,72.6427,71.3918,72.5906,10229600.0
2020-06-09,71.774,72.2953,71.0269,71.5569,7999800.0
2020-06-10,69.3937,69.5241,67.9343,68.638,19683800.0
2020-06-11,65.8059,66.7094,62.6785,63.0434,26422200.0
2020-06-12,65.1543,66.6486,64.1206,66.3532,18529800.0
2020-06-15,64.5462,67.6823,64.3551,66.857,14644700.0
2020-06-16,68.4468,68.5771,66.3619,67.6215,10890100.0
2020-06-17,67.8213,68.0125,66.6138,66.9787,6906700.0
2020-06-18,66.6486,66.7094,65.8493,66.2924,8486000.0
2020-06-19,66.9179,67.2219,65.0501,65.5018,12538600.0
2020-06-22,65.0675,65.719,64.2161,65.5018,8238600.0
2020-06-23,66.3097,66.3445,65.2151,65.58,8076600.0
2020-06-24,65.0675,65.0848,62.5482,63.9729,12306400.0
2020-06-25,63.608,64.3812,62.6959,64.1553,8624800.0
2020-06-26,63.9642,64.0858,61.8966,62.1746,17627800.0
2020-06-29,62.0356,63.8513,61.7316,63.8339,8653000.0
2020-06-30,63.9208,64.1814,63.2518,63.9294,11324000.0
2020-07-01,64.2856,64.885,63.747,64.3117,6750000.0
2020-07-02,65.1891,65.2325,63.9729,64.0945,6544400.0
2020-07-06,65.0935,65.5713,64.4246,65.5366,7235300.0
2020-07-07,65.2673,65.3542,64.2856,64.5028,7515100.0
2020-07-08,64.3464,64.72,63.7036,64.4073,7346200.0
2020-07-09,64.0511,64.4768,62.4874,63.9121,9618200.0
2020-07-10,63.4169,64.7721,63.191,64.5376,7524200.0
2020-07-13,64.7721,65.0154,62.9739,63.1129,9464500.0
2020-07-14,62.5482,63.3908,62.3918,63.1824,8780900.0
2020-07-15,64.6853,65.858,64.2509,65.6843,10300700.0
2020-07-16,65.0675,65.276,64.0076,64.6244,6649300.0
2020-07-17,64.6592,64.7634,63.5993,64.4246,6087500.0
2020-07-20,64.4246,65.3455,63.9642,65.1196,8832700.0
2020-07-21,65.832,66.7181,65.3889,65.5366,10637500.0
2020-07-22,65.6061,67.1785,65.2586,67.1003,9213100.0
2020-07-23,66.7875,66.9526,65.0675,65.4671,7795100.0
2020-07-24,65.3976,66.0231,65.2499,65.832,5673400.0
2020-07-27,65.9275,66.6399,65.6235,66.4227,6771100.0
2020-07-28,66.2837,66.3619,64.7721,64.8416,12273400.0
2020-07-29,67.3783,68.1862,66.8049,67.2567,15261100.0
2020-07-30,66.5704,66.8744,65.5018,66.579,7889800.0
2020-07-31,66.2316,66.4922,65.5713,66.4835,7423800.0
2020-08-03,66.4401,66.5443,65.5366,65.5887,7138300.0
2020-08-04,65.4758,65.58,64.9459,65.2673,12792400.0
2020-08-05,65.4584,66.0144,65.4411,65.832,7780800.0
2020-08-06,65.6835,66.3124,65.4564,66.0853,6764800.0
2020-08-07,65.928,66.3211,65.6922,66.1988,6569300.0
2020-08-10,66.225,67.8409,66.2163,67.6662,6604300.0
2020-08-11,68.365,69.8586,68.1291,68.889,10238500.0
2020-08-12,69.5179,69.6053,68.7144,69.2559,5378000.0
2020-08-13,68.9327,69.5616,68.8628,69.0201,4383400.0
2020-08-14,68.6008,68.9415,68.1466,68.4523,3771300.0
2020-08-17,68.6532,68.9676,68.2339,68.9589,5360400.0
2020-08-18,69.1336,69.317,68.4349,68.9939,5272700.0
2020-08-19,69.1598,69.3432,67.6313,67.806,6840600.0
2020-08-20,67.2819,67.8234,66.784,67.4478,5099500.0
2020-08-21,67.2033,67.4915,66.9849,67.3168,5594100.0
2020-08-24,67.8758,69.1249,67.474,68.7231,5867400.0
2020-08-25,69.9284,72.5575,69.6926,72.2518,17659500.0
2020-08-26,71.9898,72.278,71.5181,71.981,7934300.0
2020-08-27,72.278,73.0554,72.0596,72.8545,9099200.0
2020-08-28,73.1864,74.4966,72.872,74.2433,9303900.0
2020-08-31,73.9201,74.5577,73.396,73.7803,6401600.0
2020-09-01,73.9812,75.1953,73.5707,75.1604,8166100.0
2020-09-02,75.5622,77.5187,75.3701,77.1694,11378900.0
2020-09-03,77.3877,77.7196,74.846,75.536,11036600.0
2020-09-04,76.0688,76.6715,74.5141,75.3526,10349400.0
2020-09-08,74.4791,76.4968,74.0424,74.6014,11083100.0
2020-09-09,75.0556,75.8417,73.7716,74.9945,6928700.0
2020-09-10,74.942,76.0513,73.8328,74.1385,7552000.0
2020-09-11,74.1996,74.9857,73.5009,74.4791,7103300.0
2020-09-14,74.8984,76.0426,74.8023,75.667,5535800.0
2020-09-15,76.1474,77.082,76.1386,76.6103,8361900.0
2020-09-16,76.8636,78.1127,76.6453,77.1955,7146400.0
2020-09-17,76.0339,76.2697,74.5577,75.7718,7386600.0
2020-09-18,75.8242,76.1998,73.8939,74.1996,10113400.0
2020-09-21,72.3741,73.3262,71.4046,73.2738,7188800.0
2020-09-22,73.4135,73.7105,72.6536,73.3262,4465000.0
2020-09-23,73.7018,74.156,72.3392,72.4877,6414700.0
2020-09-24,72.1732,73.4921,71.5531,72.5313,4881500.0
2020-09-25,72.0859,73.9725,71.8151,73.6319,5981500.0
2020-09-28,74.6975,75.3264,74.2346,75.1779,5976200.0
2020-09-29,75.3351,75.3351,73.9201,74.0686,4064000.0
2020-09-30,75.667,76.1299,74.6538,75.0468,10134400.0
2020-10-01,76.0251,76.3832,75.2914,75.7631,7241200.0
2020-10-02,74.3743,76.1037,74.3219,75.6146,5602300.0
2020-10-05,76.226,77.4576,76.1649,77.2742,7004800.0
2020-10-06,77.4314,77.9817,75.8155,75.9989,7951100.0
2020-10-07,76.7064,77.7196,76.3745,77.2567,5179300.0
2020-10-08,77.2654,78.2699,77.2218,78.2,4958800.0
2020-10-09,78.4358,78.8988,78.2437,78.6193,6197700.0
2020-10-12,79.0123,79.5713,78.5494,79.2918,5909100.0
2020-10-13,79.1171,79.353,78.4096,78.7503,5732000.0
2020-10-14,78.759,79.1346,77.3528,78.0079,4760700.0
2020-10-15,77.0034,77.6235,76.5754,77.5886,5002200.0
2020-10-16,78.0777,78.2874,77.248,77.3178,4721300.0
2020-10-19,77.4751,78.235,76.3046,76.5143,5426600.0
2020-10-20,77.4576,78.366,76.8986,77.3091,4939700.0
2020-10-21,77.1956,77.8768,77.0296,77.0995,4119200.0
2020-10-22,76.8811,78.069,76.6016,78.0515,4257800.0
2020-10-23,78.4359,79.4491,78.1214,79.3093,7811500.0
2020-10-26,78.6367,79.5975,77.4314,78.3136,7756400.0
2020-10-27,78.1563,78.9162,77.8856,78.6542,8027500.0
2020-10-28,77.4314,77.6934,75.6495,76.1387,12738800.0
2020-10-29,76.1387,77.8332,75.6495,77.1257,8440000.0
2020-10-30,76.6453,77.2043,74.7936,75.9553,11400700.0
2020-11-02,76.4618,76.6627,74.6363,75.0905,8904900.0
2020-11-03,75.798,77.7895,75.274,77.2043,6910400.0
2020-11-04,77.6497,79.7373,77.51,78.4271,10509400.0
2020-11-05,79.2132,79.6237,78.5232,79.1521,6169700.0
2020-11-06,78.7416,79.6587,78.4184,79.1783,6626100.0
2020-11-09,85.0042,85.2924,83.5368,83.7464,16225800.0
2020-11-10,82.2633,83.606,81.7368,82.4213,10474700.0
2020-11-11,82.588,84.0975,82.5091,83.4042,8296500.0
2020-11-12,83.0707,83.1585,81.3156,82.079,7058400.0
2020-11-13,82.825,83.8869,82.2282,83.8605,5516100.0
2020-11-16,84.9399,85.835,84.2642,85.8087,9371300.0
2020-11-17,85.3085,86.6863,84.9575,86.5283,8722300.0
2020-11-18,86.5547,87.169,85.9228,85.9228,6039500.0
2020-11-19,85.3348,85.9316,85.0013,85.7912,4252300.0
2020-11-20,85.4928,85.5981,85.0803,85.133,4609700.0
2020-11-23,85.6683,85.8789,84.6152,85.0189,4803200.0
2020-11-24,85.5718,86.6336,85.4752,86.2651,6319900.0
2020-11-25,86.4406,86.4757,85.9491,86.1773,4027100.0
2020-11-27,86.423,86.8618,86.2475,86.581,2169700.0
2020-11-30,86.1773,86.2563,85.0891,86.0193,5197300.0
2020-12-01,86.8794,87.1075,86.2212,86.7214,4970000.0
2020-12-02,86.4493,86.9145,86.1861,86.8004,3377900.0
2020-12-03,86.8969,88.6345,86.853,87.8535,6264100.0
2020-12-04,88.9416,90.337,88.6959,89.7578,6952700.0
2020-12-07,89.5208,89.7051,88.3625,88.9943,4514800.0
2020-12-08,88.0816,89.1347,87.7657,88.8188,3911300.0
2020-12-09,89.4594,89.6964,87.8447,88.108,6629900.0
2020-12-10,90.8372,93.1013,90.1702,92.487,12939200.0
2020-12-11,91.627,91.9517,89.8017,90.3896,6262600.0
2020-12-14,91.118,91.8903,90.609,90.6704,5156200.0
2020-12-15,91.4778,92.0219,91.0741,91.4252,5195200.0
2020-12-16,91.355,91.9693,90.1439,90.6266,6409300.0
2020-12-17,90.8723,91.3023,90.0474,90.5739,4535700.0
2020-12-18,90.6792,91.3637,90.3457,90.6353,10215000.0
2020-12-21,88.8275,90.5212,87.7744,90.3369,7175900.0
2020-12-22,89.6174,90.5388,89.4155,89.8719,4302700.0
2020-12-23,89.7665,90.1176,89.4857,89.5647,3817300.0
2020-12-24,89.7753,89.828,89.2312,89.5208,1949200.0
2020-12-28,90.3194,91.6007,89.7841,91.5656,5055200.0
2020-12-29,92.0482,92.8293,91.6796,92.6976,4780900.0
2020-12-30,93.0136,93.5664,92.8293,92.996,3654100.0
2020-12-31,93.0223,94.0228,92.6889,93.8824,3566300.0
2021-01-04,94.4791,94.5581,89.6349,90.4774,8041500.0
2021-01-05,90.3194,91.4954,90.2141,90.7758,5721900.0
2021-01-06,90.3809,92.3291,90.3107,91.434,5017200.0
2021-01-07,91.6972,91.8288,90.3457,90.6968,5057000.0
2021-01-08,91.1443,92.8117,90.7582,92.7327,5869700.0
2021-01-11,92.2325,92.7064,91.5041,91.7937,4257400.0
2021-01-12,91.276,91.548,89.7841,90.2317,4332600.0
2021-01-13,89.7929,90.7231,89.0645,90.2931,4804500.0
2021-01-14,91.0917,91.4339,89.2576,89.3541,4528300.0
2021-01-15,88.968,90.1176,88.8188,89.8017,5522900.0
2021-01-19,90.2141,90.9162,88.9329,89.9859,6519600.0
2021-01-20,89.8719,92.8907,89.6876,92.5484,5844300.0
2021-01-21,92.5485,92.5748,91.6621,91.7762,5731500.0
2021-01-22,91.4076,91.6797,90.4423,91.1882,5231600.0
2021-01-25,91.0478,91.2233,89.6612,90.7845,5009000.0
2021-01-26,90.7407,92.3291,90.6002,91.8727,7195300.0
2021-01-27,89.0557,89.319,84.8873,85.8877,18139500.0
2021-01-28,86.8267,88.222,86.0895,86.1334,8868200.0
2021-01-29,85.4665,85.8175,84.1764,84.9575,8203000.0
2021-02-01,85.1154,87.4235,85.054,86.5108,7206300.0
2021-02-02,86.9232,89.9333,86.6863,89.2049,6917700.0
2021-02-03,88.8539,90.0825,88.4678,88.652,3934800.0
2021-02-04,88.9504,91.4778,88.731,90.9513,6926800.0
2021-02-05,92.2237,94.3738,91.9517,93.4436,8072100.0
2021-02-08,93.3909,93.4874,92.4431,93.2505,4836600.0
2021-02-09,93.0223,93.7507,92.3378,93.2154,4095200.0
2021-02-10,93.7068,93.8121,92.0833,92.9082,4293200.0
2021-02-11,93.1277,93.2242,92.1711,92.8995,2976000.0
2021-02-12,92.7942,92.9697,91.899,92.408,3169800.0
2021-02-16,92.0395,93.5401,91.8815,93.154,4928100.0
2021-02-17,92.634,92.9425,91.788,92.0435,5733800.0
2021-02-18,91.4619,92.8367,91.1358,92.5106,4098700.0
2021-02-19,92.3167,92.7838,90.9683,91.1005,4128900.0
2021-02-22,90.7656,90.7656,89.6728,89.7257,5211800.0
2021-02-23,91.0741,91.0741,88.0689,89.3379,8740300.0
2021-02-24,89.1528,92.1052,88.6593,91.9906,7542700.0
2021-02-25,91.6558,93.2157,90.8714,91.1887,7534000.0
2021-02-26,91.7879,96.4853,91.3737,95.2074,15122900.0
2021-03-01,95.7097,97.3578,93.8943,94.1851,7930300.0
2021-03-02,94.5729,95.4013,93.2597,94.4759,5016800.0
2021-03-03,94.2468,95.1457,93.5241,93.6123,5313400.0
2021-03-04,93.6475,94.4495,91.5235,92.4401,7211800.0
2021-03-05,93.4712,93.4712,90.5541,92.7133,5559900.0
2021-03-08,92.3608,94.2027,91.8585,92.5635,5119500.0
2021-03-09,93.6651,95.1545,93.2685,93.9031,5510900.0
2021-03-10,94.4936,96.124,94.2644,94.9871,6077000.0
2021-03-11,95.5423,95.6833,94.5288,94.5817,4670700.0
2021-03-12,94.6698,95.1721,93.9295,95.0135,3356000.0
2021-03-15,95.084,96.0182,94.3525,95.9741,7107300.0
2021-03-16,97.4459,99.0058,96.8466,98.1245,11376200.0
2021-03-17,98.0981,98.2303,96.0006,97.349,10128400.0
2021-03-18,96.309,97.1815,94.7403,94.8461,7813400.0
2021-03-19,95.4894,95.9301,93.2685,93.718,21452000.0
2021-03-22,93.7709,95.5511,93.4184,94.802,7605100.0
2021-03-23,94.9518,95.1369,93.1275,93.6387,5657800.0
2021-03-24,93.9736,94.5464,92.4842,92.5106,5731300.0
2021-03-25,92.5459,94.9166,91.7086,94.6081,8149000.0
2021-03-26,94.52,96.9436,94.4583,96.8555,6167600.0
2021-03-29,96.0711,97.1639,93.9383,96.1768,5167100.0
2021-03-30,95.5511,97.3402,95.4277,97.1815,4552900.0
2021-03-31,97.2344,98.3713,96.2297,96.3002,6478400.0
2021-04-01,96.9965,96.9965,95.3572,96.3972,5793000.0
2021-04-05,96.8643,98.1333,96.829,97.8425,6913100.0
2021-04-06,98.1598,100.3102,97.913,99.7197,6745200.0
2021-04-07,99.5082,100.2573,99.279,99.755,5629600.0
2021-04-08,100.1604,100.4336,99.3055,99.6228,5011300.0
2021-04-09,99.5082,99.8254,98.6798,99.7461,4114300.0
2021-04-12,99.6051,100.3719,99.3848,100.3014,4707800.0
2021-04-13,100.2749,101.8789,100.1868,101.6674,4607400.0
2021-04-14,101.544,102.4429,101.1034,101.4911,3994600.0
2021-04-15,101.4382,103.0158,101.1562,102.8131,5079100.0
2021-04-16,103.8354,104.4347,103.0598,104.2937,5777900.0
2021-04-19,104.1438,104.8577,103.148,103.6415,4889700.0
2021-04-20,103.0775,103.3419,101.6586,102.4694,5662400.0
2021-04-21,102.3107,103.3419,102.108,102.8836,4397400.0
2021-04-22,102.9981,103.0069,101.5528,102.1609,5744900.0
2021-04-23,102.249,103.9764,102.0904,103.6062,4555800.0
2021-04-26,103.0686,103.333,101.403,102.1609,5924900.0
2021-04-27,101.9406,102.5751,101.588,102.3636,7260900.0
2021-04-28,99.9753,100.601,98.3625,99.0587,14793500.0
2021-04-29,99.7726,101.4823,99.376,101.024,8936600.0
2021-04-30,100.4688,101.306,100.0193,100.9006,6478700.0
2021-05-03,101.5087,102.8836,101.4647,101.9846,5049800.0
2021-05-04,101.4823,101.7026,100.0634,100.5657,6265100.0
2021-05-05,100.6539,101.2444,99.7285,100.0105,4677700.0
2021-05-06,100.1603,101.1827,99.6756,101.121,4113300.0
2021-05-07,101.447,102.0904,100.6803,100.7684,4867500.0
2021-05-10,100.9712,102.3107,100.6539,100.7332,5759500.0
2021-05-11,99.8695,100.1956,98.856,100.0722,7775400.0
2021-05-12,98.9839,99.444,96.94,97.1435,7965300.0
2021-05-13,97.4709,98.3734,96.5861,97.7629,7999400.0
2021-05-14,98.223,98.7361,97.5505,98.3911,6836300.0
2021-05-17,98.4088,98.453,97.1789,98.1964,4521200.0
2021-05-18,98.5415,99.2847,98.223,98.276,5177300.0
2021-05-19,96.9754,97.2762,96.3383,97.0373,5997400.0
2021-05-20,97.3116,98.8246,97.2143,98.5769,5345500.0
2021-05-21,98.7715,99.2936,97.8336,98.1433,5146500.0
2021-05-24,98.922,100.0103,98.6742,99.559,5476100.0
2021-05-25,99.913,100.1165,99.2582,99.6564,5391800.0
2021-05-26,100.2492,100.7535,99.6564,99.851,3841600.0
2021-05-27,100.3996,100.9482,99.7714,100.435,7378400.0
2021-05-28,101.1782,101.1782,100.028,100.7624,4239800.0
2021-06-01,101.364,101.4171,100.0722,100.2846,4306900.0
2021-06-02,100.6119,100.6119,99.7625,99.9837,5045000.0
2021-06-03,99.1078,99.3113,97.462,98.3203,5723900.0
2021-06-04,98.7627,99.1609,98.2584,99.0901,4477500.0
2021-06-07,99.0812,99.3466,98.2052,98.5061,4009000.0
2021-06-08,98.5503,99.0901,98.0902,98.6742,4669800.0
2021-06-09,98.8689,99.267,98.5061,98.5592,3669400.0
2021-06-10,98.922,99.4794,98.6034,99.2847,3833200.0
2021-06-11,99.3467,99.8333,99.2671,99.5944,3231200.0
2021-06-14,99.7891,100.1872,98.6565,99.4971,4222400.0
2021-06-15,99.5059,99.5413,98.7096,99.0016,3487300.0
2021-06-16,99.4705,99.6033,97.5063,98.5326,4822000.0
2021-06-17,98.2141,99.0547,97.9575,98.5592,4008500.0
2021-06-18,97.984,97.9929,96.6745,97.0638,7024400.0
2021-06-21,97.3293,98.5415,97.0462,98.1876,5628500.0
2021-06-22,98.276,99.329,97.8602,98.9662,3583500.0
2021-06-23,98.4619,99.0724,98.338,98.7096,3552100.0
2021-06-24,98.9043,99.9041,98.9043,99.0901,3840000.0
2021-06-25,99.7625,100.1784,99.2936,100.0191,12171200.0
2021-06-28,99.9218,100.028,98.6122,99.3112,4546600.0
2021-06-29,99.1609,99.7094,98.6831,99.3378,3789500.0
2021-06-30,99.3997,99.6209,98.453,98.9308,6759100.0
2021-07-01,99.0547,100.4173,98.9308,100.3465,4810600.0
2021-07-02,100.842,102.0188,100.612,101.7268,4722000.0
2021-07-06,101.8241,102.5054,101.1517,102.3993,5294700.0
2021-07-07,102.532,104.2043,102.3285,103.6469,5382300.0
2021-07-08,102.1515,103.3106,101.9657,102.6293,4486100.0
2021-07-09,102.6913,104.1777,102.6382,103.9389,3533600.0
2021-07-12,104.1866,105.0979,103.8681,104.8148,5683400.0
2021-07-13,104.8856,106.1685,104.8059,105.7792,5529300.0
2021-07-14,106.1243,106.9118,105.8943,106.0005,5701800.0
2021-07-15,105.5492,105.8058,104.5671,105.2661,6467500.0
2021-07-16,105.8943,106.6021,104.8502,105.0537,5024800.0
2021-07-19,104.0008,104.0096,101.1605,102.0365,7731300.0
2021-07-20,102.3108,104.4697,102.0453,103.8946,5117800.0
2021-07-21,104.0008,105.8677,103.9477,105.5315,4377500.0
2021-07-22,105.5934,108.761,105.3545,108.5044,7172300.0
2021-07-23,110.2033,111.7694,109.6459,111.4597,7934200.0
2021-07-26,111.2562,111.5748,109.9379,111.5394,4827500.0
2021-07-27,111.5571,111.6279,110.4334,111.5128,6110900.0
2021-07-28,108.4425,109.1238,107.4073,108.3098,11747000.0
2021-07-29,108.7699,109.2477,108.0709,108.2833,6618400.0
2021-07-30,108.1152,108.8142,107.1507,107.4427,5712300.0
2021-08-02,107.9736,108.8141,106.2393,106.5048,5996800.0
2021-08-03,106.6818,106.841,103.9831,105.4076,6030500.0
2021-08-04,105.4076,105.4784,104.0273,104.629,6675500.0
2021-08-05,105.0448,105.3722,104.5051,105.3191,4281900.0
2021-08-06,105.4165,105.4784,104.4786,105.3368,6832600.0
2021-08-09,105.2838,105.3103,104.1866,104.3547,4557900.0
2021-08-10,104.7529,104.8502,102.6205,102.9832,9839700.0
2021-08-11,103.3385,104.1824,102.9477,103.4807,6472300.0
2021-08-12,103.4007,103.7294,102.6013,102.8145,4358300.0
2021-08-13,102.9832,103.7738,102.5036,103.7116,4361700.0
2021-08-16,103.6494,104.5732,103.4007,104.4044,5976000.0
2021-08-17,103.5872,103.8715,102.6457,103.5428,4719800.0
2021-08-18,103.2852,103.6938,102.6812,102.7523,4520500.0
2021-08-19,101.7131,102.2105,100.9136,101.5443,5317100.0
2021-08-20,101.2423,102.1483,100.958,101.8196,3486300.0
2021-08-23,101.8907,102.5569,101.8907,102.2815,4235100.0
2021-08-24,102.4947,102.9033,102.095,102.2193,3447300.0
2021-08-25,102.6723,103.0276,102.1483,102.6546,3881500.0
2021-08-26,102.699,102.8323,101.1357,101.5443,5188200.0
2021-08-27,101.8019,102.4947,101.4199,102.2549,4204700.0
2021-08-30,102.6901,102.8767,101.8196,102.6901,3078200.0
2021-08-31,102.8322,104.4577,102.7257,104.36,6995500.0
2021-09-01,104.8219,105.1062,104.1735,104.3245,4402700.0
2021-09-02,105.0706,105.1328,103.836,104.2534,3801900.0
2021-09-03,103.7827,104.44,103.3385,104.0936,2921300.0
2021-09-07,104.0047,104.0403,102.5658,102.85,4264900.0
2021-09-08,103.1254,104.9818,102.6013,104.8486,5548400.0
2021-09-09,104.7953,106.6517,104.6354,105.5147,4711200.0
2021-09-10,106.0122,107.2646,105.6036,106.0033,6517900.0
2021-09-13,106.4918,106.7227,105.3104,105.8611,4381100.0
2021-09-14,106.3408,106.4652,105.1328,105.5769,4722800.0
2021-09-15,103.8893,103.9425,100.4784,101.8285,11556200.0
2021-09-16,101.9618,102.3881,100.5406,101.8552,7997000.0
2021-09-17,101.7397,102.0151,100.4784,100.736,9261000.0
2021-09-20,98.9062,99.7234,98.0446,99.3236,7795200.0
2021-09-21,99.4125,100.9047,99.2615,99.679,5468400.0
2021-09-22,100.4251,101.2867,99.7678,100.434,4578200.0
2021-09-23,100.7182,101.8907,100.4606,101.3844,3842000.0
2021-09-24,101.3755,102.0239,101.0469,101.3577,3955000.0
2021-09-27,100.9136,101.8552,100.2919,100.9758,3988800.0
2021-09-28,100.0876,100.3718,98.6664,99.226,5917700.0
2021-09-29,99.3947,99.9454,99.1016,99.6345,4389100.0
2021-09-30,99.0572,99.6257,97.9824,97.9824,5974500.0
2021-10-01,98.4976,100.7804,98.1867,100.3007,5636900.0
2021-10-04,99.8655,100.4429,98.6131,99.0039,4497700.0
2021-10-05,98.7108,99.0217,97.7337,98.4621,5884000.0
2021-10-06,97.867,99.5013,97.2452,99.1638,5734500.0
2021-10-07,99.8211,100.3541,99.528,99.6701,5549500.0
2021-10-08,99.9987,100.0698,98.7108,98.7907,3787000.0
2021-10-11,100.2741,100.8692,98.5242,98.542,5987300.0
2021-10-12,99.2349,99.3681,98.2933,98.5953,3866800.0
2021-10-13,98.9417,99.0217,97.183,98.3821,4806500.0
2021-10-14,98.6664,100.0254,98.6042,99.3681,5194900.0
2021-10-15,99.8832,100.3007,98.5509,98.995,5860900.0
2021-10-18,98.9861,100.8781,98.5598,100.7004,4958400.0
2021-10-19,101.0291,101.7397,100.1586,100.807,5799300.0
2021-10-20,100.4251,102.246,100.1142,101.1357,7645200.0
2021-10-21,101.1979,101.7575,100.9136,101.6509,3684300.0
2021-10-22,101.6242,102.1305,101.3222,101.7486,3396400.0
2021-10-25,101.9173,102.0417,100.6916,101.8907,4290600.0
2021-10-26,102.0772,102.397,101.4821,102.0772,5948000.0
2021-10-27,102.6546,102.6546,100.4429,100.8248,5853900.0
2021-10-28,101.0291,101.793,99.8921,100.5494,7697600.0
2021-10-29,95.4864,95.9217,92.3953,94.2163,27419600.0
2021-11-01,95.2466,97.8403,95.22,97.5294,14184600.0
2021-11-02,97.9291,99.3237,97.5205,98.995,11538900.0
2021-11-03,98.8884,100.3007,97.8048,100.0254,6422600.0
2021-11-04,99.1283,99.8566,98.5331,99.6257,8212600.0
2021-11-05,100.585,104.2179,100.4962,103.8448,10256800.0
2021-11-08,103.4984,104.3423,101.7664,102.2904,8753300.0
2021-11-09,101.8374,102.6812,100.7004,101.3755,6754700.0
2021-11-10,100.7243,102.107,100.4478,101.0276,6563700.0
2021-11-11,101.0276,101.0276,98.6101,99.4129,7191900.0
2021-11-12,99.6806,100.1266,99.1007,99.6627,7350400.0
2021-11-15,100.0196,101.3844,99.5378,99.7965,6566100.0
2021-11-16,100.1623,100.9027,99.4754,100.1177,7965000.0
2021-11-17,100.1088,100.9027,99.6092,100.3764,5768600.0
2021-11-18,100.0196,101.0098,99.3237,100.7154,5632100.0
2021-11-19,100.5637,100.7154,97.9232,98.8242,6921800.0
2021-11-22,99.1186,100.4388,98.726,99.4219,5967300.0
2021-11-23,99.9125,101.7948,99.7163,101.322,7911000.0
2021-11-24,101.1704,101.9286,100.876,101.6699,4464300.0
2021-11-26,98.1373,98.8688,97.4593,98.7171,6703200.0
2021-11-29,99.3416,99.636,97.7894,98.7796,7114100.0
2021-11-30,97.7269,99.1007,97.2809,97.8072,9483300.0
2021-12-01,98.9847,101.1168,96.8348,96.933,7618500.0
2021-12-02,97.3879,99.9839,97.3879,99.3951,7709400.0
2021-12-03,99.7787,100.6708,98.1997,99.2345,7014100.0
2021-12-06,99.9214,101.8483,99.6538,101.1257,8280200.0
2021-12-07,102.6423,104.5424,102.4014,103.7128,8786900.0
2021-12-08,103.2845,104.0607,102.7225,103.7038,5807000.0
2021-12-09,103.3024,103.8466,102.8029,102.901,5664700.0
2021-12-10,103.3202,104.4532,103.2846,104.132,6110800.0
2021-12-13,103.6236,104.2212,102.785,103.0883,6479400.0
2021-12-14,102.2051,102.8564,101.7234,102.33,6854600.0
2021-12-15,102.4192,102.7671,100.5905,102.3033,6902400.0
2021-12-16,102.5887,102.9456,101.0008,101.3309,7544400.0
2021-12-17,99.2613,99.7341,96.5405,96.9062,13696900.0
2021-12-20,95.5146,96.4513,95.1042,96.4245,6313700.0
2021-12-21,97.2363,98.9312,97.1203,98.4584,4682200.0
2021-12-22,98.3068,99.7163,98.1284,99.6806,3643300.0
2021-12-23,100.1177,100.7243,99.9036,100.2426,3359600.0
2021-12-27,100.4478,102.0267,100.2604,101.8929,3716700.0
2021-12-28,101.6967,103.7306,101.5272,103.0972,4561600.0
2021-12-29,102.9456,104.3372,102.8653,103.8198,4215300.0
2021-12-30,103.8198,104.6762,103.5522,103.6949,4068700.0
2021-12-31,103.1864,104.8011,103.124,104.3461,3674900.0
2022-01-03,103.9001,105.0866,102.3925,104.0874,5475700.0
2022-01-04,104.2837,104.4175,101.8483,101.9108,8367600.0
2022-01-05,102.0535,102.5531,98.4852,98.5209,8662300.0
2022-01-06,98.1284,99.8055,98.1194,99.1453,6099900.0
2022-01-07,96.5405,97.8697,95.8803,95.9606,11266400.0
2022-01-10,95.1131,95.4611,93.1506,94.5868,8499400.0
2022-01-11,94.5957,94.7117,92.5172,92.8116,13073200.0
2022-01-12,93.1684,93.9534,92.4904,92.6599,11810500.0
2022-01-13,92.9097,93.3736,91.072,91.3486,9818500.0
2022-01-14,90.9115,90.9115,88.3958,89.3147,13703200.0
2022-01-18,88.4672,88.6367,86.9863,87.1826,11396000.0
2022-01-19,87.3699,87.7714,86.3351,86.4154,10856800.0
2022-01-20,86.9685,88.262,85.2735,85.3895,20311500.0
2022-01-21,85.5501,87.7892,85.1665,85.9158,13438300.0
2022-01-24,84.5242,87.7357,84.2209,87.5127,17201400.0
2022-01-25,86.237,87.5037,84.8632,86.5403,12368500.0
2022-01-26,87.1558,87.9944,84.658,85.2646,11863000.0
2022-01-27,86.1924,86.683,84.8007,85.0327,7322200.0
2022-01-28,84.8007,86.7276,83.6678,86.7187,8345400.0
2022-01-31,86.5581,87.7803,86.014,87.7089,8807700.0
2022-02-01,87.7981,88.3423,86.353,88.1014,11601900.0
2022-02-02,85.4609,88.4493,84.5153,87.1826,15578800.0
2022-02-03,86.3886,86.9506,85.3449,85.5858,8901100.0
2022-02-04,85.113,85.5858,83.7035,84.7472,8267600.0
2022-02-07,85.0594,85.7374,84.6402,84.9167,6849000.0
2022-02-08,85.0059,85.6661,84.1674,84.6758,7161000.0
2022-02-09,85.8623,87.3967,85.8177,86.6473,9353700.0
2022-02-10,85.5894,86.7998,85.159,85.4549,9098800.0
2022-02-11,85.7059,86.5129,83.7065,84.0382,6924800.0
2022-02-14,84.0562,84.7196,82.8637,83.9665,7948500.0
2022-02-15,85.3114,85.5894,84.6031,84.7376,7722200.0
2022-02-16,84.5852,85.6701,83.5272,85.3383,6545800.0
2022-02-17,84.6569,84.8452,83.1865,83.4285,6578200.0
2022-02-18,82.9892,84.3252,82.9623,83.6886,6210600.0
2022-02-22,83.9217,84.3162,82.8099,83.4823,8622500.0
2022-02-23,84.1727,84.1727,80.1918,80.3801,9674800.0
2022-02-24,78.4524,81.7698,78.2283,81.5995,9260500.0
2022-02-25,81.8595,83.1954,80.945,83.0072,7039400.0
2022-02-28,81.8505,82.7651,81.2498,82.2988,8591500.0
2022-03-01,82.0299,82.0478,80.3801,80.8195,7100700.0
2022-03-02,81.3843,83.6348,81.2229,83.1775,10721100.0
2022-03-03,83.8141,83.832,81.6622,82.0657,6587400.0
2022-03-04,81.5636,81.734,80.2008,80.7208,7179800.0
2022-03-07,80.7298,80.7388,75.6281,75.7268,14608700.0
2022-03-08,75.9958,77.9324,75.0992,75.3143,10692000.0
2022-03-09,77.5558,79.0173,77.4034,78.5421,8811600.0
2022-03-10,77.1882,78.3269,76.7489,78.1476,9114300.0
2022-03-11,79.2145,79.627,74.0053,74.1756,15351700.0
2022-03-14,73.808,73.826,70.7596,71.0913,18199300.0
2022-03-15,72.1762,74.8122,71.979,74.5253,12542300.0
2022-03-16,78.9097,80.7746,76.7668,78.3717,21207900.0
2022-03-17,78.4166,78.8559,77.1165,78.5959,8554200.0
2022-03-18,77.2151,80.4698,76.193,80.3353,23784200.0
2022-03-21,80.3443,80.4429,77.0806,77.8786,11925300.0
2022-03-22,78.3628,79.887,78.1386,78.8021,8447400.0
2022-03-23,78.3269,78.6407,77.1972,77.3048,7670500.0
2022-03-24,77.8517,78.1386,76.713,78.1117,6163400.0
2022-03-25,78.3538,78.6048,77.3048,78.4076,7048100.0
2022-03-28,78.4345,79.2773,77.78,79.2414,5981000.0
2022-03-29,80.4249,82.3975,80.3891,81.7967,8963200.0
2022-03-30,81.3664,82.0747,81.0526,81.6174,8122100.0
2022-03-31,81.8774,83.052,81.5636,81.5636,11306100.0
2022-04-01,82.0388,82.3885,81.1243,82.0299,6516300.0
2022-04-04,78.8021,79.3132,77.2689,78.9814,16243100.0
2022-04-05,77.6096,77.6634,75.1529,75.4219,17525800.0
2022-04-06,75.0005,75.2157,73.5839,74.7405,10567000.0
2022-04-07,74.4088,74.866,73.028,74.5253,10869100.0
2022-04-08,74.5881,74.5881,72.9294,73.0908,9286800.0
2022-04-11,72.5169,73.288,71.9879,72.3376,8623200.0
2022-04-12,72.4721,72.8666,71.4141,71.5396,8472500.0
2022-04-13,71.6203,72.9025,71.3783,72.5528,8604400.0
2022-04-14,72.4004,72.6963,71.0555,71.2796,9567200.0
2022-04-18,70.8672,71.701,70.7237,71.3693,7797300.0
2022-04-19,71.3872,73.1087,71.1989,72.8218,8622100.0
2022-04-20,72.9025,73.0908,71.7279,71.8804,8368800.0
2022-04-21,72.6694,72.7949,70.5893,70.7955,8152500.0
2022-04-22,70.7327,71.2617,69.7375,69.863,10315500.0
2022-04-25,69.3788,70.0065,68.7961,69.9168,10259000.0
2022-04-26,69.4775,69.5582,67.8098,67.8098,8800500.0
2022-04-27,67.5856,68.5271,66.958,67.0118,8467300.0
2022-04-28,67.8008,69.1278,67.1194,68.6616,8818500.0
2022-04-29,68.1595,68.8319,66.7787,66.9221,9199300.0
2022-05-02,67.4691,67.8905,65.8731,67.5767,12379000.0
2022-05-03,67.8905,67.9533,65.7925,66.6442,15570100.0
2022-05-04,71.1093,74.3012,69.863,73.1983,30199700.0
2022-05-05,72.1135,72.8218,69.1547,69.4685,19114700.0
2022-05-06,69.065,69.2175,67.4332,68.6078,11165800.0
2022-05-09,67.4601,68.6347,65.7476,65.8911,12863600.0
2022-05-10,67.1104,67.2898,64.2055,64.4296,14085900.0
2022-05-11,64.1517,64.5103,62.7261,62.8157,12118100.0
2022-05-12,62.4365,63.2311,61.7503,63.1137,15460600.0
2022-05-13,64.9015,68.3777,64.9015,68.2603,18156300.0
2022-05-16,67.6644,68.1158,65.2897,65.389,11435300.0
2022-05-17,66.8247,67.1317,65.7683,66.5628,12454500.0
2022-05-18,66.0482,66.4003,63.9083,64.3597,10576500.0
2022-05-19,64.1972,65.389,63.5019,64.9466,11193700.0
2022-05-20,65.8044,66.301,64.5222,66.2649,15941800.0
2022-05-23,66.5719,67.0594,65.5245,66.2919,10741900.0
2022-05-24,65.8856,66.2107,64.3507,65.6599,9227700.0
2022-05-25,65.6599,66.3642,64.9466,65.4432,8344400.0
2022-05-26,65.8676,67.5109,65.7954,67.2581,8940900.0
2022-05-27,67.9262,69.2716,67.854,69.2625,8498400.0
2022-05-31,69.4973,71.9262,69.1181,70.8788,23361800.0
2022-06-01,71.1045,71.2219,68.6666,68.8743,7579000.0
2022-06-02,69.109,71.7817,68.486,71.7094,10241500.0
2022-06-03,71.3302,72.1429,70.7163,71.3754,10415700.0
2022-06-06,71.9623,73.4069,70.9058,71.3122,7239400.0
2022-06-07,70.942,72.0074,70.6621,71.7546,5517100.0
2022-06-08,71.2399,72.0255,70.6621,70.8517,5178300.0
2022-06-09,70.4002,72.4769,70.1835,71.249,13248100.0
2022-06-10,69.5424,70.2377,68.3145,68.3235,8694300.0
2022-06-13,65.994,66.8246,64.9285,65.3348,9282800.0
2022-06-14,65.7773,66.6712,64.5854,65.2897,7635600.0
2022-06-15,66.1384,67.9623,66.012,66.9872,7682300.0
2022-06-16,65.3981,65.5606,63.52,64.0618,10147000.0
2022-06-17,64.1791,65.4071,63.8992,64.8924,9824300.0
2022-06-21,65.9669,66.0662,65.0369,65.8766,7872500.0
2022-06-22,65.3439,66.6531,65.2085,66.1836,6702200.0
2022-06-23,66.6892,68.0436,66.3732,67.8991,6586400.0
2022-06-24,68.3145,70.5627,68.2152,70.5266,18012000.0
2022-06-27,70.4273,70.8246,69.7682,70.1384,6672200.0
2022-06-28,70.7794,72.1338,68.793,68.9285,7206400.0
2022-06-29,68.8111,69.6598,68.2964,69.0097,8983900.0
2022-06-30,68.6305,69.416,67.6012,68.9736,6781100.0
2022-07-01,69.2806,71.7546,69.109,71.565,7539200.0
2022-07-05,70.4454,71.8268,69.8494,71.7997,8087800.0
2022-07-06,72.0796,72.6575,70.5898,71.2038,4652800.0
2022-07-07,71.1587,71.9171,70.7614,71.5469,5395600.0
2022-07-08,71.0503,71.899,70.6711,71.583,3927100.0
2022-07-11,71.1948,71.3754,69.9126,70.337,5351500.0
2022-07-12,70.7523,71.7275,69.8675,70.2106,5393400.0
2022-07-13,68.6124,70.9149,68.3777,70.3551,3897500.0
2022-07-14,69.6056,70.7614,69.3528,70.6079,4504500.0
2022-07-15,70.9781,72.4228,70.9781,71.89,5584100.0
2022-07-18,72.2602,73.741,72.2331,72.4408,6768800.0
2022-07-19,73.2353,74.6439,73.0548,74.5355,5949200.0
2022-07-20,74.4724,75.3662,73.9396,75.1856,6850600.0
2022-07-21,74.8967,75.4926,74.6258,75.4294,7695300.0
2022-07-22,75.9892,76.233,74.7974,75.4746,6283600.0
2022-07-25,75.4746,75.5739,73.1722,73.5875,5861100.0
2022-07-26,73.3347,73.5153,72.2331,72.513,6587000.0
2022-07-27,73.3437,75.3121,73.2444,74.9058,6372600.0
2022-07-28,75.1134,76.6484,74.7794,76.4497,5594600.0
2022-07-29,76.3865,76.7296,75.7816,76.549,5802700.0
2022-08-01,76.0163,77.2804,75.8719,76.6664,7313700.0
2022-08-02,76.4768,76.8741,75.5017,75.5829,7254700.0
2022-08-03,77.6597,79.4294,75.7635,78.7973,12915700.0
2022-08-04,78.7431,79.7093,78.1653,78.4452,7086700.0
2022-08-05,77.4339,77.786,76.6755,77.4068,4835100.0
2022-08-08,77.786,78.4271,77.1269,77.3978,4878400.0
2022-08-09,77.4158,77.4971,76.2601,76.6032,3498400.0
2022-08-10,78.1021,78.4632,77.7319,78.093,5072300.0
2022-08-11,78.9466,79.5005,78.5471,79.2463,5595700.0
2022-08-12,79.2826,80.2724,79.1736,80.1907,5154000.0
2022-08-15,80.009,81.0442,79.9182,80.9625,5601000.0
2022-08-16,80.6174,81.6617,80.3995,81.1804,4580800.0
2022-08-17,80.2724,80.8172,79.7821,80.227,3831300.0
2022-08-18,79.9364,80.6174,79.6186,80.4086,3428300.0
2022-08-19,79.7003,79.8819,78.5925,78.9285,4597700.0
2022-08-22,77.53,77.6844,76.5857,77.1396,5915200.0
2022-08-23,77.0488,77.7389,76.8036,76.9035,4560400.0
2022-08-24,76.967,78.5289,76.7128,78.1384,4386000.0
2022-08-25,78.4109,79.5732,78.3655,79.3553,4236300.0
2022-08-26,79.4642,79.9001,76.2406,76.3314,6674900.0
2022-08-29,75.5505,76.8763,75.4052,76.3859,5035500.0
2022-08-30,76.4404,77.2031,75.0874,75.7412,6812500.0
2022-08-31,76.1589,76.9671,75.9591,76.3405,6570100.0
2022-09-01,76.0045,77.6118,75.3053,77.5482,7556800.0
2022-09-02,77.6118,77.8842,74.9602,75.3144,10336800.0
2022-09-06,75.4324,76.8399,74.1612,76.7491,11062800.0
2022-09-07,77.2849,80.4722,77.1123,80.1907,9946800.0
2022-09-08,79.2735,81.2531,79.1464,81.2349,7721100.0
2022-09-09,81.2712,81.6799,80.4903,80.5357,7094600.0
2022-09-12,81.5164,82.0703,80.3995,80.8808,9078900.0
2022-09-13,78.7468,81.0896,78.1566,79.7639,16033600.0
2022-09-14,81.3348,84.8853,81.2803,84.177,24320600.0
2022-09-15,83.6231,84.5857,83.2962,83.7412,11052400.0
2022-09-16,82.7696,83.6322,82.3155,82.9148,11987600.0
2022-09-19,82.5334,84.0408,82.479,83.6685,6287000.0
2022-09-20,83.2327,83.5596,81.8161,82.4426,6560000.0
2022-09-21,82.8967,83.1055,80.4268,80.454,8806800.0
2022-09-22,79.9092,79.9273,76.622,76.9126,9953000.0
2022-09-23,76.1861,76.6765,75.5777,76.4313,7153200.0
2022-09-26,76.5584,78.1203,76.5312,77.0125,7583500.0
2022-09-27,78.0658,78.5471,75.5232,76.5312,8628800.0
2022-09-28,76.8944,79.437,76.5039,79.101,7850800.0
2022-09-29,78.8286,79.3098,77.7389,78.6106,6881500.0
2022-09-30,78.6106,78.7287,76.4131,76.513,7737500.0
2022-10-03,76.958,78.2928,76.0953,77.748,6739900.0
2022-10-04,79.0828,80.7718,78.874,80.3723,5982400.0
2022-10-05,79.664,82.3064,79.5005,81.8343,7980800.0
2022-10-06,81.8978,82.5425,81.0533,81.135,6893800.0
2022-10-07,80.3995,80.7264,78.3655,79.0283,6606400.0
2022-10-10,79.0102,79.5187,78.2111,79.0556,5092400.0
2022-10-11,78.7378,79.1827,77.7661,78.2837,5531300.0
2022-10-12,79.0011,79.9636,78.4653,78.883,5261900.0
2022-10-13,77.2667,81.698,76.9216,81.1532,7616600.0
2022-10-14,81.7344,82.3609,78.311,78.429,6315200.0
2022-10-17,79.8184,81.017,79.7366,80.7264,6255300.0
2022-10-18,81.8252,82.1521,79.9818,80.7809,5484400.0
2022-10-19,80.2633,80.9353,79.0102,79.4733,6473400.0
2022-10-20,79.3008,80.118,78.5198,78.8104,4540700.0
2022-10-21,79.0011,80.79,78.6016,80.4631,9088800.0
2022-10-24,78.9103,79.4642,74.8513,76.059,16499300.0
2022-10-25,76.3677,78.0931,76.3677,77.3757,10674000.0
2022-10-26,77.7389,80.118,77.6209,77.9932,9987000.0
2022-10-27,78.2111,78.4563,76.3496,77.4392,9524600.0
2022-10-28,77.3394,79.7185,76.5584,79.0919,8284900.0
2022-10-31,78.6379,79.5187,78.0476,78.6288,7401100.0
2022-11-01,79.9637,80.7083,78.6197,79.0919,6219600.0
2022-11-02,79.2463,80.4358,76.7582,76.8036,7653200.0
2022-11-03,76.3405,77.6118,75.3416,76.8944,8855100.0
2022-11-04,83.5232,84.9943,82.1975,83.4143,20194300.0
2022-11-07,83.2417,83.8683,81.0715,82.1339,10190200.0
2022-11-08,82.5607,85.1577,82.5607,84.2225,9675500.0
2022-11-09,83.6653,84.5695,83.4187,83.6836,6271200.0
2022-11-10,85.7476,88.0582,85.2362,87.9121,10408400.0
2022-11-11,88.3687,90.1131,88.1952,88.935,8294400.0
2022-11-14,88.7066,90.0126,88.3048,88.9715,8521100.0
2022-11-15,90.3323,90.8985,88.8528,89.3459,6410000.0
2022-11-16,88.1495,89.4647,87.9121,88.6518,5348900.0
2022-11-17,86.9532,88.5971,86.8527,88.5605,5245600.0
2022-11-18,89.2729,89.8208,88.7066,89.4555,5964800.0
2022-11-21,88.5788,89.9487,88.3139,89.7934,4499200.0
2022-11-22,89.9578,90.1679,89.0628,89.8939,5398600.0
2022-11-23,89.9487,91.4008,89.7478,90.8894,5944900.0
2022-11-25,90.999,91.2182,89.9761,90.9259,2320000.0
2022-11-28,90.4053,91.4739,90.0126,90.1039,5257300.0
2022-11-29,90.3779,90.7158,89.6838,90.1039,4423900.0
2022-11-30,90.4601,93.6657,89.9761,93.3369,15000800.0
2022-12-01,93.4557,94.579,93.1086,94.4055,7452300.0
2022-12-02,93.1726,96.3873,92.9899,95.9398,7916900.0
2022-12-05,94.4237,95.2,94.0676,94.5699,9285800.0
2022-12-06,94.8164,95.1544,92.6429,93.2273,8383000.0
2022-12-07,92.5059,94.0402,92.2958,93.0356,4194300.0
2022-12-08,93.8301,94.8986,93.5196,94.7434,5465100.0
2022-12-09,94.4603,94.5242,92.926,92.9625,7999600.0
2022-12-12,92.3597,93.9306,92.0766,93.7936,5796000.0
2022-12-13,95.7297,96.0768,92.2319,93.2548,7066000.0
2022-12-14,93.4465,94.3415,91.967,93.3278,5624000.0
2022-12-15,92.4328,92.7433,90.8254,91.3186,7244400.0
2022-12-16,90.6702,90.9076,89.5194,90.2592,13862300.0
2022-12-19,89.8939,90.2409,89.2546,89.7752,5771100.0
2022-12-20,89.6747,90.0309,88.8345,89.5012,4533500.0
2022-12-21,88.3322,90.4784,87.9943,90.1131,5566300.0
2022-12-22,89.9122,90.0126,87.8299,89.282,4756900.0
2022-12-23,89.1267,89.7752,88.4783,89.7478,3944500.0
2022-12-27,90.0218,90.8346,89.693,90.5971,4402500.0
2022-12-28,90.7889,91.2455,89.8573,90.0491,3491500.0
2022-12-29,90.4145,91.9214,90.1131,91.1177,3976100.0
2022-12-30,90.588,90.6428,89.7204,90.5971,3988900.0
2023-01-03,91.8392,92.3963,90.8437,92.0858,6607700.0
2023-01-04,93.7844,95.6475,93.6566,95.4009,8166600.0
2023-01-05,95.4284,95.9855,94.5151,95.3736,5575100.0
2023-01-06,96.2412,97.7207,95.9033,97.4376,9644100.0
2023-01-09,97.2823,97.4284,95.3736,95.6567,10124800.0
2023-01-10,95.3096,97.2001,95.1361,96.8074,4183600.0
2023-01-11,96.6339,97.2092,95.7663,97.0814,5634400.0
2023-01-12,97.0722,97.2092,96.0494,96.6704,4882000.0
2023-01-13,95.9581,97.9947,95.9581,97.9307,5529700.0
2023-01-17,97.675,98.2686,97.0905,97.4924,7477200.0
2023-01-18,97.8485,98.1499,95.8119,95.8941,5725800.0
2023-01-19,95.8941,96.5334,95.2,95.2183,5115800.0
2023-01-20,95.3462,96.0768,94.8804,95.9307,6543500.0
2023-01-23,95.9307,97.6202,95.3462,96.9992,6320500.0
2023-01-24,97.1727,97.602,96.2686,97.3919,5517200.0
2023-01-25,96.8622,97.8485,96.7161,97.7024,5416900.0
2023-01-26,97.9947,99.3646,97.7755,99.328,6324100.0
2023-01-27,99.3098,100.2413,98.9445,99.5655,6851100.0
2023-01-30,98.8714,99.4285,98.1043,98.9993,6880700.0
2023-01-31,98.8714,99.6842,98.1773,99.6751,5816300.0
2023-02-01,99.5198,101.1729,98.6157,100.4514,5841200.0
2023-02-02,100.497,101.2185,98.6339,99.6842,9852900.0
2023-02-03,95.5105,97.2092,94.1041,95.2548,15200500.0
2023-02-06,94.9808,96.9627,94.3416,95.9124,6392200.0
2023-02-07,95.7389,98.0677,95.4923,97.5654,6207500.0
2023-02-08,97.0997,97.3006,96.4878,97.0814,5557500.0
2023-02-09,97.0447,97.8524,96.9253,97.3384,5608400.0
2023-02-10,96.8519,98.449,96.806,98.293,6298600.0
2023-02-13,98.6234,99.9818,98.4673,99.6055,5192400.0
2023-02-14,99.0639,99.5596,97.935,99.1098,5109400.0
2023-02-15,98.6693,100.046,98.449,100.046,4059100.0
2023-02-16,98.9079,100.1378,98.5867,98.706,4596800.0
2023-02-17,97.9717,98.6326,97.5036,98.3021,6876400.0
2023-02-21,96.8336,97.2466,96.1084,96.1727,5438000.0
2023-02-22,96.751,97.2374,95.8147,96.1635,7523700.0
2023-02-23,96.8427,96.8427,94.1993,95.007,6857900.0
2023-02-24,94.2177,94.2819,92.538,93.2539,6019700.0
2023-02-27,93.924,94.8143,93.7588,94.0249,5235100.0
2023-02-28,93.6119,94.493,93.5293,93.7037,5186500.0
2023-03-01,93.7955,93.924,92.6206,93.0979,5382200.0
2023-03-02,92.9602,94.695,92.6482,94.5481,4777600.0
2023-03-03,94.9061,96.0901,94.5481,95.9616,4882100.0
2023-03-06,95.8698,97.2374,95.8606,96.3655,5237100.0
2023-03-07,96.3655,96.9988,94.6491,94.851,3976300.0
2023-03-08,94.4471,94.5573,93.3732,94.08,4225500.0
2023-03-09,94.3003,94.3095,91.7487,92.0607,5732300.0
2023-03-10,92.3544,92.9235,90.8951,91.2163,6641900.0
2023-03-13,90.7849,91.9689,90.2893,90.9409,6408200.0
2023-03-14,91.8863,92.1341,90.381,91.2897,6248800.0
2023-03-15,90.3168,91.2071,89.2888,91.1796,6603300.0
2023-03-16,90.996,92.437,90.895,92.18,8188600.0
2023-03-17,90.9318,91.1337,89.8028,90.5921,10189700.0
2023-03-20,90.9593,91.9873,90.8033,91.6477,4864000.0
2023-03-21,92.2535,92.8776,91.9139,92.281,4743700.0
2023-03-22,92.4187,93.1438,90.9226,90.9777,5917700.0
2023-03-23,91.1796,91.9047,89.5091,90.3352,6879200.0
2023-03-24,90.1516,90.3443,89.2062,90.2617,4685400.0
2023-03-27,90.7941,91.5284,90.482,90.5554,6022200.0
2023-03-28,90.0782,90.7849,90.0231,90.6105,4709800.0
2023-03-29,91.1704,92.4187,90.6289,92.3544,4946600.0
2023-03-30,93.1071,93.3457,92.382,92.9969,4082600.0
2023-03-31,93.4742,95.7138,93.4742,95.5761,6900100.0
2023-04-03,95.5119,96.3196,95.1539,96.237,3855400.0
2023-04-04,96.237,96.3838,94.8602,95.4568,3854400.0
2023-04-05,95.4384,97.0171,95.3925,96.2829,5170900.0
2023-04-06,96.2828,96.5215,95.4751,96.0809,3155700.0
2023-04-10,95.0438,96.2094,94.6032,96.136,3761600.0
2023-04-11,96.4297,97.6596,96.3012,97.0538,4010600.0
2023-04-12,97.5128,97.8248,96.6959,96.9253,4606000.0
2023-04-13,97.6413,98.4214,97.5219,98.2011,4367600.0
2023-04-14,98.1277,99.2842,98.0726,98.6417,3963300.0
2023-04-17,99.0915,99.7248,98.7243,99.4127,4780700.0
2023-04-18,99.9267,100.2572,98.8804,99.0456,5300500.0
2023-04-19,98.8437,98.9997,98.2838,98.3572,4617800.0
2023-04-20,97.4669,98.7427,97.4669,98.2562,4297200.0
2023-04-21,98.4857,99.8441,97.8983,99.3026,4522800.0
2023-04-24,99.3026,100.3122,99.1649,100.3122,5940700.0
2023-04-25,99.9634,101.9827,99.89,100.3581,8747100.0
2023-04-26,100.0552,103.1025,100.0552,102.3131,8081600.0
2023-04-27,102.2397,103.6073,102.047,103.488,7618500.0
2023-04-28,103.1851,104.9199,103.0658,104.9015,5979300.0
2023-05-01,104.8648,105.9937,104.8648,105.1493,6495900.0
2023-05-02,105.0851,105.1493,103.5798,105.0575,9626400.0
2023-05-03,100.1195,100.7069,95.2732,95.4201,24388600.0
2023-05-04,95.7046,96.9896,95.2732,96.1176,8858100.0
2023-05-05,96.8794,98.6509,96.7234,98.4031,7813800.0
2023-05-08,98.6417,99.2383,98.1461,98.3664,6090700.0
2023-05-09,98.2012,98.3756,97.6596,97.9442,3682400.0
2023-05-10,98.3572,99.2292,96.9988,98.1828,4565000.0
2023-05-11,98.1828,98.478,96.9652,97.4356,4791700.0
2023-05-12,97.5556,97.9799,96.6977,97.8876,5175600.0
2023-05-15,97.8784,98.478,97.4172,98.3673,4217000.0
2023-05-16,98.1551,98.2935,97.039,97.1128,3676600.0
2023-05-17,97.74,98.275,96.8084,97.491,4757300.0
2023-05-18,97.2419,98.8285,97.039,98.7824,5377500.0
2023-05-19,98.6994,98.8377,97.1497,97.325,4985200.0
2023-05-22,97.3342,97.5002,94.7975,94.9174,7504300.0
2023-05-23,94.1979,94.2164,92.3162,92.556,6766300.0
2023-05-24,92.9803,92.9896,91.4214,91.8827,6134800.0
2023-05-25,91.0432,91.2277,90.1485,90.8034,8177000.0
2023-05-26,90.9787,91.8827,90.702,90.8864,7276500.0
2023-05-30,91.2185,91.2831,89.7611,90.1669,6505400.0
2023-05-31,90.4252,90.4714,89.4567,90.0655,10377100.0
2023-06-01,90.0193,90.6097,89.0324,89.9548,6752200.0
2023-06-02,90.6835,91.9288,90.5728,91.7812,6221400.0
2023-06-05,92.2793,93.0449,91.7812,92.1778,6536500.0
2023-06-06,92.0026,92.5468,89.964,90.6005,8657100.0
2023-06-07,90.9049,91.1908,90.0193,90.3237,6285600.0
2023-06-08,90.0747,91.486,89.4013,91.4583,6877800.0
2023-06-09,91.1355,91.2831,90.0655,90.3606,5550800.0
2023-06-12,90.3606,90.868,89.9548,90.8219,6705800.0
2023-06-13,90.868,91.7535,90.868,91.5598,5137900.0
2023-06-14,91.8365,93.4969,91.4952,92.8512,9279500.0
2023-06-15,93.4784,94.078,92.8512,93.5153,6448200.0
2023-06-16,94.0965,94.5577,93.6076,93.9673,11709200.0
2023-06-20,93.9581,94.5392,93.0726,93.4139,5506400.0
2023-06-21,92.7959,94.5116,92.5745,93.9673,5508800.0
2023-06-22,93.5522,93.7552,91.9103,93.0264,6125500.0
2023-06-23,91.9196,91.9933,89.9548,90.7112,18770100.0
2023-06-26,90.7112,91.1078,89.9179,90.6097,6069000.0
2023-06-27,90.7573,91.3753,90.1485,91.0617,5034100.0
2023-06-28,90.9879,90.9879,89.7519,90.9602,6581900.0
2023-06-29,90.9602,91.1632,90.3791,91.0248,5113500.0
2023-06-30,91.6889,91.7443,90.8957,91.3753,6229900.0
2023-07-03,91.0709,91.8458,90.6282,91.4583,3287000.0
2023-07-05,91.4583,91.6244,90.665,90.8219,6365400.0
2023-07-06,90.2684,90.4621,88.4697,88.7372,7153300.0
2023-07-07,88.5435,89.1615,88.1376,88.5988,7889500.0
2023-07-10,88.8294,91.8089,88.7649,91.4399,9294600.0
2023-07-11,91.7258,92.4546,91.4491,92.3254,5268000.0
2023-07-12,93.5522,93.9304,92.9434,93.294,6971900.0
2023-07-13,93.6353,94.2717,93.4415,93.7183,4511700.0
2023-07-14,93.8751,94.1611,93.1556,93.7275,3939800.0
2023-07-17,93.008,93.912,92.2793,93.1002,5244500.0
2023-07-18,92.925,93.5522,92.1133,92.9434,5989000.0
2023-07-19,92.8143,94.0688,92.8143,93.9304,5556200.0
2023-07-20,93.8843,94.53,92.8881,93.0541,5466100.0
2023-07-21,93.9028,95.517,93.7275,94.8436,20370300.0
2023-07-24,94.899,95.3879,94.3824,94.8067,4746600.0
2023-07-25,94.4839,95.7199,94.3916,94.9359,5627500.0
2023-07-26,94.2809,94.7053,93.4415,93.8382,6568300.0
2023-07-27,94.1149,94.4839,92.7405,92.9619,5373400.0
2023-07-28,93.626,93.9304,92.9896,93.3954,5320700.0
2023-07-31,93.4508,93.9304,93.0357,93.6906,6377400.0
2023-08-01,93.5984,93.8197,92.6114,93.4047,7784300.0
2023-08-02,92.7036,96.3564,91.5875,94.2072,14463100.0
2023-08-03,94.0596,94.9174,93.5799,94.3916,5547500.0
2023-08-04,94.9728,95.148,92.722,92.8696,5199200.0
2023-08-07,93.5522,93.9581,93.1095,93.8474,5222700.0
2023-08-08,93.3678,93.5522,92.1409,92.8881,4058400.0
2023-08-09,93.1648,93.6998,91.7535,92.1686,4494300.0
2023-08-10,93.235,94.9321,93.1052,94.2737,6844200.0
2023-08-11,94.0325,94.0325,92.8641,93.6523,3180600.0
2023-08-14,93.1794,93.8656,92.9197,93.6709,3239300.0
2023-08-15,92.8548,93.337,92.5303,92.7714,3203700.0
2023-08-16,92.3726,92.8177,91.7049,91.7884,3679500.0
2023-08-17,91.8069,91.8997,89.4237,89.5535,5291100.0
2023-08-18,89.0342,90.4066,88.8302,90.1655,4126000.0
2023-08-21,90.249,90.4808,89.1733,89.4515,3753200.0
2023-08-22,89.4793,89.7111,88.654,89.0898,3639800.0
2023-08-23,89.4144,89.5442,87.1795,88.2645,9704500.0
2023-08-24,87.8657,88.6818,86.9013,87.9399,7824500.0
2023-08-25,88.5983,88.9878,87.6432,88.5427,5360400.0
2023-08-28,88.9693,90.1377,88.8673,89.9893,5098900.0
2023-08-29,90.2861,92.0202,90.2675,91.946,5512300.0
2023-08-30,91.8255,92.4746,91.8069,92.0295,4212200.0
2023-08-31,91.8069,92.1129,90.2119,90.3603,5624500.0
2023-09-01,91.2505,91.5751,89.9893,90.8796,4747100.0
2023-09-05,90.4345,90.7034,89.572,89.8039,5414300.0
2023-09-06,89.4144,89.5349,88.4407,88.9785,5428400.0
2023-09-07,88.552,88.858,88.1161,88.1903,6404100.0
2023-09-08,88.3294,88.8858,87.8657,88.3572,4754700.0
2023-09-11,88.7003,89.2382,88.3016,88.7189,5577500.0
2023-09-12,88.5612,89.4979,88.283,89.2475,5007600.0
2023-09-13,89.2104,90.2304,89.062,89.8873,5830200.0
2023-09-14,89.739,90.6756,89.2568,90.1006,6039700.0
2023-09-15,90.1841,90.3881,89.0713,89.2382,8767600.0
2023-09-18,89.3031,89.9244,89.1084,89.7297,4477500.0
2023-09-19,88.2923,88.5334,87.4206,88.3665,6803000.0
2023-09-20,88.5149,89.5999,88.1439,88.2459,4572100.0
2023-09-21,88.2459,88.3943,86.2707,86.3356,6108800.0
2023-09-22,86.6416,87.4855,86.586,86.8735,5118900.0
2023-09-25,86.1409,86.6787,85.5474,86.0018,4818800.0
2023-09-26,85.3155,85.7699,84.5551,85.3155,6086600.0
2023-09-27,85.7421,85.9925,83.8132,84.5458,4731500.0
2023-09-28,84.5458,84.7498,83.6556,84.4624,4736300.0
2023-09-29,85.8812,86.2985,84.2398,84.6386,7700200.0
2023-10-02,84.4346,85.0744,84.1935,84.5088,6430500.0
2023-10-03,83.9245,84.4531,82.7283,82.9786,6666600.0
2023-10-04,83.3589,84.787,83.2847,84.5273,6166100.0
2023-10-05,84.518,86.2892,84.518,85.6587,7548600.0
2023-10-06,85.3155,86.5582,85.0188,86.1038,6979300.0
2023-10-09,85.7328,86.0481,84.7869,85.9461,4120700.0
2023-10-10,86.2058,87.1424,86.1223,86.4098,4974800.0
2023-10-11,86.5118,86.8271,85.1764,85.2692,4499200.0
2023-10-12,85.1672,85.5474,84.1749,84.7777,5485200.0
2023-10-13,84.6479,85.3712,84.4346,84.8333,4780100.0
2023-10-16,85.4732,87.0404,85.1764,86.8456,4595900.0
2023-10-17,86.011,87.3464,85.8998,87.3371,6086700.0
2023-10-18,87.1146,87.6617,86.7065,86.9384,4110700.0
2023-10-19,87.5133,88.7096,87.3279,87.5597,5610800.0
2023-10-20,87.7452,88.181,87.3001,87.3464,4699000.0
2023-10-23,87.1053,88.1254,86.5118,87.3557,4481000.0
2023-10-24,87.4299,88.079,87.2259,87.7452,3600200.0
2023-10-25,87.467,88.4314,87.1424,87.1702,5497300.0
2023-10-26,86.994,87.6153,85.8719,85.9369,6201700.0
2023-10-27,85.909,86.9199,85.1023,85.3341,8293600.0
2023-10-30,86.3542,86.9013,85.9832,86.382,7852700.0
2023-10-31,86.4005,86.5396,85.3155,85.5381,9308300.0
2023-11-01,85.1579,85.1857,83.9709,84.7128,14292500.0
2023-11-02,93.6523,94.5148,92.4932,92.7435,23396300.0
2023-11-03,93.3092,96.2304,93.198,95.1917,15995700.0
2023-11-06,95.3958,96.5271,94.5611,96.4715,7532000.0
2023-11-07,96.6569,96.8053,95.8223,96.1469,6239500.0
2023-11-08,96.2025,97.2041,96.1191,96.7218,7453000.0
2023-11-09,97.2534,97.4025,95.1367,95.3232,7607000.0
2023-11-10,95.6682,97.3,95.0901,97.2813,7338500.0
2023-11-13,96.899,97.1881,96.0039,96.5167,7120800.0
2023-11-14,97.4212,98.6706,97.1974,98.4655,8323000.0
2023-11-15,98.5215,99.342,98.5215,98.8665,7980200.0
2023-11-16,99.0996,100.3863,99.025,99.9667,8037200.0
2023-11-17,99.9388,100.2372,98.3536,98.4375,6341800.0
2023-11-20,98.1019,98.3443,96.8431,97.2533,9799500.0
2023-11-21,97.3932,97.6077,96.1997,96.6846,6149000.0
2023-11-22,97.1228,97.6077,96.3023,96.4514,4828700.0
2023-11-24,96.4514,96.6006,95.547,95.836,3206400.0
2023-11-27,95.3791,96.1251,95.174,95.4444,7853600.0
2023-11-28,95.0714,95.1554,94.0737,94.3441,6848100.0
2023-11-29,94.6518,94.8197,92.8056,93.104,8428500.0
2023-11-30,93.2998,93.3557,91.7706,92.5911,11442600.0
2023-12-01,91.8452,92.5725,90.9314,92.4979,12506500.0
2023-12-04,91.7426,92.1995,90.2321,91.006,11477400.0
2023-12-05,90.8009,90.8941,88.4418,89.0852,16027300.0
2023-12-06,89.4675,90.605,89.0199,90.4652,12115000.0
2023-12-07,90.6796,91.0992,89.7658,89.9244,7858300.0
2023-12-08,89.5887,90.316,89.3369,90.0829,7125200.0
2023-12-11,90.6517,92.3207,90.6517,91.4909,7639100.0
2023-12-12,91.7893,91.9384,90.8475,91.5188,6313800.0
2023-12-13,91.8452,91.9757,90.2787,91.4815,7741900.0
2023-12-14,92.0503,92.1156,90.5864,91.2298,9764800.0
2023-12-15,91.2298,91.6028,90.0363,90.2134,12466000.0
2023-12-18,90.6703,90.7449,89.4395,90.0363,6146400.0
2023-12-19,90.3906,91.4256,90.3906,91.1179,5992900.0
2023-12-20,89.8498,90.3346,88.2553,88.3112,10057400.0
2023-12-21,88.6563,88.9919,88.0875,88.8894,7097200.0
2023-12-22,88.4791,89.3556,87.9663,88.8428,6361000.0
2023-12-26,88.8987,89.2251,88.5444,89.2064,3709500.0
2023-12-27,89.225,89.309,88.3858,88.8521,4959300.0
2023-12-28,89.0479,89.4861,88.6842,89.4488,4518300.0
2023-12-29,89.4022,89.8405,88.908,89.5234,6135700.0
2024-01-02,89.0013,89.4675,87.2949,87.3415,8859700.0
2024-01-03,87.6119,87.873,86.7727,86.9313,7161700.0
2024-01-04,86.81,88.19,86.7168,87.2296,7118600.0
2024-01-05,87.0245,87.2576,86.2319,86.7075,7191000.0
2024-01-08,86.7354,88.1807,86.6702,87.8264,7536900.0
2024-01-09,87.2856,87.3975,86.5862,86.8007,6348500.0
2024-01-10,86.7261,87.3602,86.6049,87.183,5847700.0
2024-01-11,87.0245,87.3135,85.6911,86.6608,6483600.0
2024-01-12,86.9312,87.0898,85.5699,85.7657,5641200.0
2024-01-16,86.3998,86.465,85.5326,86.4371,7493400.0
2024-01-17,85.4673,85.747,85.2249,85.5699,6672900.0
2024-01-18,85.7471,87.1177,85.6165,87.0338,7549500.0
2024-01-19,86.8846,87.873,86.3811,87.5187,9565900.0
2024-01-22,87.4627,87.5746,86.5396,86.7821,9421000.0
2024-01-23,86.7448,87.3229,85.5699,85.7564,10227100.0
2024-01-24,86.2972,86.5676,85.775,85.8216,7661400.0
2024-01-25,85.9895,86.3904,85.5233,86.3531,11991500.0
2024-01-26,86.6422,87.1737,86.1667,86.5303,9229400.0
2024-01-29,86.7354,87.5839,86.0081,87.4627,12728100.0
2024-01-30,86.7168,88.2833,86.3345,87.7238,17625200.0
2024-01-31,91.6401,91.7147,86.7354,86.7448,26751800.0
2024-02-01,86.81,87.2762,85.6631,87.0618,15001500.0
2024-02-02,86.4277,87.2856,85.4767,86.7075,11366600.0
2024-02-05,86.5117,86.5956,85.6911,86.2599,7335800.0
2024-02-06,86.2506,89.2344,86.1107,89.2064,11531500.0
2024-02-07,89.7379,90.1295,88.0502,88.8707,9078000.0
2024-02-08,89.2084,90.6999,88.1109,90.6061,9888100.0
2024-02-09,90.3528,91.9194,90.3247,91.2721,9385600.0
2024-02-12,90.9157,91.122,89.4711,89.5555,9224400.0
2024-02-13,88.9739,89.6399,87.6044,88.0546,8138500.0
2024-02-14,88.2516,88.6175,87.9514,88.2422,5510600.0
2024-02-15,88.2047,88.4017,87.2385,87.4449,8878000.0
2024-02-16,87.3323,88.3454,87.004,87.4449,5737500.0
2024-02-20,87.5762,88.2891,87.3042,87.67,8844500.0
2024-02-21,88.0452,89.8369,87.9608,89.1334,8284600.0
2024-02-22,89.0114,90.1277,88.3079,89.8463,8124700.0
2024-02-23,89.9401,90.925,89.6587,89.6962,6845200.0
2024-02-26,89.4523,89.6493,88.4111,88.4392,7043800.0
2024-02-27,88.4767,88.7957,87.8013,88.2985,5356100.0
2024-02-28,87.9608,88.1484,87.0228,87.2385,5622400.0
2024-02-29,88.6456,89.2084,88.1578,89.0208,11221100.0
2024-03-01,88.5987,88.7113,87.1541,87.3886,7995400.0
2024-03-04,87.2948,87.5387,86.338,86.732,7321000.0
2024-03-05,86.3943,86.4599,85.4281,85.5688,7137300.0
2024-03-06,85.6907,86.3286,85.475,85.9722,4826900.0
2024-03-07,85.944,86.0753,84.7152,85.3155,8792400.0
2024-03-08,85.006,85.8596,84.9872,85.4187,7673300.0
2024-03-11,85.6063,87.201,85.5219,86.3661,6702300.0
2024-03-12,86.3005,86.9759,85.5594,86.6757,9444900.0
2024-03-13,86.7601,87.1166,85.2405,85.9346,8254500.0
2024-03-14,85.4562,86.0284,84.809,85.9815,8544800.0
2024-03-15,85.9252,86.3192,84.5182,84.5369,18136300.0
2024-03-18,85.1279,85.7658,84.9215,85.3718,7413900.0
2024-03-19,85.3624,86.2067,85.2311,85.9159,5676500.0
2024-03-20,86.1035,86.8914,85.8502,86.8633,5804400.0
2024-03-21,86.8914,87.398,85.9628,85.9815,6287300.0
2024-03-22,86.0566,86.0941,84.4807,85.0904,6495000.0
2024-03-25,85.0341,85.475,84.8653,85.0529,6903000.0
2024-03-26,85.3437,85.3624,84.6401,84.7621,6216100.0
2024-03-27,85.0341,86.141,84.9872,85.8315,5863700.0
2024-03-28,86.1035,86.5256,85.6438,85.7283,6784300.0
2024-04-01,86.1316,86.3661,85.3812,85.8596,4990200.0
2024-04-02,85.4656,85.5875,83.7021,83.7677,8276800.0
2024-04-03,84.0491,84.2743,83.158,83.2049,6316400.0
2024-04-04,83.6083,83.8053,82.1824,82.1918,8057600.0
2024-04-05,82.4545,82.4826,81.4508,81.4695,7161400.0
2024-04-08,81.5821,81.9479,81.0099,81.7884,6322900.0
2024-04-09,81.7885,82.173,80.963,81.7322,6240700.0
2024-04-10,80.9723,81.4883,80.2969,80.6253,7413900.0
2024-04-11,80.6722,80.963,79.978,80.5784,6841600.0
2024-04-12,80.1281,80.2125,79.0681,79.6591,8594800.0
2024-04-15,80.1093,81.0193,79.6591,79.8936,9676900.0
2024-04-16,79.5653,80.8504,79.1901,80.1281,8866800.0
2024-04-17,80.6722,81.0662,80.0531,80.8692,6870100.0
2024-04-18,81.0849,82.2012,80.7191,81.7509,11403300.0
2024-04-19,81.7509,82.6233,81.7228,82.1824,11900000.0
2024-04-22,82.6233,83.1205,81.9292,82.7171,8669000.0
2024-04-23,83.2706,83.3081,81.9104,82.4263,5670500.0
2024-04-24,81.6665,83.43,81.5633,83.2518,7183900.0
2024-04-25,84.0022,84.1711,82.2481,82.3982,7284600.0
2024-04-26,81.9855,83.7208,81.9573,82.7828,7185300.0
2024-04-29,82.7734,83.1205,82.4169,82.8578,8522800.0
2024-04-30,82.1824,83.4769,81.7791,83.0079,14538400.0
2024-05-01,71.1228,72.2204,68.168,69.8283,66610700.0
2024-05-02,70.2598,70.4944,68.8059,70.288,23883400.0
2024-05-03,70.6069,70.8321,68.4682,68.5807,22153800.0
2024-05-06,68.7683,69.5938,68.1961,68.3837,18632200.0
2024-05-07,68.3368,68.3368,67.3519,68.0085,21901300.0
2024-05-08,67.8115,69.8565,67.774,68.9466,24482600.0
2024-05-09,69.0122,71.0666,68.5432,70.9915,18591500.0
2024-05-10,70.6444,71.5825,70.4099,71.3949,15761900.0
2024-05-13,71.4981,72.0796,71.1041,71.4605,10953600.0
2024-05-14,71.5074,71.9765,70.8414,70.9446,10961100.0
2024-05-15,71.1979,71.3198,70.6538,71.0103,8826500.0
2024-05-16,71.067,71.4072,70.377,71.152,10758500.0
2024-05-17,71.1426,73.7229,70.8118,73.5811,14436500.0
2024-05-20,73.4204,74.0254,72.5036,73.2881,11183800.0
2024-05-21,73.307,73.9308,73.2503,73.4583,8916600.0
2024-05-22,73.4394,76.5773,73.1936,76.2938,22072200.0
2024-05-23,75.7077,76.2748,73.3826,74.0159,15841300.0
2024-05-24,74.1955,74.876,73.8269,74.5452,10746200.0
2024-05-28,74.4696,74.479,73.1653,73.2314,8833300.0
2024-05-29,72.8723,74.0254,72.6171,72.6643,9268100.0
2024-05-30,72.8723,74.5547,72.8345,74.4412,9294200.0
2024-05-31,74.7437,75.9251,74.2994,75.8212,12669700.0
2024-06-03,75.3108,77.617,75.2541,77.5792,12443400.0
2024-06-04,77.4752,78.8552,77.4091,78.2503,12370000.0
2024-06-05,77.9383,77.9761,76.5206,76.7096,11275300.0
2024-06-06,76.7002,78.3826,76.4828,77.0026,9237800.0
2024-06-07,77.1444,78.099,76.1898,76.9648,10852600.0
2024-06-10,77.0215,77.3618,76.4072,77.1255,8698600.0
2024-06-11,76.4828,76.53,75.3769,75.5093,9024300.0
2024-06-12,75.6038,75.7834,74.8382,75.0272,8873400.0
2024-06-13,75.1406,76.4639,74.8382,75.8401,13947300.0
2024-06-14,75.6132,75.9913,74.772,75.2824,7192400.0
2024-06-17,75.2163,77.2673,74.9233,76.8703,9845900.0
2024-06-18,76.5679,77.2295,75.2257,75.8023,9664500.0
2024-06-20,75.4431,76.3505,75.3013,75.3486,10183900.0
2024-06-21,75.6132,75.8495,74.8193,75.5282,25648400.0
2024-06-24,75.6132,75.6794,74.8287,75.358,7396600.0
2024-06-25,75.6132,76.3221,74.5452,74.9327,15821600.0
2024-06-26,74.6681,74.9327,74.0821,74.8099,10708100.0
2024-06-27,74.7153,75.0839,74.3656,74.8949,10289600.0
2024-06-28,74.4034,74.5547,73.3543,73.5811,13207500.0
2024-07-01,73.7134,73.9308,72.5698,72.9006,6767600.0
2024-07-02,72.8912,72.9762,72.0972,72.6171,8854100.0
2024-07-03,72.6265,72.8156,71.8987,72.0783,4906700.0
2024-07-05,72.0594,72.0878,71.2844,71.8798,9663100.0
2024-07-08,72.1539,72.2579,70.3865,70.481,8871200.0
2024-07-09,70.5377,70.5471,68.7419,68.7608,11816900.0
2024-07-10,68.9876,69.1578,68.3827,68.534,11132500.0
2024-07-11,68.3733,69.4697,68.1275,69.2806,12316100.0
2024-07-12,69.7532,70.9441,69.3562,70.7267,10559300.0
2024-07-15,70.7834,70.7929,68.5434,68.7608,9064400.0
2024-07-16,68.2504,71.3694,67.6266,71.3694,14968700.0
2024-07-17,71.0953,71.9554,70.4621,70.9819,11567800.0
2024-07-18,70.377,70.9914,69.7627,70.1218,10701000.0
2024-07-19,70.5661,75.0272,70.1218,74.9233,32965900.0
2024-07-22,74.0348,74.1671,71.842,72.3524,18851500.0
2024-07-23,72.9101,72.9101,71.8609,72.0783,9592100.0
2024-07-24,72.1823,72.2957,69.9611,70.5849,10478200.0
2024-07-25,70.9441,71.6152,69.2428,69.2995,18973600.0
2024-07-26,69.791,70.9063,69.6681,69.9895,12387100.0
2024-07-29,70.3109,71.4451,69.6776,71.0764,10864700.0
2024-07-30,71.1237,71.8798,70.7456,71.7758,16163600.0
2024-07-31,75.1879,76.7852,73.5339,73.6756,18901100.0
2024-08-01,73.6189,73.8552,69.7816,70.9914,17307200.0
2024-08-02,70.9914,72.4658,70.8118,71.7191,15185700.0
2024-08-05,69.8005,70.8874,68.7324,69.8099,12372900.0
2024-08-06,69.8666,71.8231,69.791,71.2371,10525500.0
2024-08-07,71.171,72.6171,71.0386,71.1615,7297000.0
2024-08-08,70.9536,71.9744,70.6984,71.5963,8988300.0
2024-08-09,71.5018,71.7002,70.6511,70.9725,4683600.0
2024-08-12,72.3335,74.1293,72.1067,72.8061,13123000.0
2024-08-13,86.029,90.7453,85.339,90.6414,157215500.0
2024-08-14,90.1593,90.6036,86.4165,88.751,45737800.0
2024-08-15,88.959,89.7529,87.8815,89.6773,21109800.0
2024-08-16,88.774,90.9515,88.7169,90.1527,16336300.0
2024-08-19,89.7153,90.2288,87.6044,87.766,14479000.0
2024-08-20,87.7565,89.2114,87.6044,88.4412,11536200.0
2024-08-21,87.9467,88.793,87.69,88.2225,6769200.0
2024-08-22,88.1178,88.27,87.2621,87.8896,10010300.0
2024-08-23,88.289,89.7819,88.27,89.4015,11483700.0
2024-08-26,89.5727,91.2177,89.5537,90.9324,13882800.0
2024-08-27,90.7138,93.8707,90.5711,93.7566,17456300.0
2024-08-28,93.3952,93.8612,89.7439,90.6187,14866300.0
2024-08-29,90.7803,91.1226,89.6488,90.2003,8781300.0
2024-08-30,90.3239,91.2177,89.8009,89.9245,7117200.0
2024-09-03,89.5061,90.1527,88.4697,88.6028,11234000.0
2024-09-04,88.7835,89.3635,87.4522,87.7946,7193500.0
2024-09-05,87.6424,88.4507,86.7201,87.0624,8370100.0
2024-09-06,87.0053,87.6329,85.7502,86.6725,9257000.0
2024-09-09,86.7391,87.8231,85.9689,87.6805,10089700.0
2024-09-10,87.5949,88.9261,86.663,88.7549,7327000.0
2024-09-11,89.4586,93.5188,89.0592,93.3762,19302900.0
2024-09-12,93.6234,94.4317,92.5585,94.4032,14653500.0
2024-09-13,94.2605,94.6219,93.6615,93.728,9899900.0
2024-09-16,93.6805,93.7566,91.2653,91.579,9263400.0
2024-09-17,91.7502,91.7978,90.5236,91.7027,6281700.0
2024-09-18,90.8564,92.8057,90.6472,91.3984,8793800.0
2024-09-19,93.1575,93.8517,91.5981,92.1401,8752600.0
2024-09-20,92.0925,92.2922,90.6377,91.3318,19541000.0
2024-09-23,91.3318,91.3318,89.7153,90.7898,8382800.0
2024-09-24,90.7803,91.1131,89.5632,89.8104,8606800.0
2024-09-25,89.6298,91.2462,89.5917,90.923,8632900.0
2024-09-26,93.6615,94.2795,92.2352,92.6821,9876800.0
2024-09-27,92.8532,93.3287,92.4158,92.5775,6319900.0
2024-09-30,92.606,92.8913,91.6742,92.7011,6436400.0
2024-10-01,92.7011,93.3192,91.6171,92.644,7171600.0
2024-10-02,92.0735,92.2352,91.1607,91.7597,6346000.0
2024-10-03,90.942,91.6551,90.6282,90.8659,5556400.0
2024-10-04,91.4459,91.9784,90.476,91.8358,6818900.0
2024-10-07,91.465,91.7787,90.6757,91.3699,7478900.0
2024-10-08,91.3318,92.121,90.5996,91.484,6595200.0
2024-10-09,91.7407,91.7407,90.7708,91.1702,3344800.0
2024-10-10,90.7328,90.7898,89.1543,89.2684,5459500.0
2024-10-11,89.5156,91.2462,89.392,90.8564,4834800.0
2024-10-14,90.7233,90.8374,89.7058,90.1052,4124700.0
2024-10-15,90.0196,91.2557,89.9245,90.3714,6264100.0
2024-10-16,90.7613,91.1321,89.4681,90.7708,7537100.0
2024-10-17,90.6472,91.4649,90.1242,90.5901,5577300.0
2024-10-18,90.98,92.0925,90.3714,92.083,6178300.0
2024-10-21,92.1876,92.4253,91.1797,91.7122,3994300.0
2024-10-22,91.6171,92.4158,91.2272,92.064,6670900.0
2024-10-23,89.2589,92.9198,89.0878,92.8532,18858800.0
2024-10-24,92.8913,94.5363,92.0925,92.3778,9828600.0
2024-10-25,92.4444,93.148,91.6932,92.5299,9665600.0
2024-10-28,92.8532,94.27,92.7581,93.205,6790900.0
2024-10-29,92.9388,93.2336,91.6171,92.606,7664200.0
2024-10-30,92.587,93.3287,92.045,92.5394,9187200.0
2024-10-31,92.5394,94.1369,90.6662,92.9008,12011500.0
2024-11-01,92.8057,94.8976,92.587,94.0133,8860200.0
2024-11-04,93.7471,93.9562,91.9499,92.2637,7049100.0
2024-11-05,92.102,92.6821,91.4269,92.3207,6348300.0
2024-11-06,92.2066,93.4047,90.1242,91.3604,9708800.0
2024-11-07,91.3413,91.9404,91.0561,91.3984,6195200.0
2024-11-08,91.3889,92.8437,91.3128,92.7581,6118700.0
2024-11-11,93.186,96.4285,93.1385,95.3826,10313300.0
2024-11-12,95.2114,95.6013,93.5854,93.9467,8438400.0
2024-11-13,92.568,95.0307,91.503,94.8976,8816300.0
2024-11-14,94.5458,95.1068,94.27,94.3556,6441500.0
2024-11-15,94.8148,95.8864,93.7528,94.1642,8119900.0
2024-11-18,94.1834,96.2596,93.6955,96.0586,7041500.0
2024-11-19,95.475,95.963,93.9538,94.0973,9176200.0
2024-11-20,93.7624,94.48,92.9109,94.0112,7527700.0
2024-11-21,95.1976,95.9917,94.2312,95.7333,6760600.0
2024-11-22,95.6759,98.1252,95.4559,98.0678,6563300.0
2024-11-25,98.4793,98.8524,97.379,97.4364,8839600.0
2024-11-26,97.5799,97.6756,96.1256,96.3265,6558300.0
2024-11-27,96.3935,97.6182,96.3648,97.1207,4857800.0
2024-11-29,96.9867,98.0678,96.891,98.0296,3419300.0
2024-12-02,97.5895,97.7904,95.5516,97.1207,6103200.0
2024-12-03,96.7188,97.7043,95.5707,97.1781,7101500.0
2024-12-04,96.5275,97.5799,96.0299,96.3457,6151100.0
2024-12-05,96.6327,96.9197,94.901,94.9392,7194800.0
2024-12-06,94.6522,96.2691,94.1834,95.7812,6297000.0
2024-12-09,95.7429,96.2213,94.2599,95.0158,7271600.0
2024-12-10,94.8531,94.9584,93.705,93.9155,8192500.0
2024-12-11,94.2408,95.0923,93.7433,94.1642,8007300.0
2024-12-12,93.9729,94.6905,93.2075,93.5902,6375900.0
2024-12-13,93.131,93.839,92.7483,93.2075,5910900.0
2024-12-16,92.7578,92.8057,89.0743,89.0934,12395900.0
2024-12-17,88.9882,89.878,88.0697,88.108,8536100.0
2024-12-18,87.8018,88.2611,85.7639,86.0127,10886600.0
2024-12-19,86.338,87.62,84.8359,84.922,14628400.0
2024-12-20,84.0609,85.3047,83.305,84.1661,26477500.0
2024-12-23,83.7165,84.08,82.5683,83.659,11203700.0
2024-12-24,83.6208,86.0318,83.4007,86.0222,5422000.0
2024-12-26,85.5056,88.0697,85.5056,87.8879,7538700.0
2024-12-27,86.9694,89.17,86.9503,88.2611,8200400.0
2024-12-30,87.3426,87.3713,85.9553,86.6633,8404500.0
2024-12-31,86.8068,87.8018,86.6728,87.3043,4220700.0
2025-01-02,87.5913,88.6533,87.4574,88.1845,8640900.0
2025-01-03,88.4046,89.0934,87.8305,88.5768,4964900.0
2025-01-06,88.0601,90.4138,87.9645,89.103,8768100.0
2025-01-07,88.7681,89.6005,87.8879,88.8255,6638300.0
2025-01-08,88.9499,88.9882,88.0314,88.5959,6243700.0
2025-01-10,88.2037,88.7777,87.9549,88.2611,6550300.0
2025-01-13,88.2802,89.5431,87.4287,89.4666,6912100.0
2025-01-14,89.945,90.7869,88.5194,89.0456,6406200.0
2025-01-15,90.0311,90.3851,88.9308,89.0552,4554700.0
2025-01-16,88.8543,90.6721,88.8543,90.3468,6548200.0
2025-01-17,91.4471,91.715,90.9878,91.0165,8361900.0
2025-01-21,91.2844,94.3173,91.2844,93.7433,8803100.0
2025-01-22,93.7433,94.2791,93.2458,93.5041,7678900.0
2025-01-23,93.7624,93.7911,92.8248,93.7529,7901800.0
2025-01-24,93.5615,94.7287,93.3989,94.5374,6957100.0
2025-01-27,94.2599,95.9917,93.8581,95.6951,9654900.0
2025-01-28,94.6618,96.3265,94.3269,96.0682,14736500.0
2025-01-29,98.2592,105.3201,98.2401,103.8849,40769300.0
2025-01-30,104.2868,105.5688,103.3587,104.2868,15023000.0
2025-01-31,104.2868,104.6312,102.8516,103.0239,19136900.0
2025-02-03,101.1486,103.751,100.9572,103.4831,8894100.0
2025-02-04,103.971,106.2673,103.4544,105.8176,11123700.0
2025-02-05,105.4158,107.5589,105.1096,107.3962,12826000.0
2025-02-06,107.2049,107.4536,106.2481,106.87,11967300.0
2025-02-07,106.6117,107.7502,105.3009,107.3484,11502400.0
2025-02-10,107.712,107.712,106.2003,106.6308,8348400.0
2025-02-11,106.0855,107.2336,105.8272,106.229,4683100.0
2025-02-12,105.7793,108.2956,105.6262,108.1521,7269400.0
2025-02-13,108.2286,108.4965,106.7074,108.1138,10046300.0
2025-02-14,108.5275,109.1527,107.7675,108.2677,9115000.0
2025-02-18,107.5463,109.0469,107.3731,108.7295,7574100.0
2025-02-19,108.1619,109.0277,108.0657,108.21,8268900.0
2025-02-20,107.9022,109.1816,107.7002,109.0277,6343800.0
2025-02-21,109.018,110.3167,107.3827,107.4982,9664700.0
2025-02-24,108.0657,109.576,107.6328,108.8834,13120500.0
2025-02-25,108.7776,110.8554,108.3832,110.2301,11001800.0
2025-02-26,110.2494,110.4225,107.9888,108.7006,7466800.0
2025-02-27,108.7006,111.2979,108.5082,110.1339,9013700.0
2025-02-28,110.6822,111.673,109.9223,111.4037,11466000.0
2025-03-03,111.6249,112.9909,109.7588,111.0189,9225500.0
2025-03-04,110.6149,110.8842,107.7386,107.7964,12482400.0
2025-03-05,107.325,108.2389,106.0168,107.4405,11926800.0
2025-03-06,105.8244,106.2284,100.9184,101.4571,16321700.0
2025-03-07,100.7453,102.7942,99.5043,102.4287,11637400.0
2025-03-10,101.7072,101.9669,96.0028,97.2822,15823300.0
2025-03-11,98.0133,99.0811,95.2333,95.7912,10663500.0
2025-03-12,96.4838,96.4838,93.2805,94.9351,9461200.0
2025-03-13,94.9543,95.1082,92.2801,92.3859,9274300.0
2025-03-14,92.8476,94.5118,92.5013,94.3771,8240900.0
2025-03-17,93.9924,95.6662,93.3094,95.3102,10131700.0
2025-03-18,95.4545,95.5892,93.9635,94.5407,7423400.0
2025-03-19,94.531,95.7431,94.2232,95.416,4982700.0
2025-03-20,95.089,95.897,94.9158,95.5026,5952800.0
2025-03-21,94.2136,94.2809,92.6264,93.3767,11366000.0
2025-03-24,94.3002,94.4637,91.9915,92.0781,8265000.0
2025-03-25,92.5302,93.2805,91.1642,92.232,6984800.0
2025-03-26,92.3474,94.6465,92.3474,94.2425,9561600.0
2025-03-27,94.1751,96.1183,93.8288,95.089,9141000.0
2025-03-28,94.2713,94.7427,93.3671,94.0116,8066200.0
2025-03-31,92.9438,95.0601,90.9814,94.3579,11302900.0
2025-04-01,94.127,95.1371,93.4344,94.4926,5868400.0
2025-04-02,93.7038,95.9547,93.7038,95.6277,6043300.0
2025-04-03,89.7982,89.8367,84.3151,84.9019,20490100.0
2025-04-04,81.4389,82.1796,78.2067,78.9763,19700100.0
2025-04-07,75.6383,80.1018,73.2527,76.9562,26099400.0
2025-04-08,79.9094,80.3038,75.696,76.658,20534600.0
2025-04-09,76.2059,85.7388,74.9649,85.3059,26668100.0
2025-04-10,82.8337,83.2858,78.5626,81.3812,16209300.0
2025-04-11,81.2176,82.5547,78.957,82.1796,10059700.0
2025-04-14,83.0357,83.4686,80.2268,82.2373,8880500.0
2025-04-15,82.2469,82.7856,80.2845,80.525,7088600.0
2025-04-16,80.1306,80.3422,76.8504,77.6873,13080800.0
2025-04-17,78.1586,79.4092,78.1105,78.3991,9787500.0
2025-04-21,77.3025,77.745,75.1573,77.6103,10595600.0
2025-04-22,78.7935,80.3134,78.5145,78.6396,10408600.0
2025-04-23,80.804,82.4778,79.5053,79.6593,9114400.0
2025-04-24,79.2552,80.9387,78.4761,80.6693,6798100.0
2025-04-25,80.4481,80.7944,79.3226,80.6212,5799400.0
2025-04-28,81.1214,81.8237,80.1018,80.7078,7091400.0
2025-04-29,80.4577,81.8333,80.0344,81.6217,16356900.0
2025-04-30,73.4643,77.2255,72.6274,77.0043,41297000.0
2025-05-01,77.6392,79.5631,77.2159,78.8897,18326700.0
2025-05-02,79.4476,81.6024,78.9282,81.4677,13512900.0
2025-05-05,80.804,80.8809,78.4857,78.553,13361900.0
2025-05-06,77.9181,80.198,77.543,79.6304,10709500.0
2025-05-07,79.8132,80.0633,79.0148,79.5631,8224800.0
2025-05-08,80.1691,80.4192,78.5819,79.0629,8759800.0
2025-05-09,79.2745,79.5246,77.1486,77.2448,8210700.0
2025-05-12,80.4673,83.2474,80.4577,82.4105,17241500.0
2025-05-13,82.6029,83.8245,81.8621,83.5744,11533700.0
2025-05-14,83.4109,84.2959,82.4778,83.2474,12741500.0
2025-05-15,83.2473,84.4402,82.5547,83.94,13721900.0
2025-05-16,83.9109,84.1918,81.6441,82.8937,13109500.0
2025-05-19,81.8088,82.4772,81.4794,81.9638,9568100.0
2025-05-20,81.8766,83.4556,81.8088,82.9131,9310600.0
2025-05-21,81.77,82.8356,79.9294,80.3847,10875400.0
2025-05-22,80.6172,81.8378,80.1329,81.3438,8440400.0
2025-05-23,79.9973,82.1769,79.9876,81.7603,7088200.0
2025-05-27,82.7581,84.3662,82.5547,84.2887,10922300.0
2025-05-28,84.6956,84.8602,81.896,83.3103,12328500.0
2025-05-29,82.2447,83.0197,81.0822,81.4213,10308700.0
2025-05-30,81.3147,81.6344,80.5882,81.3244,7394100.0
2025-06-02,80.6753,82.6322,80.5882,82.5256,8258900.0
2025-06-03,82.4094,84.7537,81.7603,83.8915,8287700.0
2025-06-04,83.9206,85.7708,83.3297,85.3543,8740900.0
2025-06-05,85.4221,85.6449,84.1434,84.2693,8476100.0
2025-06-06,85.6352,87.0786,85.4802,86.8364,8772900.0
2025-06-09,86.294,88.2895,86.294,87.8342,8097300.0
2025-06-10,87.0883,89.0161,86.7299,88.5705,6911100.0
2025-06-11,89.2292,92.9103,89.1226,92.4066,14835500.0
2025-06-12,91.7188,92.0966,91.031,91.3701,7183300.0
2025-06-13,90.5757,91.651,90.2463,90.3432,7119900.0
2025-06-16,91.0407,91.4766,90.0332,90.5563,5871000.0
2025-06-17,90.2463,90.2948,87.9505,88.7254,6183000.0
2025-06-18,89.0064,89.6845,88.3767,89.3939,7319300.0
2025-06-20,90.1689,90.8663,89.5101,90.2076,9197000.0
2025-06-23,90.2851,90.2948,87.902,89.452,7533000.0
2025-06-24,90.0042,90.9051,87.4855,88.6383,11373900.0
2025-06-25,88.8901,89.1226,87.7858,88.2508,6929600.0
2025-06-26,89.2195,89.3164,87.592,88.9676,6571600.0
2025-06-27,88.8998,89.8201,87.5049,89.2292,21491600.0
2025-06-30,89.5295,91.2151,88.2314,88.7642,10083300.0
2025-07-01,88.677,92.8619,88.677,91.9513,9828400.0
2025-07-02,92.3,92.3194,90.4304,91.2345,7942300.0
2025-07-03,91.2538,91.6898,90.8276,91.4863,3557300.0
2025-07-07,91.2151,91.9804,90.0623,90.7113,5311200.0
2025-07-08,91.1182,92.7553,90.847,91.9707,6985700.0
2025-07-09,94.499,94.8284,91.6994,92.271,8322400.0
2025-07-10,91.9126,92.7457,90.6242,92.1741,6913600.0
2025-07-11,91.4185,92.3388,91.1957,91.9707,6339800.0
2025-07-14,90.7501,91.0213,89.3842,90.4982,6048300.0
2025-07-15,90.692,91.3507,89.2679,89.5876,8567900.0
2025-07-16,89.762,90.3626,88.6964,89.6167,7136900.0
2025-07-17,87.8923,90.3723,87.7373,90.2754,8589000.0
2025-07-18,91.0988,91.5057,90.3335,90.8663,5172800.0
2025-07-21,91.3507,92.3097,89.7136,89.762,7217300.0
2025-07-22,90.0429,94.1212,89.946,93.9081,9992400.0
2025-07-23,94.3053,95.1093,92.5519,92.92,11275300.0
2025-07-24,92.5132,92.5907,90.4982,90.7695,7897600.0
2025-07-25,90.4788,91.5251,89.4229,91.4669,7224100.0
2025-07-28,91.961,92.7456,90.537,90.7404,10333600.0
2025-07-29,90.3335,91.4379,88.9095,90.0526,20923600.0
2025-07-30,94.7703,95.7971,87.253,89.8589,44794700.0
2025-07-31,88.7351,90.1592,85.6643,86.3715,16565400.0
2025-08-01,85.6255,85.7321,82.8162,84.1434,16221300.0
2025-08-04,84.3565,87.2917,84.2209,86.9721,12500400.0
2025-08-05,86.8461,87.7277,86.5168,87.3789,6994400.0
2025-08-06,87.3886,87.5339,86.0421,86.2068,7869100.0
2025-08-07,86.9236,88.5026,86.6911,88.1733,9891800.0
2025-08-08,87.9311,89.3261,87.9117,89.2389,8035300.0
2025-08-11,89.1614,89.5489,87.6599,88.8708,9504400.0
2025-08-12,90.5176,91.8835,90.1689,90.4498,9669300.0
2025-08-13,90.2657,91.7285,89.8395,91.2345,6493400.0
2025-08-14,90.6823,90.6823,89.2001,90.1495,9803500.0
2025-08-15,90.247,90.4225,88.1212,88.3455,8059700.0
2025-08-18,88.0627,91.2514,87.6629,90.2372,7376200.0
2025-08-19,90.2372,90.6565,88.4723,88.6673,6815800.0
2025-08-20,88.6966,89.0476,87.2241,87.2826,5814000.0
2025-08-21,86.8146,86.9706,85.9175,86.3563,5669200.0
2025-08-22,86.9121,87.6142,86.1125,86.1807,7625500.0
2025-08-25,86.0247,86.1222,83.5772,83.6747,11013500.0
2025-08-26,83.7527,85.0301,83.4407,84.4743,9315200.0
2025-08-27,84.4743,86.1125,84.3475,85.4787,7677900.0
2025-08-28,86.0247,86.2588,85.4202,85.8297,7905600.0
2025-08-29,85.8102,86.366,85.2251,85.9955,6315200.0
2025-09-02,85.6542,87.7507,85.0106,87.5459,10466200.0
2025-09-03,87.1754,87.2534,84.1428,85.0789,10201000.0
2025-09-04,85.0009,85.5859,84.2403,84.8448,6799200.0
2025-09-05,84.6986,85.1764,82.9434,83.3042,9047200.0
2025-09-08,83.3724,83.3724,81.5977,82.0755,9213700.0
2025-09-09,82.1048,82.5728,81.1979,81.7245,8635800.0
2025-09-10,81.783,81.9097,80.7103,80.8176,8108000.0
2025-09-11,81.2174,81.8415,80.0863,80.3106,12046600.0
2025-09-12,80.3203,80.4861,79.1794,79.862,9996200.0
2025-09-15,80.0375,81.783,79.94,80.6226,9685900.0
2025-09-16,80.9639,82.6216,80.9346,82.2705,10244300.0
2025-09-17,82.3778,82.7484,80.8956,81.1492,6632200.0
2025-09-18,81.0711,81.5197,80.5738,81.3442,7163700.0
2025-09-19,82.0365,83.0994,81.3052,82.4558,15315900.0
2025-09-22,82.134,83.2749,81.6075,83.1676,7881700.0
2025-09-23,83.0311,84.0355,82.7386,83.5577,8765500.0
2025-09-24,83.4504,83.5187,82.0365,82.173,9664000.0
2025-09-25,82.4363,82.5631,80.8274,81.744,8670500.0
2025-09-26,81.7635,82.5143,80.8371,81.3149,6955500.0
2025-09-29,81.5685,83.704,81.4709,83.5089,11222800.0
2025-09-30,83.1091,83.1286,82.0853,82.4948,7574200.0
2025-10-01,82.3583,83.0214,81.8707,82.2998,8155200.0
2025-10-02,82.1535,85.0886,81.939,84.5621,9461500.0
2025-10-03,84.3475,84.7376,83.821,84.2695,7634500.0
2025-10-06,84.1428,84.1428,80.018,80.0668,14996700.0
2025-10-07,80.1155,80.4081,78.7796,79.2672,10070100.0
2025-10-08,79.1112,79.1112,77.941,78.0483,12397700.0
2025-10-09,78.1263,78.4578,77.4535,77.7948,9075700.0
2025-10-10,77.6778,79.1892,76.4589,76.5076,11129800.0
2025-10-13,76.8879,78.4383,76.5564,78.0385,8052000.0
2025-10-14,77.2779,79.4525,77.0634,79.1307,7510300.0
2025-10-15,79.667,81.2467,79.5402,80.7981,11094300.0
2025-10-16,81.1297,82.7776,80.9736,82.2413,11552100.0
2025-10-17,82.1535,83.8015,81.9292,83.2359,8527600.0
2025-10-20,83.5577,84.1915,82.329,82.4265,7679700.0
2025-10-21,82.0463,84.3573,81.5685,83.7625,8262500.0
2025-10-22,83.6259,83.86,82.7873,83.3724,5286300.0
2025-10-23,83.3529,83.7625,82.8654,83.3139,4565500.0
2025-10-24,83.9575,84.6791,83.7235,83.9477,5844600.0
2025-10-27,84.133,85.2641,83.9672,85.0496,7164600.0
2025-10-28,84.7376,85.3617,83.1871,83.3042,11545600.0
2025-10-29,82.0463,82.7776,81.2077,82.0755,13881700.0
2025-10-30,80.1838,83.9087,79.2282,81.0809,18337500.0
2025-10-31,80.7103,80.7201,78.2238,78.8576,13598000.0
2025-11-03,78.9161,79.8815,78.5943,78.9454,9525100.0
2025-11-04,79.1599,79.1794,76.0493,77.6192,17774600.0
2025-11-05,77.6192,81.0419,77.0732,80.8176,17996200.0
2025-11-06,80.5153,81.7635,79.823,80.174,10382800.0
2025-11-07,80.291,83.8112,79.7255,83.4407,15009900.0
2025-11-10,83.9185,84.0062,81.939,82.4948,10507600.0
2025-11-11,82.8654,84.8741,82.7874,84.2695,9575800.0
2025-11-12,85.4494,86.8438,84.9619,85.0886,11975800.0
2025-11-13,84.6011,85.1179,84.0453,84.289,10507700.0
2025-11-14,84.0828,84.9569,82.5015,83.2676,13434600.0
2025-11-17,83.6703,85.3007,81.9613,82.197,8547200.0
2025-11-18,82.1184,82.3443,80.8711,81.8434,7189400.0
2025-11-19,81.7747,82.8845,81.5488,82.1872,6195100.0
2025-11-20,82.531,83.7096,81.0675,81.1461,8966300.0
2025-11-21,81.0479,85.0355,81.0479,83.8274,10227700.0
2025-11-24,83.739,84.0631,81.3524,81.8533,10805800.0
2025-11-25,81.3524,84.4855,81.3425,84.3774,9265300.0
2025-11-26,83.9747,85.7328,83.9747,85.1533,7602600.0
2025-11-28,85.4774,85.723,84.8587,85.556,3677600.0
2025-12-01,84.6721,84.9569,83.2578,83.3953,8752100.0
2025-12-02,83.5131,84.4658,82.7176,83.6801,9001900.0
2025-12-03,83.5131,85.9391,83.4542,85.556,9303900.0
2025-12-04,85.7426,86.3025,83.2381,83.4837,10555100.0
2025-12-05,83.3953,84.9667,83.2872,83.6015,9402900.0
2025-12-08,83.6113,83.9747,81.6568,81.922,10277600.0
2025-12-09,81.8336,81.8435,80.5568,80.8122,10322900.0
2025-12-10,80.7434,82.5015,80.5077,82.3542,10539600.0
2025-12-11,82.7176,83.4837,82.2461,83.2283,6894000.0
2025-12-12,83.5917,84.3971,83.3462,83.8274,9071500.0
2025-12-15,84.4658,85.998,83.1497,83.8765,11718600.0
2025-12-16,84.1122,84.9962,83.2087,83.5622,7481400.0
2025-12-17,83.0613,84.2988,82.9926,83.6899,7947000.0
2025-12-18,86.1257,88.9641,85.7426,87.8248,16466100.0
2025-12-19,87.6284,87.6677,86.6757,86.7543,16986700.0
2025-12-22,86.5873,87.0391,84.5051,84.6328,7161600.0
2025-12-23,84.4855,84.6033,81.8926,82.364,9511300.0
2025-12-24,82.3443,83.1104,81.9809,83.0613,3462700.0
2025-12-26,83.0712,83.6408,82.914,83.5622,5046200.0
2025-12-29,83.6015,85.2417,83.464,84.0435,5352400.0
2025-12-30,83.7194,84.2203,83.5328,83.7292,4540500.0
2025-12-31,83.5917,83.6604,82.6193,82.7077,5293400.0
2026-01-02,82.7176,83.4444,81.539,82.472,11334900.0
2026-01-05,82.0104,85.6935,81.9122,85.0158,9894300.0
2026-01-06,85.0158,89.023,84.8194,87.8641,11351100.0
2026-01-07,87.4319,87.7855,84.9274,85.1435,9547000.0
2026-01-08,84.3283,87.6971,84.0828,86.6069,8140100.0
2026-01-09,86.7739,87.5105,85.2417,87.2944,7593200.0
2026-01-12,86.823,88.6204,86.0373,88.3552,7289500.0
2026-01-13,88.09,88.9838,87.8739,88.9445,5561900.0
2026-01-14,88.6498,89.8873,88.5418,89.5239,8373200.0
2026-01-15,90.4275,92.4901,90.0052,91.6159,10001700.0
2026-01-16,91.6945,91.999,90.5749,91.3311,8958200.0
2026-01-20,90.1231,92.1365,89.1605,91.9892,13555200.0
2026-01-21,92.1463,94.7981,92.0579,94.7098,17118100.0
2026-01-22,94.749,96.0553,93.1678,94.1205,14150800.0
2026-01-23,95.3678,96.1437,94.0517,95.8785,11759800.0
2026-01-26,95.4758,96.2223,94.0812,94.6115,14106700.0
2026-01-27,94.0615,94.9258,93.541,94.0124,16403600.0
2026-01-28,100.475,102.9501,93.4035,93.4624,25961600.0
2026-01-29,95.0339,95.1714,90.9579,92.2052,16602900.0
2026-01-30,91.0659,91.5472,89.3766,90.3097,10748000.0
2026-02-02,90.2114,90.9579,89.0034,90.0543,8675100.0
2026-02-03,89.9856,92.716,89.6614,91.3802,8361300.0
2026-02-04,92.0481,95.3776,91.8517,95.2401,9077100.0
2026-02-05,95.1321,95.7116,93.6588,94.3562,6776700.0
2026-02-06,94.5821,97.8036,94.2874,97.6759,8067100.0
2026-02-09,97.2634,98.1964,96.5071,97.2143,7150600.0
2026-02-10,97.2143,97.8919,95.7115,95.7901,8543500.0
2026-02-11,95.9964,97.5482,95.5937,97.3518,6949100.0
2026-02-12,98.2161,99.3947,94.7196,95.0339,9537300.0
2026-02-13,94.7571,95.8049,92.5231,92.7109,8949000.0
2026-02-17,93.8081,94.4111,92.5429,94.2925,8660000.0
2026-02-18,93.9465,95.5479,93.1755,94.6582,6068100.0
2026-02-19,94.2826,94.8362,93.6697,94.6978,5676700.0
2026-02-20,94.1146,96.655,93.8081,96.3683,8788300.0
2026-02-23,95.0339,96.0619,92.4737,93.6895,7696700.0
2026-02-24,93.7291,95.627,92.9284,95.3996,6537300.0
2026-02-25,96.1509,97.0702,94.7966,96.8033,6294100.0
2026-02-26,97.2382,98.6518,96.7143,96.9515,6246100.0
2026-02-27,95.2909,97.2975,95.0042,96.8922,7286900.0
2026-03-02,94.6088,95.9927,94.4012,95.6467,7250600.0
2026-03-03,93.8279,95.9729,93.3139,95.5676,7197200.0
2026-03-04,96.2299,97.0504,94.7472,96.0322,6233400.0
2026-03-05,96.0026,97.7918,95.8247,97.5545,9608100.0
2026-03-06,95.9532,98.0784,94.4605,97.8511,10826700.0
2026-03-09,97.1196,99.2251,95.706,98.6221,9376800.0
2026-03-10,98.2267,99.9763,97.1295,99.6106,8005800.0
2026-03-11,99.8379,100.52,98.5134,100.2729,8815800.0
2026-03-12,99.8577,101.2614,98.7407,99.0274,12248300.0
2026-03-13,99.4821,100.0554,97.7226,98.0092,9400400.0
2026-03-16,98.0883,98.7506,96.2596,96.6945,6871000.0
2026-03-17,97.3173,97.6435,96.309,96.4474,5382700.0
2026-03-18,95.0833,95.8148,91.4951,91.5939,7598400.0
2026-03-19,91.0898,95.1525,90.5362,94.7274,10524500.0
2026-03-20,93.8773,95.2414,91.159,91.4852,13961900.0
2026-03-23,92.7307,93.9267,92.5132,92.7504,7438300.0
2026-03-24,92.2364,92.5132,90.7339,90.9217,6262800.0
2026-03-25,91.2677,92.4539,90.813,91.6334,7007500.0
2026-03-26,91.2479,91.6928,89.6861,90.1705,6134000.0
2026-03-27,89.7059,89.9036,84.6151,85.8112,12433600.0
2026-03-30,85.4059,86.8491,85.228,85.7223,7422100.0
2026-03-31,86.9875,89.0634,86.4537,88.5592,9564200.0
2026-04-01,89.2116,89.9827,88.4505,89.3896,8044500.0
2026-04-02,88.7668,90.1705,87.1457,89.3303,7340000.0
2026-04-06,88.9645,93.7291,88.7866,93.6895,7236700.0
2026-04-07,93.4523,94.253,92.7603,94.1146,6205600.0
2026-04-08,96.3782,97.001,94.8955,96.0916,8232300.0
2026-04-09,95.884,96.7835,95.0734,95.8049,5320500.0
2026-04-10,95.884,96.1607,94.9548,95.4886,5356400.0
2026-04-13,95.4886,96.5463,94.3518,96.3585,5249200.0
2026-04-14,96.7538,97.861,96.4375,97.3371,4995500.0
2026-04-15,97.3568,98.0389,96.6748,97.2085,5211600.0
2026-04-16,97.2184,98.0092,96.6451,97.2283,5645500.0
2026-04-17,97.9302,100.263,97.772,98.8495,8133400.0
2026-04-20,97.861,98.5826,97.169,97.8115,6581800.0
2026-04-21,97.861,98.0191,95.7357,96.6748,4564200.0
2026-04-22,96.9515,98.5134,96.4474,98.375,5730100.0
2026-04-23,98.8198,99.6501,98.0587,98.3947,4515300.0
2026-04-24,98.2465,98.3651,96.8725,97.5348,6092500.0
2026-04-27,97.604,98.3552,96.7143,96.7637,5311600.0
2026-04-28,97.3469,97.5446,95.3403,96.1607,10383500.0
2026-04-29,100.8264,106.0358,98.9285,104.2862,25449200.0
2026-04-30,104.3356,104.731,102.6354,104.1181,9485900.0
2026-05-01,104.4839,106.2829,104.217,104.6816,6362300.0
2026-05-04,104.5827,105.4526,103.4855,103.7623,5487700.0
2026-05-05,103.5547,104.8496,103.1494,103.7326,6458500.0
2026-05-06,103.5448,106.3126,103.1988,105.2154,8665700.0
2026-05-07,104.731,104.8793,101.7556,103.0604,9179300.0
2026-05-08,103.2186,104.217,103.0506,103.7227,4538300.0
2026-05-11,103.7425,106.797,103.7425,104.5234,6499500.0
2026-05-12,104.3554,105.9271,103.1395,105.3538,6366000.0
2026-05-13,105.5416,106.8068,104.2565,104.731,8638900.0
2026-05-14,106.8859,107.6273,105.1264,105.1758,9941400.0
2026-05-15,105.146,107.2638,104.4003,106.2099,6463900.0
2026-05-18,106.1801,107.4925,105.2355,105.9911,6587800.0
2026-05-19,104.9372,106.9457,104.5096,105.7724,5265800.0
2026-05-20,105.7724,106.8462,104.8079,105.8917,6632500.0
2026-05-21,105.2554,105.5537,103.0282,103.5352,8342800.0
2026-05-22,103.4458,103.7043,101.8052,102.5211,9095700.0
2026-05-26,102.4912,103.3762,100.2243,100.8407,9099100.0
2026-05-27,101.1987,102.183,99.5581,101.5168,8901400.0
2026-05-28,101.1589,101.666,99.7967,100.1745,6261500.0
2026-05-29,99.926,100.3336,98.0169,98.5936,8206600.0
2026-06-01,97.6888,97.7783,95.044,95.9588,8191500.0
2026-06-02,95.2528,97.3408,94.8551,94.9645,9546600.0
2026-06-03,94.9347,97.6391,94.6761,95.3423,8541800.0
2026-06-04,97.2315,97.6789,93.2742,93.6023,7524400.0
2026-06-05,93.7514,95.4417,93.1052,94.7457,7623300.0
2026-06-08,94.2983,95.223,93.9304,94.2784,7306400.0
2026-06-09,94.6065,97.8777,94.4276,96.8536,10619700.0
2026-06-10,97.0227,98.9913,96.3465,98.1959,8724700.0
2026-06-11,98.3948,101.9742,98.3252,101.6958,10434800.0
2026-06-12,102.193,103.0978,101.2186,102.4515,5305500.0
2026-06-15,102.8989,103.0182,100.8308,101.0098,7054400.0
2026-06-16,101.1788,101.9742,99.8862,101.0992,6646100.0
2026-06-17,99.9658,101.2285,98.1263,99.2499,6932300.0
2026-06-18,99.9856,100.9401,98.9615,100.0751,10603900.0
2026-06-22,100.0751,101.2186,99.3891,99.578,5731000.0
2026-06-23,99.8862,100.7512,98.6831,100.4728,6001600.0
2026-06-24,100.6617,104.0622,100.6617,102.9387,6989500.0
2026-06-25,102.5111,103.6943,102.1532,102.5708,6853500.0
2026-06-26,102.8492,104.3207,102.1234,104.0026,17150800.0
2026-06-29,104.2114,104.3605,102.6205,103.4656,6788800.0
2026-06-30,103.3861,103.9827,101.5467,101.6063,7140000.0
2026-07-01,101.8549,103.1674,100.8208,102.7995,7464100.0
2026-07-02,103.406,105.146,102.5907,103.6744,7950200.0
2026-07-06,103.2668,103.8534,99.5183,101.5268,7404200.0
2026-07-07,102.9784,105.146,102.3023,103.0182,5556600.0
2026-07-08,103.6943,103.7043,101.2683,103.2767,7084100.0
2026-07-09,103.058,106.8363,102.6205,105.8022,7012700.0
2026-07-10,105.6929,106.9457,104.9471,105.4045,4686900.0
2026-07-13,105.7326,107.6218,105.3448,106.7269,6278500.0
2026-07-14,106.9954,107.8604,105.5437,105.5636,5153200.0
2026-07-15,105.7426,106.7965,104.1119,104.5096,4786100.0
2026-07-16,105.3946,108.0891,104.9372,107.751,6233800.0
2026-07-17,108.3277,108.6061,104.4798,104.8875,7633400.0
2026-07-20,105.1162,106.0409,102.6304,104.2114,6163000.0
2026-07-21,104.4599,104.8875,103.3264,103.8534,5996000.0
2026-07-22,103.4358,105.1162,102.3222,103.3861,5599800.0
2026-07-23,102.193,102.8492,101.3478,102.6205,6981400.0
2026-07-24,103.2966,104.5594,102.531,102.6603,6397200.0
2026-07-27,103.2171,105.0267,102.9586,103.058,5517500.0
2026-07-28,105.2255,105.4642,102.0736,102.5111,7055200.0
2026-07-29,103.0779,104.3108,102.541,103.5452,12546300.0
2026-07-30,106.6076,107.8405,103.0381,105.2454,23417700.0
2026-07-31,105.9713,107.5422,103.9926,104.6488,12393200.0
2026-08-03,107.0848,107.7411,102.71,102.7796,8830000.0
2026-08-04,102.4714,105.0565,101.2186,104.3704,9530900.0
2026-08-05,105.3846,105.8122,103.6943,105.3946,7857400.0
2026-08-06,105.5338,105.6829,103.0978,104.5594,6029500.0
2026-08-07,103.4358,106.2397,103.0779,104.977,6378200.0
2026-08-10,104.8775,105.3051,103.6844,104.0523,4947400.0
2026-08-11,103.9628,106.2795,103.5352,106.0508,5013300.0
2026-08-12,106.2994,107.9499,105.2752,107.8703,3924100.0
2026-08-13,108.5465,109.8788,107.8306,107.93,5190000.0
2026-08-14,107.62,108.82,107.47,107.69,3499100.0
2026-08-17,106.46,108.33,106.41,107.92,5935300.0
2026-08-18,109.07,109.23,105.92,106.01,5351000.0
2026-08-19,106.67,108.24,104.59,104.98,6815500.0
2026-08-20,104.38,105.74,102.97,103.99,7583100.0
2026-08-21,104.51,107.41,103.37,107.08,5550000.0
2026-08-24,107.22,107.81,105.68,107.49,6781200.0
2026-08-25,106.85,107.14,105.36,105.76,5785200.0
2026-08-26,106.13,108.58,105.42,108.49,6049100.0
2026-08-27,108.57,108.74,106.77,107.26,6418200.0
2026-08-31,107.52,107.73,106.01,106.25,7211300.0
2026-09-01,106.12,107.18,105.39,106.15,4628400.0
2026-09-02,106.18,107.9,105.63,106.72,5204200.0
