date,open,high,low,close,volume
1983-11-21,0.2456,0.2501,0.2456,0.2481,5177899.0
1983-11-22,0.2481,0.2481,0.2461,0.2461,3884616.0
1983-11-23,0.2461,0.2466,0.244,0.2451,2143291.0
1983-11-25,0.2451,0.2466,0.2451,0.2456,4475650.0
1983-11-28,0.2456,0.2461,0.243,0.243,5713325.0
1983-11-29,0.2425,0.2425,0.239,0.239,3039374.0
1983-11-30,0.239,0.24,0.237,0.2375,5174722.0
1983-12-01,0.238,0.2405,0.238,0.24,12648437.0
1983-12-02,0.24,0.24,0.2385,0.239,2553202.0
1983-12-05,0.239,0.2395,0.238,0.238,1987589.0
1983-12-06,0.238,0.2385,0.237,0.237,3927514.0
1983-12-07,0.237,0.238,0.2345,0.236,8342789.0
1983-12-08,0.236,0.237,0.2355,0.236,8574754.0
1983-12-09,0.236,0.236,0.234,0.2345,9132422.0
1983-12-12,0.2345,0.2355,0.2345,0.235,4474061.0
1983-12-13,0.235,0.238,0.2345,0.237,9666259.0
1983-12-14,0.237,0.2405,0.237,0.2375,6601464.0
1983-12-15,0.2375,0.238,0.2355,0.236,4914158.0
1983-12-16,0.236,0.2375,0.2345,0.236,4410509.0
1983-12-19,0.236,0.2365,0.2355,0.236,4968178.0
1983-12-20,0.236,0.237,0.2355,0.237,3191899.0
1983-12-21,0.237,0.2375,0.2355,0.2375,9906168.0
1983-12-22,0.2375,0.238,0.236,0.236,10011029.0
1983-12-23,0.236,0.2365,0.2345,0.2365,5112758.0
1983-12-27,0.2365,0.2365,0.235,0.236,3371434.0
1983-12-28,0.236,0.2385,0.236,0.2385,7093992.0
1983-12-29,0.2385,0.2385,0.2375,0.238,5942112.0
1983-12-30,0.238,0.2395,0.237,0.237,3870317.0
1984-01-03,0.2375,0.2461,0.2375,0.2456,3298349.0
1984-01-04,0.2481,0.2596,0.2481,0.2576,8595408.0
1984-01-05,0.2576,0.2622,0.2556,0.2566,5363789.0
1984-01-06,0.2566,0.2576,0.2501,0.2506,6042206.0
1984-01-09,0.2506,0.2511,0.2481,0.2496,4278638.0
1984-01-10,0.2496,0.2506,0.2481,0.2496,4354901.0
1984-01-11,0.2501,0.2531,0.2501,0.2511,5621174.0
1984-01-12,0.2511,0.2526,0.2501,0.2516,3549379.0
1984-01-13,0.2516,0.2556,0.2516,0.2556,5357434.0
1984-01-16,0.2556,0.2632,0.2536,0.2607,4486771.0
1984-01-17,0.2607,0.2617,0.2591,0.2617,3492182.0
1984-01-18,0.2617,0.2657,0.2617,0.2652,5911925.0
1984-01-19,0.2652,0.2657,0.2622,0.2622,3991066.0
1984-01-20,0.2622,0.2627,0.2602,0.2622,3282461.0
1984-01-23,0.2622,0.2627,0.2607,0.2617,2343480.0
1984-01-24,0.2617,0.2637,0.2607,0.2607,2843952.0
1984-01-25,0.2607,0.2612,0.2561,0.2566,2105160.0
1984-01-26,0.2556,0.2556,0.2511,0.2516,4065739.0
1984-01-27,0.2516,0.2526,0.2486,0.2511,5795942.0
1984-01-30,0.2511,0.2561,0.2506,0.2551,6531557.0
1984-01-31,0.2551,0.2561,0.2531,0.2531,2910682.0
1984-02-01,0.2531,0.2546,0.2516,0.2516,2521426.0
1984-02-02,0.2516,0.2521,0.2501,0.2501,5649773.0
1984-02-03,0.2501,0.2516,0.2496,0.2506,4299293.0
1984-02-06,0.2506,0.2506,0.2481,0.2481,3624053.0
1984-02-07,0.2481,0.2516,0.2451,0.2471,4292938.0
1984-02-08,0.2471,0.2486,0.2456,0.2461,2653296.0
1984-02-09,0.2451,0.2451,0.2415,0.2415,3528725.0
1984-02-10,0.2415,0.242,0.2395,0.2405,2918626.0
1984-02-13,0.2405,0.2461,0.2405,0.2456,4429574.0
1984-02-14,0.2456,0.2506,0.2451,0.2471,4296115.0
1984-02-15,0.2471,0.2481,0.2446,0.2461,5397154.0
1984-02-16,0.2461,0.2471,0.2415,0.2451,4912570.0
1984-02-17,0.2451,0.2456,0.243,0.2435,1723848.0
1984-02-21,0.2435,0.2446,0.2425,0.2435,4385088.0
1984-02-22,0.2435,0.2466,0.243,0.2446,4431163.0
1984-02-23,0.2435,0.2435,0.24,0.241,7465771.0
1984-02-24,0.241,0.242,0.2375,0.2395,7024085.0
1984-02-27,0.2395,0.242,0.239,0.2405,4516958.0
1984-02-28,0.2405,0.241,0.2385,0.2385,2484883.0
1984-02-29,0.2385,0.242,0.2375,0.242,6194731.0
1984-03-01,0.242,0.2466,0.2415,0.2466,4400976.0
1984-03-02,0.2466,0.2471,0.2435,0.2446,3415920.0
1984-03-05,0.244,0.244,0.242,0.2425,2060674.0
1984-03-06,0.2425,0.2425,0.2405,0.2415,2945635.0
1984-03-07,0.241,0.241,0.2375,0.2385,3106104.0
1984-03-08,0.2385,0.2415,0.2375,0.2415,3015542.0
1984-03-09,0.241,0.241,0.238,0.24,2542080.0
1984-03-12,0.24,0.241,0.238,0.2385,3558912.0
1984-03-13,0.2385,0.24,0.2375,0.2395,4829952.0
1984-03-14,0.2395,0.2405,0.237,0.24,4585277.0
1984-03-15,0.24,0.242,0.239,0.2395,5149301.0
1984-03-16,0.2395,0.241,0.236,0.2365,4604342.0
1984-03-19,0.2365,0.237,0.234,0.2365,3627230.0
1984-03-20,0.2365,0.2365,0.234,0.235,8670082.0
1984-03-21,0.235,0.236,0.2345,0.236,5030141.0
1984-03-22,0.236,0.237,0.2335,0.234,11051693.0
1984-03-23,0.234,0.236,0.231,0.236,6037440.0
1984-03-26,0.2437,0.2442,0.2359,0.238,4381910.0
1984-03-27,0.238,0.2401,0.2375,0.238,5597342.0
1984-03-28,0.238,0.2395,0.238,0.2385,3493771.0
1984-03-29,0.2385,0.2406,0.2385,0.239,2148058.0
1984-03-30,0.239,0.2395,0.238,0.238,5878560.0
1984-04-02,0.238,0.239,0.2343,0.2349,5738746.0
1984-04-03,0.2349,0.2359,0.2307,0.2328,5637062.0
1984-04-04,0.2328,0.2354,0.2328,0.2328,5727624.0
1984-04-05,0.2328,0.2338,0.2307,0.2312,3346013.0
1984-04-06,0.2312,0.2318,0.2307,0.2312,2413387.0
1984-04-09,0.2312,0.2323,0.2307,0.2307,2464229.0
1984-04-10,0.2307,0.2328,0.2307,0.2307,4756867.0
1984-04-11,0.2307,0.2328,0.2307,0.2307,3655829.0
1984-04-12,0.2307,0.2349,0.2307,0.2338,4192843.0
1984-04-13,0.2338,0.2343,0.2318,0.2328,5557622.0
1984-04-16,0.2328,0.2333,0.2318,0.2328,2761334.0
1984-04-17,0.2333,0.2349,0.2333,0.2338,3411154.0
1984-04-18,0.2338,0.2369,0.2338,0.2338,4693315.0
1984-04-19,0.2338,0.2364,0.2338,0.2349,3946579.0
1984-04-23,0.2349,0.2369,0.2343,0.2364,2494416.0
1984-04-24,0.238,0.2427,0.238,0.2421,4482005.0
1984-04-25,0.2432,0.2453,0.2432,0.2447,3967234.0
1984-04-26,0.2447,0.2473,0.2447,0.2463,3225264.0
1984-04-27,0.2458,0.2458,0.2442,0.2453,2154413.0
1984-04-30,0.2453,0.2484,0.2447,0.2473,3056851.0
1984-05-01,0.2479,0.2515,0.2479,0.2499,4521725.0
1984-05-02,0.2453,0.2453,0.2416,0.2437,13849570.0
1984-05-03,0.2442,0.2473,0.2442,0.2458,5679960.0
1984-05-04,0.2458,0.2468,0.2453,0.2453,4451818.0
1984-05-07,0.2453,0.2458,0.2442,0.2447,4648829.0
1984-05-08,0.2447,0.2458,0.2427,0.2442,2384789.0
1984-05-09,0.2442,0.2463,0.2442,0.2447,2437219.0
1984-05-10,0.2447,0.2453,0.2432,0.2432,4583688.0
1984-05-11,0.2427,0.2427,0.2401,0.2401,3230030.0
1984-05-14,0.2395,0.2395,0.2354,0.2354,3434986.0
1984-05-15,0.2354,0.2354,0.2338,0.2349,2855074.0
1984-05-16,0.2349,0.2359,0.2338,0.2343,3730502.0
1984-05-17,0.2343,0.2354,0.2328,0.2328,2634230.0
1984-05-18,0.2328,0.2333,0.2307,0.2323,1636464.0
1984-05-21,0.2323,0.2333,0.2307,0.2318,1609454.0
1984-05-22,0.2318,0.2323,0.2297,0.2312,2688250.0
1984-05-23,0.2318,0.2349,0.2318,0.2343,1688894.0
1984-05-24,0.2343,0.2343,0.2328,0.2328,2915448.0
1984-05-25,0.2328,0.2343,0.2312,0.2312,2128992.0
1984-05-29,0.2312,0.2318,0.2297,0.2297,1569734.0
1984-05-30,0.2297,0.2307,0.2286,0.2292,1604688.0
1984-05-31,0.2292,0.2307,0.2292,0.2302,1442630.0
1984-06-01,0.2307,0.2369,0.2307,0.2364,1908149.0
1984-06-04,0.2364,0.2395,0.2359,0.2364,5284349.0
1984-06-05,0.2364,0.2369,0.2349,0.2359,1885906.0
1984-06-06,0.2359,0.2375,0.2354,0.2369,3218909.0
1984-06-07,0.2369,0.2395,0.2354,0.2369,4265928.0
1984-06-08,0.2375,0.2406,0.2375,0.2395,6016786.0
1984-06-11,0.2395,0.2401,0.2385,0.2395,3102926.0
1984-06-12,0.2395,0.2416,0.239,0.2401,2470584.0
1984-06-13,0.2401,0.2406,0.239,0.2395,1958990.0
1984-06-14,0.2395,0.2395,0.2364,0.2364,2410210.0
1984-06-15,0.2364,0.2375,0.2354,0.2375,2818531.0
1984-06-18,0.2375,0.2406,0.2349,0.2385,3752746.0
1984-06-19,0.2385,0.2411,0.238,0.2406,9135600.0
1984-06-20,0.2406,0.2432,0.2375,0.2421,2279928.0
1984-06-21,0.2421,0.2447,0.2406,0.2447,5994542.0
1984-06-22,0.2442,0.2442,0.2421,0.2427,20945150.0
1984-06-25,0.2463,0.2463,0.2442,0.2442,2824886.0
1984-06-26,0.2442,0.2453,0.2431,0.2442,1072440.0
1984-06-27,0.2442,0.2447,0.2399,0.2404,2173478.0
1984-06-28,0.2404,0.242,0.2404,0.241,1043842.0
1984-06-29,0.241,0.2415,0.2383,0.2399,3430219.0
1984-07-02,0.2399,0.2399,0.2383,0.2399,1879550.0
1984-07-03,0.2399,0.242,0.2399,0.2415,1968523.0
1984-07-05,0.2415,0.242,0.2404,0.241,1944691.0
1984-07-06,0.241,0.2415,0.2399,0.2404,2011421.0
1984-07-09,0.2404,0.2436,0.2404,0.2426,1296461.0
1984-07-10,0.2426,0.2458,0.242,0.2431,2419742.0
1984-07-11,0.2436,0.2479,0.2436,0.2463,5751456.0
1984-07-12,0.2469,0.2506,0.2469,0.2495,5106403.0
1984-07-13,0.2506,0.2538,0.2506,0.2522,2052730.0
1984-07-16,0.2522,0.2549,0.2517,0.2522,2516659.0
1984-07-17,0.2522,0.256,0.2506,0.2544,1931981.0
1984-07-18,0.2544,0.2571,0.2544,0.256,5436874.0
1984-07-19,0.2565,0.2571,0.2549,0.2549,1237675.0
1984-07-20,0.256,0.2576,0.2544,0.2555,2062262.0
1984-07-23,0.2544,0.2565,0.2522,0.2555,4386677.0
1984-07-24,0.2565,0.2592,0.256,0.2576,2051141.0
1984-07-25,0.2576,0.2635,0.2571,0.2608,2421331.0
1984-07-26,0.2608,0.2662,0.2592,0.2597,6544267.0
1984-07-27,0.2592,0.2592,0.2571,0.2571,1375901.0
1984-07-30,0.2565,0.2587,0.2555,0.2571,1542725.0
1984-07-31,0.2571,0.2608,0.2565,0.2608,1402910.0
1984-08-01,0.2597,0.2673,0.2592,0.2673,3763867.0
1984-08-02,0.2662,0.2785,0.2597,0.2758,5088926.0
1984-08-03,0.2748,0.278,0.2716,0.2737,4103870.0
1984-08-06,0.2726,0.2726,0.2662,0.2662,3938635.0
1984-08-07,0.2656,0.2694,0.2651,0.2662,4634530.0
1984-08-08,0.2667,0.2678,0.2651,0.2651,2662829.0
1984-08-09,0.2656,0.2694,0.2651,0.2678,1952635.0
1984-08-10,0.2683,0.2716,0.2683,0.2694,3077506.0
1984-08-13,0.2694,0.2699,0.2673,0.2694,1661885.0
1984-08-14,0.2683,0.2705,0.2683,0.2689,1487117.0
1984-08-15,0.2678,0.271,0.2673,0.2683,2109926.0
1984-08-16,0.2673,0.2705,0.2667,0.2694,991411.0
1984-08-17,0.2699,0.2716,0.2673,0.2694,1113749.0
1984-08-20,0.2694,0.2732,0.2694,0.2732,1997122.0
1984-08-21,0.2721,0.278,0.2716,0.2764,3336480.0
1984-08-22,0.2753,0.2769,0.2748,0.2758,1213843.0
1984-08-23,0.2748,0.2753,0.2737,0.2742,1725437.0
1984-08-24,0.2742,0.2742,0.2726,0.2732,4547146.0
1984-08-27,0.2721,0.2737,0.271,0.2721,1059730.0
1984-08-28,0.2721,0.2737,0.2721,0.2726,889728.0
1984-08-29,0.2726,0.2742,0.2726,0.2726,1639642.0
1984-08-30,0.2716,0.2726,0.271,0.2721,1139170.0
1984-08-31,0.2716,0.2726,0.2716,0.2726,1512538.0
1984-09-04,0.2721,0.2726,0.271,0.2716,646642.0
1984-09-05,0.2705,0.271,0.2694,0.2694,2179834.0
1984-09-06,0.271,0.2737,0.2705,0.2726,12097123.0
1984-09-07,0.2732,0.2737,0.2716,0.2716,1126459.0
1984-09-10,0.2705,0.2732,0.2699,0.2726,7843906.0
1984-09-11,0.271,0.2721,0.271,0.271,6566510.0
1984-09-12,0.271,0.2726,0.271,0.2721,689539.0
1984-09-13,0.2732,0.2758,0.2716,0.2748,11768242.0
1984-09-14,0.2769,0.2775,0.2753,0.2764,2276750.0
1984-09-17,0.2753,0.2775,0.2742,0.2758,10754587.0
1984-09-18,0.2764,0.2769,0.2753,0.2753,1582445.0
1984-09-19,0.2753,0.2807,0.2748,0.2785,13738354.0
1984-09-20,0.2785,0.2828,0.278,0.2807,5494070.0
1984-09-21,0.2807,0.2834,0.2807,0.2817,23069376.0
1984-09-24,0.2844,0.2861,0.2839,0.2839,5981832.0
1984-09-25,0.2833,0.2855,0.2817,0.2844,1374312.0
1984-09-26,0.2839,0.2861,0.2833,0.2844,1167768.0
1984-09-27,0.285,0.2861,0.2839,0.2844,3247507.0
1984-09-28,0.285,0.2861,0.2844,0.2855,1455341.0
1984-10-01,0.2855,0.2866,0.285,0.2855,3531902.0
1984-10-02,0.285,0.2861,0.2844,0.2855,3547790.0
1984-10-03,0.2855,0.2855,0.2844,0.2844,1571323.0
1984-10-04,0.285,0.285,0.2839,0.2844,854774.0
1984-10-05,0.2844,0.285,0.2822,0.2828,1885906.0
1984-10-08,0.2833,0.2833,0.28,0.2805,513182.0
1984-10-09,0.2811,0.2822,0.2794,0.28,923093.0
1984-10-10,0.2805,0.2811,0.2794,0.2805,1531603.0
1984-10-11,0.2811,0.2828,0.2805,0.2817,1251974.0
1984-10-12,0.2828,0.2855,0.2828,0.285,1526837.0
1984-10-15,0.285,0.2899,0.2844,0.2894,3226853.0
1984-10-16,0.2894,0.2916,0.2894,0.2916,2028898.0
1984-10-17,0.2916,0.296,0.291,0.2949,1463285.0
1984-10-18,0.2966,0.3004,0.296,0.2999,2832830.0
1984-10-19,0.3026,0.306,0.3015,0.3037,3004421.0
1984-10-22,0.3032,0.3037,0.2993,0.2999,1215432.0
1984-10-23,0.2982,0.2982,0.2872,0.2899,6150245.0
1984-10-24,0.2905,0.291,0.2872,0.2872,3919570.0
1984-10-25,0.2883,0.2921,0.2872,0.2916,5074627.0
1984-10-26,0.2899,0.2905,0.2888,0.2894,1870018.0
1984-10-29,0.2883,0.2899,0.2872,0.2899,1897027.0
1984-10-30,0.2883,0.2905,0.2877,0.2894,2095627.0
1984-10-31,0.2883,0.2905,0.2877,0.2894,2225909.0
1984-11-01,0.2883,0.2905,0.2883,0.2894,2977411.0
1984-11-02,0.2888,0.2916,0.2888,0.2905,2489650.0
1984-11-05,0.2894,0.2916,0.2894,0.2899,2192544.0
1984-11-06,0.2899,0.2938,0.2899,0.2933,3129936.0
1984-11-07,0.2938,0.2944,0.291,0.2916,2729558.0
1984-11-08,0.2905,0.291,0.2883,0.2894,1550669.0
1984-11-09,0.2899,0.2916,0.2883,0.2883,2022542.0
1984-11-12,0.2883,0.2883,0.2872,0.2872,803933.0
1984-11-13,0.2861,0.2866,0.2839,0.2844,937392.0
1984-11-14,0.2844,0.285,0.2822,0.2844,2718437.0
1984-11-15,0.2855,0.2888,0.2855,0.2877,3274517.0
1984-11-16,0.2883,0.2894,0.2877,0.2883,3066384.0
1984-11-19,0.2883,0.2888,0.2866,0.2866,2157590.0
1984-11-20,0.2877,0.2894,0.2872,0.2894,2100394.0
1984-11-21,0.2894,0.2921,0.2888,0.291,1474406.0
1984-11-23,0.2921,0.3004,0.2921,0.2993,2036842.0
1984-11-26,0.3004,0.3015,0.2988,0.2993,3012365.0
1984-11-27,0.2999,0.3026,0.2993,0.301,3083861.0
1984-11-28,0.301,0.3065,0.2999,0.2999,4694904.0
1984-11-29,0.2993,0.3004,0.2971,0.2977,2734325.0
1984-11-30,0.2971,0.2971,0.2944,0.2944,1763568.0
1984-12-03,0.2949,0.296,0.2944,0.2955,1493472.0
1984-12-04,0.2944,0.2955,0.2938,0.2938,1364779.0
1984-12-05,0.2944,0.2949,0.2938,0.2938,1539547.0
1984-12-06,0.2938,0.296,0.2938,0.2938,1158235.0
1984-12-07,0.2933,0.2949,0.2927,0.2933,737203.0
1984-12-10,0.2933,0.2944,0.2916,0.2944,1517304.0
1984-12-11,0.2949,0.296,0.2944,0.2955,924682.0
1984-12-12,0.2955,0.296,0.2938,0.2944,1798522.0
1984-12-13,0.2933,0.296,0.2933,0.2944,1692072.0
1984-12-14,0.2944,0.3004,0.2944,0.2993,1679362.0
1984-12-17,0.2993,0.3043,0.2993,0.3043,2956757.0
1984-12-18,0.3093,0.3137,0.3082,0.3131,4388266.0
1984-12-19,0.3126,0.3159,0.3126,0.3126,2175067.0
1984-12-20,0.3126,0.3148,0.3082,0.3087,2380022.0
1984-12-21,0.3087,0.3115,0.3087,0.3093,3188722.0
1984-12-24,0.3104,0.312,0.3104,0.3109,1288517.0
1984-12-26,0.3109,0.3115,0.3104,0.3115,479818.0
1984-12-27,0.3104,0.3109,0.3087,0.3104,803933.0
1984-12-28,0.3104,0.3109,0.3093,0.3098,1043842.0
1984-12-31,0.3093,0.3137,0.3093,0.3126,7710446.0
1985-01-02,0.3126,0.3126,0.3115,0.3126,2148058.0
1985-01-03,0.3115,0.3131,0.3109,0.3115,10385986.0
1985-01-04,0.3131,0.317,0.3125,0.3142,12030394.0
1985-01-07,0.3153,0.3153,0.3119,0.3119,9427939.0
1985-01-08,0.3119,0.3136,0.3114,0.3114,7548389.0
1985-01-09,0.3114,0.3125,0.3102,0.3114,16618848.0
1985-01-10,0.3108,0.3176,0.3102,0.3125,6120058.0
1985-01-11,0.3108,0.3125,0.3102,0.3119,2554790.0
1985-01-14,0.3114,0.3148,0.3114,0.3136,2572267.0
1985-01-15,0.3131,0.3148,0.3125,0.3142,3400032.0
1985-01-16,0.3142,0.3142,0.3125,0.3131,2073384.0
1985-01-17,0.3131,0.3136,0.3119,0.3119,1482350.0
1985-01-18,0.3119,0.3125,0.3108,0.3119,1461696.0
1985-01-21,0.3125,0.3136,0.3119,0.3131,1261507.0
1985-01-22,0.3131,0.3136,0.3108,0.3119,3868728.0
1985-01-23,0.3108,0.3131,0.3108,0.3125,1947869.0
1985-01-24,0.3131,0.3148,0.3119,0.3125,4234152.0
1985-01-25,0.3131,0.3182,0.3125,0.317,5610053.0
1985-01-28,0.3165,0.3233,0.3159,0.3205,3917981.0
1985-01-29,0.3205,0.3256,0.3199,0.325,2300582.0
1985-01-30,0.3256,0.3329,0.325,0.329,3811531.0
1985-01-31,0.3278,0.3318,0.3273,0.3301,2345069.0
1985-02-01,0.3284,0.3301,0.3256,0.3267,1256741.0
1985-02-04,0.3256,0.3284,0.3256,0.3278,2519837.0
1985-02-05,0.3278,0.3284,0.3256,0.3278,2569090.0
1985-02-06,0.3267,0.3307,0.3261,0.3284,3188722.0
1985-02-07,0.3295,0.3324,0.3295,0.3307,2726381.0
1985-02-08,0.3301,0.3318,0.3295,0.3307,3107693.0
1985-02-11,0.3307,0.3318,0.3301,0.3312,940570.0
1985-02-12,0.3318,0.3363,0.3318,0.3363,1124870.0
1985-02-13,0.3363,0.3426,0.3358,0.3414,2550024.0
1985-02-14,0.342,0.3426,0.338,0.3386,1911326.0
1985-02-15,0.338,0.3403,0.338,0.3386,1882728.0
1985-02-19,0.3397,0.3403,0.3392,0.3392,1113749.0
1985-02-20,0.3392,0.3403,0.3375,0.3386,1164590.0
1985-02-21,0.3386,0.3392,0.3369,0.3369,660941.0
1985-02-22,0.3369,0.3375,0.3301,0.3307,1360013.0
1985-02-25,0.3307,0.3312,0.3284,0.3301,2205254.0
1985-02-26,0.3312,0.3363,0.3301,0.3363,2643763.0
1985-02-27,0.3352,0.3403,0.3346,0.338,1094683.0
1985-02-28,0.3375,0.338,0.3358,0.3358,1652352.0
1985-03-01,0.3358,0.3392,0.3346,0.3375,1811232.0
1985-03-04,0.338,0.338,0.3352,0.3363,1479173.0
1985-03-05,0.3358,0.3363,0.3329,0.3329,2483294.0
1985-03-06,0.3335,0.3335,0.329,0.3295,1264685.0
1985-03-07,0.329,0.3329,0.3284,0.3318,2073384.0
1985-03-08,0.3307,0.3324,0.3301,0.3301,1058141.0
1985-03-11,0.329,0.3312,0.329,0.3301,967579.0
1985-03-12,0.3307,0.3358,0.3301,0.3341,993000.0
1985-03-13,0.3341,0.3358,0.3329,0.3352,630754.0
1985-03-14,0.3335,0.3369,0.3329,0.3358,931037.0
1985-03-15,0.3369,0.338,0.3358,0.3369,1663474.0
1985-03-18,0.338,0.3392,0.3363,0.3369,1240853.0
1985-03-19,0.3375,0.338,0.3363,0.3369,807110.0
1985-03-20,0.3369,0.3369,0.3352,0.3358,606922.0
1985-03-21,0.3346,0.3375,0.3335,0.3369,1933570.0
1985-03-22,0.3392,0.3403,0.3358,0.3386,2159179.0
1985-03-25,0.338,0.3386,0.3352,0.3363,807110.0
1985-03-26,0.3369,0.3375,0.3346,0.3369,2437219.0
1985-03-27,0.3369,0.3386,0.3363,0.338,1135992.0
1985-03-28,0.3375,0.338,0.3363,0.3363,1323470.0
1985-03-29,0.3369,0.3409,0.3363,0.3392,2990122.0
1985-04-01,0.3392,0.3414,0.3386,0.3414,1121693.0
1985-04-02,0.3414,0.3443,0.3414,0.3443,7804186.0
1985-04-03,0.3465,0.3465,0.3436,0.3436,2737502.0
1985-04-04,0.3425,0.3448,0.3401,0.3442,1340947.0
1985-04-08,0.3425,0.3454,0.3419,0.3419,961224.0
1985-04-09,0.3407,0.3413,0.339,0.3401,1035898.0
1985-04-10,0.3413,0.3471,0.3413,0.346,2473762.0
1985-04-11,0.3477,0.3512,0.3477,0.3495,1523659.0
1985-04-12,0.3489,0.3512,0.3483,0.3506,1795344.0
1985-04-15,0.3518,0.3541,0.3506,0.3524,1340947.0
1985-04-16,0.3535,0.3559,0.3529,0.3553,2712082.0
1985-04-17,0.3576,0.3576,0.3518,0.3535,1601510.0
1985-04-18,0.3529,0.3535,0.35,0.3506,1091506.0
1985-04-19,0.35,0.3506,0.3483,0.35,2591333.0
1985-04-22,0.3495,0.3506,0.3495,0.3495,1617398.0
1985-04-23,0.3489,0.3535,0.3489,0.3529,3597043.0
1985-04-24,0.3559,0.3564,0.3535,0.3553,1885906.0
1985-04-25,0.3559,0.3634,0.3553,0.3628,1536370.0
1985-04-26,0.3628,0.3634,0.3594,0.3611,1080384.0
1985-04-29,0.3605,0.3605,0.3559,0.3564,1671418.0
1985-04-30,0.3564,0.3576,0.3495,0.3506,5748278.0
1985-05-01,0.35,0.3506,0.343,0.343,2847130.0
1985-05-02,0.3436,0.3471,0.3436,0.3471,1421976.0
1985-05-03,0.346,0.3489,0.3448,0.3483,869074.0
1985-05-06,0.3477,0.3483,0.3471,0.3471,905616.0
1985-05-07,0.3483,0.3489,0.3471,0.3483,1213843.0
1985-05-08,0.3483,0.3518,0.3483,0.35,1388611.0
1985-05-09,0.35,0.3535,0.35,0.3524,1706371.0
1985-05-10,0.3553,0.3599,0.3547,0.3594,1209077.0
1985-05-13,0.3588,0.3611,0.3576,0.3605,2335536.0
1985-05-14,0.3594,0.3605,0.3588,0.3594,1806466.0
1985-05-15,0.3605,0.3623,0.3594,0.3623,1669829.0
1985-05-16,0.3634,0.3675,0.3623,0.3658,1286928.0
1985-05-17,0.3646,0.3704,0.364,0.3704,1223376.0
1985-05-20,0.3704,0.3727,0.3693,0.3722,3226853.0
1985-05-21,0.3698,0.3704,0.3669,0.3693,2013010.0
1985-05-22,0.3698,0.3698,0.3681,0.3698,1787400.0
1985-05-23,0.3698,0.3698,0.3669,0.3693,2673950.0
1985-05-24,0.3687,0.3698,0.3687,0.3698,2303760.0
1985-05-28,0.3704,0.3716,0.3698,0.3704,1696838.0
1985-05-29,0.3704,0.3716,0.3687,0.3687,1401322.0
1985-05-30,0.3698,0.3716,0.3687,0.3704,1854130.0
1985-05-31,0.3716,0.3739,0.3704,0.3733,1838242.0
1985-06-03,0.3739,0.3762,0.3739,0.3762,2443574.0
1985-06-04,0.3762,0.3774,0.3751,0.3774,2273573.0
1985-06-05,0.3762,0.3797,0.3751,0.3797,2896382.0
1985-06-06,0.3792,0.3821,0.3786,0.3815,2353013.0
1985-06-07,0.3815,0.3826,0.3797,0.3797,1468051.0
1985-06-10,0.3797,0.3797,0.3745,0.3762,1836653.0
1985-06-11,0.3762,0.3762,0.371,0.371,980290.0
1985-06-12,0.371,0.371,0.3693,0.3704,4134058.0
1985-06-13,0.371,0.3722,0.3681,0.3693,3908448.0
1985-06-14,0.3687,0.3693,0.3675,0.3693,1711138.0
1985-06-17,0.3693,0.3693,0.3663,0.3681,819821.0
1985-06-18,0.3681,0.3716,0.3681,0.3704,2440397.0
1985-06-19,0.3716,0.3727,0.3704,0.3722,1498238.0
1985-06-20,0.3716,0.3739,0.3704,0.3733,5718091.0
1985-06-21,0.3727,0.378,0.3722,0.378,3616109.0
1985-06-24,0.3774,0.3809,0.3757,0.3797,2244974.0
1985-06-25,0.3809,0.3821,0.3803,0.3815,1417210.0
1985-06-26,0.3826,0.385,0.3809,0.3844,1924037.0
1985-06-27,0.3856,0.3879,0.385,0.3873,2993299.0
1985-06-28,0.3885,0.3914,0.3861,0.3914,3531902.0
1985-07-01,0.3937,0.396,0.392,0.3955,1788989.0
1985-07-02,0.396,0.3972,0.3949,0.3955,16507632.0
1985-07-03,0.3978,0.399,0.3966,0.3978,1582445.0
1985-07-05,0.3984,0.3996,0.3978,0.3984,1058141.0
1985-07-08,0.3984,0.3996,0.3978,0.3996,1960579.0
1985-07-09,0.3996,0.4008,0.3984,0.399,845242.0
1985-07-10,0.4002,0.4043,0.3996,0.4026,2046374.0
1985-07-11,0.4026,0.4085,0.4026,0.4073,2108338.0
1985-07-12,0.4085,0.4163,0.4079,0.4163,1653941.0
1985-07-15,0.4163,0.421,0.4163,0.4198,1877962.0
1985-07-16,0.4198,0.4216,0.4187,0.4198,1928803.0
1985-07-17,0.4204,0.4222,0.4187,0.4192,2030486.0
1985-07-18,0.4175,0.4181,0.4115,0.4139,2163946.0
1985-07-19,0.4091,0.4115,0.4055,0.4055,4299293.0
1985-07-22,0.4055,0.4073,0.3996,0.4002,4264339.0
1985-07-23,0.4002,0.4008,0.3823,0.3853,4037141.0
1985-07-24,0.3888,0.39,0.3829,0.3853,3500126.0
1985-07-25,0.3859,0.3864,0.3841,0.3847,1680950.0
1985-07-26,0.3841,0.3876,0.3817,0.3864,2777222.0
1985-07-29,0.3864,0.3864,0.3835,0.3841,2859840.0
1985-07-30,0.3829,0.3876,0.3823,0.3876,1377490.0
1985-07-31,0.3876,0.3894,0.3864,0.3882,2394322.0
1985-08-01,0.3882,0.3948,0.3882,0.393,2275162.0
1985-08-02,0.393,0.393,0.3847,0.3853,8509613.0
1985-08-05,0.387,0.387,0.3823,0.3823,1576090.0
1985-08-06,0.3829,0.3841,0.3769,0.3769,1981234.0
1985-08-07,0.3757,0.3781,0.3733,0.3763,1911326.0
1985-08-08,0.3775,0.3936,0.3769,0.3864,1255152.0
1985-08-09,0.3882,0.3888,0.3847,0.387,1604688.0
1985-08-12,0.3859,0.3864,0.3847,0.3853,757858.0
1985-08-13,0.3864,0.3888,0.3853,0.387,865896.0
1985-08-14,0.3864,0.39,0.3864,0.3888,695894.0
1985-08-15,0.3894,0.39,0.387,0.3894,738792.0
1985-08-16,0.3882,0.3894,0.3876,0.3876,637109.0
1985-08-19,0.387,0.3888,0.387,0.3882,409910.0
1985-08-20,0.3888,0.3924,0.3882,0.3906,802344.0
1985-08-21,0.3912,0.3936,0.3912,0.393,1480762.0
1985-08-22,0.3942,0.3954,0.3924,0.3936,3077506.0
1985-08-23,0.3936,0.3936,0.3906,0.3912,926270.0
1985-08-26,0.3924,0.3924,0.39,0.3912,1118515.0
1985-08-27,0.3912,0.3954,0.3912,0.3954,953280.0
1985-08-28,0.3954,0.3972,0.3942,0.396,708605.0
1985-08-29,0.3954,0.396,0.393,0.3942,724493.0
1985-08-30,0.3942,0.3942,0.3894,0.3912,1641230.0
1985-09-03,0.3906,0.3918,0.3894,0.3912,591034.0
1985-09-04,0.3906,0.3918,0.3894,0.3912,1012066.0
1985-09-05,0.3918,0.3918,0.3876,0.3876,1248797.0
1985-09-06,0.3876,0.3912,0.3876,0.3906,1288517.0
1985-09-09,0.3912,0.3912,0.39,0.39,630754.0
1985-09-10,0.39,0.3906,0.3817,0.3817,1129637.0
1985-09-11,0.3817,0.3823,0.3757,0.3769,1404499.0
1985-09-12,0.3781,0.3781,0.3698,0.3721,1595155.0
1985-09-13,0.3727,0.3727,0.3674,0.3703,969168.0
1985-09-16,0.3715,0.3733,0.3698,0.3727,1113749.0
1985-09-17,0.3727,0.3763,0.3709,0.3763,2178245.0
1985-09-18,0.3763,0.3769,0.3739,0.3763,1205899.0
1985-09-19,0.3751,0.3829,0.3751,0.3823,1013654.0
1985-09-20,0.3841,0.3853,0.3811,0.3811,2067029.0
1985-09-23,0.3835,0.3853,0.3811,0.3823,2632642.0
1985-09-24,0.3835,0.3847,0.3817,0.3817,1231320.0
1985-09-25,0.3823,0.3823,0.3733,0.3733,1294872.0
1985-09-26,0.3721,0.3733,0.3698,0.3715,622810.0
1985-09-30,0.3727,0.3739,0.3703,0.3721,659352.0
1985-10-01,0.3721,0.3787,0.3698,0.3787,959635.0
1985-10-02,0.3775,0.3787,0.3757,0.3763,8714568.0
1985-10-03,0.3763,0.3775,0.3745,0.3763,10610006.0
1985-10-04,0.3762,0.3787,0.375,0.3762,2386378.0
1985-10-07,0.3756,0.3762,0.3732,0.3744,1663474.0
1985-10-08,0.3744,0.3769,0.3744,0.3762,851597.0
1985-10-09,0.3769,0.3769,0.375,0.3756,1064496.0
1985-10-10,0.3769,0.3769,0.375,0.3769,846830.0
1985-10-11,0.3769,0.3793,0.3756,0.3793,2067029.0
1985-10-14,0.3775,0.3805,0.3775,0.3805,1061318.0
1985-10-15,0.3811,0.3824,0.3793,0.3799,2257685.0
1985-10-16,0.3811,0.3824,0.3781,0.3799,2774045.0
1985-10-17,0.3799,0.3799,0.375,0.3756,1736558.0
1985-10-18,0.3762,0.3769,0.3695,0.3707,1865251.0
1985-10-21,0.3713,0.3738,0.3695,0.3738,1822354.0
1985-10-22,0.3738,0.3799,0.3726,0.3769,1580856.0
1985-10-23,0.3769,0.3811,0.3756,0.3811,2762923.0
1985-10-24,0.3805,0.3817,0.3787,0.3793,1418798.0
1985-10-25,0.3799,0.3799,0.3775,0.3775,1990766.0
1985-10-28,0.3781,0.3805,0.3769,0.3805,3849662.0
1985-10-29,0.3805,0.3866,0.3799,0.3848,3660595.0
1985-10-30,0.3836,0.3873,0.383,0.3854,2237030.0
1985-10-31,0.3848,0.3854,0.3805,0.3824,1931981.0
1985-11-01,0.3836,0.386,0.3805,0.386,2951990.0
1985-11-04,0.3873,0.3873,0.3836,0.3854,2278339.0
1985-11-05,0.3842,0.3854,0.3817,0.3842,2210021.0
1985-11-06,0.3854,0.386,0.3842,0.3854,4998365.0
1985-11-07,0.386,0.3866,0.3836,0.386,2373667.0
1985-11-08,0.3854,0.3934,0.3854,0.3915,4043496.0
1985-11-11,0.3915,0.3958,0.3897,0.3958,6682493.0
1985-11-12,0.3958,0.4001,0.3934,0.3989,4866494.0
1985-11-13,0.3989,0.3989,0.3952,0.3964,1372723.0
1985-11-14,0.3977,0.3977,0.3952,0.3964,956458.0
1985-11-15,0.3952,0.397,0.3903,0.3903,4027608.0
1985-11-18,0.3903,0.3909,0.3873,0.3885,2109926.0
1985-11-19,0.3891,0.3903,0.3885,0.3903,2032075.0
1985-11-20,0.3903,0.3909,0.3885,0.3891,1460107.0
1985-11-21,0.3903,0.3915,0.3885,0.3897,3163301.0
1985-11-22,0.3909,0.3915,0.3897,0.3903,3203021.0
1985-11-25,0.3909,0.3921,0.3891,0.3903,2022542.0
1985-11-26,0.3915,0.3921,0.3903,0.3915,1987589.0
1985-11-27,0.3915,0.3928,0.3897,0.3921,2936102.0
1985-11-29,0.3921,0.3928,0.3885,0.3928,3056851.0
1985-12-02,0.3934,0.3934,0.3885,0.3891,1256741.0
1985-12-03,0.3903,0.3909,0.3873,0.3879,1925626.0
1985-12-04,0.3891,0.3915,0.3879,0.3909,5084160.0
1985-12-05,0.394,0.3958,0.3921,0.3946,8015496.0
1985-12-06,0.394,0.3964,0.3921,0.3958,2791522.0
1985-12-09,0.3952,0.4001,0.3946,0.3989,3862373.0
1985-12-10,0.3989,0.4074,0.3989,0.4056,4156301.0
1985-12-11,0.4056,0.4111,0.405,0.4105,5633885.0
1985-12-12,0.4099,0.4117,0.4074,0.4081,2461051.0
1985-12-13,0.4099,0.4142,0.4087,0.4136,3338069.0
1985-12-16,0.4136,0.4215,0.4136,0.4191,3781344.0
1985-12-17,0.4203,0.4203,0.416,0.416,2797877.0
1985-12-18,0.416,0.4203,0.4148,0.4172,4764811.0
1985-12-19,0.4172,0.4172,0.4148,0.4154,2370490.0
1985-12-20,0.4142,0.4172,0.4117,0.4172,3895738.0
1985-12-23,0.4166,0.4172,0.4136,0.4136,2251330.0
1985-12-24,0.4136,0.4154,0.4117,0.4123,3355546.0
1985-12-26,0.4123,0.4123,0.4093,0.4111,1460107.0
1985-12-27,0.4111,0.4148,0.4111,0.4136,926270.0
1985-12-30,0.4142,0.4148,0.4105,0.4148,2211610.0
1985-12-31,0.4148,0.4203,0.4136,0.4185,2403854.0
1986-01-02,0.4197,0.4197,0.4148,0.4172,3215731.0
1986-01-03,0.416,0.4203,0.416,0.4197,9659904.0
1986-01-06,0.4209,0.424,0.4202,0.4209,9861682.0
1986-01-07,0.4209,0.4265,0.4209,0.4259,1755624.0
1986-01-08,0.4259,0.4265,0.414,0.4152,2901149.0
1986-01-09,0.4102,0.4102,0.4008,0.4046,4073683.0
1986-01-10,0.4058,0.4077,0.4046,0.4058,2758157.0
1986-01-13,0.4071,0.4071,0.4033,0.4033,2356190.0
1986-01-14,0.4008,0.4021,0.3983,0.3983,2651707.0
1986-01-15,0.3983,0.3996,0.3958,0.3996,2545258.0
1986-01-16,0.3983,0.4027,0.3958,0.4014,5673605.0
1986-01-17,0.4027,0.4033,0.3996,0.4021,1385434.0
1986-01-20,0.4021,0.4021,0.4002,0.4021,2016187.0
1986-01-21,0.4008,0.4033,0.3996,0.4014,3570034.0
1986-01-22,0.4014,0.4052,0.4014,0.404,2886850.0
1986-01-23,0.4027,0.4058,0.4021,0.4058,1815998.0
1986-01-24,0.4046,0.409,0.4033,0.409,2853485.0
1986-01-27,0.4096,0.4146,0.4083,0.4146,1781045.0
1986-01-28,0.4171,0.4309,0.4165,0.429,2235442.0
1986-01-29,0.4303,0.4346,0.4284,0.4284,2476939.0
1986-01-30,0.429,0.429,0.4221,0.424,1124870.0
1986-01-31,0.4252,0.429,0.424,0.4278,4211909.0
1986-02-03,0.4277,0.429,0.4265,0.429,1976467.0
1986-02-04,0.4309,0.4309,0.4271,0.4296,1496650.0
1986-02-05,0.429,0.4309,0.4284,0.4309,1054963.0
1986-02-06,0.4309,0.4315,0.4271,0.4296,1447397.0
1986-02-07,0.4296,0.4296,0.4259,0.4271,2198899.0
1986-02-10,0.4271,0.4277,0.424,0.4259,2611987.0
1986-02-11,0.4246,0.4252,0.4227,0.4246,2200488.0
1986-02-12,0.424,0.4271,0.424,0.4271,1754035.0
1986-02-13,0.4284,0.4303,0.4271,0.429,1588800.0
1986-02-14,0.4303,0.434,0.4296,0.4334,3094982.0
1986-02-18,0.4334,0.4428,0.4321,0.4422,3809942.0
1986-02-19,0.4409,0.4422,0.4328,0.4328,3639941.0
1986-02-20,0.4328,0.4365,0.4315,0.4365,2314882.0
1986-02-21,0.4371,0.4422,0.4371,0.4415,3439752.0
1986-02-24,0.4422,0.444,0.4403,0.444,3490594.0
1986-02-25,0.4447,0.4447,0.4365,0.4371,1037486.0
1986-02-26,0.4384,0.4409,0.4365,0.4384,1857307.0
1986-02-27,0.4384,0.4409,0.4378,0.4396,3212554.0
1986-02-28,0.4403,0.4422,0.4221,0.4422,3789288.0
1986-03-03,0.4434,0.4447,0.4409,0.4434,2183011.0
1986-03-04,0.444,0.4522,0.444,0.4484,3919570.0
1986-03-05,0.4484,0.4509,0.4472,0.4509,1706371.0
1986-03-06,0.4497,0.4572,0.4497,0.4572,3895738.0
1986-03-07,0.4578,0.4672,0.4578,0.4672,3314237.0
1986-03-10,0.4685,0.4685,0.4634,0.4641,2675539.0
1986-03-11,0.4653,0.471,0.4622,0.4697,2907504.0
1986-03-12,0.4697,0.4779,0.4685,0.4722,2720026.0
1986-03-13,0.4728,0.4747,0.4685,0.4703,3330125.0
1986-03-14,0.471,0.4722,0.4622,0.4716,5749867.0
1986-03-17,0.4716,0.4716,0.4609,0.4647,2723203.0
1986-03-18,0.4641,0.466,0.4628,0.4641,5471827.0
1986-03-19,0.4634,0.4641,0.4578,0.4584,2700960.0
1986-03-20,0.4578,0.4603,0.4559,0.4578,2658062.0
1986-03-21,0.4578,0.4591,0.4559,0.4559,3854429.0
1986-03-24,0.4572,0.4603,0.4559,0.4603,2127403.0
1986-03-25,0.4566,0.4578,0.4559,0.4572,4075272.0
1986-03-26,0.4584,0.4609,0.4572,0.4597,2375256.0
1986-03-27,0.4609,0.4647,0.4609,0.4622,2268806.0
1986-03-31,0.4634,0.4666,0.4622,0.4653,1993944.0
1986-04-01,0.4634,0.4685,0.4628,0.4678,5327246.0
1986-04-02,0.4672,0.471,0.4653,0.4697,3309470.0
1986-04-03,0.4703,0.476,0.4678,0.4716,3902093.0
1986-04-04,0.4664,0.4824,0.4664,0.4664,7406986.0
1986-04-07,0.4651,0.4651,0.4587,0.46,2189366.0
1986-04-08,0.4664,0.4716,0.4523,0.4696,4787054.0
1986-04-09,0.4709,0.4741,0.4658,0.4671,1769923.0
1986-04-10,0.4684,0.4703,0.4645,0.4684,2414976.0
1986-04-11,0.4671,0.469,0.4639,0.4651,3033019.0
1986-04-14,0.4651,0.469,0.4626,0.4684,2043197.0
1986-04-15,0.4671,0.4696,0.4658,0.469,1081973.0
1986-04-16,0.4728,0.4818,0.4716,0.4812,2362546.0
1986-04-17,0.4812,0.4837,0.4741,0.4741,3131525.0
1986-04-18,0.4728,0.4735,0.4664,0.4677,4950701.0
1986-04-21,0.4658,0.4684,0.4645,0.4677,3222086.0
1986-04-22,0.4684,0.4716,0.4677,0.469,5389210.0
1986-04-23,0.4664,0.4716,0.4658,0.4684,3107693.0
1986-04-24,0.4677,0.4716,0.4677,0.4716,3400032.0
1986-04-25,0.4722,0.4748,0.4709,0.4741,2767690.0
1986-04-28,0.4767,0.4773,0.4741,0.4754,3237974.0
1986-04-29,0.4754,0.476,0.469,0.4722,2818531.0
1986-04-30,0.4709,0.4728,0.4664,0.4703,4070506.0
1986-05-01,0.4696,0.4709,0.4684,0.4703,4176955.0
1986-05-02,0.4709,0.4722,0.4645,0.4664,2365723.0
1986-05-05,0.4677,0.4703,0.4658,0.469,1558613.0
1986-05-06,0.4703,0.4703,0.4664,0.469,2278339.0
1986-05-07,0.469,0.4696,0.4677,0.469,3028253.0
1986-05-08,0.4703,0.4767,0.4696,0.4735,1129637.0
1986-05-09,0.4735,0.4754,0.4722,0.4748,1426742.0
1986-05-12,0.476,0.4831,0.4754,0.4831,1436275.0
1986-05-13,0.4869,0.4895,0.4831,0.4837,2804232.0
1986-05-14,0.4837,0.4889,0.4831,0.4882,2302171.0
1986-05-15,0.4882,0.4882,0.4831,0.4831,2515070.0
1986-05-16,0.4831,0.4831,0.4754,0.4799,1139170.0
1986-05-19,0.4792,0.4818,0.4786,0.4805,942158.0
1986-05-20,0.4799,0.4895,0.4799,0.4863,1069262.0
1986-05-21,0.4869,0.4889,0.4863,0.4869,1169357.0
1986-05-22,0.4882,0.5023,0.4882,0.5023,1908149.0
1986-05-23,0.501,0.5049,0.4972,0.4997,2210021.0
1986-05-27,0.4991,0.4997,0.4965,0.4972,950102.0
1986-05-28,0.4959,0.5062,0.4959,0.5036,3619286.0
1986-05-29,0.5042,0.5062,0.503,0.5055,3679661.0
1986-05-30,0.5062,0.5126,0.5036,0.5113,2653296.0
1986-06-02,0.51,0.5126,0.5081,0.5106,1900205.0
1986-06-03,0.5087,0.5126,0.5081,0.5119,2060674.0
1986-06-04,0.5119,0.5119,0.5062,0.5074,1660296.0
1986-06-05,0.5087,0.5087,0.5036,0.5074,1027954.0
1986-06-06,0.5087,0.5094,0.5062,0.5074,931037.0
1986-06-09,0.5074,0.5074,0.4914,0.4946,4294526.0
1986-06-10,0.4946,0.4946,0.4876,0.4895,1798522.0
1986-06-11,0.4882,0.4953,0.4869,0.4953,1714315.0
1986-06-12,0.4946,0.4959,0.4914,0.4927,1086739.0
1986-06-13,0.4927,0.4985,0.4921,0.4985,2298994.0
1986-06-16,0.5062,0.51,0.5049,0.5074,3784522.0
1986-06-17,0.5074,0.5074,0.5049,0.5062,861130.0
1986-06-18,0.5062,0.5087,0.5042,0.5081,1649174.0
1986-06-19,0.5081,0.5126,0.5074,0.5106,5365378.0
1986-06-20,0.5106,0.5241,0.5094,0.5241,6353611.0
1986-06-23,0.5241,0.5254,0.5202,0.5247,1517304.0
1986-06-24,0.526,0.5356,0.5254,0.5331,2279928.0
1986-06-25,0.5337,0.542,0.5331,0.5401,1912915.0
1986-06-26,0.5433,0.5472,0.542,0.5459,2654885.0
1986-06-27,0.5459,0.551,0.5459,0.5504,1952635.0
1986-06-30,0.551,0.5625,0.551,0.5613,4116581.0
1986-07-01,0.5395,0.5414,0.5235,0.5254,9796541.0
1986-07-02,0.5305,0.5375,0.5299,0.5331,11472725.0
1986-07-03,0.5356,0.5389,0.5324,0.5376,6612586.0
1986-07-07,0.5376,0.5383,0.5285,0.5324,2284694.0
1986-07-08,0.5298,0.5304,0.5258,0.5265,4729858.0
1986-07-09,0.5265,0.5311,0.5232,0.5311,1215432.0
1986-07-10,0.5337,0.5441,0.533,0.5422,2063851.0
1986-07-11,0.5435,0.5481,0.5428,0.5435,2815354.0
1986-07-14,0.5448,0.5455,0.5389,0.5396,2279928.0
1986-07-15,0.5396,0.5409,0.5271,0.5271,6542678.0
1986-07-16,0.5245,0.5285,0.5213,0.5285,4777522.0
1986-07-17,0.5311,0.5356,0.5291,0.535,2904326.0
1986-07-18,0.5363,0.5441,0.5317,0.5396,3676483.0
1986-07-21,0.5409,0.5441,0.5376,0.5422,3048907.0
1986-07-22,0.5428,0.5455,0.5415,0.5448,4014898.0
1986-07-23,0.5461,0.5481,0.5441,0.5474,10590941.0
1986-07-24,0.5474,0.5487,0.5441,0.5448,2780400.0
1986-07-25,0.5448,0.5455,0.5415,0.5441,2394322.0
1986-07-28,0.5468,0.5481,0.5415,0.5455,4594810.0
1986-07-29,0.5455,0.5455,0.5402,0.5415,3261806.0
1986-07-30,0.5402,0.5468,0.5402,0.5455,1571323.0
1986-07-31,0.5461,0.5487,0.5448,0.5468,1935158.0
1986-08-01,0.5481,0.552,0.5461,0.5481,4501070.0
1986-08-04,0.5468,0.552,0.5448,0.5487,1094683.0
1986-08-05,0.5487,0.5494,0.5441,0.5455,3604987.0
1986-08-06,0.5455,0.5487,0.5428,0.5461,2818531.0
1986-08-07,0.5461,0.5494,0.5448,0.5487,2820120.0
1986-08-08,0.5487,0.5494,0.5468,0.5474,873840.0
1986-08-11,0.5474,0.5585,0.5474,0.5572,1655530.0
1986-08-12,0.5598,0.5638,0.5572,0.5638,3080683.0
1986-08-13,0.5638,0.5683,0.5625,0.567,1862074.0
1986-08-14,0.5683,0.5703,0.5664,0.5703,1666651.0
1986-08-15,0.5703,0.5729,0.5683,0.5723,867485.0
1986-08-18,0.5723,0.5801,0.569,0.5801,1922448.0
1986-08-19,0.5808,0.5834,0.5762,0.5814,1474406.0
1986-08-20,0.586,0.5978,0.586,0.5939,6750811.0
1986-08-21,0.5945,0.5984,0.5939,0.5984,1809643.0
1986-08-22,0.5984,0.601,0.5958,0.5965,2156002.0
1986-08-25,0.5978,0.5978,0.5939,0.5945,1828709.0
1986-08-26,0.5945,0.6037,0.5945,0.6004,2319648.0
1986-08-27,0.603,0.6089,0.601,0.6056,2743858.0
1986-08-28,0.6063,0.6069,0.6017,0.6037,2156002.0
1986-08-29,0.6037,0.6063,0.6024,0.6063,2557968.0
1986-09-02,0.6063,0.6082,0.5919,0.6004,2996477.0
1986-09-03,0.5965,0.6004,0.5932,0.5945,1391789.0
1986-09-04,0.5945,0.6037,0.5932,0.6017,4856962.0
1986-09-05,0.6043,0.6069,0.5893,0.5893,6226507.0
1986-09-08,0.5899,0.5899,0.5821,0.5821,3981533.0
1986-09-09,0.5808,0.5886,0.5801,0.5854,2885261.0
1986-09-10,0.586,0.5873,0.5782,0.5821,1576090.0
1986-09-11,0.5821,0.5821,0.5455,0.5546,5098459.0
1986-09-12,0.5572,0.5585,0.5337,0.5356,8668493.0
1986-09-15,0.5409,0.5428,0.5356,0.5428,6469594.0
1986-09-16,0.5428,0.5435,0.5356,0.5435,3878261.0
1986-09-17,0.5422,0.5513,0.5389,0.5494,3396854.0
1986-09-18,0.55,0.5526,0.5481,0.5494,1955813.0
1986-09-19,0.55,0.5533,0.5481,0.5533,3360312.0
1986-09-22,0.5546,0.5638,0.55,0.5638,2928158.0
1986-09-23,0.5651,0.5677,0.5598,0.5651,2159179.0
1986-09-24,0.5651,0.5703,0.5651,0.5683,2640586.0
1986-09-25,0.5683,0.5683,0.552,0.554,3352368.0
1986-09-26,0.554,0.5592,0.5526,0.5559,1483939.0
1986-09-29,0.5553,0.5559,0.5507,0.5546,1928803.0
1986-09-30,0.5546,0.5553,0.5533,0.5546,1795344.0
1986-10-01,0.5566,0.5683,0.5546,0.5677,2043197.0
1986-10-02,0.5677,0.571,0.567,0.571,4637707.0
1986-10-03,0.5742,0.5788,0.5703,0.5782,8426995.0
1986-10-06,0.5768,0.5828,0.5768,0.5768,5646595.0
1986-10-07,0.5768,0.5788,0.5715,0.5721,1059730.0
1986-10-08,0.5721,0.5761,0.5695,0.5741,1135992.0
1986-10-09,0.5728,0.5748,0.5715,0.5715,3231619.0
1986-10-10,0.5715,0.5748,0.5715,0.5735,929448.0
1986-10-13,0.5721,0.5721,0.5681,0.5708,1164590.0
1986-10-14,0.5708,0.5721,0.5681,0.5688,1946280.0
1986-10-15,0.5688,0.5701,0.5668,0.5701,1128048.0
1986-10-16,0.5708,0.5741,0.5681,0.5728,2238619.0
1986-10-17,0.5721,0.5721,0.5681,0.5701,1217021.0
1986-10-20,0.5701,0.5701,0.5615,0.5641,2071795.0
1986-10-21,0.5628,0.5641,0.5561,0.5621,2540491.0
1986-10-22,0.5621,0.5628,0.5601,0.5601,2430864.0
1986-10-23,0.5615,0.5641,0.5588,0.5628,2151235.0
1986-10-24,0.5615,0.5628,0.5608,0.5608,1182067.0
1986-10-27,0.5615,0.5628,0.5581,0.5608,1957402.0
1986-10-28,0.5595,0.5601,0.5575,0.5588,3790877.0
1986-10-29,0.5588,0.5601,0.5561,0.5601,2063851.0
1986-10-30,0.5668,0.5721,0.5648,0.5708,4167422.0
1986-10-31,0.5695,0.5721,0.5681,0.5721,1223376.0
1986-11-03,0.5708,0.5721,0.5688,0.5715,1475995.0
1986-11-04,0.5701,0.5708,0.5655,0.5701,2210021.0
1986-11-05,0.5688,0.5735,0.5661,0.5735,2033664.0
1986-11-06,0.5735,0.5748,0.5708,0.5728,1576090.0
1986-11-07,0.5708,0.5728,0.5695,0.5701,1653941.0
1986-11-10,0.5688,0.5708,0.5681,0.5701,1979645.0
1986-11-11,0.5695,0.5715,0.5695,0.5701,1199544.0
1986-11-12,0.5708,0.5721,0.5701,0.5715,1394966.0
1986-11-13,0.5715,0.5755,0.5708,0.5721,3314237.0
1986-11-14,0.5715,0.5741,0.5695,0.5741,3511248.0
1986-11-17,0.5728,0.5821,0.5721,0.5795,1984411.0
1986-11-18,0.5795,0.5808,0.5721,0.5721,2472173.0
1986-11-19,0.5701,0.5728,0.5681,0.5701,2845541.0
1986-11-20,0.5715,0.5775,0.5708,0.5755,2303760.0
1986-11-21,0.5761,0.5915,0.5748,0.5895,3481061.0
1986-11-24,0.5895,0.5948,0.5875,0.5921,2812176.0
1986-11-25,0.5921,0.5961,0.5888,0.5941,2813765.0
1986-11-26,0.5928,0.5941,0.5908,0.5935,2559557.0
1986-11-28,0.5921,0.5975,0.5915,0.5968,803933.0
1986-12-01,0.5955,0.5968,0.5881,0.5968,2877317.0
1986-12-02,0.5975,0.6201,0.5968,0.6201,4148357.0
1986-12-03,0.6188,0.6188,0.6108,0.6128,2577034.0
1986-12-04,0.6121,0.6148,0.6108,0.6121,2286283.0
1986-12-05,0.6108,0.6155,0.6095,0.6108,2936102.0
1986-12-08,0.6108,0.6148,0.6095,0.6128,2545258.0
1986-12-09,0.6141,0.6141,0.6068,0.6108,2421331.0
1986-12-10,0.6108,0.6135,0.6101,0.6135,3743213.0
1986-12-11,0.6108,0.6115,0.6001,0.6021,2845541.0
1986-12-12,0.6028,0.6028,0.5975,0.5975,1674595.0
1986-12-15,0.5948,0.5995,0.5881,0.5995,1939925.0
1986-12-16,0.5995,0.6075,0.5955,0.6068,4574155.0
1986-12-17,0.6041,0.6061,0.6035,0.6041,2176656.0
1986-12-18,0.6075,0.6075,0.5995,0.6015,8492136.0
1986-12-19,0.6015,0.6095,0.5961,0.6095,6315480.0
1986-12-22,0.6068,0.6095,0.6028,0.6061,2422920.0
1986-12-23,0.6115,0.6148,0.6068,0.6075,2988533.0
1986-12-24,0.6088,0.6101,0.6068,0.6095,1333003.0
1986-12-26,0.6095,0.6101,0.6081,0.6095,594211.0
1986-12-29,0.6095,0.6095,0.6021,0.6055,1310760.0
1986-12-30,0.6041,0.6041,0.5975,0.5995,1425154.0
1986-12-31,0.5995,0.6041,0.5975,0.5988,2740680.0
1987-01-02,0.5995,0.6095,0.5981,0.6088,12885168.0
1987-01-05,0.6128,0.6223,0.6128,0.621,3840130.0
1987-01-06,0.6217,0.6217,0.6169,0.6196,3349190.0
1987-01-07,0.6183,0.6223,0.6176,0.6196,1078795.0
1987-01-08,0.6217,0.6217,0.6176,0.6203,1671418.0
1987-01-09,0.6203,0.6217,0.6183,0.621,1617398.0
1987-01-12,0.6217,0.6244,0.6196,0.623,1677773.0
1987-01-13,0.6237,0.6332,0.6217,0.6312,8430173.0
1987-01-14,0.6319,0.6346,0.6285,0.6346,2009832.0
1987-01-15,0.6339,0.6346,0.6291,0.6319,2354602.0
1987-01-16,0.6305,0.64,0.6291,0.64,3079094.0
1987-01-19,0.6387,0.6407,0.6339,0.6407,1936747.0
1987-01-20,0.642,0.6434,0.64,0.6434,2583389.0
1987-01-21,0.642,0.6461,0.6414,0.642,3460406.0
1987-01-22,0.6407,0.6563,0.6393,0.6536,4256395.0
1987-01-23,0.659,0.6672,0.6482,0.6597,7750166.0
1987-01-26,0.6563,0.659,0.6475,0.6475,2035253.0
1987-01-27,0.6495,0.6529,0.6468,0.6468,4273872.0
1987-01-28,0.6468,0.6529,0.642,0.6461,6013608.0
1987-01-29,0.6468,0.6495,0.6305,0.6325,2365723.0
1987-01-30,0.6312,0.6353,0.6271,0.6339,1558613.0
1987-02-02,0.6353,0.6427,0.6339,0.64,2734325.0
1987-02-03,0.6414,0.6454,0.6393,0.64,1744502.0
1987-02-04,0.6407,0.642,0.638,0.6387,2289461.0
1987-02-05,0.6387,0.6414,0.6278,0.6325,3160123.0
1987-02-06,0.6312,0.6353,0.6237,0.6251,2492827.0
1987-02-09,0.6237,0.6237,0.6128,0.6169,3401621.0
1987-02-10,0.6142,0.621,0.5992,0.6101,4041907.0
1987-02-11,0.6088,0.6169,0.6088,0.6169,3385733.0
1987-02-12,0.6156,0.6162,0.6047,0.606,2038430.0
1987-02-13,0.6047,0.6169,0.6013,0.6101,3636763.0
1987-02-17,0.6101,0.6156,0.6088,0.6122,4205554.0
1987-02-18,0.6142,0.6196,0.6142,0.6196,2627875.0
1987-02-19,0.6203,0.6244,0.6189,0.621,2335536.0
1987-02-20,0.6196,0.6264,0.6196,0.6251,2044786.0
1987-02-23,0.6285,0.6305,0.623,0.6291,1574501.0
1987-02-24,0.6291,0.6305,0.6264,0.6271,894494.0
1987-02-25,0.6257,0.6305,0.6251,0.6271,1129637.0
1987-02-26,0.6285,0.6285,0.623,0.6257,1496650.0
1987-02-27,0.6251,0.6319,0.6251,0.6319,3665362.0
1987-03-02,0.6319,0.6346,0.6285,0.6285,1860485.0
1987-03-03,0.6285,0.6319,0.6264,0.6285,2473762.0
1987-03-04,0.6285,0.6298,0.6251,0.6278,961224.0
1987-03-05,0.6291,0.6298,0.6278,0.6291,1428331.0
1987-03-06,0.6278,0.6291,0.6257,0.6278,2948813.0
1987-03-09,0.6257,0.6271,0.6217,0.6251,2122637.0
1987-03-10,0.6257,0.6291,0.6251,0.6285,5096870.0
1987-03-11,0.6291,0.6319,0.6223,0.6319,3987888.0
1987-03-12,0.6319,0.6359,0.6305,0.6339,2127403.0
1987-03-13,0.6339,0.6359,0.6325,0.6325,851597.0
1987-03-16,0.6312,0.6325,0.6271,0.6312,1809643.0
1987-03-17,0.6298,0.6319,0.6291,0.6312,1367957.0
1987-03-18,0.6278,0.6312,0.6264,0.6298,5811830.0
1987-03-19,0.6285,0.6339,0.6285,0.6325,2032075.0
1987-03-20,0.6359,0.6434,0.6339,0.6434,2491238.0
1987-03-23,0.6427,0.6482,0.6407,0.6454,2600866.0
1987-03-24,0.6441,0.6488,0.6407,0.6454,3531902.0
1987-03-25,0.6441,0.6441,0.64,0.6434,1801699.0
1987-03-26,0.6441,0.6441,0.6373,0.6387,1634875.0
1987-03-27,0.6373,0.6414,0.6325,0.6387,2499182.0
1987-03-30,0.6264,0.6346,0.6244,0.6325,3427042.0
1987-03-31,0.6325,0.64,0.6325,0.6366,2705726.0
1987-04-01,0.6353,0.6359,0.6278,0.6312,7176610.0
1987-04-02,0.6312,0.6325,0.6278,0.6298,2025720.0
1987-04-03,0.6298,0.638,0.6115,0.6373,4845840.0
1987-04-06,0.6417,0.6438,0.639,0.6404,3110870.0
1987-04-07,0.6404,0.6431,0.6307,0.6307,2602454.0
1987-04-08,0.632,0.6327,0.6175,0.6203,2367312.0
1987-04-09,0.6217,0.6223,0.6085,0.6099,3514426.0
1987-04-10,0.6016,0.6029,0.5967,0.5988,3522370.0
1987-04-13,0.5932,0.5967,0.5766,0.5794,6731746.0
1987-04-14,0.5683,0.5711,0.56,0.5648,5797531.0
1987-04-15,0.5697,0.578,0.5697,0.5731,5212853.0
1987-04-16,0.5759,0.587,0.5745,0.5849,2624698.0
1987-04-20,0.5835,0.5884,0.5821,0.5884,4645651.0
1987-04-21,0.587,0.5974,0.5849,0.5919,4127702.0
1987-04-22,0.5932,0.596,0.5856,0.5884,8101291.0
1987-04-23,0.5884,0.5905,0.5856,0.5884,2394322.0
1987-04-24,0.587,0.587,0.5773,0.5787,2764512.0
1987-04-27,0.5787,0.5808,0.5683,0.5752,4211909.0
1987-04-28,0.5752,0.5835,0.5752,0.5794,2475350.0
1987-04-29,0.5821,0.5863,0.5787,0.5787,1514126.0
1987-04-30,0.5801,0.5974,0.5794,0.596,4575744.0
1987-05-01,0.5946,0.6016,0.5925,0.6016,1495061.0
1987-05-04,0.6009,0.6099,0.6002,0.6057,3333302.0
1987-05-05,0.6092,0.6147,0.6078,0.6147,4645651.0
1987-05-06,0.6161,0.621,0.6126,0.6168,2500771.0
1987-05-07,0.614,0.6161,0.6106,0.6126,1504594.0
1987-05-08,0.6126,0.6175,0.6092,0.6099,1879550.0
1987-05-11,0.6113,0.6244,0.6016,0.6022,3214142.0
1987-05-12,0.6036,0.6092,0.6016,0.6064,2238619.0
1987-05-13,0.6071,0.6071,0.6002,0.605,1971701.0
1987-05-14,0.6064,0.6064,0.5995,0.6016,1180478.0
1987-05-15,0.5974,0.5974,0.5849,0.5884,1936747.0
1987-05-18,0.5898,0.5898,0.5752,0.5835,3029842.0
1987-05-19,0.5835,0.5856,0.5641,0.5641,2383200.0
1987-05-20,0.5621,0.5641,0.5544,0.5544,3171245.0
1987-05-21,0.5579,0.5648,0.5523,0.5537,2349835.0
1987-05-22,0.5586,0.5683,0.5579,0.5683,2286283.0
1987-05-26,0.5988,0.5988,0.5655,0.5988,2032605.0
1987-05-27,0.5946,0.605,0.5925,0.6029,2402266.0
1987-05-28,0.6071,0.6133,0.5988,0.6071,2824357.0
1987-05-29,0.6154,0.6237,0.6113,0.6196,1560202.0
1987-06-01,0.6237,0.6279,0.6133,0.6196,1752976.0
1987-06-02,0.6196,0.6237,0.6071,0.6113,1752446.0
1987-06-03,0.6154,0.6237,0.6133,0.6237,1193718.0
1987-06-04,0.6237,0.63,0.6196,0.6279,1546432.0
1987-06-05,0.6279,0.6279,0.6196,0.6196,1193718.0
1987-06-08,0.6175,0.63,0.6133,0.63,1421446.0
1987-06-09,0.63,0.6362,0.6196,0.6217,1871077.0
1987-06-10,0.6237,0.6341,0.6217,0.6237,1654470.0
1987-06-11,0.632,0.6404,0.6279,0.6341,1967994.0
1987-06-12,0.6404,0.6487,0.6383,0.6466,1392318.0
1987-06-15,0.6445,0.657,0.6445,0.6549,1870547.0
1987-06-16,0.6549,0.6549,0.6445,0.6487,1917152.0
1987-06-17,0.6528,0.657,0.6487,0.657,2426098.0
1987-06-18,0.6528,0.657,0.6466,0.6528,1291694.0
1987-06-19,0.6528,0.6549,0.6466,0.6528,3578507.0
1987-06-22,0.6528,0.6632,0.6508,0.657,3305234.0
1987-06-23,0.6591,0.6632,0.6487,0.657,1422506.0
1987-06-24,0.6528,0.6591,0.6487,0.6528,888139.0
1987-06-25,0.6528,0.6674,0.6508,0.6632,2954638.0
1987-06-26,0.6591,0.6632,0.657,0.6591,3434986.0
1987-06-29,0.657,0.6632,0.6549,0.6591,1678832.0
1987-06-30,0.6632,0.6632,0.6466,0.6466,2403325.0
1987-07-01,0.6487,0.6549,0.6445,0.6466,2805821.0
1987-07-02,0.6487,0.6487,0.6445,0.6487,6408160.0
1987-07-06,0.6426,0.6596,0.6405,0.6426,5772640.0
1987-07-07,0.6447,0.6511,0.6426,0.6469,2911741.0
1987-07-08,0.6447,0.649,0.6384,0.6405,1608395.0
1987-07-09,0.6405,0.6405,0.6299,0.6299,1800110.0
1987-07-10,0.632,0.6341,0.6257,0.6341,1042253.0
1987-07-13,0.6341,0.6341,0.6151,0.6214,3330125.0
1987-07-14,0.6193,0.6214,0.6172,0.6193,2169771.0
1987-07-15,0.6108,0.6151,0.6044,0.6044,2880494.0
1987-07-16,0.6108,0.6151,0.6044,0.6108,1135992.0
1987-07-17,0.6129,0.6257,0.6087,0.6257,2326533.0
1987-07-20,0.6172,0.6235,0.6066,0.6066,1551728.0
1987-07-21,0.6087,0.6087,0.5938,0.5938,2810058.0
1987-07-22,0.5981,0.6023,0.5917,0.5938,1990237.0
1987-07-23,0.5938,0.6108,0.5917,0.6087,2559557.0
1987-07-24,0.6108,0.6108,0.5981,0.6002,2451518.0
1987-07-27,0.6023,0.6151,0.596,0.6151,2579152.0
1987-07-28,0.6108,0.6214,0.6087,0.6214,2007184.0
1987-07-29,0.6214,0.632,0.6151,0.6299,3814179.0
1987-07-30,0.6299,0.6341,0.6235,0.6341,1984941.0
1987-07-31,0.6363,0.649,0.6341,0.6426,2657533.0
1987-08-03,0.6341,0.6575,0.6341,0.649,2957286.0
1987-08-04,0.6469,0.6553,0.6405,0.6511,2712082.0
1987-08-05,0.6575,0.666,0.6553,0.6617,3585922.0
1987-08-06,0.666,0.6723,0.6575,0.6702,2255566.0
1987-08-07,0.6702,0.685,0.6681,0.6808,4826245.0
1987-08-10,0.6787,0.685,0.6744,0.6787,3969352.0
1987-08-11,0.6914,0.7041,0.6914,0.7041,6567040.0
1987-08-12,0.7041,0.7062,0.6935,0.6956,2831771.0
1987-08-13,0.6956,0.6999,0.6914,0.6999,1841419.0
1987-08-14,0.6935,0.7105,0.6893,0.7062,3236386.0
1987-08-17,0.7062,0.7147,0.7041,0.7084,2533606.0
1987-08-18,0.7041,0.7062,0.6935,0.6999,2136406.0
1987-08-19,0.6999,0.6999,0.6914,0.6935,861130.0
1987-08-20,0.702,0.7041,0.6956,0.702,1811762.0
1987-08-21,0.7041,0.7062,0.6935,0.702,2354602.0
1987-08-24,0.7062,0.7084,0.6935,0.702,1894379.0
1987-08-25,0.7105,0.7169,0.7041,0.7126,1840890.0
1987-08-26,0.7147,0.7147,0.6956,0.7062,897142.0
1987-08-27,0.7041,0.7041,0.6893,0.6893,1875843.0
1987-08-28,0.6914,0.6914,0.6723,0.6723,2184600.0
1987-08-31,0.6702,0.6829,0.666,0.6723,2725851.0
1987-09-01,0.6766,0.6808,0.649,0.6511,2810587.0
1987-09-02,0.6575,0.6596,0.6405,0.649,3145294.0
1987-09-03,0.6532,0.6575,0.6363,0.6469,1238734.0
1987-09-04,0.649,0.6553,0.6384,0.6384,1431509.0
1987-09-08,0.6341,0.6447,0.6193,0.6426,1996062.0
1987-09-09,0.6447,0.6681,0.6405,0.666,2165005.0
1987-09-10,0.6702,0.6723,0.6532,0.6553,3409565.0
1987-09-11,0.6575,0.6723,0.6575,0.666,2320707.0
1987-09-14,0.6702,0.6766,0.649,0.6766,1582445.0
1987-09-15,0.6723,0.6766,0.666,0.6681,2966290.0
1987-09-16,0.6723,0.6723,0.6596,0.6638,2069147.0
1987-09-17,0.6681,0.6723,0.6596,0.6723,2037371.0
1987-09-18,0.6702,0.6808,0.6681,0.6787,2473232.0
1987-09-21,0.6872,0.6893,0.6787,0.6787,1624283.0
1987-09-22,0.6808,0.7041,0.6787,0.7041,3761749.0
1987-09-23,0.7041,0.7465,0.702,0.719,7303184.0
1987-09-24,0.7232,0.7338,0.7126,0.7296,2206843.0
1987-09-25,0.7338,0.7487,0.7317,0.7423,7414400.0
1987-09-28,0.7571,0.772,0.7529,0.7593,6778880.0
1987-09-29,0.7614,0.7635,0.7487,0.755,2913330.0
1987-09-30,0.755,0.7571,0.7359,0.7444,4098045.0
1987-10-01,0.7465,0.7635,0.7444,0.7571,1999240.0
1987-10-02,0.7571,0.7656,0.755,0.7571,6725920.0
1987-10-05,0.7465,0.7465,0.7296,0.7359,6249280.0
1987-10-06,0.7338,0.7359,0.7232,0.7296,3620346.0
1987-10-07,0.7296,0.7317,0.7232,0.7296,2552672.0
1987-10-08,0.7296,0.7338,0.7169,0.7253,1414562.0
1987-10-09,0.7275,0.7317,0.7211,0.7211,5296000.0
1987-10-12,0.719,0.7253,0.7147,0.7211,1870018.0
1987-10-13,0.7423,0.7465,0.7211,0.7423,3642059.0
1987-10-14,0.7381,0.7571,0.7317,0.7338,5613760.0
1987-10-15,0.7296,0.7381,0.7169,0.7169,2959934.0
1987-10-16,0.719,0.7232,0.6553,0.6575,4901978.0
1987-10-19,0.6235,0.6257,0.4666,0.5938,6757166.0
1987-10-20,0.5599,0.6193,0.526,0.6172,6332957.0
1987-10-21,0.6151,0.6829,0.6151,0.6553,6365792.0
1987-10-22,0.6151,0.6596,0.6129,0.6596,5084690.0
1987-10-23,0.632,0.6829,0.632,0.6702,3225794.0
1987-10-26,0.6617,0.6617,0.6193,0.6235,4053558.0
1987-10-27,0.6617,0.6638,0.6299,0.6469,2767690.0
1987-10-28,0.6363,0.6447,0.6193,0.6278,3006010.0
1987-10-29,0.6257,0.6511,0.6257,0.649,2666536.0
1987-10-30,0.666,0.6744,0.6596,0.6638,2823298.0
1987-11-02,0.6575,0.6681,0.6575,0.666,3938635.0
1987-11-03,0.6511,0.6553,0.6363,0.6532,2631582.0
1987-11-04,0.649,0.6575,0.6447,0.6469,1760390.0
1987-11-05,0.6511,0.6681,0.649,0.6553,3530843.0
1987-11-06,0.6596,0.6744,0.6384,0.6405,2381082.0
1987-11-09,0.6405,0.666,0.6299,0.632,1702134.0
1987-11-10,0.6214,0.6384,0.6193,0.6193,1388082.0
1987-11-11,0.6299,0.6363,0.6278,0.6299,2763453.0
1987-11-12,0.6384,0.6405,0.6278,0.6341,2089802.0
1987-11-13,0.6278,0.6341,0.6235,0.6257,2317000.0
1987-11-16,0.6363,0.6384,0.6172,0.6214,1424624.0
1987-11-17,0.6214,0.6214,0.6087,0.6193,1559142.0
1987-11-18,0.6151,0.6235,0.6066,0.6172,2237560.0
1987-11-19,0.6129,0.6193,0.6023,0.6023,2108867.0
1987-11-20,0.5981,0.6066,0.5938,0.6044,2389026.0
1987-11-23,0.6087,0.6129,0.6002,0.6087,804462.0
1987-11-24,0.6129,0.6193,0.6108,0.6151,1086739.0
1987-11-25,0.6151,0.6172,0.6023,0.6023,807640.0
1987-11-27,0.6066,0.6066,0.596,0.596,1044371.0
1987-11-30,0.5748,0.5832,0.5557,0.5748,3392618.0
1987-12-01,0.579,0.5875,0.5748,0.5832,1783693.0
1987-12-02,0.5875,0.5896,0.5832,0.5896,1229202.0
1987-12-03,0.5811,0.5854,0.5726,0.5748,2336595.0
1987-12-04,0.5748,0.5748,0.562,0.5726,2047963.0
1987-12-07,0.5684,0.5748,0.5641,0.5726,1947869.0
1987-12-08,0.5769,0.5811,0.5641,0.5748,1514656.0
1987-12-09,0.5748,0.5769,0.5663,0.5726,1679891.0
1987-12-10,0.5684,0.5684,0.5535,0.5557,3276635.0
1987-12-11,0.5642,0.5663,0.5535,0.5557,2774045.0
1987-12-14,0.5557,0.579,0.5535,0.5769,2954109.0
1987-12-15,0.5875,0.5938,0.5748,0.5875,3323770.0
1987-12-16,0.5917,0.5981,0.5832,0.596,2668654.0
1987-12-17,0.6002,0.6023,0.579,0.5811,2039490.0
1987-12-18,0.5875,0.5896,0.5769,0.5875,6143360.0
1987-12-21,0.596,0.596,0.5832,0.5832,1773630.0
1987-12-22,0.5832,0.5832,0.5599,0.579,3811531.0
1987-12-23,0.5854,0.5875,0.5769,0.5832,1591978.0
1987-12-24,0.5854,0.5875,0.5811,0.5811,1401322.0
1987-12-28,0.5769,0.5769,0.5599,0.562,1652352.0
1987-12-29,0.5599,0.5684,0.5557,0.562,1996592.0
1987-12-30,0.5705,0.5726,0.5641,0.5726,1622694.0
1987-12-31,0.5705,0.5854,0.5684,0.5832,30088694.0
1988-01-04,0.5857,0.6074,0.5835,0.5987,8889336.0
1988-01-05,0.6074,0.6161,0.6031,0.6052,2096686.0
1988-01-06,0.6052,0.6074,0.5966,0.6031,2008773.0
1988-01-07,0.5987,0.6052,0.5901,0.6052,1747150.0
1988-01-08,0.5987,0.6031,0.5792,0.5792,3833245.0
1988-01-11,0.5944,0.5944,0.5727,0.5835,2170830.0
1988-01-12,0.5814,0.5987,0.577,0.5966,1963227.0
1988-01-13,0.5922,0.6204,0.5879,0.6096,2885790.0
1988-01-14,0.6052,0.6204,0.6052,0.6139,1546962.0
1988-01-15,0.6248,0.6356,0.6226,0.6313,3587510.0
1988-01-18,0.6334,0.6334,0.6248,0.6313,2320707.0
1988-01-19,0.6291,0.6334,0.6204,0.6291,1488706.0
1988-01-20,0.6117,0.6226,0.6074,0.6096,1893850.0
1988-01-21,0.6117,0.6117,0.6031,0.6096,2785166.0
1988-01-22,0.6161,0.6334,0.6117,0.6334,2935573.0
1988-01-25,0.6291,0.6486,0.6248,0.6421,2431394.0
1988-01-26,0.64,0.6443,0.6334,0.64,1263626.0
1988-01-27,0.6421,0.6486,0.6313,0.6356,1997122.0
1988-01-28,0.6421,0.6595,0.6378,0.6595,2074973.0
1988-01-29,0.6616,0.6682,0.653,0.6682,2155472.0
1988-02-01,0.6725,0.679,0.6551,0.6573,1986530.0
1988-02-02,0.6508,0.6595,0.6486,0.6508,2076032.0
1988-02-03,0.6551,0.6595,0.64,0.6486,2488590.0
1988-02-04,0.6443,0.6551,0.6443,0.653,1647586.0
1988-02-05,0.653,0.6616,0.6508,0.6508,2201018.0
1988-02-08,0.6443,0.6486,0.6421,0.6443,941629.0
1988-02-09,0.6443,0.653,0.6443,0.6486,1203251.0
1988-02-10,0.653,0.6747,0.6465,0.6703,3987358.0
1988-02-11,0.6682,0.6682,0.6595,0.6638,2064381.0
1988-02-12,0.6616,0.6703,0.6595,0.666,1653411.0
1988-02-16,0.6616,0.6638,0.653,0.6595,1468581.0
1988-02-17,0.6616,0.6616,0.6378,0.6443,1351010.0
1988-02-18,0.6486,0.6508,0.6421,0.6443,1344125.0
1988-02-19,0.6486,0.6508,0.64,0.6508,3954523.0
1988-02-22,0.6508,0.6616,0.6465,0.6616,2536784.0
1988-02-23,0.6638,0.666,0.6465,0.6508,2080798.0
1988-02-24,0.6486,0.6551,0.6465,0.6486,2065970.0
1988-02-25,0.6508,0.6616,0.6421,0.6421,1848304.0
1988-02-26,0.6465,0.6508,0.6421,0.6421,1346773.0
1988-02-29,0.6421,0.6551,0.6421,0.6508,1671947.0
1988-03-01,0.6573,0.6638,0.653,0.6638,2915448.0
1988-03-02,0.6682,0.6703,0.6551,0.6595,2125814.0
1988-03-03,0.6616,0.6616,0.6551,0.6595,1045960.0
1988-03-04,0.6595,0.6595,0.6508,0.6573,1367957.0
1988-03-07,0.6616,0.6616,0.6465,0.653,1330355.0
1988-03-08,0.6551,0.6573,0.6465,0.6465,2344010.0
1988-03-09,0.6486,0.6486,0.6356,0.64,1922978.0
1988-03-10,0.6378,0.64,0.6269,0.6313,2322826.0
1988-03-11,0.6356,0.6356,0.6248,0.6269,2019894.0
1988-03-14,0.6248,0.6313,0.6248,0.6291,1489765.0
1988-03-15,0.6291,0.6356,0.6269,0.6356,957517.0
1988-03-16,0.6378,0.6573,0.6378,0.6573,2385318.0
1988-03-17,0.6638,0.6682,0.6573,0.6682,1573971.0
1988-03-18,0.679,0.679,0.6551,0.6573,3743213.0
1988-03-21,0.6486,0.6573,0.6465,0.6573,580442.0
1988-03-22,0.653,0.6551,0.6508,0.6551,994589.0
1988-03-23,0.6508,0.653,0.6465,0.6508,1436275.0
1988-03-24,0.6443,0.6486,0.6334,0.6378,1579797.0
1988-03-25,0.6356,0.6356,0.6226,0.6248,2143291.0
1988-03-28,0.6183,0.6313,0.6183,0.6248,1372723.0
1988-03-29,0.6313,0.6378,0.6291,0.6356,1730733.0
1988-03-30,0.6356,0.64,0.6269,0.6291,5772640.0
1988-03-31,0.6313,0.6334,0.6204,0.6291,2559557.0
1988-04-04,0.6326,0.6348,0.6215,0.6215,2780930.0
1988-04-05,0.6259,0.6326,0.6259,0.6326,2263510.0
1988-04-06,0.6348,0.657,0.6326,0.6437,2076562.0
1988-04-07,0.6481,0.6503,0.6415,0.6437,2473232.0
1988-04-08,0.6415,0.6481,0.637,0.6459,2581800.0
1988-04-11,0.6481,0.6526,0.6437,0.6481,1633816.0
1988-04-12,0.6481,0.6503,0.6437,0.6481,1299638.0
1988-04-13,0.6526,0.6548,0.6459,0.6503,1215962.0
1988-04-14,0.6437,0.6459,0.6281,0.6348,2265099.0
1988-04-15,0.6281,0.6304,0.6237,0.6281,2279928.0
1988-04-18,0.6281,0.6281,0.6215,0.6259,785397.0
1988-04-19,0.6237,0.637,0.6237,0.6259,1638582.0
1988-04-20,0.6259,0.6304,0.6148,0.6193,2318059.0
1988-04-21,0.6215,0.6326,0.6148,0.6237,1916093.0
1988-04-22,0.6193,0.6304,0.6148,0.6281,2277810.0
1988-04-25,0.6304,0.6348,0.6259,0.6326,1437334.0
1988-04-26,0.6326,0.6459,0.6281,0.6459,2472173.0
1988-04-27,0.6415,0.6459,0.6348,0.6348,1908678.0
1988-04-28,0.6348,0.6348,0.6259,0.6304,1609454.0
1988-04-29,0.6304,0.6304,0.617,0.6259,2906445.0
1988-05-02,0.6281,0.6304,0.6193,0.6237,2074443.0
1988-05-03,0.6259,0.6326,0.6215,0.6259,911442.0
1988-05-04,0.6281,0.6304,0.617,0.617,1318704.0
1988-05-05,0.6148,0.6148,0.6082,0.6104,2133229.0
1988-05-06,0.6104,0.617,0.6037,0.6082,2884202.0
1988-05-09,0.6059,0.6126,0.6037,0.6059,2125814.0
1988-05-10,0.6037,0.6148,0.6037,0.6104,2718437.0
1988-05-11,0.6037,0.6037,0.5971,0.6037,1907090.0
1988-05-12,0.6037,0.6193,0.6015,0.6193,3220498.0
1988-05-13,0.6237,0.637,0.6193,0.6348,2919685.0
1988-05-16,0.6326,0.6392,0.6304,0.6392,2217965.0
1988-05-17,0.6437,0.6459,0.6326,0.637,2590803.0
1988-05-18,0.6326,0.637,0.6281,0.6304,2266688.0
1988-05-19,0.6281,0.637,0.6259,0.6348,2186718.0
1988-05-20,0.6392,0.6415,0.6326,0.6348,1174123.0
1988-05-23,0.6348,0.6392,0.6304,0.6326,1053374.0
1988-05-24,0.637,0.6459,0.6304,0.6437,1257800.0
1988-05-25,0.6459,0.6481,0.6392,0.6392,1401322.0
1988-05-26,0.6415,0.6503,0.6392,0.6481,1689954.0
1988-05-27,0.6481,0.6503,0.6459,0.6503,682125.0
1988-05-31,0.657,0.6748,0.6548,0.6748,2060674.0
1988-06-01,0.6814,0.6814,0.6725,0.677,6884800.0
1988-06-02,0.6814,0.6814,0.6681,0.6725,1983882.0
1988-06-03,0.6725,0.6748,0.6681,0.6748,1633816.0
1988-06-06,0.6703,0.6725,0.6637,0.6681,1550139.0
1988-06-07,0.6659,0.6725,0.657,0.6637,1298050.0
1988-06-08,0.6681,0.6881,0.6659,0.6859,2321766.0
1988-06-09,0.6903,0.6903,0.6792,0.6836,2398558.0
1988-06-10,0.6881,0.7014,0.6881,0.697,2333947.0
1988-06-13,0.697,0.6992,0.677,0.6792,1732851.0
1988-06-14,0.6881,0.6947,0.6859,0.6903,2600336.0
1988-06-15,0.6903,0.697,0.6859,0.6903,3086509.0
1988-06-16,0.6903,0.6903,0.677,0.6792,2443574.0
1988-06-17,0.6836,0.6859,0.6748,0.6792,4031845.0
1988-06-20,0.6792,0.6836,0.677,0.6814,1006240.0
1988-06-21,0.6814,0.6992,0.6814,0.6992,1477054.0
1988-06-22,0.7103,0.7169,0.7014,0.708,3982592.0
1988-06-23,0.708,0.708,0.7014,0.7058,1752976.0
1988-06-24,0.708,0.7103,0.7036,0.7036,1547491.0
1988-06-27,0.7058,0.7058,0.6881,0.6947,2519837.0
1988-06-28,0.6947,0.708,0.6903,0.7058,1744502.0
1988-06-29,0.7036,0.708,0.6925,0.6947,2068618.0
1988-06-30,0.697,0.708,0.697,0.7036,185018938.0
1988-07-01,0.7072,0.7117,0.6981,0.7049,4865965.0
1988-07-05,0.7004,0.7026,0.6936,0.7004,4672131.0
1988-07-06,0.7004,0.7094,0.68,0.6822,1647056.0
1988-07-07,0.6845,0.6936,0.6822,0.6936,1408206.0
1988-07-08,0.6936,0.6981,0.689,0.6981,1314997.0
1988-07-11,0.6958,0.7049,0.6958,0.7004,1810173.0
1988-07-12,0.7004,0.7026,0.6845,0.6845,2327062.0
1988-07-13,0.6868,0.6913,0.6573,0.6845,2237560.0
1988-07-14,0.6868,0.6913,0.6845,0.6913,2125285.0
1988-07-15,0.689,0.6913,0.6777,0.6913,2389026.0
1988-07-18,0.6913,0.6913,0.6822,0.6913,1107923.0
1988-07-19,0.689,0.6913,0.68,0.6822,1117456.0
1988-07-20,0.6868,0.689,0.6845,0.6868,999885.0
1988-07-21,0.6868,0.6868,0.6777,0.68,2904856.0
1988-07-22,0.68,0.6822,0.6664,0.6686,2376315.0
1988-07-25,0.6732,0.6732,0.6664,0.6709,1714315.0
1988-07-26,0.6754,0.68,0.6686,0.6777,1128048.0
1988-07-27,0.68,0.68,0.6664,0.6686,1399203.0
1988-07-28,0.6709,0.6754,0.6664,0.6754,826706.0
1988-07-29,0.6777,0.6981,0.6754,0.689,2365723.0
1988-08-01,0.6958,0.6981,0.689,0.6958,1352598.0
1988-08-02,0.7004,0.7004,0.6913,0.6936,2568030.0
1988-08-03,0.6958,0.7026,0.6936,0.7004,3519192.0
1988-08-04,0.7004,0.7004,0.689,0.6936,2435101.0
1988-08-05,0.6913,0.6936,0.6868,0.6936,864307.0
1988-08-08,0.6981,0.7004,0.689,0.689,970227.0
1988-08-09,0.6958,0.6958,0.6754,0.6777,1610514.0
1988-08-10,0.68,0.68,0.6664,0.6709,1221258.0
1988-08-11,0.6777,0.68,0.6664,0.6754,3042022.0
1988-08-12,0.6732,0.6822,0.6709,0.6709,1796933.0
1988-08-15,0.6732,0.6732,0.6664,0.6664,732437.0
1988-08-16,0.6686,0.6777,0.6641,0.6664,945336.0
1988-08-17,0.6709,0.6732,0.6664,0.6686,1330355.0
1988-08-18,0.6686,0.6732,0.6664,0.6709,1418798.0
1988-08-19,0.6732,0.6754,0.6664,0.6686,2437219.0
1988-08-22,0.6732,0.6732,0.6641,0.6641,2207902.0
1988-08-23,0.6618,0.6641,0.6596,0.6618,1510949.0
1988-08-24,0.6664,0.6709,0.6618,0.6709,1250386.0
1988-08-25,0.6686,0.6732,0.6618,0.6641,1312878.0
1988-08-26,0.6686,0.6709,0.6641,0.6709,1139699.0
1988-08-29,0.6709,0.68,0.6686,0.6732,2069147.0
1988-08-30,0.6777,0.6777,0.6732,0.6754,1496650.0
1988-08-31,0.6754,0.6845,0.6732,0.6822,1272099.0
1988-09-01,0.6845,0.6845,0.6754,0.6777,1443160.0
1988-09-02,0.6845,0.7004,0.6845,0.6981,2310645.0
1988-09-06,0.6981,0.7004,0.6936,0.7004,1324000.0
1988-09-07,0.7026,0.7049,0.7004,0.7026,2202606.0
1988-09-08,0.7004,0.7049,0.6958,0.7026,1521011.0
1988-09-09,0.6981,0.7117,0.6981,0.7094,3217320.0
1988-09-12,0.7117,0.7117,0.7004,0.7004,1052845.0
1988-09-13,0.6981,0.7094,0.6936,0.7094,2026779.0
1988-09-14,0.7117,0.7162,0.7049,0.7094,2202077.0
1988-09-15,0.7094,0.714,0.7072,0.714,1772042.0
1988-09-16,0.7049,0.7185,0.7049,0.7162,2410210.0
1988-09-19,0.7162,0.7162,0.7072,0.714,1053374.0
1988-09-20,0.714,0.714,0.7094,0.7117,2183011.0
1988-09-21,0.7162,0.7185,0.7117,0.7162,1378019.0
1988-09-22,0.7185,0.7185,0.7117,0.7162,3348131.0
1988-09-23,0.7117,0.7185,0.7117,0.714,2056437.0
1988-09-26,0.714,0.7185,0.7117,0.714,1195837.0
1988-09-27,0.7162,0.7208,0.714,0.7185,1366368.0
1988-09-28,0.7162,0.723,0.7162,0.7208,1291165.0
1988-09-29,0.7208,0.7366,0.7185,0.7344,2551083.0
1988-09-30,0.7298,0.7412,0.7298,0.7321,2203136.0
1988-10-03,0.7366,0.7389,0.7298,0.7344,4779110.0
1988-10-04,0.738,0.738,0.731,0.7334,3584333.0
1988-10-05,0.7357,0.738,0.731,0.738,3591218.0
1988-10-06,0.738,0.738,0.7334,0.738,1584563.0
1988-10-07,0.7403,0.7588,0.738,0.7588,3431808.0
1988-10-10,0.7542,0.7588,0.7472,0.7519,1836653.0
1988-10-11,0.7496,0.7519,0.7426,0.7519,1018950.0
1988-10-12,0.7472,0.7472,0.738,0.7426,1687306.0
1988-10-13,0.7449,0.7472,0.7403,0.7472,1356306.0
1988-10-14,0.7496,0.7496,0.7426,0.7496,1864722.0
1988-10-17,0.7519,0.7519,0.7449,0.7519,960694.0
1988-10-18,0.7542,0.7565,0.7472,0.7565,1030602.0
1988-10-19,0.7565,0.7588,0.7449,0.7519,2618872.0
1988-10-20,0.7519,0.7634,0.7519,0.7634,1462226.0
1988-10-21,0.7588,0.7704,0.7519,0.7704,1778926.0
1988-10-24,0.7704,0.775,0.7634,0.775,1709019.0
1988-10-25,0.7727,0.7773,0.7727,0.7727,1317115.0
1988-10-26,0.7727,0.775,0.7681,0.7727,1865251.0
1988-10-27,0.7704,0.7727,0.7634,0.7704,1317645.0
1988-10-28,0.7727,0.775,0.7611,0.7634,1978056.0
1988-10-31,0.7634,0.7704,0.7565,0.7704,1356306.0
1988-11-01,0.7657,0.7681,0.7588,0.7657,1734440.0
1988-11-02,0.7681,0.7727,0.7634,0.7657,2085035.0
1988-11-03,0.7657,0.7727,0.7634,0.7681,1701075.0
1988-11-04,0.7657,0.7681,0.7519,0.7519,1584563.0
1988-11-07,0.7542,0.7542,0.7426,0.7449,1394966.0
1988-11-08,0.7449,0.7472,0.7403,0.7426,2064910.0
1988-11-09,0.7403,0.7426,0.7334,0.738,1374312.0
1988-11-10,0.7357,0.7472,0.7357,0.7472,1518893.0
1988-11-11,0.7449,0.7472,0.7357,0.7403,2312234.0
1988-11-14,0.738,0.7403,0.7357,0.7357,1356835.0
1988-11-15,0.7403,0.7426,0.738,0.7403,1393907.0
1988-11-16,0.7403,0.7403,0.731,0.7334,1965346.0
1988-11-17,0.7403,0.7403,0.7334,0.738,1077736.0
1988-11-18,0.7403,0.7426,0.7357,0.7426,1577149.0
1988-11-21,0.7426,0.7426,0.7357,0.7426,1573971.0
1988-11-22,0.7426,0.7426,0.738,0.7403,1443690.0
1988-11-23,0.7426,0.7472,0.738,0.7449,1185774.0
1988-11-25,0.7403,0.7403,0.7357,0.738,893435.0
1988-11-28,0.738,0.7426,0.7357,0.7403,1326648.0
1988-11-29,0.7403,0.7472,0.7357,0.7472,1388082.0
1988-11-30,0.7472,0.7681,0.7472,0.7681,1422506.0
1988-12-01,0.7634,0.7657,0.7565,0.7565,2142232.0
1988-12-02,0.7519,0.7542,0.7426,0.7449,1207488.0
1988-12-05,0.7472,0.7588,0.7449,0.7565,1716963.0
1988-12-06,0.7588,0.775,0.7542,0.775,1356306.0
1988-12-07,0.775,0.7773,0.7681,0.7727,1747680.0
1988-12-08,0.7727,0.7866,0.7727,0.7796,2962053.0
1988-12-09,0.7796,0.7819,0.775,0.7773,1441571.0
1988-12-12,0.7819,0.7889,0.7773,0.7843,974464.0
1988-12-13,0.7819,0.7819,0.775,0.7773,1402910.0
1988-12-14,0.7773,0.7773,0.7634,0.7657,2048493.0
1988-12-15,0.7704,0.7704,0.7634,0.7681,1781574.0
1988-12-16,0.7681,0.7681,0.7657,0.7681,3028782.0
1988-12-19,0.7704,0.7773,0.7611,0.775,3019779.0
1988-12-20,0.7773,0.7796,0.7634,0.7634,2013010.0
1988-12-21,0.7657,0.7704,0.7542,0.7634,4737272.0
1988-12-22,0.7657,0.7657,0.7565,0.7588,1814939.0
1988-12-23,0.7588,0.7634,0.7565,0.7588,944277.0
1988-12-27,0.7611,0.7611,0.7496,0.7496,1048608.0
1988-12-28,0.7496,0.7542,0.7426,0.7472,1995003.0
1988-12-29,0.7472,0.7542,0.7449,0.7542,952750.0
1988-12-30,0.7496,0.7542,0.7472,0.7472,2523544.0
1989-01-03,0.7533,0.7533,0.7391,0.7439,3375141.0
1989-01-04,0.7486,0.7509,0.7415,0.7462,3064795.0
1989-01-05,0.7462,0.7486,0.7344,0.7344,3290405.0
1989-01-06,0.7391,0.758,0.7391,0.7557,3227912.0
1989-01-09,0.7604,0.7651,0.758,0.7627,1465403.0
1989-01-10,0.7651,0.7722,0.7651,0.7675,1748739.0
1989-01-11,0.7675,0.7746,0.7675,0.7746,1444219.0
1989-01-12,0.7746,0.7911,0.7675,0.7675,1412443.0
1989-01-13,0.7651,0.7722,0.7651,0.7698,893435.0
1989-01-16,0.7675,0.7746,0.7651,0.7675,2467406.0
1989-01-17,0.7698,0.7746,0.7651,0.7722,1865251.0
1989-01-18,0.7698,0.7816,0.7675,0.7746,2153354.0
1989-01-19,0.7769,0.7934,0.7746,0.7934,3616109.0
1989-01-20,0.7958,0.8076,0.7934,0.8005,4218794.0
1989-01-23,0.8005,0.8053,0.7911,0.7911,1711138.0
1989-01-24,0.7911,0.8123,0.7911,0.8123,4970296.0
1989-01-25,0.8123,0.8147,0.8076,0.81,2487531.0
1989-01-26,0.8053,0.8171,0.8053,0.8171,2816413.0
1989-01-27,0.8194,0.8289,0.8171,0.8218,6794238.0
1989-01-30,0.8194,0.8265,0.8171,0.8265,2722674.0
1989-01-31,0.8241,0.8265,0.8194,0.8241,1949458.0
1989-02-01,0.8241,0.8265,0.8171,0.8194,1739736.0
1989-02-02,0.8218,0.8218,0.8076,0.81,941629.0
1989-02-03,0.8123,0.8147,0.8076,0.81,1612632.0
1989-02-06,0.81,0.81,0.8005,0.8053,1370075.0
1989-02-07,0.81,0.8312,0.8076,0.8312,2150706.0
1989-02-08,0.8289,0.8336,0.8194,0.8218,1508301.0
1989-02-09,0.8171,0.8265,0.8123,0.8218,1190011.0
1989-02-10,0.8171,0.8241,0.8147,0.8171,1337770.0
1989-02-13,0.8147,0.8218,0.8123,0.8194,926270.0
1989-02-14,0.8194,0.8241,0.8171,0.8218,1375371.0
1989-02-15,0.8218,0.8241,0.7958,0.81,3376730.0
1989-02-16,0.8147,0.8171,0.81,0.8147,2194662.0
1989-02-17,0.8194,0.8312,0.8171,0.8312,2918626.0
1989-02-21,0.8289,0.8336,0.8265,0.8265,2825946.0
1989-02-22,0.8241,0.8265,0.8171,0.8241,3973589.0
1989-02-23,0.8218,0.836,0.8218,0.836,2652237.0
1989-02-24,0.8312,0.8336,0.8218,0.8241,2799995.0
1989-02-27,0.8241,0.8265,0.8218,0.8265,1049667.0
1989-02-28,0.8218,0.8289,0.8218,0.8241,1925626.0
1989-03-01,0.8265,0.8312,0.8218,0.8218,1342536.0
1989-03-02,0.8218,0.836,0.8218,0.836,1837182.0
1989-03-03,0.836,0.8407,0.8336,0.8407,2483824.0
1989-03-06,0.8407,0.869,0.8383,0.8666,3706670.0
1989-03-07,0.8619,0.8643,0.8548,0.8548,2293698.0
1989-03-08,0.8501,0.8619,0.8501,0.8572,2705197.0
1989-03-09,0.8525,0.8596,0.8501,0.8525,2356720.0
1989-03-10,0.8525,0.8525,0.843,0.8454,1762509.0
1989-03-13,0.8454,0.8596,0.8454,0.8572,1215962.0
1989-03-14,0.8596,0.8596,0.8525,0.8572,1331944.0
1989-03-15,0.8572,0.8596,0.8525,0.8548,1121163.0
1989-03-16,0.8548,0.8619,0.8525,0.8596,1797462.0
1989-03-17,0.836,0.8454,0.8265,0.8383,3836952.0
1989-03-20,0.836,0.843,0.8312,0.8407,1890672.0
1989-03-21,0.8454,0.8478,0.8336,0.836,1540606.0
1989-03-22,0.836,0.843,0.8312,0.8383,1846186.0
1989-03-23,0.836,0.8454,0.8312,0.8336,2059085.0
1989-03-27,0.8289,0.8383,0.8241,0.8383,1126989.0
1989-03-28,0.8383,0.8478,0.836,0.8478,1804347.0
1989-03-29,0.8454,0.8525,0.843,0.8501,1978586.0
1989-03-30,0.8501,0.8501,0.843,0.8454,1310760.0
1989-03-31,0.843,0.8572,0.843,0.8478,2407032.0
1989-04-03,0.8478,0.8501,0.843,0.8478,1536899.0
1989-04-04,0.8499,0.8523,0.8451,0.8475,3126229.0
1989-04-05,0.8499,0.8523,0.8451,0.8523,2762923.0
1989-04-06,0.8547,0.8547,0.8475,0.8475,2547906.0
1989-04-07,0.8451,0.8523,0.8451,0.8475,1545373.0
1989-04-10,0.8451,0.8523,0.8451,0.8499,1690483.0
1989-04-11,0.8475,0.8595,0.8475,0.8523,2304819.0
1989-04-12,0.8523,0.8571,0.8499,0.8523,1664533.0
1989-04-13,0.8499,0.8571,0.8475,0.8499,2134818.0
1989-04-14,0.8571,0.8667,0.8547,0.8595,3513896.0
1989-04-17,0.8619,0.8691,0.8595,0.8643,2662299.0
1989-04-18,0.874,0.8812,0.8716,0.8788,5422045.0
1989-04-19,0.8788,0.898,0.8788,0.8956,6358907.0
1989-04-20,0.8932,0.9077,0.8908,0.9053,4993598.0
1989-04-21,0.9053,0.9197,0.9053,0.9125,3551498.0
1989-04-24,0.9125,0.9197,0.9101,0.9197,2881024.0
1989-04-25,0.9245,0.9245,0.9173,0.9197,3396854.0
1989-04-26,0.9197,0.9245,0.9173,0.9221,3153768.0
1989-04-27,0.9173,0.9366,0.9149,0.9269,4204494.0
1989-04-28,0.9245,0.9342,0.9221,0.9269,3618757.0
1989-05-01,0.9173,0.9245,0.9125,0.9245,3446637.0
1989-05-02,0.9245,0.9269,0.9197,0.9221,1821824.0
1989-05-03,0.9221,0.9245,0.9149,0.9245,6891685.0
1989-05-04,0.9197,0.9269,0.9197,0.9245,2472702.0
1989-05-05,0.9245,0.9486,0.9245,0.939,4229386.0
1989-05-08,0.939,0.939,0.9269,0.9293,905086.0
1989-05-09,0.9245,0.9317,0.9197,0.9269,2015128.0
1989-05-10,0.9221,0.9293,0.9221,0.9293,2399088.0
1989-05-11,0.9317,0.9438,0.9317,0.9414,1858366.0
1989-05-12,0.963,0.9775,0.9606,0.9703,3371434.0
1989-05-15,0.9727,0.9775,0.963,0.9751,1362131.0
1989-05-16,0.9703,0.9943,0.9703,0.9871,2079739.0
1989-05-17,0.9919,1.0064,0.9871,1.0064,2173478.0
1989-05-18,1.0112,1.0232,1.0088,1.016,1419858.0
1989-05-19,1.0184,1.0305,1.0184,1.0256,4317299.0
1989-05-22,1.0305,1.0377,1.016,1.0208,3352898.0
1989-05-23,1.016,1.0232,0.9895,0.9968,2926570.0
1989-05-24,0.9895,1.004,0.9895,1.0016,1786341.0
1989-05-25,0.9919,0.9992,0.9895,0.9919,1333003.0
1989-05-26,0.9919,1.0016,0.9895,1.0016,1056022.0
1989-05-30,1.0016,1.0112,0.9823,0.9847,1653411.0
1989-05-31,0.9847,1.004,0.9823,0.9943,1551198.0
1989-06-01,0.9919,1.0064,0.9895,0.9992,1321882.0
1989-06-02,1.0088,1.0232,1.0064,1.0208,2000299.0
1989-06-05,1.0256,1.0377,1.0112,1.0112,1490294.0
1989-06-06,1.0136,1.0232,1.004,1.0184,2121048.0
1989-06-07,1.0401,1.0473,1.0353,1.0377,3542494.0
1989-06-08,1.0377,1.0377,1.0208,1.0256,2195722.0
1989-06-09,1.0208,1.0305,1.0136,1.0305,1547491.0
1989-06-12,1.0305,1.0305,1.0136,1.0208,1255682.0
1989-06-13,1.0136,1.0184,0.9919,0.9992,1593566.0
1989-06-14,1.0016,1.0112,1.0016,1.004,1085150.0
1989-06-15,1.0016,1.004,0.9823,0.9943,1770982.0
1989-06-16,0.9727,0.9895,0.9703,0.9895,4396739.0
1989-06-19,0.9943,1.0016,0.9823,0.9871,1440512.0
1989-06-20,0.9871,0.9871,0.9703,0.9727,2299523.0
1989-06-21,0.9582,0.9679,0.9558,0.9606,3456699.0
1989-06-22,0.963,0.9871,0.963,0.9775,2699901.0
1989-06-23,0.9871,1.0088,0.9871,1.0064,2792581.0
1989-06-26,1.0064,1.0112,1.004,1.0064,1635934.0
1989-06-27,1.0088,1.0112,0.9968,1.0016,1336181.0
1989-06-28,0.9968,0.9992,0.9847,0.9919,2318059.0
1989-06-29,0.9847,0.9847,0.9727,0.9727,1784752.0
1989-06-30,0.9727,0.9823,0.963,0.9823,2429275.0
1989-07-03,0.9895,0.9968,0.9823,0.9968,1173594.0
1989-07-05,0.994,1.0112,0.9867,1.0112,3054203.0
1989-07-06,1.0161,1.021,1.0087,1.0136,2951990.0
1989-07-07,1.0161,1.0234,1.0112,1.021,1965875.0
1989-07-10,1.0259,1.043,1.0259,1.0381,1956342.0
1989-07-11,1.0479,1.0626,1.0479,1.0577,4370259.0
1989-07-12,1.0528,1.0626,1.0528,1.0601,2839186.0
1989-07-13,1.0577,1.0626,1.0503,1.0528,2019365.0
1989-07-14,1.0626,1.0675,1.0552,1.0675,3145824.0
1989-07-17,1.065,1.0773,1.0626,1.0675,1396026.0
1989-07-18,1.0675,1.0773,1.065,1.0773,2203136.0
1989-07-19,1.0797,1.0895,1.0699,1.0724,3934928.0
1989-07-20,1.0773,1.0846,1.0503,1.0503,3157475.0
1989-07-21,1.043,1.0528,1.0332,1.043,3344954.0
1989-07-24,1.0405,1.043,1.0332,1.0381,2019894.0
1989-07-25,1.0405,1.0552,1.0381,1.043,2473232.0
1989-07-26,1.0454,1.0724,1.043,1.0724,2252389.0
1989-07-27,1.0748,1.0871,1.0748,1.0822,1945221.0
1989-07-28,1.0822,1.0944,1.0797,1.0944,1220198.0
1989-07-31,1.092,1.114,1.0895,1.114,2408091.0
1989-08-01,1.114,1.1311,1.1091,1.1164,2457344.0
1989-08-02,1.1091,1.1189,1.1066,1.1189,1697898.0
1989-08-03,1.1164,1.1238,1.1164,1.1164,1358424.0
1989-08-04,1.1164,1.1189,1.1017,1.1042,1009947.0
1989-08-07,1.1091,1.1238,1.1017,1.1238,1751387.0
1989-08-08,1.1238,1.1238,1.114,1.1189,1332474.0
1989-08-09,1.1164,1.1213,1.0969,1.0993,2243915.0
1989-08-10,1.092,1.092,1.0773,1.092,1638582.0
1989-08-11,1.1066,1.1115,1.0699,1.0724,1994474.0
1989-08-14,1.0699,1.1336,1.0626,1.0675,1575560.0
1989-08-15,1.0675,1.0748,1.065,1.0724,1273688.0
1989-08-16,1.0748,1.0773,1.0675,1.0773,1806466.0
1989-08-17,1.0773,1.0846,1.0699,1.0773,1322411.0
1989-08-18,1.0724,1.0846,1.0724,1.0846,1080384.0
1989-08-21,1.0895,1.0895,1.0577,1.0577,2041608.0
1989-08-22,1.0528,1.0577,1.0381,1.043,2420272.0
1989-08-23,1.0479,1.0503,1.0381,1.043,2252389.0
1989-08-24,1.043,1.065,1.0405,1.0577,4040318.0
1989-08-25,1.0552,1.0601,1.0454,1.0503,1584563.0
1989-08-28,1.0577,1.0601,1.0528,1.0577,1550669.0
1989-08-29,1.0577,1.0626,1.0454,1.0528,1416680.0
1989-08-30,1.0479,1.0577,1.0454,1.0552,1340418.0
1989-08-31,1.0528,1.0552,1.0528,1.0552,1468051.0
1989-09-01,1.0528,1.0675,1.0503,1.065,2220083.0
1989-09-05,1.0675,1.0699,1.0577,1.065,1217550.0
1989-09-06,1.0675,1.0675,1.0503,1.0503,1845656.0
1989-09-07,1.0528,1.0552,1.043,1.0479,5995072.0
1989-09-08,1.0454,1.0479,1.0283,1.043,1746621.0
1989-09-11,1.0479,1.0479,1.0332,1.0405,1276866.0
1989-09-12,1.0381,1.043,1.0381,1.0405,4988302.0
1989-09-13,1.0454,1.0552,1.043,1.0503,3602339.0
1989-09-14,1.0479,1.0601,1.0454,1.0479,1644408.0
1989-09-15,1.0479,1.0675,1.0479,1.0675,4317299.0
1989-09-18,1.0626,1.0871,1.0626,1.0871,1391789.0
1989-09-19,1.092,1.1017,1.0895,1.0969,2196781.0
1989-09-20,1.0993,1.1017,1.0969,1.0969,1082502.0
1989-09-21,1.0993,1.1042,1.0846,1.0871,1289576.0
1989-09-22,1.092,1.0993,1.0822,1.0822,2332358.0
1989-09-25,1.0797,1.0797,1.065,1.0675,1533192.0
1989-09-26,1.0748,1.0871,1.0724,1.0773,2209491.0
1989-09-27,1.0797,1.0944,1.0773,1.0944,1676184.0
1989-09-28,1.0944,1.1042,1.0944,1.1042,2810587.0
1989-09-29,1.1042,1.1164,1.1042,1.114,2812176.0
1989-10-02,1.1115,1.1213,1.1091,1.1213,2327592.0
1989-10-03,1.126,1.131,1.1235,1.131,1844597.0
1989-10-04,1.1434,1.1484,1.1384,1.1434,3731032.0
1989-10-05,1.1384,1.1534,1.136,1.1534,2841834.0
1989-10-06,1.1583,1.1658,1.1558,1.1633,1894379.0
1989-10-09,1.1633,1.1633,1.1558,1.1558,554491.0
1989-10-10,1.1608,1.1633,1.1558,1.1608,1586682.0
1989-10-11,1.1608,1.1608,1.1484,1.1583,1585622.0
1989-10-12,1.1558,1.1583,1.1509,1.1534,1362661.0
1989-10-13,1.1534,1.1558,1.0738,1.0738,3195606.0
1989-10-16,1.0738,1.1235,1.0614,1.121,5026963.0
1989-10-17,1.1136,1.121,1.1061,1.1111,2651707.0
1989-10-18,1.1086,1.126,1.1061,1.1111,1108982.0
1989-10-19,1.1136,1.1409,1.1111,1.136,1842478.0
1989-10-20,1.131,1.1534,1.131,1.1484,1171475.0
1989-10-23,1.1509,1.1608,1.1335,1.1409,2072854.0
1989-10-24,1.1384,1.1459,1.1111,1.1409,2823298.0
1989-10-25,1.1384,1.1484,1.136,1.1434,974994.0
1989-10-26,1.1434,1.1484,1.1235,1.1285,3404269.0
1989-10-27,1.1086,1.1086,1.1061,1.1086,2729558.0
1989-10-30,1.1111,1.1136,1.0962,1.1036,2336595.0
1989-10-31,1.1086,1.1136,1.1012,1.1036,2453107.0
1989-11-01,1.1037,1.1061,1.0887,1.0937,2505538.0
1989-11-02,1.0937,1.0962,1.0788,1.0862,2436690.0
1989-11-03,1.0862,1.0862,1.0564,1.0564,4565152.0
1989-11-06,1.0539,1.0688,1.0539,1.0664,2654355.0
1989-11-07,1.0639,1.0887,1.0639,1.0838,1634875.0
1989-11-08,1.0813,1.0987,1.0813,1.0962,1575030.0
1989-11-09,1.0962,1.1012,1.0863,1.0887,935803.0
1989-11-10,1.0937,1.1086,1.0937,1.1012,796518.0
1989-11-13,1.0987,1.0987,1.0912,1.0987,2187778.0
1989-11-14,1.0962,1.1086,1.0962,1.1036,2095098.0
1989-11-15,1.1061,1.1186,1.1036,1.1061,1624813.0
1989-11-16,1.1037,1.1037,1.0912,1.0937,3434986.0
1989-11-17,1.0962,1.0987,1.0887,1.0912,3637822.0
1989-11-20,1.0937,1.0937,1.0838,1.0838,790693.0
1989-11-21,1.0788,1.0813,1.0639,1.0713,1148702.0
1989-11-22,1.0713,1.0788,1.0639,1.0738,1132814.0
1989-11-24,1.0788,1.0912,1.0763,1.0788,510005.0
1989-11-27,1.0788,1.0863,1.0788,1.0838,1972230.0
1989-11-28,1.0862,1.0912,1.0763,1.0788,1778926.0
1989-11-29,1.0738,1.0962,1.0664,1.0962,2449930.0
1989-11-30,1.0962,1.1235,1.0838,1.1235,2251859.0
1989-12-01,1.1285,1.1509,1.1285,1.1409,2603514.0
1989-12-04,1.136,1.1633,1.136,1.1633,1439453.0
1989-12-05,1.1558,1.1658,1.1434,1.1534,1359483.0
1989-12-06,1.1534,1.1534,1.136,1.1434,1142347.0
1989-12-07,1.136,1.1434,1.126,1.136,1321352.0
1989-12-08,1.1409,1.1459,1.1335,1.136,884432.0
1989-12-11,1.1335,1.136,1.1285,1.1335,731907.0
1989-12-12,1.1335,1.1583,1.126,1.1509,1522070.0
1989-12-13,1.1459,1.1906,1.1459,1.1906,2214258.0
1989-12-14,1.1832,1.2056,1.1782,1.2031,4495774.0
1989-12-15,1.223,1.223,1.1981,1.2031,5214442.0
1989-12-18,1.2006,1.2056,1.1782,1.1832,2277280.0
1989-12-19,1.1807,1.1832,1.1683,1.1782,1464874.0
1989-12-20,1.1832,1.2006,1.1807,1.1956,2637938.0
1989-12-21,1.213,1.213,1.2056,1.208,1745562.0
1989-12-22,1.218,1.2453,1.218,1.2428,2644293.0
1989-12-26,1.2428,1.2503,1.2428,1.2478,1065555.0
1989-12-27,1.2453,1.2478,1.2379,1.2404,966520.0
1989-12-28,1.2428,1.2602,1.2404,1.2578,1663474.0
1989-12-29,1.2627,1.2801,1.2602,1.2702,2564853.0
1990-01-02,1.2578,1.2876,1.2578,1.2876,3622994.0
1990-01-03,1.2851,1.2876,1.2553,1.2652,3306822.0
1990-01-04,1.2649,1.2649,1.2095,1.2549,3264454.0
1990-01-05,1.2347,1.2347,1.1868,1.1944,3073269.0
1990-01-08,1.1944,1.2221,1.1793,1.2145,2713670.0
1990-01-09,1.207,1.2095,1.1818,1.1868,1850422.0
1990-01-10,1.1843,1.1843,1.1415,1.1541,3137350.0
1990-01-11,1.1616,1.1717,1.1541,1.1641,2579682.0
1990-01-12,1.1515,1.1515,1.1137,1.1289,2915448.0
1990-01-15,1.1238,1.1263,1.1087,1.1112,1604688.0
1990-01-16,1.0961,1.1339,1.0835,1.1339,3398973.0
1990-01-17,1.1339,1.1364,1.0961,1.1037,1997122.0
1990-01-18,1.0936,1.1263,1.0936,1.1238,2875728.0
1990-01-19,1.1289,1.144,1.1289,1.1289,3045200.0
1990-01-22,1.1314,1.1339,1.0885,1.0961,2140114.0
1990-01-23,1.0986,1.1037,1.0759,1.1037,2288402.0
1990-01-24,1.1037,1.1163,1.0558,1.1112,2207373.0
1990-01-25,1.1112,1.1137,1.0759,1.0759,2422920.0
1990-01-26,1.0734,1.086,1.0507,1.0659,3454581.0
1990-01-29,1.0684,1.0709,1.0507,1.0633,1790578.0
1990-01-30,1.0659,1.0659,1.023,1.0533,2362546.0
1990-01-31,1.0558,1.0659,1.0533,1.0659,1739736.0
1990-02-01,1.0709,1.0835,1.0684,1.0835,2339243.0
1990-02-02,1.0785,1.1011,1.0734,1.0961,1813880.0
1990-02-05,1.0961,1.1137,1.0885,1.1112,2509245.0
1990-02-06,1.1087,1.1087,1.0709,1.081,1850422.0
1990-02-07,1.0659,1.0911,1.0533,1.0885,1782104.0
1990-02-08,1.0936,1.0936,1.0407,1.0482,1725437.0
1990-02-09,1.0659,1.0709,1.0507,1.0684,2353542.0
1990-02-12,1.0684,1.0734,1.0558,1.0583,1391259.0
1990-02-13,1.0633,1.0709,1.0482,1.0684,1278984.0
1990-02-14,1.0759,1.0835,1.0684,1.0734,1735499.0
1990-02-15,1.0709,1.1037,1.0709,1.0986,1518363.0
1990-02-16,1.0936,1.1137,1.0885,1.0936,2648530.0
1990-02-20,1.0835,1.0835,1.0608,1.0684,1716434.0
1990-02-21,1.0507,1.0659,1.0482,1.0608,3200373.0
1990-02-22,1.0659,1.0961,1.0583,1.0608,2391144.0
1990-02-23,1.0558,1.0759,1.0533,1.0684,1872666.0
1990-02-26,1.0659,1.081,1.0583,1.081,1971701.0
1990-02-27,1.086,1.1087,1.086,1.1037,2184070.0
1990-02-28,1.0986,1.1137,1.0986,1.1037,1811232.0
1990-03-01,1.0986,1.1364,1.0986,1.1289,1802758.0
1990-03-02,1.1389,1.1591,1.1364,1.1541,1721730.0
1990-03-05,1.1541,1.1692,1.1415,1.149,3122522.0
1990-03-06,1.1465,1.1616,1.144,1.1616,1757742.0
1990-03-07,1.1616,1.1667,1.144,1.149,1342006.0
1990-03-08,1.1515,1.1667,1.149,1.1641,1304405.0
1990-03-09,1.1591,1.1616,1.1364,1.149,1817058.0
1990-03-12,1.1415,1.1515,1.1389,1.1465,1575030.0
1990-03-13,1.144,1.144,1.1263,1.1364,1298579.0
1990-03-14,1.1339,1.1339,1.1188,1.1188,2089272.0
1990-03-15,1.1238,1.1263,1.1163,1.1213,1127518.0
1990-03-16,1.1339,1.1339,1.1213,1.1263,2586037.0
1990-03-19,1.1087,1.1364,1.1062,1.1289,1058141.0
1990-03-20,1.1238,1.1289,1.1112,1.1163,1057611.0
1990-03-21,1.1213,1.1238,1.1062,1.1087,743558.0
1990-03-22,1.1037,1.1062,1.0885,1.1011,1493472.0
1990-03-23,1.1011,1.1163,1.0961,1.1087,1351539.0
1990-03-26,1.1137,1.1263,1.1011,1.1011,793341.0
1990-03-27,1.1011,1.1263,1.1011,1.1238,1049667.0
1990-03-28,1.1213,1.1364,1.1213,1.1364,1155587.0
1990-03-29,1.1339,1.144,1.1213,1.144,1108453.0
1990-03-30,1.1389,1.1515,1.1188,1.1389,2871491.0
1990-04-02,1.1314,1.149,1.1289,1.144,1043842.0
1990-04-03,1.144,1.1767,1.1415,1.1667,3036197.0
1990-04-04,1.17,1.17,1.1495,1.1521,2834419.0
1990-04-05,1.1546,1.1649,1.1495,1.1649,3006539.0
1990-04-06,1.1623,1.1726,1.1546,1.17,1379608.0
1990-04-09,1.17,1.1802,1.1674,1.1802,1203251.0
1990-04-10,1.1777,1.1905,1.1751,1.1905,1752976.0
1990-04-11,1.1879,1.1956,1.1802,1.1905,965990.0
1990-04-12,1.1905,1.2059,1.1879,1.2033,1439453.0
1990-04-16,1.2033,1.2187,1.1982,1.2059,1768334.0
1990-04-17,1.1956,1.2007,1.1879,1.1905,1045960.0
1990-04-18,1.1956,1.1956,1.1598,1.1649,1529485.0
1990-04-19,1.1572,1.1674,1.147,1.147,2059614.0
1990-04-20,1.1418,1.1444,1.1162,1.1265,3995302.0
1990-04-23,1.1239,1.129,1.1086,1.1137,2081858.0
1990-04-24,1.1137,1.1239,1.0906,1.106,1790578.0
1990-04-25,1.106,1.1214,1.106,1.1188,1614221.0
1990-04-26,1.1239,1.1316,1.1086,1.1086,1031131.0
1990-04-27,1.1111,1.1137,1.0983,1.1009,1482350.0
1990-04-30,1.106,1.1214,1.1009,1.1188,836238.0
1990-05-01,1.1265,1.1316,1.1111,1.1111,1239264.0
1990-05-02,1.1086,1.1162,1.106,1.1111,1187363.0
1990-05-03,1.1137,1.1137,1.1034,1.1086,1112690.0
1990-05-04,1.1137,1.1162,1.1009,1.1086,2618342.0
1990-05-07,1.1086,1.1162,1.106,1.1086,765272.0
1990-05-08,1.1111,1.1342,1.106,1.1316,1701075.0
1990-05-09,1.1265,1.1495,1.1265,1.1495,1529485.0
1990-05-10,1.1444,1.1495,1.1393,1.1393,1264685.0
1990-05-11,1.1598,1.17,1.1521,1.1649,2079739.0
1990-05-14,1.17,1.2059,1.1674,1.1828,1933040.0
1990-05-15,1.1802,1.1982,1.1726,1.1777,1682010.0
1990-05-16,1.1726,1.1751,1.1572,1.17,1175712.0
1990-05-17,1.1751,1.193,1.1649,1.1649,1281102.0
1990-05-18,1.1598,1.1649,1.1546,1.1649,1259918.0
1990-05-21,1.1572,1.1879,1.1572,1.1828,1011006.0
1990-05-22,1.1879,1.193,1.1572,1.1649,1705842.0
1990-05-23,1.1674,1.17,1.1572,1.17,1317645.0
1990-05-24,1.1674,1.1777,1.1598,1.1598,954869.0
1990-05-25,1.1623,1.1649,1.1521,1.1572,672062.0
1990-05-29,1.1572,1.1751,1.1572,1.1751,1195837.0
1990-05-30,1.1726,1.1956,1.1726,1.1905,2786755.0
1990-05-31,1.1828,1.1956,1.1802,1.1956,1476525.0
1990-06-01,1.1982,1.2033,1.1905,1.1956,2096686.0
1990-06-04,1.193,1.2007,1.1828,1.193,1376960.0
1990-06-05,1.2007,1.2059,1.1828,1.1828,1679362.0
1990-06-06,1.1879,1.1905,1.1777,1.1802,1645467.0
1990-06-07,1.1802,1.1828,1.1546,1.1623,2334477.0
1990-06-08,1.1598,1.1623,1.147,1.1572,987704.0
1990-06-11,1.1546,1.1777,1.1546,1.1777,990352.0
1990-06-12,1.1777,1.1854,1.1674,1.1777,1470699.0
1990-06-13,1.1802,1.1802,1.1623,1.1674,1209606.0
1990-06-14,1.1623,1.1623,1.1316,1.1367,2297934.0
1990-06-15,1.1214,1.1316,1.1034,1.1214,4758456.0
1990-06-18,1.1188,1.1239,1.1137,1.1188,2735384.0
1990-06-19,1.1214,1.1316,1.1137,1.129,1328237.0
1990-06-20,1.1316,1.1342,1.1111,1.129,2163946.0
1990-06-21,1.1316,1.1342,1.1162,1.1214,1437864.0
1990-06-22,1.1162,1.1265,1.1009,1.1009,3624582.0
1990-06-25,1.1009,1.1034,1.0855,1.0855,2058026.0
1990-06-26,1.0932,1.1034,1.083,1.083,1988118.0
1990-06-27,1.0804,1.106,1.0778,1.106,1275277.0
1990-06-28,1.1086,1.1162,1.1086,1.1162,1231850.0
1990-06-29,1.1162,1.1162,1.0958,1.1034,998296.0
1990-07-02,1.1034,1.1086,1.1009,1.106,1747680.0
1990-07-03,1.1094,1.1302,1.1094,1.1302,1428331.0
1990-07-05,1.1224,1.1224,1.1016,1.1068,1542725.0
1990-07-06,1.1016,1.1224,1.1016,1.1172,790693.0
1990-07-09,1.1146,1.1198,1.1068,1.1094,1302286.0
1990-07-10,1.1016,1.1068,1.0834,1.086,2552142.0
1990-07-11,1.086,1.0886,1.0703,1.0808,4719266.0
1990-07-12,1.0782,1.099,1.073,1.099,3207258.0
1990-07-13,1.1016,1.1224,1.1016,1.112,2270925.0
1990-07-16,1.1172,1.1302,1.1146,1.125,2378434.0
1990-07-17,1.1302,1.1355,1.1094,1.1146,1367427.0
1990-07-18,1.1094,1.1276,1.1094,1.1224,1389670.0
1990-07-19,1.1198,1.1328,1.1198,1.1224,1413502.0
1990-07-20,1.1224,1.1328,1.1198,1.1224,2351954.0
1990-07-23,1.1198,1.1276,1.099,1.112,1577149.0
1990-07-24,1.1068,1.1068,1.0756,1.0938,2806880.0
1990-07-25,1.0912,1.0938,1.0808,1.086,2288931.0
1990-07-26,1.0808,1.0834,1.073,1.0834,1673536.0
1990-07-27,1.0808,1.0938,1.0782,1.086,1791637.0
1990-07-30,1.0808,1.1042,1.0756,1.1042,2356720.0
1990-07-31,1.1094,1.1328,1.1016,1.1328,2512952.0
1990-08-01,1.1328,1.1511,1.1302,1.1407,2911211.0
1990-08-02,1.1146,1.1302,1.1094,1.125,1647586.0
1990-08-03,1.1198,1.1198,1.099,1.1146,2821179.0
1990-08-06,1.0782,1.0886,1.073,1.0886,1778926.0
1990-08-07,1.0964,1.099,1.0573,1.0625,3031960.0
1990-08-08,1.0625,1.1042,1.0625,1.099,1920330.0
1990-08-09,1.099,1.099,1.0834,1.086,3084920.0
1990-08-10,1.0886,1.0886,1.0625,1.0625,1658178.0
1990-08-13,1.0625,1.0756,1.0573,1.0756,754680.0
1990-08-14,1.0756,1.086,1.0703,1.073,959106.0
1990-08-15,1.0808,1.1146,1.0808,1.099,1831886.0
1990-08-16,1.0964,1.0964,1.0834,1.086,1270510.0
1990-08-17,1.0782,1.0834,1.0625,1.0703,2962053.0
1990-08-20,1.0651,1.0886,1.0651,1.0808,2488590.0
1990-08-21,1.0651,1.0703,1.0547,1.0599,1603099.0
1990-08-22,1.0599,1.0651,1.0235,1.0287,1880610.0
1990-08-23,1.0,1.0209,0.9844,0.9974,3642059.0
1990-08-24,1.0052,1.0131,0.9844,0.9896,4190195.0
1990-08-27,1.0052,1.0391,1.0052,1.0235,1320822.0
1990-08-28,1.0261,1.0313,0.9948,1.0026,1606277.0
1990-08-29,0.9948,1.0443,0.9922,1.0261,1564968.0
1990-08-30,1.0261,1.0495,1.0131,1.0183,2104630.0
1990-08-31,1.0157,1.0235,1.0,1.0209,2293698.0
1990-09-04,1.0078,1.0209,1.0,1.0209,1825002.0
1990-09-05,1.0209,1.0235,1.0026,1.0026,1418798.0
1990-09-06,1.0026,1.0052,0.9896,0.9896,1191070.0
1990-09-07,0.9896,1.0104,0.9896,1.0052,1688894.0
1990-09-10,1.0235,1.0261,0.9896,1.0,1866310.0
1990-09-11,1.0,1.0,0.987,0.9896,1817587.0
1990-09-12,0.9922,0.9948,0.9844,0.9922,3231619.0
1990-09-13,0.9922,1.0104,0.9896,0.9922,2586037.0
1990-09-14,0.9896,1.0,0.987,1.0,1179419.0
1990-09-17,0.9974,1.0052,0.9896,1.0052,2588155.0
1990-09-18,1.0,1.0209,0.9948,1.0157,1382256.0
1990-09-19,1.0131,1.0209,1.0078,1.0157,1418798.0
1990-09-20,1.0104,1.0131,1.0026,1.0052,1420387.0
1990-09-21,1.0209,1.0339,1.0104,1.0313,2868843.0
1990-09-24,1.0287,1.0339,1.0209,1.0313,2096157.0
1990-09-25,1.0313,1.0547,1.0287,1.0495,2211610.0
1990-09-26,1.0469,1.0703,1.0443,1.0547,2867784.0
1990-09-27,1.0651,1.0703,1.0521,1.0625,1807525.0
1990-09-28,1.0573,1.0938,1.0521,1.0912,2419742.0
1990-10-01,1.0964,1.1537,1.0964,1.1537,3877731.0
1990-10-02,1.1615,1.1719,1.1537,1.1563,4191784.0
1990-10-03,1.1571,1.1598,1.128,1.1359,1926155.0
1990-10-04,1.1359,1.1359,1.12,1.1333,1520482.0
1990-10-05,1.1121,1.1386,1.1041,1.1306,1663474.0
1990-10-08,1.1359,1.1492,1.1359,1.1465,1645997.0
1990-10-09,1.1359,1.1412,1.1174,1.1227,1832946.0
1990-10-10,1.1227,1.128,1.0936,1.0962,2729029.0
1990-10-11,1.0989,1.1094,1.0989,1.1068,2017246.0
1990-10-12,1.1147,1.1598,1.1068,1.1386,2360957.0
1990-10-15,1.1306,1.1756,1.1306,1.173,3821064.0
1990-10-16,1.1571,1.1624,1.1439,1.1492,4095397.0
1990-10-17,1.1412,1.1465,1.1359,1.1359,2298464.0
1990-10-18,1.1227,1.1359,1.1227,1.1306,3608694.0
1990-10-19,1.1386,1.1412,1.1253,1.1306,3822123.0
1990-10-22,1.1227,1.1306,1.1174,1.1227,2115752.0
1990-10-23,1.1227,1.1306,1.1121,1.1227,1289046.0
1990-10-24,1.1227,1.1333,1.1174,1.1333,1349950.0
1990-10-25,1.1359,1.1359,1.1227,1.128,1456930.0
1990-10-26,1.1227,1.1253,1.1147,1.1174,1862603.0
1990-10-29,1.1147,1.1227,1.1094,1.1094,1510419.0
1990-10-30,1.1121,1.1306,1.1068,1.1227,2115752.0
1990-10-31,1.1386,1.1545,1.1333,1.1545,1583504.0
1990-11-01,1.1518,1.1624,1.1412,1.1624,3277694.0
1990-11-02,1.1624,1.1836,1.1598,1.1836,2836538.0
1990-11-05,1.1862,1.1915,1.1703,1.1915,1166179.0
1990-11-06,1.1756,1.1809,1.1756,1.1783,884432.0
1990-11-07,1.1783,1.1809,1.1598,1.165,2421331.0
1990-11-08,1.165,1.165,1.1386,1.1492,1912386.0
1990-11-09,1.1174,1.1359,1.1174,1.1359,5388150.0
1990-11-12,1.1333,1.1518,1.1333,1.1439,2321237.0
1990-11-13,1.1359,1.1412,1.1174,1.1174,3887794.0
1990-11-14,1.1174,1.128,1.1174,1.1227,2033664.0
1990-11-15,1.1174,1.1253,1.1121,1.1227,1067674.0
1990-11-16,1.1227,1.1227,1.1121,1.12,1419858.0
1990-11-19,1.1253,1.1306,1.1121,1.1121,1768864.0
1990-11-20,1.1147,1.12,1.1094,1.1121,2496005.0
1990-11-21,1.1174,1.12,1.1041,1.12,1063437.0
1990-11-23,1.1174,1.128,1.1147,1.12,468696.0
1990-11-26,1.1068,1.1174,1.1041,1.1094,2044256.0
1990-11-27,1.1121,1.1386,1.1094,1.1359,2487531.0
1990-11-28,1.1412,1.1518,1.1359,1.1492,2108867.0
1990-11-29,1.1624,1.165,1.1545,1.1571,2159709.0
1990-11-30,1.1571,1.1783,1.1518,1.1677,2631582.0
1990-12-03,1.1677,1.1703,1.1598,1.1624,1402381.0
1990-12-04,1.165,1.1862,1.1624,1.1756,1672477.0
1990-12-05,1.1756,1.1889,1.1756,1.1889,729259.0
1990-12-06,1.2021,1.2074,1.1889,1.1915,1716434.0
1990-12-07,1.1915,1.1995,1.1836,1.1942,1045960.0
1990-12-10,1.1942,1.1942,1.1783,1.1836,1141818.0
1990-12-11,1.1783,1.1809,1.1624,1.173,1195307.0
1990-12-12,1.1783,1.1915,1.1703,1.1915,2347187.0
1990-12-13,1.1889,1.1968,1.1862,1.1915,787515.0
1990-12-14,1.1915,1.1942,1.1783,1.1915,1171475.0
1990-12-17,1.1968,1.1968,1.1809,1.1889,738262.0
1990-12-18,1.1889,1.218,1.1889,1.2074,1409795.0
1990-12-19,1.2074,1.2127,1.1942,1.2101,1712726.0
1990-12-20,1.1968,1.2021,1.1915,1.1968,1262037.0
1990-12-21,1.2154,1.2154,1.1862,1.1995,3263925.0
1990-12-24,1.1995,1.1995,1.1915,1.1942,501531.0
1990-12-26,1.1942,1.1995,1.1915,1.1942,765802.0
1990-12-27,1.1942,1.1942,1.1836,1.1836,897142.0
1990-12-28,1.1809,1.1836,1.1756,1.1809,496235.0
1990-12-31,1.1809,1.1889,1.1809,1.1862,783808.0
1991-01-02,1.1836,1.1968,1.1756,1.1809,1166709.0
1991-01-03,1.1809,1.1836,1.165,1.1677,3014483.0
1991-01-04,1.1631,1.1739,1.1578,1.1631,1561790.0
1991-01-07,1.1551,1.1604,1.1443,1.1443,1821824.0
1991-01-08,1.147,1.147,1.1308,1.1335,2815883.0
1991-01-09,1.1443,1.1604,1.1201,1.1254,1849893.0
1991-01-10,1.1335,1.1362,1.1281,1.1335,1238205.0
1991-01-11,1.1335,1.1335,1.1281,1.1308,758917.0
1991-01-14,1.1201,1.1201,1.1093,1.1147,1193718.0
1991-01-15,1.112,1.1201,1.112,1.1201,476110.0
1991-01-16,1.1174,1.1174,1.1012,1.1039,831472.0
1991-01-17,1.1362,1.1524,1.1308,1.1497,1870018.0
1991-01-18,1.1551,1.182,1.1551,1.1793,2961523.0
1991-01-21,1.1685,1.1901,1.1658,1.1901,1403970.0
1991-01-22,1.1901,1.1901,1.1335,1.1335,3178130.0
1991-01-23,1.1335,1.1362,1.077,1.0824,6856202.0
1991-01-24,1.0904,1.1039,1.0878,1.0985,6433051.0
1991-01-25,1.0985,1.1066,1.0958,1.1012,3552027.0
1991-01-28,1.1039,1.112,1.1012,1.1093,2740150.0
1991-01-29,1.1093,1.1147,1.1039,1.112,2235442.0
1991-01-30,1.112,1.1147,1.0985,1.112,3248037.0
1991-01-31,1.112,1.1254,1.112,1.1254,1853600.0
1991-02-01,1.1254,1.1362,1.1201,1.1254,1976997.0
1991-02-04,1.1308,1.1335,1.1228,1.1308,1291694.0
1991-02-05,1.1281,1.1551,1.1228,1.1443,2788344.0
1991-02-06,1.147,1.182,1.1443,1.1766,3383614.0
1991-02-07,1.1874,1.2116,1.1847,1.1928,2907504.0
1991-02-08,1.1847,1.2035,1.1793,1.2035,1988118.0
1991-02-11,1.2008,1.2331,1.2008,1.2305,2434042.0
1991-02-12,1.2251,1.2278,1.2035,1.2035,2124755.0
1991-02-13,1.1981,1.2251,1.1955,1.2197,1565498.0
1991-02-14,1.217,1.2278,1.1874,1.2062,1822883.0
1991-02-15,1.2116,1.2224,1.1955,1.217,2014598.0
1991-02-19,1.217,1.217,1.2008,1.2089,1555435.0
1991-02-20,1.1981,1.1981,1.1739,1.1793,2123696.0
1991-02-21,1.1766,1.1793,1.1712,1.1793,1803288.0
1991-02-22,1.1739,1.1847,1.1712,1.1712,1072440.0
1991-02-25,1.1766,1.182,1.1631,1.1631,1187363.0
1991-02-26,1.1631,1.1631,1.1497,1.1524,1190541.0
1991-02-27,1.1524,1.1685,1.1524,1.1631,1712197.0
1991-02-28,1.1658,1.1685,1.1551,1.1578,1790048.0
1991-03-01,1.1551,1.1658,1.1551,1.1658,1883258.0
1991-03-04,1.1658,1.1766,1.1578,1.1578,1785282.0
1991-03-05,1.1604,1.1793,1.1604,1.1739,1976467.0
1991-03-06,1.1847,1.1874,1.1685,1.1739,2826475.0
1991-03-07,1.1631,1.1712,1.1631,1.1658,2470584.0
1991-03-08,1.1658,1.1739,1.1604,1.1604,1587211.0
1991-03-11,1.1604,1.1631,1.1551,1.1604,860070.0
1991-03-12,1.1578,1.1658,1.1416,1.1497,2305878.0
1991-03-13,1.1524,1.1604,1.1443,1.1578,1147643.0
1991-03-14,1.1604,1.1712,1.1524,1.1578,2158650.0
1991-03-15,1.1631,1.1712,1.1551,1.1712,3671187.0
1991-03-18,1.1658,1.1981,1.1658,1.1981,2181952.0
1991-03-19,1.1847,1.1928,1.1685,1.1766,1691013.0
1991-03-20,1.1631,1.182,1.1631,1.1712,1825531.0
1991-03-21,1.1739,1.182,1.1658,1.1685,1815469.0
1991-03-22,1.1631,1.1712,1.1578,1.1658,1133344.0
1991-03-25,1.1712,1.182,1.1712,1.1793,1020010.0
1991-03-26,1.182,1.2089,1.182,1.2089,1761979.0
1991-03-27,1.2116,1.2143,1.1901,1.1955,1230790.0
1991-03-28,1.1981,1.2143,1.1981,1.2089,1316586.0
1991-04-01,1.2062,1.2062,1.1712,1.182,3193488.0
1991-04-02,1.182,1.2008,1.182,1.1981,1732851.0
1991-04-03,1.2089,1.2089,1.1955,1.2035,2464758.0
1991-04-04,1.205,1.2104,1.194,1.1995,2774574.0
1991-04-05,1.194,1.1995,1.1694,1.1694,1682010.0
1991-04-08,1.1721,1.1721,1.1557,1.1611,1509360.0
1991-04-09,1.1557,1.1611,1.1502,1.1529,1713256.0
1991-04-10,1.1529,1.1584,1.1447,1.1474,2644293.0
1991-04-11,1.1474,1.1666,1.1474,1.1557,2653826.0
1991-04-12,1.1584,1.1639,1.1474,1.1611,1759331.0
1991-04-15,1.1611,1.1694,1.1611,1.1694,1359483.0
1991-04-16,1.1639,1.1694,1.1584,1.1694,3824242.0
1991-04-17,1.1639,1.1858,1.1611,1.183,3205139.0
1991-04-18,1.1776,1.1913,1.1721,1.1858,3142117.0
1991-04-19,1.183,1.1913,1.183,1.183,3724147.0
1991-04-22,1.183,1.183,1.1748,1.1748,2320707.0
1991-04-23,1.183,1.183,1.1721,1.1721,2414976.0
1991-04-24,1.1776,1.183,1.1584,1.1639,1415091.0
1991-04-25,1.1611,1.1666,1.1557,1.1611,1897027.0
1991-04-26,1.1557,1.1694,1.1557,1.1666,1391259.0
1991-04-29,1.1639,1.1721,1.1529,1.1529,1707430.0
1991-04-30,1.1529,1.1694,1.1529,1.1694,1534781.0
1991-05-01,1.1611,1.1776,1.1611,1.1721,1392848.0
1991-05-02,1.1721,1.1721,1.1502,1.1584,1178360.0
1991-05-03,1.1557,1.1639,1.1529,1.1639,1485528.0
1991-05-06,1.1584,1.1639,1.1529,1.1611,1714315.0
1991-05-07,1.1557,1.1611,1.1529,1.1529,1954224.0
1991-05-08,1.1557,1.1584,1.1338,1.1338,2532547.0
1991-05-09,1.131,1.1338,1.1118,1.1146,4467706.0
1991-05-10,1.1091,1.1146,1.0899,1.0927,4174307.0
1991-05-13,1.0954,1.1064,1.0872,1.1009,4225678.0
1991-05-14,1.1009,1.1009,1.0817,1.0927,3845426.0
1991-05-15,1.0927,1.1009,1.0735,1.0845,2516659.0
1991-05-16,1.0899,1.0899,1.0817,1.0845,1924566.0
1991-05-17,1.0845,1.0981,1.0817,1.0981,2026779.0
1991-05-20,1.1009,1.1118,1.0872,1.0927,1060259.0
1991-05-21,1.1009,1.1091,1.0982,1.1064,1742384.0
1991-05-22,1.1091,1.1146,1.0982,1.1009,1122752.0
1991-05-23,1.1091,1.1118,1.0899,1.0954,1271570.0
1991-05-24,1.0927,1.1009,1.0899,1.0954,2061733.0
1991-05-28,1.1009,1.1009,1.0817,1.0927,1938336.0
1991-05-29,1.0927,1.0954,1.0845,1.0954,2211610.0
1991-05-30,1.0954,1.1283,1.0899,1.1255,1902853.0
1991-05-31,1.1255,1.1338,1.1173,1.1338,2094038.0
1991-06-03,1.1338,1.1392,1.1064,1.1064,1328237.0
1991-06-04,1.1064,1.1091,1.0899,1.1036,1031131.0
1991-06-05,1.1036,1.1146,1.0927,1.0954,1357894.0
1991-06-06,1.1118,1.1118,1.0927,1.0927,2026250.0
1991-06-07,1.0872,1.0954,1.0845,1.0899,1259389.0
1991-06-10,1.0954,1.1009,1.0899,1.0899,798637.0
1991-06-11,1.0982,1.1146,1.0954,1.1118,1561790.0
1991-06-12,1.1036,1.1064,1.0927,1.1009,1553317.0
1991-06-13,1.1009,1.1201,1.1009,1.1118,1480232.0
1991-06-14,1.1091,1.1447,1.1091,1.142,2145939.0
1991-06-17,1.1338,1.1392,1.1255,1.1255,1011006.0
1991-06-18,1.1255,1.1365,1.1201,1.1201,1372194.0
1991-06-19,1.1173,1.1173,1.1036,1.1064,1159824.0
1991-06-20,1.1036,1.1201,1.1036,1.1173,1424624.0
1991-06-21,1.1173,1.1283,1.1118,1.1201,2716318.0
1991-06-24,1.1146,1.1201,1.1064,1.1173,1643349.0
1991-06-25,1.1173,1.1255,1.1146,1.1255,1289576.0
1991-06-26,1.1255,1.1365,1.1255,1.131,1962698.0
1991-06-27,1.1338,1.1584,1.1338,1.1584,2223261.0
1991-06-28,1.1447,1.1748,1.1447,1.1721,1873725.0
1991-07-01,1.1748,1.2022,1.1748,1.1995,2192014.0
1991-07-02,1.1967,1.1995,1.183,1.1858,3685486.0
1991-07-03,1.1872,1.1928,1.1733,1.1817,1659237.0
1991-07-05,1.1761,1.1872,1.1761,1.1817,962283.0
1991-07-08,1.1733,1.19,1.1622,1.1872,1542195.0
1991-07-09,1.1844,1.19,1.1789,1.1844,2428216.0
1991-07-10,1.1928,1.2095,1.1928,1.1984,2363075.0
1991-07-11,1.204,1.204,1.1956,1.204,2800525.0
1991-07-12,1.2067,1.2151,1.1984,1.2067,1634346.0
1991-07-15,1.2067,1.2207,1.2067,1.2151,1234498.0
1991-07-16,1.2207,1.2207,1.1956,1.204,1823413.0
1991-07-17,1.1984,1.2067,1.1956,1.1956,666766.0
1991-07-18,1.1956,1.2095,1.1956,1.2095,1156646.0
1991-07-19,1.2095,1.2123,1.1984,1.1984,1345714.0
1991-07-22,1.1984,1.1984,1.1733,1.1761,906675.0
1991-07-23,1.1817,1.1817,1.1566,1.1594,1924037.0
1991-07-24,1.1649,1.1677,1.1622,1.1677,2202077.0
1991-07-25,1.1677,1.1761,1.1649,1.1733,942688.0
1991-07-26,1.1817,1.1984,1.1733,1.1733,3401621.0
1991-07-29,1.1733,1.1872,1.1705,1.1817,1781045.0
1991-07-30,1.1817,1.1928,1.1789,1.1928,1097331.0
1991-07-31,1.1984,1.204,1.1956,1.204,1332474.0
1991-08-01,1.2012,1.204,1.1956,1.1984,2482765.0
1991-08-02,1.204,1.2179,1.204,1.2095,2131640.0
1991-08-05,1.2067,1.2151,1.204,1.2123,1605747.0
1991-08-06,1.2123,1.2263,1.2067,1.2263,1772042.0
1991-08-07,1.2235,1.2318,1.2095,1.2123,1522600.0
1991-08-08,1.2095,1.2179,1.2067,1.2123,985056.0
1991-08-09,1.2095,1.229,1.2095,1.2263,1804877.0
1991-08-12,1.2235,1.2263,1.2179,1.2179,859011.0
1991-08-13,1.2179,1.2179,1.1928,1.2012,2562205.0
1991-08-14,1.2067,1.2095,1.1984,1.204,1891731.0
1991-08-15,1.2012,1.2095,1.1984,1.204,2450459.0
1991-08-16,1.2095,1.2095,1.1817,1.19,2037371.0
1991-08-19,1.151,1.1677,1.1482,1.1566,1372194.0
1991-08-20,1.1649,1.1705,1.1594,1.1677,1852541.0
1991-08-21,1.1761,1.2095,1.1649,1.204,1411914.0
1991-08-22,1.2095,1.2123,1.1956,1.2012,786986.0
1991-08-23,1.204,1.2207,1.2012,1.2179,1224965.0
1991-08-26,1.2151,1.2318,1.2095,1.2318,912501.0
1991-08-27,1.229,1.2346,1.2207,1.2235,81029.0
1991-08-28,1.2207,1.229,1.2151,1.2263,2274102.0
1991-08-29,1.2235,1.2346,1.2179,1.2207,1202192.0
1991-08-30,1.2151,1.2318,1.2151,1.2263,699602.0
1991-09-03,1.2346,1.2485,1.2318,1.2374,1582445.0
1991-09-04,1.243,1.243,1.2235,1.2346,1069262.0
1991-09-05,1.2374,1.2513,1.2346,1.2374,1563379.0
1991-09-06,1.243,1.2541,1.2346,1.2458,1393378.0
1991-09-09,1.2458,1.2458,1.2374,1.2458,955398.0
1991-09-10,1.2458,1.2458,1.2318,1.2346,1554376.0
1991-09-11,1.2374,1.2569,1.2374,1.2541,1696309.0
1991-09-12,1.2569,1.2708,1.2513,1.2708,1879550.0
1991-09-13,1.2708,1.2708,1.2374,1.2458,1523130.0
1991-09-16,1.2458,1.2597,1.243,1.2569,1608925.0
1991-09-17,1.2569,1.2681,1.2569,1.2597,1219139.0
1991-09-18,1.2597,1.2764,1.2541,1.2764,1461696.0
1991-09-19,1.2736,1.282,1.2708,1.282,1320293.0
1991-09-20,1.2876,1.2876,1.2541,1.2625,4961822.0
1991-09-23,1.2625,1.2653,1.2541,1.2569,841534.0
1991-09-24,1.2625,1.2653,1.2458,1.2485,1599922.0
1991-09-25,1.2485,1.2513,1.2179,1.2235,2359898.0
1991-09-26,1.2263,1.2374,1.2235,1.2263,1177830.0
1991-09-27,1.2318,1.2458,1.2207,1.2263,1187363.0
1991-09-30,1.2263,1.2458,1.2235,1.2458,917267.0
1991-10-01,1.2485,1.2625,1.2485,1.2625,874370.0
1991-10-02,1.2625,1.2625,1.243,1.2458,876488.0
1991-10-03,1.243,1.2625,1.2402,1.2597,1106334.0
1991-10-04,1.2583,1.2612,1.2413,1.2527,1707430.0
1991-10-07,1.247,1.247,1.2328,1.2328,1563379.0
1991-10-08,1.2442,1.2583,1.2413,1.2583,845771.0
1991-10-09,1.2527,1.2555,1.2187,1.2215,1958461.0
1991-10-10,1.2272,1.247,1.2243,1.247,1071910.0
1991-10-11,1.247,1.2527,1.2413,1.2527,727141.0
1991-10-14,1.2583,1.264,1.2555,1.2612,622280.0
1991-10-15,1.2668,1.2838,1.2668,1.2782,2110456.0
1991-10-16,1.281,1.281,1.2668,1.2697,1463814.0
1991-10-17,1.281,1.2867,1.2753,1.2782,3308941.0
1991-10-18,1.2782,1.3093,1.2782,1.3008,2679246.0
1991-10-21,1.3008,1.3065,1.2952,1.3065,1224435.0
1991-10-22,1.3065,1.3122,1.298,1.3008,1514656.0
1991-10-23,1.3065,1.3065,1.281,1.281,1156646.0
1991-10-24,1.2867,1.2867,1.264,1.2697,955928.0
1991-10-25,1.2725,1.2838,1.2668,1.2782,1295931.0
1991-10-28,1.2867,1.3065,1.2867,1.3065,1199544.0
1991-10-29,1.3093,1.3349,1.3065,1.332,1973290.0
1991-10-30,1.3434,1.349,1.3377,1.3462,1621635.0
1991-10-31,1.349,1.3632,1.3462,1.3632,2634760.0
1991-11-01,1.3689,1.3802,1.3632,1.3689,3911096.0
1991-11-04,1.3632,1.3632,1.3377,1.349,1956342.0
1991-11-05,1.3547,1.3604,1.3405,1.3434,2259274.0
1991-11-06,1.3405,1.3632,1.3349,1.3604,3280342.0
1991-11-07,1.3604,1.3774,1.3604,1.3774,2109397.0
1991-11-08,1.383,1.3887,1.3689,1.3774,1714315.0
1991-11-11,1.3774,1.383,1.3632,1.3632,1191600.0
1991-11-12,1.3717,1.3745,1.3632,1.3745,1918211.0
1991-11-13,1.3745,1.3774,1.3632,1.3689,1050197.0
1991-11-14,1.3802,1.3802,1.3689,1.3689,1468051.0
1991-11-15,1.366,1.3689,1.3264,1.3264,1918741.0
1991-11-18,1.332,1.3377,1.3207,1.3349,3326418.0
1991-11-19,1.3207,1.3235,1.2838,1.3122,2161298.0
1991-11-20,1.3235,1.3377,1.3207,1.3292,2080798.0
1991-11-21,1.3292,1.3462,1.3235,1.3462,1614750.0
1991-11-22,1.3434,1.3434,1.2923,1.3037,2017246.0
1991-11-25,1.298,1.3122,1.2838,1.3008,2532018.0
1991-11-26,1.3037,1.3122,1.2782,1.3065,2971056.0
1991-11-27,1.3065,1.3093,1.2895,1.3008,833590.0
1991-11-29,1.298,1.315,1.2952,1.3093,342651.0
1991-12-02,1.298,1.3179,1.2923,1.315,1669299.0
1991-12-03,1.3065,1.3178,1.298,1.3008,1419858.0
1991-12-04,1.3037,1.3093,1.2867,1.3093,2264040.0
1991-12-05,1.3037,1.3093,1.2867,1.2895,1442101.0
1991-12-06,1.2838,1.3235,1.2753,1.2952,2410210.0
1991-12-09,1.3093,1.3235,1.3065,1.3122,3142646.0
1991-12-10,1.3093,1.3349,1.3093,1.332,2051141.0
1991-12-11,1.3292,1.3377,1.3235,1.3377,1868958.0
1991-12-12,1.3377,1.3717,1.3377,1.366,2310115.0
1991-12-13,1.3717,1.3944,1.3717,1.3859,2074973.0
1991-12-16,1.3915,1.3972,1.3717,1.3717,1741854.0
1991-12-17,1.3745,1.3745,1.3462,1.3547,3506482.0
1991-12-18,1.3575,1.366,1.3547,1.3575,2034723.0
1991-12-19,1.3604,1.3887,1.3575,1.3802,2011421.0
1991-12-20,1.417,1.4539,1.4085,1.4312,5649243.0
1991-12-23,1.4369,1.4936,1.434,1.4907,2149117.0
1991-12-24,1.4907,1.4907,1.4567,1.4567,1891202.0
1991-12-26,1.4624,1.4652,1.4312,1.4511,1964286.0
1991-12-27,1.4397,1.4426,1.434,1.4369,1134403.0
1991-12-30,1.434,1.4596,1.4199,1.4596,2974234.0
1991-12-31,1.4567,1.4652,1.4482,1.4652,1989707.0
1992-01-02,1.4567,1.4766,1.4454,1.4766,4140413.0
1992-01-03,1.4681,1.4964,1.4652,1.4851,2480117.0
1992-01-06,1.4866,1.4952,1.4751,1.4866,2345069.0
1992-01-07,1.4722,1.4808,1.4693,1.4779,4694904.0
1992-01-08,1.4722,1.4837,1.4636,1.4722,1727555.0
1992-01-09,1.4607,1.4779,1.4578,1.4722,2780930.0
1992-01-10,1.4664,1.4722,1.4492,1.4521,1902853.0
1992-01-13,1.4492,1.4521,1.4377,1.4492,1894379.0
1992-01-14,1.4406,1.4463,1.4262,1.4406,2674480.0
1992-01-15,1.4319,1.4348,1.406,1.406,2663888.0
1992-01-16,1.4032,1.406,1.3917,1.4003,4924221.0
1992-01-17,1.406,1.4262,1.3974,1.4204,2558498.0
1992-01-20,1.4118,1.4147,1.4032,1.4032,2430334.0
1992-01-21,1.4032,1.4262,1.3974,1.4233,1890672.0
1992-01-22,1.4262,1.4348,1.4204,1.4348,2104101.0
1992-01-23,1.4262,1.429,1.3945,1.4175,1318174.0
1992-01-24,1.4089,1.4262,1.406,1.4175,1356835.0
1992-01-27,1.4262,1.4348,1.4204,1.4262,1299109.0
1992-01-28,1.4319,1.4406,1.4262,1.4262,1179419.0
1992-01-29,1.4175,1.4319,1.4003,1.406,1956872.0
1992-01-30,1.406,1.4204,1.4032,1.4147,1396026.0
1992-01-31,1.4204,1.4233,1.3859,1.3888,1389670.0
1992-02-03,1.3859,1.3888,1.3744,1.383,1354717.0
1992-02-04,1.3859,1.3974,1.3773,1.3974,1815998.0
1992-02-05,1.4032,1.4204,1.4003,1.406,1734970.0
1992-02-06,1.4032,1.4032,1.383,1.3888,1014184.0
1992-02-07,1.3917,1.3917,1.3227,1.3514,3515485.0
1992-02-10,1.3658,1.3888,1.3629,1.3802,2542080.0
1992-02-11,1.383,1.4032,1.3802,1.4032,1435746.0
1992-02-12,1.4032,1.4118,1.3917,1.4089,1131755.0
1992-02-13,1.4032,1.4089,1.3687,1.3859,1458518.0
1992-02-14,1.3744,1.3888,1.3715,1.383,935803.0
1992-02-18,1.3859,1.4003,1.3399,1.3485,1416150.0
1992-02-19,1.3572,1.3658,1.3428,1.3543,1534781.0
1992-02-20,1.3543,1.3572,1.3428,1.3543,1949458.0
1992-02-21,1.3399,1.3457,1.3112,1.3227,3674894.0
1992-02-24,1.3227,1.3399,1.3227,1.3313,1609454.0
1992-02-25,1.3284,1.3342,1.3169,1.3284,1557024.0
1992-02-26,1.3342,1.3687,1.3342,1.3629,2080798.0
1992-02-27,1.3629,1.3744,1.3514,1.3744,1339888.0
1992-02-28,1.3802,1.3917,1.3773,1.3888,2129522.0
1992-03-02,1.3917,1.3945,1.3744,1.3773,1590389.0
1992-03-03,1.383,1.3888,1.3773,1.3888,2211610.0
1992-03-04,1.3888,1.3888,1.3658,1.3687,1308642.0
1992-03-05,1.3572,1.36,1.3342,1.3399,1496650.0
1992-03-06,1.3457,1.3543,1.3342,1.337,1621106.0
1992-03-09,1.3399,1.3572,1.337,1.3543,933155.0
1992-03-10,1.3543,1.3658,1.337,1.3399,2164475.0
1992-03-11,1.3399,1.3428,1.3112,1.3313,1985470.0
1992-03-12,1.3284,1.3284,1.3169,1.3255,1108982.0
1992-03-13,1.3313,1.3428,1.3227,1.3399,1061318.0
1992-03-16,1.3342,1.3457,1.3313,1.3457,891317.0
1992-03-17,1.3428,1.3658,1.3428,1.3543,1857307.0
1992-03-18,1.3514,1.3572,1.337,1.3399,2137466.0
1992-03-19,1.3399,1.3514,1.3342,1.3485,1270510.0
1992-03-20,1.3457,1.3514,1.3284,1.3514,2530958.0
1992-03-23,1.3485,1.3485,1.3399,1.3485,1015243.0
1992-03-24,1.3514,1.3543,1.3428,1.3457,3200373.0
1992-03-25,1.3428,1.3457,1.3342,1.337,1787930.0
1992-03-26,1.3428,1.3457,1.337,1.3428,1226554.0
1992-03-27,1.3399,1.3485,1.3313,1.3342,1543784.0
1992-03-30,1.3428,1.3428,1.3342,1.3342,1432568.0
1992-03-31,1.3342,1.337,1.3227,1.3227,1229202.0
1992-04-01,1.3198,1.337,1.3198,1.337,1250915.0
1992-04-02,1.337,1.337,1.314,1.3227,2144350.0
1992-04-03,1.3198,1.3313,1.314,1.3284,852126.0
1992-04-06,1.3306,1.3656,1.3306,1.3627,1971171.0
1992-04-07,1.3627,1.3803,1.351,1.351,3137880.0
1992-04-08,1.3452,1.3481,1.3247,1.3306,2666536.0
1992-04-09,1.3335,1.351,1.3306,1.3423,2226968.0
1992-04-10,1.351,1.3744,1.351,1.3744,3681250.0
1992-04-13,1.3744,1.4154,1.3686,1.4037,2096157.0
1992-04-14,1.4124,1.43,1.4124,1.4271,2545787.0
1992-04-15,1.4271,1.4446,1.4241,1.4358,2805821.0
1992-04-16,1.4446,1.4475,1.4329,1.4388,2769278.0
1992-04-20,1.4329,1.4534,1.4271,1.4475,3504363.0
1992-04-21,1.4475,1.4592,1.4388,1.4417,1792696.0
1992-04-22,1.4417,1.4621,1.4358,1.4563,2029427.0
1992-04-23,1.4592,1.4651,1.4534,1.4621,1695779.0
1992-04-24,1.4621,1.4709,1.4534,1.4651,1761979.0
1992-04-27,1.4621,1.4797,1.4563,1.4768,2246563.0
1992-04-28,1.4855,1.4855,1.4621,1.4738,2766630.0
1992-04-29,1.4768,1.4797,1.4592,1.4621,2906445.0
1992-04-30,1.4621,1.468,1.4534,1.4592,4305118.0
1992-05-01,1.4563,1.468,1.4563,1.4592,1241382.0
1992-05-04,1.4621,1.468,1.4563,1.4592,2085565.0
1992-05-05,1.4592,1.4621,1.4504,1.4504,1197426.0
1992-05-06,1.4563,1.4651,1.4446,1.4504,863778.0
1992-05-07,1.4504,1.4563,1.43,1.4329,879666.0
1992-05-08,1.4446,1.4592,1.4417,1.4563,1722789.0
1992-05-11,1.4563,1.4621,1.4504,1.4534,1330885.0
1992-05-12,1.4563,1.4563,1.4329,1.4446,927859.0
1992-05-13,1.4475,1.4563,1.4417,1.4534,1806995.0
1992-05-14,1.4621,1.4855,1.4534,1.4855,2480646.0
1992-05-15,1.4855,1.4855,1.468,1.4738,1885906.0
1992-05-18,1.4855,1.4914,1.4826,1.4914,836238.0
1992-05-19,1.4885,1.4943,1.4855,1.4914,1649174.0
1992-05-20,1.4885,1.4885,1.4738,1.4738,1971171.0
1992-05-21,1.4738,1.4738,1.4446,1.4475,1027954.0
1992-05-22,1.4475,1.4505,1.4417,1.4446,870133.0
1992-05-26,1.4475,1.4475,1.4037,1.4154,2872021.0
1992-05-27,1.4183,1.4417,1.4154,1.4329,1179949.0
1992-05-28,1.4271,1.43,1.4095,1.4241,2028368.0
1992-05-29,1.4241,1.4388,1.4095,1.4095,1521011.0
1992-06-01,1.4095,1.4241,1.4066,1.4212,1519952.0
1992-06-02,1.4241,1.4271,1.4037,1.4037,1578208.0
1992-06-03,1.4066,1.4095,1.4007,1.4037,1420917.0
1992-06-04,1.4007,1.4066,1.3978,1.4037,1025835.0
1992-06-05,1.4037,1.4271,1.4037,1.4124,1419858.0
1992-06-08,1.4183,1.43,1.4183,1.43,1130166.0
1992-06-09,1.43,1.4358,1.4241,1.43,870133.0
1992-06-10,1.4271,1.43,1.4095,1.4095,1705842.0
1992-06-11,1.4212,1.4446,1.4095,1.4446,1684128.0
1992-06-12,1.4446,1.4504,1.4358,1.4388,1021598.0
1992-06-15,1.4329,1.4505,1.4241,1.4446,1033779.0
1992-06-16,1.4388,1.4563,1.4388,1.4475,828824.0
1992-06-17,1.4417,1.4417,1.4241,1.4329,2713141.0
1992-06-18,1.43,1.4358,1.4124,1.4271,2417094.0
1992-06-19,1.43,1.4475,1.43,1.4417,1558613.0
1992-06-22,1.4358,1.4358,1.4212,1.4358,937922.0
1992-06-23,1.4358,1.4358,1.4183,1.4183,1169886.0
1992-06-24,1.4212,1.4241,1.3978,1.4007,2220613.0
1992-06-25,1.3949,1.4007,1.389,1.392,1418269.0
1992-06-26,1.392,1.4037,1.392,1.4007,1417210.0
1992-06-29,1.4007,1.4241,1.4007,1.4183,1226554.0
1992-06-30,1.4241,1.43,1.4241,1.4271,1433098.0
1992-07-01,1.4271,1.4563,1.4241,1.4563,1767275.0
1992-07-02,1.4592,1.4768,1.4563,1.4709,1492413.0
1992-07-06,1.4939,1.5176,1.4939,1.5147,2057496.0
1992-07-07,1.5206,1.5325,1.5117,1.5147,2658062.0
1992-07-08,1.5117,1.5176,1.5087,1.5176,2035253.0
1992-07-09,1.5206,1.5266,1.5176,1.5176,1213314.0
1992-07-10,1.5176,1.5176,1.5058,1.5087,1221258.0
1992-07-13,1.5058,1.5117,1.4998,1.5058,942158.0
1992-07-14,1.5028,1.5147,1.5028,1.5117,799696.0
1992-07-15,1.5117,1.5295,1.5087,1.5295,1306523.0
1992-07-16,1.5266,1.5681,1.5236,1.5681,2345069.0
1992-07-17,1.5652,1.5741,1.5533,1.5681,2208432.0
1992-07-20,1.5563,1.5622,1.5473,1.5533,1857307.0
1992-07-21,1.5592,1.5622,1.5384,1.5444,2007714.0
1992-07-22,1.5503,1.5503,1.5355,1.5355,2095627.0
1992-07-23,1.5355,1.5414,1.5325,1.5414,1143936.0
1992-07-24,1.5355,1.5473,1.5295,1.5355,1631168.0
1992-07-27,1.5384,1.5563,1.5384,1.5533,735085.0
1992-07-28,1.5503,1.5563,1.5414,1.5473,1979645.0
1992-07-29,1.5592,1.577,1.5592,1.5622,3445048.0
1992-07-30,1.5622,1.5652,1.5533,1.5592,2306938.0
1992-07-31,1.5533,1.5652,1.5503,1.5652,1300168.0
1992-08-03,1.5622,1.5681,1.5533,1.5563,1516245.0
1992-08-04,1.5592,1.5622,1.5533,1.5622,1031131.0
1992-08-05,1.5622,1.5741,1.5563,1.5681,1275277.0
1992-08-06,1.5711,1.5711,1.5473,1.5563,1641230.0
1992-08-07,1.5563,1.5681,1.5533,1.5533,1405029.0
1992-08-10,1.5503,1.5533,1.5414,1.5503,1629050.0
1992-08-11,1.5592,1.5681,1.5473,1.5681,1206958.0
1992-08-12,1.5652,1.5741,1.5592,1.5592,1349950.0
1992-08-13,1.5622,1.5711,1.5592,1.5681,1560202.0
1992-08-14,1.577,1.6008,1.5741,1.5978,1718022.0
1992-08-17,1.6008,1.6364,1.6008,1.6305,3342835.0
1992-08-18,1.6305,1.6364,1.6216,1.6335,2081858.0
1992-08-19,1.6335,1.6335,1.6275,1.6275,2310645.0
1992-08-20,1.6305,1.6335,1.6246,1.6275,1609984.0
1992-08-21,1.6305,1.6394,1.6216,1.6335,2784107.0
1992-08-24,1.6157,1.6275,1.6097,1.6157,1702664.0
1992-08-25,1.6157,1.6335,1.6097,1.6305,1231320.0
1992-08-26,1.6275,1.6275,1.6127,1.6157,1384374.0
1992-08-27,1.6186,1.6216,1.6008,1.6038,1832416.0
1992-08-28,1.6038,1.6067,1.58,1.583,1799051.0
1992-08-31,1.5889,1.5889,1.577,1.58,1022658.0
1992-09-01,1.58,1.6067,1.577,1.6067,1593566.0
1992-09-02,1.6067,1.6097,1.5949,1.6008,2624698.0
1992-09-03,1.6008,1.6038,1.586,1.5978,1710608.0
1992-09-04,1.5919,1.6097,1.5919,1.6008,779042.0
1992-09-08,1.5949,1.6008,1.5919,1.5949,1695779.0
1992-09-09,1.5949,1.6038,1.5919,1.5919,1761979.0
1992-09-10,1.5978,1.6008,1.5919,1.5919,2292109.0
1992-09-11,1.5919,1.5919,1.5592,1.5622,1727026.0
1992-09-14,1.5711,1.577,1.5652,1.5741,2046904.0
1992-09-15,1.5681,1.577,1.5503,1.5533,212370.0
1992-09-16,1.5503,1.5652,1.5444,1.5503,1847774.0
1992-09-17,1.5503,1.5563,1.5473,1.5503,891846.0
1992-09-18,1.5711,1.577,1.5622,1.5711,2112574.0
1992-09-21,1.5681,1.5681,1.5384,1.5414,1488706.0
1992-09-22,1.5355,1.5414,1.5266,1.5295,2532018.0
1992-09-23,1.5295,1.5473,1.5295,1.5473,1463814.0
1992-09-24,1.5563,1.5652,1.5563,1.5652,1138110.0
1992-09-25,1.5652,1.577,1.5592,1.5711,1385963.0
1992-09-28,1.5741,1.586,1.5652,1.586,1156117.0
1992-09-29,1.583,1.6008,1.58,1.6008,1403440.0
1992-09-30,1.6008,1.6275,1.5978,1.6275,3049437.0
1992-10-01,1.6246,1.6305,1.6216,1.6275,1296461.0
1992-10-02,1.6216,1.6275,1.6097,1.6127,1220728.0
1992-10-05,1.6209,1.633,1.5817,1.6089,3355016.0
1992-10-06,1.6028,1.6028,1.5817,1.5968,1102098.0
1992-10-07,1.5938,1.6058,1.5817,1.5817,2052730.0
1992-10-08,1.5757,1.5938,1.5637,1.5938,2435630.0
1992-10-09,1.5908,1.6028,1.5817,1.6028,1371134.0
1992-10-12,1.6089,1.648,1.6089,1.648,1623754.0
1992-10-13,1.648,1.6661,1.645,1.6571,1702134.0
1992-10-14,1.651,1.6661,1.645,1.6541,1711138.0
1992-10-15,1.645,1.6541,1.645,1.651,1490824.0
1992-10-16,1.651,1.6631,1.633,1.6571,2099864.0
1992-10-19,1.651,1.6902,1.651,1.6812,2473762.0
1992-10-20,1.6872,1.6992,1.6601,1.6661,2201547.0
1992-10-21,1.6691,1.6691,1.6179,1.6179,5554445.0
1992-10-22,1.6269,1.63,1.5787,1.5817,5192198.0
1992-10-23,1.5817,1.5908,1.5727,1.5817,3672776.0
1992-10-26,1.5787,1.5998,1.5697,1.5998,1426742.0
1992-10-27,1.5968,1.6119,1.5968,1.6059,1105275.0
1992-10-28,1.5968,1.6149,1.5848,1.6119,2006125.0
1992-10-29,1.6149,1.6269,1.6089,1.6149,826706.0
1992-10-30,1.6209,1.6209,1.6058,1.6089,1305994.0
1992-11-02,1.6089,1.6269,1.6058,1.6269,1085680.0
1992-11-03,1.6239,1.6239,1.5968,1.5998,832531.0
1992-11-04,1.5968,1.6149,1.5848,1.6089,1347832.0
1992-11-05,1.6028,1.6028,1.5757,1.5848,1820765.0
1992-11-06,1.5848,1.5848,1.5516,1.5546,2729558.0
1992-11-09,1.5456,1.5516,1.5305,1.5396,3692901.0
1992-11-10,1.5366,1.5546,1.5305,1.5426,2305349.0
1992-11-11,1.5426,1.5486,1.5396,1.5426,2059614.0
1992-11-12,1.5486,1.5576,1.5426,1.5516,2179304.0
1992-11-13,1.5576,1.5667,1.5486,1.5546,1439453.0
1992-11-16,1.5546,1.5727,1.5546,1.5697,1675654.0
1992-11-17,1.5787,1.5908,1.5757,1.5848,1647056.0
1992-11-18,1.5848,1.6239,1.5848,1.6209,2931336.0
1992-11-19,1.6269,1.6541,1.6269,1.6541,1954754.0
1992-11-20,1.6631,1.6691,1.6571,1.6631,2237030.0
1992-11-23,1.6571,1.6661,1.648,1.6631,1127518.0
1992-11-24,1.6601,1.6812,1.6601,1.6782,2107808.0
1992-11-25,1.6721,1.7053,1.6721,1.6992,2566971.0
1992-11-27,1.6992,1.7083,1.6842,1.6842,991411.0
1992-11-30,1.6842,1.6932,1.6691,1.6721,2866195.0
1992-12-01,1.6631,1.6782,1.6571,1.6721,1633816.0
1992-12-02,1.6631,1.6782,1.6571,1.6721,1272099.0
1992-12-03,1.6751,1.7023,1.6751,1.7023,1937806.0
1992-12-04,1.7023,1.7023,1.6782,1.6872,880725.0
1992-12-07,1.6932,1.7113,1.6812,1.7083,1671418.0
1992-12-08,1.7053,1.7324,1.7053,1.7324,1357894.0
1992-12-09,1.7324,1.7324,1.7083,1.7143,1736558.0
1992-12-10,1.7113,1.7143,1.6992,1.7083,1272629.0
1992-12-11,1.7113,1.7173,1.7053,1.7143,1517834.0
1992-12-14,1.7203,1.7324,1.7113,1.7113,2347187.0
1992-12-15,1.7143,1.7173,1.7053,1.7113,2127933.0
1992-12-16,1.7173,1.7264,1.7113,1.7203,1250386.0
1992-12-17,1.7264,1.7535,1.7234,1.7444,1930922.0
1992-12-18,1.7655,1.7836,1.7475,1.7836,3179718.0
1992-12-21,1.7836,1.7896,1.7595,1.7836,2086094.0
1992-12-22,1.7836,1.7926,1.7685,1.7685,1446867.0
1992-12-23,1.7655,1.7926,1.7655,1.7866,2890027.0
1992-12-24,1.7836,1.7866,1.7746,1.7776,550254.0
1992-12-28,1.7746,1.7746,1.7565,1.7685,1032720.0
1992-12-29,1.7685,1.7836,1.7565,1.7565,1254093.0
1992-12-30,1.7565,1.7746,1.7565,1.7746,1646526.0
1992-12-31,1.7776,1.8017,1.7776,1.7836,2090331.0
1993-01-04,1.7889,1.7981,1.7736,1.7828,2309056.0
1993-01-05,1.7797,1.7858,1.7736,1.7797,2372078.0
1993-01-06,1.7767,1.7981,1.7675,1.7981,1390730.0
1993-01-07,1.8042,1.8103,1.7889,1.8011,1759331.0
1993-01-08,1.7981,1.7981,1.7767,1.7767,1971701.0
1993-01-11,1.7645,1.7858,1.7645,1.7767,1713256.0
1993-01-12,1.7797,1.7919,1.7797,1.7858,2549494.0
1993-01-13,1.7889,1.8225,1.7889,1.8164,2306938.0
1993-01-14,1.8164,1.8377,1.8103,1.8377,2060144.0
1993-01-15,1.8438,1.8469,1.8133,1.8164,2318589.0
1993-01-18,1.8164,1.8194,1.795,1.7981,2375256.0
1993-01-19,1.7981,1.8042,1.795,1.8042,1524189.0
1993-01-20,1.8011,1.8042,1.7584,1.7614,5035437.0
1993-01-21,1.7645,1.7919,1.7614,1.7919,2314882.0
1993-01-22,1.7889,1.795,1.7797,1.7797,2286283.0
1993-01-25,1.7797,1.7889,1.7767,1.7797,1893320.0
1993-01-26,1.7767,1.7797,1.7553,1.7553,2296875.0
1993-01-27,1.7584,1.7614,1.7553,1.7553,4125584.0
1993-01-28,1.7553,1.7584,1.737,1.7401,1229731.0
1993-01-29,1.737,1.737,1.679,1.6821,4448110.0
1993-02-01,1.6912,1.7156,1.6882,1.7156,3563678.0
1993-02-02,1.7156,1.737,1.7065,1.7339,2033664.0
1993-02-03,1.7339,1.7492,1.7248,1.7339,1991296.0
1993-02-04,1.7401,1.7462,1.7278,1.7278,1733910.0
1993-02-05,1.7248,1.7278,1.7034,1.7095,1505653.0
1993-02-08,1.7034,1.7095,1.6973,1.7004,1113749.0
1993-02-09,1.6973,1.7004,1.6821,1.6821,1691542.0
1993-02-10,1.6851,1.6943,1.6698,1.6943,1648645.0
1993-02-11,1.6912,1.7126,1.6912,1.7034,2715789.0
1993-02-12,1.7065,1.7309,1.7065,1.7278,2286283.0
1993-02-16,1.7278,1.7309,1.7187,1.7217,1812821.0
1993-02-17,1.7278,1.7278,1.7065,1.7217,1989707.0
1993-02-18,1.7462,1.7584,1.7278,1.7523,2409150.0
1993-02-19,1.7462,1.7828,1.7339,1.7675,2044786.0
1993-02-22,1.7706,1.8133,1.7706,1.795,1484469.0
1993-02-23,1.8042,1.8194,1.7981,1.8072,1595155.0
1993-02-24,1.8072,1.8103,1.7889,1.8072,1182067.0
1993-02-25,1.8072,1.8133,1.7858,1.795,1875843.0
1993-02-26,1.795,1.8225,1.795,1.8194,1913974.0
1993-03-01,1.8194,1.8225,1.7981,1.8042,958576.0
1993-03-02,1.8011,1.8347,1.7981,1.8347,1480232.0
1993-03-03,1.8286,1.8469,1.8255,1.8377,867485.0
1993-03-04,1.8347,1.8469,1.8316,1.8377,855304.0
1993-03-05,1.8377,1.8408,1.8225,1.8255,1861014.0
1993-03-08,1.8255,1.8377,1.8164,1.8255,2256626.0
1993-03-09,1.8255,1.8316,1.8072,1.8072,2882083.0
1993-03-10,1.8072,1.8072,1.7919,1.8042,1799581.0
1993-03-11,1.8042,1.8072,1.7767,1.7797,1432568.0
1993-03-12,1.7828,1.7828,1.7523,1.7523,2008243.0
1993-03-15,1.7553,1.7706,1.7553,1.7675,1123811.0
1993-03-16,1.7736,1.795,1.7736,1.7828,1691013.0
1993-03-17,1.7767,1.7797,1.7584,1.7584,1357894.0
1993-03-18,1.7614,1.7614,1.7553,1.7614,2056437.0
1993-03-19,1.7736,1.7828,1.7614,1.7614,2360427.0
1993-03-22,1.7553,1.7706,1.7462,1.7706,1363190.0
1993-03-23,1.7767,1.7919,1.7736,1.7889,1491354.0
1993-03-24,1.7889,1.8042,1.7828,1.8011,1270510.0
1993-03-25,1.7981,1.8194,1.795,1.8194,1234498.0
1993-03-26,1.8255,1.853,1.8194,1.85,2343480.0
1993-03-29,1.8591,1.8805,1.8561,1.8622,2119459.0
1993-03-30,1.8591,1.8774,1.8591,1.8774,805522.0
1993-03-31,1.8805,1.908,1.8805,1.908,2611987.0
1993-04-01,1.9049,1.9049,1.8896,1.9018,1248267.0
1993-04-02,1.9049,1.9049,1.8802,1.8895,1614750.0
1993-04-05,1.8864,1.908,1.8864,1.908,1042782.0
1993-04-06,1.9142,1.9328,1.908,1.9297,1439982.0
1993-04-07,1.9297,1.9297,1.9018,1.9049,1325589.0
1993-04-08,1.9142,1.9142,1.8864,1.8926,1106864.0
1993-04-12,1.9018,1.9297,1.9018,1.9297,1237675.0
1993-04-13,1.9297,1.9297,1.9142,1.9235,1403440.0
1993-04-14,1.9266,1.942,1.9235,1.942,1122222.0
1993-04-15,1.942,1.9699,1.942,1.9575,1326648.0
1993-04-16,1.9761,2.0039,1.973,1.9915,1913445.0
1993-04-19,1.9946,2.0163,1.9791,1.9946,1921389.0
1993-04-20,1.9977,2.0039,1.9791,1.9853,1899146.0
1993-04-21,1.9853,1.9884,1.9668,1.9668,1286398.0
1993-04-22,1.9606,1.9606,1.9173,1.9204,1401851.0
1993-04-23,1.9111,1.9173,1.8895,1.9142,1246678.0
1993-04-26,1.9204,1.942,1.9173,1.942,1238205.0
1993-04-27,1.9359,1.9359,1.9204,1.9266,1206958.0
1993-04-28,1.9204,1.9235,1.8709,1.8802,1466462.0
1993-04-29,1.8802,1.9111,1.8616,1.8957,1416680.0
1993-04-30,1.9018,1.9173,1.9018,1.9111,1373782.0
1993-05-03,1.908,1.9173,1.8987,1.9173,1926155.0
1993-05-04,1.9173,1.9235,1.9111,1.9173,1315526.0
1993-05-05,1.9173,1.9204,1.8895,1.8957,1141818.0
1993-05-06,1.8957,1.8987,1.8647,1.8709,1772042.0
1993-05-07,1.874,1.8771,1.8431,1.8431,2212139.0
1993-05-10,1.8462,1.8647,1.8431,1.8616,2575974.0
1993-05-11,1.8709,1.8987,1.8678,1.8833,1788989.0
1993-05-12,1.8864,1.8926,1.8709,1.8802,2094038.0
1993-05-13,1.874,1.8771,1.8585,1.8678,1393907.0
1993-05-14,1.8616,1.8709,1.8585,1.8709,1147114.0
1993-05-17,1.8678,1.8678,1.84,1.8585,2275691.0
1993-05-18,1.8524,1.8554,1.8462,1.8524,1994474.0
1993-05-19,1.8462,1.8833,1.8307,1.8771,2528310.0
1993-05-20,1.8647,1.8802,1.8616,1.8709,1763568.0
1993-05-21,1.8709,1.8709,1.8524,1.8585,1750858.0
1993-05-24,1.8555,1.8647,1.84,1.8493,1486058.0
1993-05-25,1.8431,1.8493,1.84,1.8493,1543254.0
1993-05-26,1.8616,1.8864,1.8493,1.8802,1445808.0
1993-05-27,1.8926,1.9049,1.8616,1.8926,2199164.0
1993-05-28,1.8864,1.8987,1.8678,1.8987,1513597.0
1993-06-01,1.9049,1.9297,1.8926,1.9111,1641230.0
1993-06-02,1.9049,1.9173,1.8864,1.9049,1023452.0
1993-06-03,1.8926,1.9235,1.8864,1.9111,2314087.0
1993-06-04,1.8987,1.9173,1.8926,1.9049,1467786.0
1993-06-07,1.9049,1.9111,1.8926,1.8987,2063586.0
1993-06-08,1.9049,1.9111,1.8802,1.8864,2014598.0
1993-06-09,1.8987,1.9482,1.8987,1.9297,1149497.0
1993-06-10,1.9359,1.942,1.9111,1.9111,1152145.0
1993-06-11,1.9235,1.9297,1.9173,1.9297,1648910.0
1993-06-14,1.942,1.9544,1.9235,1.9297,1526572.0
1993-06-15,1.9235,1.942,1.9049,1.9049,1188158.0
1993-06-16,1.8802,1.8926,1.8678,1.8864,2382141.0
1993-06-17,1.8926,1.9049,1.8802,1.8864,1589065.0
1993-06-18,1.874,1.8864,1.8555,1.8555,2811382.0
1993-06-21,1.8678,1.8864,1.8678,1.874,2170830.0
1993-06-22,1.8802,1.8864,1.8616,1.874,2128727.0
1993-06-23,1.8678,1.874,1.8555,1.8678,1748210.0
1993-06-24,1.8555,1.8678,1.8431,1.8555,1681745.0
1993-06-25,1.8616,1.8616,1.8369,1.8493,903498.0
1993-06-28,1.8493,1.8864,1.8493,1.8802,1562850.0
1993-06-29,1.8864,1.8987,1.874,1.8864,1289311.0
1993-06-30,1.8864,1.9173,1.8864,1.9173,2029692.0
1993-07-01,1.9297,1.9791,1.9235,1.9544,3225794.0
1993-07-02,1.9606,1.9669,1.9418,1.9481,2183541.0
1993-07-06,1.9544,1.9982,1.9544,1.9606,1974349.0
1993-07-07,1.9606,1.9794,1.9418,1.9481,1802229.0
1993-07-08,1.9544,1.9857,1.9356,1.9794,2559557.0
1993-07-09,1.9669,1.9794,1.9544,1.9732,1090446.0
1993-07-12,1.9857,1.9919,1.9544,1.9794,1531868.0
1993-07-13,1.9794,1.9919,1.9669,1.9732,1258594.0
1993-07-14,1.9732,1.9857,1.9606,1.9669,1943367.0
1993-07-15,1.9794,2.0107,1.9732,2.0045,1510684.0
1993-07-16,2.017,2.0233,2.0107,2.0107,2346658.0
1993-07-19,2.0233,2.0295,1.9919,2.0107,1615280.0
1993-07-20,2.0045,2.017,1.9982,2.0107,1771512.0
1993-07-21,2.0107,2.0233,2.0107,2.0233,1930127.0
1993-07-22,2.0295,2.0358,2.0045,2.017,1753770.0
1993-07-23,2.017,2.0295,2.0107,2.017,1421182.0
1993-07-26,2.0233,2.0233,2.0107,2.0233,1079325.0
1993-07-27,2.0295,2.0358,2.017,2.017,1605482.0
1993-07-28,2.017,2.0233,2.0045,2.0107,1053110.0
1993-07-29,2.0233,2.0421,2.017,2.0358,1423565.0
1993-07-30,2.0358,2.0421,2.0107,2.0295,1929068.0
1993-08-02,2.0295,2.0358,2.0045,2.017,1834534.0
1993-08-03,2.017,2.0233,1.9857,1.9982,1188422.0
1993-08-04,2.0045,2.0045,1.9857,2.0045,893170.0
1993-08-05,2.0045,2.0295,1.9982,2.0233,1845921.0
1993-08-06,2.017,2.0358,2.017,2.0358,993794.0
1993-08-09,2.0295,2.0483,2.0295,2.0358,1550139.0
1993-08-10,2.0358,2.0609,2.0295,2.0609,1392848.0
1993-08-11,2.0609,2.0859,2.0546,2.0671,1167238.0
1993-08-12,2.0796,2.0984,2.0671,2.0984,1930392.0
1993-08-13,2.0984,2.1172,2.0984,2.1047,1624018.0
1993-08-16,2.111,2.111,2.0859,2.1047,2494681.0
1993-08-17,2.1047,2.111,2.0922,2.0922,1173858.0
1993-08-18,2.1047,2.111,2.0922,2.0984,1816528.0
1993-08-19,2.1047,2.1047,2.0734,2.0734,1163796.0
1993-08-20,2.0859,2.0984,2.0796,2.0984,1574501.0
1993-08-23,2.0984,2.0984,2.0734,2.0796,807110.0
1993-08-24,2.0922,2.1423,2.0734,2.1423,1531338.0
1993-08-25,2.136,2.1611,2.1235,2.1298,1867899.0
1993-08-26,2.1423,2.23,2.1298,2.2175,2497594.0
1993-08-27,2.2112,2.2175,2.1987,2.2175,1680950.0
1993-08-30,2.2175,2.2801,2.2175,2.2676,1321882.0
1993-08-31,2.255,2.2864,2.2488,2.2801,1806730.0
1993-09-01,2.2864,2.2864,2.2488,2.2801,1971436.0
1993-09-02,2.2801,2.2864,2.2488,2.2801,1188952.0
1993-09-03,2.2613,2.3114,2.255,2.255,1991826.0
1993-09-07,2.255,2.2676,2.2362,2.2488,1311819.0
1993-09-08,2.2488,2.2864,2.2425,2.2613,1716698.0
1993-09-09,2.2613,2.2613,2.2362,2.2425,968374.0
1993-09-10,2.2425,2.3365,2.2425,2.3365,1193189.0
1993-09-13,2.3302,2.3553,2.3177,2.3239,1219404.0
1993-09-14,2.3177,2.3177,2.255,2.2864,1649704.0
1993-09-15,2.2613,2.2738,2.2362,2.2676,1664003.0
1993-09-16,2.2676,2.2676,2.2237,2.2425,1093359.0
1993-09-17,2.1799,2.2237,2.1799,2.2049,5969916.0
1993-09-20,2.2175,2.2237,2.1799,2.1799,2411798.0
1993-09-21,2.1799,2.1799,2.136,2.1485,2033664.0
1993-09-22,2.1548,2.1799,2.1485,2.1736,1985470.0
1993-09-23,2.1861,2.1987,2.1673,2.1673,793341.0
1993-09-24,2.1673,2.1736,2.0922,2.0922,1755094.0
1993-09-27,2.1047,2.1548,2.1047,2.1548,2370754.0
1993-09-28,2.1673,2.2049,2.1611,2.1736,1515715.0
1993-09-29,2.1987,2.1987,2.1423,2.1485,1389141.0
1993-09-30,2.1485,2.1861,2.136,2.1548,906146.0
1993-10-01,2.1423,2.1924,2.1423,2.1924,1041458.0
1993-10-04,2.1924,2.1924,2.1607,2.1924,1319498.0
1993-10-05,2.1924,2.2114,2.167,2.186,938981.0
1993-10-06,2.186,2.186,2.148,2.1607,1305199.0
1993-10-07,2.1607,2.1607,2.0973,2.1036,1262037.0
1993-10-08,2.1163,2.129,2.0783,2.1036,1895438.0
1993-10-11,2.11,2.11,2.0403,2.053,1006240.0
1993-10-12,2.072,2.1036,2.0593,2.0783,2227233.0
1993-10-13,2.0783,2.0783,2.0086,2.0339,2855074.0
1993-10-14,2.0339,2.1987,2.0339,2.1797,4297704.0
1993-10-15,2.2114,2.2114,2.1543,2.167,2698577.0
1993-10-18,2.1607,2.1733,2.1417,2.167,1269716.0
1993-10-19,2.167,2.1733,2.148,2.167,1152145.0
1993-10-20,2.1797,2.1797,2.129,2.1797,804992.0
1993-10-21,2.1797,2.205,2.1353,2.1353,1416945.0
1993-10-22,2.148,2.1733,2.0656,2.0783,1411914.0
1993-10-25,2.0973,2.1353,2.0783,2.1353,917267.0
1993-10-26,2.129,2.129,2.1036,2.1163,1035368.0
1993-10-27,2.11,2.148,2.1036,2.148,1509890.0
1993-10-28,2.148,2.205,2.148,2.1987,1856248.0
1993-10-29,2.186,2.243,2.1797,2.243,1279514.0
1993-11-01,2.2367,2.243,2.2177,2.2304,1208018.0
1993-11-02,2.2177,2.224,2.167,2.186,1190541.0
1993-11-03,2.1924,2.1924,2.1036,2.1607,1423830.0
1993-11-04,2.1417,2.1607,2.129,2.1353,1343860.0
1993-11-05,2.1353,2.148,2.129,2.148,1393113.0
1993-11-08,2.148,2.1607,2.1163,2.1163,944806.0
1993-11-09,2.1417,2.1417,2.0656,2.0783,1573971.0
1993-11-10,2.0783,2.0783,2.0403,2.0783,1835064.0
1993-11-11,2.0783,2.1163,2.0783,2.0846,1186569.0
1993-11-12,2.091,2.091,2.0656,2.072,1007564.0
1993-11-15,2.0656,2.0783,2.0466,2.0783,848154.0
1993-11-16,2.0783,2.1227,2.072,2.1036,1670358.0
1993-11-17,2.129,2.167,2.1227,2.148,1794550.0
1993-11-18,2.148,2.148,2.1227,2.1353,1540606.0
1993-11-19,2.1417,2.148,2.0593,2.0783,1633551.0
1993-11-22,2.0656,2.072,2.0403,2.0656,1124606.0
1993-11-23,2.0783,2.0846,2.0213,2.0276,1575295.0
1993-11-24,2.053,2.0783,2.0403,2.0593,1600981.0
1993-11-26,2.072,2.1163,2.072,2.11,659617.0
1993-11-29,2.129,2.1543,2.1227,2.129,1084886.0
1993-11-30,2.129,2.167,2.1163,2.1543,1196102.0
1993-12-01,2.1353,2.1543,2.0466,2.11,2077091.0
1993-12-02,2.129,2.1543,2.1163,2.1543,1133874.0
1993-12-03,2.1797,2.1924,2.1543,2.1924,1995798.0
1993-12-06,2.186,2.205,2.1797,2.1987,1339094.0
1993-12-07,2.1924,2.2114,2.1797,2.205,2396970.0
1993-12-08,2.205,2.2177,2.1797,2.186,1472288.0
1993-12-09,2.1797,2.186,2.148,2.1543,1459842.0
1993-12-10,2.1607,2.1987,2.1417,2.1543,993530.0
1993-12-13,2.1543,2.1543,2.129,2.1353,1179684.0
1993-12-14,2.1353,2.1353,2.11,2.129,1324530.0
1993-12-15,2.1163,2.1353,2.11,2.1227,1173329.0
1993-12-16,2.1417,2.167,2.1417,2.1607,1074294.0
1993-12-17,2.1607,2.2114,2.1607,2.2114,2127933.0
1993-12-20,2.1987,2.224,2.1924,2.2114,1245619.0
1993-12-21,2.2114,2.2304,2.1797,2.2177,1192394.0
1993-12-22,2.2304,2.2367,2.205,2.2367,1714050.0
1993-12-23,2.2367,2.2621,2.2304,2.2304,1754035.0
1993-12-27,2.2367,2.243,2.2177,2.2304,812406.0
1993-12-28,2.2304,2.2684,2.2304,2.2621,1144995.0
1993-12-29,2.2684,2.2937,2.2114,2.2114,1049932.0
1993-12-30,2.205,2.205,2.1353,2.167,1718022.0
1993-12-31,2.1733,2.1924,2.1036,2.1036,2431394.0
1994-01-03,2.1036,2.1227,2.091,2.1036,1897822.0
1994-01-04,2.0908,2.1036,2.0715,2.0844,1687570.0
1994-01-05,2.0587,2.0651,1.9882,1.9946,4449434.0
1994-01-06,2.0074,2.0074,1.9497,1.9753,3954258.0
1994-01-07,1.9625,2.0331,1.9625,2.0138,2530164.0
1994-01-10,2.0331,2.0715,2.0202,2.0587,2692222.0
1994-01-11,2.0587,2.0587,2.0202,2.0331,2235442.0
1994-01-12,2.0395,2.0395,2.001,2.0138,2225644.0
1994-01-13,2.0202,2.0331,1.9946,2.0138,2801054.0
1994-01-14,2.0074,2.0202,1.9817,2.001,2427686.0
1994-01-17,1.9882,1.9946,1.9625,1.9625,1749004.0
1994-01-18,1.9753,2.0202,1.9689,2.0138,2218494.0
1994-01-19,2.0138,2.0331,2.0138,2.0331,2351159.0
1994-01-20,2.0395,2.0715,2.0395,2.0715,2260333.0
1994-01-21,2.0587,2.0651,2.0459,2.0523,2238884.0
1994-01-24,2.0459,2.0523,1.9946,1.9946,2906974.0
1994-01-25,1.9753,1.9817,1.9497,1.9561,4709468.0
1994-01-26,1.9625,2.0202,1.9625,2.0202,4059384.0
1994-01-27,2.0395,2.1036,2.0395,2.1036,3293053.0
1994-01-28,2.1036,2.1228,2.0908,2.1036,2188837.0
1994-01-31,2.0908,2.1549,2.0908,2.1485,2345863.0
1994-02-01,2.1357,2.1421,2.0651,2.0715,1693396.0
1994-02-02,2.0972,2.1036,2.0844,2.0908,988498.0
1994-02-03,2.0779,2.0844,2.0523,2.0523,985586.0
1994-02-04,2.0523,2.0844,1.9946,2.001,1875578.0
1994-02-07,1.9882,2.0266,1.9882,2.0138,1596479.0
1994-02-08,2.0138,2.0138,1.9882,1.9946,1674595.0
1994-02-09,1.9882,1.9882,1.9561,1.9625,2844746.0
1994-02-10,1.9625,1.9689,1.9048,1.9112,3030106.0
1994-02-11,1.924,1.9561,1.9112,1.9433,1693926.0
1994-02-14,1.9689,1.9882,1.9369,1.9433,1687306.0
1994-02-15,1.9625,1.9753,1.9433,1.9433,1989442.0
1994-02-16,1.9561,1.9625,1.9369,1.9433,1759596.0
1994-02-17,1.9561,1.9625,1.8855,1.924,2009567.0
1994-02-18,1.924,1.9625,1.8984,1.9561,2452313.0
1994-02-22,1.9497,1.9882,1.9369,1.9689,2454961.0
1994-02-23,1.9817,1.9817,1.9176,1.924,2111780.0
1994-02-24,1.9689,1.9882,1.9369,1.9882,3145824.0
1994-02-25,2.001,2.0459,2.001,2.0202,2623903.0
1994-02-28,2.0202,2.0266,2.001,2.0074,1422241.0
1994-03-01,2.0074,2.0138,1.9882,2.001,1927479.0
1994-03-02,1.9946,2.0459,1.9753,2.0395,3254657.0
1994-03-03,2.0331,2.0395,2.001,2.0331,2686131.0
1994-03-04,2.0331,2.0331,1.9946,2.0266,3142911.0
1994-03-07,2.0331,2.0331,2.001,2.0074,2376315.0
1994-03-08,2.0074,2.0266,2.001,2.0074,2221142.0
1994-03-09,2.0074,2.0074,1.9946,2.0074,2403325.0
1994-03-10,2.0459,2.0587,2.0202,2.0523,3993714.0
1994-03-11,2.0779,2.0908,2.0651,2.0844,2703873.0
1994-03-14,2.0715,2.0908,2.0651,2.0844,1861279.0
1994-03-15,2.0844,2.0844,2.0523,2.0651,1282426.0
1994-03-16,2.0587,2.0908,2.0331,2.0908,2117076.0
1994-03-17,2.0908,2.1036,2.0651,2.0908,1521806.0
1994-03-18,2.0972,2.0972,2.0715,2.0779,4778316.0
1994-03-21,2.0715,2.0715,2.0523,2.0523,2127668.0
1994-03-22,2.0459,2.0972,2.0459,2.0844,2607486.0
1994-03-23,2.0908,2.11,2.0651,2.0651,1393907.0
1994-03-24,2.0523,2.0587,2.0266,2.0523,1966934.0
1994-03-25,2.0459,2.1036,2.0331,2.0651,1441042.0
1994-03-28,2.0908,2.1036,2.0779,2.0972,1656059.0
1994-03-29,2.0908,2.1421,2.0779,2.0972,2452578.0
1994-03-30,2.0908,2.11,2.0138,2.0138,4346692.0
1994-03-31,2.0202,2.0715,2.0074,2.0715,2707845.0
1994-04-04,2.0143,2.0532,2.0078,2.0078,2479852.0
1994-04-05,2.0402,2.0922,2.0337,2.0532,3769958.0
1994-04-06,2.0402,2.0662,2.0337,2.0402,2899295.0
1994-04-07,2.0272,2.0662,2.0143,2.0662,2115487.0
1994-04-08,2.0532,2.0727,2.0272,2.0337,1625607.0
1994-04-11,2.0402,2.0597,2.0402,2.0597,1024511.0
1994-04-12,2.0792,2.0857,2.0532,2.0532,1073499.0
1994-04-13,2.0532,2.0922,2.0402,2.0857,1907619.0
1994-04-14,2.0857,2.1247,2.0792,2.1182,2810322.0
1994-04-15,2.1312,2.1507,2.1247,2.1507,3727060.0
1994-04-18,2.1572,2.2027,2.1572,2.1962,3027723.0
1994-04-19,2.1897,2.2287,2.1897,2.2157,2655944.0
1994-04-20,2.2417,2.2677,2.2157,2.2352,3022692.0
1994-04-21,2.2612,2.3066,2.2482,2.3001,3427042.0
1994-04-22,2.2936,2.3001,2.2222,2.2222,2694870.0
1994-04-25,2.2222,2.2936,2.2222,2.2807,1880610.0
1994-04-26,2.2677,2.2742,2.2092,2.2157,2021218.0
1994-04-28,2.2417,2.2417,2.1702,2.1702,1873725.0
1994-04-29,2.1702,2.2027,2.1572,2.1572,1817587.0
1994-05-02,2.1507,2.1507,2.1182,2.1312,2881289.0
1994-05-03,2.1442,2.1507,2.1052,2.1182,2107808.0
1994-05-04,2.1247,2.1312,2.1052,2.1312,1523659.0
1994-05-05,2.1312,2.1377,2.1117,2.1182,1521011.0
1994-05-06,2.1052,2.1052,2.0597,2.0792,1543254.0
1994-05-09,2.0792,2.0857,2.0402,2.0402,1456665.0
1994-05-10,2.0597,2.0792,2.0467,2.0662,2020689.0
1994-05-11,2.0662,2.0662,2.0013,2.0078,1970906.0
1994-05-12,2.0272,2.0402,2.0207,2.0272,1895703.0
1994-05-13,2.0402,2.0727,2.024,2.0532,1785811.0
1994-05-16,2.0532,2.0792,2.0467,2.0597,1175712.0
1994-05-17,2.0792,2.1507,2.0597,2.1507,2199429.0
1994-05-18,2.1572,2.1637,2.1182,2.1377,2153089.0
1994-05-19,2.1377,2.1572,2.1247,2.1572,1232114.0
1994-05-20,2.1312,2.1377,2.1117,2.1117,1586152.0
1994-05-23,2.1117,2.1117,2.0792,2.0987,1360278.0
1994-05-24,2.1052,2.1182,2.0922,2.0922,1200074.0
1994-05-25,2.0922,2.1247,2.0857,2.1117,1131755.0
1994-05-26,2.1052,2.1637,2.1052,2.1637,2327062.0
1994-05-27,2.1507,2.1572,2.1377,2.1507,897672.0
1994-05-31,2.1377,2.1572,2.1247,2.1377,1616339.0
1994-06-01,2.1312,2.1507,2.1117,2.1442,1423565.0
1994-06-02,2.1442,2.1572,2.1312,2.1442,1001209.0
1994-06-03,2.1442,2.1962,2.1312,2.1962,1304140.0
1994-06-06,2.2092,2.2612,2.1897,2.2352,1817322.0
1994-06-07,2.2287,2.2417,2.2157,2.2222,1831622.0
1994-06-08,2.2222,2.2352,2.1962,2.2352,1598862.0
1994-06-09,2.2287,2.2417,2.2157,2.2417,1168298.0
1994-06-10,2.2547,2.2742,2.2352,2.2482,1520217.0
1994-06-13,2.2482,2.2547,2.2287,2.2287,963078.0
1994-06-14,2.2352,2.2482,2.2222,2.2287,2549759.0
1994-06-15,2.2417,2.2547,2.2157,2.2287,1404499.0
1994-06-16,2.2287,2.2482,2.2157,2.2482,1045960.0
1994-06-17,2.2677,2.2677,2.2222,2.2352,2925246.0
1994-06-20,2.2287,2.2482,2.2027,2.2287,1172799.0
1994-06-21,2.2222,2.2287,2.1962,2.2287,1857042.0
1994-06-22,2.2352,2.2352,2.2027,2.2157,1047814.0
1994-06-23,2.2027,2.2352,2.1962,2.2352,955663.0
1994-06-24,2.2092,2.2157,2.1832,2.1962,1634610.0
1994-06-27,2.1832,2.2027,2.1702,2.1832,2049022.0
1994-06-28,2.1832,2.1962,2.1572,2.1832,1074029.0
1994-06-29,2.2027,2.2417,2.1832,2.2417,2212139.0
1994-06-30,2.2222,2.2612,2.1897,2.2612,2834684.0
1994-07-01,2.2821,2.2821,2.2426,2.2624,1304670.0
1994-07-05,2.2492,2.2558,2.2361,2.2492,1826590.0
1994-07-06,2.2426,2.2887,2.2426,2.2755,1803288.0
1994-07-07,2.2821,2.3018,2.2689,2.2821,1407412.0
1994-07-08,2.2755,2.3084,2.2689,2.3084,1540077.0
1994-07-11,2.3084,2.3084,2.2821,2.2953,1749798.0
1994-07-12,2.3084,2.3084,2.2558,2.2558,1755094.0
1994-07-13,2.2624,2.2755,2.2426,2.2426,1324530.0
1994-07-14,2.2426,2.3018,2.2426,2.3018,1763038.0
1994-07-15,2.3018,2.3281,2.2953,2.3018,1739736.0
1994-07-18,2.3216,2.3216,2.3018,2.315,1264950.0
1994-07-19,2.3216,2.3281,2.3084,2.315,1261772.0
1994-07-20,2.3084,2.315,2.2821,2.2821,1528426.0
1994-07-21,2.2821,2.2887,2.2558,2.2755,707810.0
1994-07-22,2.2755,2.2821,2.2558,2.2558,1521806.0
1994-07-25,2.2624,2.2624,2.2426,2.2426,1372194.0
1994-07-26,2.2426,2.2689,2.2295,2.2492,1519158.0
1994-07-27,2.2558,2.2558,2.2098,2.2229,1524983.0
1994-07-28,2.2229,2.2229,2.2032,2.2032,1819176.0
1994-07-29,2.2229,2.2229,2.2032,2.2098,2620726.0
1994-08-01,2.2032,2.2163,2.19,2.2032,2231734.0
1994-08-02,2.2032,2.2426,2.1966,2.2163,2410210.0
1994-08-03,2.2098,2.2426,2.2098,2.2229,1273158.0
1994-08-04,2.2295,2.2558,2.2295,2.2295,877547.0
1994-08-05,2.2098,2.2229,2.2032,2.2163,1119045.0
1994-08-08,2.2361,2.2558,2.2098,2.2492,1612367.0
1994-08-09,2.2426,2.2689,2.2295,2.2624,1144466.0
1994-08-10,2.2755,2.2755,2.2426,2.2624,940834.0
1994-08-11,2.2821,2.3018,2.2492,2.2624,1690748.0
1994-08-12,2.2689,2.2755,2.2492,2.2624,1014184.0
1994-08-15,2.2755,2.2821,2.2426,2.2492,1612102.0
1994-08-16,2.2558,2.2689,2.2361,2.2558,2238884.0
1994-08-17,2.2558,2.2558,2.2295,2.2295,1410854.0
1994-08-18,2.2295,2.2361,2.1834,2.1966,1893585.0
1994-08-19,2.2229,2.2295,2.19,2.2032,1604953.0
1994-08-22,2.19,2.2163,2.1834,2.1966,1161678.0
1994-08-23,2.1966,2.2163,2.1966,2.2032,1166179.0
1994-08-24,2.2229,2.2295,2.1834,2.1966,1592772.0
1994-08-25,2.2032,2.2098,2.1834,2.1834,1142347.0
1994-08-26,2.1966,2.2032,2.19,2.1966,1650763.0
1994-08-29,2.2032,2.2163,2.1966,2.2032,2130316.0
1994-08-30,2.1966,2.1966,2.1571,2.1637,2008508.0
1994-08-31,2.1506,2.1835,2.144,2.1769,1877962.0
1994-09-01,2.1637,2.1769,2.1374,2.1571,2170036.0
1994-09-02,2.1703,2.19,2.1571,2.1703,1491354.0
1994-09-06,2.1703,2.1834,2.1637,2.1637,1317910.0
1994-09-07,2.1769,2.1966,2.1769,2.19,1353658.0
1994-09-08,2.1835,2.1966,2.1769,2.1769,2415241.0
1994-09-09,2.1637,2.1769,2.1571,2.1637,1420652.0
1994-09-12,2.1637,2.1637,2.144,2.144,830413.0
1994-09-13,2.1571,2.1769,2.144,2.1703,1344125.0
1994-09-14,2.1703,2.1834,2.144,2.1834,1097861.0
1994-09-15,2.1834,2.2032,2.1834,2.2032,1135462.0
1994-09-16,2.2032,2.2032,2.1703,2.1834,3754864.0
1994-09-19,2.1834,2.1834,2.1703,2.1834,921239.0
1994-09-20,2.1637,2.1769,2.1506,2.1571,1060789.0
1994-09-21,2.1571,2.1637,2.1177,2.1506,1525513.0
1994-09-22,2.1637,2.1834,2.144,2.144,1469640.0
1994-09-23,2.1506,2.1637,2.144,2.1571,1698427.0
1994-09-26,2.1571,2.1966,2.1571,2.1834,1611308.0
1994-09-27,2.19,2.2229,2.1834,2.2229,1502210.0
1994-09-28,2.2426,2.2887,2.2361,2.2887,2903532.0
1994-09-29,2.2821,2.2887,2.2295,2.2426,2127403.0
1994-09-30,2.2426,2.2558,2.2295,2.2361,1524983.0
1994-10-03,2.2229,2.2295,2.19,2.19,1237675.0
1994-10-04,2.1979,2.2112,2.1047,2.1313,3228706.0
1994-10-05,2.1313,2.138,2.0913,2.1047,2155207.0
1994-10-06,2.1246,2.1513,2.118,2.1513,1301757.0
1994-10-07,2.1446,2.2046,2.1446,2.1912,1913445.0
1994-10-10,2.1913,2.1913,2.1579,2.1779,519008.0
1994-10-11,2.1713,2.2246,2.1713,2.1912,1743708.0
1994-10-12,2.1846,2.1913,2.1446,2.1513,1616339.0
1994-10-13,2.1713,2.1912,2.1713,2.1912,1684393.0
1994-10-14,2.2046,2.2112,2.1713,2.2046,1004386.0
1994-10-17,2.2046,2.2312,2.1846,2.1979,1170416.0
1994-10-18,2.2112,2.2112,2.1846,2.1912,1762244.0
1994-10-19,2.1713,2.2046,2.1513,2.2046,1119045.0
1994-10-20,2.2046,2.2046,2.1646,2.1912,1025306.0
1994-10-21,2.1913,2.1913,2.1513,2.1779,1763038.0
1994-10-24,2.1846,2.1912,2.1313,2.1313,1693131.0
1994-10-25,2.1047,2.138,2.1047,2.1313,1825531.0
1994-10-26,2.1446,2.1446,2.1246,2.138,1565233.0
1994-10-27,2.1513,2.2112,2.138,2.1646,1840625.0
1994-10-28,2.1513,2.2112,2.1513,2.1979,3309206.0
1994-10-31,2.2046,2.2379,2.2046,2.2312,1790313.0
1994-11-01,2.2179,2.2246,2.2112,2.2179,1541930.0
1994-11-02,2.2179,2.2312,2.1979,2.2112,1571588.0
1994-11-03,2.2112,2.2312,2.2046,2.2246,1689689.0
1994-11-04,2.2312,2.2379,2.1646,2.1646,2752066.0
1994-11-07,2.1513,2.1979,2.1446,2.1846,1461166.0
1994-11-08,2.1913,2.1979,2.1779,2.1779,2611193.0
1994-11-09,2.1979,2.1979,2.1646,2.1779,2020424.0
1994-11-10,2.1846,2.2046,2.1579,2.1579,3262071.0
1994-11-11,2.138,2.1579,2.1313,2.1513,1937806.0
1994-11-14,2.1513,2.2312,2.1513,2.2246,2582859.0
1994-11-15,2.2112,2.2512,2.2112,2.2379,2973174.0
1994-11-16,2.2445,2.2512,2.2246,2.2445,1814939.0
1994-11-17,2.2379,2.2445,2.2246,2.2312,2105425.0
1994-11-18,2.2312,2.2379,2.2246,2.2312,1933305.0
1994-11-21,2.2445,2.2978,2.2379,2.2778,2149117.0
1994-11-22,2.2845,2.2845,2.2312,2.2445,3119344.0
1994-11-23,2.2246,2.2379,2.2112,2.2312,2724262.0
1994-11-25,2.2445,2.2579,2.2379,2.2379,642140.0
1994-11-28,2.2246,2.2445,2.1912,2.2046,1913180.0
1994-11-29,2.1979,2.2179,2.1913,2.2112,1614486.0
1994-11-30,2.2179,2.2179,2.1979,2.2046,1152145.0
1994-12-01,2.2046,2.2112,2.1912,2.1979,1405029.0
1994-12-02,2.1912,2.2046,2.1646,2.1979,1384904.0
1994-12-05,2.2046,2.2246,2.1912,2.1979,1015508.0
1994-12-06,2.1846,2.1979,2.1779,2.1912,1202192.0
1994-12-07,2.1779,2.1979,2.1713,2.1846,1102627.0
1994-12-08,2.1779,2.1979,2.1713,2.1713,1490824.0
1994-12-09,2.1713,2.1912,2.1713,2.1713,1958461.0
1994-12-12,2.1713,2.1779,2.1646,2.1713,1708225.0
1994-12-13,2.1713,2.2246,2.1646,2.2179,1449250.0
1994-12-14,2.2112,2.2645,2.2112,2.2379,1597009.0
1994-12-15,2.2312,2.2579,2.2312,2.2512,1362926.0
1994-12-16,2.2512,2.2512,2.2179,2.2246,4801618.0
1994-12-19,2.2112,2.2246,2.1646,2.2046,2261922.0
1994-12-20,2.1979,2.2179,2.1912,2.2179,2002947.0
1994-12-21,2.2179,2.2579,2.2179,2.2179,2663623.0
1994-12-22,2.2246,2.2312,2.1646,2.1779,3047318.0
1994-12-23,2.1912,2.2246,2.1912,2.2046,2513482.0
1994-12-27,2.2112,2.2179,2.2046,2.2179,1122752.0
1994-12-28,2.2046,2.2112,2.1912,2.1979,2512158.0
1994-12-29,2.1912,2.2046,2.1779,2.1846,2681630.0
1994-12-30,2.1913,2.2046,2.1513,2.1513,2378434.0
1995-01-03,2.1513,2.1779,2.1513,2.1646,1253563.0
1995-01-04,2.1456,2.1726,2.1456,2.1591,1955548.0
1995-01-05,2.1591,2.1928,2.1456,2.1928,2488855.0
1995-01-06,2.1928,2.2333,2.1928,2.1928,1981234.0
1995-01-09,2.1861,2.2198,2.1861,2.1861,1182332.0
1995-01-10,2.1928,2.1996,2.1793,2.1928,1664268.0
1995-01-11,2.1861,2.1928,2.1658,2.1726,1198220.0
1995-01-12,2.1793,2.1928,2.1658,2.1793,1057346.0
1995-01-13,2.1928,2.1928,2.1726,2.1793,1587476.0
1995-01-16,2.1928,2.2198,2.1861,2.2198,1276336.0
1995-01-17,2.1996,2.2198,2.1861,2.2131,1961638.0
1995-01-18,2.1996,2.2063,2.1793,2.1928,1671153.0
1995-01-19,2.1861,2.2131,2.1793,2.2131,2231999.0
1995-01-20,2.2063,2.2198,2.1928,2.1996,1988648.0
1995-01-23,2.1726,2.2468,2.1726,2.2401,1619252.0
1995-01-24,2.2401,2.2468,2.2198,2.2266,1154263.0
1995-01-25,2.2401,2.294,2.2266,2.2603,1338034.0
1995-01-26,2.2603,2.2873,2.2603,2.2806,1016832.0
1995-01-27,2.2873,2.3413,2.2806,2.3345,1938866.0
1995-01-30,2.3278,2.3413,2.2738,2.2738,1903912.0
1995-01-31,2.2873,2.3143,2.2873,2.3008,2439602.0
1995-02-01,2.3008,2.3075,2.2806,2.294,2406238.0
1995-02-02,2.3008,2.3075,2.2603,2.2671,1439453.0
1995-02-03,2.294,2.3345,2.2873,2.321,2101188.0
1995-02-06,2.3143,2.3345,2.3008,2.3143,1210401.0
1995-02-07,2.3345,2.3413,2.3075,2.3143,1547756.0
1995-02-08,2.3143,2.3683,2.3143,2.3683,1803023.0
1995-02-09,2.3548,2.3615,2.321,2.321,1149497.0
1995-02-10,2.321,2.3345,2.3075,2.3278,865631.0
1995-02-13,2.3278,2.3413,2.3075,2.321,847360.0
1995-02-14,2.3345,2.3413,2.2806,2.294,1039340.0
1995-02-15,2.294,2.3345,2.2806,2.3143,1193718.0
1995-02-16,2.321,2.321,2.2468,2.2671,2143821.0
1995-02-17,2.2671,2.2671,2.2198,2.2266,1965081.0
1995-02-21,2.2266,2.2333,2.2063,2.2063,1893585.0
1995-02-22,2.2131,2.2468,2.1928,2.2131,3095777.0
1995-02-23,2.2266,2.2401,2.2198,2.2266,1744767.0
1995-02-24,2.2401,2.2401,2.1996,2.2131,1660296.0
1995-02-27,2.2131,2.2266,2.1996,2.2063,1740001.0
1995-02-28,2.2131,2.2536,2.2131,2.2468,2712082.0
1995-03-01,2.2536,2.2671,2.2333,2.2401,2887644.0
1995-03-02,2.2401,2.2468,2.2198,2.2333,1963227.0
1995-03-03,2.2063,2.2131,2.1928,2.2131,1373253.0
1995-03-06,2.1996,2.1996,2.1793,2.1996,1300433.0
1995-03-07,2.1793,2.1793,2.1389,2.1524,2095892.0
1995-03-08,2.1793,2.1793,2.1524,2.1591,1451898.0
1995-03-09,2.1524,2.1861,2.1524,2.1726,1588535.0
1995-03-10,2.1726,2.2266,2.1456,2.2198,3668274.0
1995-03-13,2.2266,2.2468,2.2198,2.2333,1656059.0
1995-03-14,2.2873,2.2873,2.2401,2.2603,2101982.0
1995-03-15,2.2738,2.2738,2.2333,2.2468,1515450.0
1995-03-16,2.2333,2.2873,2.2333,2.2738,1697368.0
1995-03-17,2.2806,2.3075,2.2671,2.3008,3992390.0
1995-03-20,2.3008,2.3413,2.3008,2.3345,2604838.0
1995-03-21,2.321,2.3345,2.2468,2.2536,2127138.0
1995-03-22,2.2603,2.2873,2.2468,2.2806,1750858.0
1995-03-23,2.2738,2.2873,2.2603,2.2806,1913974.0
1995-03-24,2.2806,2.3143,2.2738,2.3008,1555700.0
1995-03-27,2.321,2.3413,2.3075,2.3413,1037751.0
1995-03-28,2.3345,2.3413,2.3075,2.3345,1342006.0
1995-03-29,2.3345,2.3683,2.3345,2.3548,2580211.0
1995-03-30,2.3548,2.3615,2.3008,2.3008,1674595.0
1995-03-31,2.2873,2.294,2.2468,2.2671,1756418.0
1995-04-03,2.2603,2.2806,2.2468,2.2468,1502475.0
1995-04-04,2.2903,2.3108,2.2766,2.3108,1759331.0
1995-04-05,2.304,2.3177,2.2903,2.304,1104481.0
1995-04-06,2.3177,2.3382,2.304,2.3245,971286.0
1995-04-07,2.3313,2.3655,2.3177,2.3655,1337505.0
1995-04-10,2.3655,2.386,2.3519,2.3587,1318174.0
1995-04-11,2.3724,2.3792,2.3313,2.345,1240058.0
1995-04-12,2.3519,2.3724,2.3382,2.3655,1198750.0
1995-04-13,2.3792,2.386,2.3519,2.3655,799961.0
1995-04-17,2.386,2.3997,2.3655,2.3724,2160768.0
1995-04-18,2.3792,2.3792,2.3382,2.345,1723054.0
1995-04-19,2.3519,2.3792,2.3519,2.3724,1218610.0
1995-04-20,2.3587,2.3792,2.3519,2.3655,1748739.0
1995-04-21,2.3724,2.386,2.3587,2.3587,1620046.0
1995-04-24,2.3655,2.4065,2.3519,2.3997,1488176.0
1995-04-25,2.386,2.4066,2.3792,2.4066,1273423.0
1995-04-26,2.4065,2.4134,2.3929,2.3997,1121428.0
1995-04-27,2.4066,2.4202,2.3929,2.4066,1303346.0
1995-04-28,2.4065,2.4271,2.3997,2.4134,1290900.0
1995-05-01,2.4271,2.4612,2.4202,2.4544,2570943.0
1995-05-02,2.4681,2.4681,2.4407,2.4544,1604688.0
1995-05-03,2.4612,2.4886,2.4544,2.4612,1934894.0
1995-05-04,2.4612,2.5159,2.4407,2.4886,1748474.0
1995-05-05,2.4954,2.5091,2.4476,2.4612,1458254.0
1995-05-08,2.4476,2.5023,2.4476,2.4886,1052315.0
1995-05-09,2.5023,2.5296,2.4818,2.5023,1169092.0
1995-05-10,2.5023,2.5159,2.4681,2.4818,790428.0
1995-05-11,2.4818,2.4818,2.4339,2.4476,1037222.0
1995-05-12,2.4476,2.4818,2.4339,2.4681,1299903.0
1995-05-15,2.4954,2.5159,2.4749,2.5091,740910.0
1995-05-16,2.5159,2.5159,2.4339,2.4476,1987854.0
1995-05-17,2.4339,2.4407,2.3587,2.3792,2972380.0
1995-05-18,2.3724,2.4066,2.3587,2.3587,1214373.0
1995-05-19,2.345,2.3587,2.3313,2.3313,2459727.0
1995-05-22,2.345,2.4202,2.3382,2.4134,1097861.0
1995-05-23,2.4065,2.4202,2.3587,2.3724,1901794.0
1995-05-24,2.3792,2.4065,2.3655,2.3792,1952370.0
1995-05-25,2.3792,2.4271,2.3655,2.4271,2184335.0
1995-05-26,2.4202,2.4202,2.3724,2.386,3462260.0
1995-05-30,2.3997,2.4065,2.3724,2.3997,1684658.0
1995-05-31,2.4271,2.4612,2.4065,2.4612,2434571.0
1995-06-01,2.4476,2.5023,2.4271,2.4544,1935423.0
1995-06-02,2.4544,2.4749,2.4339,2.4407,2323620.0
1995-06-05,2.4544,2.4954,2.4407,2.4886,1237675.0
1995-06-06,2.4886,2.5023,2.4818,2.4886,1224965.0
1995-06-07,2.4818,2.4886,2.4681,2.4681,1683334.0
1995-06-08,2.4749,2.4818,2.4681,2.4749,1010742.0
1995-06-09,2.4749,2.4886,2.4476,2.4818,2159709.0
1995-06-12,2.4818,2.5228,2.4749,2.4886,1878491.0
1995-06-13,2.5023,2.5228,2.5023,2.5159,1043842.0
1995-06-14,2.5159,2.5159,2.4954,2.5159,984526.0
1995-06-15,2.5091,2.5364,2.4954,2.4954,1295931.0
1995-06-16,2.5296,2.557,2.5159,2.5501,4294526.0
1995-06-19,2.557,2.598,2.5501,2.5843,1431774.0
1995-06-20,2.5706,2.5775,2.5433,2.5501,1634875.0
1995-06-21,2.557,2.5706,2.5296,2.5364,1397879.0
1995-06-22,2.557,2.6048,2.557,2.5843,1852541.0
1995-06-23,2.5843,2.5843,2.5706,2.5775,606127.0
1995-06-26,2.5706,2.5911,2.5228,2.5228,1209871.0
1995-06-27,2.5364,2.5843,2.5228,2.5638,1651822.0
1995-06-28,2.5775,2.6185,2.5638,2.5843,2614900.0
1995-06-29,2.5843,2.5843,2.5364,2.557,1340682.0
1995-06-30,2.5706,2.6048,2.5706,2.6048,2413917.0
1995-07-03,2.598,2.598,2.5775,2.598,485378.0
1995-07-05,2.5911,2.598,2.5364,2.5364,1723583.0
1995-07-06,2.5528,2.6081,2.5459,2.6081,1950782.0
1995-07-07,2.6012,2.6081,2.5805,2.5943,1642819.0
1995-07-10,2.5736,2.6151,2.532,2.539,890522.0
1995-07-11,2.539,2.5597,2.5182,2.532,1416415.0
1995-07-12,2.539,2.6081,2.532,2.6012,1447926.0
1995-07-13,2.5874,2.5943,2.5666,2.5805,1193189.0
1995-07-14,2.5736,2.5736,2.5459,2.5666,881784.0
1995-07-17,2.5736,2.5736,2.5459,2.5597,933420.0
1995-07-18,2.5736,2.5736,2.5251,2.5459,1215697.0
1995-07-19,2.5597,2.5943,2.5597,2.5943,2874934.0
1995-07-20,2.6012,2.705,2.5805,2.6912,3291994.0
1995-07-21,2.6912,2.6912,2.6289,2.6497,2394057.0
1995-07-24,2.6497,2.6981,2.6427,2.6842,1273423.0
1995-07-25,2.6981,2.7119,2.6704,2.6981,1101303.0
1995-07-26,2.6981,2.705,2.6704,2.6704,1212784.0
1995-07-27,2.6773,2.6981,2.622,2.6358,1353658.0
1995-07-28,2.6497,2.6566,2.6358,2.6427,1690218.0
1995-07-31,2.6358,2.6635,2.622,2.6635,1284280.0
1995-08-01,2.6566,2.6566,2.622,2.622,1586152.0
1995-08-02,2.6842,2.7534,2.6842,2.7119,3485298.0
1995-08-03,2.6981,2.7742,2.6773,2.7673,3828478.0
1995-08-04,2.7673,2.7673,2.7327,2.7465,2490179.0
1995-08-07,2.7534,2.7603,2.6981,2.6981,2101718.0
1995-08-08,2.705,2.7327,2.6981,2.7188,1040399.0
1995-08-09,2.7188,2.7258,2.6981,2.7188,1320293.0
1995-08-10,2.7188,2.7327,2.6981,2.7188,932096.0
1995-08-11,2.7258,2.7258,2.6842,2.705,983202.0
1995-08-14,2.7119,2.7188,2.6842,2.6912,1259389.0
1995-08-15,2.6981,2.6981,2.6704,2.6912,783808.0
1995-08-16,2.6842,2.6842,2.6635,2.6704,1044106.0
1995-08-17,2.6635,2.6704,2.6566,2.6635,1232644.0
1995-08-18,2.6704,2.6912,2.6635,2.6842,1231055.0
1995-08-21,2.6842,2.7188,2.6842,2.6912,1322676.0
1995-08-22,2.6912,2.705,2.6773,2.705,923093.0
1995-08-23,2.6981,2.6981,2.6566,2.6566,1273158.0
1995-08-24,2.6635,2.6981,2.6635,2.6842,1203781.0
1995-08-25,2.6912,2.7327,2.6912,2.7327,1436010.0
1995-08-28,2.7396,2.7465,2.7188,2.7465,855834.0
1995-08-29,2.7327,2.7603,2.7258,2.7534,1487646.0
1995-08-30,2.7603,2.788,2.7465,2.7742,1503534.0
1995-08-31,2.7811,2.8157,2.7742,2.8019,1483674.0
1995-09-01,2.7673,2.788,2.7396,2.7603,1155852.0
1995-09-05,2.7811,2.788,2.7465,2.7811,1127783.0
1995-09-06,2.7673,2.8226,2.7673,2.8226,1724378.0
1995-09-07,2.8364,2.8503,2.8157,2.8295,1758272.0
1995-09-08,2.8295,2.8503,2.8295,2.8503,1213049.0
1995-09-11,2.8641,2.871,2.8434,2.8503,1080384.0
1995-09-12,2.8572,2.8572,2.8157,2.8503,723434.0
1995-09-13,2.8295,2.878,2.8295,2.871,1225759.0
1995-09-14,2.8987,2.9541,2.8849,2.9541,1986530.0
1995-09-15,2.9956,3.0232,2.9679,3.0163,6549828.0
1995-09-18,3.0094,3.0302,2.9956,3.0025,2738032.0
1995-09-19,2.9956,3.0094,2.9886,2.9956,2431394.0
1995-09-20,2.9956,3.0302,2.9956,3.0232,1283486.0
1995-09-21,3.0232,3.0232,2.9817,3.0094,2048493.0
1995-09-22,2.9748,3.0163,2.9679,3.0025,1993414.0
1995-09-25,2.9886,3.0094,2.9679,2.9886,1546432.0
1995-09-26,2.9886,3.0371,2.9817,2.9956,2120783.0
1995-09-27,2.9748,3.0371,2.9679,3.0302,1268127.0
1995-09-28,3.0302,3.0509,2.9886,3.0302,1152674.0
1995-09-29,3.0232,3.044,2.9956,3.044,1569205.0
1995-10-02,3.0232,3.0232,2.9886,3.0094,1356835.0
1995-10-03,3.0232,3.0371,3.0094,3.0232,1649439.0
1995-10-04,3.0232,3.044,3.0094,3.0371,1409795.0
1995-10-05,3.0256,3.0466,3.0117,3.0396,1420917.0
1995-10-06,3.0326,3.0746,3.0187,3.0326,901644.0
1995-10-09,3.0187,3.1095,3.0187,3.1025,1430979.0
1995-10-10,3.0815,3.1235,3.0536,3.1095,1925096.0
1995-10-11,3.1235,3.1235,3.0746,3.0955,1703988.0
1995-10-12,3.1025,3.1025,3.0187,3.0256,1888024.0
1995-10-13,3.0536,3.0746,3.0256,3.0466,1429920.0
1995-10-16,3.0606,3.0606,2.9767,2.9907,1308642.0
1995-10-17,2.9837,3.0466,2.9767,3.0466,1452958.0
1995-10-18,3.0326,3.0396,3.0117,3.0256,1184980.0
1995-10-19,3.0326,3.1235,3.0047,3.1235,1382521.0
1995-10-20,3.1235,3.1235,3.0815,3.0885,1289841.0
1995-10-23,3.0746,3.1235,3.0676,3.0955,888139.0
1995-10-24,3.1095,3.1654,3.0955,3.1584,1683069.0
1995-10-25,3.1584,3.1864,3.1305,3.1514,1173594.0
1995-10-26,3.0955,3.1235,3.0536,3.0746,2614900.0
1995-10-27,3.0466,3.0676,3.0187,3.0676,1826326.0
1995-10-30,3.0676,3.0885,3.0606,3.0676,1371399.0
1995-10-31,3.0815,3.1235,3.0746,3.1235,4262750.0
1995-11-01,3.1165,3.1584,3.1165,3.1444,1704518.0
1995-11-02,3.1514,3.2003,3.1374,3.1794,1537164.0
1995-11-03,3.1654,3.1654,3.1305,3.1444,1205370.0
1995-11-06,3.1305,3.1444,3.1025,3.1235,831472.0
1995-11-07,3.1165,3.1305,3.0815,3.1305,858217.0
1995-11-08,3.1444,3.1444,3.1025,3.1235,1723583.0
1995-11-09,3.1374,3.1374,3.0676,3.0955,1282162.0
1995-11-10,3.0815,3.1025,3.0396,3.0606,979760.0
1995-11-13,3.0536,3.0606,3.0326,3.0536,1529220.0
1995-11-14,3.0466,3.0536,3.0187,3.0256,1585622.0
1995-11-15,3.0117,3.0187,2.9697,3.0187,2288137.0
1995-11-16,3.0117,3.0256,2.9977,3.0187,1716963.0
1995-11-17,3.0187,3.0326,2.9767,3.0187,2143556.0
1995-11-20,3.0047,3.0117,2.9837,2.9977,1470699.0
1995-11-21,2.9837,3.0256,2.9837,3.0187,1395496.0
1995-11-22,3.0047,3.0117,2.9977,2.9977,939775.0
1995-11-24,2.9977,3.0117,2.9977,3.0047,254473.0
1995-11-27,3.0187,3.0396,3.0047,3.0117,1900470.0
1995-11-28,3.0047,3.0606,2.9977,3.0256,1429390.0
1995-11-29,3.0187,3.0466,3.0187,3.0326,1446602.0
1995-11-30,3.0466,3.0676,3.0187,3.0256,1759861.0
1995-12-01,3.0326,3.0746,3.0256,3.0606,1241647.0
1995-12-04,3.0746,3.1235,3.0676,3.1165,1646526.0
1995-12-05,3.1165,3.1444,3.1095,3.1165,2064381.0
1995-12-06,3.1305,3.1374,3.0815,3.1235,2056172.0
1995-12-07,3.0955,3.1235,3.0885,3.1095,1756154.0
1995-12-08,3.1165,3.1165,3.0746,3.078,1502740.0
1995-12-11,3.0885,3.1235,3.0606,3.1235,1370605.0
1995-12-12,3.1235,3.1514,3.1235,3.1305,743823.0
1995-12-13,3.1514,3.1933,3.1514,3.1933,1261242.0
1995-12-14,3.1794,3.2143,3.1794,3.1864,1647850.0
1995-12-15,3.2143,3.2143,3.1724,3.2003,4891386.0
1995-12-18,3.1933,3.2283,3.1724,3.1794,1763568.0
1995-12-19,3.1794,3.2213,3.1724,3.2073,2542610.0
1995-12-20,3.2213,3.2283,3.1444,3.1444,1576884.0
1995-12-21,3.1584,3.2073,3.1374,3.1724,2886320.0
1995-12-22,3.1794,3.2003,3.1724,3.1724,1299638.0
1995-12-26,3.2213,3.2423,3.2003,3.2073,1069262.0
1995-12-27,3.2143,3.2492,3.2143,3.2353,854774.0
1995-12-28,3.2423,3.2702,3.2213,3.2353,754150.0
1995-12-29,3.2353,3.2353,3.1933,3.2003,1264950.0
1996-01-02,3.2143,3.2632,3.2073,3.2632,1014449.0
1996-01-03,3.2772,3.3401,3.2772,3.3121,2671302.0
1996-01-04,3.3261,3.368,3.2772,3.3051,3979944.0
1996-01-05,3.2702,3.3191,3.2702,3.2982,3391558.0
1996-01-08,3.2866,3.3289,3.2655,3.2725,447512.0
1996-01-09,3.2796,3.2796,3.2231,3.2514,2241002.0
1996-01-10,3.1879,3.2231,3.1103,3.1315,2722409.0
1996-01-11,3.1526,3.1667,3.0962,3.1526,1968523.0
1996-01-12,3.1738,3.1949,3.1032,3.1456,1734440.0
1996-01-15,3.1456,3.1597,3.1103,3.1244,1294872.0
1996-01-16,3.1456,3.2655,3.1385,3.2655,2529370.0
1996-01-17,3.2514,3.2584,3.1879,3.209,2754450.0
1996-01-18,3.2161,3.2161,3.1808,3.1949,2345598.0
1996-01-19,3.1808,3.1808,3.1174,3.1456,2757098.0
1996-01-22,3.1526,3.1597,3.0962,3.1103,2258744.0
1996-01-23,3.1032,3.1174,3.0821,3.0962,1555965.0
1996-01-24,3.1315,3.1738,3.1103,3.1526,2324150.0
1996-01-25,3.1667,3.1667,3.1385,3.1456,1481291.0
1996-01-26,3.1032,3.1808,3.1032,3.1738,2005860.0
1996-01-29,3.1738,3.202,3.1526,3.1738,1117986.0
1996-01-30,3.1738,3.1808,3.1456,3.1667,1374047.0
1996-01-31,3.1738,3.202,3.1456,3.1949,2242062.0
1996-02-01,3.2231,3.2372,3.1949,3.2372,1463814.0
1996-02-02,3.2725,3.2725,3.2302,3.2514,3091010.0
1996-02-05,3.2584,3.2796,3.2302,3.2725,1625872.0
1996-02-06,3.2796,3.3289,3.2655,3.3289,1883258.0
1996-02-07,3.3289,3.3854,3.3289,3.3783,2261127.0
1996-02-08,3.3501,3.3571,3.2866,3.336,3368256.0
1996-02-09,3.3501,3.3783,3.3148,3.3501,2676334.0
1996-02-12,3.3289,3.3924,3.3289,3.3854,2235442.0
1996-02-13,3.3854,3.3995,3.3501,3.3571,2208962.0
1996-02-14,3.343,3.3501,3.2372,3.2443,2230410.0
1996-02-15,3.2302,3.2443,3.1526,3.1526,2293698.0
1996-02-16,3.1667,3.1667,3.1174,3.1456,2989592.0
1996-02-20,3.1032,3.1315,3.0609,3.1032,2399088.0
1996-02-21,3.1032,3.1456,3.1032,3.1315,3213878.0
1996-02-22,3.1879,3.2302,3.1808,3.209,2501036.0
1996-02-23,3.2372,3.2655,3.1526,3.1597,2248946.0
1996-02-26,3.1456,3.1879,3.1174,3.1174,2150176.0
1996-02-27,3.1315,3.1526,3.075,3.1315,2438278.0
1996-02-28,3.1597,3.202,3.075,3.0821,2570414.0
1996-02-29,3.0821,3.1244,3.0609,3.0962,2336595.0
1996-03-01,3.1174,3.1174,3.0327,3.0468,2017776.0
1996-03-04,3.0539,3.068,3.0186,3.0468,2472702.0
1996-03-05,3.0398,3.1315,3.0257,3.1315,1796138.0
1996-03-06,3.1315,3.1738,3.1032,3.1103,1391259.0
1996-03-07,3.0962,3.0962,3.0468,3.075,1306523.0
1996-03-08,3.0539,3.0539,2.9058,2.9481,2165005.0
1996-03-11,2.934,2.9763,2.9128,2.9692,2407297.0
1996-03-12,2.941,2.9551,2.807,2.8917,4616523.0
1996-03-13,2.8846,2.9128,2.8776,2.8846,2529634.0
1996-03-14,2.8776,2.9058,2.8634,2.8705,2769543.0
1996-03-15,2.8705,2.9269,2.8705,2.8846,5566361.0
1996-03-18,2.9128,2.9622,2.9058,2.941,3417509.0
1996-03-19,2.9763,2.9975,2.9481,2.9763,2417359.0
1996-03-20,2.9763,3.0186,2.9763,3.0186,1688894.0
1996-03-21,3.0327,3.0821,3.0327,3.0398,1643878.0
1996-03-22,3.0468,3.0609,2.9763,3.0045,1316850.0
1996-03-25,3.0116,3.0327,3.0045,3.0257,2371549.0
1996-03-26,3.0186,3.0468,3.0116,3.0398,1782898.0
1996-03-27,3.0398,3.0468,3.0045,3.0116,1529750.0
1996-03-28,3.0116,3.0398,3.0045,3.0116,1679626.0
1996-03-29,3.0327,3.0398,2.9551,2.9692,3133114.0
1996-04-01,2.8352,2.8634,2.7436,2.8141,12935480.0
1996-04-02,2.8211,2.8423,2.8211,2.8352,10809136.0
1996-04-03,2.8282,2.8423,2.8141,2.8423,7156485.0
1996-04-04,2.8423,2.8423,2.8,2.807,4534965.0
1996-04-08,2.7682,2.7682,2.7111,2.7254,5458852.0
1996-04-09,2.7254,2.7539,2.7254,2.7254,3913214.0
1996-04-10,2.7111,2.7468,2.6968,2.7182,3152179.0
1996-04-11,2.7111,2.7182,2.6398,2.6754,2783578.0
1996-04-12,2.6826,2.7111,2.6826,2.704,2757098.0
1996-04-15,2.7254,2.7539,2.704,2.7539,1918476.0
1996-04-16,2.7753,2.8038,2.7682,2.7896,3262601.0
1996-04-17,2.8181,2.8324,2.8038,2.8324,3368786.0
1996-04-18,2.8253,2.8467,2.811,2.8253,2194927.0
1996-04-19,2.8038,2.8467,2.8038,2.8395,2908034.0
1996-04-22,2.8609,2.8895,2.8609,2.8823,4669218.0
1996-04-23,2.8823,2.8823,2.8395,2.8752,2443045.0
1996-04-24,2.8966,2.8966,2.8467,2.8681,2905915.0
1996-04-25,2.8395,2.8752,2.8253,2.8609,2808734.0
1996-04-26,2.8609,2.8752,2.8467,2.8467,1616339.0
1996-04-29,2.8467,2.8609,2.8324,2.8609,1324530.0
1996-04-30,2.8609,2.8609,2.8538,2.8609,1184186.0
1996-05-01,2.8538,2.8681,2.8538,2.8609,1437864.0
1996-05-02,2.8538,2.8538,2.8253,2.8253,2781459.0
1996-05-03,2.8253,2.8538,2.8253,2.8324,2617018.0
1996-05-06,2.8395,2.8467,2.811,2.8181,2607486.0
1996-05-07,2.8253,2.8538,2.811,2.8253,2546317.0
1996-05-08,2.811,2.8538,2.7967,2.8538,1963227.0
1996-05-09,2.8538,2.8609,2.8467,2.8609,3223675.0
1996-05-10,2.8823,2.8895,2.8681,2.8752,2196516.0
1996-05-13,2.8823,2.8823,2.8467,2.8609,2291844.0
1996-05-14,2.8681,2.8823,2.8538,2.8609,2094303.0
1996-05-15,2.8609,2.8681,2.8538,2.8609,1805142.0
1996-05-16,2.8538,2.8609,2.8324,2.8324,1993679.0
1996-05-17,2.8324,2.8467,2.8253,2.8395,1867634.0
1996-05-20,2.8467,2.8538,2.7967,2.811,1433098.0
1996-05-21,2.811,2.8395,2.7967,2.8395,1669034.0
1996-05-22,2.8324,2.8752,2.8324,2.8752,2336860.0
1996-05-23,2.8752,2.8823,2.811,2.8253,2481970.0
1996-05-24,2.8395,2.8681,2.8324,2.8538,2560881.0
1996-05-28,2.8609,2.8681,2.8253,2.8253,1338034.0
1996-05-29,2.8253,2.8395,2.7967,2.7967,1745562.0
1996-05-30,2.7967,2.7967,2.761,2.7896,3164360.0
1996-05-31,2.7896,2.8181,2.7753,2.8181,3201167.0
1996-06-03,2.8038,2.8181,2.7896,2.8038,3372758.0
1996-06-04,2.8181,2.8253,2.811,2.8181,2396175.0
1996-06-05,2.811,2.8538,2.811,2.8395,2961788.0
1996-06-06,2.8609,2.8681,2.8324,2.8395,3308411.0
1996-06-07,2.811,2.8324,2.8038,2.8253,2245769.0
1996-06-10,2.8395,2.8395,2.811,2.8181,2082652.0
1996-06-11,2.8324,2.8395,2.8038,2.811,2311704.0
1996-06-12,2.8253,2.8253,2.8038,2.8038,2762394.0
1996-06-13,2.811,2.8253,2.8003,2.8181,2435101.0
1996-06-14,2.8181,2.8181,2.7967,2.7967,2184070.0
1996-06-17,2.7967,2.811,2.7753,2.7824,2090066.0
1996-06-18,2.7682,2.7753,2.7468,2.761,2596364.0
1996-06-19,2.761,2.761,2.7396,2.7468,4389590.0
1996-06-20,2.761,2.8038,2.7539,2.7967,3905006.0
1996-06-21,2.8038,2.8253,2.7967,2.811,3329330.0
1996-06-24,2.8253,2.8253,2.7931,2.8038,1664798.0
1996-06-25,2.8181,2.8253,2.7753,2.7896,2335271.0
1996-06-26,2.8038,2.8181,2.761,2.7682,4306442.0
1996-06-27,2.7753,2.8038,2.761,2.8038,1941778.0
1996-06-28,2.8038,2.8253,2.7753,2.811,2575445.0
1996-07-01,2.8181,2.8324,2.8038,2.8181,1843538.0
1996-07-02,2.8253,2.8253,2.7896,2.7967,1812026.0
1996-07-03,2.7896,2.8467,2.786,2.8467,2066499.0
1996-07-05,2.811,2.8253,2.7967,2.7967,1441571.0
1996-07-08,2.7935,2.8079,2.7285,2.7574,3237445.0
1996-07-09,2.7646,2.8152,2.7574,2.8079,2466347.0
1996-07-10,2.8079,2.8152,2.7791,2.8079,2722409.0
1996-07-11,2.8152,2.8152,2.7574,2.7791,1991031.0
1996-07-12,2.7791,2.8585,2.7718,2.844,2366518.0
1996-07-15,2.844,2.8585,2.7935,2.7935,1859955.0
1996-07-16,2.7935,2.8368,2.743,2.8007,3477089.0
1996-07-17,2.8079,2.8152,2.7502,2.7791,2642174.0
1996-07-18,2.7791,2.8152,2.7791,2.8079,3027194.0
1996-07-19,2.8224,2.8512,2.8007,2.8512,2983766.0
1996-07-22,2.8512,2.8657,2.8224,2.8657,2650383.0
1996-07-23,2.8512,2.8729,2.8368,2.8512,3018190.0
1996-07-24,2.8007,2.844,2.8007,2.844,2351159.0
1996-07-25,2.8585,2.8585,2.8079,2.8296,1715374.0
1996-07-26,2.8368,2.8512,2.8224,2.8368,2138790.0
1996-07-29,2.8368,2.8368,2.7863,2.7863,1554641.0
1996-07-30,2.8007,2.8007,2.7646,2.7718,1934894.0
1996-07-31,2.7718,2.8296,2.7574,2.8224,2113898.0
1996-08-01,2.8079,2.8801,2.8079,2.8801,1564703.0
1996-08-02,2.9018,2.9379,2.9018,2.9234,2950137.0
1996-08-05,2.9234,2.9451,2.909,2.9234,1843538.0
1996-08-06,2.909,2.9162,2.8873,2.909,1960314.0
1996-08-07,2.8946,2.909,2.8801,2.8801,2350630.0
1996-08-08,2.8801,2.8873,2.8512,2.8585,1705842.0
1996-08-09,2.8729,2.8729,2.8512,2.8585,1246149.0
1996-08-12,2.8512,2.8801,2.8368,2.8801,1429655.0
1996-08-13,2.8657,2.8946,2.8585,2.8801,2447546.0
1996-08-14,2.8657,2.8873,2.8657,2.8657,2196516.0
1996-08-15,2.8657,2.8729,2.8368,2.8512,3149002.0
1996-08-16,2.8512,2.8657,2.844,2.844,2400147.0
1996-08-19,2.844,2.8657,2.844,2.8512,2878641.0
1996-08-20,2.844,2.8512,2.8224,2.844,2214258.0
1996-08-21,2.8296,2.8368,2.8152,2.8152,2896382.0
1996-08-22,2.8224,2.8512,2.8224,2.844,1427007.0
1996-08-23,2.8296,2.844,2.8224,2.8296,1161942.0
1996-08-26,2.8296,2.8296,2.7935,2.7935,1725437.0
1996-08-27,2.8007,2.8007,2.7574,2.7646,2031281.0
1996-08-28,2.7646,2.7646,2.7213,2.7213,2588155.0
1996-08-29,2.7213,2.7285,2.6997,2.7069,1656589.0
1996-08-30,2.7069,2.7141,2.678,2.6924,2318589.0
1996-09-03,2.678,2.6924,2.6564,2.678,2184600.0
1996-09-04,2.6852,2.7502,2.678,2.7502,2280987.0
1996-09-05,2.7358,2.7502,2.678,2.6924,2672362.0
1996-09-06,2.6997,2.7069,2.6563,2.6708,1984941.0
1996-09-09,2.6852,2.6997,2.6708,2.6997,1996857.0
1996-09-10,2.7141,2.7141,2.6708,2.6924,1995268.0
1996-09-11,2.6924,2.7141,2.6852,2.6997,2690103.0
1996-09-12,2.7141,2.743,2.7069,2.7358,2848718.0
1996-09-13,2.7646,2.8007,2.7574,2.7935,5013194.0
1996-09-16,2.8079,2.8152,2.7863,2.8079,2790727.0
1996-09-17,2.7935,2.8296,2.7718,2.7863,2443045.0
1996-09-18,2.7863,2.7935,2.7718,2.7863,1642554.0
1996-09-19,2.7791,2.8007,2.7791,2.7935,1650498.0
1996-09-20,2.8152,2.844,2.7646,2.8296,3417774.0
1996-09-23,2.8296,2.8368,2.8079,2.8224,2008773.0
1996-09-24,2.8079,2.8224,2.7863,2.8007,1815469.0
1996-09-25,2.8152,2.8152,2.7718,2.7791,2292638.0
1996-09-26,2.7791,2.7791,2.743,2.7502,2753920.0
1996-09-27,2.743,2.7502,2.7285,2.7502,1454546.0
1996-09-30,2.7502,2.7791,2.743,2.7791,1962168.0
1996-10-01,2.7718,2.7935,2.7718,2.7863,1947339.0
1996-10-02,2.7863,2.8946,2.7791,2.8873,2967878.0
1996-10-03,2.8873,2.8873,2.8512,2.8657,2109662.0
1996-10-04,2.8873,2.8873,2.8657,2.8729,2023072.0
1996-10-07,2.8512,2.8729,2.8512,2.8585,1385963.0
1996-10-08,2.8552,2.8698,2.8406,2.8479,1695250.0
1996-10-09,2.8625,2.8625,2.8041,2.826,2139054.0
1996-10-10,2.8187,2.8333,2.7895,2.7895,2919685.0
1996-10-11,2.7968,2.8333,2.7895,2.8114,1492942.0
1996-10-14,2.7968,2.8406,2.7968,2.8187,1879286.0
1996-10-15,2.8114,2.8187,2.7457,2.7895,2198370.0
1996-10-16,2.8187,2.899,2.8114,2.8917,4476709.0
1996-10-17,2.8917,2.8917,2.8552,2.8844,2803702.0
1996-10-18,2.8844,2.9355,2.8844,2.9209,3996626.0
1996-10-21,2.9282,2.9428,2.9209,2.9355,1649439.0
1996-10-22,2.9355,2.9428,2.9063,2.9282,2087154.0
1996-10-23,2.9209,2.9282,2.9136,2.9209,2134818.0
1996-10-24,2.9136,2.9282,2.8917,2.8917,1141818.0
1996-10-25,2.8844,2.9063,2.8698,2.8771,1934894.0
1996-10-28,2.8698,2.9063,2.8698,2.8844,1958461.0
1996-10-29,2.8844,2.8917,2.8698,2.8771,2061998.0
1996-10-30,2.8844,2.8844,2.8406,2.8479,2321502.0
1996-10-31,2.8333,2.8552,2.8333,2.8406,1983352.0
1996-11-01,2.8479,2.8552,2.8333,2.8333,3168067.0
1996-11-04,2.8479,2.8479,2.7822,2.8041,3212818.0
1996-11-05,2.826,2.8917,2.8187,2.8479,3080154.0
1996-11-06,2.8479,2.8625,2.8333,2.8625,3423070.0
1996-11-07,2.8406,2.8698,2.8406,2.8552,3595984.0
1996-11-08,2.8479,2.8479,2.8333,2.8479,2573856.0
1996-11-11,2.8479,2.8698,2.8406,2.8479,1841154.0
1996-11-12,2.8625,2.899,2.8479,2.8625,3144235.0
1996-11-13,2.8479,2.8552,2.8333,2.8406,2227233.0
1996-11-14,2.8406,2.8552,2.826,2.8552,1976732.0
1996-11-15,2.8625,2.9063,2.8479,2.8698,3393942.0
1996-11-18,2.8625,2.8917,2.8625,2.8844,2132964.0
1996-11-19,2.8844,2.9063,2.8771,2.8771,3224205.0
1996-11-20,2.8771,2.9428,2.8771,2.9355,3736063.0
1996-11-21,2.9428,2.994,2.9282,2.994,4427721.0
1996-11-22,3.0013,3.0086,2.9793,3.0086,3990271.0
1996-11-25,3.0013,3.0378,2.994,3.0378,2708374.0
1996-11-26,3.0451,3.0597,3.0232,3.0378,3120668.0
1996-11-27,3.0451,3.0743,3.0378,3.067,2112839.0
1996-11-29,3.067,3.0743,3.067,3.0743,456515.0
1996-12-02,3.0597,3.1035,3.0305,3.1035,2298729.0
1996-12-03,3.0889,3.1254,3.0232,3.0232,3006010.0
1996-12-04,3.0086,3.0305,2.9794,3.0305,2298464.0
1996-12-05,3.0159,3.0305,2.994,3.0305,1441836.0
1996-12-06,2.9574,3.0013,2.9428,2.9867,2016982.0
1996-12-09,2.9867,3.0013,2.9867,2.9867,2538108.0
1996-12-10,2.994,3.0013,2.9793,2.9793,1438923.0
1996-12-11,2.9574,2.9574,2.8917,2.9136,1722259.0
1996-12-12,2.9209,2.9355,2.899,2.9063,2479058.0
1996-12-13,2.8917,2.9136,2.8698,2.9063,2164210.0
1996-12-16,2.9209,2.9574,2.899,2.9282,3719381.0
1996-12-17,2.9063,2.9209,2.8698,2.8698,3069297.0
1996-12-18,2.8844,2.8954,2.8333,2.8333,2527781.0
1996-12-19,2.8771,2.9063,2.8516,2.9063,1241912.0
1996-12-20,3.0378,3.0378,2.9647,2.972,5935492.0
1996-12-23,2.9867,3.0086,2.9794,2.994,1335386.0
1996-12-24,2.994,3.067,2.994,3.0524,1408206.0
1996-12-26,3.067,3.1327,3.0597,3.1327,2038695.0
1996-12-27,3.1473,3.2276,3.1327,3.2203,2494151.0
1996-12-30,3.213,3.2276,3.1254,3.1254,2298199.0
1996-12-31,3.1254,3.14,3.0232,3.0305,2196781.0
1997-01-02,3.0305,3.0816,2.9501,3.0743,3173363.0
1997-01-03,3.0889,3.0962,3.067,3.0816,2714730.0
1997-01-06,3.0962,3.1181,3.0378,3.067,2530958.0
1997-01-07,3.0597,3.067,2.9794,3.0305,4540526.0
1997-01-08,3.0567,3.0641,2.9829,3.0124,2436160.0
1997-01-09,3.0272,3.0272,2.9903,2.9976,2899295.0
1997-01-10,2.9533,2.9829,2.9312,2.9829,4259838.0
1997-01-13,3.005,3.0198,2.9681,2.9755,4456584.0
1997-01-14,3.005,3.0419,2.9829,3.0124,4639561.0
1997-01-15,3.0272,3.1084,2.9903,3.0936,3715409.0
1997-01-16,3.0936,3.101,3.0272,3.0567,2307467.0
1997-01-17,3.0641,3.1158,3.0567,3.0936,2165005.0
1997-01-20,3.101,3.1527,3.0789,3.1158,1820765.0
1997-01-21,3.0641,3.1305,3.0272,3.101,3033549.0
1997-01-22,3.101,3.1601,3.101,3.1601,3665891.0
1997-01-23,3.197,3.2339,3.1675,3.1896,4431163.0
1997-01-24,3.1822,3.1896,3.1305,3.1453,3630938.0
1997-01-27,3.1158,3.1453,3.101,3.1453,3463584.0
1997-01-28,3.1527,3.1748,3.1232,3.1305,3898121.0
1997-01-29,3.1379,3.1675,3.1379,3.1601,2508450.0
1997-01-30,3.1675,3.1896,3.1527,3.1896,1824737.0
1997-01-31,3.2044,3.2634,3.197,3.2487,3180248.0
1997-02-03,3.2413,3.2487,3.197,3.2118,3070886.0
1997-02-04,3.2265,3.2561,3.2118,3.2561,2473232.0
1997-02-05,3.2708,3.3225,3.1675,3.197,3780814.0
1997-02-06,3.2118,3.2191,3.1305,3.1675,2787285.0
1997-02-07,3.1822,3.2118,3.1232,3.1822,3111135.0
1997-02-10,3.1453,3.2634,3.1453,3.2561,3612666.0
1997-02-11,3.2561,3.293,3.2265,3.293,2227498.0
1997-02-12,3.2782,3.3299,3.2782,3.3299,2432982.0
1997-02-13,3.3373,3.4037,3.3299,3.3963,3513366.0
1997-02-14,3.389,3.3963,3.3151,3.3447,2642439.0
1997-02-18,3.3594,3.3668,3.293,3.3668,1897027.0
1997-02-19,3.3668,3.3816,3.3299,3.3594,1908678.0
1997-02-20,3.3225,3.3742,3.3225,3.3668,2916242.0
1997-02-21,3.3668,3.3668,3.3299,3.352,1926950.0
1997-02-24,3.3225,3.3299,3.3004,3.3225,4704702.0
1997-02-25,3.3151,3.3373,3.3004,3.3299,2655679.0
1997-02-26,3.3225,3.3299,3.2708,3.3077,1976997.0
1997-02-27,3.293,3.3373,3.2634,3.3299,2991181.0
1997-02-28,3.3151,3.4037,3.3004,3.3963,4317829.0
1997-03-03,3.3742,3.389,3.3447,3.389,2624433.0
1997-03-04,3.3742,3.389,3.3447,3.352,3112724.0
1997-03-05,3.3373,3.3742,3.3225,3.3668,4555884.0
1997-03-06,3.3594,3.3816,3.3594,3.3668,5682608.0
1997-03-07,3.3668,3.4111,3.352,3.4037,3607635.0
1997-03-10,3.4111,3.4259,3.389,3.4259,1721730.0
1997-03-11,3.4259,3.4406,3.4037,3.4111,2001623.0
1997-03-12,3.4111,3.4111,3.3004,3.3077,2755509.0
1997-03-13,3.2782,3.2782,3.1822,3.1896,3889647.0
1997-03-14,3.2191,3.2856,3.2044,3.2856,3035667.0
1997-03-17,3.2339,3.2856,3.2265,3.2782,2557438.0
1997-03-18,3.2708,3.3004,3.2634,3.2856,1881669.0
1997-03-19,3.2634,3.2856,3.1748,3.1896,2951726.0
1997-03-20,3.1822,3.1896,3.1453,3.1748,2349306.0
1997-03-21,3.2044,3.2634,3.1896,3.2191,3330125.0
1997-03-24,3.2413,3.3299,3.2339,3.3225,3284579.0
1997-03-25,3.3281,3.3355,3.246,3.2609,1972495.0
1997-03-26,3.2609,3.2609,3.2087,3.2385,1753241.0
1997-03-27,3.2385,3.246,3.052,3.0893,4064150.0
1997-03-31,3.0968,3.149,3.0594,3.1341,4380057.0
1997-04-01,3.1191,3.1564,3.0669,3.1564,3066119.0
1997-04-02,3.1564,3.1564,3.0818,3.1117,4190990.0
1997-04-03,3.0744,3.1191,3.052,3.0744,3162771.0
1997-04-04,3.052,3.0744,3.0072,3.0669,3548055.0
1997-04-07,3.0818,3.1564,3.0669,3.149,5122821.0
1997-04-08,3.1639,3.1788,3.149,3.1564,3751422.0
1997-04-09,3.149,3.1564,3.0594,3.0744,2168447.0
1997-04-10,3.0893,3.1341,3.052,3.1042,2979000.0
1997-04-11,3.0893,3.0968,3.0296,3.0371,4171394.0
1997-04-14,2.9997,2.9997,2.94,2.9774,3335421.0
1997-04-15,3.0147,3.1191,3.0072,3.0669,2926570.0
1997-04-16,3.052,3.1117,3.0296,3.1117,3186868.0
1997-04-17,3.1042,3.1042,3.0594,3.0744,2228557.0
1997-04-18,3.0669,3.0744,3.0371,3.0445,2768749.0
1997-04-21,3.0594,3.0594,2.9997,3.0296,1463285.0
1997-04-22,3.0371,3.1341,2.9997,3.1341,2843158.0
1997-04-23,3.1341,3.1415,3.0669,3.0893,2389820.0
1997-04-24,3.0669,3.0893,2.9997,3.0221,3030106.0
1997-04-25,2.9923,3.1117,2.9923,3.0967,4452347.0
1997-04-28,3.1042,3.1714,3.0968,3.1714,3731297.0
1997-04-29,3.2236,3.3206,3.2236,3.2982,5370409.0
1997-04-30,3.2758,3.3132,3.2684,3.3132,4269106.0
1997-05-01,3.2833,3.3057,3.2609,3.2833,4465322.0
1997-05-02,3.2982,3.3355,3.2684,3.3206,5043646.0
1997-05-05,3.3355,3.3952,3.3057,3.3952,3663508.0
1997-05-06,3.3952,3.4288,3.3654,3.3803,3990271.0
1997-05-07,3.3803,3.3803,3.2982,3.2982,3926719.0
1997-05-08,3.343,3.4549,3.3281,3.3728,7339197.0
1997-05-09,3.4027,3.4176,3.3579,3.3654,3256775.0
1997-05-12,3.3579,3.4251,3.3355,3.4027,3673306.0
1997-05-13,3.4102,3.4102,3.3579,3.3952,3985240.0
1997-05-14,3.4102,3.4251,3.3579,3.3803,2005330.0
1997-05-15,3.3654,3.4325,3.343,3.4176,3380437.0
1997-05-16,3.4102,3.4325,3.3878,3.4251,3842778.0
1997-05-19,3.4102,3.4475,3.4027,3.4325,2039754.0
1997-05-20,3.4176,3.4699,3.3803,3.4549,2380552.0
1997-05-21,3.4475,3.4624,3.3505,3.3952,2780400.0
1997-05-22,3.4102,3.4102,3.3057,3.3355,2978735.0
1997-05-23,3.3206,3.4102,3.3206,3.3952,2156796.0
1997-05-27,3.4102,3.4624,3.4027,3.44,3871376.0
1997-05-28,3.44,3.4848,3.4325,3.4624,4861993.0
1997-05-29,3.4624,3.4699,3.4102,3.4251,2973704.0
1997-05-30,3.4102,3.5146,3.4027,3.4922,3287492.0
1997-06-02,3.4922,3.5221,3.4549,3.4848,2261922.0
1997-06-03,3.4699,3.5072,3.44,3.4773,2140908.0
1997-06-04,3.4475,3.4475,3.3952,3.4176,2132964.0
1997-06-05,3.4102,3.4176,3.3505,3.3579,2036047.0
1997-06-06,3.3579,3.5295,3.3505,3.5221,3511513.0
1997-06-09,3.5146,3.5146,3.44,3.4549,2927099.0
1997-06-10,3.4699,3.4773,3.4325,3.4549,7058774.0
1997-06-11,3.4624,3.4773,3.4251,3.4325,2480117.0
1997-06-12,3.44,3.537,3.4325,3.5221,2949342.0
1997-06-13,3.5445,3.6266,3.537,3.6191,4482534.0
1997-06-16,3.6042,3.6266,3.5892,3.6191,3529254.0
1997-06-17,3.6116,3.6639,3.5818,3.6415,5247012.0
1997-06-18,3.6116,3.6266,3.5892,3.5967,2482500.0
1997-06-19,3.5221,3.6266,3.5146,3.6191,3637822.0
1997-06-20,3.6415,3.6489,3.6042,3.6116,5538557.0
1997-06-23,3.5967,3.6116,3.5743,3.5743,2983502.0
1997-06-24,3.5743,3.6266,3.537,3.6266,3553086.0
1997-06-25,3.6042,3.6154,3.4624,3.5109,3442135.0
1997-06-26,3.496,3.5892,3.4848,3.5892,3687075.0
1997-06-27,3.5892,3.5967,3.5519,3.5781,3320062.0
1997-06-30,3.5781,3.6937,3.5594,3.6937,3132584.0
1997-07-01,3.6751,3.6751,3.634,3.634,2415506.0
1997-07-02,3.6415,3.6527,3.6154,3.6377,2652766.0
1997-07-03,3.6601,3.7012,3.6601,3.6788,1692602.0
1997-07-07,3.6974,3.7161,3.6751,3.7049,4423219.0
1997-07-08,3.6992,3.7256,3.6917,3.7256,2321237.0
1997-07-09,3.7331,3.7369,3.5824,3.6163,3290140.0
1997-07-10,3.6615,3.7294,3.6465,3.7294,2672362.0
1997-07-11,3.7068,3.7294,3.6465,3.6502,2370490.0
1997-07-14,3.6239,3.6465,3.5561,3.5636,3624318.0
1997-07-15,3.5523,3.5711,3.5259,3.541,3664567.0
1997-07-16,3.541,3.5787,3.5146,3.5259,2885261.0
1997-07-17,3.5071,3.5109,3.3753,3.4092,4461880.0
1997-07-18,3.4016,3.4431,3.3489,3.4016,6124559.0
1997-07-21,3.4205,3.4506,3.3941,3.4092,4300352.0
1997-07-22,3.4205,3.541,3.4205,3.541,3892560.0
1997-07-23,3.5787,3.59,3.541,3.5448,3935987.0
1997-07-24,3.541,3.541,3.4506,3.4845,4039524.0
1997-07-25,3.4845,3.5297,3.4807,3.5071,2661240.0
1997-07-28,3.4996,3.5636,3.4996,3.5598,1886700.0
1997-07-29,3.5598,3.5711,3.5297,3.5636,2129786.0
1997-07-30,3.5561,3.6239,3.5448,3.6126,2915713.0
1997-07-31,3.6088,3.6088,3.5335,3.5674,2573062.0
1997-08-01,3.5636,3.5787,3.4996,3.5184,3648679.0
1997-08-04,3.5259,3.5561,3.4883,3.541,3322975.0
1997-08-05,3.5448,3.5485,3.4883,3.4958,2274897.0
1997-08-06,3.4996,3.5561,3.4958,3.5109,2819061.0
1997-08-07,3.5146,3.5297,3.477,3.4958,2937426.0
1997-08-08,3.492,3.5071,3.4355,3.477,2829653.0
1997-08-11,3.5372,3.541,3.477,3.4958,3547790.0
1997-08-12,3.5222,3.5749,3.4883,3.5184,3105310.0
1997-08-13,3.5372,3.541,3.4318,3.4657,2712876.0
1997-08-14,3.5033,3.5146,3.4242,3.4544,2547906.0
1997-08-15,3.3941,3.4242,3.3602,3.3903,3082802.0
1997-08-18,3.4129,3.4205,3.3037,3.4054,3059499.0
1997-08-19,3.3941,3.4129,3.2999,3.364,2133758.0
1997-08-20,3.3602,3.3828,3.3414,3.3677,2871226.0
1997-08-21,3.3753,3.3941,3.3414,3.3715,2887644.0
1997-08-22,3.3564,3.3564,3.2472,3.3376,3384674.0
1997-08-25,3.3564,3.3866,3.2811,3.3074,2325738.0
1997-08-26,3.2961,3.3263,3.2773,3.2961,2799201.0
1997-08-27,3.3074,3.3527,3.2924,3.3414,2619402.0
1997-08-28,3.3414,3.3414,3.2735,3.2924,3300732.0
1997-08-29,3.2698,3.2961,3.2283,3.2773,2705726.0
1997-09-02,3.2698,3.364,3.2622,3.364,3799615.0
1997-09-03,3.4016,3.4544,3.3903,3.4016,4514840.0
1997-09-04,3.4016,3.4581,3.3979,3.4431,2434306.0
1997-09-05,3.5109,3.5109,3.4355,3.4355,3066649.0
1997-09-08,3.4619,3.492,3.428,3.4355,2384789.0
1997-09-09,3.4393,3.4732,3.428,3.4355,2357779.0
1997-09-10,3.4431,3.4581,3.4167,3.4242,2580476.0
1997-09-11,3.4318,3.4506,3.3866,3.4129,3294377.0
1997-09-12,3.428,3.477,3.4054,3.477,2852161.0
1997-09-15,3.4619,3.5071,3.4544,3.4694,2043462.0
1997-09-16,3.4958,3.6578,3.492,3.6389,5186108.0
1997-09-17,3.6201,3.6201,3.5448,3.5485,3073004.0
1997-09-18,3.5787,3.6126,3.5674,3.5862,3137086.0
1997-09-19,3.5937,3.6389,3.5711,3.6389,4851666.0
1997-09-22,3.6352,3.6842,3.6163,3.6163,2861164.0
1997-09-23,3.6239,3.6616,3.5937,3.654,2303495.0
1997-09-24,3.6691,3.6842,3.5749,3.6163,4512986.0
1997-09-25,3.6276,3.6427,3.5184,3.5335,2982707.0
1997-09-26,3.5184,3.5749,3.5184,3.5598,2350100.0
1997-09-29,3.5448,3.654,3.5259,3.6389,3098160.0
1997-09-30,3.6389,3.7068,3.6314,3.703,7478746.0
1997-10-01,3.7331,3.752,3.703,3.752,6550093.0
1997-10-02,3.7369,3.7444,3.6992,3.7143,3110076.0
1997-10-03,3.752,3.7896,3.7143,3.7633,5601579.0
1997-10-06,3.7746,3.8235,3.7557,3.816,2654620.0
1997-10-07,3.8235,3.9102,3.816,3.9026,3449285.0
1997-10-08,3.9045,3.9083,3.8171,3.8475,2504214.0
1997-10-09,3.8323,3.8779,3.7943,3.8551,3202226.0
1997-10-10,3.8399,3.9045,3.8209,3.8969,2911741.0
1997-10-13,3.8969,3.9007,3.8627,3.8779,2727440.0
1997-10-14,3.8931,3.9007,3.8551,3.8893,2168447.0
1997-10-15,3.8703,4.0072,3.8551,4.0072,5519226.0
1997-10-16,4.0148,4.0224,3.9273,3.9311,4763752.0
1997-10-17,3.9045,3.9425,3.8285,3.8969,3112459.0
1997-10-20,3.9045,3.9045,3.8589,3.8969,2966554.0
1997-10-21,3.8817,3.9615,3.8779,3.9539,2142497.0
1997-10-22,3.9501,3.9805,3.9121,3.9729,2657798.0
1997-10-23,3.9501,3.9577,3.9007,3.9235,2804232.0
1997-10-24,3.9653,4.03,3.8893,3.9577,4151534.0
1997-10-27,3.9425,4.0072,3.8399,3.8399,4936666.0
1997-10-28,3.7258,3.8855,3.6498,3.8703,6026848.0
1997-10-29,3.8665,3.9197,3.8133,3.8665,5860024.0
1997-10-30,3.8551,3.9007,3.8247,3.8855,3922482.0
1997-10-31,3.8855,3.8893,3.8209,3.8703,4192314.0
1997-11-03,3.8893,3.9501,3.8855,3.9501,3497743.0
1997-11-04,3.9501,3.9653,3.9159,3.9615,3118814.0
1997-11-05,3.9539,3.9843,3.8779,3.9235,2732206.0
1997-11-06,3.9083,3.9197,3.8399,3.8589,4233887.0
1997-11-07,3.8323,3.8931,3.8133,3.8817,3322975.0
1997-11-10,3.8931,3.9729,3.8931,3.9539,3218644.0
1997-11-11,3.9501,4.087,3.9311,4.087,5307916.0
1997-11-12,4.0718,4.125,4.0528,4.087,6360496.0
1997-11-13,4.0718,4.1706,4.0414,4.0984,4307502.0
1997-11-14,4.0528,4.1516,4.0528,4.1478,4259043.0
1997-11-17,4.1478,4.1972,4.1478,4.1896,2673421.0
1997-11-18,4.1744,4.2961,4.163,4.2505,4198139.0
1997-11-19,4.1896,4.2885,4.1782,4.2847,2980324.0
1997-11-20,4.3151,4.3949,4.3075,4.3911,3906594.0
1997-11-21,4.3379,4.3873,4.2809,4.3303,4439372.0
1997-11-24,4.2885,4.3189,4.2353,4.2467,2546317.0
1997-11-25,4.2581,4.3113,4.201,4.2163,3214937.0
1997-11-26,4.2239,4.4558,4.2239,4.4406,5633885.0
1997-11-28,4.4406,4.4406,4.414,4.4178,1315791.0
1997-12-01,4.4406,4.547,4.4254,4.528,5021402.0
1997-12-02,4.5432,4.5584,4.3721,4.4063,4168217.0
1997-12-03,4.414,4.5698,4.4063,4.5584,5459911.0
1997-12-04,4.547,4.5622,4.4292,4.4482,3678602.0
1997-12-05,4.414,4.4596,4.3493,4.3493,2934778.0
1997-12-08,4.3683,4.4102,4.3531,4.3987,2632906.0
1997-12-09,4.3873,4.4025,4.3607,4.3873,2927894.0
1997-12-10,4.3721,4.4006,4.3341,4.3759,2613841.0
1997-12-11,4.3417,4.3721,4.2315,4.2505,4195226.0
1997-12-12,4.3189,4.4178,4.2885,4.4178,5010546.0
1997-12-15,4.4444,4.5166,4.4406,4.4976,4555884.0
1997-12-16,4.4976,4.5166,4.4672,4.509,3151650.0
1997-12-17,4.5204,4.6193,4.5166,4.5622,4022312.0
1997-12-18,4.566,4.6193,4.5014,4.6193,3528725.0
1997-12-19,4.5546,4.6193,4.4862,4.6117,5209146.0
1997-12-22,4.5964,4.6231,4.5622,4.6231,3829008.0
1997-12-23,4.6231,4.6307,4.5014,4.509,3675159.0
1997-12-24,4.5242,4.528,4.4748,4.4748,1470170.0
1997-12-26,4.4748,4.4748,4.3797,4.3873,1222846.0
1997-12-29,4.4025,4.4824,4.4025,4.4672,2503684.0
1997-12-30,4.5014,4.5318,4.4406,4.5014,2132434.0
1997-12-31,4.4976,4.5204,4.452,4.4558,1958461.0
1998-01-02,4.5014,4.5736,4.4862,4.5584,5776877.0
1998-01-05,4.5014,4.5014,4.3569,4.4292,7817426.0
1998-01-06,4.414,4.4254,4.3835,4.4102,7700119.0
1998-01-07,4.4274,4.4734,4.3967,4.4734,5347371.0
1998-01-08,4.4159,4.4312,4.3699,4.4312,4890856.0
1998-01-09,4.4235,4.4695,4.3392,4.389,4336365.0
1998-01-12,4.3545,4.4542,4.3507,4.4542,4244744.0
1998-01-13,4.4772,4.4964,4.4504,4.4964,3496684.0
1998-01-14,4.5002,4.5155,4.4849,4.5155,3204080.0
1998-01-15,4.5155,4.5539,4.435,4.5347,3594395.0
1998-01-16,4.5539,4.596,4.5385,4.5539,3901034.0
1998-01-20,4.5845,4.6382,4.5462,4.6344,3699521.0
1998-01-21,4.6114,4.6114,4.527,4.6037,2425833.0
1998-01-22,4.5884,4.7187,4.5654,4.7187,3334891.0
1998-01-23,4.665,4.6813,4.5999,4.6382,3852046.0
1998-01-26,4.6305,4.6574,4.5615,4.6574,2832830.0
1998-01-27,4.688,4.8452,4.688,4.7724,5213382.0
1998-01-28,4.78,4.7839,4.7034,4.7225,4584482.0
1998-01-29,4.7225,4.8069,4.7187,4.7992,5394770.0
1998-01-30,4.803,4.8069,4.7609,4.7685,3849927.0
1998-02-02,4.78,4.8452,4.78,4.8222,4379792.0
1998-02-03,4.7992,4.8375,4.757,4.8184,3742683.0
1998-02-04,4.8068,4.8298,4.78,4.8145,2696988.0
1998-02-05,4.803,4.8222,4.6804,4.7187,3437634.0
1998-02-06,4.734,4.7762,4.7264,4.7647,2700166.0
1998-02-09,4.7685,4.7762,4.6804,4.7379,2203666.0
1998-02-10,4.7302,4.7685,4.7072,4.7455,3187927.0
1998-02-11,4.7379,4.7455,4.6535,4.6842,2687720.0
1998-02-12,4.6689,4.7187,4.596,4.6957,3650533.0
1998-02-13,4.6765,4.6919,4.6305,4.6919,2622314.0
1998-02-17,4.711,4.7762,4.6957,4.711,2498918.0
1998-02-18,4.6995,4.7609,4.6919,4.7609,2720820.0
1998-02-19,4.757,4.757,4.6995,4.7187,2203930.0
1998-02-20,4.7187,4.7225,4.6612,4.7149,2874139.0
1998-02-23,4.7225,4.7302,4.6305,4.6957,2132170.0
1998-02-24,4.6612,4.665,4.5577,4.6075,3561825.0
1998-02-25,4.6344,4.688,4.6305,4.6842,2111780.0
1998-02-26,4.6842,4.7034,4.6574,4.6804,2112045.0
1998-02-27,4.6612,4.6612,4.5884,4.6382,1880610.0
1998-03-02,4.6229,4.7302,4.6075,4.7187,3045200.0
1998-03-03,4.6919,4.7034,4.6574,4.6957,3358988.0
1998-03-04,4.6957,4.6957,4.6152,4.6535,2172419.0
1998-03-05,4.6229,4.6305,4.573,4.6075,2233853.0
1998-03-06,4.6114,4.7685,4.6075,4.7609,2907769.0
1998-03-09,4.7494,4.7877,4.7302,4.7762,2351954.0
1998-03-10,4.7685,4.7915,4.711,4.7417,1966670.0
1998-03-11,4.757,4.8375,4.7417,4.8145,2651972.0
1998-03-12,4.803,4.9103,4.7992,4.8682,2847659.0
1998-03-13,4.8682,4.9295,4.8682,4.8835,2367577.0
1998-03-16,4.9142,4.9832,4.9103,4.9755,2195986.0
1998-03-17,4.9448,4.9602,4.8988,4.918,2855338.0
1998-03-18,4.9027,5.0253,4.895,5.0177,3346542.0
1998-03-19,5.0292,5.1365,5.0215,5.1365,3449020.0
1998-03-20,5.1672,5.4202,5.0982,5.3818,6042206.0
1998-03-23,5.4048,5.5582,5.3972,5.5198,5897096.0
1998-03-24,5.5735,5.6732,5.5352,5.6425,4129026.0
1998-03-25,5.6425,5.7115,5.4585,5.4815,3825963.0
1998-03-26,5.4662,5.4738,5.2975,5.3282,4290422.0
1998-03-27,5.3742,5.3742,5.1978,5.3052,2735119.0
1998-03-30,5.3052,5.4125,5.2975,5.3052,2324944.0
1998-03-31,5.2898,5.4202,5.2898,5.3186,3158534.0
1998-04-01,5.2898,5.2975,5.2132,5.2745,2395910.0
1998-04-02,5.2668,5.3972,5.2362,5.3818,2479984.0
1998-04-03,5.3972,5.4432,5.3358,5.4278,3034873.0
1998-04-06,5.4892,5.5122,5.3588,5.3972,3261409.0
1998-04-07,5.3965,5.4197,5.2575,5.3116,2753523.0
1998-04-08,5.3116,5.3193,5.08,5.1186,2996874.0
1998-04-09,5.134,5.1726,5.0954,5.134,2508053.0
1998-04-13,5.0568,5.0645,4.887,4.9565,3622596.0
1998-04-14,4.9796,5.0028,4.9101,4.9565,3092599.0
1998-04-15,4.9719,4.9719,4.8715,4.9333,2108073.0
1998-04-16,4.9101,5.0337,4.8792,4.941,3162771.0
1998-04-17,4.9873,5.2112,4.9873,5.134,3109282.0
1998-04-20,5.1031,5.1109,4.9796,5.0491,2752861.0
1998-04-21,5.0414,5.1263,4.9719,5.0723,3367064.0
1998-04-22,5.0954,5.2344,5.08,5.1958,2801981.0
1998-04-23,5.1649,5.1803,5.0414,5.1263,3556132.0
1998-04-24,5.1572,5.1726,5.0105,5.0337,3400694.0
1998-04-27,4.9565,4.9719,4.8638,4.9487,2495343.0
1998-04-28,4.9564,4.9873,4.9101,4.9333,3768501.0
1998-04-29,5.0028,5.0105,4.9333,4.9796,1934232.0
1998-04-30,5.0645,5.1881,5.0337,5.1186,3865948.0
1998-05-01,5.1495,5.2035,5.1031,5.1881,3605517.0
1998-05-04,5.3733,5.3965,5.3193,5.327,4584085.0
1998-05-05,5.3193,5.3193,5.2344,5.2653,2962185.0
1998-05-06,5.2653,5.2807,5.2421,5.2807,2334742.0
1998-05-07,5.2807,5.2807,5.2267,5.2344,2979794.0
1998-05-08,5.2035,5.3116,5.1881,5.2344,2328651.0
1998-05-11,5.08,5.0954,4.7557,4.7943,13671359.0
1998-05-12,4.8638,4.887,4.8329,4.8715,9393250.0
1998-05-13,4.8792,4.8947,4.694,4.7017,8498888.0
1998-05-14,4.7403,4.7634,4.6399,4.6785,5400596.0
1998-05-15,4.6785,4.6785,4.5859,4.6168,5523331.0
1998-05-18,4.6168,4.7017,4.5936,4.694,5096870.0
1998-05-19,4.694,4.7248,4.6168,4.6399,4959439.0
1998-05-20,4.694,4.9024,4.6785,4.887,5557622.0
1998-05-21,4.9101,4.941,4.8715,4.9101,3698726.0
1998-05-22,4.9101,4.9642,4.802,4.8175,4283405.0
1998-05-26,4.8252,4.8406,4.7094,4.7094,3867934.0
1998-05-27,4.694,4.7326,4.6013,4.694,4211379.0
1998-05-28,4.7017,4.8406,4.6862,4.8175,4789040.0
1998-05-29,4.8252,4.8792,4.7326,4.802,2969335.0
1998-06-01,4.7712,4.8329,4.7712,4.8175,2594113.0
1998-06-02,4.8406,4.9487,4.8406,4.9487,3845955.0
1998-06-03,4.9178,4.9256,4.748,4.7866,2218494.0
1998-06-04,4.802,4.9024,4.7789,4.8484,2707315.0
1998-06-05,4.8561,5.0877,4.8484,5.0877,5185314.0
1998-06-08,5.0568,5.0568,4.9487,4.9565,3096704.0
1998-06-09,4.9564,5.0028,4.9178,4.941,2636349.0
1998-06-10,4.9256,4.9873,4.8561,4.9719,2915183.0
1998-06-11,4.941,4.941,4.8638,4.8947,2119062.0
1998-06-12,4.8252,5.0182,4.802,5.0182,3863035.0
1998-06-15,5.0028,5.0028,4.8175,4.8175,3684295.0
1998-06-16,4.8406,4.8792,4.7403,4.8329,3649076.0
1998-06-17,4.8561,4.9565,4.8561,4.9101,3774592.0
1998-06-18,4.8792,4.9256,4.802,4.887,3054071.0
1998-06-19,4.8175,5.0028,4.8175,4.9642,4363110.0
1998-06-22,4.941,4.9796,4.8947,4.9719,3573344.0
1998-06-23,5.0645,5.0954,5.0259,5.0954,3468218.0
1998-06-24,4.9719,4.9719,4.7943,4.9101,7230099.0
1998-06-25,4.941,5.0028,4.9256,4.9565,5200937.0
1998-06-26,5.0182,5.0337,4.9487,4.9796,2588288.0
1998-06-29,5.0182,5.0645,4.9024,4.9178,4336232.0
1998-06-30,4.8484,4.941,4.748,4.941,6026451.0
1998-07-01,4.8484,4.9178,4.8175,4.8947,4755411.0
1998-07-02,4.8715,4.941,4.8638,4.9256,2485280.0
1998-07-06,4.9101,4.9951,4.9024,4.9487,1995665.0
1998-07-07,4.941,4.9564,4.9024,4.9178,4045482.0
1998-07-08,4.9016,4.9327,4.8938,4.9172,2999919.0
1998-07-09,4.9094,4.9327,4.8938,4.9094,2584448.0
1998-07-10,4.9094,5.0105,4.9016,4.995,3304307.0
1998-07-13,4.9794,4.9872,4.9016,4.9561,3091805.0
1998-07-14,4.9794,4.995,4.925,4.9483,3906065.0
1998-07-15,4.9561,4.9639,4.8472,4.9327,5386429.0
1998-07-16,4.9483,5.0961,4.9405,5.0728,5489039.0
1998-07-17,5.1039,5.1584,5.0417,5.0728,4403094.0
1998-07-20,5.0806,5.1039,5.0417,5.0961,2142100.0
1998-07-21,5.1039,5.1973,5.0884,5.1895,3748641.0
1998-07-22,5.1662,5.3218,5.1506,5.2751,4091690.0
1998-07-23,5.2906,5.2906,5.1428,5.1506,4373834.0
1998-07-24,5.135,5.3218,5.135,5.2517,2872418.0
1998-07-27,5.2906,5.3607,5.1662,5.1817,3896400.0
1998-07-28,5.1506,5.244,5.0261,5.0884,3151252.0
1998-07-29,5.1662,5.1817,5.1039,5.1662,2205254.0
1998-07-30,5.1973,5.2517,5.1739,5.1895,2026647.0
1998-07-31,5.1895,5.1895,5.0728,5.0961,2476145.0
1998-08-03,5.0339,5.1506,5.0183,5.1506,2663623.0
1998-08-04,5.2051,5.2051,4.925,4.9639,4575612.0
1998-08-05,4.8549,4.925,4.7927,4.9016,4104135.0
1998-08-06,4.925,5.0961,4.925,4.9794,4114860.0
1998-08-07,4.9483,4.9794,4.8472,4.8627,2995020.0
1998-08-10,4.8938,4.9016,4.8238,4.8316,2935308.0
1998-08-11,4.8549,4.8783,4.7305,4.8005,3383879.0
1998-08-12,4.7694,4.8549,4.746,4.8316,2649059.0
1998-08-13,4.7927,4.925,4.7927,4.9172,2239016.0
1998-08-14,4.8705,4.9172,4.7849,4.8394,2916110.0
1998-08-17,4.7771,5.0105,4.7771,5.0105,2877582.0
1998-08-18,4.9483,5.0417,4.925,4.9872,2200488.0
1998-08-19,5.0105,5.0183,4.9327,4.9794,2506332.0
1998-08-20,4.9794,5.0806,4.9794,5.0028,1674198.0
1998-08-21,4.9327,5.0183,4.8238,4.995,3134702.0
1998-08-24,5.0261,5.135,5.0261,5.0417,2361354.0
1998-08-25,5.1039,5.1817,4.9405,4.9794,3346675.0
1998-08-26,4.9483,5.0339,4.925,5.0183,3585524.0
1998-08-27,4.9483,5.0495,4.7771,4.7927,3668407.0
1998-08-28,4.7771,5.0261,4.7616,4.9327,4795660.0
1998-08-31,4.9639,5.0183,4.7149,4.7382,4436062.0
1998-09-01,4.7305,4.8627,4.357,4.8472,5181606.0
1998-09-02,4.8238,4.8316,4.606,4.6293,3438031.0
1998-09-03,4.5748,4.6371,4.4815,4.6215,3804117.0
1998-09-04,4.6138,4.7227,4.5748,4.676,3046259.0
1998-09-08,4.6682,4.8394,4.5204,4.8238,2917302.0
1998-09-09,4.8705,4.9483,4.7927,4.816,2353410.0
1998-09-10,4.7305,4.7927,4.6604,4.7227,2386378.0
1998-09-11,4.606,4.9794,4.5593,4.9794,2987209.0
1998-09-14,4.995,5.065,4.9716,5.0261,3172569.0
1998-09-15,5.0417,5.0884,5.0028,5.0261,2614106.0
1998-09-16,4.9794,5.0494,4.8861,5.0339,2853617.0
1998-09-17,4.9639,4.9794,4.8549,4.8783,2142497.0
1998-09-18,4.9716,5.1584,4.8666,5.1584,4649491.0
1998-09-21,5.0961,5.1273,5.0417,5.1039,3040698.0
1998-09-22,5.1039,5.135,5.0417,5.0961,2636481.0
1998-09-23,5.1195,5.2906,5.1117,5.2906,3149266.0
1998-09-24,5.2595,5.3451,5.135,5.2284,3384144.0
1998-09-25,5.1895,5.3684,5.1662,5.1973,3294509.0
1998-09-28,5.1195,5.4307,5.1117,5.3684,4335703.0
1998-09-29,5.3762,5.5085,5.3373,5.4852,4883309.0
1998-09-30,5.4229,5.5863,5.4073,5.5241,5453953.0
1998-10-01,5.4929,5.6485,5.4307,5.6408,7359454.0
1998-10-02,5.6485,5.8586,5.6019,5.7886,6531689.0
1998-10-05,5.7575,6.0531,5.7497,6.0064,6395979.0
1998-10-06,5.9131,6.1154,5.843,5.8897,6013211.0
1998-10-07,5.8891,6.0065,5.8421,6.0065,5337971.0
1998-10-08,5.9047,5.983,5.8186,5.9595,8283209.0
1998-10-09,5.9204,5.9282,5.5523,5.5601,5812890.0
1998-10-12,5.4662,5.6071,5.1529,5.2077,5760592.0
1998-10-13,5.3722,5.3879,5.2077,5.3722,6573528.0
1998-10-14,5.38,5.4818,5.3252,5.4349,4391443.0
1998-10-15,5.38,5.6854,5.3644,5.5836,4843457.0
1998-10-16,5.5993,5.6071,5.2626,5.3722,5811830.0
1998-10-19,5.3252,5.3722,5.2156,5.2861,2980192.0
1998-10-20,5.4035,5.4583,5.3252,5.3722,4572699.0
1998-10-21,5.4427,5.4583,5.3017,5.3879,3467291.0
1998-10-22,5.3879,5.4192,5.333,5.4192,3129936.0
1998-10-23,5.427,5.521,5.2782,5.3174,4313857.0
1998-10-26,5.4192,5.6854,5.4114,5.5993,10270798.0
1998-10-27,5.6306,5.7481,5.5758,5.7168,7624254.0
1998-10-28,5.7246,5.7559,5.5993,5.6071,4753028.0
1998-10-29,5.6071,5.6698,5.568,5.6698,4048660.0
1998-10-30,5.7324,5.8029,5.7168,5.8029,4618642.0
1998-11-02,5.8264,5.8421,5.7168,5.7716,4002452.0
1998-11-03,5.8656,6.0065,5.8107,6.0065,4859610.0
1998-11-04,6.0065,6.0457,5.8029,5.9126,4592426.0
1998-11-05,5.9282,6.0692,5.8656,6.0222,4881456.0
1998-11-06,6.0144,6.0927,5.983,6.0613,3290405.0
1998-11-09,6.0535,6.0692,5.9674,5.9674,2874007.0
1998-11-10,5.936,6.0692,5.9204,6.0222,2959405.0
1998-11-11,6.0222,6.0613,5.9674,6.0457,2776560.0
1998-11-12,6.0692,6.0692,5.8969,5.9595,4165039.0
1998-11-13,5.9517,6.0144,5.8734,5.8891,3333435.0
1998-11-16,5.8969,6.0144,5.8969,5.9987,3018058.0
1998-11-17,6.03,6.1866,6.0222,6.171,4566741.0
1998-11-18,6.1083,6.1083,6.0144,6.0613,4357549.0
1998-11-19,6.0613,6.1788,6.0535,6.1788,2680438.0
1998-11-20,6.2336,6.2415,6.1553,6.2415,3206066.0
1998-11-23,6.2571,6.3119,6.171,6.3119,3963659.0
1998-11-24,6.3119,6.3198,6.2552,6.3119,3819608.0
1998-11-25,6.2963,6.3903,6.265,6.3119,3319930.0
1998-11-27,6.2493,6.2885,6.2415,6.265,1215829.0
1998-11-30,6.218,6.2493,5.9752,6.0065,2613841.0
1998-12-01,6.0457,6.1005,5.9439,6.0379,3176144.0
1998-12-02,5.9987,6.03,5.9204,6.0065,2605764.0
1998-12-03,6.0065,6.124,5.9909,6.0535,3859592.0
1998-12-04,6.077,6.3276,6.077,6.2806,3513499.0
1998-12-07,6.2493,6.3198,6.1945,6.3119,2652634.0
1998-12-08,6.2728,6.3041,6.171,6.2023,3630938.0
1998-12-09,6.2023,6.218,6.03,6.1397,2282311.0
1998-12-10,6.1553,6.3041,6.1553,6.218,2693148.0
1998-12-11,6.2728,6.3119,6.1397,6.2415,3076579.0
1998-12-14,6.1945,6.2336,5.9517,6.03,2836670.0
1998-12-15,6.0457,6.2023,6.0065,6.171,2619402.0
1998-12-16,6.1866,6.2571,6.124,6.218,2542477.0
1998-12-17,6.2884,6.3903,6.1553,6.1632,4634662.0
1998-12-18,6.1553,6.2806,6.1162,6.265,4412627.0
1998-12-21,6.2101,6.6722,6.2101,6.6722,3335024.0
1998-12-22,6.6409,6.6409,6.4372,6.4999,3385071.0
1998-12-23,6.4764,6.6095,6.3903,6.6095,2617018.0
1998-12-24,6.5939,6.6878,6.586,6.6252,1052845.0
1998-12-28,6.6095,6.7192,6.586,6.7192,2219024.0
1998-12-29,6.6878,6.8288,6.6565,6.7818,2313955.0
1998-12-30,6.8131,6.8758,6.6643,6.7035,2649456.0
1998-12-31,6.6409,6.7427,6.5625,6.7192,2554393.0
1999-01-04,6.6252,6.8131,6.4764,6.5939,4541982.0
1999-01-05,6.5625,6.6487,6.5547,6.5939,3722823.0
1999-01-06,6.609,6.8059,6.5932,6.8059,4244744.0
1999-01-07,7.2155,7.2155,7.0028,7.0422,5794221.0
1999-01-08,7.0737,7.2706,7.0343,7.2706,4254012.0
1999-01-11,7.2549,7.2628,6.7586,6.9477,4834586.0
1999-01-12,6.9319,6.9871,6.7744,6.7744,3805044.0
1999-01-13,6.6798,7.0658,6.672,6.8374,4279698.0
1999-01-14,6.7586,6.9004,6.7429,6.8374,4254277.0
1999-01-15,6.9004,7.0501,6.8374,7.0501,3609621.0
1999-01-19,7.121,7.4676,7.058,7.4361,5260120.0
1999-01-20,7.5542,7.5542,7.3494,7.373,4818698.0
1999-01-21,7.4361,7.4361,7.0737,7.2076,5431048.0
1999-01-22,7.0895,7.184,7.0186,7.1367,6274568.0
1999-01-25,7.1367,7.1761,6.8374,6.8453,6520303.0
1999-01-26,6.8138,6.9319,6.4435,6.8059,8019203.0
1999-01-27,6.8374,6.861,6.7744,6.7901,5198024.0
1999-01-28,6.7586,6.8925,6.7586,6.8138,4356754.0
1999-01-29,6.8059,6.924,6.6405,6.8059,3768369.0
1999-02-01,6.8138,6.8138,6.5932,6.6247,3326947.0
1999-02-02,6.5932,6.6011,6.3884,6.5459,3878128.0
1999-02-03,6.5381,6.5932,6.4357,6.4829,3728384.0
1999-02-04,6.4593,6.4829,6.3096,6.3963,3531638.0
1999-02-05,6.3963,6.4593,6.3805,6.4199,4173116.0
1999-02-08,6.5144,6.5144,6.3884,6.475,4468103.0
1999-02-09,6.4593,6.6405,6.4514,6.5696,4703510.0
1999-02-10,6.5932,6.6326,6.5223,6.5538,4458702.0
1999-02-11,6.5459,6.6326,6.5065,6.5853,2764512.0
1999-02-12,6.5932,6.6326,6.349,6.4041,2183541.0
1999-02-16,6.4041,6.4514,6.3411,6.412,3623126.0
1999-02-17,6.4357,6.6405,6.412,6.4278,4819757.0
1999-02-18,6.4908,6.6247,6.4357,6.6011,2699239.0
1999-02-19,6.4908,6.6168,6.4041,6.5144,3900901.0
1999-02-22,6.5223,6.924,6.5223,6.8768,3459744.0
1999-02-23,6.9319,6.9319,6.5459,6.5774,4335306.0
1999-02-24,6.6247,6.8374,6.6168,6.8059,3767574.0
1999-02-25,6.735,6.735,6.4829,6.6326,3972530.0
1999-02-26,6.6247,6.6877,6.4987,6.6641,3210832.0
1999-03-01,6.6483,6.6483,6.4672,6.5459,2995815.0
1999-03-02,6.5617,6.5696,6.2545,6.5381,3519854.0
1999-03-03,6.2781,6.3254,6.1521,6.1836,4070770.0
1999-03-04,6.2072,6.3333,6.1836,6.223,4749453.0
1999-03-05,6.3963,6.5538,6.3648,6.5302,4596663.0
1999-03-08,6.5853,6.5853,6.412,6.4672,3291596.0
1999-03-09,6.475,6.6798,6.4357,6.5538,3829670.0
1999-03-10,6.5381,6.5459,6.3963,6.5144,2282311.0
1999-03-11,6.4987,6.7192,6.4987,6.7192,2729029.0
1999-03-12,6.8059,6.8138,6.5853,6.6877,3177732.0
1999-03-15,6.6877,6.7822,6.6641,6.7035,2798804.0
1999-03-16,6.672,6.7744,6.6168,6.7271,2630656.0
1999-03-17,6.672,6.672,6.4593,6.475,3277165.0
1999-03-18,6.5065,6.6011,6.4908,6.5696,2974763.0
1999-03-19,6.5617,6.6168,6.3726,6.4278,5159496.0
1999-03-22,6.4357,6.5065,6.3332,6.3569,2521161.0
1999-03-23,6.3884,6.3884,6.0418,6.1206,3730105.0
1999-03-24,6.1915,6.2702,6.0339,6.2545,4702451.0
1999-03-25,6.2466,6.2466,6.1284,6.1284,3527930.0
1999-03-26,6.1363,6.1363,5.9709,5.9867,3640338.0
1999-03-29,6.0575,6.1127,6.0418,6.0891,4004306.0
1999-03-30,6.0024,6.0339,5.8055,5.8606,5708956.0
1999-03-31,5.9551,6.1206,5.9394,5.9473,6191818.0
1999-04-01,6.0969,6.2702,6.0497,6.2702,5594827.0
1999-04-05,6.2387,6.4278,6.1757,6.4041,4979696.0
1999-04-06,6.4041,6.4199,6.2939,6.3805,4205818.0
1999-04-07,6.4132,6.6193,6.3815,6.6193,4699406.0
1999-04-08,6.5956,6.762,6.5718,6.7224,5049868.0
1999-04-09,6.6907,6.6986,6.5638,6.5876,4582099.0
1999-04-12,6.5321,6.8889,6.5321,6.8413,4052234.0
1999-04-13,6.8175,6.8334,6.5797,6.6193,2936367.0
1999-04-14,6.6431,6.6431,6.4687,6.5321,5162408.0
1999-04-15,6.5004,6.5638,6.4211,6.4687,3099087.0
1999-04-16,6.4687,6.6431,6.4687,6.6193,3938106.0
1999-04-19,6.651,6.9126,6.6273,6.7145,5243834.0
1999-04-20,6.7224,6.9285,6.7224,6.9285,7048446.0
1999-04-21,6.9285,7.2218,6.8889,7.2218,8098511.0
1999-04-22,7.2218,7.2218,6.9919,7.1901,5623293.0
1999-04-23,7.1663,7.1663,7.0157,7.0474,4273872.0
1999-04-26,7.0395,7.1029,6.9444,6.9523,2885923.0
1999-04-27,6.984,7.0395,6.9285,6.984,3803852.0
1999-04-28,6.9919,7.0791,6.9523,7.0395,3333700.0
1999-04-29,7.095,7.2297,7.0236,7.0712,4105856.0
1999-04-30,7.0871,7.206,6.9444,7.0712,5241848.0
1999-05-03,7.0712,7.0791,6.9126,6.9444,4026019.0
1999-05-04,6.9681,6.9761,6.8254,6.9206,4228194.0
1999-05-05,6.9285,6.9998,6.8809,6.9364,3019514.0
1999-05-06,6.8334,6.9047,6.651,6.7858,3063471.0
1999-05-07,6.8096,6.8889,6.7858,6.873,3230163.0
1999-05-10,6.8651,6.8651,6.6114,6.7145,2247490.0
1999-05-11,6.7224,6.7303,6.5638,6.6907,3404136.0
1999-05-12,6.6114,6.8572,6.5321,6.762,4289098.0
1999-05-13,6.7541,6.8096,6.7065,6.7462,3078168.0
1999-05-14,6.5797,6.7303,6.5321,6.7303,3207787.0
1999-05-17,6.7462,6.7462,6.5242,6.6273,2916375.0
1999-05-18,6.5956,6.6035,6.3419,6.4291,4156698.0
1999-05-19,6.4925,6.5718,6.4766,6.5004,2995550.0
1999-05-20,6.5084,6.651,6.5084,6.5956,2907901.0
1999-05-21,6.5956,6.5956,6.3736,6.3974,2342156.0
1999-05-24,6.4766,6.5638,6.437,6.4608,3043082.0
1999-05-25,6.5163,6.7224,6.4053,6.4053,3773400.0
1999-05-26,6.4846,6.7303,6.4766,6.5797,3703758.0
1999-05-27,6.5321,6.6035,6.3736,6.3736,3444651.0
1999-05-28,6.3577,6.548,6.3577,6.4846,3016204.0
1999-06-01,6.5163,6.5797,6.3419,6.5797,3147413.0
1999-06-02,6.5956,6.6669,6.5401,6.5638,2898633.0
1999-06-03,6.6035,6.6114,6.437,6.5718,2376712.0
1999-06-04,6.6035,6.8096,6.5797,6.8096,3814709.0
1999-06-07,6.8096,6.8492,6.7541,6.8492,2266026.0
1999-06-08,6.8492,6.9761,6.8492,6.9761,3947638.0
1999-06-09,6.984,7.0316,6.9523,6.984,2787417.0
1999-06-10,6.9444,6.9761,6.8254,6.9761,3766250.0
1999-06-11,6.9602,6.9602,6.7779,6.8492,3533624.0
1999-06-14,6.873,6.9444,6.8492,6.9285,5307519.0
1999-06-15,6.9126,6.9681,6.9126,6.9523,4060046.0
1999-06-16,6.9602,6.9681,6.9206,6.9602,2683748.0
1999-06-17,6.9285,6.984,6.8889,6.9761,3895605.0
1999-06-18,6.9761,7.0157,6.9364,6.9998,6195128.0
1999-06-21,6.9761,6.984,6.8572,6.984,2671700.0
1999-06-22,6.9761,6.9919,6.8334,6.873,2961920.0
1999-06-23,6.8968,6.9206,6.7224,6.7541,3287757.0
1999-06-24,6.7541,6.7541,6.4687,6.5638,5522536.0
1999-06-25,6.5638,6.659,6.5638,6.651,3304704.0
1999-06-28,6.7462,6.8254,6.7303,6.8254,3868463.0
1999-06-29,6.8254,6.9126,6.6986,6.9126,6306477.0
1999-06-30,6.9761,7.3566,6.9364,7.3566,8801290.0
1999-07-01,7.2932,7.2932,7.0395,7.1188,5013591.0
1999-07-02,7.1108,7.1188,6.9999,7.1188,3282328.0
1999-07-06,7.0712,7.198,7.0712,7.0712,3530578.0
1999-07-07,7.0963,7.2478,7.0883,7.2478,2828461.0
1999-07-08,7.2079,7.3195,7.176,7.192,3211494.0
1999-07-09,7.1999,7.1999,7.0405,7.1999,4292540.0
1999-07-12,7.176,7.176,7.0485,7.1202,3042287.0
1999-07-13,7.0883,7.1202,7.0006,7.0245,2112442.0
1999-07-14,7.0724,7.0724,6.9767,7.0006,3993449.0
1999-07-15,7.0644,7.2717,7.0485,7.2717,3928838.0
1999-07-16,7.3036,7.5906,7.2717,7.5508,4369465.0
1999-07-19,7.5428,7.5428,7.2398,7.2797,4957188.0
1999-07-20,7.3116,7.487,7.2877,7.4152,5961707.0
1999-07-21,7.4152,7.5189,7.3833,7.4152,6312700.0
1999-07-22,7.3993,7.3993,7.176,7.3514,5202790.0
1999-07-23,7.3275,7.3514,7.2478,7.3116,3225264.0
1999-07-26,7.2877,7.4073,7.2558,7.2956,4363110.0
1999-07-27,7.3514,7.479,7.3036,7.4232,3750627.0
1999-07-28,7.3913,7.3993,7.3116,7.3275,3467953.0
1999-07-29,7.2797,7.2797,7.1122,7.1999,4261691.0
1999-07-30,7.2,7.3116,7.1202,7.2877,4677295.0
1999-08-02,7.3036,7.6146,7.3036,7.5109,4578392.0
1999-08-03,7.5109,7.6385,7.3674,7.4152,4793410.0
1999-08-04,7.3833,7.4471,7.2637,7.2717,4157095.0
1999-08-05,7.2558,7.3754,7.184,7.3514,4691726.0
1999-08-06,7.3355,7.3674,7.2717,7.3674,3976104.0
1999-08-09,7.3116,7.4232,7.3116,7.3594,2879038.0
1999-08-10,7.3435,7.3913,7.0405,7.1282,3958628.0
1999-08-11,7.1441,7.2079,7.0405,7.0803,3206596.0
1999-08-12,7.0963,7.1043,7.0245,7.0245,3092070.0
1999-08-13,7.0485,7.192,7.0325,7.1441,3748774.0
1999-08-16,7.1282,7.1282,6.9607,7.0166,3048510.0
1999-08-17,7.0963,7.1681,7.0883,7.1601,3314766.0
1999-08-18,7.1521,7.1521,6.9448,6.9767,3272928.0
1999-08-19,6.7614,6.8571,6.6817,6.7694,4305251.0
1999-08-20,6.8092,6.8332,6.586,6.6179,3849000.0
1999-08-23,6.6019,6.6418,6.4265,6.5063,6528909.0
1999-08-24,6.4504,6.578,6.4425,6.5063,3800012.0
1999-08-25,6.5382,6.7056,6.5382,6.6498,4662069.0
1999-08-26,6.6259,6.6897,6.5541,6.5701,4433944.0
1999-08-27,6.578,6.594,6.4265,6.4903,5105609.0
1999-08-30,6.4504,6.5142,6.3827,6.3946,2876787.0
1999-08-31,6.3946,6.3946,6.0598,6.1315,4510206.0
1999-09-01,6.1235,6.3787,6.0996,6.3468,3399635.0
1999-09-02,6.3308,6.3308,6.0677,6.0996,4790629.0
1999-09-03,6.1315,6.2671,6.1315,6.1873,4979299.0
1999-09-07,6.269,6.285,6.1566,6.1887,3738182.0
1999-09-08,6.1164,6.1325,5.9077,5.988,5578409.0
1999-09-09,5.98,6.1004,5.8275,6.1004,5049604.0
1999-09-10,6.1646,6.1646,6.0041,6.1004,3609886.0
1999-09-13,6.1004,6.2449,6.0763,6.2449,2331034.0
1999-09-14,6.1807,6.3091,6.1325,6.293,2583389.0
1999-09-15,6.3733,6.4054,6.1646,6.1967,5317052.0
1999-09-16,6.1726,6.2288,6.0201,6.2208,3441076.0
1999-09-17,6.2449,6.4536,6.2047,6.4215,5529686.0
1999-09-20,6.3733,6.4696,6.3733,6.3974,2473232.0
1999-09-21,6.3091,6.3733,6.2047,6.2208,3080948.0
1999-09-22,6.2288,6.4937,6.1967,6.3011,3745066.0
1999-09-23,6.3572,6.4616,6.2288,6.2368,3731297.0
1999-09-24,6.2288,6.3251,6.0763,6.293,4592426.0
1999-09-27,6.3733,6.5659,6.3492,6.5178,5163600.0
1999-09-28,6.5419,6.8308,6.4777,6.7987,7008859.0
1999-09-29,6.8148,6.9031,6.4134,6.4215,5243570.0
1999-09-30,6.5338,6.6141,6.5258,6.5579,5035172.0
1999-10-01,6.5659,6.6061,6.4857,6.582,4919852.0
1999-10-04,6.5499,6.6863,6.5419,6.6783,2200488.0
1999-10-05,6.6783,6.6944,6.4134,6.5419,2797347.0
1999-10-06,6.5499,6.6703,6.5338,6.6542,4683253.0
1999-10-07,6.6302,6.6382,6.4616,6.4937,3682176.0
1999-10-08,6.5419,6.7586,6.5258,6.6783,3502774.0
1999-10-11,6.7104,6.8067,6.6382,6.7506,4185296.0
1999-10-12,6.7425,6.7425,6.3492,6.3974,5888622.0
1999-10-13,6.3653,6.7104,6.3332,6.6783,10398696.0
1999-10-14,6.6783,6.6783,6.4857,6.5981,6302637.0
1999-10-15,6.5499,6.5579,6.2208,6.2529,6726979.0
1999-10-18,6.3251,6.3251,5.9559,6.2208,10333555.0
1999-10-19,6.3974,6.3974,5.9158,5.972,7401954.0
1999-10-20,6.0362,6.0763,5.9399,5.9639,6967682.0
1999-10-21,5.8516,5.9318,5.6669,5.7873,5938670.0
1999-10-22,5.8997,5.972,5.7312,5.8997,5905834.0
1999-10-25,6.0201,6.0201,5.6589,5.683,8830286.0
1999-10-26,6.0362,6.0362,5.8516,5.8516,14188514.0
1999-10-27,6.0041,6.2529,5.9559,6.1887,11007206.0
1999-10-28,6.5178,6.7506,6.4054,6.7024,12012520.0
1999-10-29,6.7987,6.9352,6.5338,6.7746,11854302.0
1999-11-01,6.6783,6.8067,6.59,6.8067,7924802.0
1999-11-02,6.8068,6.8068,6.4857,6.5178,9343600.0
1999-11-03,6.5178,6.5659,6.3733,6.4937,10124760.0
1999-11-04,6.4616,6.5659,6.3572,6.5659,7206135.0
1999-11-05,6.5499,6.6061,6.4857,6.582,6377311.0
1999-11-08,6.5017,6.6382,6.5017,6.5499,4621554.0
1999-11-09,6.574,6.59,6.5178,6.5258,4961955.0
1999-11-10,6.5178,6.5981,6.4777,6.5338,7680789.0
1999-11-11,6.5579,6.5981,6.5098,6.5659,6320776.0
1999-11-12,6.6061,6.6542,6.5178,6.5579,4995452.0
1999-11-15,6.5419,6.59,6.4536,6.5419,4711189.0
1999-11-16,6.5419,6.5579,6.4054,6.5098,8199532.0
1999-11-17,6.4937,6.7345,6.4857,6.6302,6824690.0
1999-11-18,6.6623,6.6783,6.5017,6.594,7035339.0
1999-11-19,6.4215,6.6703,6.4215,6.6141,6987410.0
1999-11-22,6.6061,6.7185,6.4696,6.5981,8047272.0
1999-11-23,6.59,6.6382,6.5178,6.5579,6236702.0
1999-11-24,6.6783,6.6783,6.5178,6.5419,6043398.0
1999-11-26,6.5499,6.7907,6.5419,6.6783,3530181.0
1999-11-29,6.6783,6.7104,6.6061,6.6783,6870898.0
1999-11-30,6.6863,6.9191,6.6462,6.7606,9906433.0
1999-12-01,6.6863,6.7746,6.6221,6.6944,6739028.0
1999-12-02,6.6623,6.7586,6.5499,6.6221,5152346.0
1999-12-03,6.7907,6.9272,6.7265,6.871,6931272.0
1999-12-06,6.9191,6.9352,6.7506,6.8148,4715161.0
1999-12-07,6.8067,7.1278,6.7024,7.0556,10924456.0
1999-12-08,6.9432,7.0074,6.879,6.9432,6075836.0
1999-12-09,6.9593,7.0556,6.887,6.9352,6235775.0
1999-12-10,6.9593,6.9753,6.8148,6.871,4199198.0
1999-12-13,6.7987,6.8469,6.6302,6.8469,5824673.0
1999-12-14,6.8068,6.9833,6.7185,6.8389,7250754.0
1999-12-15,6.871,6.879,6.6623,6.6863,6809332.0
1999-12-16,6.6542,6.6783,6.5178,6.6141,10196389.0
1999-12-17,6.5659,6.6382,6.5419,6.5981,11454056.0
1999-12-20,6.5499,6.582,6.4215,6.4937,7353496.0
1999-12-21,6.4295,6.5579,6.4295,6.4857,5998912.0
1999-12-22,6.5178,6.582,6.4295,6.4536,5761783.0
1999-12-23,6.5178,6.5659,6.4696,6.5258,3864094.0
1999-12-27,6.5258,6.5499,6.2288,6.285,6304623.0
1999-12-28,6.3813,6.4134,6.285,6.3251,3894414.0
1999-12-29,6.3412,6.3733,6.0843,6.1004,4714367.0
1999-12-30,6.1646,6.2288,6.1004,6.1245,4140148.0
1999-12-31,6.1726,6.293,6.1646,6.2609,2676863.0
2000-01-03,6.2368,6.293,5.988,6.0362,7668476.0
2000-01-04,6.0442,6.1325,5.5867,5.683,9497846.0
2000-01-05,5.7793,5.8114,5.7071,5.7713,12035160.0
2000-01-06,5.7646,5.8212,5.5786,5.6595,9471366.0
2000-01-07,5.7646,5.7888,5.611,5.708,7792534.0
2000-01-10,5.7888,5.8212,5.7241,5.7888,9425159.0
2000-01-11,5.7807,5.8131,5.6675,5.708,8569987.0
2000-01-12,5.6271,5.6352,5.3684,5.4088,11810080.0
2000-01-13,5.4816,5.5544,5.2714,5.2795,10923000.0
2000-01-14,5.3361,5.4331,5.1744,5.4331,13092109.0
2000-01-18,5.4493,5.5705,5.2876,5.3199,13007638.0
2000-01-19,5.3037,5.3037,5.1744,5.2471,13521085.0
2000-01-20,5.2795,5.3765,5.1825,5.3037,13346450.0
2000-01-21,5.5463,5.611,5.4331,5.5624,21118330.0
2000-01-24,5.619,5.6271,5.2956,5.4331,13214050.0
2000-01-25,5.3037,5.3199,4.9884,5.1744,21108664.0
2000-01-26,5.239,5.239,5.1339,5.1744,10144620.0
2000-01-27,5.1825,5.2148,5.045,5.045,9162212.0
2000-01-28,5.0854,5.231,5.045,5.0773,11453394.0
2000-01-31,5.1097,5.6271,5.0531,5.5463,14902017.0
2000-02-01,5.5624,5.5624,5.4007,5.4816,11849270.0
2000-02-02,5.5624,5.5786,5.4978,5.4978,8837832.0
2000-02-03,5.5624,5.5867,5.3442,5.4331,10199831.0
2000-02-04,5.4331,5.4816,5.3765,5.4331,8967452.0
2000-02-07,5.3522,5.4735,5.3118,5.4169,7685158.0
2000-02-08,5.4978,5.5624,5.4331,5.4412,7506815.0
2000-02-09,5.4735,5.5382,5.4331,5.5139,9015778.0
2000-02-10,5.4816,5.4897,5.425,5.4493,6820189.0
2000-02-11,5.4331,5.4412,5.142,5.231,7382227.0
2000-02-14,5.1097,5.3684,5.1016,5.2876,11199848.0
2000-02-15,5.1744,5.3037,5.1178,5.2633,10846076.0
2000-02-16,5.2229,5.2633,5.0127,5.0531,11221032.0
2000-02-17,5.0369,5.1744,4.9157,5.1744,12278246.0
2000-02-18,4.9237,4.948,4.6569,4.948,18433258.0
2000-02-22,4.8186,4.8267,4.6003,4.7216,18610144.0
2000-02-23,4.6569,4.7216,4.5033,4.6246,17048221.0
2000-02-24,4.5842,4.6408,4.5033,4.5922,17063712.0
2000-02-25,4.6569,4.7459,4.5195,4.5842,15037198.0
2000-02-28,4.6246,4.851,4.6246,4.7863,14914728.0
2000-02-29,4.8105,4.9318,4.8025,4.8833,11358596.0
2000-03-01,5.1825,5.4331,5.142,5.4331,20222246.0
2000-03-02,5.5624,5.9505,5.5382,5.8535,19829813.0
2000-03-03,5.8858,5.9505,5.7161,5.8939,11771287.0
2000-03-06,5.7646,5.7646,5.5301,5.611,8518881.0
2000-03-07,5.6352,5.7565,5.4169,5.4169,9067944.0
2000-03-08,5.4169,5.4412,5.3522,5.3846,9005318.0
2000-03-09,5.3522,5.3846,5.2552,5.3765,7905207.0
2000-03-10,5.3765,5.4978,5.3603,5.4331,9810708.0
2000-03-13,5.3361,5.6918,5.3118,5.6514,8576607.0
2000-03-14,5.6595,5.6595,5.4331,5.4493,8785137.0
2000-03-15,5.5139,5.5624,5.4735,5.4978,9315134.0
2000-03-16,5.6837,5.8858,5.5544,5.8373,12592696.0
2000-03-17,5.8697,6.0556,5.8373,5.9182,12006297.0
2000-03-20,5.8373,5.9182,5.7161,5.7484,6135946.0
2000-03-21,5.7646,5.8697,5.6676,5.8535,5822290.0
2000-03-22,5.7403,5.8131,5.5624,5.6029,6681963.0
2000-03-23,5.4897,5.6918,5.4816,5.6352,7322117.0
2000-03-24,5.5705,5.6514,5.5059,5.5624,6791855.0
2000-03-27,5.5786,5.6433,5.4897,5.5867,7783531.0
2000-03-28,5.522,5.611,5.4897,5.4978,8294330.0
2000-03-29,5.5544,5.6756,5.425,5.4654,9027562.0
2000-03-30,5.5624,5.611,5.3765,5.3846,11746263.0
2000-03-31,5.4978,5.5624,5.4331,5.4493,10112580.0
2000-04-03,5.4978,5.805,5.4897,5.7888,10210688.0
2000-04-04,5.8212,6.1041,5.7888,5.9505,14282915.0
2000-04-05,5.9505,6.0961,5.9344,5.9909,11309476.0
2000-04-06,6.0022,6.1651,5.9941,6.0735,7681186.0
2000-04-07,6.1244,6.1488,5.9045,6.0429,6840711.0
2000-04-10,5.994,6.0511,5.937,6.0266,5590987.0
2000-04-11,6.0348,6.2872,6.0022,6.1569,8636320.0
2000-04-12,6.2465,6.385,6.1244,6.1244,10310782.0
2000-04-13,6.1651,6.1651,5.994,6.1244,7607704.0
2000-04-14,5.9452,6.0755,5.4728,5.5543,9912788.0
2000-04-17,5.6683,5.6764,5.3262,5.4565,9938871.0
2000-04-18,5.3588,5.4647,5.2692,5.4077,8932498.0
2000-04-19,5.3995,5.5543,5.3588,5.4647,9492815.0
2000-04-20,5.4728,5.5217,5.3344,5.367,5131692.0
2000-04-24,5.367,5.5298,5.3425,5.5054,6496074.0
2000-04-25,5.5787,5.9208,5.5298,5.8556,12350802.0
2000-04-26,5.8637,5.8882,5.6683,5.7334,9860225.0
2000-04-27,5.7009,5.766,5.6031,5.6357,9482488.0
2000-04-28,5.6683,5.7742,5.6357,5.709,9594366.0
2000-05-01,5.7497,5.88,5.6927,5.8149,9452433.0
2000-05-02,5.7986,5.7986,5.4403,5.5217,9536772.0
2000-05-03,5.5135,5.5624,5.4321,5.4647,6282777.0
2000-05-04,5.4728,5.4728,5.3181,5.3507,5992689.0
2000-05-05,5.3507,5.6276,5.3507,5.6031,6183212.0
2000-05-08,5.5543,5.595,5.4565,5.5868,5295073.0
2000-05-09,5.5217,5.6683,5.4565,5.5135,6373604.0
2000-05-10,5.538,5.994,5.5054,5.88,10986949.0
2000-05-11,5.9045,5.9859,5.8882,5.937,6833561.0
2000-05-12,5.823,5.8637,5.7579,5.8434,4607255.0
2000-05-15,5.7823,6.0918,5.7334,5.9941,6380356.0
2000-05-16,6.0592,6.1162,5.9045,5.9533,5903451.0
2000-05-17,5.8882,5.9208,5.8393,5.9045,4451950.0
2000-05-18,5.8719,5.937,5.7253,5.766,4863846.0
2000-05-19,5.5868,5.6927,5.5217,5.5624,7610749.0
2000-05-22,5.6846,5.6846,5.4403,5.538,5948467.0
2000-05-23,5.5054,5.5298,5.4403,5.4484,5967003.0
2000-05-24,5.481,5.6439,5.481,5.6194,6572204.0
2000-05-25,5.538,5.6276,5.4158,5.481,5914970.0
2000-05-26,5.481,5.6113,5.481,5.5543,4454730.0
2000-05-30,5.6357,5.766,5.5706,5.766,5542132.0
2000-05-31,5.7334,5.7742,5.6357,5.6927,5849432.0
2000-06-01,5.7497,5.8475,5.7334,5.7334,5488377.0
2000-06-02,5.8637,5.9208,5.8312,5.8637,6992176.0
2000-06-05,5.9045,5.9045,5.7742,5.7742,4387868.0
2000-06-06,5.823,6.0429,5.8149,5.9045,7003828.0
2000-06-07,5.8963,6.0918,5.8719,6.0429,6150642.0
2000-06-08,6.0429,6.1651,6.0348,6.1244,5981700.0
2000-06-09,6.1569,6.2709,6.1406,6.2709,6734394.0
2000-06-12,6.1732,6.2139,6.0755,6.0999,5155656.0
2000-06-13,6.0592,6.2628,6.0592,6.2547,5550208.0
2000-06-14,6.3687,6.556,6.328,6.5153,10953452.0
2000-06-15,6.4338,6.5071,6.2709,6.3442,8248123.0
2000-06-16,6.3361,6.3687,6.1488,6.1569,10847400.0
2000-06-19,6.1569,6.3442,6.1569,6.1895,6736115.0
2000-06-20,6.2384,6.2465,6.1244,6.1488,5069596.0
2000-06-21,6.1569,6.3605,6.1406,6.2709,6099403.0
2000-06-22,6.2547,6.4013,6.2384,6.4013,5734244.0
2000-06-23,6.3524,6.4013,6.2872,6.328,3666818.0
2000-06-26,6.328,6.4257,6.1325,6.1732,5744174.0
2000-06-27,6.2547,6.385,6.0266,6.0673,11158010.0
2000-06-28,6.0673,6.1081,5.7497,5.8536,9186044.0
2000-06-29,5.7497,6.0266,5.7334,5.937,9558618.0
2000-06-30,5.8475,5.9941,5.6337,5.7334,20055158.0
2000-07-03,5.7497,6.0755,5.7416,6.0673,4297572.0
2000-07-05,6.0918,6.0999,5.8963,5.9615,6850773.0
2000-07-06,5.981,5.9974,5.7103,5.7267,5540278.0
2000-07-07,5.7677,5.9646,5.7677,5.8661,5792632.0
2000-07-10,5.9482,6.0138,5.8333,5.8826,4434208.0
2000-07-11,5.8333,5.9236,5.7923,5.8251,5265283.0
2000-07-12,5.8415,5.94,5.8415,5.899,3398443.0
2000-07-13,5.9318,6.022,5.9236,6.0056,5310432.0
2000-07-14,6.0056,6.022,5.8579,5.9564,5556298.0
2000-07-17,5.8908,5.8908,5.6774,5.6815,7119413.0
2000-07-18,5.7021,5.7841,5.6282,5.7103,7482056.0
2000-07-19,5.8333,5.8333,5.6774,5.7267,5513268.0
2000-07-20,5.7923,5.981,5.6446,5.661,7830136.0
2000-07-21,5.6774,5.7759,5.5708,5.6446,5664602.0
2000-07-24,5.6118,5.7349,5.6036,5.6692,5690420.0
2000-07-25,5.7021,5.8169,5.6939,5.7759,5537100.0
2000-07-26,5.7677,5.7923,5.661,5.661,7688600.0
2000-07-27,5.7103,5.7349,5.5954,5.62,6560023.0
2000-07-28,5.5462,5.6692,5.538,5.579,6247426.0
2000-07-31,5.5872,5.7021,5.5544,5.5872,5567685.0
2000-08-01,5.5954,5.7759,5.5872,5.7349,5848373.0
2000-08-02,5.7759,5.8743,5.7513,5.8169,7831460.0
2000-08-03,5.8251,5.8415,5.7431,5.7759,7674566.0
2000-08-04,5.7759,5.7923,5.7103,5.7677,7471200.0
2000-08-07,5.6939,5.8497,5.6939,5.8251,5534452.0
2000-08-08,5.7267,5.7595,5.5134,5.579,11434461.0
2000-08-09,5.6036,5.6282,5.4231,5.4723,8296581.0
2000-08-10,5.4887,5.579,5.4887,5.5544,6021949.0
2000-08-11,5.5954,5.7103,5.5134,5.5872,5294014.0
2000-08-14,5.5216,5.5954,5.4559,5.4969,4997703.0
2000-08-15,5.5626,5.6036,5.5134,5.5134,4313724.0
2000-08-16,5.579,5.5954,5.3821,5.4231,5524390.0
2000-08-17,5.3493,5.3657,5.0867,5.1852,16596472.0
2000-08-18,5.1934,5.2426,5.0457,5.1606,11242481.0
2000-08-21,5.2754,5.2836,5.177,5.259,8547479.0
2000-08-22,5.2918,5.3,5.2016,5.2016,7848010.0
2000-08-23,5.2426,5.3329,5.2344,5.2754,5918677.0
2000-08-24,5.3329,5.3985,5.3,5.3165,6722345.0
2000-08-25,5.3493,5.4067,5.2918,5.4067,5474872.0
2000-08-28,5.4395,5.5954,5.4231,5.5298,9008231.0
2000-08-29,5.5052,5.6528,5.4887,5.5544,6816482.0
2000-08-30,5.5134,5.5544,5.4313,5.5298,4999292.0
2000-08-31,5.5298,5.6364,5.4805,5.4826,6707252.0
2000-09-01,5.62,5.661,5.4805,5.6364,6791193.0
2000-09-05,5.6528,5.6856,5.5872,5.6692,4814594.0
2000-09-06,5.6774,5.7759,5.6118,5.6282,6281586.0
2000-09-07,5.62,5.661,5.5954,5.6118,4611227.0
2000-09-08,5.6036,5.9646,5.5954,5.9154,12144258.0
2000-09-11,5.94,6.0384,5.9318,6.0302,10536789.0
2000-09-12,5.981,6.022,5.94,5.9892,6891685.0
2000-09-13,6.022,6.022,5.9154,5.9564,5509958.0
2000-09-14,5.9236,5.9318,5.8251,5.8908,6600537.0
2000-09-15,5.8743,5.8908,5.8087,5.8087,9445681.0
2000-09-18,5.8908,5.9072,5.8005,5.8743,5422972.0
2000-09-19,5.8497,6.0302,5.8497,5.9728,4815653.0
2000-09-20,5.9974,6.0384,5.8005,5.8333,8629567.0
2000-09-21,5.8415,6.1451,5.8169,6.1287,9357900.0
2000-09-22,6.1123,6.2928,6.0795,6.2928,8147234.0
2000-09-25,6.301,6.4322,6.2435,6.3666,8363576.0
2000-09-26,6.3666,6.4651,6.3338,6.342,9304940.0
2000-09-27,6.3174,6.3912,6.2025,6.2271,6817541.0
2000-09-28,6.26,6.5471,6.1861,6.5225,9091908.0
2000-09-29,6.5307,6.5881,6.4405,6.5471,11108095.0
2000-10-02,6.5553,6.5799,6.4733,6.5717,7126562.0
2000-10-03,6.5635,6.7112,6.5471,6.5553,7750828.0
2000-10-04,6.6374,6.9409,6.6209,6.7932,11929770.0
2000-10-05,6.8129,7.1102,6.8129,7.0772,11455116.0
2000-10-06,7.1019,7.1102,6.9368,7.0441,9222719.0
2000-10-09,7.0524,7.1184,6.8872,6.9285,12425872.0
2000-10-10,7.0028,7.0028,6.6973,6.7303,10005071.0
2000-10-11,6.7138,6.7303,6.4083,6.4908,9897032.0
2000-10-12,6.4908,6.6808,6.4495,6.5899,7943735.0
2000-10-13,6.4743,6.6643,6.4248,6.623,9921791.0
2000-10-16,6.623,6.7799,6.6064,6.7055,6766170.0
2000-10-17,6.7468,6.9533,6.7221,6.9285,7479938.0
2000-10-18,6.879,7.1185,6.7964,6.9615,9973030.0
2000-10-19,6.9615,7.0854,6.8212,6.879,10147798.0
2000-10-20,6.8129,6.8542,6.6808,6.7055,8826181.0
2000-10-23,6.6725,7.1597,6.6477,7.1515,11626706.0
2000-10-24,7.1185,7.201,7.0028,7.1185,11471401.0
2000-10-25,7.1515,7.2506,7.1019,7.2423,8506038.0
2000-10-26,7.2175,7.2671,7.1763,7.1928,10597958.0
2000-10-27,7.2588,7.4818,7.2506,7.4405,15053748.0
2000-10-30,7.5148,7.7213,7.4901,7.68,15674968.0
2000-10-31,7.6635,7.7956,7.5644,7.6222,17306534.0
2000-11-01,7.5809,7.68,7.3249,7.4075,13705783.0
2000-11-02,7.391,7.4983,7.2093,7.3992,9355252.0
2000-11-03,7.3662,7.5644,7.3084,7.5561,10009705.0
2000-11-06,7.5231,7.5644,7.4323,7.4735,8374035.0
2000-11-07,7.5231,7.5561,7.4735,7.5396,5145461.0
2000-11-08,7.5066,7.6139,7.4983,7.5809,6240144.0
2000-11-09,7.5809,7.7295,7.5396,7.6139,11587383.0
2000-11-10,7.6222,7.6965,7.4983,7.5479,7808687.0
2000-11-13,7.4405,7.7295,7.4405,7.6635,9416818.0
2000-11-14,7.6635,7.6717,7.457,7.5726,9237018.0
2000-11-15,7.5809,7.5912,7.3827,7.5726,6855672.0
2000-11-16,7.6139,7.7791,7.5726,7.6717,6322232.0
2000-11-17,7.3992,7.4653,7.2341,7.3992,15108032.0
2000-11-20,7.4075,7.5644,7.391,7.5314,9776548.0
2000-11-21,7.4653,7.6304,7.4488,7.5231,6756902.0
2000-11-22,7.5314,7.7295,7.5066,7.7295,7109218.0
2000-11-24,7.68,7.6965,7.4653,7.4983,3359782.0
2000-11-27,7.4323,7.5231,7.2836,7.3249,6145081.0
2000-11-28,7.3249,7.4735,7.2919,7.3662,5413306.0
2000-11-29,7.2506,7.3662,7.2175,7.2919,7686482.0
2000-11-30,7.3166,7.391,7.0689,7.2588,10412730.0
2000-12-01,7.2258,7.2258,6.7386,6.8955,15511984.0
2000-12-04,6.8542,7.135,6.7799,7.0028,9956612.0
2000-12-05,7.0359,7.1019,6.9368,7.0606,8693781.0
2000-12-06,7.0111,7.1928,6.9781,7.168,8182452.0
2000-12-07,7.135,7.2671,7.1267,7.168,6496338.0
2000-12-08,7.1515,7.168,6.7055,6.8294,10081201.0
2000-12-11,6.8625,6.8625,6.6477,6.7138,7243736.0
2000-12-12,6.7551,6.9698,6.7386,6.9037,6427623.0
2000-12-13,6.9946,7.0937,6.9698,7.0606,6406836.0
2000-12-14,6.9698,7.2506,6.9698,7.2176,6836871.0
2000-12-15,7.2258,7.2671,7.0937,7.0937,16184046.0
2000-12-18,7.1019,7.1845,6.9698,7.0441,6930478.0
2000-12-19,6.177,6.3422,6.0532,6.1523,30980144.0
2000-12-20,6.0862,6.111,5.7228,5.8219,19868738.0
2000-12-21,5.8219,5.9375,5.632,5.9293,14253787.0
2000-12-22,5.9293,6.0614,5.8963,6.0614,9884322.0
2000-12-26,6.0201,6.1936,6.0201,6.1853,5389872.0
2000-12-27,6.1935,6.3092,6.1853,6.3092,6028569.0
2000-12-28,6.367,6.367,6.1935,6.2266,5575629.0
2000-12-29,6.2926,6.367,6.1935,6.3092,6240939.0
2001-01-02,6.2844,6.6643,6.2761,6.656,10764650.0
2001-01-03,6.656,7.0111,6.6312,6.7386,14965437.0
2001-01-04,6.7551,6.9698,6.7303,6.8377,13016774.0
2001-01-05,6.8377,6.879,6.5321,6.6064,9653814.0
2001-01-08,6.6427,6.7425,6.493,6.6676,8342127.0
2001-01-09,6.651,6.9503,6.6178,6.9087,7250754.0
2001-01-10,6.784,6.9836,6.7341,6.9669,6039823.0
2001-01-11,6.9752,6.9752,6.8256,6.9669,4998232.0
2001-01-12,6.9586,6.9752,6.6344,6.7757,7521644.0
2001-01-16,6.7175,6.7674,6.4348,6.6593,7969686.0
2001-01-17,6.6427,6.784,6.6094,6.6926,6274039.0
2001-01-18,6.7092,6.809,6.6427,6.7258,6413059.0
2001-01-19,6.651,6.6926,6.5596,6.6094,6974700.0
2001-01-22,6.5928,6.6178,6.3434,6.5014,8325444.0
2001-01-23,6.5097,6.6094,6.493,6.5596,7283059.0
2001-01-24,6.4515,6.4515,6.2104,6.3018,12472345.0
2001-01-25,6.3767,6.4099,6.1522,6.3018,9648385.0
2001-01-26,6.2603,6.3101,6.0192,6.2104,7113587.0
2001-01-29,6.2187,6.4315,6.2094,6.3717,7484837.0
2001-01-30,6.2546,6.4049,6.2453,6.3743,5460308.0
2001-01-31,6.385,6.4382,6.2812,6.4315,7229437.0
2001-02-01,6.4914,6.7508,6.4714,6.7242,9426218.0
2001-02-02,6.7827,6.816,6.5539,6.6244,11159466.0
2001-02-05,6.5313,6.6111,6.385,6.6111,8810955.0
2001-02-06,6.5978,6.6244,6.4781,6.6178,5857244.0
2001-02-07,6.6444,6.6444,6.3983,6.4714,6063258.0
2001-02-08,6.4448,6.4754,6.3584,6.4142,6063788.0
2001-02-09,6.3916,6.4009,6.1189,6.1948,9221925.0
2001-02-12,6.2014,6.4275,6.1987,6.3544,7422079.0
2001-02-13,6.3544,6.4541,6.2852,6.4462,6432654.0
2001-02-14,6.4448,6.4515,6.2253,6.2519,5121364.0
2001-02-15,6.3052,6.4249,6.232,6.2519,4901580.0
2001-02-16,6.252,6.4182,6.1695,6.3477,7030440.0
2001-02-20,6.381,6.5207,6.3052,6.4874,6428814.0
2001-02-21,6.4182,6.4608,6.2786,6.3185,6411867.0
2001-02-22,6.3185,6.5087,6.2187,6.5087,7570102.0
2001-02-23,6.4182,6.651,6.3185,6.6138,8490547.0
2001-02-26,6.6138,6.6909,6.5446,6.6909,6704074.0
2001-02-27,6.6909,6.7561,6.647,6.7282,8358280.0
2001-02-28,6.7295,6.7641,6.3451,6.3451,10766636.0
2001-03-01,6.4182,6.4182,6.0524,6.0524,11526876.0
2001-03-02,5.6667,6.1961,5.6667,6.1948,27288170.0
2001-03-05,6.1322,6.1322,5.9726,6.0404,8117179.0
2001-03-06,6.1056,6.2253,6.0724,6.1203,8301612.0
2001-03-07,6.0192,6.0777,5.7997,5.8489,10177058.0
2001-03-08,5.9061,6.0804,5.8861,6.0471,6142566.0
2001-03-09,6.0138,6.1442,5.926,5.9859,7982793.0
2001-03-12,5.9194,6.212,5.9114,5.9713,8570649.0
2001-03-13,5.938,5.9992,5.8462,5.9766,7598436.0
2001-03-14,5.6534,5.8462,5.4538,5.6015,13652426.0
2001-03-15,5.7199,5.7265,5.5669,5.6959,11411556.0
2001-03-16,5.6001,5.668,5.5469,5.6055,14421935.0
2001-03-19,5.5802,5.8263,5.5509,5.7278,7198191.0
2001-03-20,5.7145,5.7372,5.4379,5.4405,7336416.0
2001-03-21,5.3474,5.4325,5.2543,5.3368,9430720.0
2001-03-22,5.3368,5.4272,5.2836,5.3886,13046696.0
2001-03-23,5.3341,5.5682,5.2915,5.5682,10226179.0
2001-03-26,5.5935,5.6135,5.3873,5.4871,11448628.0
2001-03-27,5.5137,5.8928,5.4858,5.8396,10574391.0
2001-03-28,5.7531,5.7864,5.5576,5.6121,9139440.0
2001-03-29,5.5203,5.8782,5.4991,5.7837,8275132.0
2001-03-30,5.8037,5.9367,5.7239,5.9367,7760229.0
2001-04-02,5.9367,5.9926,5.7372,5.821,7705150.0
2001-04-03,5.9008,5.9008,5.6733,5.7358,8790433.0
2001-04-04,5.7199,5.8555,5.6933,5.8502,7932481.0
2001-04-05,5.8928,5.9513,5.7598,5.9114,11183166.0
2001-04-06,5.9515,5.9515,5.6177,5.804,9445019.0
2001-04-09,5.7437,5.855,5.6847,5.8107,7628358.0
2001-04-10,5.8308,5.8804,5.7089,5.7625,8995786.0
2001-04-11,5.6566,5.6834,5.4823,5.5226,11982200.0
2001-04-12,5.5024,5.5601,5.3818,5.5199,10179706.0
2001-04-16,5.603,5.6553,5.5373,5.6284,7024217.0
2001-04-17,5.603,5.8107,5.5963,5.7866,7468552.0
2001-04-18,5.6968,5.8429,5.5346,5.5949,13454356.0
2001-04-19,5.5762,5.6097,5.4877,5.5427,9736564.0
2001-04-20,5.5427,5.5681,5.3416,5.3617,12529674.0
2001-04-23,5.2947,5.3684,5.1446,5.2612,15068179.0
2001-04-24,5.2545,5.3845,5.2545,5.3215,7645041.0
2001-04-25,5.2947,5.5105,5.2947,5.4676,10321772.0
2001-04-26,5.4756,5.5695,5.422,5.485,8546817.0
2001-04-27,5.536,5.6405,5.489,5.6164,8343848.0
2001-04-30,5.6164,5.6472,5.5091,5.5293,9209214.0
2001-05-01,5.6097,5.7276,5.5494,5.7276,9888162.0
2001-05-02,5.7276,5.7276,5.5963,5.6794,10401741.0
2001-05-03,5.5963,5.6164,5.477,5.603,9629982.0
2001-05-04,5.536,5.6593,5.5306,5.6499,6827603.0
2001-05-07,5.6499,5.7625,5.6043,5.7598,6279202.0
2001-05-08,5.7585,5.8308,5.6767,5.6914,8194501.0
2001-05-09,5.6968,5.6968,5.5936,5.6633,9322814.0
2001-05-10,5.7303,5.7343,5.6445,5.7156,6406968.0
2001-05-11,5.7263,5.7544,5.5561,5.6633,5637592.0
2001-05-14,5.6432,5.737,5.6124,5.737,4894696.0
2001-05-15,5.737,5.8107,5.666,5.8107,6558434.0
2001-05-16,5.7772,6.0319,5.7303,6.0185,8917802.0
2001-05-17,6.0386,6.1231,5.8456,5.8577,9221263.0
2001-05-18,5.867,5.977,5.8577,5.9676,5860289.0
2001-05-21,5.9917,6.0038,5.8845,5.8992,5304738.0
2001-05-22,5.9434,5.9448,5.792,5.8134,7465639.0
2001-05-23,5.7772,5.8375,5.7303,5.7437,7783664.0
2001-05-24,5.7236,5.8134,5.7035,5.7759,8144321.0
2001-05-25,5.8241,5.8617,5.6673,5.6767,7987692.0
2001-05-29,5.6767,5.788,5.6512,5.788,7842449.0
2001-05-30,5.7571,5.788,5.6539,5.6646,5704057.0
2001-05-31,5.6901,5.7705,5.6633,5.7705,6167192.0
2001-06-01,5.7236,5.7303,5.6311,5.6365,7049903.0
2001-06-04,5.6767,5.7035,5.5963,5.6351,5967136.0
2001-06-05,5.6298,5.7115,5.6231,5.6834,7515289.0
2001-06-06,5.6499,5.6713,5.5976,5.603,8097452.0
2001-06-07,5.603,5.6378,5.5654,5.5896,7022496.0
2001-06-08,5.5896,5.5896,5.5024,5.5547,4768121.0
2001-06-11,5.5226,5.6539,5.5132,5.6539,4977446.0
2001-06-12,5.6566,5.6673,5.5762,5.6351,7046328.0
2001-06-13,5.6351,5.6539,5.6097,5.6338,4455790.0
2001-06-14,5.5896,5.6298,5.54,5.5909,6548107.0
2001-06-15,5.4663,5.544,5.3684,5.4033,15255393.0
2001-06-18,5.4287,5.4555,5.3161,5.3295,7549580.0
2001-06-19,5.3952,5.4461,5.3617,5.418,7144172.0
2001-06-20,5.3952,5.4944,5.3148,5.3617,10525535.0
2001-06-21,5.3349,5.3362,5.2196,5.2732,20094083.0
2001-06-22,5.3081,5.3389,5.1821,5.2076,7919771.0
2001-06-25,5.2411,5.2612,5.1647,5.1874,6980525.0
2001-06-26,5.1218,5.3617,5.1204,5.2866,8675907.0
2001-06-27,5.2143,5.3644,5.2116,5.2813,7123120.0
2001-06-28,5.2947,5.4073,5.2947,5.3362,6893936.0
2001-06-29,5.2947,5.4823,5.2746,5.3697,9833348.0
2001-07-02,5.3697,5.4676,5.363,5.4421,6896054.0
2001-07-03,5.4354,5.4676,5.3965,5.4448,4038332.0
2001-07-05,5.4488,5.5762,5.4354,5.536,7363029.0
2001-07-06,5.5412,5.5845,5.4061,5.4061,8229984.0
2001-07-09,5.3993,5.4926,5.3709,5.4399,5090780.0
2001-07-10,5.4399,5.4939,5.4101,5.4399,4853916.0
2001-07-11,5.4736,5.7494,5.448,5.6791,11290013.0
2001-07-12,5.6561,5.6966,5.575,5.6764,10966030.0
2001-07-13,5.6358,5.6764,5.6223,5.6696,5744571.0
2001-07-16,5.6696,5.848,5.6507,5.8088,7221626.0
2001-07-17,5.8088,5.9872,5.8088,5.9548,13670565.0
2001-07-18,5.9196,5.9872,5.8656,5.9602,11695819.0
2001-07-19,5.9669,6.0129,5.8521,5.925,10027579.0
2001-07-20,5.8386,5.9061,5.7372,5.798,8728735.0
2001-07-23,5.8183,5.8183,5.6777,5.6845,4992274.0
2001-07-24,5.6696,5.6696,5.475,5.5142,8172258.0
2001-07-25,5.6764,5.8777,5.5953,5.8629,13498180.0
2001-07-26,5.7439,5.9291,5.7331,5.9129,10552280.0
2001-07-27,5.9129,6.0061,5.9021,5.9291,7430553.0
2001-07-30,5.944,5.9899,5.9196,5.9669,6175268.0
2001-07-31,5.9196,6.1156,5.8737,6.0859,12633476.0
2001-08-01,6.121,6.1494,6.0548,6.071,9121036.0
2001-08-02,6.1089,6.1089,5.9453,5.9764,7983588.0
2001-08-03,5.9805,5.9859,5.8142,5.8777,4572434.0
2001-08-06,5.8656,5.9156,5.8548,5.8777,6525334.0
2001-08-07,5.9115,5.9467,5.8318,5.9223,5115142.0
2001-08-08,5.8521,5.921,5.7656,5.794,5748146.0
2001-08-09,5.7872,5.8791,5.7345,5.8331,6337988.0
2001-08-10,5.8453,6.0345,5.7426,6.017,7069498.0
2001-08-13,5.9832,6.0372,5.9548,6.0034,4805590.0
2001-08-14,5.9805,6.0143,5.8994,5.9467,5135399.0
2001-08-15,5.9805,5.9805,5.8548,5.8602,6091459.0
2001-08-16,5.8183,5.9223,5.8129,5.8926,7122590.0
2001-08-17,5.8791,5.8791,5.7102,5.7507,6580280.0
2001-08-20,5.7642,5.9169,5.7642,5.9061,6352949.0
2001-08-21,5.9399,5.944,5.798,5.8237,5088529.0
2001-08-22,5.7912,5.8048,5.7007,5.7102,6582266.0
2001-08-23,5.7439,5.8183,5.6831,5.6831,6674549.0
2001-08-24,5.7169,5.7629,5.6858,5.7588,6444835.0
2001-08-27,5.7034,5.7494,5.6399,5.6412,6028569.0
2001-08-28,5.6291,5.6426,5.5682,5.5912,4179471.0
2001-08-29,5.6223,5.6291,5.5169,5.602,6028040.0
2001-08-30,5.602,5.6683,5.5007,5.5385,6897908.0
2001-08-31,5.548,5.5764,5.4872,5.5291,5286997.0
2001-09-04,5.5304,5.8115,5.5196,5.6764,9469513.0
2001-09-05,5.6764,5.7169,5.5574,5.7088,8342656.0
2001-09-06,5.6561,5.6764,5.6088,5.6629,9468454.0
2001-09-07,5.602,5.6034,5.502,5.5412,6933656.0
2001-09-10,5.5412,5.8926,5.5412,5.8696,10598752.0
2001-09-17,5.8115,6.0075,5.7507,5.9872,16781435.0
2001-09-18,5.9886,6.1899,5.9467,6.1697,13848246.0
2001-09-19,6.1629,6.244,6.0683,6.121,18957297.0
2001-09-20,6.0818,6.2508,6.0413,6.2035,16330348.0
2001-09-21,6.1021,6.2021,5.9332,5.9805,17988923.0
2001-09-24,6.0278,6.1764,5.9913,6.0899,12359275.0
2001-09-25,6.1967,6.4197,6.1575,6.3724,18037779.0
2001-09-26,6.3521,6.3994,6.2616,6.3981,13568749.0
2001-09-27,6.3994,6.4129,6.1697,6.2508,14208638.0
2001-09-28,6.3183,6.3967,6.2778,6.3683,13506786.0
2001-10-01,6.3048,6.3494,6.24,6.2819,10416835.0
2001-10-02,6.2913,6.3521,6.2237,6.3521,7839272.0
2001-10-03,6.3521,6.3521,6.1872,6.2413,10346001.0
2001-10-04,6.2413,6.2508,6.1224,6.1791,9712467.0
2001-10-05,6.2089,6.228,6.0456,6.1109,8556880.0
2001-10-08,6.1109,6.2934,6.1068,6.243,7488412.0
2001-10-09,6.3111,6.3696,6.2498,6.3574,6696924.0
2001-10-10,6.3247,6.3982,6.3002,6.3887,8143394.0
2001-10-11,6.3996,6.4336,6.1273,6.2021,10678854.0
2001-10-12,6.2144,6.2675,5.9734,6.0115,9092570.0
2001-10-15,6.0047,6.0319,5.9162,5.9734,7330458.0
2001-10-16,6.0456,6.0456,5.8481,5.908,9236224.0
2001-10-17,5.908,5.9502,5.8154,5.8794,9957539.0
2001-10-18,5.8794,5.9298,5.8154,5.8944,8603087.0
2001-10-19,5.8958,5.9802,5.8277,5.9421,7209577.0
2001-10-22,5.7528,5.78,5.5962,5.6371,16674721.0
2001-10-23,5.4669,5.5077,5.2082,5.2803,30214474.0
2001-10-24,5.3103,5.4437,5.2558,5.3389,14070016.0
2001-10-25,5.2831,5.3375,5.2626,5.2967,10313298.0
2001-10-26,5.2626,5.392,5.2422,5.3375,9052718.0
2001-10-29,5.3784,5.4274,5.3307,5.3974,10095368.0
2001-10-30,5.3171,5.392,5.1728,5.1877,13651499.0
2001-10-31,5.1537,5.2354,5.1401,5.1891,8758260.0
2001-11-01,5.1891,5.3498,5.1619,5.3293,11610686.0
2001-11-02,5.3293,5.3716,5.2191,5.2572,10243920.0
2001-11-05,5.2831,5.3171,5.2082,5.2449,9839968.0
2001-11-06,5.249,5.2558,5.151,5.2136,8848292.0
2001-11-07,5.215,5.215,5.1455,5.1796,9082772.0
2001-11-08,5.1537,5.2245,5.1483,5.1728,8786858.0
2001-11-09,5.2014,5.2762,5.1768,5.234,5160422.0
2001-11-12,5.2422,5.2422,5.1128,5.166,6384858.0
2001-11-13,5.2014,5.2027,5.0788,5.0924,8766336.0
2001-11-14,5.0856,5.1265,4.9699,5.0979,10129130.0
2001-11-15,5.1401,5.3103,5.1265,5.3103,11691714.0
2001-11-16,5.3103,5.4124,5.2572,5.328,11279024.0
2001-11-19,5.392,5.4519,5.3457,5.4328,9118256.0
2001-11-20,5.4315,5.4601,5.3035,5.3225,7960418.0
2001-11-21,5.3103,5.3266,5.2558,5.3089,5546104.0
2001-11-23,5.3743,5.3743,5.2558,5.3443,2373667.0
2001-11-26,5.3307,5.3647,5.2422,5.313,6748693.0
2001-11-27,5.249,5.3103,5.1837,5.2054,8449371.0
2001-11-28,5.1469,5.1932,5.1074,5.121,8757068.0
2001-11-29,5.0924,5.1537,4.9726,5.1537,11088632.0
2001-11-30,5.0924,5.1401,5.0652,5.0897,9217423.0
2001-12-03,5.1197,5.2354,5.0843,5.1837,8434542.0
2001-12-04,5.1905,5.2327,5.1115,5.1591,10408229.0
2001-12-05,5.1673,5.249,5.1333,5.2245,8158753.0
2001-12-06,5.2122,5.2408,5.1551,5.2027,6952059.0
2001-12-07,5.2082,5.2109,5.0652,5.0992,8162063.0
2001-12-10,5.106,5.1619,5.072,5.1319,7531309.0
2001-12-11,5.1197,5.2422,5.0924,5.1741,15184294.0
2001-12-12,5.2082,5.2422,5.1741,5.2068,10023210.0
2001-12-13,5.2082,5.2694,5.1551,5.2667,12620236.0
2001-12-14,5.2667,5.3307,5.2163,5.3035,10485153.0
2001-12-17,5.3375,5.4546,5.3307,5.4369,11569642.0
2001-12-18,5.4464,5.4846,5.3375,5.3375,9194253.0
2001-12-19,5.3375,5.3947,5.2762,5.362,9802631.0
2001-12-20,5.3511,5.4287,5.2885,5.4124,9603634.0
2001-12-21,5.4437,5.4859,5.3375,5.3511,21839115.0
2001-12-24,5.3103,5.3484,5.2831,5.3239,3786110.0
2001-12-26,5.3212,5.3961,5.3212,5.3266,5111170.0
2001-12-27,5.3375,5.4056,5.3116,5.4042,6102316.0
2001-12-28,5.4356,5.4546,5.3375,5.377,5221988.0
2001-12-31,5.3647,5.3852,5.3185,5.3334,6602920.0
2002-01-02,5.3443,5.4396,5.3035,5.4328,8029530.0
2002-01-03,5.4328,5.4941,5.3375,5.4696,10263913.0
2002-01-04,5.5758,5.5812,5.4056,5.4451,9481826.0
2002-01-07,5.4396,5.5009,5.426,5.4342,6408557.0
2002-01-08,5.4244,5.4725,5.397,5.4574,6073585.0
2002-01-09,5.4725,5.4725,5.2212,5.2418,8325444.0
2002-01-10,5.2184,5.331,5.1566,5.2871,8053495.0
2002-01-11,5.3008,5.3228,5.1896,5.1951,7391362.0
2002-01-14,5.202,5.2596,5.18,5.2198,6537647.0
2002-01-15,5.1937,5.2555,5.1196,5.1896,9686649.0
2002-01-16,5.1635,5.1896,5.0948,5.0962,7815572.0
2002-01-17,5.0921,5.1058,5.0125,5.0646,9485666.0
2002-01-18,5.0399,5.0797,4.9465,5.0138,8227601.0
2002-01-22,5.0234,5.0262,4.8229,4.8847,10042408.0
2002-01-23,4.8545,5.0124,4.8545,4.9891,12064553.0
2002-01-24,5.1223,5.1223,4.9644,4.9987,13668844.0
2002-01-25,4.9644,5.0248,4.8751,4.8779,11057651.0
2002-01-28,4.8916,4.9507,4.882,4.9493,6553138.0
2002-01-29,4.9713,5.1154,4.9575,4.9575,12598390.0
2002-01-30,4.9781,5.0234,4.9232,4.985,8584816.0
2002-01-31,5.0193,5.1429,5.0193,5.1429,11164630.0
2002-02-01,5.1566,5.1566,5.0372,5.0756,11573878.0
2002-02-04,5.11,5.11,4.8943,4.9177,9119447.0
2002-02-05,4.8683,5.0605,4.8188,4.9452,10539967.0
2002-02-06,4.8779,4.9438,4.709,4.7364,14142836.0
2002-02-07,4.7364,4.9218,4.735,4.8202,11429033.0
2002-02-08,4.8174,4.9191,4.8174,4.893,10726121.0
2002-02-11,4.893,4.9163,4.8188,4.8545,6931272.0
2002-02-12,4.8449,4.9795,4.8065,4.9507,8670611.0
2002-02-13,4.963,5.0523,4.9273,5.0509,8397602.0
2002-02-14,5.0729,5.1003,5.0605,5.0839,8483662.0
2002-02-15,5.0839,5.1704,5.0839,5.0976,8481676.0
2002-02-19,5.0756,5.1086,4.9713,5.0124,9521678.0
2002-02-20,5.033,5.1141,4.882,5.088,8222702.0
2002-02-21,5.0124,5.099,4.9781,5.0124,9781977.0
2002-02-22,4.8889,5.088,4.8834,5.055,8575813.0
2002-02-25,5.0536,5.2184,5.0536,5.1663,8325047.0
2002-02-26,5.1663,5.2487,5.1251,5.1498,8330873.0
2002-02-27,5.1621,5.2459,5.1154,5.191,8853985.0
2002-02-28,5.2033,5.3118,5.1841,5.1965,8700666.0
2002-03-01,5.2665,5.3558,5.2432,5.3558,7746856.0
2002-03-04,5.4107,5.4327,5.3077,5.4052,8124064.0
2002-03-05,5.3709,5.3832,5.294,5.3242,6718108.0
2002-03-06,5.3585,5.3901,5.294,5.3599,9065163.0
2002-03-07,5.4176,5.4176,5.261,5.3214,8070045.0
2002-03-08,5.342,5.3695,5.2349,5.2734,11067713.0
2002-03-11,5.2871,5.3283,5.2734,5.3008,8298435.0
2002-03-12,5.2802,5.342,5.2651,5.3256,6330044.0
2002-03-13,5.342,5.3558,5.2747,5.3283,5444023.0
2002-03-14,5.3489,5.3722,5.2596,5.3132,6566378.0
2002-03-15,5.3558,5.3832,5.3311,5.3558,12217872.0
2002-03-18,5.3283,5.3819,5.3132,5.342,4706290.0
2002-03-19,5.3558,5.3928,5.3022,5.3901,7798625.0
2002-03-20,5.3832,5.4107,5.3407,5.3585,6134489.0
2002-03-21,5.3558,5.3764,5.2706,5.305,6454632.0
2002-03-22,5.294,5.3173,5.191,5.2075,7104452.0
2002-03-25,5.1882,5.261,5.1882,5.2184,5434623.0
2002-03-26,5.2459,5.3008,5.239,5.2651,6107612.0
2002-03-27,5.2459,5.261,5.1704,5.1704,10337527.0
2002-03-28,5.2047,5.2514,5.1154,5.1415,8677496.0
2002-04-01,5.1759,5.1759,5.0042,5.0344,9712996.0
2002-04-02,5.0303,5.1154,4.985,5.1086,8692457.0
2002-04-03,5.1429,5.2116,5.1017,5.1663,9083302.0
2002-04-04,5.191,5.2734,5.1772,5.239,7406324.0
2002-04-05,5.2184,5.2432,5.1086,5.1278,5392917.0
2002-04-08,5.1025,5.1302,5.0096,5.0651,8289034.0
2002-04-09,5.0304,5.0373,4.821,4.8391,14951270.0
2002-04-10,4.8183,4.95,4.7808,4.943,13022996.0
2002-04-11,4.9222,4.9222,4.6311,4.6796,16720399.0
2002-04-12,4.6172,4.7489,4.6033,4.7143,12056212.0
2002-04-15,4.7143,4.7864,4.6241,4.6408,9153342.0
2002-04-16,4.6907,4.8183,4.6907,4.7933,13503211.0
2002-04-17,4.8391,4.8668,4.7489,4.7836,11936125.0
2002-04-18,4.6727,4.7559,4.5534,4.699,11018593.0
2002-04-19,4.6311,4.656,4.5215,4.5368,13766158.0
2002-04-22,4.4092,4.4356,4.2636,4.3898,16758265.0
2002-04-23,4.3468,4.5035,4.3122,4.3371,16434944.0
2002-04-24,4.2983,4.4924,4.2983,4.3787,14681836.0
2002-04-25,4.3191,4.4716,4.3191,4.4328,13062187.0
2002-04-26,4.4259,4.4564,4.3413,4.3538,11202894.0
2002-04-29,4.3191,4.3468,4.1791,4.1804,10288804.0
2002-04-30,4.1943,4.3607,4.1804,4.3066,12893906.0
2002-05-01,4.2983,4.5271,4.2706,4.5271,12945940.0
2002-05-02,4.5271,4.5548,4.4231,4.4966,9275017.0
2002-05-03,4.43,4.4605,4.2983,4.3177,8325312.0
2002-05-06,4.2983,4.3787,4.2747,4.3066,6606098.0
2002-05-07,4.2844,4.3052,4.1943,4.229,8102748.0
2002-05-08,4.333,4.437,4.326,4.4148,10773123.0
2002-05-09,4.3607,4.4647,4.3177,4.3468,5864790.0
2002-05-10,4.3191,4.3316,4.1832,4.222,8463538.0
2002-05-13,4.2428,4.4578,4.2414,4.4439,10552942.0
2002-05-14,4.5687,4.6075,4.5118,4.5812,11380177.0
2002-05-15,4.5812,4.6962,4.5576,4.6325,12112349.0
2002-05-16,4.6671,4.8446,4.663,4.8085,11605654.0
2002-05-17,4.7836,4.8044,4.742,4.7933,11261282.0
2002-05-20,4.7933,4.7933,4.6935,4.7364,7209312.0
2002-05-21,4.7378,4.8807,4.7378,4.8113,10029697.0
2002-05-22,4.7975,4.8806,4.7545,4.8432,5854463.0
2002-05-23,4.846,5.0415,4.8183,5.0262,9635940.0
2002-05-24,5.0262,5.0262,4.8557,4.8626,7111072.0
2002-05-28,4.8626,4.9222,4.8183,4.9056,6770936.0
2002-05-29,4.9084,4.932,4.8252,4.8599,7156352.0
2002-05-30,4.7975,4.8418,4.6602,4.7919,7966376.0
2002-05-31,4.7281,4.8252,4.724,4.7545,9672614.0
2002-06-03,4.7891,4.8072,4.5936,4.5964,7128019.0
2002-06-04,4.5964,4.6935,4.5409,4.6103,8381052.0
2002-06-05,4.6796,4.7212,4.6241,4.656,6881622.0
2002-06-06,4.6449,4.6727,4.4231,4.4855,8860605.0
2002-06-07,4.4855,4.638,4.4647,4.5839,7898190.0
2002-06-10,4.6033,4.7073,4.5229,4.5964,5908880.0
2002-06-11,4.5964,4.6311,4.4286,4.455,7804053.0
2002-06-12,4.455,4.5756,4.4439,4.552,10188974.0
2002-06-13,4.5867,4.6089,4.4924,4.5271,8002256.0
2002-06-14,4.2636,4.4702,4.2054,4.4688,15464585.0
2002-06-17,4.5409,4.6311,4.4786,4.6172,9551998.0
2002-06-18,4.5825,4.6006,4.5479,4.5728,8474792.0
2002-06-19,4.5409,4.5645,4.2983,4.3316,11821731.0
2002-06-20,4.2983,4.3704,4.1957,4.2914,11418441.0
2002-06-21,4.2636,4.3468,4.229,4.3468,18039103.0
2002-06-24,4.3468,4.3468,4.0903,4.222,12435538.0
2002-06-25,4.2844,4.2914,4.0557,4.1042,12169811.0
2002-06-26,3.9239,4.1416,3.8615,4.0903,21144810.0
2002-06-27,4.0487,4.1804,3.9101,4.1804,17691420.0
2002-06-28,4.1874,4.2636,4.1042,4.229,19310408.0
2002-07-01,4.2359,4.3856,4.1527,4.1541,11420294.0
2002-07-02,4.1596,4.2581,4.057,4.1513,12054623.0
2002-07-03,4.1652,4.2775,4.143,4.2567,10601136.0
2002-07-05,4.3122,4.4314,4.2622,4.3954,5472754.0
2002-07-08,4.4076,4.4665,4.3165,4.4329,9717101.0
2002-07-09,4.3894,4.4735,4.2632,4.2884,9046495.0
2002-07-10,4.3235,4.3403,4.1482,4.2085,10679516.0
2002-07-11,4.165,4.3684,4.1201,4.2982,11956117.0
2002-07-12,4.2982,4.3039,4.0823,4.1566,13152219.0
2002-07-15,4.0669,4.2001,3.9967,4.1384,15778373.0
2002-07-16,4.0598,4.2407,4.0598,4.1468,10262324.0
2002-07-17,4.2071,4.2646,3.9855,4.0514,12298106.0
2002-07-18,4.0528,4.1117,3.8635,3.8902,10437886.0
2002-07-19,3.7794,3.9042,3.6812,3.7415,13254696.0
2002-07-22,3.5059,3.5971,3.1974,3.3601,29550488.0
2002-07-23,3.3446,3.3474,3.1413,3.2675,24017492.0
2002-07-24,3.1132,3.5143,3.1132,3.4666,22712426.0
2002-07-25,3.4638,3.7177,3.4148,3.6475,21286610.0
2002-07-26,3.6461,3.705,3.6041,3.6812,14414256.0
2002-07-29,3.7233,3.7653,3.6363,3.6756,15220042.0
2002-07-30,3.6251,3.7135,3.583,3.6896,12938393.0
2002-07-31,3.7233,3.9547,3.7177,3.8789,16872129.0
2002-08-01,3.8495,3.9154,3.7275,3.8495,13874328.0
2002-08-02,3.9266,3.9547,3.7163,3.7163,10398696.0
2002-08-05,3.8986,3.9056,3.6321,3.6602,9866316.0
2002-08-06,3.6812,3.8172,3.6475,3.6588,9096807.0
2002-08-07,3.7163,3.7163,3.4498,3.6069,16078788.0
2002-08-08,3.5971,3.7724,3.5606,3.7345,10377115.0
2002-08-09,3.7303,3.8214,3.6728,3.7808,8724233.0
2002-08-12,3.7808,3.8004,3.7163,3.7653,7963066.0
2002-08-13,3.7513,3.8845,3.7022,3.7345,7896204.0
2002-08-14,3.7303,3.9547,3.663,3.9462,9775489.0
2002-08-15,3.9434,4.0318,3.8705,3.935,8284533.0
2002-08-16,3.9056,4.165,3.8705,4.0234,9298055.0
2002-08-19,4.057,4.2057,4.0472,4.1889,8930380.0
2002-08-20,3.9967,4.1678,3.8565,3.8817,13873137.0
2002-08-21,3.8565,3.9575,3.8453,3.942,11310402.0
2002-08-22,3.9477,3.9827,3.7724,3.8397,13934835.0
2002-08-23,3.7724,3.7822,3.6461,3.6882,11023624.0
2002-08-26,3.7163,3.785,3.5704,3.7373,8994329.0
2002-08-27,3.7794,3.806,3.6686,3.7247,7151454.0
2002-08-28,3.677,3.7121,3.562,3.6195,7934467.0
2002-08-29,3.534,3.6882,3.5311,3.6181,8735222.0
2002-08-30,3.3657,3.4989,3.3643,3.4694,16077464.0
2002-09-03,3.4007,3.4218,3.2254,3.2395,11809286.0
2002-09-04,3.3236,3.4358,3.2815,3.4077,10681502.0
2002-09-05,3.3516,3.4288,3.2535,3.2913,10315416.0
2002-09-06,3.3657,3.4035,3.3166,3.3657,8497697.0
2002-09-09,3.3657,3.4863,3.3152,3.4414,9215834.0
2002-09-10,3.4358,3.4919,3.4204,3.4891,5627794.0
2002-09-11,3.576,3.6728,3.562,3.6251,8856633.0
2002-09-12,3.6251,3.6714,3.4358,3.4849,8131611.0
2002-09-13,3.4498,3.5199,3.3587,3.4428,6524540.0
2002-09-16,3.4218,3.5059,3.3671,3.447,7793329.0
2002-09-17,3.4989,3.5297,3.3685,3.4077,6663162.0
2002-09-18,3.4077,3.454,3.3236,3.3895,6071732.0
2002-09-19,3.3446,3.4134,3.2605,3.2787,7887068.0
2002-09-20,3.2254,3.2885,3.1553,3.2535,20072767.0
2002-09-23,3.1904,3.2114,3.0151,3.1848,10098280.0
2002-09-24,3.1553,3.2254,3.0922,3.1735,12443879.0
2002-09-25,3.1792,3.2535,3.1343,3.1679,12968183.0
2002-09-26,3.2142,3.224,3.0291,3.0712,12940114.0
2002-09-27,2.945,2.945,2.7556,2.8258,28533921.0
2002-09-30,2.7556,2.9015,2.7444,2.8187,19502652.0
2002-10-01,2.8117,2.9436,2.7767,2.9197,14583728.0
2002-10-02,2.8889,2.8903,2.8019,2.83,12597463.0
2002-10-03,2.945,3.0852,2.8608,3.0572,19100818.0
2002-10-04,3.0586,3.0782,2.9309,3.0319,13834344.0
2002-10-07,3.0319,3.0431,2.9436,2.9492,9775489.0
2002-10-08,3.0601,3.1086,2.8818,2.9217,17836531.0
2002-10-09,2.9217,2.993,2.8489,2.9046,15966646.0
2002-10-10,2.9246,3.0572,2.8532,3.0316,15231164.0
2002-10-11,3.1357,3.2669,3.0672,3.2027,13949664.0
2002-10-14,3.1956,3.2056,3.1214,3.1956,9697638.0
2002-10-15,3.3311,3.3911,3.2156,3.3896,12830619.0
2002-10-16,3.3896,3.4809,3.3169,3.3169,11818156.0
2002-10-17,3.4809,3.538,3.4667,3.4952,13853144.0
2002-10-18,3.431,3.635,3.4096,3.6022,13348171.0
2002-10-21,3.5665,3.7163,3.5451,3.6735,10853755.0
2002-10-22,3.5951,3.8733,3.5694,3.859,14100600.0
2002-10-23,3.6022,3.7106,3.5808,3.6878,18328264.0
2002-10-24,3.7877,3.7877,3.6165,3.6593,14913404.0
2002-10-25,3.6236,3.6379,3.4524,3.5623,11795384.0
2002-10-28,3.5737,3.7805,3.568,3.6835,10454304.0
2002-10-29,3.6835,3.7591,3.5309,3.6022,9648120.0
2002-10-30,3.6008,3.7163,3.5665,3.7035,8763159.0
2002-10-31,3.7049,3.8376,3.6122,3.6607,9247610.0
2002-11-01,3.6621,3.9232,3.6036,3.8875,14050553.0
2002-11-04,3.8889,4.0673,3.8889,3.976,13504006.0
2002-11-05,3.976,4.1229,3.9089,3.9546,9499038.0
2002-11-06,3.956,4.023,3.8519,3.966,8386746.0
2002-11-07,3.966,4.023,3.7449,3.819,8298038.0
2002-11-08,3.8547,3.966,3.7877,3.8818,10620334.0
2002-11-11,3.8818,3.8818,3.7135,3.7377,6721154.0
2002-11-12,3.752,3.7705,3.5309,3.568,16792557.0
2002-11-13,3.5694,3.5694,3.4167,3.4695,17035643.0
2002-11-14,3.4709,3.5737,3.4567,3.4809,10058163.0
2002-11-15,3.4824,3.5993,3.4381,3.5936,10215190.0
2002-11-18,3.6293,3.7149,3.5665,3.6578,10821052.0
2002-11-19,3.6521,3.6664,3.5765,3.635,8903238.0
2002-11-20,3.6122,3.8305,3.5965,3.7377,12969639.0
2002-11-21,3.7377,3.9845,3.7263,3.9203,14758231.0
2002-11-22,3.9218,4.0202,3.8675,3.9303,10615435.0
2002-11-25,3.9018,4.0587,3.8932,4.0516,10779478.0
2002-11-26,4.0516,4.0544,3.9046,3.9161,10483962.0
2002-11-27,3.9517,4.1015,3.9303,4.0987,6750944.0
2002-11-29,3.9945,4.1001,3.976,4.0658,4411965.0
2002-12-02,4.1015,4.1514,3.9803,4.0444,9919805.0
2002-12-03,3.9517,3.9874,3.8019,3.8419,10625232.0
2002-12-04,3.8419,3.8504,3.7449,3.7734,11760298.0
2002-12-05,3.7877,3.8091,3.6807,3.7449,8159415.0
2002-12-06,3.6735,3.8433,3.6536,3.7705,8151338.0
2002-12-09,3.7349,3.7349,3.6393,3.665,7719979.0
2002-12-10,3.6379,3.6735,3.6036,3.6664,7055464.0
2002-12-11,3.5737,3.6878,3.5451,3.6421,7974452.0
2002-12-12,3.6778,3.6778,3.5737,3.6464,6759682.0
2002-12-13,3.6165,3.7805,3.6093,3.6735,8073487.0
2002-12-16,3.7063,3.8875,3.7063,3.8704,12563966.0
2002-12-17,3.8704,3.9931,3.859,3.9303,11055003.0
2002-12-18,3.9589,3.9931,3.8804,3.8875,13827856.0
2002-12-19,3.8889,3.9831,3.8889,3.9503,9764368.0
2002-12-20,4.0915,4.0944,3.9731,4.0245,16892916.0
2002-12-23,4.0059,4.0444,3.9589,3.9945,8419316.0
2002-12-24,3.9959,4.0016,3.9503,3.966,2964966.0
2002-12-26,3.9589,4.1015,3.9589,4.0016,5639048.0
2002-12-27,3.966,4.0088,3.8561,3.8918,6339974.0
2002-12-30,3.8875,3.966,3.8162,3.8904,6616293.0
2002-12-31,3.8847,3.9232,3.8376,3.8675,7564012.0
2003-01-02,3.9802,4.1343,3.9546,4.1243,9669040.0
2003-01-03,4.1258,4.1372,4.0673,4.1201,8031252.0
2003-01-06,4.2756,4.5152,4.2171,4.4496,22977358.0
2003-01-07,4.4011,4.4025,4.2527,4.3198,16705835.0
2003-01-08,4.2299,4.2819,4.1303,4.1548,15317091.0
2003-01-09,4.1548,4.2472,4.1332,4.1967,10188312.0
2003-01-10,4.1982,4.1982,4.1216,4.1577,8191985.0
2003-01-13,4.2227,4.253,4.1303,4.152,9479178.0
2003-01-14,4.2155,4.2747,4.1823,4.2747,11830602.0
2003-01-15,4.2905,4.3295,4.1144,4.1202,10840382.0
2003-01-16,4.1563,4.1722,4.0061,4.0206,9991566.0
2003-01-17,4.0206,4.0509,3.9065,3.9383,7796506.0
2003-01-21,3.9773,3.9917,3.8473,3.8546,7655103.0
2003-01-22,3.8647,3.9672,3.8459,3.8878,7690851.0
2003-01-23,3.8892,3.8892,3.6164,3.6857,14520440.0
2003-01-24,3.6885,3.7232,3.5009,3.5427,17252647.0
2003-01-27,3.537,3.664,3.537,3.5875,11027596.0
2003-01-28,3.4287,3.5803,3.3782,3.511,17394580.0
2003-01-29,3.4503,3.5398,3.4446,3.511,15716939.0
2003-01-30,3.537,3.5413,3.4287,3.4431,11575732.0
2003-01-31,3.4373,3.5557,3.4013,3.5283,13111042.0
2003-02-03,3.6164,3.6986,3.5947,3.6496,14920156.0
2003-02-04,3.703,3.7535,3.6452,3.6986,15370448.0
2003-02-05,3.7824,3.7968,3.6395,3.6597,11465575.0
2003-02-06,3.6611,3.6958,3.5586,3.5961,9087274.0
2003-02-07,3.6813,3.7102,3.5875,3.6351,8242562.0
2003-02-10,3.5442,3.6091,3.3926,3.537,16610772.0
2003-02-11,3.4648,3.5153,3.3911,3.4229,12441363.0
2003-02-12,3.4229,3.4229,3.3161,3.3305,12836974.0
2003-02-13,3.332,3.3536,3.1977,3.241,18977554.0
2003-02-14,3.2425,3.3709,3.2266,3.3709,12266198.0
2003-02-18,3.3926,3.4431,3.3753,3.42,11024286.0
2003-02-19,3.3839,3.3854,3.2829,3.3247,12729333.0
2003-02-20,3.2554,3.3146,2.9884,3.075,34533892.0
2003-02-21,2.9826,3.0562,2.9162,2.9927,38377729.0
2003-02-24,2.9811,3.0273,2.9046,2.9956,17730876.0
2003-02-25,2.997,3.0938,2.9494,3.0822,15889589.0
2003-02-26,3.0389,3.0966,2.971,2.9826,12550328.0
2003-02-27,3.0317,3.0678,3.0028,3.0418,12383637.0
2003-02-28,3.0504,3.0808,2.9682,3.0028,12436597.0
2003-03-03,3.0606,3.0808,2.9739,2.9956,9754702.0
2003-03-04,3.0172,3.0288,2.9205,2.9537,8912506.0
2003-03-05,2.9378,3.01,2.9378,3.01,9975810.0
2003-03-06,2.9667,3.0144,2.922,2.9479,9739079.0
2003-03-07,2.9133,2.9682,2.9046,2.9581,13428405.0
2003-03-10,2.909,2.9234,2.7718,2.7935,14251801.0
2003-03-11,2.8007,2.8657,2.7588,2.792,13540680.0
2003-03-12,2.7747,2.8151,2.7213,2.8079,17031936.0
2003-03-13,2.8584,2.9653,2.8223,2.9595,14331373.0
2003-03-14,3.0028,3.0649,2.8729,3.01,11678342.0
2003-03-17,3.01,3.1472,2.971,3.1385,14544272.0
2003-03-18,3.1371,3.1746,3.0375,3.0995,11461074.0
2003-03-19,3.1039,3.1558,3.0692,3.1501,9703596.0
2003-03-20,3.1501,3.1544,3.0793,3.1428,9929735.0
2003-03-21,3.1905,3.332,3.0721,3.1241,19516687.0
2003-03-24,3.1183,3.1183,2.9941,3.0216,10509382.0
2003-03-25,3.0461,3.0851,3.01,3.0533,9967204.0
2003-03-26,3.0533,3.1039,2.997,3.0938,11715811.0
2003-03-27,3.0432,3.0721,2.9956,3.01,15963071.0
2003-03-28,2.9378,2.997,2.9162,2.922,15844705.0
2003-03-31,2.8657,2.9494,2.8368,2.896,12814334.0
2003-04-01,2.9595,3.1327,2.9451,3.0865,24207619.0
2003-04-02,3.0894,3.2482,3.0894,3.1977,15842587.0
2003-04-03,3.1977,3.2425,3.1298,3.1298,10719236.0
2003-04-04,3.215,3.215,3.1125,3.1616,9802631.0
2003-04-07,3.2771,3.2915,3.1544,3.1631,10510839.0
2003-04-08,3.175,3.2339,3.1529,3.1647,11304312.0
2003-04-09,3.1823,3.2339,3.0925,3.0984,9836790.0
2003-04-10,3.1381,3.1381,3.0601,3.1013,10540761.0
2003-04-11,3.1264,3.1396,3.0306,3.0512,9827258.0
2003-04-14,3.0276,3.1219,3.0276,3.1219,9778534.0
2003-04-15,3.1308,3.1308,3.0895,3.1308,8502993.0
2003-04-16,3.1352,3.1381,2.9834,2.9893,12478303.0
2003-04-17,2.9613,3.0512,2.9466,3.035,16673926.0
2003-04-21,3.0497,3.0542,2.9422,2.951,11616776.0
2003-04-22,2.9171,2.9496,2.895,2.9437,18874414.0
2003-04-23,3.0188,3.2383,3.0055,3.2118,27157094.0
2003-04-24,3.256,3.3739,3.2413,3.3179,25132565.0
2003-04-25,3.3076,3.3252,3.2354,3.2589,12341798.0
2003-04-28,3.2928,3.4092,3.2707,3.396,12732114.0
2003-04-29,3.4078,3.4284,3.3297,3.396,14254184.0
2003-04-30,3.4254,3.4917,3.3694,3.4416,23080100.0
2003-05-01,3.4416,3.4623,3.3282,3.4313,10317535.0
2003-05-02,3.4623,3.5713,3.4225,3.5374,13479114.0
2003-05-05,3.5374,3.5639,3.4387,3.4667,9142220.0
2003-05-06,3.477,3.5256,3.4623,3.4991,13203458.0
2003-05-07,3.4549,3.4549,3.3901,3.3989,10744128.0
2003-05-08,3.3974,3.4402,3.3636,3.3901,12445865.0
2003-05-09,3.4181,3.4873,3.4122,3.4873,10979402.0
2003-05-12,3.558,3.6833,3.5462,3.6302,19015950.0
2003-05-13,3.6302,3.6656,3.5934,3.6155,9241785.0
2003-05-14,3.6538,3.6656,3.5949,3.6332,12250178.0
2003-05-15,3.6243,3.6788,3.5875,3.6479,8979236.0
2003-05-16,3.6479,3.695,3.6155,3.6759,9336583.0
2003-05-19,3.617,3.6391,3.5462,3.5875,8227601.0
2003-05-20,3.5845,3.6287,3.5359,3.5904,10453112.0
2003-05-21,3.5359,3.5683,3.4785,3.5448,12549402.0
2003-05-22,3.5212,3.5801,3.5212,3.5654,11950027.0
2003-05-23,3.558,3.7127,3.5418,3.7054,13041003.0
2003-05-27,3.7201,3.7599,3.6685,3.7496,12867824.0
2003-05-28,3.7496,3.7717,3.723,3.7304,12289500.0
2003-05-29,3.6833,3.8203,3.6833,3.7127,12644332.0
2003-05-30,3.7127,3.81,3.7127,3.751,10273975.0
2003-06-02,3.8011,3.9116,3.7628,3.8011,13293357.0
2003-06-03,3.8011,3.8586,3.7879,3.8055,9712334.0
2003-06-04,3.779,3.8659,3.7569,3.8571,11914411.0
2003-06-05,3.8453,3.9249,3.8306,3.9087,10631720.0
2003-06-06,3.9706,4.0015,3.8556,3.8925,10650918.0
2003-06-09,3.9485,4.0295,3.7658,3.8011,14390291.0
2003-06-10,3.7672,3.8291,3.7422,3.7923,13897763.0
2003-06-11,3.7746,3.8144,3.7525,3.8055,10134823.0
2003-06-12,3.8306,3.8453,3.7569,3.8335,8746079.0
2003-06-13,3.779,3.7938,3.7113,3.7304,10904861.0
2003-06-16,3.7599,3.8262,3.7363,3.8085,10175470.0
2003-06-17,3.7525,3.8011,3.7275,3.7643,11656761.0
2003-06-18,3.7746,3.8409,3.7437,3.7805,10073786.0
2003-06-19,3.7893,3.8041,3.7319,3.7731,8432159.0
2003-06-20,3.8085,3.8571,3.7938,3.8453,20304070.0
2003-06-23,3.8424,3.8748,3.8159,3.835,12027084.0
2003-06-24,3.838,3.9337,3.835,3.8895,14449739.0
2003-06-25,3.8895,3.9205,3.7864,3.8011,11507414.0
2003-06-26,3.8085,3.8424,3.7643,3.835,8253022.0
2003-06-27,3.8011,3.8144,3.7363,3.7481,8651016.0
2003-06-30,3.7628,3.8041,3.751,3.7643,11302061.0
2003-07-01,3.7643,3.8438,3.754,3.835,13712536.0
2003-07-02,3.8674,3.9234,3.8335,3.919,10669984.0
2003-07-03,3.9116,3.9499,3.8512,3.8645,6476478.0
2003-07-07,3.8659,3.9602,3.8453,3.8822,11814714.0
2003-07-08,3.8682,3.9478,3.8682,3.9223,9222587.0
2003-07-09,3.9253,3.9508,3.8412,3.8697,10249878.0
2003-07-10,3.8382,3.8427,3.7285,3.7525,10697788.0
2003-07-11,3.7405,3.8291,3.7405,3.8171,8098378.0
2003-07-14,3.8382,3.8667,3.766,3.7811,8102218.0
2003-07-15,3.7931,3.8712,3.6834,3.7255,11721372.0
2003-07-16,3.703,3.703,3.5843,3.6233,13370811.0
2003-07-17,3.5978,3.6008,3.4626,3.5242,16286789.0
2003-07-18,3.5753,3.6324,3.5392,3.6324,11938640.0
2003-07-21,3.6248,3.6414,3.4581,3.4746,15411492.0
2003-07-22,3.5227,3.5978,3.5092,3.5708,14816487.0
2003-07-23,3.6128,3.6594,3.5452,3.6008,15490800.0
2003-07-24,3.6429,3.6459,3.4476,3.5002,18774452.0
2003-07-25,3.5077,3.5587,3.3755,3.5362,13990178.0
2003-07-28,3.5978,3.6143,3.5332,3.5978,9832289.0
2003-07-29,3.6354,3.6354,3.5152,3.5407,11408908.0
2003-07-30,3.5873,3.6053,3.5497,3.5497,11018725.0
2003-07-31,3.6008,3.6053,3.4972,3.5092,12689216.0
2003-08-01,3.5452,3.5512,3.4626,3.5152,10409023.0
2003-08-04,3.5452,3.6053,3.5107,3.5828,10913335.0
2003-08-05,3.5843,3.5858,3.4851,3.4896,11761489.0
2003-08-06,3.4896,3.5587,3.4716,3.5227,10897182.0
2003-08-07,3.5002,3.5347,3.4881,3.5122,8050450.0
2003-08-08,3.5122,3.5332,3.4926,3.5152,8328622.0
2003-08-11,3.5287,3.5452,3.4956,3.5332,5075157.0
2003-08-12,3.5422,3.5512,3.4671,3.5452,11687875.0
2003-08-13,3.5602,3.5617,3.4551,3.4701,11540911.0
2003-08-14,3.4851,3.4881,3.4491,3.4671,10068490.0
2003-08-15,3.4851,3.4896,3.4416,3.4896,5765358.0
2003-08-18,3.4941,3.5422,3.4851,3.5347,8614341.0
2003-08-19,3.5377,3.5648,3.5092,3.5542,8918464.0
2003-08-20,3.5542,3.6038,3.5467,3.5663,9124478.0
2003-08-21,3.6053,3.6519,3.5557,3.5708,14159386.0
2003-08-22,3.5708,3.5768,3.4656,3.4776,13489574.0
2003-08-25,3.4656,3.4806,3.416,3.4371,9936488.0
2003-08-26,3.4281,3.4761,3.38,3.4701,9555838.0
2003-08-27,3.4476,3.5903,3.4025,3.41,8829226.0
2003-08-28,3.41,3.4326,3.374,3.425,11110478.0
2003-08-29,3.407,3.4235,3.3484,3.374,14034135.0
2003-09-02,3.371,3.398,3.3559,3.3785,15030313.0
2003-09-03,3.377,3.4851,3.3755,3.4476,16038142.0
2003-09-04,3.4626,3.5062,3.4416,3.4731,11073406.0
2003-09-05,3.4731,3.4881,3.4476,3.4551,9692739.0
2003-09-08,3.4626,3.4972,3.4551,3.4746,6796224.0
2003-09-09,3.4671,3.4957,3.4341,3.4431,8650354.0
2003-09-10,3.4551,3.5272,3.4431,3.5002,13402190.0
2003-09-11,3.5257,3.5482,3.4881,3.4987,13580665.0
2003-09-12,3.5062,3.5332,3.4671,3.5197,8784343.0
2003-09-15,3.5152,3.5287,3.4566,3.4641,11864629.0
2003-09-16,3.4596,3.5197,3.4521,3.5167,10761869.0
2003-09-17,3.5152,3.5332,3.4926,3.5287,8951696.0
2003-09-18,3.5678,3.6143,3.5512,3.6113,17239672.0
2003-09-19,3.6113,3.6113,3.5422,3.5843,13847584.0
2003-09-22,3.5783,3.5783,3.4821,3.5152,9251847.0
2003-09-23,3.4851,3.5948,3.3349,3.383,26122123.0
2003-09-24,3.383,3.4145,3.2748,3.2913,21033594.0
2003-09-25,3.2913,3.3484,3.2598,3.3109,14154090.0
2003-09-26,3.3079,3.3364,3.2748,3.2778,16633544.0
2003-09-29,3.2929,3.3169,3.2523,3.3019,13647924.0
2003-09-30,3.2793,3.3424,3.2673,3.3424,15006348.0
2003-10-01,3.3604,3.395,3.3124,3.395,16651286.0
2003-10-02,3.365,3.392,3.3274,3.38,12805993.0
2003-10-03,3.4371,3.4506,3.3845,3.3965,16527757.0
2003-10-06,3.3875,3.4235,3.3755,3.4205,10807944.0
2003-10-07,3.3875,3.4476,3.3875,3.4416,11092604.0
2003-10-08,3.4488,3.458,3.392,3.4043,11498410.0
2003-10-09,3.4304,3.4319,3.3628,3.3858,15894223.0
2003-10-10,3.3797,3.4027,3.3305,3.372,13636935.0
2003-10-13,3.3781,3.4012,3.3044,3.3336,11382163.0
2003-10-14,3.3321,3.3336,3.2645,3.2875,15960290.0
2003-10-15,3.2952,3.3321,3.2506,3.3228,14604382.0
2003-10-16,3.3413,3.4027,3.2936,3.3751,15340526.0
2003-10-17,3.395,3.4104,3.3582,3.3797,16366891.0
2003-10-20,3.3874,3.4411,3.3505,3.4411,12300622.0
2003-10-21,3.3259,3.3981,3.2952,3.3797,29439934.0
2003-10-22,3.3213,3.4273,3.3213,3.395,18295562.0
2003-10-23,3.3797,3.4534,3.3689,3.4319,18083192.0
2003-10-24,3.4181,3.5287,3.395,3.5241,20849822.0
2003-10-27,3.5241,3.6593,3.5241,3.607,29437684.0
2003-10-28,3.5748,3.6316,3.5748,3.6239,24870016.0
2003-10-29,3.6239,3.65,3.5947,3.6393,18451529.0
2003-10-30,3.6639,3.6654,3.5917,3.607,18158395.0
2003-10-31,3.6654,3.6869,3.6193,3.6838,19448104.0
2003-11-03,3.6838,3.7253,3.6746,3.6977,17407422.0
2003-11-04,3.71,3.7146,3.6623,3.6685,14477410.0
2003-11-05,3.6378,3.6562,3.5917,3.6255,14931013.0
2003-11-06,3.5947,3.5963,3.5179,3.5548,17157848.0
2003-11-07,3.5471,3.5656,3.5272,3.5272,15908257.0
2003-11-10,3.5272,3.6331,3.5118,3.6101,13625946.0
2003-11-11,3.6116,3.627,3.5809,3.6163,13318381.0
2003-11-12,3.5978,3.6316,3.5809,3.6178,9748082.0
2003-11-13,3.6178,3.6178,3.5471,3.5794,11463722.0
2003-11-14,3.5656,3.65,3.5656,3.627,14408562.0
2003-11-17,3.627,3.6654,3.5609,3.5932,11470606.0
2003-11-18,3.6255,3.627,3.5471,3.5502,9086877.0
2003-11-19,3.5763,3.5763,3.5149,3.5364,10917969.0
2003-11-20,3.5103,3.5471,3.5072,3.5225,11268961.0
2003-11-21,3.5487,3.5686,3.5179,3.5379,12048135.0
2003-11-24,3.5441,3.607,3.5318,3.5425,12070908.0
2003-11-25,3.5364,3.607,3.5256,3.604,13886112.0
2003-11-26,3.6055,3.6101,3.5656,3.5932,7815175.0
2003-11-28,3.5932,3.5932,3.541,3.5763,4638104.0
2003-12-01,3.5794,3.5809,3.5487,3.564,11783997.0
2003-12-02,3.5333,3.5732,3.5256,3.5609,15171716.0
2003-12-03,3.5609,3.5778,3.5333,3.5563,10824892.0
2003-12-04,3.541,3.6977,3.5348,3.69,18863558.0
2003-12-05,3.6946,3.7714,3.6762,3.7468,15160594.0
2003-12-08,3.7345,3.7407,3.6531,3.713,10479063.0
2003-12-09,3.7054,3.7161,3.6777,3.6823,10120921.0
2003-12-10,3.6808,3.7898,3.6593,3.7806,16279110.0
2003-12-11,3.7806,3.8421,3.7499,3.8098,15499671.0
2003-12-12,3.8098,3.8175,3.7407,3.7729,14538182.0
2003-12-15,3.7945,3.8375,3.7653,3.8206,15235930.0
2003-12-16,3.8329,3.8928,3.7806,3.8067,15951022.0
2003-12-17,3.8221,3.8559,3.8113,3.8513,11758841.0
2003-12-18,3.859,3.8928,3.8498,3.8882,11449952.0
2003-12-19,3.902,3.9312,3.8467,3.8774,18629739.0
2003-12-22,3.8713,3.9097,3.8451,3.9097,10245377.0
2003-12-23,3.8713,3.9373,3.8697,3.8897,9203786.0
2003-12-24,3.8866,3.8974,3.8574,3.859,3258099.0
2003-12-26,3.8559,3.8774,3.8559,3.8728,2315676.0
2003-12-29,3.8743,3.9865,3.8713,3.9773,11084925.0
2003-12-30,3.9865,4.0095,3.9788,4.0034,9032460.0
2003-12-31,3.9988,4.0172,3.9788,4.0049,8849748.0
2004-01-02,4.0049,4.0618,3.9849,4.0157,10977019.0
2004-01-05,4.0633,4.1585,4.0571,4.1555,18266434.0
2004-01-06,4.1478,4.1785,4.1263,4.1662,14337596.0
2004-01-07,4.2309,4.2309,4.1747,4.2277,19131006.0
2004-01-08,4.2433,4.326,4.2231,4.3042,15265455.0
2004-01-09,4.1529,4.2886,4.0717,4.0873,24286397.0
2004-01-12,4.0405,4.195,4.039,4.1856,17379354.0
2004-01-13,4.1841,4.2137,4.0749,4.1263,12392508.0
2004-01-14,4.1263,4.1653,4.1045,4.1622,12532057.0
2004-01-15,4.1622,4.2106,4.1107,4.1716,10530302.0
2004-01-16,4.1794,4.1934,4.1076,4.1295,9796938.0
2004-01-20,4.1139,4.2262,4.1107,4.2121,12380856.0
2004-01-21,4.1731,4.2059,4.117,4.1326,16168556.0
2004-01-22,4.1029,4.1653,4.0483,4.1061,14734531.0
2004-01-23,4.1341,4.1497,4.1076,4.1217,8805659.0
2004-01-26,4.1217,4.1872,4.0889,4.1638,9601516.0
2004-01-27,4.0998,4.17,4.0249,4.0483,24828972.0
2004-01-28,4.0483,4.0483,3.9797,3.9875,17599270.0
2004-01-29,3.9922,4.0093,3.936,4.0093,17003470.0
2004-01-30,4.014,4.0156,3.9142,3.9781,19006682.0
2004-02-02,3.9937,4.1747,3.9703,4.1279,23763549.0
2004-02-03,4.1295,4.1404,4.053,4.0686,14193280.0
2004-02-04,4.0249,4.0561,3.8596,3.9875,22442727.0
2004-02-05,3.975,4.0374,3.9438,4.0062,13228084.0
2004-02-06,4.0047,4.0936,3.9625,4.0593,11292926.0
2004-02-09,4.0327,4.0483,3.9781,4.0015,12866235.0
2004-02-10,4.0125,4.0717,4.0062,4.0468,12805596.0
2004-02-11,4.0062,4.0702,4.0015,4.0499,10236374.0
2004-02-12,4.0249,4.0343,3.9594,4.0,10304295.0
2004-02-13,3.9781,4.0171,3.8689,3.9079,17384782.0
2004-02-17,3.78,3.883,3.755,3.8799,29227962.0
2004-02-18,3.8221,3.8253,3.7831,3.8143,22827216.0
2004-02-19,3.8159,3.8284,3.7597,3.7738,21469057.0
2004-02-20,3.7785,3.7831,3.7145,3.7254,21009232.0
2004-02-23,3.7254,3.7504,3.6973,3.7441,16823009.0
2004-02-24,3.7129,3.78,3.7067,3.7644,16662275.0
2004-02-25,3.7644,3.819,3.7504,3.7675,15370316.0
2004-02-26,3.7722,3.7847,3.7441,3.7629,11761754.0
2004-02-27,3.6661,3.7597,3.6193,3.7457,12346300.0
2004-03-01,3.7722,3.7987,3.7613,3.7831,11942083.0
2004-03-02,3.7519,3.9781,3.7457,3.975,28234300.0
2004-03-03,3.9688,4.0171,3.9064,3.9376,27512985.0
2004-03-04,3.9376,3.9469,3.9095,3.9298,12625796.0
2004-03-05,3.9095,3.9454,3.8877,3.9033,11086382.0
2004-03-08,3.9766,3.9781,3.9033,3.9235,10382014.0
2004-03-09,3.9048,3.9313,3.8923,3.922,9499700.0
2004-03-10,3.9079,3.9157,3.7519,3.7972,12914031.0
2004-03-11,3.7972,3.819,3.7488,3.7519,15239902.0
2004-03-12,3.7582,3.8003,3.7457,3.8003,10941536.0
2004-03-15,3.7629,3.8081,3.7488,3.7722,12118307.0
2004-03-16,3.8112,3.8128,3.7597,3.7863,7789754.0
2004-03-17,3.7956,3.8377,3.7753,3.8268,7576855.0
2004-03-18,3.8237,3.8877,3.8065,3.8533,10829393.0
2004-03-19,3.8533,3.8689,3.8253,3.8409,10928031.0
2004-03-22,3.8221,3.8221,3.7551,3.7597,11252676.0
2004-03-23,3.7831,3.7831,3.6958,3.741,13057553.0
2004-03-24,3.7285,3.7488,3.6911,3.6989,11665632.0
2004-03-25,3.7363,3.78,3.6989,3.7551,12370397.0
2004-03-26,3.7363,3.7473,3.7082,3.7316,8418124.0
2004-03-29,3.7597,3.7972,3.7316,3.78,8722115.0
2004-03-30,3.7753,3.8097,3.7519,3.8003,9668642.0
2004-03-31,3.819,3.8674,3.8003,3.8284,14630730.0
2004-04-01,3.8565,3.8721,3.8284,3.858,11346283.0
2004-04-02,3.9001,3.9064,3.8424,3.8799,10883545.0
2004-04-05,3.9048,3.9547,3.9017,3.9532,14538447.0
2004-04-06,3.9523,3.9729,3.9317,3.9729,7304376.0
2004-04-07,3.9729,3.9729,3.8952,3.8984,14108412.0
2004-04-08,3.9253,3.9301,3.8603,3.8793,8464597.0
2004-04-12,3.9015,3.9174,3.8698,3.8809,12801226.0
2004-04-13,3.9174,3.919,3.8302,3.8476,11286835.0
2004-04-14,3.8429,3.8603,3.808,3.8318,8685440.0
2004-04-15,3.8318,3.9063,3.8238,3.8635,9500097.0
2004-04-16,3.8857,3.8857,3.8143,3.8333,10197713.0
2004-04-19,3.8143,3.8857,3.8016,3.8714,9283226.0
2004-04-20,3.9174,3.9888,3.8587,3.8635,13746562.0
2004-04-21,3.9142,3.9618,3.8936,3.9285,17466473.0
2004-04-22,3.9063,4.049,3.9031,4.0284,24185773.0
2004-04-23,4.0522,4.0554,4.0046,4.0316,12309625.0
2004-04-26,4.0363,4.0728,4.0221,4.0443,13164400.0
2004-04-27,4.0475,4.0649,3.9967,4.0427,14531165.0
2004-04-28,4.0459,4.049,3.9967,3.9983,9768340.0
2004-04-29,4.003,4.0697,3.984,4.0237,11743218.0
2004-04-30,4.0443,4.0506,3.9428,3.9491,12374104.0
2004-05-03,4.0046,4.0046,3.9444,4.0015,11071288.0
2004-05-04,4.0411,4.0586,4.003,4.03,9386630.0
2004-05-05,4.0094,4.0411,3.9935,4.0363,8946003.0
2004-05-06,3.9999,4.0395,3.9253,4.0126,9988124.0
2004-05-07,3.9999,4.0126,3.9237,3.9237,9222587.0
2004-05-10,3.8191,3.9317,3.8191,3.8873,12188082.0
2004-05-11,3.8698,3.8889,3.8524,3.8841,7230099.0
2004-05-12,3.8476,3.8936,3.8222,3.8857,9128848.0
2004-05-13,3.8698,3.9555,3.8571,3.9142,11815773.0
2004-05-14,3.8857,3.9111,3.8508,3.8857,8055613.0
2004-05-17,3.8254,3.8841,3.8238,3.854,9918216.0
2004-05-18,3.8508,3.9317,3.8349,3.9,10897976.0
2004-05-19,3.9,3.9269,3.854,3.8714,14604647.0
2004-05-20,3.8555,3.8666,3.8222,3.8555,8293139.0
2004-05-21,3.8714,3.8889,3.8397,3.8587,7932746.0
2004-05-24,3.8603,3.8698,3.8048,3.8365,6708178.0
2004-05-25,3.8143,3.8365,3.7477,3.8143,13395438.0
2004-05-26,3.8191,3.8191,3.7271,3.7271,14827344.0
2004-05-27,3.7667,3.7905,3.7366,3.7826,12222771.0
2004-05-28,3.7937,3.7937,3.7461,3.7588,7309804.0
2004-06-01,3.7636,3.7858,3.735,3.7651,8734031.0
2004-06-02,3.7667,3.8508,3.7667,3.7858,8178745.0
2004-06-03,3.7604,3.8222,3.7525,3.762,7615251.0
2004-06-04,3.7651,3.8349,3.7651,3.7953,7323971.0
2004-06-07,3.7969,3.8555,3.7953,3.8508,7901897.0
2004-06-08,3.8191,3.8698,3.7858,3.8603,7709387.0
2004-06-09,3.8381,3.9919,3.8349,3.9047,18943924.0
2004-06-10,3.9206,3.9666,3.8936,3.9348,11255986.0
2004-06-14,3.9063,3.9269,3.8873,3.8936,9034446.0
2004-06-15,3.9079,3.9237,3.8555,3.8809,8573562.0
2004-06-16,3.8809,3.892,3.854,3.8762,7308480.0
2004-06-17,3.8619,3.8936,3.8492,3.892,6177652.0
2004-06-18,3.892,3.9364,3.8746,3.9015,12406410.0
2004-06-21,3.8777,3.8873,3.8619,3.8698,8810293.0
2004-06-22,3.8571,3.873,3.8143,3.8175,11250558.0
2004-06-23,3.8302,3.854,3.8191,3.846,11116172.0
2004-06-24,3.8381,3.8508,3.7556,3.7731,15862579.0
2004-06-25,3.7826,3.8365,3.7699,3.7747,14264908.0
2004-06-28,3.8048,3.8857,3.8,3.8302,14850646.0
2004-06-29,3.8349,3.8793,3.8254,3.8476,8384230.0
2004-06-30,3.8476,3.8936,3.8254,3.846,12090238.0
2004-07-01,3.8698,3.8793,3.808,3.8286,11342311.0
2004-07-02,3.8143,3.8333,3.7937,3.8238,6552476.0
2004-07-06,3.8175,3.8508,3.808,3.827,10259411.0
2004-07-07,3.8503,3.8616,3.818,3.8487,8290756.0
2004-07-08,3.8568,3.86,3.7745,3.7858,7987692.0
2004-07-09,3.7906,3.8116,3.7583,3.8067,7512641.0
2004-07-12,3.8051,3.8438,3.7922,3.8196,6451455.0
2004-07-13,3.81,3.818,3.7712,3.7777,6495014.0
2004-07-14,3.7503,3.8326,3.7486,3.7987,11604860.0
2004-07-15,3.789,3.7987,3.7083,3.7115,8378537.0
2004-07-16,3.7503,3.7503,3.7164,3.7277,9600854.0
2004-07-19,3.7277,3.7648,3.7212,3.7373,8295522.0
2004-07-20,3.7373,3.7841,3.7357,3.7551,8477042.0
2004-07-21,3.7841,3.8406,3.7357,3.7438,9389808.0
2004-07-22,3.7841,3.8342,3.7357,3.8051,15404343.0
2004-07-23,3.8729,3.9616,3.8729,3.9084,20876435.0
2004-07-26,3.9649,4.0149,3.9504,3.9939,18918636.0
2004-07-27,4.0327,4.1617,4.023,4.0891,21220940.0
2004-07-28,4.0988,4.1149,4.0472,4.0988,11979287.0
2004-07-29,4.0988,4.1262,4.0778,4.0988,10510442.0
2004-07-30,4.0988,4.1069,4.0343,4.0891,11651465.0
2004-08-02,4.0956,4.1311,4.0794,4.1133,11461736.0
2004-08-03,4.1472,4.1972,4.1117,4.1246,15591821.0
2004-08-04,4.1117,4.1521,4.0924,4.1295,6564392.0
2004-08-05,4.1295,4.1375,4.0778,4.0794,8091891.0
2004-08-06,4.0359,4.0891,4.002,4.0101,8724895.0
2004-08-09,4.0262,4.0504,3.9971,4.0117,8085403.0
2004-08-10,4.0343,4.0794,4.0262,4.0746,8958846.0
2004-08-11,4.0504,4.0924,4.0488,4.0811,8699474.0
2004-08-12,4.0746,4.0972,4.0585,4.073,7912886.0
2004-08-13,4.0617,4.0859,4.023,4.0439,6007782.0
2004-08-16,4.0439,4.1246,4.0375,4.1214,8325312.0
2004-08-17,4.1214,4.1392,4.0778,4.094,7126562.0
2004-08-18,4.1004,4.1279,4.094,4.1279,9756159.0
2004-08-19,4.1149,4.1617,4.0972,4.123,8681071.0
2004-08-20,4.123,4.1666,4.1085,4.1262,6954707.0
2004-08-23,4.1795,4.1795,4.1214,4.1327,10229489.0
2004-08-24,4.1537,4.1601,4.1085,4.1295,6400216.0
2004-08-25,4.1359,4.1682,4.0778,4.1456,11500794.0
2004-08-26,4.1521,4.1795,4.1343,4.1537,8169477.0
2004-08-27,4.1505,4.1779,4.144,4.1698,6115424.0
2004-08-30,4.1698,4.1843,4.1521,4.1634,5770389.0
2004-08-31,4.1747,4.1747,4.1262,4.1617,8162725.0
2004-09-01,4.1747,4.194,4.1262,4.194,8865504.0
2004-09-02,4.2005,4.236,4.1682,4.2247,7099685.0
2004-09-03,4.2279,4.2844,4.2134,4.2279,7546270.0
2004-09-07,4.2731,4.315,4.2473,4.307,10301647.0
2004-09-08,4.2763,4.3296,4.2747,4.2844,10470060.0
2004-09-09,4.2892,4.3086,4.2376,4.244,9871347.0
2004-09-10,4.2521,4.2925,4.2198,4.2876,10319124.0
2004-09-13,4.2795,4.3312,4.2763,4.3312,8179275.0
2004-09-14,4.3312,4.3376,4.2618,4.2957,11769698.0
2004-09-15,4.2957,4.315,4.1795,4.2053,14473174.0
2004-09-16,4.2118,4.2989,4.2037,4.286,9070592.0
2004-09-17,4.3134,4.3134,4.244,4.2731,11069567.0
2004-09-20,4.2473,4.2763,4.2311,4.2666,5433431.0
2004-09-21,4.2634,4.2795,4.2408,4.2618,6578162.0
2004-09-22,4.2537,4.265,4.236,4.2537,9584966.0
2004-09-23,4.2521,4.2602,4.1876,4.2021,9943770.0
2004-09-24,4.1956,4.2118,4.1714,4.2037,7817161.0
2004-09-27,4.1747,4.2021,4.1392,4.1908,6955104.0
2004-09-28,4.2085,4.2182,4.1472,4.1666,9266411.0
2004-09-29,4.1521,4.1972,4.1262,4.1972,10222074.0
2004-09-30,4.2053,4.2134,4.1569,4.1876,10852563.0
2004-10-01,4.236,4.2602,4.1956,4.2473,12067466.0
2004-10-04,4.2521,4.357,4.2505,4.3409,12359275.0
2004-10-05,4.3522,4.4038,4.3344,4.3893,11072082.0
2004-10-06,4.4654,4.467,4.39,4.449,8059056.0
2004-10-07,4.4277,4.449,4.3753,4.4244,8888806.0
2004-10-08,4.3933,4.431,4.3867,4.3966,6620530.0
2004-10-11,4.4015,4.4228,4.3916,4.4031,4358608.0
2004-10-12,4.3703,4.4326,4.3605,4.4064,7149600.0
2004-10-13,4.4162,4.4424,4.3507,4.3638,7990737.0
2004-10-14,4.349,4.3982,4.3179,4.3179,5861878.0
2004-10-15,4.349,4.4195,4.3277,4.372,8360928.0
2004-10-18,4.3834,4.4129,4.3589,4.4097,7537002.0
2004-10-19,4.4048,4.4048,4.3507,4.3753,9575565.0
2004-10-20,4.3736,4.3818,4.3179,4.3359,10825686.0
2004-10-21,4.3359,4.3425,4.1524,4.2081,20383377.0
2004-10-22,4.2032,4.2081,4.1213,4.136,12771701.0
2004-10-25,4.0868,4.1131,4.0426,4.095,13136066.0
2004-10-26,4.0885,4.0885,4.0229,4.0557,16686372.0
2004-10-27,4.0475,4.1262,4.0229,4.0901,10856138.0
2004-10-28,4.0901,4.1753,4.0836,4.154,12375163.0
2004-10-29,4.1655,4.1901,4.1393,4.1393,13483748.0
2004-11-01,4.154,4.2311,4.1131,4.2065,15306764.0
2004-11-02,4.1721,4.2524,4.1721,4.1819,12852200.0
2004-11-03,4.2065,4.2491,4.1966,4.2114,12372780.0
2004-11-04,4.2327,4.2966,4.2179,4.2802,12813275.0
2004-11-05,4.3081,4.3228,4.272,4.3015,10282184.0
2004-11-08,4.3163,4.3326,4.2802,4.3081,9382526.0
2004-11-09,4.3146,4.3228,4.272,4.2851,11827689.0
2004-11-10,4.3097,4.313,4.2376,4.2556,12271494.0
2004-11-11,4.2753,4.2982,4.2704,4.2933,8989695.0
2004-11-12,4.2769,4.3753,4.2737,4.3703,11651332.0
2004-11-15,4.3474,4.349,4.2884,4.3228,10792718.0
2004-11-16,4.331,4.3458,4.2605,4.2818,11667882.0
2004-11-17,4.3179,4.3507,4.2556,4.29,10230151.0
2004-11-18,4.2933,4.3048,4.2622,4.2786,8884305.0
2004-11-19,4.2737,4.2884,4.2261,4.2425,8100497.0
2004-11-22,4.254,4.2819,4.1753,4.1819,14763130.0
2004-11-23,4.195,4.2032,4.1475,4.1721,11647890.0
2004-11-24,4.1426,4.1573,4.1213,4.1557,10590941.0
2004-11-26,4.1753,4.1803,4.1589,4.1753,5338236.0
2004-11-29,4.1753,4.1901,4.1475,4.154,9425688.0
2004-11-30,4.1376,4.1491,4.1065,4.1245,10456820.0
2004-12-01,4.1622,4.2425,4.1475,4.2245,15636308.0
2004-12-02,4.2245,4.3523,4.2196,4.2769,14969674.0
2004-12-03,4.2737,4.2851,4.2114,4.2294,9409800.0
2004-12-06,4.2081,4.2196,4.1803,4.1803,9138645.0
2004-12-07,4.1983,4.2196,4.1606,4.1639,10248819.0
2004-12-08,4.1737,4.1868,4.1131,4.1393,9042258.0
2004-12-09,4.0967,4.1376,4.0934,4.1,12069981.0
2004-12-10,4.1458,4.2081,4.0885,4.1475,12830354.0
2004-12-13,4.1901,4.2425,4.1671,4.2212,11869528.0
2004-12-14,4.2327,4.2589,4.1966,4.2524,11871778.0
2004-12-15,4.2589,4.2605,4.159,4.2081,13014920.0
2004-12-16,4.2065,4.2245,4.1573,4.2114,13488912.0
2004-12-17,4.2114,4.2458,4.195,4.2114,17241790.0
2004-12-20,4.236,4.2671,4.2212,4.2294,11420162.0
2004-12-21,4.2409,4.2655,4.2311,4.2442,9828846.0
2004-12-22,4.2605,4.2851,4.2212,4.2524,8883246.0
2004-12-23,4.2491,4.272,4.2442,4.2655,5622763.0
2004-12-27,4.2605,4.2769,4.2458,4.2524,9083964.0
2004-12-28,4.2458,4.2884,4.2458,4.2687,5829572.0
2004-12-29,4.2474,4.2589,4.2278,4.2409,8159680.0
2004-12-30,4.2573,4.2589,4.2196,4.2212,7421152.0
2004-12-31,4.2278,4.2425,4.2048,4.2229,7811997.0
2005-01-03,4.2573,4.2573,4.1884,4.1934,13108262.0
2005-01-04,4.2212,4.2245,4.1491,4.1491,15728061.0
2005-01-05,4.1671,4.2261,4.1655,4.1688,14649398.0
2005-01-06,4.2284,4.2284,4.1701,4.1917,11942480.0
2005-01-07,4.2084,4.2301,4.1767,4.1801,13383124.0
2005-01-10,4.1834,4.1834,4.1201,4.1501,16073492.0
2005-01-11,4.1484,4.1534,4.0951,4.1084,14657210.0
2005-01-12,4.0984,4.1417,4.0867,4.1351,12273348.0
2005-01-13,4.1201,4.1351,4.0484,4.0717,14992049.0
2005-01-14,4.0751,4.0884,4.0351,4.0684,14524810.0
2005-01-18,4.0651,4.1567,4.0651,4.1467,18581413.0
2005-01-19,4.2167,4.2251,4.1267,4.1317,12983674.0
2005-01-20,4.1301,4.1484,4.0784,4.0784,16270504.0
2005-01-21,4.1084,4.1234,4.0784,4.0967,17816936.0
2005-01-24,4.1117,4.1684,4.0867,4.0901,11804122.0
2005-01-25,4.0917,4.1084,4.0534,4.0751,12244352.0
2005-01-26,4.1167,4.1484,4.0617,4.0967,16351135.0
2005-01-27,4.0417,4.0434,3.9417,3.9451,36204648.0
2005-01-28,3.9184,3.9484,3.8884,3.9367,22835690.0
2005-01-31,3.9367,3.9984,3.8834,3.9601,41465959.0
2005-02-01,4.0001,4.0117,3.9601,3.9867,26649737.0
2005-02-02,4.0467,4.0767,3.9967,4.0651,29170236.0
2005-02-03,4.1234,4.1334,4.0784,4.1034,20621035.0
2005-02-04,4.1034,4.1101,4.0684,4.1001,17177046.0
2005-02-07,4.1001,4.1034,4.0551,4.0784,10213071.0
2005-02-08,4.0984,4.1167,4.0801,4.1017,12940644.0
2005-02-09,4.1117,4.1151,4.0617,4.0634,10863155.0
2005-02-10,4.0634,4.0651,4.0084,4.0167,16498099.0
2005-02-11,4.0167,4.0684,3.9917,4.0434,14423788.0
2005-02-14,4.0734,4.1167,4.0417,4.0617,16173322.0
2005-02-15,4.0751,4.1234,4.0617,4.0867,12032512.0
2005-02-16,4.0967,4.1101,4.0601,4.0851,11878796.0
2005-02-17,4.0867,4.0884,4.0284,4.0417,14189838.0
2005-02-18,4.0501,4.0501,4.0201,4.0301,13077148.0
2005-02-22,4.0467,4.0834,4.0001,4.0051,15994052.0
2005-02-23,4.0067,4.0401,3.9817,4.0234,14219495.0
2005-02-24,4.0134,4.0417,3.9984,4.0267,8454005.0
2005-02-25,4.0301,4.0417,3.9884,4.0351,10097354.0
2005-02-28,4.0367,4.0367,4.0001,4.0101,10970399.0
2005-03-01,4.0351,4.0667,4.0251,4.0534,10216646.0
2005-03-02,4.0534,4.0801,4.0351,4.0534,8330211.0
2005-03-03,4.0767,4.0834,4.0284,4.0601,7547594.0
2005-03-04,4.0901,4.1034,4.0617,4.0817,7556730.0
2005-03-07,4.0951,4.0984,4.0684,4.0701,6482172.0
2005-03-08,4.0751,4.0884,4.0217,4.0284,8270101.0
2005-03-09,4.0267,4.0384,3.9934,4.0167,9524856.0
2005-03-10,4.0317,4.0501,4.0101,4.0201,7675096.0
2005-03-11,4.0284,4.0451,3.9934,4.0001,8165373.0
2005-03-14,4.0001,4.0251,3.9934,4.0151,9583244.0
2005-03-15,4.0317,4.0317,3.9417,3.9434,12512330.0
2005-03-16,3.9334,3.9601,3.8934,3.9034,14769088.0
2005-03-17,3.9117,3.9201,3.8717,3.9001,8929850.0
2005-03-18,3.9017,3.9167,3.8351,3.8917,19503844.0
2005-03-21,3.8801,3.8984,3.8467,3.8684,9739874.0
2005-03-22,3.8734,3.8917,3.8317,3.8401,9855194.0
2005-03-23,3.8734,3.9484,3.8501,3.9001,17415366.0
2005-03-24,3.9001,3.9134,3.8751,3.8834,7829342.0
2005-03-28,3.9001,3.9801,3.8917,3.9151,11597446.0
2005-03-29,3.9151,3.9567,3.8817,3.8884,12753430.0
2005-03-30,3.9001,3.9551,3.8917,3.9501,11627368.0
2005-03-31,3.9601,3.9667,3.9334,3.9484,12519876.0
2005-04-01,3.9634,3.9867,3.9084,3.9434,13940131.0
2005-04-04,3.9634,3.9984,3.9367,3.9851,14910358.0
2005-04-05,4.0184,4.0551,4.0034,4.0334,21974560.0
2005-04-06,4.1026,4.1043,4.0364,4.0567,14031487.0
2005-04-07,4.0635,4.0975,4.0432,4.0449,16010073.0
2005-04-08,4.0584,4.0805,4.0177,4.0296,15534624.0
2005-04-11,4.0432,4.0483,4.0177,4.0432,9040669.0
2005-04-12,4.0415,4.0686,4.0177,4.0534,12507034.0
2005-04-13,4.0415,4.0669,4.0228,4.0432,11903819.0
2005-04-14,4.0584,4.0839,4.0109,4.0126,11671987.0
2005-04-15,4.0058,4.0126,3.8854,3.9023,15303322.0
2005-04-18,3.9617,3.9685,3.9295,3.938,19261287.0
2005-04-19,3.9363,3.9583,3.921,3.9363,13133153.0
2005-04-20,3.9278,3.9499,3.8871,3.8956,10991848.0
2005-04-21,3.9278,3.9515,3.904,3.9329,10552545.0
2005-04-22,3.9346,3.9499,3.865,3.9363,10161965.0
2005-04-25,3.9957,4.0041,3.9465,3.9566,12367881.0
2005-04-26,3.9651,3.9651,3.9295,3.9295,12357289.0
2005-04-27,3.9244,4.0041,3.9193,3.977,16317638.0
2005-04-28,3.9363,4.0177,3.9363,3.9906,17450055.0
2005-04-29,4.0126,4.0483,3.994,4.0381,19030249.0
2005-05-02,4.0635,4.0771,4.0347,4.0347,19492193.0
2005-05-03,4.0517,4.0686,4.0245,4.0381,16352724.0
2005-05-04,4.0347,4.0584,4.0228,4.0381,11247248.0
2005-05-05,4.0313,4.0398,3.9821,4.0177,12075542.0
2005-05-06,4.0262,4.0381,3.9787,4.0075,9492815.0
2005-05-09,3.9957,4.0194,3.9736,4.0008,7618826.0
2005-05-10,3.9736,4.0024,3.9651,3.9787,8178480.0
2005-05-11,3.9651,3.9736,3.9125,3.9532,10261000.0
2005-05-12,3.9702,3.9872,3.938,3.9448,7823781.0
2005-05-13,3.9736,3.9736,3.9074,3.9159,9596220.0
2005-05-16,3.9295,3.9668,3.9193,3.9617,7725540.0
2005-05-17,3.938,3.9855,3.9278,3.9855,9209082.0
2005-05-18,3.9872,4.0262,3.9872,4.0177,17339369.0
2005-05-19,4.0347,4.0364,4.0058,4.0262,11141725.0
2005-05-20,4.0262,4.0313,3.9906,4.0092,15736005.0
2005-05-23,4.0008,4.033,4.0008,4.0211,15221631.0
2005-05-24,4.0075,4.0177,3.994,4.0058,9867507.0
2005-05-25,3.9906,4.0109,3.9872,3.9957,8201518.0
2005-05-26,4.0075,4.0296,3.9974,4.0126,8168153.0
2005-05-27,4.0262,4.0262,3.9957,4.016,6509181.0
2005-05-31,3.9957,4.0143,3.9617,3.9668,13900544.0
2005-06-01,3.9431,3.9702,3.9363,3.9499,18880372.0
2005-06-02,3.9532,3.977,3.9193,3.9736,13003004.0
2005-06-03,3.96,3.9736,3.9431,3.96,11344694.0
2005-06-06,3.9532,3.9668,3.9448,3.9532,8235280.0
2005-06-07,3.9532,4.0041,3.9499,3.977,12322865.0
2005-06-08,3.9855,4.0025,3.9651,3.994,7394275.0
2005-06-09,3.9991,4.0024,3.9617,3.9719,9340423.0
2005-06-10,3.9855,4.016,3.9702,4.0092,10463175.0
2005-06-13,4.0008,4.0567,3.994,4.0567,17026110.0
2005-06-14,4.0584,4.0703,4.0466,4.055,9554646.0
2005-06-15,4.0584,4.0754,4.0296,4.0737,13024982.0
2005-06-16,4.089,4.0907,4.0381,4.0635,10883942.0
2005-06-17,4.1043,4.1043,4.0567,4.0754,16046615.0
2005-06-20,4.0584,4.0873,4.055,4.0839,10695537.0
2005-06-21,4.0839,4.0839,4.0432,4.05,9268662.0
2005-06-22,4.0703,4.089,4.0279,4.0347,9799321.0
2005-06-23,4.0313,4.0466,3.9974,4.0143,9824742.0
2005-06-24,4.016,4.0347,3.9872,3.9872,10157463.0
2005-06-27,3.9736,4.0211,3.9702,3.9991,9271178.0
2005-06-28,4.0211,4.0279,3.9872,4.0211,10202612.0
2005-06-29,4.0432,4.0839,4.0296,4.0618,13974158.0
2005-06-30,4.0466,4.0635,4.0211,4.0296,15125773.0
2005-07-01,4.0517,4.0941,4.0432,4.0601,14530238.0
2005-07-05,4.0584,4.1195,4.0483,4.089,14669390.0
2005-07-06,4.1179,4.1248,4.0696,4.0782,13444293.0
2005-07-07,4.054,4.0627,4.0074,4.035,10985758.0
2005-07-08,4.035,4.0903,4.0264,4.0713,12615734.0
2005-07-11,4.1007,4.1145,4.0782,4.1093,14865078.0
2005-07-12,4.0955,4.13,4.0851,4.1249,20082300.0
2005-07-13,4.1197,4.1387,4.111,4.1266,10788482.0
2005-07-14,4.1439,4.1663,4.1318,4.1629,14459934.0
2005-07-15,4.1628,4.1749,4.1473,4.1663,12422827.0
2005-07-18,4.1525,4.1542,4.1024,4.1179,10425176.0
2005-07-19,4.1197,4.1525,4.073,4.1093,10342956.0
2005-07-20,4.1076,4.1197,4.073,4.111,15836232.0
2005-07-21,4.1369,4.1421,4.0696,4.0955,16112021.0
2005-07-22,4.1059,4.1369,4.0765,4.0972,13542137.0
2005-07-25,4.1179,4.1559,4.0972,4.1162,13569146.0
2005-07-26,4.1283,4.1732,4.1197,4.1525,16250114.0
2005-07-27,4.1663,4.1991,4.1594,4.1991,16238595.0
2005-07-28,4.2181,4.2803,4.2164,4.2717,23894228.0
2005-07-29,4.2458,4.2699,4.2233,4.2233,15754276.0
2005-08-01,4.2475,4.2544,4.2026,4.2268,12086796.0
2005-08-02,4.2268,4.2976,4.2268,4.2596,16822082.0
2005-08-03,4.2596,4.3131,4.2492,4.3131,13130505.0
2005-08-04,4.2924,4.3045,4.2544,4.2734,11872573.0
2005-08-05,4.2734,4.2751,4.2199,4.2509,11287232.0
2005-08-08,4.2527,4.2561,4.2129,4.2268,10358711.0
2005-08-09,4.2475,4.263,4.2216,4.2389,11244202.0
2005-08-10,4.2561,4.3062,4.244,4.2579,13798331.0
2005-08-11,4.2596,4.2803,4.2337,4.2734,9400532.0
2005-08-12,4.2734,4.2786,4.206,4.225,13982896.0
2005-08-15,4.2147,4.2354,4.1853,4.225,11379383.0
2005-08-16,4.2371,4.2371,4.1525,4.1905,13608999.0
2005-08-17,4.2302,4.2302,4.1611,4.1819,9148443.0
2005-08-18,4.1594,4.1715,4.1387,4.1542,9830700.0
2005-08-19,4.1629,4.1715,4.1456,4.1698,9721470.0
2005-08-22,4.1698,4.1888,4.1456,4.1508,10284964.0
2005-08-23,4.1646,4.1974,4.1456,4.1801,9746494.0
2005-08-24,4.1767,4.1853,4.1248,4.13,11830337.0
2005-08-25,4.13,4.1577,4.1059,4.1249,11364422.0
2005-08-26,4.1197,4.13,4.073,4.0955,10054191.0
2005-08-29,4.0765,4.1266,4.0696,4.1162,7866414.0
2005-08-30,4.0989,4.1162,4.0748,4.1128,9163404.0
2005-08-31,4.1058,4.1594,4.0799,4.1594,13839640.0
2005-09-01,4.1508,4.1732,4.1283,4.149,11828219.0
2005-09-02,4.1646,4.1646,4.1231,4.1231,9255952.0
2005-09-06,4.1456,4.187,4.1387,4.187,11519330.0
2005-09-07,4.1749,4.1801,4.1456,4.1594,11762548.0
2005-09-08,4.168,4.168,4.1335,4.1473,10440137.0
2005-09-09,4.1438,4.1663,4.1352,4.1542,12436332.0
2005-09-12,4.1438,4.149,4.1145,4.1145,16165643.0
2005-09-13,4.1248,4.1266,4.0886,4.1093,15300806.0
2005-09-14,4.1093,4.1318,4.0765,4.092,12769980.0
2005-09-15,4.111,4.1525,4.0903,4.13,13538430.0
2005-09-16,4.149,4.2078,4.1231,4.1853,25411002.0
2005-09-19,4.149,4.1767,4.1456,4.1559,16800104.0
2005-09-20,4.1646,4.187,4.1542,4.1594,15610622.0
2005-09-21,4.149,4.1732,4.1352,4.1352,15568651.0
2005-09-22,4.1404,4.1525,4.0938,4.1162,13252710.0
2005-09-23,4.111,4.1456,4.1024,4.1058,11677812.0
2005-09-26,4.13,4.1335,4.0748,4.1179,11166881.0
2005-09-27,4.1197,4.1197,4.0765,4.0834,10816418.0
2005-09-28,4.0989,4.1508,4.0765,4.1283,13717037.0
2005-09-29,4.1231,4.1283,4.0592,4.0972,21949669.0
2005-09-30,4.0817,4.1629,4.0765,4.1404,18510314.0
2005-10-03,4.1318,4.1698,4.111,4.1387,17004662.0
2005-10-04,4.1594,4.1594,4.1318,4.1387,15829082.0
2005-10-05,4.1523,4.1664,4.089,4.1013,22792792.0
2005-10-06,4.1031,4.1453,4.045,4.0609,19346023.0
2005-10-07,4.0714,4.082,4.0011,4.0011,19627770.0
2005-10-10,4.0644,4.1822,3.987,4.0028,12460561.0
2005-10-11,3.9993,4.0046,3.9501,3.9677,16238066.0
2005-10-12,3.9501,3.9641,3.9219,3.9237,15251421.0
2005-10-13,3.9202,3.9342,3.8322,3.9131,17724256.0
2005-10-14,3.9131,3.9325,3.8762,3.9043,19604071.0
2005-10-17,3.892,3.9131,3.8692,3.9043,16114934.0
2005-10-18,3.9026,3.9149,3.8815,3.8868,14403134.0
2005-10-19,3.8868,3.9729,3.8868,3.9413,21331096.0
2005-10-20,4.0362,4.0697,3.9624,3.9641,28382323.0
2005-10-21,4.045,4.089,4.0275,4.045,30298548.0
2005-10-24,4.0802,4.1506,4.0679,4.1488,27454994.0
2005-10-25,4.1365,4.1822,4.1295,4.1664,17829646.0
2005-10-26,4.1682,4.191,4.1541,4.1594,16282287.0
2005-10-27,4.1594,4.1769,4.1488,4.1682,14872360.0
2005-10-28,4.1418,4.2139,4.1347,4.2016,15302660.0
2005-10-31,4.1945,4.2209,4.1717,4.1945,22829864.0
2005-11-01,4.1963,4.1963,4.1506,4.1822,24320159.0
2005-11-02,4.1998,4.2156,4.184,4.2051,14595114.0
2005-11-03,4.2297,4.2297,4.1084,4.1365,30055594.0
2005-11-04,4.1506,4.1752,4.1066,4.1611,13814616.0
2005-11-07,4.1576,4.1646,4.1066,4.1171,16927737.0
2005-11-08,4.1154,4.1664,4.1066,4.1506,14405517.0
2005-11-09,4.14,4.1752,4.1295,4.1506,12613218.0
2005-11-10,4.1506,4.2156,4.147,4.2016,14382347.0
2005-11-11,4.1963,4.2209,4.191,4.2121,19601158.0
2005-11-14,4.2209,4.2385,4.2033,4.2121,15392956.0
2005-11-15,4.2121,4.2367,4.1787,4.2016,27307368.0
2005-11-16,4.2016,4.2297,4.1769,4.1893,20900267.0
2005-11-17,4.1769,4.2649,4.1769,4.2508,14225188.0
2005-11-18,4.2702,4.3229,4.2649,4.2877,26255450.0
2005-11-21,4.2807,4.3036,4.2209,4.286,24564172.0
2005-11-22,4.2895,4.3722,4.2895,4.3563,27387867.0
2005-11-23,4.3405,4.3669,4.337,4.3405,16099708.0
2005-11-25,4.3405,4.395,4.337,4.3563,6879769.0
2005-11-28,4.388,4.4619,4.3563,4.4109,31893439.0
2005-11-29,4.4408,4.4847,4.4003,4.4056,22089748.0
2005-11-30,4.388,4.4583,4.3616,4.381,25824885.0
2005-12-01,4.4232,4.4882,4.3968,4.4495,18480260.0
2005-12-02,4.4495,4.4566,4.3968,4.4091,18667606.0
2005-12-05,4.4091,4.4777,4.4073,4.4478,25151631.0
2005-12-06,4.5023,4.5023,4.4232,4.432,23736275.0
2005-12-07,4.4161,4.4408,4.3757,4.4126,13588080.0
2005-12-08,4.4021,4.4249,4.3423,4.3704,17061858.0
2005-12-09,4.3968,4.4038,4.3563,4.3792,10221280.0
2005-12-12,4.3757,4.3915,4.3493,4.3722,12103876.0
2005-12-13,4.344,4.4232,4.3335,4.4003,17478521.0
2005-12-14,4.3985,4.4021,4.3493,4.3739,13669638.0
2005-12-15,4.3739,4.3792,4.3387,4.3704,19466242.0
2005-12-16,4.3915,4.4425,4.3651,4.3898,20742446.0
2005-12-19,4.3546,4.3897,4.344,4.3669,13721539.0
2005-12-20,4.3317,4.3528,4.3176,4.3352,16560327.0
2005-12-21,4.3176,4.3511,4.2807,4.3001,18630401.0
2005-12-22,4.2772,4.3423,4.2754,4.3229,15830671.0
2005-12-23,4.3194,4.3563,4.3001,4.3317,9268132.0
2005-12-27,4.3616,4.3634,4.3194,4.3317,11019122.0
2005-12-28,4.3511,4.3528,4.3264,4.33,14171302.0
2005-12-29,4.33,4.3704,4.3212,4.33,11976374.0
2005-12-30,4.3018,4.3176,4.2702,4.3071,14551290.0
2006-01-03,4.3071,4.3739,4.2631,4.3458,21648062.0
2006-01-04,4.337,4.4073,4.3335,4.3774,19628035.0
2006-01-05,4.381,4.4144,4.3792,4.388,14303040.0
2006-01-06,4.4401,4.4812,4.4043,4.4633,15626642.0
2006-01-09,4.4365,4.4974,4.4204,4.4795,23881915.0
2006-01-10,4.4669,4.4723,4.4275,4.4526,14184542.0
2006-01-11,4.4526,4.492,4.4329,4.4884,15094130.0
2006-01-12,4.4974,4.5117,4.4526,4.4687,17361612.0
2006-01-13,4.4723,4.4902,4.4419,4.4741,13422315.0
2006-01-17,4.4401,4.4562,4.4078,4.4472,12051842.0
2006-01-18,4.4222,4.4526,4.415,4.4437,16474400.0
2006-01-19,4.4437,4.4723,4.4437,4.458,13699163.0
2006-01-20,4.4311,4.4526,4.4061,4.424,17909880.0
2006-01-23,4.4186,4.4311,4.3667,4.3774,14482044.0
2006-01-24,4.3864,4.4759,4.3864,4.415,13239470.0
2006-01-25,4.3917,4.5171,4.3899,4.5135,20644205.0
2006-01-26,4.5457,4.594,4.5224,4.5672,20704844.0
2006-01-27,4.5869,4.6549,4.569,4.6352,21314679.0
2006-01-30,4.6316,4.6836,4.6281,4.6639,17346783.0
2006-01-31,4.6657,4.6925,4.6316,4.646,21407491.0
2006-02-01,4.6549,4.7641,4.6352,4.7534,24662016.0
2006-02-02,4.7892,4.791,4.7086,4.748,19779236.0
2006-02-03,4.748,4.8214,4.7265,4.7964,28860287.0
2006-02-06,4.7981,4.8554,4.7874,4.8429,23782880.0
2006-02-07,4.8554,4.8715,4.7928,4.8196,18755387.0
2006-02-08,4.8214,4.859,4.7749,4.8572,18042942.0
2006-02-09,4.8877,4.9038,4.8375,4.8572,18766641.0
2006-02-10,4.8393,4.945,4.8357,4.9199,21814754.0
2006-02-13,4.9414,4.9808,4.9145,4.9503,22098619.0
2006-02-14,4.9521,5.1598,4.9521,5.0649,30531440.0
2006-02-15,5.0345,5.0828,5.0005,5.0703,18699911.0
2006-02-16,5.1025,5.1294,5.0524,5.0936,18705340.0
2006-02-17,5.1025,5.1115,5.0434,5.0631,20936015.0
2006-02-21,5.0577,5.0971,5.0363,5.0398,18361894.0
2006-02-22,5.0792,5.0792,5.0237,5.0577,12570188.0
2006-02-23,5.038,5.0524,4.9682,5.0022,14836082.0
2006-02-24,5.0058,5.0255,4.9091,4.936,17443832.0
2006-02-27,4.927,5.0094,4.9199,4.9718,15651004.0
2006-02-28,4.9503,4.9718,4.9306,4.9396,13808658.0
2006-03-01,4.9414,5.0452,4.9414,5.0291,17814817.0
2006-03-02,5.0291,5.0828,5.0058,5.0631,19432745.0
2006-03-03,5.047,5.0488,4.9861,5.0112,14525604.0
2006-03-06,4.8948,4.9593,4.7946,4.8375,82914044.0
2006-03-07,4.8375,4.8375,4.6746,4.7498,53914472.0
2006-03-08,4.7892,4.8017,4.7158,4.7964,28147843.0
2006-03-09,4.7981,4.859,4.7946,4.825,26945386.0
2006-03-10,4.8322,4.8787,4.7999,4.8751,38468026.0
2006-03-13,4.8769,4.9038,4.8465,4.8554,28178427.0
2006-03-14,4.8554,4.9074,4.8483,4.8912,25256756.0
2006-03-15,4.8769,4.8966,4.8339,4.8895,12986984.0
2006-03-16,4.8662,4.8966,4.8125,4.8536,24232113.0
2006-03-17,4.8698,4.8787,4.8107,4.834,28621967.0
2006-03-20,4.8626,4.8626,4.7802,4.8017,19625387.0
2006-03-21,4.8017,4.8089,4.7605,4.7838,22056251.0
2006-03-22,4.7122,4.825,4.7122,4.8196,23304254.0
2006-03-23,4.8196,4.8357,4.816,4.834,31029661.0
2006-03-24,4.8519,4.9056,4.8483,4.9002,37618150.0
2006-03-27,4.9002,4.9091,4.8841,4.8895,24855187.0
2006-03-28,4.8787,4.9056,4.8232,4.8375,23640152.0
2006-03-29,4.8411,4.9074,4.8411,4.8805,16571581.0
2006-03-30,4.8805,4.9002,4.834,4.8375,22666483.0
2006-03-31,4.8393,4.8859,4.8375,4.8411,19638627.0
2006-04-03,4.8751,4.8769,4.8214,4.825,20229528.0
2006-04-04,4.8357,4.8787,4.8268,4.8554,14525074.0
2006-04-05,4.8304,4.868,4.8304,4.8501,24004120.0
2006-04-06,4.8684,4.9066,4.792,4.8138,23617777.0
2006-04-07,4.8156,4.8284,4.7519,4.761,29140048.0
2006-04-10,4.7647,4.7665,4.7192,4.7374,13390671.0
2006-04-11,4.7283,4.7538,4.6482,4.6919,22321051.0
2006-04-12,4.7319,4.7319,4.6373,4.6628,19116706.0
2006-04-13,4.6555,4.6737,4.63,4.6555,18049430.0
2006-04-17,4.6591,4.681,4.6118,4.6282,10356858.0
2006-04-18,4.65,4.7356,4.6318,4.721,20688427.0
2006-04-19,4.6955,4.7465,4.6409,4.6864,18033674.0
2006-04-20,4.6864,4.6919,4.6118,4.6118,21113696.0
2006-04-21,4.6482,4.6682,4.6045,4.6136,20257465.0
2006-04-24,4.6136,4.6518,4.5772,4.6464,20086272.0
2006-04-25,4.7265,4.7392,4.6318,4.6591,31787651.0
2006-04-26,4.6901,4.7956,4.6773,4.761,31138891.0
2006-04-27,4.761,4.8156,4.7319,4.8011,17332352.0
2006-04-28,4.8011,4.8138,4.7538,4.7701,18994501.0
2006-05-01,4.8029,4.8156,4.7501,4.761,14018380.0
2006-05-02,4.792,4.7938,4.7538,4.761,15424335.0
2006-05-03,4.761,4.7738,4.7083,4.7301,13119516.0
2006-05-04,4.7683,4.7683,4.7046,4.7174,13406824.0
2006-05-05,4.7574,4.7592,4.7083,4.7265,13669770.0
2006-05-08,4.7501,4.7774,4.7228,4.7574,16327833.0
2006-05-09,4.7574,4.7938,4.741,4.7883,13496459.0
2006-05-10,4.7883,4.8011,4.7374,4.7629,15399444.0
2006-05-11,4.7629,4.7883,4.7192,4.7519,20022587.0
2006-05-12,4.7519,4.7574,4.6628,4.6628,17202997.0
2006-05-15,4.6755,4.7028,4.6409,4.6937,16241376.0
2006-05-16,4.7028,4.7119,4.6573,4.6901,11497219.0
2006-05-17,4.6719,4.6737,4.5335,4.5681,23270756.0
2006-05-18,4.559,4.5845,4.499,4.5026,21872083.0
2006-05-19,4.5499,4.6318,4.5263,4.6009,28759134.0
2006-05-22,4.6027,4.6664,4.57,4.5936,23233817.0
2006-05-23,4.5536,4.6518,4.5518,4.5954,17684800.0
2006-05-24,4.6082,4.6464,4.5863,4.6336,18253458.0
2006-05-25,4.65,4.6791,4.6227,4.6773,15250362.0
2006-05-26,4.7064,4.7829,4.6992,4.7738,16062238.0
2006-05-30,4.8138,4.8138,4.6955,4.7028,22439152.0
2006-05-31,4.7046,4.7447,4.6737,4.7428,22530243.0
2006-06-01,4.7956,4.9048,4.7756,4.8975,38036534.0
2006-06-02,4.9048,4.9066,4.8175,4.8648,17519300.0
2006-06-05,4.8502,4.9085,4.8357,4.8411,16480887.0
2006-06-06,4.8411,4.9285,4.8229,4.8648,27763221.0
2006-06-07,4.8775,4.8975,4.8375,4.8393,16088983.0
2006-06-08,4.8539,4.9066,4.7592,4.8375,35306976.0
2006-06-09,4.832,4.8866,4.8102,4.8448,15574344.0
2006-06-12,4.8575,4.9303,4.8502,4.852,19958241.0
2006-06-13,4.852,4.9376,4.8393,4.9176,30609424.0
2006-06-14,4.9085,4.9485,4.8975,4.9449,22512237.0
2006-06-15,4.954,5.0504,4.9485,5.0468,34287893.0
2006-06-16,5.0468,5.0777,5.034,5.0577,26256641.0
2006-06-19,5.0632,5.1014,5.0577,5.0668,25405177.0
2006-06-20,5.0668,5.0977,5.014,5.0195,27318224.0
2006-06-21,5.0195,5.0231,4.9503,4.974,29831044.0
2006-06-22,4.9758,4.994,4.9376,4.9667,18699911.0
2006-06-23,4.9412,5.0249,4.923,4.9813,13868238.0
2006-06-26,4.9722,5.0104,4.9485,4.974,14976029.0
2006-06-27,4.9831,5.0031,4.9667,4.9776,13066688.0
2006-06-28,4.9631,4.994,4.9576,4.9885,19665769.0
2006-06-29,4.9904,5.0577,4.9904,5.0413,22924133.0
2006-06-30,5.0431,5.0886,5.0431,5.0759,23491600.0
2006-07-03,5.1141,5.1141,5.065,5.0832,8544434.0
2006-07-05,5.0959,5.1232,5.0723,5.0777,23843651.0
2006-07-06,5.1038,5.1223,5.076,5.1149,18123839.0
2006-07-07,5.1112,5.1297,5.0797,5.1297,19244605.0
2006-07-10,5.1445,5.1722,5.0631,5.0631,35823733.0
2006-07-11,5.0649,5.0816,5.0243,5.0372,33177189.0
2006-07-12,5.0557,5.1019,5.0132,5.0224,32649310.0
2006-07-13,5.0224,5.0409,4.8726,4.9115,26711832.0
2006-07-14,4.9059,4.954,4.8948,4.9152,23754811.0
2006-07-17,4.9152,4.9558,4.9152,4.9466,16164186.0
2006-07-18,4.9466,5.0076,4.9318,4.991,15701316.0
2006-07-19,5.0113,5.1001,5.0002,5.0797,16037612.0
2006-07-20,5.0797,5.1334,5.0372,5.0483,15800616.0
2006-07-21,5.0612,5.1075,5.0501,5.0557,15591159.0
2006-07-24,5.0668,5.1722,5.0502,5.1371,19453400.0
2006-07-25,5.1777,5.505,5.1777,5.3534,59177636.0
2006-07-26,5.3571,5.4921,5.3183,5.4551,35333323.0
2006-07-27,5.4551,5.5642,5.4477,5.4884,29383267.0
2006-07-28,5.4958,5.6215,5.4921,5.5587,31037605.0
2006-07-31,5.5235,5.5605,5.4699,5.5457,23450953.0
2006-08-01,5.5846,5.5864,5.4403,5.5032,25369429.0
2006-08-02,5.5476,5.6567,5.5346,5.6548,23383032.0
2006-08-03,5.6086,5.7214,5.5957,5.714,37808409.0
2006-08-04,5.714,5.7473,5.6863,5.727,24449249.0
2006-08-07,5.7029,5.7584,5.6493,5.6937,13780060.0
2006-08-08,5.7048,5.7122,5.6511,5.6789,18779748.0
2006-08-09,5.7159,5.7621,5.5772,5.592,29992307.0
2006-08-10,5.5476,5.592,5.5143,5.5883,23706750.0
2006-08-11,5.5975,5.6437,5.5476,5.5883,11966842.0
2006-08-14,5.6326,5.6678,5.5328,5.5457,16187886.0
2006-08-15,5.6215,5.64,5.5735,5.6142,14422067.0
2006-08-16,5.6216,5.6216,5.592,5.5938,11243143.0
2006-08-17,5.5938,5.6363,5.5661,5.6308,12439245.0
2006-08-18,5.6308,5.7103,5.5994,5.6419,18607364.0
2006-08-21,5.6493,5.6752,5.6437,5.6511,11237980.0
2006-08-22,5.653,5.7011,5.6437,5.6493,13511685.0
2006-08-23,5.6548,5.6789,5.6068,5.6363,9559280.0
2006-08-24,5.6604,5.6715,5.6308,5.6345,11971343.0
2006-08-25,5.6031,5.6807,5.6031,5.6641,9553719.0
2006-08-28,5.6715,5.738,5.6474,5.727,12688686.0
2006-08-29,5.727,5.788,5.7066,5.7824,12180800.0
2006-08-30,5.788,5.8083,5.7584,5.7676,13545050.0
2006-08-31,5.7843,5.8009,5.7436,5.7565,12545694.0
2006-09-01,5.7935,5.8841,5.7787,5.8453,15963468.0
2006-09-05,5.873,5.8767,5.7972,5.8638,13899617.0
2006-09-06,5.8564,5.8823,5.8231,5.8361,13409472.0
2006-09-07,5.8379,5.8435,5.7565,5.7843,13825340.0
2006-09-08,5.7972,5.8398,5.7491,5.7972,10424514.0
2006-09-11,5.8065,5.8767,5.7861,5.8435,18107818.0
2006-09-12,5.8435,5.9433,5.8379,5.8989,27447182.0
2006-09-13,5.9119,5.9285,5.8564,5.8915,21466542.0
2006-09-14,5.9026,5.9803,5.8989,5.9637,29136871.0
2006-09-15,5.9821,5.9821,5.8638,5.8915,23449496.0
2006-09-18,5.9063,5.9063,5.7991,5.8083,22137412.0
2006-09-19,5.8083,5.8416,5.775,5.8139,17094296.0
2006-09-20,5.8582,5.9489,5.8102,5.9285,23355360.0
2006-09-21,5.9304,6.0321,5.9137,5.9692,42652263.0
2006-09-22,5.9877,6.1079,5.9692,6.0838,29023801.0
2006-09-25,6.1449,6.2429,6.1208,6.193,34669470.0
2006-09-26,6.2096,6.2207,6.1208,6.1671,27981284.0
2006-09-27,6.1578,6.2096,5.9858,6.0228,30019449.0
2006-09-28,6.0228,6.0265,5.9489,5.9858,72035530.0
2006-09-29,5.9858,6.0228,5.9359,6.021,30941483.0
2006-10-02,6.021,6.0894,5.9526,5.96,26268954.0
2006-10-03,5.9821,6.0524,5.9581,6.0191,24736424.0
2006-10-04,6.0302,6.0894,5.9766,6.0506,35677960.0
2006-10-05,6.1013,6.1013,5.9739,5.9851,31453474.0
2006-10-06,5.9814,6.0226,5.9176,5.957,24512139.0
2006-10-09,6.0076,6.0751,5.9645,6.032,21716910.0
2006-10-10,6.0451,6.1501,6.0376,6.1426,39167627.0
2006-10-11,6.1426,6.2157,6.122,6.1782,62664126.0
2006-10-12,6.1857,6.3,6.1819,6.2982,38212626.0
2006-10-13,6.2982,6.3113,6.2157,6.2982,67876714.0
2006-10-16,6.2719,6.2738,6.1557,6.1838,25618870.0
2006-10-17,6.1576,6.1969,6.1107,6.1969,21338511.0
2006-10-18,6.2326,6.2607,6.1126,6.1744,30903484.0
2006-10-19,6.2419,6.3675,6.2326,6.3263,33678456.0
2006-10-20,6.3694,6.5156,6.2794,6.4556,34321522.0
2006-10-23,6.4669,6.5325,6.3788,6.5062,39850282.0
2006-10-24,6.495,6.5606,6.4125,6.51,26672774.0
2006-10-25,6.4969,6.5212,6.4106,6.435,27612152.0
2006-10-26,6.4387,6.5043,6.405,6.4481,31230247.0
2006-10-27,6.4481,6.4575,6.3975,6.4144,23552371.0
2006-10-30,6.4162,6.4481,6.345,6.3581,28798854.0
2006-10-31,6.3919,6.4312,6.2925,6.42,32639513.0
2006-11-01,6.465,6.4669,6.3207,6.3281,34451274.0
2006-11-02,6.3638,6.3956,6.3188,6.3769,32456668.0
2006-11-03,6.3806,6.3919,6.2719,6.3206,39684384.0
2006-11-06,6.3225,6.4537,6.3206,6.4294,27757395.0
2006-11-07,6.4294,6.4669,6.4106,6.4294,22661981.0
2006-11-08,6.4237,6.4781,6.3788,6.4425,49548317.0
2006-11-09,6.4331,6.4369,6.2513,6.2644,61763276.0
2006-11-10,6.3169,6.3169,6.1276,6.1951,35353183.0
2006-11-13,6.1951,6.2757,6.1801,6.1969,22524020.0
2006-11-14,6.1988,6.2419,6.1032,6.1782,30358526.0
2006-11-15,6.1463,6.1894,5.9514,6.0845,51153402.0
2006-11-16,6.0657,6.1351,6.0282,6.0732,27545423.0
2006-11-17,6.0545,6.24,6.0545,6.2232,34358594.0
2006-11-20,6.1932,6.3057,6.1857,6.2251,25924185.0
2006-11-21,6.2176,6.2326,6.1163,6.1388,29554328.0
2006-11-22,6.122,6.1501,6.0863,6.1238,21439400.0
2006-11-24,6.1238,6.1744,6.0807,6.1238,12887816.0
2006-11-27,6.0938,6.2138,6.092,6.1257,40403449.0
2006-11-28,6.1107,6.1876,6.0938,6.1519,30339725.0
2006-11-29,6.2026,6.3675,6.2026,6.2794,46804062.0
2006-11-30,6.2738,6.4106,6.2607,6.3563,34686152.0
2006-12-01,6.3638,6.3919,6.3244,6.3731,23774141.0
2006-12-04,6.4462,6.4762,6.39,6.4181,38161652.0
2006-12-05,6.405,6.5006,6.3863,6.5006,26550569.0
2006-12-06,6.5006,6.525,6.42,6.5193,30143508.0
2006-12-07,6.5362,6.5606,6.4856,6.4912,20921980.0
2006-12-08,6.4556,6.5625,6.4444,6.555,20432365.0
2006-12-11,6.5381,6.6224,6.5231,6.5943,21479782.0
2006-12-12,6.5981,6.6843,6.5756,6.6805,30283852.0
2006-12-13,6.7124,6.7274,6.6262,6.6637,25837992.0
2006-12-14,6.6637,6.7087,6.6412,6.6843,25308790.0
2006-12-15,6.6768,6.748,6.6656,6.6843,62093879.0
2006-12-18,6.7012,6.7387,6.6131,6.6487,50094070.0
2006-12-19,6.6337,6.6449,6.5287,6.5587,53215267.0
2006-12-20,6.5849,6.6449,6.5475,6.5512,39492537.0
2006-12-21,6.5568,6.6824,6.5325,6.5924,50572166.0
2006-12-22,6.5587,6.6449,6.5325,6.5568,20377154.0
2006-12-26,6.5531,6.5887,6.5362,6.5625,15039581.0
2006-12-27,6.57,6.6543,6.5625,6.6393,24353921.0
2006-12-28,6.6168,6.6843,6.6074,6.6543,17055371.0
2006-12-29,6.6843,6.7874,6.6824,6.7012,37879375.0
2007-01-03,6.6862,6.7068,6.5193,6.5512,44611253.0
2007-01-04,6.5512,6.6056,6.3863,6.4669,58633870.0
2007-01-05,6.4481,6.4744,6.3638,6.3656,48407823.0
2007-01-08,6.3485,6.4645,6.3124,6.4265,53274318.0
2007-01-09,6.4341,6.5405,6.398,6.4512,53069362.0
2007-01-10,6.5006,6.6527,6.071,6.4683,39672733.0
2007-01-11,6.4797,6.5614,6.3866,6.5557,32219672.0
2007-01-12,6.5766,6.6355,6.5424,6.6013,26766911.0
2007-01-16,6.6412,6.6432,6.5462,6.5823,21647003.0
2007-01-17,6.5766,6.588,6.5215,6.5557,23709662.0
2007-01-18,6.5861,6.8066,6.5386,6.6565,37018643.0
2007-01-19,6.7097,6.7192,6.6279,6.666,28688035.0
2007-01-22,6.6983,6.7534,6.6527,6.704,28343795.0
2007-01-23,6.6793,6.7933,6.6508,6.7211,23530658.0
2007-01-24,6.8541,7.0233,6.8142,6.9625,45078758.0
2007-01-25,7.0898,7.1659,6.934,6.9929,41896656.0
2007-01-26,6.9131,6.9929,6.8427,6.9188,32339230.0
2007-01-29,6.9093,7.0214,6.8979,6.9397,26273324.0
2007-01-30,6.9606,7.0689,6.9511,7.0499,26212420.0
2007-01-31,7.048,7.2001,7.048,7.1526,37602924.0
2007-02-01,7.1659,7.1868,7.1221,7.1754,26254258.0
2007-02-02,7.1754,7.2571,7.1488,7.2457,27595338.0
2007-02-05,7.1602,7.2419,7.1564,7.183,34381102.0
2007-02-06,7.1659,7.2153,7.1164,7.1297,30148804.0
2007-02-07,7.1164,7.1488,7.01,7.0632,46025947.0
2007-02-08,7.048,7.1278,7.0214,7.105,21724854.0
2007-02-09,7.1259,7.1697,7.0005,7.0138,27267118.0
2007-02-12,6.9853,7.0613,6.9739,7.0252,17659777.0
2007-02-13,7.0138,7.1031,7.0024,7.0689,18357657.0
2007-02-14,7.0803,7.1392,7.048,7.0689,28644343.0
2007-02-15,7.0917,7.1031,7.0385,7.0765,18761080.0
2007-02-16,7.0366,7.1259,7.0081,7.124,21794099.0
2007-02-20,7.1297,7.1754,7.0993,7.1012,22511045.0
2007-02-21,7.1278,7.1278,7.067,7.0727,21395575.0
2007-02-22,7.0632,7.1088,7.0119,7.0423,19571368.0
2007-02-23,7.029,7.0651,6.9948,7.0328,16192520.0
2007-02-26,7.0328,7.1412,7.029,7.1278,26627096.0
2007-02-27,7.0936,7.1697,6.6888,6.8712,44826271.0
2007-02-28,6.9758,7.0119,6.8826,6.9948,38024486.0
2007-03-01,6.875,7.029,6.7952,6.9777,33522091.0
2007-03-02,6.9663,7.0309,6.9112,6.9264,27089172.0
2007-03-05,6.8503,6.9929,6.7667,6.7895,30586121.0
2007-03-06,6.8522,6.8769,6.7781,6.8427,30826295.0
2007-03-07,6.8009,6.8484,6.7059,6.7344,36818586.0
2007-03-08,6.8313,6.9777,6.8047,6.9397,27303396.0
2007-03-09,7.0119,7.0119,6.9093,6.9473,19504506.0
2007-03-12,6.915,7.1164,6.9093,7.0442,28931651.0
2007-03-13,6.9815,7.124,6.9663,7.0822,37273513.0
2007-03-14,7.0822,7.0955,6.9283,7.0727,34588176.0
2007-03-15,7.0556,7.0708,6.972,7.0214,23032569.0
2007-03-16,7.0537,7.0917,6.9853,7.029,37453047.0
2007-03-19,7.0651,7.1849,7.0575,7.1431,28239199.0
2007-03-20,7.1259,7.2305,7.1031,7.2058,22494760.0
2007-03-21,7.1678,7.4282,7.0518,7.3864,43641820.0
2007-03-22,7.3312,7.4966,7.3293,7.4339,35442950.0
2007-03-23,7.4757,7.4757,7.3654,7.3901,27467572.0
2007-03-26,7.413,7.4795,7.3464,7.4719,30090548.0
2007-03-27,7.432,7.5764,7.4301,7.4966,37546257.0
2007-03-28,7.5099,7.5099,7.3692,7.4035,32927748.0
2007-03-29,7.4662,7.4738,7.3673,7.4453,22924133.0
2007-03-30,7.4643,7.5156,7.4339,7.4947,29506002.0
2007-04-02,7.5498,7.5631,7.4244,7.5004,51698360.0
2007-04-03,7.546,7.584,7.5251,7.5536,31824194.0
2007-04-04,7.5536,7.5574,7.4548,7.4567,27158815.0
2007-04-05,7.4836,7.5702,7.4451,7.5548,19497489.0
2007-04-09,7.5894,7.6298,7.5317,7.5663,18308537.0
2007-04-10,7.5644,7.601,7.5048,7.5894,18456428.0
2007-04-11,7.5875,7.5875,7.4701,7.4913,19687880.0
2007-04-12,7.4913,7.4913,7.4028,7.4374,22477151.0
2007-04-13,7.4548,7.5029,7.3836,7.4721,20088920.0
2007-04-16,7.5548,7.5798,7.5125,7.5529,18103582.0
2007-04-17,7.5317,7.5509,7.4952,7.5394,20741254.0
2007-04-18,7.5413,7.5432,7.4701,7.4971,18055123.0
2007-04-19,7.4971,7.5913,7.4875,7.5625,21985814.0
2007-04-20,7.5875,7.676,7.5875,7.6702,31229585.0
2007-04-23,7.6837,7.7222,7.5702,7.651,31493061.0
2007-04-24,7.6856,7.6875,7.4875,7.5221,31699340.0
2007-04-25,7.574,7.6183,7.499,7.5298,33525931.0
2007-04-26,7.576,7.5913,7.4625,7.4952,35009605.0
2007-04-27,7.4702,7.5259,7.4105,7.4336,28088528.0
2007-04-30,7.4721,7.5971,7.4067,7.449,32878098.0
2007-05-01,7.4894,7.5356,7.4451,7.4721,34348135.0
2007-05-02,7.4721,7.5432,7.4278,7.4413,32144204.0
2007-05-03,7.4817,7.499,7.3951,7.4836,34667484.0
2007-05-04,7.5221,7.6279,7.4682,7.5952,31485912.0
2007-05-07,7.599,7.6798,7.5894,7.6183,20791699.0
2007-05-08,7.5625,7.5721,7.5182,7.5548,24669430.0
2007-05-09,7.5663,7.6471,7.5375,7.5933,21568622.0
2007-05-10,7.5875,7.6183,7.4836,7.4855,22043806.0
2007-05-11,7.5144,7.6375,7.5144,7.6164,22642783.0
2007-05-14,7.6279,7.7164,7.626,7.701,29194994.0
2007-05-15,7.7299,7.828,7.7145,7.7703,26576520.0
2007-05-16,7.7741,7.9299,7.7703,7.9145,48028100.0
2007-05-17,7.9107,7.9819,7.878,7.9376,30014418.0
2007-05-18,7.9492,7.9838,7.8645,7.9069,34867540.0
2007-05-21,7.9068,7.9453,7.778,7.801,34168733.0
2007-05-22,7.8107,7.8318,7.7376,7.7799,20470364.0
2007-05-23,7.803,7.8299,7.7491,7.7741,19807702.0
2007-05-24,7.7722,7.8491,7.7241,7.776,25060407.0
2007-05-25,7.7857,7.8818,7.778,7.8414,18055520.0
2007-05-29,7.8491,7.8818,7.778,7.7895,19753418.0
2007-05-30,7.7433,7.8876,7.7395,7.8838,26926718.0
2007-05-31,7.8876,7.9569,7.8799,7.953,25700826.0
2007-06-01,7.9646,7.9742,7.7395,7.7972,30306890.0
2007-06-04,7.801,7.8876,7.7703,7.8684,17128456.0
2007-06-05,7.828,7.8607,7.7241,7.7895,23932359.0
2007-06-06,7.7433,7.8357,7.7337,7.7683,22506676.0
2007-06-07,7.7337,7.7914,7.5202,7.6029,41573070.0
2007-06-08,7.6375,7.751,7.5952,7.7453,31158089.0
2007-06-11,7.7337,7.7857,7.6721,7.7183,24176505.0
2007-06-12,7.6818,7.7164,7.5048,7.5182,30760492.0
2007-06-13,7.5779,7.6972,7.5086,7.6914,30076911.0
2007-06-14,7.7145,7.8741,7.7145,7.803,33643634.0
2007-06-15,7.8722,7.8722,7.7414,7.7491,48190422.0
2007-06-18,7.7529,7.8068,7.6952,7.6972,29568627.0
2007-06-19,7.6952,7.7722,7.6664,7.7414,19709991.0
2007-06-20,7.7645,7.8087,7.599,7.6048,31342258.0
2007-06-21,7.6375,7.6779,7.5625,7.6164,25153882.0
2007-06-22,7.6183,7.6452,7.4451,7.474,48939409.0
2007-06-25,7.5221,7.6702,7.474,7.5182,32041462.0
2007-06-26,7.5606,7.6683,7.5221,7.5586,31449237.0
2007-06-27,7.5394,7.7106,7.5029,7.6914,29938023.0
2007-06-28,7.7299,7.9838,7.7087,7.8376,35727081.0
2007-06-29,7.878,7.9915,7.8568,7.9838,49754728.0
2007-07-02,7.9723,8.0665,7.9011,8.0511,47622294.0
2007-07-03,8.0415,8.0492,7.9299,7.9838,19429965.0
2007-07-05,7.9723,7.9742,7.8665,7.8799,28033317.0
2007-07-06,7.9403,7.9753,7.8507,7.913,25314483.0
2007-07-09,7.9597,7.9597,7.8332,7.8799,22733477.0
2007-07-10,7.8488,7.8624,7.6834,7.6873,36239204.0
2007-07-11,7.697,7.7554,7.6133,7.7476,30981468.0
2007-07-12,7.7885,7.8897,7.7242,7.878,31908797.0
2007-07-13,7.8838,7.9558,7.8429,7.8624,24603760.0
2007-07-16,7.8702,7.8974,7.7885,7.8254,18934921.0
2007-07-17,7.7923,7.8196,7.7417,7.7534,26206859.0
2007-07-18,7.7534,7.7807,7.6425,7.7125,24235555.0
2007-07-19,7.7768,7.7826,7.6639,7.7164,24079456.0
2007-07-20,7.697,7.7262,7.5822,7.6016,35880930.0
2007-07-23,7.6834,7.8254,7.6639,7.7904,40111904.0
2007-07-24,7.6873,7.8468,7.6289,7.7223,54933422.0
2007-07-25,7.806,8.0959,7.7651,7.8819,38883894.0
2007-07-26,7.8352,8.0103,7.7067,7.7787,63290907.0
2007-07-27,7.7554,7.841,7.6347,7.6367,41500912.0
2007-07-30,7.6736,7.7846,7.5569,7.7398,35276259.0
2007-07-31,7.7437,7.804,7.6133,7.6211,36362998.0
2007-08-01,7.6172,7.8468,7.5705,7.8293,47151744.0
2007-08-02,7.7982,7.9558,7.7651,7.9013,27348412.0
2007-08-03,7.8449,7.948,7.6678,7.6775,33831510.0
2007-08-06,7.6814,7.8585,7.66,7.8352,31319485.0
2007-08-07,7.8118,7.9305,7.7456,7.8741,32171082.0
2007-08-08,7.8644,7.9169,7.6873,7.8527,35595740.0
2007-08-09,7.7476,7.8235,7.5899,7.6386,45078096.0
2007-08-10,7.5997,7.6464,7.4323,7.5646,33599016.0
2007-08-13,7.6289,7.7067,7.5218,7.6055,24515978.0
2007-08-14,7.6075,7.6814,7.4459,7.4459,26830595.0
2007-08-15,7.4401,7.5102,7.2007,7.3934,37803775.0
2007-08-16,7.3175,7.442,7.1092,7.3798,51081906.0
2007-08-17,7.5355,7.6133,7.3467,7.5997,47029672.0
2007-08-20,7.7164,7.7515,7.4615,7.5218,24161279.0
2007-08-21,7.4634,7.6483,7.4284,7.5413,24335385.0
2007-08-22,7.6444,7.7612,7.4926,7.7417,25892938.0
2007-08-23,7.697,7.8254,7.697,7.804,24725568.0
2007-08-24,7.8138,7.8702,7.7768,7.8546,20510349.0
2007-08-27,7.8021,7.8605,7.7846,7.804,16093485.0
2007-08-28,7.7359,7.769,7.5491,7.5491,26298744.0
2007-08-29,7.6678,7.8313,7.6094,7.8235,23882047.0
2007-08-30,7.7632,7.8235,7.7009,7.7379,19794462.0
2007-08-31,7.804,7.841,7.6775,7.7593,22798883.0
2007-09-04,7.767,7.8644,7.7476,7.8391,23516623.0
2007-09-05,7.804,7.804,7.6522,7.732,28236683.0
2007-09-06,7.7554,7.8021,7.6736,7.734,33499716.0
2007-09-07,7.6717,7.6853,7.5199,7.5374,29796885.0
2007-09-10,7.6133,7.66,7.4965,7.5471,21843087.0
2007-09-11,7.5997,7.7534,7.5997,7.7476,26563412.0
2007-09-12,7.7495,7.8099,7.6931,7.7573,24013123.0
2007-09-13,7.7709,7.9597,7.6191,7.9344,35582103.0
2007-09-14,7.8935,7.9247,7.8079,7.8702,24674196.0
2007-09-17,7.8449,7.8916,7.7807,7.7846,33163022.0
2007-09-18,7.8293,7.948,7.7962,7.9461,32481030.0
2007-09-19,7.9383,8.1602,7.9364,8.0921,48773512.0
2007-09-20,8.1174,8.2575,8.1154,8.1796,38296568.0
2007-09-21,8.273,8.3198,8.1796,8.2769,46060371.0
2007-09-24,8.2808,8.345,8.2088,8.2263,41100402.0
2007-09-25,8.2186,8.2964,8.2127,8.2847,32391395.0
2007-09-26,8.3236,8.3587,8.312,8.3353,25279132.0
2007-09-27,8.3197,8.3626,8.2283,8.3353,28901861.0
2007-09-28,8.2769,8.3295,8.1913,8.2341,32158901.0
2007-10-01,8.2555,8.2711,8.1816,8.2186,28386825.0
2007-10-02,8.2419,8.2614,8.201,8.2536,21591660.0
2007-10-03,8.1835,8.2322,8.1212,8.1582,23617247.0
2007-10-04,8.1602,8.203,8.1407,8.1718,19704430.0
2007-10-05,8.284,8.3136,8.2191,8.2939,20079122.0
2007-10-08,8.2663,8.3057,8.223,8.2525,11927916.0
2007-10-09,8.2309,8.2978,8.2073,8.2624,18937966.0
2007-10-10,8.2545,8.3037,8.2073,8.2171,21532742.0
2007-10-11,8.2663,8.3785,8.1679,8.1896,27083347.0
2007-10-12,8.2525,8.3352,8.2151,8.3234,19565410.0
2007-10-15,8.2683,8.4041,8.2683,8.3037,24938599.0
2007-10-16,8.3017,8.408,8.2132,8.2309,33095498.0
2007-10-17,8.3785,8.3785,8.1345,8.2525,29785896.0
2007-10-18,8.2388,8.3352,8.2092,8.2289,27874437.0
2007-10-19,8.2073,8.2466,8.0774,8.1423,36766818.0
2007-10-22,8.0656,8.1659,8.0341,8.103,26736326.0
2007-10-23,8.1679,8.2958,8.1108,8.2703,36657191.0
2007-10-24,8.2466,8.2466,7.9396,8.1778,39906022.0
2007-10-25,8.1738,8.2211,7.9849,8.0695,31291681.0
2007-10-26,8.1305,8.1699,8.0164,8.16,26704815.0
2007-10-29,8.2053,8.2624,8.1345,8.2151,24277394.0
2007-10-30,8.2014,8.2171,8.1423,8.1502,24119573.0
2007-10-31,8.1699,8.225,8.099,8.225,32640175.0
2007-11-01,8.1974,8.2388,7.9573,7.9632,31762760.0
2007-11-02,8.0105,8.036,7.8314,7.9553,32275810.0
2007-11-05,7.8687,7.9494,7.8491,7.8806,27239446.0
2007-11-06,7.8747,7.9022,7.7723,7.8806,27526357.0
2007-11-07,7.7546,7.8156,7.5971,7.609,35574026.0
2007-11-08,7.6149,7.7959,7.5932,7.7428,39192651.0
2007-11-09,7.6247,7.855,7.6247,7.7152,39286125.0
2007-11-12,7.6857,7.7546,7.5991,7.607,27039125.0
2007-11-13,7.6562,7.8668,7.6503,7.8432,30531175.0
2007-11-14,7.8825,7.8924,7.7172,7.7428,26977427.0
2007-11-15,7.727,7.8806,7.7231,7.7487,27295981.0
2007-11-16,7.7861,7.979,7.7388,7.7841,57061090.0
2007-11-19,7.7723,7.7723,7.3728,7.4298,65699263.0
2007-11-20,7.5263,7.5597,7.418,7.485,42477892.0
2007-11-21,7.4082,7.4987,7.3708,7.3708,23896346.0
2007-11-23,7.4043,7.4613,7.357,7.4062,15750701.0
2007-11-26,7.4062,7.4672,7.1346,7.1543,40538100.0
2007-11-27,7.1976,7.2901,7.1346,7.2291,38510261.0
2007-11-28,7.3767,7.4121,7.296,7.3806,54842993.0
2007-11-29,7.3905,7.5283,7.3806,7.485,30700780.0
2007-11-30,7.6286,7.6286,7.4279,7.5204,39092292.0
2007-12-03,7.5755,7.6267,7.4968,7.5342,23345298.0
2007-12-04,7.481,7.6129,7.4436,7.4515,25645483.0
2007-12-05,7.4594,7.5775,7.422,7.5617,30340122.0
2007-12-06,7.5597,7.6483,7.4594,7.6404,29824159.0
2007-12-07,7.6404,7.7113,7.5676,7.5716,33547115.0
2007-12-10,7.5775,7.5775,7.4357,7.4594,41991057.0
2007-12-11,7.8018,8.0085,7.6877,7.7664,75380484.0
2007-12-12,8.0833,8.2663,8.0223,8.2092,82410394.0
2007-12-13,8.2053,8.2407,8.1246,8.227,37947561.0
2007-12-14,8.2348,8.2348,8.0813,8.0971,26404532.0
2007-12-17,8.0774,8.0971,7.9593,7.9711,31110690.0
2007-12-18,8.0439,8.0971,7.975,7.9908,31863384.0
2007-12-19,8.0085,8.0223,7.7999,7.8609,33789936.0
2007-12-20,7.9258,7.9553,7.8254,7.9239,23471607.0
2007-12-21,7.9927,8.2014,7.9514,8.164,52358904.0
2007-12-24,8.1718,8.2073,8.0951,8.1679,10147268.0
2007-12-26,8.164,8.3608,8.0892,8.3254,27227133.0
2007-12-27,8.3155,8.3647,8.2447,8.2703,24640567.0
2007-12-28,8.3155,8.4218,8.2742,8.3529,27189532.0
2007-12-31,8.3431,8.3431,8.1581,8.1797,20194178.0
2008-01-02,8.1699,8.2506,8.0203,8.0695,26868991.0
2008-01-03,8.1108,8.2132,8.0695,8.1463,24634609.0
2008-01-04,8.0754,8.2211,8.038,8.0479,27351457.0
2008-01-07,8.0813,8.2545,8.0656,8.1541,35447982.0
2008-01-08,8.2278,8.3435,7.4044,7.8072,96360720.0
2008-01-09,7.8151,7.8251,7.5599,7.7753,74335053.0
2008-01-10,7.7194,7.9088,7.6098,7.855,47312213.0
2008-01-11,7.7673,7.7892,7.552,7.6158,39484328.0
2008-01-14,7.6616,7.7314,7.6217,7.6776,28799251.0
2008-01-15,7.558,7.5958,7.4682,7.5021,38172641.0
2008-01-16,7.4961,7.7454,7.4862,7.55,47949322.0
2008-01-17,7.5759,7.6297,7.3965,7.4363,39989964.0
2008-01-18,7.4563,7.536,7.0595,7.1991,64356595.0
2008-01-22,6.8482,7.1871,6.6987,7.1692,66336769.0
2008-01-23,7.0456,7.3805,6.6429,7.3147,76524022.0
2008-01-24,7.2888,7.4244,6.9778,7.1273,59372132.0
2008-01-25,7.1812,7.227,7.0037,7.0296,54177948.0
2008-01-28,7.0276,7.2689,6.91,7.2569,52994556.0
2008-01-29,7.3167,7.5659,7.3087,7.554,43894042.0
2008-01-30,7.534,7.6058,7.3965,7.4463,34712897.0
2008-01-31,7.3386,7.6736,7.2908,7.6736,50640352.0
2008-02-01,7.6915,7.7154,7.5639,7.6317,37395321.0
2008-02-04,7.6337,7.6756,7.5639,7.6078,27687223.0
2008-02-05,7.5599,7.5799,7.3048,7.3227,41224064.0
2008-02-06,7.3885,7.4005,7.239,7.2569,30728319.0
2008-02-07,7.217,7.4024,7.1772,7.3765,36746428.0
2008-02-08,7.3506,7.3765,7.1772,7.2509,36829046.0
2008-02-11,7.2629,7.3765,7.1333,7.3506,32946813.0
2008-02-12,7.3287,7.536,7.3287,7.4782,34747321.0
2008-02-13,7.5201,7.7394,7.4782,7.7095,47657115.0
2008-02-14,7.7254,7.7394,7.4882,7.544,33418025.0
2008-02-15,7.528,7.5719,7.4782,7.552,30312186.0
2008-02-19,7.6237,7.6237,7.1174,7.1552,72829930.0
2008-02-20,6.92,6.9858,6.5691,6.8502,172969346.0
2008-02-21,6.9778,7.0017,6.8223,6.8721,56371418.0
2008-02-22,6.8881,6.9878,6.7445,6.9738,52689242.0
2008-02-25,6.928,7.0874,6.8901,7.0775,32104352.0
2008-02-26,7.0496,7.1154,6.9718,7.0914,33934385.0
2008-02-27,7.0336,7.1393,6.9977,7.0177,34915734.0
2008-02-28,6.8921,7.2888,6.6987,7.1692,52691493.0
2008-02-29,7.1014,7.1134,6.9439,6.9439,44711877.0
2008-03-03,6.928,7.0396,6.9,6.9898,28911791.0
2008-03-04,6.928,6.9778,6.8283,6.9519,29419677.0
2008-03-05,7.0157,7.1054,6.9459,7.0675,28765754.0
2008-03-06,7.0197,7.0954,6.9459,6.9818,27874304.0
2008-03-07,6.916,7.0795,6.8981,6.9798,33284036.0
2008-03-10,6.9898,7.0276,6.8303,6.908,29748824.0
2008-03-11,7.0296,7.221,6.9838,7.1951,41435242.0
2008-03-12,7.1772,7.217,7.0197,7.0416,33380291.0
2008-03-13,6.9319,7.1572,6.908,7.0775,32958994.0
2008-03-14,7.1174,7.1393,6.908,6.9838,34802796.0
2008-03-17,6.8323,7.223,6.8323,7.1353,49941942.0
2008-03-18,7.2111,7.3905,7.1512,7.3905,46004101.0
2008-03-19,7.3127,7.4383,7.1812,7.1871,41809934.0
2008-03-20,7.225,7.3765,7.0276,7.3466,44055570.0
2008-03-24,7.3626,7.6277,7.3566,7.5819,28205702.0
2008-03-25,7.5699,7.6317,7.4603,7.5759,32474940.0
2008-03-26,7.528,7.6058,7.4443,7.528,38785388.0
2008-03-27,7.5599,7.6158,7.4961,7.5081,21395443.0
2008-03-28,7.53,7.6536,7.4882,7.5081,22896859.0
2008-03-31,7.5181,7.7234,7.5141,7.6357,38834906.0
2008-04-01,7.7154,7.8889,7.7115,7.8709,31139686.0
2008-04-02,7.8949,7.8969,7.6756,7.7194,30374678.0
2008-04-03,7.6756,7.8271,7.6417,7.7773,24665193.0
2008-04-04,7.7733,7.7733,7.6357,7.6716,28563579.0
2008-04-07,7.7434,7.8231,7.6855,7.7773,24696042.0
2008-04-08,7.8136,7.8802,7.6943,7.8418,26375272.0
2008-04-09,7.8297,7.8742,7.6276,7.7186,28215102.0
2008-04-10,7.7044,7.7994,7.6822,7.7206,23830941.0
2008-04-11,7.6438,7.7105,7.5205,7.5387,24241381.0
2008-04-14,7.5205,7.6377,7.4821,7.5185,22496614.0
2008-04-15,7.5407,7.6256,7.5003,7.5447,20632951.0
2008-04-16,7.5933,7.6579,7.4983,7.6013,34188725.0
2008-04-17,7.565,7.6802,7.5367,7.5933,24562716.0
2008-04-18,7.6539,7.7004,7.567,7.5811,33610402.0
2008-04-21,7.571,7.6559,7.4942,7.5973,33138396.0
2008-04-22,7.662,7.6882,7.4841,7.6418,35199599.0
2008-04-23,7.662,7.8782,7.6539,7.7873,36434494.0
2008-04-24,7.7893,7.8863,7.7367,7.8115,25597157.0
2008-04-25,7.8358,7.8802,7.7105,7.7974,21386440.0
2008-04-28,7.8014,7.8722,7.7226,7.7408,34996100.0
2008-04-29,7.7469,7.8398,7.7004,7.7994,20353058.0
2008-04-30,7.7994,7.9591,7.7913,7.8237,31032044.0
2008-05-01,7.9409,8.0864,7.9207,8.0723,32321091.0
2008-05-02,8.0884,8.1309,7.9894,8.1107,28848371.0
2008-05-05,8.0965,8.1046,7.9631,8.0541,23980023.0
2008-05-06,7.9914,8.0399,7.8904,7.9955,32202990.0
2008-05-07,7.9267,7.9773,7.8257,7.8459,32703594.0
2008-05-08,7.86,7.9449,7.7913,7.854,26637291.0
2008-05-09,7.7933,7.854,7.7408,7.7994,20250712.0
2008-05-12,7.8034,7.9348,7.7913,7.9045,19695559.0
2008-05-13,7.9085,8.0076,7.9025,7.9348,17313021.0
2008-05-14,7.955,8.1329,7.9348,8.0056,32110840.0
2008-05-15,8.0258,8.0803,7.949,8.0561,27978768.0
2008-05-16,8.0541,8.1288,8.0136,8.0985,33449271.0
2008-05-19,8.1046,8.2259,8.05,8.1875,26341907.0
2008-05-20,8.1369,8.1693,7.9328,7.957,32488312.0
2008-05-21,7.9591,7.9914,7.8237,7.86,24065289.0
2008-05-22,7.856,7.9692,7.8176,7.9187,21637073.0
2008-05-23,7.8904,7.955,7.7509,7.7873,19330532.0
2008-05-27,7.8055,7.9207,7.7428,7.8479,22762340.0
2008-05-28,7.9065,7.9914,7.8843,7.9853,29254442.0
2008-05-29,7.955,8.1935,7.9368,8.1248,32337906.0
2008-05-30,8.1349,8.1349,8.044,8.0642,34015281.0
2008-06-02,8.0177,8.0662,7.8802,7.953,26015673.0
2008-06-03,7.9651,7.9813,7.7853,7.8378,32059998.0
2008-06-04,7.7873,7.8297,7.7064,7.7812,29121380.0
2008-06-05,7.8014,8.0157,7.7913,7.9752,29828661.0
2008-06-06,7.9288,7.949,7.7064,7.7226,35726419.0
2008-06-09,7.763,7.8338,7.4659,7.5912,41603920.0
2008-06-10,7.478,7.6013,7.3871,7.5225,45022620.0
2008-06-11,7.5003,7.5165,7.2618,7.3042,46978036.0
2008-06-12,7.3507,7.4275,7.286,7.3548,33002554.0
2008-06-13,7.3891,7.4376,7.282,7.4134,27260763.0
2008-06-16,7.2658,7.3447,7.2012,7.3103,35864777.0
2008-06-17,7.3325,7.3386,7.2032,7.2133,26771942.0
2008-06-18,7.1809,7.1971,7.1082,7.1244,31676435.0
2008-06-19,7.1183,7.1789,7.0294,7.1041,36175652.0
2008-06-20,7.1021,7.1931,6.9546,6.9586,57441740.0
2008-06-23,6.9748,7.0132,6.9223,6.9485,37677730.0
2008-06-24,6.9101,7.0031,6.8576,6.9263,33039361.0
2008-06-25,7.0516,7.1244,6.9526,6.9667,47357494.0
2008-06-26,7.0294,7.0294,6.7646,6.7646,48514140.0
2008-06-27,6.7707,6.7727,6.6211,6.6211,58425207.0
2008-06-30,6.6191,6.8394,6.5948,6.8091,44297598.0
2008-07-01,6.7525,6.7889,6.6595,6.7302,44945828.0
2008-07-02,6.7646,6.7727,6.6373,6.6474,35188478.0
2008-07-03,6.6595,6.6676,6.4938,6.5847,29696790.0
2008-07-07,6.607,6.71,6.4958,6.6049,34375409.0
2008-07-08,6.6501,6.7856,6.6254,6.7713,37776103.0
2008-07-09,6.7897,6.8308,6.5946,6.5987,27377804.0
2008-07-10,6.6973,6.7733,6.6685,6.7322,36769466.0
2008-07-11,6.6768,6.7692,6.6254,6.6932,36617736.0
2008-07-14,6.761,6.7754,6.6151,6.6501,26333168.0
2008-07-15,6.5083,6.6768,6.4734,6.5638,36175520.0
2008-07-16,6.5987,6.6665,6.4878,6.5576,41235980.0
2008-07-17,6.5925,6.6028,6.4384,6.5227,43017687.0
2008-07-18,6.574,6.5987,6.4652,6.5987,37646484.0
2008-07-21,6.6151,6.6665,6.5145,6.5391,24796004.0
2008-07-22,6.4836,6.5432,6.4035,6.5371,42946720.0
2008-07-23,6.7363,6.8945,6.6069,6.7918,54580708.0
2008-07-24,6.7425,6.7425,6.4836,6.5124,45581083.0
2008-07-25,6.5535,6.5905,6.4282,6.4508,27984329.0
2008-07-28,6.4693,6.4713,6.2864,6.2926,36507446.0
2008-07-29,6.3029,6.3891,6.2782,6.307,38198592.0
2008-07-30,6.3522,6.3871,6.272,6.3501,31400911.0
2008-07-31,6.3378,6.5083,6.3214,6.3296,56340437.0
2008-08-01,6.3707,6.5062,6.2001,6.2536,47764094.0
2008-08-04,6.2597,6.2762,6.1056,6.1981,31201384.0
2008-08-05,6.2351,6.3994,6.1899,6.3789,35958251.0
2008-08-06,6.3481,6.4487,6.2556,6.3419,33039626.0
2008-08-07,6.2844,6.3604,6.196,6.2269,41129133.0
2008-08-08,6.2494,6.4015,6.2289,6.3624,48641112.0
2008-08-11,6.3624,6.5494,6.3604,6.5412,35465458.0
2008-08-12,6.5617,6.5638,6.4713,6.5021,31203370.0
2008-08-13,6.4754,6.4939,6.3357,6.4302,29115952.0
2008-08-14,6.3994,6.4672,6.2926,6.3933,32672745.0
2008-08-15,6.4056,6.5576,6.4015,6.5042,29060741.0
2008-08-18,6.5268,6.611,6.4117,6.4508,24495589.0
2008-08-19,6.4241,6.4343,6.2885,6.3275,23392962.0
2008-08-20,6.3604,6.3707,6.2433,6.3049,27762691.0
2008-08-21,6.2577,6.3398,6.2289,6.3193,20913242.0
2008-08-22,6.3481,6.4652,6.3193,6.4035,23926136.0
2008-08-25,6.3748,6.383,6.2474,6.27,21112901.0
2008-08-26,6.2659,6.309,6.2145,6.2905,25467140.0
2008-08-27,6.309,6.4467,6.2659,6.4097,25053125.0
2008-08-28,6.4508,6.6562,6.4508,6.6213,36885978.0
2008-08-29,6.5761,6.7404,6.572,6.572,41477213.0
2008-09-02,6.6829,6.8103,6.5905,6.6254,38767779.0
2008-09-03,6.5987,6.7137,6.5946,6.6603,25864472.0
2008-09-04,6.6254,6.6973,6.4754,6.4878,39631424.0
2008-09-05,6.4426,6.5206,6.3727,6.4713,30260417.0
2008-09-08,6.6007,6.7137,6.4836,6.687,39227604.0
2008-09-09,6.6501,6.8,6.6275,6.687,52445891.0
2008-09-10,6.6747,6.6747,6.4693,6.4816,40125541.0
2008-09-11,6.42,6.4939,6.2967,6.4836,36762449.0
2008-09-12,6.4467,6.4857,6.3049,6.4795,30948632.0
2008-09-15,6.3131,6.3933,6.1549,6.1549,47788191.0
2008-09-16,6.0748,6.2227,5.9742,6.1385,56462774.0
2008-09-17,6.042,6.0892,5.8036,5.9166,71190421.0
2008-09-18,5.9331,6.0974,5.6516,5.9742,73322458.0
2008-09-19,6.2988,6.4056,6.0091,6.2515,58498557.0
2008-09-22,6.2577,6.2659,5.9372,6.0009,36419003.0
2008-09-23,6.0173,6.1488,5.8858,5.9064,35471284.0
2008-09-24,5.9598,5.9926,5.8078,5.9536,31216080.0
2008-09-25,6.007,6.2762,5.97,6.1775,43386024.0
2008-09-26,6.081,6.1837,6.042,6.1632,32617667.0
2008-09-29,6.0871,6.1632,5.6619,5.7009,56064912.0
2008-09-30,5.8242,5.9618,5.7358,5.7358,60833431.0
2008-10-01,5.7831,5.853,5.5571,5.7708,49931482.0
2008-10-02,5.7934,5.8735,5.6804,5.7461,43042048.0
2008-10-03,5.8036,6.0337,5.7235,5.7769,56237827.0
2008-10-06,5.6455,5.7153,5.3414,5.5181,70641490.0
2008-10-07,5.629,5.7112,5.2839,5.288,57608829.0
2008-10-08,5.2481,5.4809,5.0236,5.1872,86984946.0
2008-10-09,5.2061,5.29,4.7237,4.8244,79260730.0
2008-10-10,4.644,5.2061,4.3839,4.7027,106080204.0
2008-10-13,4.881,5.4809,4.8264,5.4683,67802437.0
2008-10-14,5.7808,5.9801,5.4641,5.5962,65749046.0
2008-10-15,5.4536,5.4788,5.1537,5.1642,63239404.0
2008-10-16,5.225,5.4012,5.0152,5.3403,67783372.0
2008-10-17,5.2229,5.6109,5.139,5.3047,56262850.0
2008-10-20,5.3865,5.6802,5.3047,5.6613,46544161.0
2008-10-21,5.6172,5.699,5.332,5.397,43610044.0
2008-10-22,5.2439,5.3173,4.8244,4.988,63860095.0
2008-10-23,5.0047,5.4117,5.0026,5.2984,72686144.0
2008-10-24,4.8495,5.3739,4.8474,5.1767,61552760.0
2008-10-27,5.1579,5.3487,5.0341,5.1159,45181500.0
2008-10-28,5.2627,5.8375,5.2271,5.7913,67624492.0
2008-10-29,5.7745,5.8731,5.527,5.6424,61982663.0
2008-10-30,5.8291,5.8731,5.548,5.6843,41980730.0
2008-10-31,5.6508,5.9361,5.6151,5.6151,57706937.0
2008-11-03,5.6361,5.9172,5.6319,5.8333,34363626.0
2008-11-04,5.9885,6.2738,5.9633,6.1416,52224783.0
2008-11-05,6.0409,6.0619,5.6634,5.6948,45010174.0
2008-11-06,5.6466,5.7871,5.397,5.4515,47067803.0
2008-11-07,5.4998,5.7053,5.4998,5.6634,38001051.0
2008-11-10,5.827,5.8941,5.6571,5.762,32585758.0
2008-11-11,5.7221,5.8941,5.6445,5.7326,35242762.0
2008-11-12,5.6382,5.7158,5.4536,5.4914,37803378.0
2008-11-13,5.4788,6.0283,5.4012,6.0137,60531162.0
2008-11-14,5.8773,6.0808,5.5732,5.7997,51582908.0
2008-11-17,5.7305,5.7745,5.5396,5.6151,42321925.0
2008-11-18,5.569,5.72,5.3487,5.5732,60278940.0
2008-11-19,5.5585,5.6403,5.2669,5.2921,46951556.0
2008-11-20,5.225,5.5962,5.0656,5.1411,75617877.0
2008-11-21,5.2543,5.3173,4.8915,5.2837,76601212.0
2008-11-24,5.4054,5.8207,5.4012,5.6508,72801596.0
2008-11-25,5.7955,5.8521,5.3655,5.7242,57180250.0
2008-11-26,5.5879,6.0137,5.5354,5.9549,52247688.0
2008-11-28,5.913,6.0241,5.8941,5.9906,21242786.0
2008-12-01,5.8731,5.8878,5.6424,5.655,48845935.0
2008-12-02,5.7347,5.9256,5.7053,5.8815,48947618.0
2008-12-03,5.7494,6.1605,5.7263,6.0997,56509644.0
2008-12-04,5.934,6.2171,5.7997,5.9088,59557492.0
2008-12-05,5.7955,6.0493,5.6571,5.9046,67790786.0
2008-12-08,6.0619,6.429,6.0493,6.2884,60746312.0
2008-12-09,6.257,6.3304,6.0325,6.1164,52378234.0
2008-12-10,6.1584,6.2255,5.7955,5.8899,58920780.0
2008-12-11,5.7997,5.9801,5.7703,5.8605,51555236.0
2008-12-12,5.7515,5.9717,5.7221,5.9109,43438586.0
2008-12-15,5.7997,5.8605,5.5732,5.6906,56403724.0
2008-12-16,5.7158,5.957,5.676,5.9214,59227286.0
2008-12-17,5.8752,6.02,5.7766,5.8983,40246687.0
2008-12-18,5.957,6.0514,5.7682,5.8144,43926745.0
2008-12-19,5.8731,5.9696,5.7682,5.8983,64421471.0
2008-12-22,5.9025,6.0095,5.7745,5.9004,32508437.0
2008-12-23,5.9298,5.9885,5.7913,5.8144,28572979.0
2008-12-24,5.827,5.8878,5.8102,5.8375,9031534.0
2008-12-26,5.8689,5.9004,5.827,5.8605,10850312.0
2008-12-29,5.8773,5.8899,5.7305,5.8438,22643048.0
2008-12-30,5.8521,5.9214,5.762,5.9214,27294128.0
2008-12-31,5.913,6.0577,5.8417,5.978,27492463.0
2009-01-02,6.0283,6.1794,5.9633,6.171,28968855.0
2009-01-05,6.0409,6.0598,5.8857,5.9633,42917063.0
2009-01-06,5.9801,6.02,5.8731,5.936,38059836.0
2009-01-07,5.9131,5.9131,5.7741,5.819,40425295.0
2009-01-08,5.757,5.849,5.7356,5.8126,28374909.0
2009-01-09,5.8083,5.8682,5.6864,5.7057,40966678.0
2009-01-12,5.7164,5.7634,5.5004,5.5474,45414656.0
2009-01-13,5.5346,5.5667,5.4127,5.5581,41833104.0
2009-01-14,5.4769,5.5068,5.3486,5.4341,46823790.0
2009-01-15,5.4063,5.4191,5.1112,5.3721,57215866.0
2009-01-16,5.5325,5.5496,5.3208,5.3956,44140306.0
2009-01-20,5.3849,5.5068,5.3207,5.3507,45425910.0
2009-01-21,5.3935,5.5196,5.3721,5.5154,50357810.0
2009-01-22,5.3849,5.5389,5.34,5.4555,39944286.0
2009-01-23,5.3614,5.6287,5.2951,5.5859,45169054.0
2009-01-26,5.541,5.7976,5.541,5.7378,47786205.0
2009-01-27,5.5645,5.6586,5.4961,5.5453,45933002.0
2009-01-28,5.3999,5.6415,5.2972,5.541,74461098.0
2009-01-29,5.4619,5.4619,5.2031,5.2844,58885032.0
2009-01-30,5.2972,5.3357,5.186,5.2651,50411697.0
2009-02-02,5.34,5.4405,5.2352,5.3806,35807977.0
2009-02-03,5.4405,5.4747,5.2994,5.4255,41609480.0
2009-02-04,5.4576,5.5474,5.2181,5.2737,47171737.0
2009-02-05,5.2545,5.4512,5.2202,5.3785,39370861.0
2009-02-06,5.3849,5.6415,5.3806,5.5774,40836264.0
2009-02-09,5.5859,5.6095,5.4961,5.5367,29465752.0
2009-02-10,5.4961,5.5581,5.2181,5.2523,50484385.0
2009-02-11,5.3207,5.3207,5.1646,5.2267,34614656.0
2009-02-12,5.1689,5.2202,5.0299,5.1946,53648877.0
2009-02-13,5.1989,5.2929,5.1646,5.1732,31137302.0
2009-02-17,5.0513,5.1005,4.9166,4.9657,50460288.0
2009-02-18,4.9935,5.0042,4.8652,4.9101,37765511.0
2009-02-19,4.9743,5.0534,4.9422,4.9593,37104570.0
2009-02-20,4.9465,5.1197,4.8973,5.0427,52848652.0
2009-02-23,5.0898,5.1219,4.8182,4.8503,48201544.0
2009-02-24,4.8524,5.0064,4.769,4.9722,52269931.0
2009-02-25,5.0171,5.1582,4.9508,5.0705,81088115.0
2009-02-26,5.1432,5.2202,5.0962,5.1518,55265878.0
2009-02-27,5.0128,5.1625,4.9893,5.0834,49936911.0
2009-03-02,4.8759,5.0962,4.5851,4.9273,57649740.0
2009-03-03,4.9508,5.1069,4.7754,4.8481,63768342.0
2009-03-04,4.9337,5.0107,4.8225,4.9187,49385994.0
2009-03-05,4.8246,5.0171,4.7433,4.8246,64371026.0
2009-03-06,4.8695,5.0064,4.6663,4.8289,63394709.0
2009-03-09,4.7241,4.8717,4.6236,4.645,51163729.0
2009-03-10,4.7262,4.9379,4.6899,4.923,58785865.0
2009-03-11,4.97,5.0556,4.908,4.9935,44860562.0
2009-03-12,5.0235,5.2245,4.9786,5.2074,52899758.0
2009-03-13,5.2673,5.293,5.1026,5.1903,36811437.0
2009-03-16,5.2395,5.3186,5.2074,5.2095,38646898.0
2009-03-17,5.2031,5.4491,5.1454,5.4255,49908445.0
2009-03-18,5.3999,5.6137,5.3699,5.4961,49461065.0
2009-03-19,5.571,5.5795,5.387,5.4747,43675450.0
2009-03-20,5.5261,5.5881,5.3956,5.417,61531973.0
2009-03-23,5.5474,5.7656,5.4983,5.757,57799220.0
2009-03-24,5.695,5.742,5.603,5.6308,36296401.0
2009-03-25,5.6608,5.6864,5.4833,5.5988,51701273.0
2009-03-26,5.6415,5.6822,5.4747,5.6351,46818626.0
2009-03-27,5.5474,5.6244,5.5175,5.5603,29315214.0
2009-03-30,5.4512,5.494,5.3208,5.3806,39880601.0
2009-03-31,5.4405,5.4726,5.3678,5.3892,48155601.0
2009-04-01,5.2972,5.5795,5.2972,5.5432,37849453.0
2009-04-02,5.6672,5.7934,5.5645,5.6758,45533287.0
2009-04-03,5.7142,5.7677,5.6736,5.7378,33625893.0
2009-04-06,5.6458,5.6993,5.571,5.6864,35297046.0
2009-04-07,5.6259,5.6412,5.5211,5.5735,33949214.0
2009-04-08,5.5452,5.6259,5.4797,5.543,32595953.0
2009-04-09,5.6107,5.7416,5.6019,5.698,37223863.0
2009-04-13,5.6609,5.7264,5.5845,5.6805,26563015.0
2009-04-14,5.6325,5.6325,5.508,5.519,38342378.0
2009-04-15,5.5299,5.6041,5.5124,5.5561,35595078.0
2009-04-16,5.5997,5.7395,5.5452,5.674,42628563.0
2009-04-17,5.7373,5.7809,5.639,5.6652,51329494.0
2009-04-20,5.5997,5.6652,5.4884,5.5211,36271377.0
2009-04-21,5.5015,5.5517,5.4535,5.519,41787558.0
2009-04-22,5.6325,5.77,5.5583,5.6194,66472214.0
2009-04-23,5.6761,5.6805,5.5102,5.567,41620734.0
2009-04-24,5.5801,5.6238,5.4578,5.4928,37271924.0
2009-04-27,5.5015,5.5539,5.436,5.5255,36317188.0
2009-04-28,5.5015,5.6718,5.4578,5.5997,34547662.0
2009-04-29,5.6543,5.6958,5.5342,5.5714,44244373.0
2009-04-30,5.639,5.6652,5.5321,5.5932,42967507.0
2009-05-01,5.65,5.6783,5.5583,5.6783,29234582.0
2009-05-04,5.7002,5.8355,5.7002,5.8268,36095020.0
2009-05-05,5.7875,5.8399,5.7526,5.7853,25539695.0
2009-05-06,5.8159,5.8464,5.7351,5.8268,32761850.0
2009-05-07,5.7198,5.7678,5.5299,5.5561,70440640.0
2009-05-08,5.6107,5.639,5.4709,5.5124,55090184.0
2009-05-11,5.5059,5.5954,5.4731,5.5364,33911744.0
2009-05-12,5.5648,5.6543,5.5255,5.6172,30821396.0
2009-05-13,5.5452,5.6194,5.484,5.5102,30013094.0
2009-05-14,5.5495,5.5495,5.436,5.4535,40576231.0
2009-05-15,5.4775,5.5037,5.3749,5.4316,35081631.0
2009-05-18,5.4622,5.4928,5.3399,5.3683,48682686.0
2009-05-19,5.4033,5.4229,5.3771,5.3858,32986930.0
2009-05-20,5.4273,5.4273,5.2592,5.2679,50155768.0
2009-05-21,5.2352,5.2941,5.1194,5.1675,40938477.0
2009-05-22,5.15,5.2242,5.1042,5.1697,31154647.0
2009-05-26,5.1959,5.364,5.1544,5.3509,43039930.0
2009-05-27,5.3356,5.4033,5.233,5.2548,34252542.0
2009-05-28,5.2876,5.4207,5.2417,5.3771,34983125.0
2009-05-29,5.3989,5.412,5.2919,5.412,33409419.0
2009-06-01,5.4513,5.4819,5.3618,5.3792,36994943.0
2009-06-02,5.3945,5.4535,5.364,5.4229,38823520.0
2009-06-03,5.3858,5.4447,5.3007,5.3399,45551955.0
2009-06-04,5.3792,5.4076,5.2919,5.3181,43662872.0
2009-06-05,5.3705,5.4033,5.3356,5.3618,34113257.0
2009-06-08,5.2876,5.364,5.2461,5.3268,39224559.0
2009-06-09,5.3356,5.3661,5.2657,5.2854,40186842.0
2009-06-10,5.3094,5.3356,5.2701,5.3007,44236164.0
2009-06-11,5.3181,5.4578,5.305,5.412,47130825.0
2009-06-12,5.3814,5.4688,5.3683,5.46,35800695.0
2009-06-15,5.4098,5.4404,5.3159,5.3771,42327088.0
2009-06-16,5.3181,5.3596,5.2592,5.2876,40417351.0
2009-06-17,5.2963,5.3356,5.2614,5.2701,37145879.0
2009-06-18,5.2679,5.3181,5.2352,5.2679,37992974.0
2009-06-19,5.3072,5.3203,5.198,5.2483,56159181.0
2009-06-22,5.2221,5.2897,5.2024,5.2723,52724196.0
2009-06-23,5.2897,5.4098,5.2614,5.3836,55426744.0
2009-06-24,5.4207,5.4535,5.353,5.3814,36014389.0
2009-06-25,5.3487,5.46,5.3443,5.4251,41966563.0
2009-06-26,5.4076,5.436,5.3727,5.4185,26323768.0
2009-06-29,5.4338,5.5168,5.4229,5.5059,30290472.0
2009-06-30,5.4884,5.495,5.3814,5.4229,37656678.0
2009-07-01,5.4447,5.5015,5.4251,5.4731,29815156.0
2009-07-02,5.4556,5.4556,5.3421,5.3683,35752899.0
2009-07-06,5.3596,5.4338,5.3378,5.4142,33849649.0
2009-07-07,5.4273,5.4273,5.2941,5.3116,31462742.0
2009-07-08,5.3926,5.3948,5.2095,5.2564,45130394.0
2009-07-09,5.2832,5.2899,5.2095,5.2206,33712747.0
2009-07-10,5.2095,5.2474,5.1782,5.234,28892460.0
2009-07-13,5.2541,5.3211,5.1939,5.3077,34067447.0
2009-07-14,5.2921,5.3167,5.1961,5.2363,35882783.0
2009-07-15,5.2675,5.3591,5.2608,5.3524,34004424.0
2009-07-16,5.3368,5.3546,5.2809,5.2943,40098532.0
2009-07-17,5.3189,5.3569,5.2742,5.3546,34308415.0
2009-07-20,5.3881,5.4618,5.3591,5.4529,31915152.0
2009-07-21,5.4841,5.531,5.4462,5.4864,31964935.0
2009-07-22,5.5132,5.5802,5.4752,5.5467,40929209.0
2009-07-23,5.5891,5.7945,5.5846,5.6896,72863295.0
2009-07-24,5.6427,5.7186,5.6382,5.6829,34049573.0
2009-07-27,5.7275,5.7521,5.6628,5.7454,34756059.0
2009-07-28,5.7208,5.761,5.6695,5.6985,32513998.0
2009-07-29,5.6851,5.799,5.6717,5.7945,35851669.0
2009-07-30,5.8503,5.9397,5.828,5.8816,41579558.0
2009-07-31,5.8816,5.895,5.7767,5.857,36250061.0
2009-08-03,5.962,6.0066,5.7789,5.857,45264780.0
2009-08-04,5.8816,5.9084,5.8102,5.866,26298744.0
2009-08-05,5.8883,5.8928,5.7164,5.7454,56902607.0
2009-08-06,5.7499,5.7744,5.6762,5.7052,34113654.0
2009-08-07,5.7543,5.7722,5.7141,5.7208,26123182.0
2009-08-10,5.7432,5.7432,5.6784,5.7119,20759923.0
2009-08-11,5.6963,5.7275,5.6538,5.6628,21772518.0
2009-08-12,5.6695,5.7878,5.6494,5.7275,27852723.0
2009-08-13,5.7365,5.7365,5.6382,5.6896,28128645.0
2009-08-14,5.6918,5.7119,5.6092,5.6829,24873723.0
2009-08-17,5.6471,5.6695,5.5824,5.5869,28206099.0
2009-08-18,5.607,5.6337,5.5757,5.6047,22484565.0
2009-08-19,5.5623,5.6896,5.5623,5.6672,26321252.0
2009-08-20,5.6739,5.7119,5.6404,5.703,18113644.0
2009-08-21,5.7789,5.8325,5.7164,5.8057,40819185.0
2009-08-24,5.8459,5.8682,5.8057,5.8369,23821673.0
2009-08-25,5.8905,5.9062,5.8526,5.8727,33729694.0
2009-08-26,5.8704,5.9665,5.8503,5.9196,35341664.0
2009-08-27,5.9553,5.9553,5.8503,5.8995,26879716.0
2009-08-28,5.9285,5.9307,5.8191,5.8526,29211147.0
2009-08-31,5.8035,5.8615,5.7811,5.8168,32792170.0
2009-09-01,5.7945,5.8258,5.6382,5.6628,42250429.0
2009-09-02,5.6784,5.7074,5.6114,5.665,38773340.0
2009-09-03,5.6873,5.6873,5.5846,5.6159,36452765.0
2009-09-04,5.6226,5.7141,5.6181,5.6963,22137015.0
2009-09-08,5.7811,5.7923,5.732,5.7499,28261177.0
2009-09-09,5.7722,5.8168,5.7566,5.7923,25423051.0
2009-09-10,5.8191,5.9307,5.7744,5.9307,46393754.0
2009-09-11,5.895,5.9642,5.8883,5.9531,31170005.0
2009-09-14,5.9084,5.9508,5.8883,5.924,35226609.0
2009-09-15,5.9151,5.9732,5.8771,5.962,25520630.0
2009-09-16,5.9866,5.9955,5.8704,5.9263,33981122.0
2009-09-17,5.9173,5.9687,5.8369,5.8883,33292642.0
2009-09-18,5.9218,6.0647,5.8861,6.0401,65535882.0
2009-09-21,6.0022,6.0178,5.9531,6.0,30921755.0
2009-09-22,6.0178,6.029,5.9151,5.9173,36661030.0
2009-09-23,6.0357,6.1831,5.9866,6.058,70518623.0
2009-09-24,6.1049,6.1406,6.0089,6.0357,38050701.0
2009-09-25,6.0267,6.0625,6.0022,6.02,31137832.0
2009-09-28,6.0602,6.163,6.0513,6.125,30951148.0
2009-09-29,6.1049,6.1116,6.0357,6.0736,42230701.0
2009-09-30,6.1049,6.1116,6.0067,6.0312,50914155.0
2009-10-01,6.029,6.0468,5.9218,5.9419,41310521.0
2009-10-02,5.9285,5.9732,5.9062,5.9218,32802232.0
2009-10-05,5.9642,6.0044,5.9173,5.9754,30497281.0
2009-10-06,6.0178,6.0714,6.0,6.0625,34137222.0
2009-10-07,6.1178,6.1178,5.9583,5.9651,53441406.0
2009-10-08,6.0084,6.0244,5.8968,5.9105,58545824.0
2009-10-09,5.9287,5.9446,5.8353,5.8467,43882126.0
2009-10-12,5.8649,5.8854,5.817,5.833,34488214.0
2009-10-13,5.833,5.931,5.7965,5.9013,42773276.0
2009-10-14,5.9743,5.9811,5.874,5.8854,43235750.0
2009-10-15,5.8991,5.915,5.8353,5.9036,34316624.0
2009-10-16,5.8786,5.8968,5.8239,5.8558,46248379.0
2009-10-19,5.8831,5.9401,5.8558,5.9241,34293718.0
2009-10-20,5.9811,5.9811,5.8717,5.9219,45887192.0
2009-10-21,5.956,5.9674,5.8831,5.9105,40552664.0
2009-10-22,6.0107,6.07,5.9287,5.9469,57928442.0
2009-10-23,5.9583,5.9811,5.8193,5.8626,49091140.0
2009-10-26,5.8945,5.8991,5.7532,5.7669,45687930.0
2009-10-27,5.776,5.8626,5.7669,5.833,46250365.0
2009-10-28,5.8398,5.9879,5.833,5.9424,57224074.0
2009-10-29,5.9219,6.0153,5.89,5.9765,42293724.0
2009-10-30,5.9583,5.9834,5.8375,5.8489,55028618.0
2009-11-02,5.9013,5.9059,5.6963,5.8307,65780160.0
2009-11-03,5.8148,5.8398,5.751,5.7783,35445863.0
2009-11-04,5.8011,5.8877,5.7874,5.817,33493228.0
2009-11-05,5.8262,5.9196,5.8262,5.9105,29049354.0
2009-11-06,5.8922,5.9332,5.8649,5.9082,25291313.0
2009-11-09,5.9173,6.0039,5.9036,6.0016,31312203.0
2009-11-10,5.9993,6.054,5.9606,6.0062,28912320.0
2009-11-11,6.0403,6.0426,5.9743,6.0244,24308640.0
2009-11-12,6.0062,6.0677,5.9697,5.9902,22519651.0
2009-11-13,5.9925,6.0381,5.9492,5.9811,26221820.0
2009-11-16,6.0016,6.0608,5.972,5.9902,31202576.0
2009-11-17,5.9925,6.0062,5.9583,5.9879,28427472.0
2009-11-18,5.9879,5.9948,5.9332,5.9948,25944310.0
2009-11-19,5.9651,5.972,5.915,5.9492,31922302.0
2009-11-20,5.9469,5.9902,5.9241,5.9287,31427258.0
2009-11-23,6.0107,6.1269,5.9811,6.1019,60804965.0
2009-11-24,6.1132,6.2089,6.0791,6.1748,45758102.0
2009-11-25,6.2089,6.2272,6.1588,6.1702,27620229.0
2009-11-27,6.0358,6.1702,6.0267,6.1497,21527446.0
2009-11-30,6.1429,6.152,6.0768,6.1383,42066922.0
2009-12-01,6.193,6.2089,6.1383,6.193,35432358.0
2009-12-02,6.2226,6.2819,6.2021,6.2317,24290501.0
2009-12-03,6.2408,6.3206,6.2089,6.2705,33663892.0
2009-12-04,6.3479,6.373,6.2705,6.2887,42299020.0
2009-12-07,6.3365,6.4391,6.3115,6.373,32495859.0
2009-12-08,6.3776,6.3776,6.2659,6.291,34355549.0
2009-12-09,6.2408,6.3069,6.234,6.2796,30638949.0
2009-12-10,6.3138,6.3707,6.3001,6.3251,26779224.0
2009-12-11,6.3684,6.4026,6.3365,6.3821,25406368.0
2009-12-14,6.4596,6.4619,6.3776,6.3912,28521078.0
2009-12-15,6.3593,6.3798,6.2636,6.2887,28321816.0
2009-12-16,6.3024,6.3343,6.2614,6.2705,36231657.0
2009-12-17,6.2295,6.2545,6.177,6.2021,35255207.0
2009-12-18,6.2568,6.2773,6.193,6.2249,62309294.0
2009-12-21,6.2363,6.3092,6.2363,6.275,28046954.0
2009-12-22,6.3183,6.3684,6.2796,6.357,34436446.0
2009-12-23,6.3753,6.3912,6.332,6.3889,20671877.0
2009-12-24,6.4026,6.4072,6.3684,6.4026,8087522.0
2009-12-28,6.4368,6.4573,6.414,6.455,20686970.0
2009-12-29,6.471,6.4846,6.4345,6.4573,21038492.0
2009-12-30,6.4391,6.5188,6.43,6.4527,31173580.0
2009-12-31,6.4459,6.4778,6.3844,6.3867,21278004.0
2010-01-04,6.4733,6.5188,6.4436,6.512,38576858.0
2010-01-05,6.5393,6.5462,6.4596,6.4801,46650478.0
2010-01-06,6.4954,6.514,6.4025,6.4164,50172450.0
2010-01-07,6.4095,6.435,6.3026,6.3444,44486797.0
2010-01-08,6.3421,6.3653,6.2468,6.2979,36586622.0
2010-01-11,6.3165,6.3258,6.2398,6.2677,34147549.0
2010-01-12,6.2398,6.3002,6.2235,6.2654,34831527.0
2010-01-13,6.2747,6.2979,6.1654,6.191,56390352.0
2010-01-14,6.191,6.2398,6.0609,6.0864,55933836.0
2010-01-15,6.1004,6.105,5.9609,5.9935,84760229.0
2010-01-19,6.0237,6.1004,5.9958,6.0888,44965291.0
2010-01-20,6.0492,6.0492,5.9726,6.0028,51751188.0
2010-01-21,6.0237,6.0376,5.9028,5.9656,53059168.0
2010-01-22,5.9307,6.0028,5.8935,5.9005,50814723.0
2010-01-25,5.9795,6.019,5.8842,5.9447,39589586.0
2010-01-26,5.9028,5.9284,5.8238,5.8866,45239226.0
2010-01-27,5.8587,6.0702,5.8331,5.954,78105143.0
2010-01-28,5.9726,6.0771,5.8773,5.9354,68925984.0
2010-01-29,5.9516,5.9842,5.8912,5.8935,51531404.0
2010-02-01,5.9656,5.9749,5.875,5.8982,48689306.0
2010-02-02,5.8959,6.0051,5.8726,5.9702,41202615.0
2010-02-03,5.9563,5.9981,5.9028,5.9447,30391228.0
2010-02-04,5.9098,5.9238,5.8169,5.8169,42811010.0
2010-02-05,5.8378,5.8819,5.8006,5.8657,67369357.0
2010-02-08,5.854,5.8726,5.8006,5.8052,35977184.0
2010-02-09,5.8517,5.9075,5.8215,5.8703,46259501.0
2010-02-10,5.8633,5.868,5.8122,5.8378,35283938.0
2010-02-11,5.8215,5.8982,5.7704,5.854,36339828.0
2010-02-12,5.8169,5.8447,5.7773,5.8261,45165744.0
2010-02-16,5.8796,5.9238,5.8401,5.8842,34296499.0
2010-02-17,5.9052,5.9307,5.8564,5.9028,25826341.0
2010-02-18,5.9028,5.933,5.8471,5.8657,35785734.0
2010-02-19,5.8564,5.9028,5.8145,5.8331,45942270.0
2010-02-22,5.8401,5.8471,5.8029,5.8145,41185403.0
2010-02-23,5.8099,5.8169,5.7704,5.7704,37754919.0
2010-02-24,5.782,5.7983,5.7634,5.789,38357339.0
2010-02-25,5.7541,5.7773,5.7192,5.7564,39168157.0
2010-02-26,5.7773,5.789,5.7425,5.7657,38639484.0
2010-03-01,5.789,5.8261,5.7704,5.8099,32975544.0
2010-03-02,5.8099,5.8238,5.7425,5.782,44224248.0
2010-03-03,5.8168,5.8168,5.7657,5.7843,27400312.0
2010-03-04,5.7866,5.8099,5.7634,5.8006,38040109.0
2010-03-05,5.8169,5.8215,5.768,5.8076,37017848.0
2010-03-08,5.8215,5.8935,5.7866,5.8749,32679895.0
2010-03-09,5.8889,5.9795,5.8796,5.94,57545277.0
2010-03-10,5.9516,5.9772,5.8959,5.9307,31161267.0
2010-03-11,5.9075,5.9493,5.8796,5.9493,28811034.0
2010-03-12,5.9702,5.9795,5.9052,5.954,23591164.0
2010-03-15,5.9679,5.9958,5.94,5.9911,26904077.0
2010-03-16,6.0097,6.0399,5.9749,6.0074,23329410.0
2010-03-17,6.0307,6.04,6.0074,6.019,23969961.0
2010-03-18,6.033,6.0632,6.019,6.0562,22520710.0
2010-03-19,6.098,6.1143,6.04,6.098,47487511.0
2010-03-22,6.0864,6.1678,6.0609,6.1352,32488842.0
2010-03-23,6.1538,6.1747,6.119,6.1701,24012461.0
2010-03-24,6.1399,6.1585,6.0702,6.1027,27038728.0
2010-03-25,6.1422,6.1445,6.0678,6.0771,31899132.0
2010-03-26,6.0818,6.1585,6.0678,6.098,23911175.0
2010-03-29,6.1236,6.1747,6.112,6.1608,26903415.0
2010-03-30,6.0957,6.119,6.0051,6.0307,69180324.0
2010-03-31,6.019,6.0516,5.9842,6.0051,48599406.0
2010-04-01,6.0539,6.0911,6.0214,6.0678,27218395.0
2010-04-05,6.112,6.1259,6.0725,6.1143,31740517.0
2010-04-06,6.105,6.1259,6.0771,6.1143,28293350.0
2010-04-07,6.1727,6.1799,6.0493,6.0896,41533615.0
2010-04-08,6.0801,6.187,6.0778,6.1775,48399747.0
2010-04-09,6.1989,6.2938,6.187,6.2772,52618408.0
2010-04-12,6.3081,6.3318,6.2535,6.263,30372163.0
2010-04-13,6.2487,6.2748,6.1775,6.2202,50332787.0
2010-04-14,6.2131,6.2297,6.1775,6.2297,36690688.0
2010-04-15,6.2107,6.244,6.1822,6.2297,37060614.0
2010-04-16,6.2202,6.2558,6.1514,6.1561,42343506.0
2010-04-19,6.1941,6.2796,6.1609,6.263,44089597.0
2010-04-20,6.2725,6.3484,6.2582,6.3294,45651123.0
2010-04-21,6.3484,6.3508,6.206,6.2535,59248735.0
2010-04-22,6.1941,6.2463,6.1229,6.2368,43619048.0
2010-04-23,6.2131,6.2416,6.1704,6.2321,37099672.0
2010-04-26,6.2273,6.2725,6.2226,6.2368,23540720.0
2010-04-27,6.2202,6.2463,6.1442,6.1609,44845336.0
2010-04-28,6.1727,6.1965,6.0849,6.1514,45223471.0
2010-04-29,6.1917,6.244,6.1585,6.206,33938092.0
2010-04-30,6.2226,6.2914,6.1846,6.187,44673084.0
2010-05-03,6.2297,6.2748,6.1894,6.2392,35849154.0
2010-05-04,6.2487,6.2748,6.1134,6.149,41520640.0
2010-05-05,6.149,6.206,6.111,6.1181,44335994.0
2010-05-06,6.1039,6.111,5.7074,5.9686,89717682.0
2010-05-07,5.9852,6.0517,5.8807,5.9591,68006068.0
2010-05-10,6.1181,6.1775,6.0303,6.0944,54065408.0
2010-05-11,6.054,6.1276,6.016,6.0873,42857880.0
2010-05-12,6.1086,6.1466,6.0683,6.13,38826168.0
2010-05-13,6.1253,6.1656,6.0825,6.111,30376400.0
2010-05-14,6.1086,6.1205,5.9781,6.0303,50045876.0
2010-05-17,6.0422,6.1466,6.0042,6.1181,39622024.0
2010-05-18,6.1395,6.149,6.0089,6.0754,50265925.0
2010-05-19,6.0612,6.1039,6.0065,6.0706,40770991.0
2010-05-20,6.0018,6.0065,5.9021,5.9258,54600833.0
2010-05-21,5.7834,5.9045,5.7834,5.8997,71851097.0
2010-05-24,5.8665,5.876,5.7691,5.8,39734564.0
2010-05-25,5.7193,5.7905,5.6457,5.7739,69160861.0
2010-05-26,5.7715,5.7976,5.7027,5.7288,49869916.0
2010-05-27,5.7953,5.8546,5.7573,5.8475,36486130.0
2010-05-28,5.8404,5.8712,5.7668,5.7691,40159700.0
2010-06-01,5.762,5.8878,5.7264,5.7763,39376952.0
2010-06-02,5.8024,5.8855,5.7905,5.8831,33929883.0
2010-06-03,5.9068,5.9187,5.8427,5.8878,31180730.0
2010-06-04,5.8214,5.8261,5.705,5.7383,48815615.0
2010-06-07,5.7763,5.8522,5.7478,5.7739,49481455.0
2010-06-08,5.7953,5.9425,5.781,5.9282,54909987.0
2010-06-09,5.9591,5.9852,5.8878,5.9116,43932041.0
2010-06-10,5.9828,6.0588,5.9781,6.0398,43788917.0
2010-06-11,5.9852,6.016,5.9424,6.0042,31432025.0
2010-06-14,6.0232,6.0659,5.9709,5.9757,32941650.0
2010-06-15,6.016,6.0635,5.9852,6.0635,27788906.0
2010-06-16,6.0422,6.0612,6.0113,6.0588,26409298.0
2010-06-17,6.0659,6.0706,5.9638,6.0706,31427788.0
2010-06-18,6.0825,6.092,5.9899,6.0374,53698527.0
2010-06-21,6.073,6.0801,6.0184,6.0398,22227312.0
2010-06-22,6.0374,6.0778,6.0042,6.0208,34142120.0
2010-06-23,6.0303,6.0778,6.0184,6.0398,34205672.0
2010-06-24,6.0184,6.0588,5.9353,5.9472,36343270.0
2010-06-25,5.9662,5.9709,5.8594,5.8855,68545069.0
2010-06-28,5.9068,5.9781,5.8997,5.9235,28913644.0
2010-06-29,5.9021,5.9116,5.762,5.8071,69971944.0
2010-06-30,5.781,5.8024,5.724,5.743,49244591.0
2010-07-01,5.7596,5.7929,5.6979,5.7786,67766027.0
2010-07-02,5.7976,5.8,5.7217,5.7668,30718124.0
2010-07-06,5.8095,5.8166,5.743,5.7953,47660293.0
2010-07-07,5.8332,5.9279,5.8016,5.9109,42102935.0
2010-07-08,5.9255,5.9717,5.8793,5.9692,31021055.0
2010-07-09,5.9765,6.0445,5.9644,6.0324,25998329.0
2010-07-12,6.013,6.0397,5.9789,6.0348,22948495.0
2010-07-13,6.0567,6.1174,6.0518,6.0615,34648550.0
2010-07-14,6.0397,6.1004,6.0227,6.064,27872980.0
2010-07-15,6.0713,6.0858,6.013,6.0737,49598099.0
2010-07-16,6.0664,6.098,5.9887,5.9984,44056100.0
2010-07-19,6.0275,6.064,6.013,6.0445,25086490.0
2010-07-20,5.9984,6.0251,5.9522,6.0227,31848688.0
2010-07-21,6.047,6.115,6.0081,6.0543,38378920.0
2010-07-22,6.1684,6.2753,6.1611,6.1976,63500761.0
2010-07-23,6.2778,6.2972,6.183,6.2049,43278912.0
2010-07-26,6.251,6.3385,6.2365,6.3069,34750631.0
2010-07-27,6.3215,6.4162,6.3215,6.3531,34548059.0
2010-07-28,6.3749,6.4017,6.3215,6.3652,44451579.0
2010-07-29,6.3992,6.4138,6.2948,6.3215,43189410.0
2010-07-30,6.268,6.3409,6.2656,6.3021,33896651.0
2010-08-02,6.4381,6.4843,6.3992,6.46,46503779.0
2010-08-03,6.4624,6.5329,6.4575,6.4843,32333801.0
2010-08-04,6.4673,6.4988,6.4114,6.4721,34640606.0
2010-08-05,6.4405,6.5353,6.4405,6.4964,31128696.0
2010-08-06,6.4454,6.4746,6.3725,6.4478,34955321.0
2010-08-09,6.4794,6.5499,6.46,6.5256,29709236.0
2010-08-10,6.4891,6.579,6.477,6.562,35279436.0
2010-08-11,6.477,6.5086,6.4405,6.4503,38547201.0
2010-08-12,6.4284,6.5474,6.4138,6.477,40419072.0
2010-08-13,6.4673,6.5304,6.4478,6.4916,31433746.0
2010-08-16,6.4697,6.4891,6.4333,6.4746,26310528.0
2010-08-17,6.4867,6.5839,6.4867,6.5523,36432773.0
2010-08-18,6.5474,6.6543,6.5231,6.6276,39374568.0
2010-08-19,6.6082,6.6325,6.511,6.5523,35274670.0
2010-08-20,6.511,6.5304,6.3968,6.426,47114805.0
2010-08-23,6.46,6.5086,6.4333,6.4357,44923452.0
2010-08-24,6.3847,6.5231,6.3652,6.4916,45200036.0
2010-08-25,6.4575,6.5572,6.4235,6.5329,50415934.0
2010-08-26,6.5523,6.5596,6.4721,6.4867,34302324.0
2010-08-27,6.494,6.5596,6.4648,6.545,28114346.0
2010-08-30,6.5231,6.5426,6.4697,6.4697,20955478.0
2010-08-31,6.4478,6.5669,6.4381,6.5669,43498431.0
2010-09-01,6.6179,6.6786,6.5839,6.6446,37736648.0
2010-09-02,6.647,6.6762,6.6082,6.6568,22981992.0
2010-09-03,6.6349,6.6786,6.5742,6.6665,30687540.0
2010-09-07,6.6568,6.6689,6.5936,6.6252,24154791.0
2010-09-08,6.6349,6.6738,6.6179,6.6543,19996902.0
2010-09-09,6.6908,6.7928,6.6859,6.7564,36309111.0
2010-09-10,6.7734,6.7831,6.7126,6.7612,26142910.0
2010-09-13,6.8001,6.822,6.7539,6.7855,25789137.0
2010-09-14,6.788,6.8317,6.7734,6.7855,26936383.0
2010-09-15,6.7807,6.839,6.7491,6.805,25481969.0
2010-09-16,6.8025,6.8414,6.7539,6.8293,27985918.0
2010-09-17,6.8608,6.8803,6.8025,6.8438,41198643.0
2010-09-20,6.9021,6.9556,6.856,6.9337,37741547.0
2010-09-21,6.9434,7.0163,6.8778,6.9507,40306929.0
2010-09-22,6.9726,7.026,6.9386,6.9459,40452304.0
2010-09-23,6.9313,6.9847,6.9119,6.9264,31562306.0
2010-09-24,6.9726,6.9969,6.924,6.9434,35256664.0
2010-09-27,6.9483,7.0819,6.9289,7.0139,41081337.0
2010-09-28,7.0382,7.0528,6.9653,7.026,36338239.0
2010-09-29,7.0236,7.0406,6.9507,6.975,36059405.0
2010-09-30,6.992,7.0601,6.941,6.9483,37470789.0
2010-10-01,7.009,7.0358,6.9629,6.9993,29398493.0
2010-10-04,7.0066,7.0649,6.9726,7.0115,35103742.0
2010-10-05,7.0503,7.1499,7.0406,7.1329,38103661.0
2010-10-06,7.1939,7.1939,6.9933,7.0874,64920751.0
2010-10-07,7.0948,7.1146,6.9388,6.9958,42096050.0
2010-10-08,7.0255,7.028,6.8992,6.9883,33076433.0
2010-10-11,6.9809,7.0453,6.9809,7.0131,19050506.0
2010-10-12,7.0007,7.0577,6.9661,7.0304,32228808.0
2010-10-13,7.0701,7.1023,7.0354,7.0502,27429573.0
2010-10-14,7.0552,7.0899,7.0205,7.0577,23544030.0
2010-10-15,7.1023,7.1097,6.9834,7.0156,46679076.0
2010-10-18,7.0304,7.1072,7.0304,7.0874,20950182.0
2010-10-19,7.0478,7.0503,6.9339,6.9859,42080957.0
2010-10-20,7.0106,7.0998,7.0082,7.0849,29850242.0
2010-10-21,6.9883,7.0824,6.9561,7.0181,41232670.0
2010-10-22,7.0156,7.0354,6.9685,7.0057,23927460.0
2010-10-25,7.0552,7.0626,6.9982,7.023,23710986.0
2010-10-26,7.0255,7.0651,6.9982,7.0106,28256411.0
2010-10-27,6.9982,7.0354,6.9537,7.0205,32898487.0
2010-10-28,7.0676,7.0923,7.0354,7.0577,28825069.0
2010-10-29,7.0379,7.0899,7.0255,7.0626,28039275.0
2010-11-01,7.1394,7.1543,7.0899,7.1122,34391694.0
2010-11-02,7.1691,7.2087,7.1617,7.1666,24743574.0
2010-11-03,7.184,7.2087,7.1221,7.1964,25442778.0
2010-11-04,7.2385,7.3028,7.2063,7.2905,30305036.0
2010-11-05,7.2954,7.2979,7.2137,7.2484,23969564.0
2010-11-08,7.2063,7.2385,7.184,7.2261,20107853.0
2010-11-09,7.2285,7.2484,7.1964,7.2261,25995681.0
2010-11-10,7.1988,7.2013,7.1097,7.1939,28461366.0
2010-11-11,7.1691,7.2087,7.1196,7.1394,28328569.0
2010-11-12,7.1146,7.1221,6.9809,7.0478,34971342.0
2010-11-15,7.0725,7.1543,7.0503,7.0899,30658014.0
2010-11-16,7.0478,7.0577,6.9413,6.9933,33728238.0
2010-11-17,6.9784,6.9933,6.9165,6.924,32129111.0
2010-11-18,6.9809,7.0478,6.9809,7.0428,25935704.0
2010-11-19,7.028,7.0527,6.9611,7.0131,25675802.0
2010-11-22,7.0131,7.0156,6.9462,7.0057,26210169.0
2010-11-23,6.9586,6.971,6.9116,6.9413,25019628.0
2010-11-24,6.9661,6.9908,6.9537,6.9685,23219650.0
2010-11-26,6.9339,6.9561,6.9091,6.9165,10568830.0
2010-11-29,6.8967,6.9017,6.8076,6.8596,32401193.0
2010-11-30,6.8794,6.9165,6.8175,6.8819,33843161.0
2010-12-01,6.9636,7.0106,6.9413,7.0032,31224554.0
2010-12-02,6.9859,7.0948,6.9859,7.0701,29761269.0
2010-12-03,7.028,7.0577,6.9859,7.0552,30402615.0
2010-12-06,7.0304,7.0626,6.9982,7.0082,30540178.0
2010-12-07,7.0354,7.1196,7.0156,7.0676,33081199.0
2010-12-08,7.1047,7.1097,7.0453,7.0899,22840589.0
2010-12-09,7.0973,7.1369,7.0824,7.1369,27701258.0
2010-12-10,7.1592,7.1741,7.1196,7.1543,34787173.0
2010-12-13,7.1691,7.1815,7.1221,7.127,31504183.0
2010-12-14,7.1394,7.2657,7.1344,7.2657,35191920.0
2010-12-15,7.2632,7.3202,7.179,7.2137,46097443.0
2010-12-16,7.236,7.2682,7.2112,7.2385,22834101.0
2010-12-17,7.231,7.2484,7.1567,7.2335,47943894.0
2010-12-20,7.3053,7.3103,7.1765,7.2137,36551271.0
2010-12-21,7.2335,7.2508,7.1939,7.1988,22095839.0
2010-12-22,7.184,7.2211,7.179,7.2137,22334821.0
2010-12-23,7.2137,7.2409,7.1964,7.231,16809769.0
2010-12-27,7.2261,7.2806,7.2186,7.2434,15423806.0
2010-12-28,7.2706,7.2806,7.2335,7.2385,18108480.0
2010-12-29,7.2533,7.2905,7.2335,7.2583,16192520.0
2010-12-30,7.2459,7.2706,7.2335,7.2632,17091781.0
2010-12-31,7.2706,7.3127,7.2533,7.2756,20158562.0
2011-01-03,7.3499,7.3623,7.3078,7.3474,27251760.0
2011-01-04,7.3796,7.4068,7.3425,7.3994,27522253.0
2011-01-05,7.387,7.4539,7.3227,7.4242,37266893.0
2011-01-06,7.4644,7.4745,7.2448,7.3584,53978818.0
2011-01-07,7.3458,7.3483,7.2347,7.2826,62936472.0
2011-01-10,7.2044,7.2221,7.1009,7.1539,54728996.0
2011-01-11,7.0984,7.1261,6.9949,7.0454,75910746.0
2011-01-12,7.0454,7.1211,7.0277,7.0782,47702926.0
2011-01-13,7.1034,7.116,7.0353,7.0883,47543781.0
2011-01-14,7.0706,7.1817,7.0454,7.1766,45258027.0
2011-01-18,7.2069,7.217,7.1337,7.1514,41326939.0
2011-01-19,7.1539,7.1867,7.1312,7.1514,41898112.0
2011-01-20,7.1918,7.1968,7.1059,7.1261,39320814.0
2011-01-21,7.1463,7.1892,7.1261,7.1514,50337686.0
2011-01-24,7.1842,7.2094,7.1463,7.1892,26452328.0
2011-01-25,7.1892,7.2599,7.1691,7.2599,36592447.0
2011-01-26,7.2877,7.3079,7.2397,7.2524,32290904.0
2011-01-27,7.0883,7.1312,7.0201,7.1009,77328617.0
2011-01-28,7.0681,7.0731,6.9191,6.9393,54335371.0
2011-01-31,6.9217,6.9621,6.8661,6.9469,38726206.0
2011-02-01,7.0479,7.0479,6.9772,7.0353,34941154.0
2011-02-02,7.0782,7.0807,6.957,6.9848,30986366.0
2011-02-03,6.9848,7.0706,6.9621,7.0656,27917070.0
2011-02-04,7.0832,7.0832,7.0252,7.0605,24257401.0
2011-02-07,7.0605,7.0706,6.9949,7.058,43549935.0
2011-02-08,7.0605,7.0681,7.01,7.0454,26248565.0
2011-02-09,7.0125,7.0706,6.9747,7.0605,24671813.0
2011-02-10,7.063,7.1792,7.0176,7.1287,46705159.0
2011-02-11,7.1009,7.217,7.0908,7.1867,29461780.0
2011-02-14,7.1691,7.2019,7.1211,7.1842,30305963.0
2011-02-15,7.1489,7.1539,7.0681,7.1287,31318690.0
2011-02-16,7.116,7.1665,7.0908,7.1438,30192364.0
2011-02-17,7.1337,7.2069,7.1059,7.1943,25016450.0
2011-02-18,7.2019,7.2145,7.1564,7.212,26106764.0
2011-02-22,7.1489,7.1741,7.0807,7.1186,34396461.0
2011-02-23,7.1312,7.1413,7.0731,7.0757,32786080.0
2011-02-24,7.0706,7.0807,6.9696,7.0479,37251534.0
2011-02-25,7.0151,7.1135,7.01,7.1009,21257085.0
2011-02-28,7.1312,7.1691,7.1085,7.164,28047616.0
2011-03-01,7.1817,7.2019,7.0782,7.0883,29408820.0
2011-03-02,7.0883,7.1993,7.0757,7.111,35584618.0
2011-03-03,7.1514,7.1665,7.0782,7.1009,28930459.0
2011-03-04,7.1236,7.1564,7.0151,7.0479,35097784.0
2011-03-07,7.0555,7.0933,6.9999,7.0428,31607455.0
2011-03-08,7.1034,7.2195,7.0933,7.1817,39843662.0
2011-03-09,7.1943,7.2927,7.1615,7.2675,38104323.0
2011-03-10,7.2473,7.2726,7.2019,7.2221,45656551.0
2011-03-11,7.1918,7.2498,7.1287,7.1842,28960779.0
2011-03-14,7.1489,7.1741,7.0555,7.116,33465424.0
2011-03-15,6.9898,7.0529,6.9444,7.0201,50984724.0
2011-03-16,6.9974,7.0025,6.8838,6.899,49162768.0
2011-03-17,6.9848,7.0454,6.957,7.0024,34519725.0
2011-03-18,7.0555,7.0807,7.0025,7.0529,35114863.0
2011-03-21,7.2625,7.3458,7.0908,7.1337,82085087.0
2011-03-22,7.1388,7.1438,7.0681,7.0933,38217128.0
2011-03-23,7.0757,7.1236,7.0555,7.1034,28914704.0
2011-03-24,7.1943,7.2625,7.1716,7.2044,43139627.0
2011-03-25,7.2322,7.2953,7.2246,7.2826,31312070.0
2011-03-28,7.3256,7.4795,7.2953,7.4114,66838962.0
2011-03-29,7.4013,7.5931,7.3962,7.5856,55647455.0
2011-03-30,7.6007,7.8178,7.5931,7.7522,69942021.0
2011-03-31,7.732,7.7875,7.7017,7.7269,154437848.0
2011-04-01,7.7926,7.8077,7.6638,7.7295,161523234.0
2011-04-04,7.7597,7.785,7.7345,7.7673,49849262.0
2011-04-05,7.7421,7.8254,7.7295,7.7496,38599102.0
2011-04-06,7.7983,7.8575,7.7752,7.8369,33295025.0
2011-04-07,7.8395,7.8626,7.7135,7.8549,39700272.0
2011-04-08,7.8652,7.9012,7.8421,7.8986,34604991.0
2011-04-11,7.9089,7.9321,7.8806,7.8858,30168002.0
2011-04-12,7.8292,7.8626,7.8112,7.8369,29039160.0
2011-04-13,7.8472,7.8575,7.7469,7.7623,28050264.0
2011-04-14,7.7366,7.8266,7.7186,7.7906,25714993.0
2011-04-15,7.8549,7.8909,7.7958,7.8832,30026996.0
2011-04-18,7.8241,7.8395,7.7726,7.7958,28447596.0
2011-04-19,7.7958,7.8292,7.7623,7.7958,31453606.0
2011-04-20,7.7598,7.8446,7.6929,7.7495,41339517.0
2011-04-21,7.7881,7.9089,7.7726,7.8909,33859976.0
2011-04-25,7.8884,7.9038,7.8266,7.8575,17548958.0
2011-04-26,7.8909,7.9707,7.8858,7.9578,27804530.0
2011-04-27,7.963,8.1018,7.9501,8.0813,37685806.0
2011-04-28,8.0864,8.1841,8.0478,8.0684,31843127.0
2011-04-29,8.071,8.179,7.9912,8.0041,33815622.0
2011-05-02,8.1276,8.1584,8.0118,8.0273,36507049.0
2011-05-03,8.107,8.215,8.0401,8.1944,61224673.0
2011-05-04,8.1533,8.2073,8.1327,8.1764,34708263.0
2011-05-05,8.1584,8.2099,7.981,8.0298,41676475.0
2011-05-06,8.1173,8.1481,8.0067,8.0401,32335125.0
2011-05-09,8.0247,8.0813,7.9887,8.0633,20358221.0
2011-05-10,8.0916,8.1636,8.0735,8.1507,22636163.0
2011-05-11,8.1327,8.1636,8.0324,8.071,26783593.0
2011-05-12,8.0838,8.1764,8.0581,8.1378,29171427.0
2011-05-13,8.1327,8.143,8.0118,8.0787,23454925.0
2011-05-16,8.0555,8.0735,7.9758,7.9887,42626710.0
2011-05-17,7.9784,8.0427,7.9475,8.0041,27778844.0
2011-05-18,8.0144,8.0375,7.9527,8.0247,23507488.0
2011-05-19,8.0453,8.0915,8.0092,8.0761,19483984.0
2011-05-20,8.0633,8.1713,8.0221,8.0555,22301191.0
2011-05-23,7.9732,8.0144,7.9578,7.9938,23978170.0
2011-05-24,7.9938,8.0504,7.981,8.0144,22956571.0
2011-05-25,7.9552,8.0324,7.9527,7.9732,24066348.0
2011-05-26,7.9681,8.0401,7.9578,8.0015,26718188.0
2011-05-27,8.0298,8.0633,7.9707,8.0478,22837014.0
2011-05-31,8.0967,8.1404,8.0555,8.1173,31365428.0
2011-06-01,8.0838,8.1224,8.0015,8.017,29328056.0
2011-06-02,8.017,8.035,7.9192,7.9655,23083146.0
2011-06-03,7.8704,7.9398,7.8498,7.8832,28872600.0
2011-06-06,7.8575,7.8704,7.8061,7.8086,23787249.0
2011-06-07,7.8343,7.8729,7.7958,7.7958,21177115.0
2011-06-08,7.77,7.8524,7.7443,7.8035,27651078.0
2011-06-09,7.7958,7.8549,7.77,7.8009,22113845.0
2011-06-10,7.7855,7.8575,7.77,7.8035,31355762.0
2011-06-13,7.7881,7.9321,7.7803,7.8575,30908515.0
2011-06-14,7.9064,7.9552,7.8832,7.9192,26567384.0
2011-06-15,7.8781,7.9038,7.7726,7.8061,32109118.0
2011-06-16,7.7752,7.8343,7.7598,7.8266,25047564.0
2011-06-17,7.8832,7.9604,7.8729,7.9141,36906632.0
2011-06-20,7.8858,8.0041,7.8755,7.963,23149081.0
2011-06-21,8.0067,8.0607,7.9655,8.0015,47697762.0
2011-06-22,7.9758,8.0144,7.9424,7.9424,23608774.0
2011-06-23,7.8755,7.9064,7.7906,7.9012,32439589.0
2011-06-24,7.9141,7.9192,7.8292,7.8292,26714348.0
2011-06-27,7.8832,7.9578,7.8446,7.9115,24829502.0
2011-06-28,7.9424,7.9835,7.9115,7.9784,22791468.0
2011-06-29,8.0144,8.071,7.9964,8.0401,26446238.0
2011-06-30,8.0735,8.1018,8.053,8.0787,53799548.0
2011-07-01,8.0813,8.161,8.071,8.1481,26518926.0
2011-07-05,8.1636,8.1739,8.1173,8.1353,27652534.0
2011-07-06,8.2111,8.2215,8.1482,8.1796,23921502.0
2011-07-07,8.1849,8.2006,8.1377,8.1796,29117805.0
2011-07-08,8.1325,8.1953,8.1246,8.156,24681743.0
2011-07-11,8.0958,8.1115,8.0408,8.067,25590404.0
2011-07-12,8.0382,8.1561,8.0382,8.0591,28536834.0
2011-07-13,8.0827,8.143,8.0461,8.0722,20852603.0
2011-07-14,8.0801,8.101,7.9989,8.0094,28750660.0
2011-07-15,8.0408,8.0408,7.9099,7.9387,43644733.0
2011-07-18,7.902,7.9046,7.8129,7.8889,29087221.0
2011-07-19,7.8994,7.9491,7.8496,7.9439,28359683.0
2011-07-20,7.9439,7.9544,7.8784,7.9177,26278752.0
2011-07-21,7.9779,8.0513,7.9203,7.9308,50205948.0
2011-07-22,7.8679,7.9518,7.8103,7.9413,36445483.0
2011-07-25,7.8601,7.902,7.8182,7.8339,28135397.0
2011-07-26,7.8339,7.8837,7.826,7.8418,23598049.0
2011-07-27,7.8313,7.9125,7.826,7.847,35769714.0
2011-07-28,7.8391,7.8915,7.6191,7.6637,65698998.0
2011-07-29,7.5929,7.6846,7.5353,7.6637,36404439.0
2011-08-01,7.8732,7.8784,7.6479,7.7317,37703548.0
2011-08-02,7.716,7.7527,7.6217,7.6427,38673510.0
2011-08-03,7.6453,7.7344,7.5955,7.7265,36434626.0
2011-08-04,7.6427,7.6532,7.5379,7.5379,58761371.0
2011-08-05,7.6086,7.6689,7.3886,7.5772,71205382.0
2011-08-08,7.4148,7.572,7.2158,7.2551,95320321.0
2011-08-09,7.3363,7.5694,7.1581,7.5563,101431640.0
2011-08-10,7.572,7.5903,7.2682,7.3022,82072642.0
2011-08-11,7.3389,7.5117,7.2839,7.4489,69705025.0
2011-08-12,7.5798,7.5798,7.3336,7.3913,56385320.0
2011-08-15,7.4646,7.5563,7.4227,7.5458,34676752.0
2011-08-16,7.4698,7.572,7.4515,7.5405,29005000.0
2011-08-17,7.5798,7.6741,7.5694,7.6401,34004424.0
2011-08-18,7.5825,7.6086,7.386,7.4541,60700898.0
2011-08-19,7.3834,7.496,7.331,7.331,50331860.0
2011-08-22,7.5117,7.5117,7.4044,7.4515,47512005.0
2011-08-23,7.4489,7.5903,7.441,7.5903,39287449.0
2011-08-24,7.5615,7.7265,7.5405,7.7082,33160507.0
2011-08-25,7.7029,7.7632,7.5825,7.6113,31502329.0
2011-08-26,7.5641,7.6506,7.4515,7.606,30105774.0
2011-08-29,7.6872,7.7187,7.6375,7.6637,30866544.0
2011-08-30,7.6767,7.8051,7.6584,7.7579,29977743.0
2011-08-31,7.8208,7.8313,7.3336,7.4594,149624710.0
2011-09-01,7.4882,7.517,7.3991,7.4044,49874286.0
2011-09-02,7.3493,7.4305,7.3389,7.3467,35030127.0
2011-09-06,7.3179,7.331,7.2079,7.2891,44342216.0
2011-09-07,7.352,7.3677,7.2891,7.3677,32483546.0
2011-09-08,7.3258,7.3677,7.3074,7.3232,29022610.0
2011-09-09,7.2813,7.297,7.1948,7.2132,47628384.0
2011-09-12,7.1503,7.3127,7.1477,7.3022,33830583.0
2011-09-13,7.2996,7.3965,7.2655,7.3651,31846040.0
2011-09-14,7.3808,7.4646,7.2603,7.4017,30588769.0
2011-09-15,7.3913,7.5039,7.3834,7.4751,28870350.0
2011-09-16,7.5484,7.5798,7.4751,7.5798,45362888.0
2011-09-19,7.4751,7.5091,7.4148,7.4855,28662614.0
2011-09-20,7.5353,7.6427,7.5091,7.5563,27336098.0
2011-09-21,7.5746,7.5929,7.4044,7.4122,34224738.0
2011-09-22,7.3127,7.352,7.1922,7.2682,166822279.0
2011-09-23,7.2734,7.3205,7.2053,7.2943,137437952.0
2011-09-26,7.3494,7.4436,7.3336,7.4227,93473208.0
2011-09-27,7.5353,7.5956,7.4724,7.5091,38971543.0
2011-09-28,7.5406,7.6191,7.4672,7.4777,28658774.0
2011-09-29,7.5798,7.5851,7.4567,7.5536,45249951.0
2011-09-30,7.5248,7.5955,7.4646,7.4698,36753578.0
2011-10-03,7.5013,7.5563,7.3755,7.3755,42563422.0
2011-10-04,7.3467,7.4332,7.2158,7.4148,57329200.0
2011-10-05,7.4841,7.575,7.4574,7.567,42669872.0
2011-10-06,7.5536,7.5991,7.4681,7.5937,29346990.0
2011-10-07,7.6659,7.6793,7.567,7.6018,29641050.0
2011-10-10,7.7087,7.7969,7.6926,7.7969,27591366.0
2011-10-11,7.7194,7.7514,7.6739,7.69,29290190.0
2011-10-12,7.7274,7.8129,7.6525,7.7488,34291070.0
2011-10-13,7.706,7.7835,7.6712,7.7782,26529650.0
2011-10-14,7.8503,7.8664,7.7434,7.7969,31511068.0
2011-10-17,7.8022,7.853,7.7327,7.7568,24479701.0
2011-10-18,7.7648,7.845,7.69,7.8076,26388776.0
2011-10-19,7.8236,7.845,7.7354,7.7755,26117621.0
2011-10-20,7.6953,7.7648,7.6525,7.7488,41550562.0
2011-10-21,7.8183,7.8503,7.7461,7.7862,40020416.0
2011-10-24,7.7808,7.7889,7.69,7.7194,32050598.0
2011-10-25,7.6793,7.7113,7.5697,7.5937,44631378.0
2011-10-26,7.6712,7.6926,7.6071,7.6846,37064983.0
2011-10-27,7.8049,7.9305,7.7648,7.8771,49974910.0
2011-10-28,7.8797,7.9653,7.8343,7.9492,32215700.0
2011-10-31,7.8744,7.9252,7.8316,7.8343,34869526.0
2011-11-01,7.7595,7.7808,7.6499,7.6712,41759357.0
2011-11-02,7.7942,7.8343,7.7327,7.7728,28810240.0
2011-11-03,7.8316,7.8824,7.7728,7.869,27520664.0
2011-11-04,7.7889,7.8156,7.7381,7.7942,24383181.0
2011-11-07,7.8049,7.8717,7.7648,7.869,19871254.0
2011-11-08,7.8343,7.8851,7.7915,7.8744,27589115.0
2011-11-09,7.7862,7.8183,7.698,7.7274,35978641.0
2011-11-10,7.7701,7.8423,7.7381,7.7942,26310660.0
2011-11-11,7.8584,7.8984,7.837,7.8637,20008553.0
2011-11-14,7.8209,7.837,7.7648,7.8022,29037836.0
2011-11-15,7.8076,7.8503,7.7568,7.8183,37964244.0
2011-11-16,7.7835,7.8102,7.6712,7.6926,35149684.0
2011-11-17,7.7006,7.7113,7.5991,7.6472,36409073.0
2011-11-18,7.6659,7.6846,7.6017,7.6552,29234185.0
2011-11-21,7.5884,7.6151,7.5242,7.5804,29501103.0
2011-11-22,7.5857,7.5991,7.4841,7.5055,49514290.0
2011-11-23,7.4788,7.4868,7.3558,7.3639,40018430.0
2011-11-25,7.3505,7.4093,7.3264,7.3264,15936723.0
2011-11-28,7.4628,7.5135,7.42,7.4708,32069134.0
2011-11-29,7.4868,7.559,7.4788,7.5002,24059463.0
2011-11-30,7.6365,7.7461,7.6338,7.7461,44269529.0
2011-12-01,7.7327,7.7381,7.6632,7.7087,28916690.0
2011-12-02,7.7488,7.7835,7.7167,7.7407,29346460.0
2011-12-05,7.7969,7.8316,7.7488,7.7915,28945288.0
2011-12-06,7.7995,7.837,7.7675,7.7969,22535407.0
2011-12-07,7.7889,7.8583,7.7461,7.8583,54021848.0
2011-12-08,7.8129,7.8156,7.7006,7.714,29880297.0
2011-12-09,7.7728,7.7782,7.698,7.7595,32249330.0
2011-12-12,7.7568,7.7728,7.7301,7.7541,34153772.0
2011-12-13,7.7675,7.8183,7.7381,7.7621,29004074.0
2011-12-14,7.7541,7.8022,7.6926,7.7006,30023156.0
2011-12-15,7.7488,7.7568,7.6739,7.6953,34224076.0
2011-12-16,7.6312,7.7113,7.6205,7.7113,59486393.0
2011-12-19,7.7461,7.7675,7.6579,7.6819,25176390.0
2011-12-20,7.7087,7.7942,7.69,7.7835,44495933.0
2011-12-21,7.7915,7.8316,7.7594,7.8316,36556037.0
2011-12-22,7.869,7.9706,7.8316,7.9278,40174132.0
2011-12-23,7.9439,8.0134,7.9439,7.984,24006106.0
2011-12-27,7.9973,8.0615,7.976,8.0294,21796085.0
2011-12-28,8.0321,8.0615,7.9947,8.0054,22120995.0
2011-12-29,8.0321,8.0695,8.0054,8.0642,23497690.0
2011-12-30,8.0455,8.0989,8.0401,8.0829,20770647.0
2012-01-03,8.1417,8.1631,8.0989,8.1203,43699017.0
2012-01-04,8.1738,8.2005,8.1123,8.1337,49271204.0
2012-01-05,8.1497,8.1524,8.0668,8.1256,45621068.0
2012-01-06,8.1945,8.1999,8.0664,8.0882,60348979.0
2012-01-09,8.1236,8.1345,8.0391,8.0827,35470092.0
2012-01-10,8.1209,8.1536,8.1045,8.11,38481001.0
2012-01-11,8.1018,8.1836,8.1018,8.1727,31379594.0
2012-01-12,8.1972,8.2435,8.1781,8.2081,35100696.0
2012-01-13,8.189,8.2026,8.1236,8.1945,29256163.0
2012-01-17,8.2571,8.3035,8.2217,8.2435,31114265.0
2012-01-18,8.2626,8.2708,8.2163,8.2653,29147860.0
2012-01-19,8.2626,8.298,8.2571,8.2898,33793776.0
2012-01-20,8.2898,8.3171,8.2708,8.3144,35013312.0
2012-01-23,8.3144,8.328,8.2462,8.2844,25402661.0
2012-01-24,8.2299,8.2299,8.1536,8.1999,32227616.0
2012-01-25,8.1917,8.2408,8.0964,8.2326,37253123.0
2012-01-26,8.1481,8.1699,8.0064,8.0255,74148237.0
2012-01-27,8.0364,8.0473,7.9438,7.9465,48138654.0
2012-01-30,7.9356,8.0064,7.9083,7.9955,38969822.0
2012-01-31,8.05,8.05,7.9656,8.0146,38887469.0
2012-02-01,8.1509,8.1563,8.0609,8.0664,40535319.0
2012-02-02,8.14,8.1509,8.0991,8.1182,34024284.0
2012-02-03,8.1672,8.1945,8.1372,8.1618,34813786.0
2012-02-06,8.1291,8.1699,8.0909,8.1672,31203105.0
2012-02-07,8.1345,8.2163,8.1209,8.1863,32015114.0
2012-02-08,8.1863,8.2163,8.1808,8.1808,26632525.0
2012-02-09,8.1917,8.1917,8.1427,8.1727,23929844.0
2012-02-10,8.1263,8.1672,8.0936,8.1318,33100265.0
2012-02-13,8.1536,8.2081,8.1509,8.1863,30508535.0
2012-02-14,8.2081,8.2163,8.1345,8.1945,28635869.0
2012-02-15,8.1699,8.1945,8.1127,8.14,30492117.0
2012-02-16,8.1481,8.2244,8.1345,8.1808,31175831.0
2012-02-17,8.2135,8.2163,8.1754,8.1781,41467680.0
2012-02-21,8.2026,8.2844,8.1945,8.268,33614771.0
2012-02-22,8.2435,8.2762,8.2299,8.2517,20829036.0
2012-02-23,8.2353,8.3062,8.2353,8.3007,29748824.0
2012-02-24,8.2926,8.3089,8.2544,8.268,24194379.0
2012-02-27,8.2599,8.2926,8.2544,8.2735,40556636.0
2012-02-28,8.2871,8.3362,8.2735,8.3198,26874552.0
2012-02-29,8.3089,8.3498,8.3035,8.3362,35125323.0
2012-03-01,8.3225,8.3553,8.2953,8.3471,28574568.0
2012-03-02,8.358,8.4479,8.3389,8.4125,31170138.0
2012-03-05,8.407,8.4806,8.3798,8.4452,51997717.0
2012-03-06,8.3934,8.4397,8.3552,8.3743,33692755.0
2012-03-07,8.3634,8.4397,8.3634,8.4152,21902270.0
2012-03-08,8.467,8.4888,8.4152,8.4479,24819174.0
2012-03-09,8.4479,8.497,8.4479,8.497,25423448.0
2012-03-12,8.5024,8.5896,8.497,8.5678,27235739.0
2012-03-13,8.5896,8.6223,8.5678,8.6196,31464330.0
2012-03-14,8.6114,8.6659,8.5624,8.5705,32445944.0
2012-03-15,8.5596,8.625,8.5433,8.6223,26484237.0
2012-03-16,8.6387,8.6414,8.5869,8.6087,37954181.0
2012-03-19,8.5733,8.6496,8.5433,8.625,26143704.0
2012-03-20,8.6114,8.6741,8.5869,8.6632,24010872.0
2012-03-21,8.6795,8.7122,8.6741,8.6768,27916937.0
2012-03-22,8.6659,8.6823,8.6005,8.6414,106260930.0
2012-03-23,8.6278,8.6441,8.5515,8.5896,102966288.0
2012-03-26,8.6141,8.6741,8.6087,8.6632,100051635.0
2012-03-27,8.6632,8.7068,8.6114,8.6223,36945955.0
2012-03-28,8.5923,8.6032,8.5024,8.546,41556653.0
2012-03-29,8.4615,8.5051,8.3852,8.5051,38019322.0
2012-03-30,8.5351,8.5515,8.4915,8.5106,28791307.0
2012-04-02,8.5242,8.6087,8.5215,8.5705,28726563.0
2012-04-03,8.5651,8.6114,8.5378,8.5651,29136474.0
2012-04-04,8.5515,8.6278,8.5515,8.6032,35226212.0
2012-04-05,8.6317,8.6511,8.5373,8.5901,28431046.0
2012-04-09,8.5151,8.5651,8.4818,8.5068,25451649.0
2012-04-10,8.4735,8.5012,8.3152,8.3652,46030978.0
2012-04-11,8.4374,8.4707,8.404,8.454,28589926.0
2012-04-12,8.5484,8.5734,8.5179,8.5623,26054864.0
2012-04-13,8.5373,8.5679,8.4735,8.479,33139058.0
2012-04-16,8.4846,8.529,8.4679,8.4984,19510464.0
2012-04-17,8.5429,8.5928,8.5151,8.5762,28736758.0
2012-04-18,8.5373,8.5651,8.5123,8.5373,17028096.0
2012-04-19,8.5484,8.5734,8.4957,8.5345,22168791.0
2012-04-20,8.5345,8.6317,8.5234,8.5679,29220415.0
2012-04-23,8.5706,8.579,8.4984,8.4984,36186244.0
2012-04-24,8.6678,8.8621,8.6428,8.8066,68722220.0
2012-04-25,8.8177,8.876,8.8066,8.8122,37678922.0
2012-04-26,8.8261,9.0315,8.8233,9.0065,46000924.0
2012-04-27,9.0149,9.0926,9.0093,9.0704,31908400.0
2012-04-30,9.0315,9.1481,9.0287,9.137,35286454.0
2012-05-01,9.1426,9.2536,9.1426,9.1787,37497534.0
2012-05-02,9.1731,9.2092,9.1203,9.1731,36978393.0
2012-05-03,9.112,9.2036,9.0954,9.1925,32713657.0
2012-05-04,9.1731,9.1925,9.112,9.1231,25303361.0
2012-05-07,9.0204,9.187,9.0148,9.162,34121069.0
2012-05-08,9.1092,9.2175,9.1065,9.1731,35298237.0
2012-05-09,9.1259,9.1703,9.0815,9.1092,28592045.0
2012-05-10,9.1814,9.2314,9.1453,9.1981,31629168.0
2012-05-11,9.2675,9.4174,9.2564,9.3258,55588140.0
2012-05-14,9.2786,9.3175,9.1759,9.3091,39728474.0
2012-05-15,9.2481,9.3286,9.2314,9.2592,37104306.0
2012-05-16,9.2925,9.3147,9.2092,9.2147,29845343.0
2012-05-17,9.2092,9.3064,9.1925,9.2425,30980541.0
2012-05-18,9.2758,9.3869,9.273,9.3452,51472883.0
2012-05-21,9.3591,9.423,9.3175,9.3369,32660167.0
2012-05-22,9.3175,9.3869,9.2842,9.3119,37108145.0
2012-05-23,9.2564,9.3425,9.1842,9.2619,34060165.0
2012-05-24,9.2675,9.3563,9.2619,9.3397,31885362.0
2012-05-25,9.3452,9.398,9.3064,9.3536,29504148.0
2012-05-29,9.4091,9.4341,9.3563,9.423,30334296.0
2012-05-30,9.3619,9.4702,9.3563,9.3952,39932899.0
2012-05-31,9.3897,9.5535,9.3813,9.4868,42710916.0
2012-06-01,9.4674,9.4979,9.3786,9.4119,38517543.0
2012-06-04,9.4146,9.5146,9.398,9.4813,35351330.0
2012-06-05,9.4646,9.5118,9.4257,9.4563,32338568.0
2012-06-06,9.4924,9.5951,9.4535,9.5951,36714255.0
2012-06-07,9.6395,9.6451,9.4841,9.4841,56160902.0
2012-06-08,9.4757,9.6229,9.4702,9.5923,37018246.0
2012-06-11,9.6395,9.7173,9.5951,9.6034,34678208.0
2012-06-12,9.6145,9.7145,9.5562,9.7117,36824280.0
2012-06-13,9.7006,9.7339,9.6395,9.7117,35146904.0
2012-06-14,9.6951,9.9727,9.684,9.9088,41854553.0
2012-06-15,9.9755,9.9949,9.8866,9.9144,55059599.0
2012-06-18,9.9005,9.9894,9.8839,9.8922,29958413.0
2012-06-19,9.9338,9.9394,9.77,9.8478,35534704.0
2012-06-20,9.8228,9.8922,9.7728,9.8311,30919504.0
2012-06-21,9.8394,9.8977,9.7117,9.7256,37606896.0
2012-06-22,9.7756,9.8089,9.7145,9.7645,115368594.0
2012-06-25,9.7062,9.7312,9.6534,9.7034,116229988.0
2012-06-26,9.6978,9.7506,9.6756,9.7117,27126642.0
2012-06-27,9.7312,9.795,9.7228,9.77,21429072.0
2012-06-28,9.7256,9.8283,9.7034,9.8255,28368818.0
2012-06-29,9.9116,9.9199,9.8394,9.9005,40327451.0
2012-07-02,9.9116,10.0504,9.895,10.0504,32837318.0
2012-07-03,10.0532,10.0532,9.9366,9.9949,20495255.0
2012-07-05,9.9838,9.9866,9.8644,9.931,30209973.0
2012-07-06,9.8894,10.0193,9.8499,10.0023,29193670.0
2012-07-09,9.9854,10.0306,9.9431,10.0306,23056136.0
2012-07-10,10.0757,10.0842,9.9882,10.0023,28607536.0
2012-07-11,9.9967,10.0136,9.9064,9.9515,27386543.0
2012-07-12,9.8894,9.9064,9.7794,9.8415,31966126.0
2012-07-13,9.8584,9.9769,9.8358,9.9769,25407692.0
2012-07-16,9.9402,10.0362,9.9318,9.9967,23423281.0
2012-07-17,9.9741,10.1322,9.9487,10.1096,28238802.0
2012-07-18,10.087,10.214,10.056,10.214,33695668.0
2012-07-19,10.118,10.1237,9.9346,10.0136,40182738.0
2012-07-20,9.9741,10.0193,9.9064,9.96,35320745.0
2012-07-23,9.8781,10.0193,9.8471,9.9854,36082575.0
2012-07-24,10.008,10.0616,9.6636,9.7737,51145723.0
2012-07-25,9.833,10.0249,9.8019,9.9713,42284191.0
2012-07-26,10.1152,10.2817,10.1124,10.245,46010589.0
2012-07-27,10.293,10.5414,10.2846,10.4821,60338520.0
2012-07-30,10.4652,10.6374,10.4511,10.564,32957405.0
2012-07-31,10.5273,10.7559,10.5273,10.7023,48580605.0
2012-08-01,10.7644,10.8039,10.6232,10.6232,37076766.0
2012-08-02,10.5894,10.6571,10.5357,10.595,32646662.0
2012-08-03,10.6882,10.7248,10.5753,10.6063,32162608.0
2012-08-06,10.6063,10.7164,10.6035,10.6148,21663950.0
2012-08-07,10.6458,10.6684,10.5583,10.5668,28822818.0
2012-08-08,10.5357,10.5865,10.4511,10.564,29719563.0
2012-08-09,10.5329,10.5527,10.4567,10.5075,28015443.0
2012-08-10,10.4934,10.5837,10.4539,10.5809,21964498.0
2012-08-13,10.5583,10.5866,10.5329,10.5527,17367570.0
2012-08-14,10.5668,10.5894,10.4906,10.5132,26845027.0
2012-08-15,10.4737,10.5188,10.4341,10.4708,27865301.0
2012-08-16,10.4652,10.5329,10.3382,10.5103,30598170.0
2012-08-17,10.4708,10.5188,10.4624,10.4906,23599638.0
2012-08-20,10.4511,10.4539,10.389,10.4116,33479723.0
2012-08-21,10.4031,10.4116,10.3213,10.3269,32967600.0
2012-08-22,10.3128,10.3664,10.2874,10.3184,28702599.0
2012-08-23,10.3213,10.3579,10.2817,10.3184,27732504.0
2012-08-24,10.2902,10.4539,10.2874,10.4285,30732291.0
2012-08-27,10.3946,10.4398,10.3721,10.4059,29137665.0
2012-08-28,10.3664,10.4426,10.3269,10.341,26878656.0
2012-08-29,10.3467,10.4567,10.3467,10.3918,21085627.0
2012-08-30,10.3579,10.3975,10.3213,10.3551,20909402.0
2012-08-31,10.4144,10.4341,10.3184,10.341,26671715.0
2012-09-04,10.3241,10.42,10.3128,10.389,31543241.0
2012-09-05,10.3805,10.4483,10.3579,10.4229,30194879.0
2012-09-06,10.4934,10.595,10.4737,10.5668,32233310.0
2012-09-07,10.5724,10.5724,10.4172,10.5273,27554558.0
2012-09-10,10.5329,10.6232,10.5047,10.5612,24202455.0
2012-09-11,10.5668,10.6684,10.5668,10.6176,24853731.0
2012-09-12,10.6261,10.7559,10.5837,10.6458,31127770.0
2012-09-13,10.6374,10.7841,10.6204,10.7672,35081101.0
2012-09-14,10.6515,10.691,10.4567,10.516,54434009.0
2012-09-17,10.4821,10.6261,10.4737,10.612,38289418.0
2012-09-18,10.5894,10.6515,10.5075,10.6289,30499267.0
2012-09-19,10.5978,10.7136,10.5894,10.6571,27928324.0
2012-09-20,10.6458,10.7559,10.6119,10.7079,30787766.0
2012-09-21,10.7361,10.8885,10.7361,10.7474,47788191.0
2012-09-24,10.8095,10.8631,10.7869,10.7954,26647089.0
2012-09-25,10.8208,10.8857,10.7361,10.7418,23426459.0
2012-09-26,10.7474,10.8321,10.7248,10.7474,32688104.0
2012-09-27,10.7615,10.8067,10.6966,10.722,37777427.0
2012-09-28,10.6994,10.7164,10.612,10.6402,79320708.0
2012-10-01,10.6204,10.7164,10.612,10.6543,70860612.0
2012-10-02,10.7051,10.7531,10.6345,10.6712,27154578.0
2012-10-03,10.6938,10.818,10.6317,10.7728,28562520.0
2012-10-04,10.818,10.8462,10.7869,10.8208,26907255.0
2012-10-05,10.9476,10.9734,10.8187,10.8502,27572035.0
2012-10-08,10.8072,10.8559,10.747,10.7929,19880257.0
2012-10-09,10.7929,10.8015,10.641,10.6439,30961872.0
2012-10-10,10.6295,10.6467,10.5607,10.5808,26340318.0
2012-10-11,10.6066,10.6324,10.3917,10.3917,38947843.0
2012-10-12,10.3888,10.3945,10.1452,10.2111,49086241.0
2012-10-15,10.1452,10.1538,9.9818,10.0907,61213022.0
2012-10-16,10.0965,10.2226,10.0621,10.1452,37465096.0
2012-10-17,10.2025,10.2828,10.1567,10.2369,30005018.0
2012-10-18,10.2742,10.4805,10.2656,10.3229,35630164.0
2012-10-19,10.3458,10.3458,10.1137,10.1223,36516052.0
2012-10-22,10.0993,10.1423,10.0449,10.1051,27540259.0
2012-10-23,10.0334,10.1652,10.0048,10.0306,31423948.0
2012-10-24,9.8815,10.0248,9.4574,9.9474,47688229.0
2012-10-25,10.0134,10.0162,9.807,9.8873,29581735.0
2012-10-26,9.8787,9.9732,9.8443,9.9245,24943101.0
2012-10-31,9.9589,9.9962,9.8672,9.9131,27263014.0
2012-11-01,9.9847,10.0649,9.9503,10.0563,31638039.0
2012-11-02,10.0764,10.1395,10.0048,10.0105,37508126.0
2012-11-05,9.9962,10.0134,9.8672,9.9818,23401303.0
2012-11-06,9.9732,10.0105,9.9131,9.9732,25392996.0
2012-11-07,9.6867,9.787,9.5376,9.6408,60847333.0
2012-11-08,9.6895,9.7268,9.509,9.5147,48550021.0
2012-11-09,9.4631,9.6637,9.3743,9.6121,42197601.0
2012-11-12,9.6465,9.7554,9.615,9.7067,26474572.0
2012-11-13,9.7067,9.8672,9.6752,9.7296,30480069.0
2012-11-14,9.7583,9.8242,9.6494,9.6809,33299792.0
2012-11-15,9.6437,9.7268,9.509,9.5777,34491656.0
2012-11-16,9.552,9.572,9.4287,9.4975,42832856.0
2012-11-19,9.5892,9.7124,9.3743,9.6924,28772903.0
2012-11-20,9.6952,9.6981,9.5863,9.6523,27128495.0
2012-11-21,9.6809,9.7153,9.6207,9.701,36898424.0
2012-11-23,9.7325,9.8471,9.7038,9.8471,28727622.0
2012-11-26,9.7841,9.807,9.6867,9.7354,46145107.0
2012-11-27,9.7239,9.7497,9.6179,9.6351,35094076.0
2012-11-28,9.5921,9.6494,9.5176,9.6351,40816934.0
2012-11-29,9.6838,9.764,9.6781,9.7239,39114402.0
2012-11-30,9.7296,9.8443,9.7239,9.7812,47836914.0
2012-12-03,9.8099,9.8586,9.7526,9.7841,25966023.0
2012-12-04,9.7583,9.7784,9.6924,9.721,28189152.0
2012-12-05,9.6809,9.8328,9.6781,9.7182,38622272.0
2012-12-06,9.701,9.7612,9.6293,9.6437,31001460.0
2012-12-07,9.658,9.6895,9.5778,9.6695,29575115.0
2012-12-10,9.6523,9.7096,9.5921,9.6666,27595602.0
2012-12-11,9.6895,9.8099,9.6895,9.787,31412959.0
2012-12-12,9.8156,9.9417,9.8127,9.8844,31827239.0
2012-12-13,9.8873,9.9245,9.8185,9.8357,25075633.0
2012-12-14,9.8156,9.8557,9.7382,9.7468,34676619.0
2012-12-17,9.7669,9.8213,9.7325,9.8099,32847116.0
2012-12-18,9.7841,9.8701,9.7354,9.8414,46151992.0
2012-12-19,9.8213,9.8414,9.7096,9.7182,33372082.0
2012-12-20,9.7096,9.8013,9.6924,9.7927,33650652.0
2012-12-21,9.7268,9.7841,9.6064,9.6494,73284062.0
2012-12-24,9.5978,9.7296,9.5978,9.6695,12807714.0
2012-12-26,9.6866,9.7296,9.6293,9.6809,17730611.0
2012-12-27,9.701,9.7067,9.5147,9.6465,32105411.0
2012-12-28,9.5892,9.6379,9.5405,9.5491,27011983.0
2012-12-31,9.4946,9.6666,9.486,9.6609,35630826.0
2013-01-02,9.8557,10.0306,9.8041,10.0306,50740314.0
2013-01-03,10.0563,10.0793,9.9646,10.0363,38306895.0
2013-01-04,10.0592,10.1079,10.0306,10.0965,27984858.0
2013-01-07,10.1022,10.1738,10.0592,10.1423,36410662.0
2013-01-08,10.2081,10.214,9.9895,10.0128,38674437.0
2013-01-09,10.0391,10.0799,9.9808,9.9808,25974762.0
2013-01-10,10.042,10.0915,10.007,10.0187,31331268.0
2013-01-11,10.0391,10.0536,9.9487,9.9895,35846506.0
2013-01-14,9.9575,9.9749,9.8992,9.9166,29092649.0
2013-01-15,9.905,9.9196,9.7942,9.8409,32224306.0
2013-01-16,9.803,9.8175,9.666,9.6951,44705522.0
2013-01-17,9.7039,9.7243,9.5902,9.6776,51598134.0
2013-01-18,9.5669,9.7476,9.5494,9.7476,51187164.0
2013-01-22,9.7622,9.8642,9.6922,9.7971,39368610.0
2013-01-23,9.7884,9.8933,9.7767,9.8467,33708113.0
2013-01-24,9.8671,9.9341,9.8379,9.8379,35465061.0
2013-01-25,9.9458,9.9808,9.8583,9.9166,35874442.0
2013-01-28,9.9108,9.9983,9.8875,9.9487,31326237.0
2013-01-29,9.9487,10.1528,9.9458,10.109,41011430.0
2013-01-30,10.0945,10.1644,10.0449,10.0507,32013923.0
2013-01-31,10.0653,10.1877,10.0507,10.1411,34741098.0
2013-02-01,10.249,10.386,10.214,10.351,38637762.0
2013-02-04,10.3131,10.3393,10.2023,10.2694,37381684.0
2013-02-05,10.3131,10.386,10.2985,10.3043,27709069.0
2013-02-06,10.2315,10.3451,10.2315,10.3277,46276978.0
2013-02-07,10.3306,10.3626,10.2198,10.281,25228423.0
2013-02-08,10.316,10.3568,10.249,10.281,24196762.0
2013-02-11,10.2781,10.2927,10.2198,10.2694,18122647.0
2013-02-12,10.2752,10.3976,10.2694,10.3772,22453716.0
2013-02-13,10.3976,10.4384,10.3014,10.3247,23040910.0
2013-02-14,10.3247,10.3306,10.2111,10.2868,34695288.0
2013-02-15,10.2956,10.3626,10.246,10.3072,32913713.0
2013-02-19,10.3102,10.4034,10.3102,10.3976,22348590.0
2013-02-20,10.4005,10.488,10.3364,10.3393,47209603.0
2013-02-21,10.3073,10.383,10.2023,10.3277,33305750.0
2013-02-22,10.3335,10.4064,10.2664,10.4005,27556942.0
2013-02-25,10.4268,10.5171,10.2577,10.2577,43061379.0
2013-02-26,10.3597,10.4064,10.3189,10.3451,34773006.0
2013-02-27,10.3626,10.4647,10.3364,10.4501,31148821.0
2013-02-28,10.4355,10.5667,10.4209,10.4676,42169135.0
2013-03-01,10.4034,10.5171,10.386,10.4967,31115986.0
2013-03-04,10.4938,10.5725,10.4676,10.5609,24700544.0
2013-03-05,10.6483,10.6979,10.6396,10.6687,29933522.0
2013-03-06,10.6804,10.7328,10.5754,10.5783,27073152.0
2013-03-07,10.6017,10.6454,10.5375,10.6075,25457342.0
2013-03-08,10.6512,10.7095,10.6512,10.692,28459380.0
2013-03-11,10.6833,10.7183,10.6104,10.6687,26505156.0
2013-03-12,10.657,10.7387,10.6454,10.7037,25968406.0
2013-03-13,10.7066,10.7328,10.657,10.6687,19954004.0
2013-03-14,10.6891,10.7474,10.6658,10.7445,25836271.0
2013-03-15,10.6658,10.6979,10.5638,10.6192,67626610.0
2013-03-18,10.5434,10.5929,10.5288,10.5375,27398062.0
2013-03-19,10.5696,10.6046,10.5026,10.5346,26283783.0
2013-03-20,10.5871,10.6192,10.5288,10.5492,39565886.0
2013-03-21,10.523,10.5667,10.4996,10.5375,27440959.0
2013-03-22,10.5463,10.6454,10.5463,10.6192,31659488.0
2013-03-25,10.6308,10.6658,10.5813,10.6075,31388862.0
2013-03-26,10.6512,10.7183,10.5958,10.7095,24400261.0
2013-03-27,10.6541,10.7241,10.6396,10.6745,23005559.0
2013-03-28,10.6949,10.7358,10.6396,10.6949,49502771.0
2013-04-01,10.7008,10.8786,10.7008,10.8582,32048214.0
2013-04-02,10.9252,10.9864,10.8786,10.9515,34725475.0
2013-04-03,10.934,10.9602,10.8465,10.8669,32161284.0
2013-04-04,10.8873,11.0651,10.8786,11.0506,96455386.0
2013-04-05,10.9748,11.0914,10.9573,11.0826,101271966.0
2013-04-08,11.108,11.191,11.0992,11.1406,31269173.0
2013-04-09,11.1584,11.2206,11.108,11.1821,29851831.0
2013-04-10,11.1939,11.342,11.1821,11.3064,25243119.0
2013-04-11,11.2976,11.4901,11.2976,11.4131,33753526.0
2013-04-12,11.3775,11.4427,11.3775,11.4279,26116297.0
2013-04-15,11.3331,11.416,11.2265,11.2383,38726073.0
2013-04-16,11.3272,11.3361,11.2295,11.2354,32393778.0
2013-04-17,11.1939,11.2531,11.1199,11.188,29754384.0
2013-04-18,11.2857,11.2916,11.1584,11.1761,26744800.0
2013-04-19,11.2117,11.3598,11.1821,11.3361,32475072.0
2013-04-22,11.3775,11.4782,11.3538,11.4693,28468780.0
2013-04-23,11.4901,11.5493,11.3568,11.5493,33244051.0
2013-04-24,10.9837,11.034,10.8474,10.9689,80932016.0
2013-04-25,11.031,11.0873,10.9777,11.0399,47409130.0
2013-04-26,11.0399,11.0488,10.9215,10.9689,43960507.0
2013-04-29,10.9925,11.0577,10.9629,11.0458,25042533.0
2013-04-30,11.0666,11.1406,11.0399,11.0932,31967583.0
2013-05-01,11.0932,11.2443,11.0932,11.1228,28908216.0
2013-05-02,11.1406,11.2058,11.0784,11.1228,21773312.0
2013-05-03,11.2146,11.2176,11.0222,11.0577,26797628.0
2013-05-06,11.0429,11.0547,10.9777,10.9837,16037612.0
2013-05-07,11.0133,11.111,10.9837,11.111,19453797.0
2013-05-08,11.0843,11.2087,11.0636,11.2028,20093289.0
2013-05-09,11.1643,11.188,11.0162,11.0547,31254212.0
2013-05-10,11.0903,11.114,11.0073,11.0636,24073762.0
2013-05-13,11.0459,11.0518,10.9392,10.957,24570924.0
2013-05-14,10.954,11.0251,10.9155,11.0251,25789931.0
2013-05-15,11.0577,11.2028,11.0429,11.114,30531970.0
2013-05-16,11.0814,11.1406,11.0547,11.0695,18096962.0
2013-05-17,11.0607,11.0962,11.0133,11.0873,22127880.0
2013-05-20,11.0755,11.0873,10.9955,11.0222,19402161.0
2013-05-21,11.0281,11.0281,10.8978,10.9392,32924702.0
2013-05-22,10.9392,11.0074,10.7941,10.8445,37864017.0
2013-05-23,10.7704,10.9007,10.7645,10.88,23991145.0
2013-05-24,10.8178,10.8919,10.7941,10.883,19123724.0
2013-05-28,10.9689,11.0014,10.7083,10.7142,38963996.0
2013-05-29,10.6757,10.6786,10.5128,10.6342,38052554.0
2013-05-30,10.6135,10.6846,10.5128,10.5128,33224853.0
2013-05-31,10.4625,10.5128,10.3588,10.3618,47398935.0
2013-06-03,10.3618,10.4269,10.2404,10.3855,39401446.0
2013-06-04,10.421,10.6224,10.4092,10.5631,53578308.0
2013-06-05,10.5602,10.578,10.4388,10.4417,30271671.0
2013-06-06,10.4269,10.6194,10.3944,10.6046,30529719.0
2013-06-07,10.652,10.6757,10.4773,10.498,34489273.0
2013-06-10,10.6224,10.6935,10.5691,10.6579,28932313.0
2013-06-11,10.6194,10.7201,10.578,10.5898,34427840.0
2013-06-12,10.6609,10.7023,10.5335,10.5483,22449214.0
2013-06-13,10.5454,10.7764,10.5454,10.7497,26668802.0
2013-06-14,10.7201,10.7527,10.6283,10.6342,31739855.0
2013-06-17,10.6816,10.7023,10.5069,10.5898,30934466.0
2013-06-18,10.6105,10.7645,10.5987,10.7112,20333860.0
2013-06-19,10.6786,10.7023,10.4388,10.4388,32390998.0
2013-06-20,10.3647,10.424,10.1634,10.1722,42099890.0
2013-06-21,10.2315,10.2848,10.0982,10.2078,129015988.0
2013-06-24,10.1604,10.3203,10.1071,10.2048,94294618.0
2013-06-25,10.2729,10.4269,10.2285,10.3736,88913882.0
2013-06-26,10.4891,10.5098,10.3914,10.4625,29010958.0
2013-06-27,10.5217,10.6461,10.5128,10.5513,24164986.0
2013-06-28,10.5276,10.5691,10.4565,10.4832,31662004.0
2013-07-01,10.4832,10.5661,10.421,10.4536,26352102.0
2013-07-02,10.4506,10.6016,10.4092,10.5217,24672608.0
2013-07-03,10.5039,10.5839,10.424,10.5483,15358400.0
2013-07-05,10.6016,10.6313,10.4388,10.6105,22692168.0
2013-07-08,10.7267,10.7478,10.6574,10.7147,20990166.0
2013-07-09,10.7719,10.79,10.7026,10.7207,19181450.0
2013-07-10,10.7177,10.7448,10.6153,10.6574,23616320.0
2013-07-11,10.7659,10.8442,10.7448,10.802,30551830.0
2013-07-12,10.805,10.814,10.7086,10.7839,25242987.0
2013-07-15,10.7448,10.7689,10.6183,10.7056,22740494.0
2013-07-16,10.7267,10.811,10.7207,10.805,23304916.0
2013-07-17,10.8291,10.9345,10.811,10.8291,22250482.0
2013-07-18,10.799,10.8381,10.7237,10.7628,25919154.0
2013-07-19,10.79,10.796,10.6966,10.7839,28007234.0
2013-07-22,10.7719,10.808,10.7026,10.7147,25422389.0
2013-07-23,10.7659,10.8261,10.6906,10.7839,30388051.0
2013-07-24,10.6574,10.6906,10.5189,10.6605,40962971.0
2013-07-25,10.5942,10.7117,10.5882,10.6785,29238819.0
2013-07-26,10.6635,10.7508,10.6334,10.7207,18745060.0
2013-07-29,10.7327,10.8411,10.7117,10.805,22012030.0
2013-07-30,10.8411,10.8622,10.6635,10.6665,25276881.0
2013-07-31,10.6695,10.7147,10.6063,10.6213,28235756.0
2013-08-01,10.7357,10.7869,10.6514,10.7568,24409529.0
2013-08-02,10.7207,10.7749,10.6936,10.7719,28798854.0
2013-08-05,10.7508,10.796,10.7117,10.7418,13556436.0
2013-08-06,10.7267,10.7388,10.6635,10.6845,16952761.0
2013-08-07,10.6665,10.7598,10.6665,10.7177,17596754.0
2013-08-08,10.7388,10.7568,10.5761,10.6273,23774141.0
2013-08-09,10.6183,10.6334,10.4647,10.4798,28521078.0
2013-08-12,10.4647,10.531,10.4587,10.5159,21168509.0
2013-08-13,10.5249,10.537,10.4105,10.4557,21459127.0
2013-08-14,10.4677,10.4768,10.3924,10.4707,23042631.0
2013-08-15,10.4195,10.4527,10.3443,10.3443,23558859.0
2013-08-16,10.3202,10.3533,10.2118,10.2931,32519823.0
2013-08-19,10.269,10.2931,10.1274,10.1756,27966587.0
2013-08-20,10.1937,10.266,10.1726,10.1997,21386969.0
2013-08-21,10.1786,10.1937,10.0762,10.0823,27207538.0
2013-08-22,10.0883,10.2389,9.9949,10.1847,34312519.0
2013-08-23,10.1816,10.3382,10.1636,10.3262,39360799.0
2013-08-26,10.3322,10.3623,10.1786,10.1847,18436965.0
2013-08-27,10.1094,10.2569,10.0973,10.1455,24718815.0
2013-08-28,10.1485,10.1907,10.1124,10.1124,22056516.0
2013-08-29,10.1304,10.2569,10.1214,10.1335,29444568.0
2013-08-30,10.1335,10.2057,10.1094,10.1877,26995168.0
2013-09-03,10.2419,10.272,10.01,10.0341,40735376.0
2013-09-04,10.004,10.1636,10.001,10.1606,24784353.0
2013-09-05,10.1696,10.2148,10.019,10.0401,26264982.0
2013-09-06,10.0883,10.1124,10.007,10.0612,26069428.0
2013-09-09,10.0793,10.1545,10.013,10.1274,25146070.0
2013-09-10,10.2027,10.269,10.1636,10.2298,36663281.0
2013-09-11,10.2328,10.3141,10.1997,10.2298,27920512.0
2013-09-12,10.2208,10.3744,10.2208,10.3533,32619653.0
2013-09-13,10.3924,10.4587,10.3021,10.3352,18838666.0
2013-09-16,10.4105,10.4587,10.3473,10.4105,21010688.0
2013-09-17,10.4165,10.4948,10.4045,10.4647,23565611.0
2013-09-18,10.4587,10.543,10.3322,10.5249,30211562.0
2013-09-19,10.5249,10.5249,10.4436,10.4828,20776473.0
2013-09-20,10.4858,10.4948,10.2991,10.3322,48633300.0
2013-09-23,10.3593,10.3593,10.1515,10.3051,30743412.0
2013-09-24,10.269,10.3262,10.2419,10.266,25464492.0
2013-09-25,10.272,10.3503,10.2238,10.2539,25303361.0
2013-09-26,10.29,10.3683,10.266,10.3081,21838321.0
2013-09-27,10.272,10.284,10.1847,10.2328,18533220.0
2013-09-30,10.1726,10.2057,10.1425,10.1847,27565283.0
2013-10-01,10.1756,10.3111,10.1666,10.2569,22189975.0
2013-10-02,10.2298,10.2569,10.1636,10.2208,28479240.0
2013-10-03,10.2118,10.2178,10.1274,10.1304,29706985.0
2013-10-04,10.1425,10.1756,10.1184,10.1636,92311796.0
2013-10-07,10.1425,10.278,10.1274,10.2389,83900556.0
2013-10-08,10.2927,10.3142,10.1426,10.1487,43425082.0
2013-10-09,10.1855,10.4521,10.1609,10.3448,44262909.0
2013-10-10,10.4491,10.4675,10.2927,10.4675,31535164.0
2013-10-11,10.4613,10.4981,10.4,10.4828,31309158.0
2013-10-14,10.4153,10.4521,10.3816,10.397,24586150.0
2013-10-15,10.3816,10.4583,10.3326,10.3326,21651240.0
2013-10-16,10.3908,10.4828,10.3878,10.4828,24758535.0
2013-10-17,10.5349,10.5563,10.4613,10.5563,29458470.0
2013-10-18,10.5809,10.6912,10.5349,10.6085,40337514.0
2013-10-21,10.7341,10.8199,10.6912,10.7954,38991006.0
2013-10-22,10.8353,10.8445,10.7464,10.7985,31757994.0
2013-10-23,10.7495,10.8322,10.7004,10.8138,36089062.0
2013-10-24,10.7311,10.7311,10.492,10.6146,44898429.0
2013-10-25,10.6207,10.8016,10.6207,10.7862,28183326.0
2013-10-28,10.8108,10.9027,10.8016,10.9027,31584814.0
2013-10-29,10.9303,11.1786,10.9272,11.1173,59911397.0
2013-10-30,11.1326,11.1571,11.0222,11.1142,28925560.0
2013-10-31,11.1111,11.1847,11.0345,11.0958,38116636.0
2013-11-01,11.1878,11.2797,11.0836,11.1081,54930774.0
2013-11-04,11.1724,11.1939,11.0897,11.1724,26511776.0
2013-11-05,11.1111,11.1357,10.8874,10.8904,44541876.0
2013-11-06,10.964,11.0345,10.9487,10.9793,27613741.0
2013-11-07,10.9793,10.9793,10.7372,10.7617,38780357.0
2013-11-08,10.728,10.7801,10.5931,10.7801,39438385.0
2013-11-11,10.774,10.8046,10.7188,10.7372,16377350.0
2013-11-12,10.774,10.8261,10.7188,10.7801,26359119.0
2013-11-13,10.728,10.7801,10.682,10.7494,29561213.0
2013-11-14,10.7586,10.8445,10.7464,10.777,18338989.0
2013-11-15,10.7648,10.8751,10.7586,10.8598,23415602.0
2013-11-18,10.8721,10.9242,10.8414,10.9119,19909915.0
2013-11-19,10.9242,10.9824,10.8996,10.9487,16541659.0
2013-11-20,10.9947,11.0131,10.8291,10.8506,23092414.0
2013-11-21,10.8659,10.9058,10.7832,10.8199,30475435.0
2013-11-22,10.8077,10.8567,10.7433,10.8567,21290450.0
2013-11-25,10.869,10.8966,10.8261,10.8414,18626826.0
2013-11-26,10.8506,10.8935,10.8108,10.8138,18775512.0
2013-11-27,10.8169,10.8567,10.7893,10.8537,15188001.0
2013-11-29,10.8751,10.8904,10.7893,10.7924,12292943.0
2013-12-02,10.7832,10.7924,10.6667,10.6667,31383699.0
2013-12-03,10.6575,10.6636,10.5809,10.6483,23237524.0
2013-12-04,10.5257,10.6207,10.4828,10.6054,36041398.0
2013-12-05,10.5502,10.5931,10.4859,10.4981,33241271.0
2013-12-06,10.5839,10.5993,10.5134,10.5839,25877448.0
2013-12-09,10.5778,10.6452,10.5042,10.633,23879267.0
2013-12-10,10.6636,10.7004,10.541,10.5441,24347168.0
2013-12-11,10.5441,10.5594,10.397,10.4062,36398614.0
2013-12-12,10.4368,10.4613,10.3449,10.3878,29031348.0
2013-12-13,10.3847,10.4062,10.2989,10.3755,32918347.0
2013-12-16,10.4399,10.5778,10.4399,10.4675,28265679.0
2013-12-17,10.4828,10.5104,10.3479,10.3755,31077987.0
2013-12-18,10.3847,10.5563,10.3081,10.538,34225003.0
2013-12-19,10.5104,10.5655,10.4613,10.5594,26536932.0
2013-12-20,10.5717,10.6115,10.5012,10.5134,45045393.0
2013-12-23,10.5625,10.6575,10.5502,10.633,26420288.0
2013-12-24,10.6483,10.7219,10.636,10.7127,10539040.0
2013-12-26,10.7219,10.7832,10.7096,10.777,14596306.0
2013-12-27,10.7464,10.8046,10.7157,10.7832,18683758.0
2013-12-30,10.7372,10.8199,10.7311,10.7893,19151130.0
2013-12-31,10.7801,10.8138,10.7157,10.777,24395230.0
2014-01-02,10.8016,10.8169,10.7127,10.7127,26784388.0
2014-01-03,10.774,10.777,10.6085,10.6667,32594629.0
2014-01-06,10.7311,10.7433,10.6667,10.7157,27527946.0
2014-01-07,10.7678,10.774,10.7004,10.7127,34060032.0
2014-01-08,10.7467,10.7935,10.6375,10.6812,49975042.0
2014-01-09,10.6812,10.6812,10.4534,10.4628,47772833.0
2014-01-10,10.5252,10.547,10.4535,10.4878,33552940.0
2014-01-13,10.4784,10.4971,10.3567,10.3879,38768044.0
2014-01-14,10.3973,10.4659,10.3443,10.4441,30297886.0
2014-01-15,10.5002,10.6063,10.4659,10.5408,34141194.0
2014-01-16,10.572,10.6313,10.547,10.5938,21500436.0
2014-01-17,10.6157,10.6157,10.5065,10.5127,31672331.0
2014-01-21,10.5564,10.6063,10.3567,10.4722,38954066.0
2014-01-22,10.4815,10.5002,10.3911,10.4004,23053091.0
2014-01-23,10.363,10.5439,10.3412,10.5439,37685409.0
2014-01-24,10.5533,10.6968,10.4254,10.4254,43935748.0
2014-01-27,10.4597,10.5252,10.4285,10.4535,43409061.0
2014-01-28,10.4503,10.547,10.4035,10.5127,33705862.0
2014-01-29,10.1072,10.4659,9.9855,10.3911,110077095.0
2014-01-30,10.4628,10.4784,10.2975,10.4035,38497948.0
2014-01-31,10.285,10.5096,10.2226,10.3942,45296556.0
2014-02-03,10.3942,10.3942,9.9512,9.9668,90045902.0
2014-02-04,10.0074,10.1228,9.9824,10.1228,47584692.0
2014-02-05,10.1072,10.1165,9.9949,10.0074,39446594.0
2014-02-06,10.0791,10.0791,9.9013,9.9824,60006460.0
2014-02-07,10.0386,10.0947,9.9668,10.076,38621874.0
2014-02-10,10.1228,10.1259,10.051,10.1197,27302204.0
2014-02-11,10.1758,10.3068,10.1415,10.2788,34726931.0
2014-02-12,10.2663,10.3162,10.2351,10.2756,21918423.0
2014-02-13,10.2413,10.4503,10.2039,10.4472,37154353.0
2014-02-14,10.4129,10.4129,10.3131,10.3411,24195835.0
2014-02-18,10.3661,10.3661,10.1789,10.2382,29540956.0
2014-02-19,10.207,10.3006,10.1696,10.2476,25700032.0
2014-02-20,10.2476,10.4129,10.1914,10.3505,27127304.0
2014-02-21,10.3193,10.3661,10.2257,10.232,25589213.0
2014-02-24,10.2413,10.2538,10.1259,10.129,44353073.0
2014-02-25,10.1415,10.1446,9.998,10.0354,54347684.0
2014-02-26,10.0604,10.0729,9.9481,9.9824,48646673.0
2014-02-27,9.9793,10.076,9.9231,10.0542,72718052.0
2014-02-28,10.0604,10.0822,9.9169,9.9606,57551632.0
2014-03-03,9.92,9.9762,9.9075,9.9387,40357771.0
2014-03-04,10.0136,10.051,9.9918,10.0292,37659988.0
2014-03-05,10.0573,10.0573,9.9855,10.023,31967450.0
2014-03-06,10.0292,10.0978,10.0136,10.0885,25860103.0
2014-03-07,10.1321,10.1665,10.0635,10.1509,35884372.0
2014-03-10,10.0698,10.1509,10.0417,10.1415,33014867.0
2014-03-11,10.1477,10.1477,10.0261,10.0542,27448638.0
2014-03-12,10.0604,10.1321,10.0323,10.1009,33132306.0
2014-03-13,10.1384,10.1883,10.076,10.0916,28741922.0
2014-03-14,10.0729,10.1665,10.0635,10.1353,29616026.0
2014-03-17,10.1945,10.26,10.1477,10.26,31226408.0
2014-03-18,10.2725,10.3068,10.2476,10.2881,34421617.0
2014-03-19,10.3006,10.4004,10.2382,10.2819,42107702.0
2014-03-20,10.3162,10.65,10.2975,10.6344,82903452.0
2014-03-21,10.7124,10.8559,10.6469,10.6999,67527575.0
2014-03-24,10.7342,10.8434,10.6781,10.7498,71237555.0
2014-03-25,10.7248,10.8839,10.7217,10.8309,44232854.0
2014-03-26,10.8902,10.9276,10.7966,10.7966,51099118.0
2014-03-27,10.8122,10.9276,10.7935,10.9058,44198695.0
2014-03-28,10.9432,10.9713,10.8465,10.9401,32762777.0
2014-03-31,11.0118,11.0742,10.9151,10.9401,40364126.0
2014-04-01,10.9214,10.9619,10.8091,10.9463,38096379.0
2014-04-02,10.9682,11.068,10.9307,11.0337,37186923.0
2014-04-03,11.0586,11.1273,11.0274,11.1148,33626820.0
2014-04-04,11.1772,11.1928,11.0742,11.0898,38859665.0
2014-04-07,11.0867,11.1647,11.0711,11.0711,43259449.0
2014-04-08,11.1248,11.1946,11.0803,11.1946,38782211.0
2014-04-09,11.1882,11.1946,11.0264,11.0835,40372732.0
2014-04-10,11.1565,11.2454,11.0994,11.147,46902170.0
2014-04-11,11.1502,11.2105,11.1121,11.1724,45746318.0
2014-04-14,11.1978,11.2263,11.1279,11.2232,20464538.0
2014-04-15,11.22,11.3247,11.2136,11.3247,35065213.0
2014-04-16,11.3501,11.4612,11.3311,11.458,32063176.0
2014-04-17,11.4358,11.4993,11.4009,11.439,33512823.0
2014-04-21,11.4517,11.4802,11.3819,11.4453,24833606.0
2014-04-22,11.458,11.5564,11.4136,11.5183,42369324.0
2014-04-23,11.1121,11.22,10.9375,11.0835,78961639.0
2014-04-24,11.1089,11.1406,10.9343,10.9502,48484748.0
2014-04-25,10.928,10.9661,10.8931,10.947,29107743.0
2014-04-28,11.0042,11.1565,10.9692,11.1343,39225354.0
2014-04-29,11.2105,11.2612,11.1248,11.2422,27449036.0
2014-04-30,11.2454,11.3438,11.1914,11.3311,29860569.0
2014-05-01,11.3469,11.4263,11.239,11.293,36856718.0
2014-05-02,11.3311,11.3628,11.2739,11.3089,21109062.0
2014-05-05,11.293,11.3501,11.2485,11.3501,21102839.0
2014-05-06,11.3501,11.3501,11.2612,11.2644,28449715.0
2014-05-07,11.2866,11.4136,11.2739,11.3501,26833508.0
2014-05-08,11.3914,11.6993,11.3628,11.5532,48291708.0
2014-05-09,11.5469,11.5882,11.4834,11.5659,19880522.0
2014-05-12,11.658,11.6612,11.4771,11.6072,31752300.0
2014-05-13,11.5786,11.5977,11.3914,11.4898,45350045.0
2014-05-14,11.458,11.6072,11.4295,11.5501,32013658.0
2014-05-15,11.5533,11.6199,11.293,11.5913,26926850.0
2014-05-16,11.6009,11.677,11.5882,11.6612,31800891.0
2014-05-19,11.4231,11.6643,11.3533,11.5469,102751933.0
2014-05-20,11.5374,11.5374,11.2422,11.2676,52932196.0
2014-05-21,11.3215,11.3342,11.1375,11.1946,43272027.0
2014-05-22,11.2105,11.2676,11.1882,11.2295,23866689.0
2014-05-23,11.2232,11.2835,11.1882,11.2105,23002911.0
2014-05-27,11.2009,11.2359,11.1406,11.1755,29727375.0
2014-05-28,11.2009,11.2676,11.1756,11.2168,27146899.0
2014-05-29,11.2263,11.2485,11.1089,11.2327,18756314.0
2014-05-30,11.2009,11.2771,11.2009,11.2581,21402063.0
2014-06-02,11.2676,11.2835,11.2041,11.2486,21478722.0
2014-06-03,11.2454,11.2993,11.1565,11.1724,29475285.0
2014-06-04,11.1724,11.1724,11.093,11.1248,35623544.0
2014-06-05,11.1311,11.1502,11.0454,11.1406,29479257.0
2014-06-06,11.1311,11.1406,11.074,11.1152,22681047.0
2014-06-09,11.1248,11.147,11.0898,11.1121,23382237.0
2014-06-10,11.0835,11.1406,11.0645,11.0899,23427121.0
2014-06-11,11.093,11.1216,11.0454,11.0486,21620390.0
2014-06-12,11.0581,11.0676,10.9883,11.0549,25238618.0
2014-06-13,11.0835,11.1565,11.0391,11.1184,26449151.0
2014-06-16,11.0994,11.1375,11.0772,11.1025,18681243.0
2014-06-17,11.1152,11.1565,11.093,11.1152,22918837.0
2014-06-18,11.1152,11.1756,11.0994,11.1724,26878656.0
2014-06-19,11.1882,11.2327,11.1724,11.2232,25836536.0
2014-06-20,11.3089,11.3469,11.22,11.2327,38374816.0
2014-06-23,11.2898,11.2898,11.1914,11.2327,19208062.0
2014-06-24,11.2327,11.293,11.1756,11.2009,28023916.0
2014-06-25,11.1787,11.2009,11.1406,11.1914,20224630.0
2014-06-26,11.2073,11.2073,11.1406,11.1914,20905695.0
2014-06-27,11.1629,11.2454,11.1406,11.239,27727605.0
2014-06-30,11.2359,11.2835,11.2136,11.2232,25313159.0
2014-07-01,11.1819,11.2771,11.1565,11.2612,28829570.0
2014-07-02,11.2612,11.3216,11.2454,11.3216,18834959.0
2014-07-03,11.3787,11.385,11.3279,11.3755,15465909.0
2014-07-07,11.3945,11.458,11.3787,11.4326,25919948.0
2014-07-08,11.4743,11.5356,11.4323,11.4808,26664698.0
2014-07-09,11.526,11.5324,11.4646,11.5098,21064972.0
2014-07-10,11.4226,11.5486,11.4226,11.526,19322456.0
2014-07-11,11.5324,11.5679,11.484,11.5453,15304646.0
2014-07-14,11.5776,11.6034,11.5292,11.5776,16635266.0
2014-07-15,11.6067,11.7358,11.597,11.7003,46323053.0
2014-07-16,11.7681,11.8004,11.7294,11.7681,26775252.0
2014-07-17,11.71,11.7746,11.6164,11.6325,25345332.0
2014-07-18,11.6809,11.6842,11.6228,11.6777,21359430.0
2014-07-21,11.6454,11.6745,11.5841,11.6099,27694638.0
2014-07-22,11.6325,11.6551,11.5486,11.6034,24077867.0
2014-07-23,11.5905,11.6099,11.5582,11.5841,20098055.0
2014-07-24,11.4388,11.5324,11.3096,11.4614,59780983.0
2014-07-25,11.4194,11.526,11.4162,11.4743,24710209.0
2014-07-28,11.4775,11.5486,11.4614,11.5098,27265132.0
2014-07-29,12.0845,12.1006,11.7713,11.8133,122407772.0
2014-07-30,11.7681,11.8262,11.6454,11.739,27070901.0
2014-07-31,11.639,11.6906,11.4646,11.4904,45815166.0
2014-08-01,11.5518,11.5647,11.3904,11.4065,31726218.0
2014-08-04,11.4194,11.4711,11.3645,11.4485,28201465.0
2014-08-05,11.4162,11.4485,11.3032,11.3355,25824752.0
2014-08-06,11.3,11.3064,11.0933,11.1773,47586016.0
2014-08-07,11.2192,11.2322,11.032,11.0449,27471941.0
2014-08-08,11.074,11.1385,11.0352,11.1288,24852936.0
2014-08-11,11.1999,11.2225,11.1095,11.1288,19495768.0
2014-08-12,11.1644,11.2031,11.1321,11.1837,20287520.0
2014-08-13,11.2192,11.2451,11.1385,11.1999,21118594.0
2014-08-14,11.2451,11.2774,11.1708,11.2709,19315571.0
2014-08-15,11.2774,11.2903,11.1256,11.216,35684580.0
2014-08-18,11.258,11.2677,11.1611,11.187,24488836.0
2014-08-19,11.1999,11.1999,11.0836,11.1321,27113402.0
2014-08-20,11.1514,11.1579,11.1192,11.1482,16615538.0
2014-08-21,11.1482,11.2192,11.1418,11.1837,21093836.0
2014-08-22,11.1579,11.1805,11.0901,11.1385,18913870.0
2014-08-25,11.145,11.1902,11.1224,11.1418,22933666.0
2014-08-26,11.1708,11.187,11.1256,11.1385,19602614.0
2014-08-27,11.1676,11.2322,11.1514,11.2192,19665902.0
2014-08-28,11.1902,11.2192,11.1579,11.216,13954563.0
2014-08-29,11.2128,11.287,11.1773,11.287,16826716.0
2014-09-02,11.2774,11.3,11.2031,11.2483,16803149.0
2014-09-03,11.2838,11.3,11.2418,11.2903,17247218.0
2014-09-04,11.2935,11.3,11.2418,11.2806,16528684.0
2014-09-05,11.2838,11.3839,11.2612,11.3484,23565876.0
2014-09-08,11.3387,11.3387,11.2677,11.3032,14281061.0
2014-09-09,11.3129,11.3193,11.1547,11.1902,24867765.0
2014-09-10,11.2128,11.2289,11.103,11.2031,23461015.0
2014-09-11,11.174,11.2612,11.1385,11.2515,21216835.0
2014-09-12,11.2451,11.2709,11.0933,11.1385,26758172.0
2014-09-15,11.174,11.2289,11.1127,11.1999,19449428.0
2014-09-16,11.174,11.3032,11.1644,11.2838,20727617.0
2014-09-17,11.3064,11.3613,11.2451,11.3064,22689653.0
2014-09-18,11.3387,11.3774,11.3032,11.3516,22813182.0
2014-09-19,11.413,11.4549,11.3742,11.4517,28988053.0
2014-09-22,11.4485,11.4775,11.3936,11.4614,21741669.0
2014-09-23,11.4485,11.4646,11.3742,11.3839,22247437.0
2014-09-24,11.4065,11.4582,11.3581,11.4291,17625485.0
2014-09-25,11.4356,11.4388,11.2935,11.3258,28120436.0
2014-09-26,11.3645,11.4097,11.287,11.3904,19001121.0
2014-09-29,11.3452,11.3871,11.2903,11.3742,19824252.0
2014-09-30,11.3839,11.4291,11.3322,11.3774,26500522.0
2014-10-01,11.329,11.3742,11.2774,11.287,38207860.0
2014-10-02,11.3129,11.3387,11.2418,11.2903,32870021.0
2014-10-03,11.3839,11.6745,11.3258,11.4162,27509542.0
2014-10-06,11.4808,11.5356,11.4162,11.4582,29290720.0
2014-10-07,11.4711,11.4969,11.4,11.4065,28325126.0
2014-10-08,11.4719,11.554,11.3733,11.5474,33299527.0
2014-10-09,11.531,11.5704,11.3668,11.3865,28608330.0
2014-10-10,11.4193,11.4325,11.2485,11.2518,38318149.0
2014-10-13,11.2255,11.2814,11.1105,11.1105,31301743.0
2014-10-14,11.1302,11.1894,11.0777,11.1171,29970858.0
2014-10-15,11.0645,11.1631,10.874,11.1269,64291719.0
2014-10-16,11.0481,11.1138,10.9233,11.0514,38686088.0
2014-10-17,11.0908,11.2354,11.058,11.1959,32399074.0
2014-10-20,11.1959,11.2649,11.1171,11.2616,20202519.0
2014-10-21,11.2584,11.3865,11.1992,11.3733,28822024.0
2014-10-22,11.4259,11.4292,11.2945,11.3339,33051144.0
2014-10-23,11.1828,11.2058,10.989,11.058,73984061.0
2014-10-24,11.0448,11.1499,10.9463,11.1269,39501672.0
2014-10-27,11.1302,11.2485,11.1237,11.2058,33575051.0
2014-10-28,11.2715,11.3043,11.1959,11.2781,34478814.0
2014-10-29,11.3011,11.3832,11.2255,11.3011,29961590.0
2014-10-30,11.2584,11.3503,11.2091,11.3372,24470433.0
2014-10-31,11.4193,11.4489,11.3602,11.4456,31816117.0
2014-11-03,11.4883,11.508,11.37,11.4456,29410542.0
2014-11-04,11.4883,11.5245,11.3799,11.4292,23619630.0
2014-11-05,11.4785,11.485,11.4029,11.4719,20637850.0
2014-11-06,11.4653,11.4817,11.3405,11.4062,23095459.0
2014-11-07,11.4029,11.4883,11.3438,11.4686,23810419.0
2014-11-10,11.5179,11.5442,11.3865,11.5376,23728331.0
2014-11-11,11.5474,11.5474,11.4325,11.531,16276726.0
2014-11-12,11.5146,11.6427,11.485,11.6296,24825000.0
2014-11-13,11.6197,11.7938,11.5934,11.6986,27672659.0
2014-11-14,11.7084,11.876,11.6953,11.7938,27213893.0
2014-11-17,11.7807,11.7938,11.7051,11.7774,17157451.0
2014-11-18,11.7511,11.784,11.7019,11.7347,22670190.0
2014-11-19,11.7051,11.715,11.5573,11.6197,25610000.0
2014-11-20,11.6132,11.6427,11.5606,11.5902,16227076.0
2014-11-21,11.6559,11.6624,11.4949,11.5902,37419682.0
2014-11-24,11.4916,11.531,11.2419,11.3996,48569086.0
2014-11-25,11.3832,11.4489,11.2682,11.439,38848940.0
2014-11-26,11.462,11.5639,11.4522,11.5409,18725200.0
2014-11-28,11.5902,11.6854,11.5737,11.623,16749262.0
2014-12-01,11.5902,11.6197,11.4686,11.5179,26415124.0
2014-12-02,11.462,11.5015,11.2255,11.2649,48895982.0
2014-12-03,11.2518,11.2551,11.1434,11.1697,40703335.0
2014-12-04,11.1959,11.2025,11.0875,11.1401,30441540.0
2014-12-05,11.1302,11.1532,11.0777,11.1499,25014862.0
2014-12-08,11.1631,11.1992,11.1204,11.1302,22613920.0
2014-12-09,10.943,10.9495,10.644,10.805,78454282.0
2014-12-10,10.805,10.805,10.6473,10.6736,46031111.0
2014-12-11,10.7163,10.8576,10.6999,10.7459,37104703.0
2014-12-12,10.6834,10.7032,10.5652,10.5652,39813210.0
2014-12-15,10.6177,10.6572,10.5356,10.5947,39714307.0
2014-12-16,10.5915,10.7787,10.552,10.5586,38332580.0
2014-12-17,10.5849,10.7754,10.5652,10.7327,38316163.0
2014-12-18,10.8477,11.0087,10.7919,11.0087,49812455.0
2014-12-19,10.9988,11.0908,10.9561,11.0185,53222549.0
2014-12-22,11.058,11.1631,11.0284,11.1204,30042487.0
2014-12-23,11.1926,11.2222,11.1401,11.1795,25684541.0
2014-12-24,11.1762,11.2321,11.1467,11.1565,11693436.0
2014-12-26,11.1861,11.2452,11.1631,11.2255,15208523.0
2014-12-29,11.1926,11.2584,11.1762,11.2058,16825524.0
2014-12-30,11.1992,11.2354,11.1795,11.1959,16377483.0
2014-12-31,11.1631,11.1959,11.0185,11.035,32011804.0
2015-01-02,11.035,11.1598,11.035,11.1269,27226736.0
2015-01-05,11.1269,11.1434,11.012,11.0218,40288128.0
2015-01-06,11.0941,11.1072,10.9561,11.0382,39184839.0
2015-01-07,11.2398,11.2432,10.9553,11.1026,41917840.0
2015-01-08,11.126,11.2398,11.0959,11.2131,30186935.0
2015-01-09,11.2532,11.2767,11.1762,11.1796,28456070.0
2015-01-12,11.2432,11.3001,11.2064,11.2097,26704948.0
2015-01-13,11.2867,11.3536,11.1361,11.2097,32120637.0
2015-01-14,11.1394,11.1963,11.0591,11.1562,29251794.0
2015-01-15,11.2097,11.27,11.106,11.1327,34160392.0
2015-01-16,11.0926,11.3336,11.0926,11.3135,49685616.0
2015-01-20,11.3369,11.367,11.2298,11.3637,26821460.0
2015-01-21,11.3168,11.4574,11.2633,11.3804,46140473.0
2015-01-22,11.3269,11.357,11.1428,11.3101,46017076.0
2015-01-23,11.3135,11.3135,11.1595,11.1695,33695800.0
2015-01-26,11.1528,11.1595,11.0624,11.1059,37778354.0
2015-01-27,11.0758,11.0859,10.9821,10.9821,40787276.0
2015-01-28,11.203,11.2599,10.9252,10.9386,60702355.0
2015-01-29,10.9386,11.0792,10.8482,11.0323,41138534.0
2015-01-30,10.9687,11.1896,10.952,11.0189,74515912.0
2015-02-02,11.1495,11.2532,10.9788,11.2331,49371298.0
2015-02-03,11.2666,11.4942,11.2633,11.4942,55119974.0
2015-02-04,11.4909,11.6315,11.4574,11.5177,39537685.0
2015-02-05,11.5444,11.5813,11.4875,11.5612,25257154.0
2015-02-06,11.5444,11.7319,11.5177,11.6716,36686981.0
2015-02-09,11.6181,11.685,11.5779,11.5946,26626434.0
2015-02-10,11.6683,11.7386,11.6448,11.6649,26313308.0
2015-02-11,11.6448,11.6582,11.4641,11.511,42241293.0
2015-02-12,11.5177,11.5879,11.4608,11.5846,26302054.0
2015-02-13,11.5645,11.6248,11.5043,11.6013,21293098.0
2015-02-17,11.5813,11.6248,11.531,11.6181,25493090.0
2015-02-18,11.6248,11.6248,11.4976,11.5444,22638546.0
2015-02-19,11.5411,11.5411,11.3905,11.4105,25044784.0
2015-02-20,11.4005,11.4072,11.3202,11.4072,28177368.0
2015-02-23,11.3704,11.3972,11.2934,11.3302,31006491.0
2015-02-24,11.2967,11.4206,11.2465,11.3972,25661768.0
2015-02-25,11.4239,11.4541,11.3737,11.4507,23617777.0
2015-02-26,11.4206,11.5779,11.4005,11.5478,30658809.0
2015-02-27,11.521,11.5746,11.5076,11.5679,26299406.0
2015-03-02,11.5679,11.598,11.4507,11.5946,28648182.0
2015-03-03,11.5578,11.598,11.4976,11.5177,26747978.0
2015-03-04,11.531,11.531,11.3704,11.3804,30971405.0
2015-03-05,11.4306,11.4474,11.3771,11.3804,19229908.0
2015-03-06,11.2398,11.3034,11.1695,11.2064,52644226.0
2015-03-09,11.1963,11.2432,11.1495,11.1629,25771925.0
2015-03-10,11.1327,11.1327,10.962,10.9721,42989618.0
2015-03-11,11.0055,11.0089,10.885,10.9185,38424598.0
2015-03-12,10.9921,11.116,10.9453,11.0892,35770243.0
2015-03-13,11.0424,11.0557,10.9118,10.9654,35493792.0
2015-03-16,10.9754,11.0792,10.9386,11.0658,27183706.0
2015-03-17,10.9955,11.0859,10.9687,11.0122,31647837.0
2015-03-18,11.0223,11.2432,10.9419,11.2432,63352473.0
2015-03-19,11.2164,11.2164,11.106,11.1126,26365739.0
2015-03-20,11.1361,11.2465,11.116,11.1227,51174983.0
2015-03-23,11.1695,11.2733,11.1394,11.1394,31754551.0
2015-03-24,11.1227,11.1863,11.0691,11.0691,26648413.0
2015-03-25,11.0524,11.0825,10.9185,10.9185,38611944.0
2015-03-26,10.9219,11.0892,10.9152,10.9855,40546441.0
2015-03-27,11.0256,11.029,10.9453,10.962,27608975.0
2015-03-30,10.9855,11.0591,10.9788,11.0357,25029293.0
2015-03-31,11.0357,11.0557,10.9286,10.9286,36939865.0
2015-04-01,10.9185,11.0156,10.8917,11.0089,33583260.0
2015-04-02,11.0122,11.1227,10.9855,11.0892,25518644.0
2015-04-06,11.0959,11.1829,11.0658,11.1562,30415590.0
2015-04-07,11.1629,11.1963,11.0993,11.0993,31782620.0
2015-04-08,11.1648,11.2058,11.1103,11.1376,28308709.0
2015-04-09,11.1137,11.1853,11.0659,11.1512,27901579.0
2015-04-10,11.1785,11.199,11.1376,11.1785,19944206.0
2015-04-13,11.1751,11.2808,11.1546,11.216,30095844.0
2015-04-14,11.2297,11.2331,11.1273,11.1512,24182992.0
2015-04-15,11.158,11.2433,11.1341,11.2194,26289344.0
2015-04-16,11.1751,11.2228,11.1546,11.1717,23298825.0
2015-04-17,11.1376,11.1546,11.042,11.0898,39344249.0
2015-04-20,11.1376,11.2126,11.1376,11.199,32192530.0
2015-04-21,11.2024,11.2058,11.1137,11.141,26109810.0
2015-04-22,11.1819,11.2194,11.1034,11.2092,39422762.0
2015-04-23,11.4105,11.7345,11.3695,11.6765,120977720.0
2015-04-24,11.6697,11.7072,11.5844,11.6015,55670096.0
2015-04-27,11.6151,11.7004,11.6117,11.6288,32396824.0
2015-04-28,11.6936,11.9358,11.6561,11.8914,64463442.0
2015-04-29,11.7959,12.0176,11.7823,11.8573,53916590.0
2015-04-30,11.8369,11.9051,11.7857,11.8164,39313797.0
2015-05-01,11.7891,11.8437,11.6424,11.7413,45237902.0
2015-05-04,11.7379,11.8403,11.6833,11.7789,28207820.0
2015-05-05,11.7652,11.7959,11.4821,11.5026,42109820.0
2015-05-06,11.4991,11.5264,11.2842,11.3866,40648786.0
2015-05-07,11.3422,11.448,11.2945,11.3832,29979994.0
2015-05-08,11.5026,11.5401,11.4582,11.4923,36650174.0
2015-05-11,11.4787,11.4957,11.3866,11.4241,28439123.0
2015-05-12,11.3627,11.5776,11.2672,11.4821,54656838.0
2015-05-13,11.4719,11.6458,11.4514,11.564,46007411.0
2015-05-14,11.6254,11.6663,11.5981,11.6424,31655119.0
2015-05-15,11.6356,11.7311,11.6015,11.7106,37421668.0
2015-05-18,11.6936,11.946,11.6868,11.8948,78926156.0
2015-05-19,11.8676,11.888,11.6561,11.7243,50670407.0
2015-05-20,11.7448,11.8403,11.697,11.8096,36118852.0
2015-05-21,11.7857,12.0142,11.7755,11.9631,55046624.0
2015-05-22,11.9017,11.9494,11.8096,11.8403,34886341.0
2015-05-26,11.8027,11.8573,11.6868,11.8266,53827220.0
2015-05-27,11.8539,11.9733,11.8027,11.9221,48502886.0
2015-05-28,11.9255,11.929,11.8164,11.871,25939411.0
2015-05-29,11.8539,11.8778,11.7823,11.7823,39567872.0
2015-06-01,11.7789,11.8027,11.6799,11.7175,37384067.0
2015-06-02,11.7243,11.7789,11.6936,11.7209,25829651.0
2015-06-03,11.7516,11.9972,11.7209,11.9494,51789452.0
2015-06-04,11.9119,12.1029,11.8641,12.0313,74433956.0
2015-06-05,11.9938,11.9972,11.7686,11.7925,48608277.0
2015-06-08,11.7686,11.8437,11.7652,11.7993,34329731.0
2015-06-09,11.7993,11.8676,11.7686,11.772,31758258.0
2015-06-10,11.7993,11.8573,11.7993,11.8437,41457485.0
2015-06-11,11.8778,11.9324,11.8641,11.8983,40303619.0
2015-06-12,11.8539,11.9255,11.8164,11.8198,34250688.0
2015-06-15,11.7823,11.7925,11.7345,11.7379,32392322.0
2015-06-16,11.7004,11.8539,11.6868,11.8266,39362255.0
2015-06-17,11.8437,11.888,11.7823,11.871,40323612.0
2015-06-18,11.871,11.9733,11.8573,11.946,49429157.0
2015-06-19,11.9119,11.9597,11.8983,11.9358,47215164.0
2015-06-22,11.9733,11.9904,11.9392,11.9528,31228526.0
2015-06-23,12.1336,12.3656,12.1132,12.2496,92641472.0
2015-06-24,12.253,12.2633,12.1712,12.2053,44278797.0
2015-06-25,12.3247,12.4338,12.294,12.3417,63002805.0
2015-06-26,12.4099,12.4168,12.2496,12.3212,39727812.0
2015-06-29,12.236,12.3588,12.195,12.2018,38394941.0
2015-06-30,12.2905,12.3315,12.0961,12.1166,41560492.0
2015-07-01,12.1405,12.1541,12.0313,12.1336,48951193.0
2015-07-02,12.2291,12.2564,12.1575,12.1882,29464693.0
2015-07-06,12.1439,12.1643,12.0995,12.1473,33947757.0
2015-07-07,12.2087,12.2291,12.0654,12.2018,35938524.0
2015-07-08,12.2478,12.2617,12.0603,12.0777,41827411.0
2015-07-09,12.1575,12.1645,11.918,11.9388,43786401.0
2015-07-10,12.0187,12.0985,11.9943,12.0291,41042941.0
2015-07-13,12.0638,12.1402,12.036,12.1089,35487437.0
2015-07-14,12.0603,12.1957,12.0325,12.1922,33288538.0
2015-07-15,12.1853,12.1957,12.0395,12.0568,38455448.0
2015-07-16,12.0985,12.2165,12.0985,12.2061,24430845.0
2015-07-17,12.1853,12.2339,12.1159,12.154,28995997.0
2015-07-20,12.1645,12.1714,12.0499,12.1159,29415043.0
2015-07-21,12.036,12.036,11.9388,12.0013,36902131.0
2015-07-22,11.8902,11.9249,11.8104,11.8971,68577639.0
2015-07-23,11.9006,11.9214,11.7548,11.7791,49059893.0
2015-07-24,12.0325,12.1818,11.9041,11.9041,115520192.0
2015-07-27,11.8798,12.0325,11.8104,11.9145,66893246.0
2015-07-28,12.0013,12.0048,11.8798,11.918,70106727.0
2015-07-29,11.9666,12.1193,11.9319,12.0429,56913596.0
2015-07-30,12.102,12.1124,12.0395,12.0811,34369451.0
2015-07-31,12.1297,12.1471,12.0534,12.0603,39562312.0
2015-08-03,12.1332,12.1575,11.977,12.0325,39293142.0
2015-08-04,12.0777,12.0811,11.977,12.0048,34754868.0
2015-08-05,12.0777,12.0916,11.9805,12.0013,30236982.0
2015-08-06,11.9943,12.0082,11.7861,11.8867,43340081.0
2015-08-07,11.8416,11.8937,11.8173,11.8763,33930942.0
2015-08-10,11.9076,12.0742,11.8728,12.0742,38634055.0
2015-08-11,12.0117,12.1367,12.0013,12.0291,46873175.0
2015-08-12,11.7548,11.8277,11.6125,11.8104,82054238.0
2015-08-13,11.8069,11.8624,11.7305,11.7375,47029936.0
2015-08-14,11.7722,11.8208,11.727,11.8208,30133710.0
2015-08-17,11.7895,11.8833,11.7687,11.8833,27870994.0
2015-08-18,11.859,11.9527,11.8451,11.9249,27192577.0
2015-08-19,11.9076,11.977,11.8277,11.9284,27988433.0
2015-08-20,11.8624,11.9631,11.7861,11.7861,50793142.0
2015-08-21,11.6993,11.7861,11.5882,11.5882,55126991.0
2015-08-24,11.1716,11.3486,10.7515,11.2375,102254241.0
2015-08-25,11.4944,11.4944,11.0292,11.0397,67092641.0
2015-08-26,11.2341,11.4042,11.1126,11.3486,65711709.0
2015-08-27,11.4597,11.6264,11.3938,11.609,56389028.0
2015-08-28,11.5743,11.6125,11.491,11.5569,31979896.0
2015-08-31,11.5257,11.5535,11.4597,11.5257,29507326.0
2015-09-01,11.3174,11.3833,11.1646,11.2202,43755552.0
2015-09-02,11.4458,11.4458,11.2827,11.3938,31899132.0
2015-09-03,11.4458,11.5396,11.4285,11.4701,30231422.0
2015-09-04,11.3452,11.3799,11.2306,11.3035,38818224.0
2015-09-08,11.4389,11.5222,11.3903,11.5049,24958724.0
2015-09-09,11.5951,11.6298,11.359,11.3799,29868248.0
2015-09-10,11.3764,11.4007,11.3,11.3695,33897445.0
2015-09-11,11.3625,11.3799,11.3035,11.359,23338016.0
2015-09-14,11.366,11.3799,11.2861,11.3,24500223.0
2015-09-15,11.3452,11.4319,11.2966,11.4076,29620131.0
2015-09-16,11.4076,11.491,11.3729,11.4354,31132801.0
2015-09-17,11.3625,11.5049,11.2514,11.3799,50208860.0
2015-09-18,11.3452,11.3833,11.2514,11.3,59086413.0
2015-09-21,11.3,11.3486,11.2653,11.3035,26308277.0
2015-09-22,11.2202,11.2653,11.1542,11.2028,33786759.0
2015-09-23,11.2098,11.2271,11.123,11.1785,20838701.0
2015-09-24,11.116,11.1889,11.0917,11.1473,32757614.0
2015-09-25,11.2028,11.3521,11.1646,11.2237,35885961.0
2015-09-28,11.1994,11.2271,11.0674,11.0744,47564568.0
2015-09-29,11.1056,11.1716,11.057,11.1334,44731605.0
2015-09-30,11.2341,11.3556,11.1924,11.3104,46095722.0
2015-10-01,11.2757,11.3313,11.1681,11.2931,40799722.0
2015-10-02,11.2271,11.3313,11.1751,11.3313,37741812.0
2015-10-05,11.4493,11.6264,11.4458,11.6055,36908751.0
2015-10-06,11.6298,11.6368,11.543,11.5639,36895908.0
2015-10-07,11.6991,11.7946,11.6779,11.7168,27817637.0
2015-10-08,11.7133,11.8194,11.6284,11.8159,22912085.0
2015-10-09,11.8229,11.8583,11.6743,11.7239,25621121.0
2015-10-12,11.7451,11.784,11.6991,11.7805,18806361.0
2015-10-13,11.7416,11.7769,11.6956,11.7522,29324746.0
2015-10-14,11.7557,11.8123,11.7097,11.7699,31356160.0
2015-10-15,11.7911,11.8512,11.7451,11.8477,25381610.0
2015-10-16,11.9397,11.9786,11.8654,11.968,44005788.0
2015-10-19,11.8972,11.9184,11.8229,11.8972,37404059.0
2015-10-20,11.8831,11.975,11.8583,11.9397,26593864.0
2015-10-21,11.9857,12.0069,11.7911,11.8866,36032660.0
2015-10-22,11.8371,12.0847,11.8371,12.014,44087479.0
2015-10-23,12.2758,12.2899,11.8937,11.9361,61210374.0
2015-10-26,11.9397,11.9432,11.8442,11.9078,33655021.0
2015-10-27,11.876,11.8901,11.7309,11.7486,32379744.0
2015-10-28,11.8017,11.8866,11.7203,11.8229,36829443.0
2015-10-29,11.8442,11.9114,11.7734,11.8689,23622543.0
2015-10-30,11.8937,11.9397,11.8548,11.8548,32546303.0
2015-11-02,11.9184,11.9503,11.8123,11.8901,33813239.0
2015-11-03,11.8689,11.9397,11.8371,11.8972,23438507.0
2015-11-04,11.9432,11.9503,11.83,11.8442,22900036.0
2015-11-05,11.8477,11.8725,11.7699,11.7946,21372935.0
2015-11-06,11.7522,11.7699,11.6248,11.7309,28458718.0
2015-11-09,11.6602,11.6637,11.5859,11.6177,27055013.0
2015-11-10,11.6248,11.639,11.5576,11.6001,25504609.0
2015-11-11,11.6177,11.6743,11.6036,11.646,18587504.0
2015-11-12,11.6177,11.6248,11.5435,11.5647,23048722.0
2015-11-13,11.547,11.6177,11.4302,11.4302,31282016.0
2015-11-16,11.4444,11.692,11.3984,11.6885,31248518.0
2015-11-17,11.6991,11.8583,11.6956,11.7663,26966835.0
2015-11-18,11.7628,11.8795,11.6814,11.8654,29437551.0
2015-11-19,11.8583,11.9397,11.8406,11.8937,23783277.0
2015-11-20,11.9361,11.9503,11.8689,11.9078,27081890.0
2015-11-23,11.9078,11.9149,11.8265,11.8371,20222379.0
2015-11-24,11.7769,11.8831,11.7451,11.8123,23457970.0
2015-11-25,11.7982,11.8512,11.7592,11.8335,19332651.0
2015-11-27,11.8512,11.9503,11.8441,11.876,12349080.0
2015-11-30,11.8831,11.9397,11.8229,11.9114,32970645.0
2015-12-01,11.9503,12.0175,11.8795,11.9467,22192226.0
2015-12-02,11.9432,12.0104,11.8654,11.8725,34227518.0
2015-12-03,11.8901,11.9078,11.6779,11.7097,38062749.0
2015-12-04,11.7416,12.0883,11.7345,12.067,47248132.0
2015-12-07,11.9857,12.1661,11.9857,12.1236,44958009.0
2015-12-08,12.0104,12.0635,11.8972,11.975,37627948.0
2015-12-09,11.9397,12.1095,11.8406,11.876,33169113.0
2015-12-10,11.8972,12.0387,11.8689,11.9114,36691880.0
2015-12-11,11.8194,11.8831,11.7062,11.7345,35682992.0
2015-12-14,11.7274,11.9043,11.7133,11.8866,34951217.0
2015-12-15,11.9291,12.0034,11.8194,11.9609,33575978.0
2015-12-16,11.9963,12.1979,11.9927,12.1696,41299135.0
2015-12-17,12.1767,12.2439,12.0387,12.0387,36701942.0
2015-12-18,11.9821,12.0281,11.8866,11.8866,67810381.0
2015-12-21,11.9998,12.067,11.9397,12.06,26999538.0
2015-12-22,12.1307,12.1979,12.0316,12.1732,27045745.0
2015-12-23,12.1802,12.3536,12.1802,12.3041,25565910.0
2015-12-24,12.3041,12.3041,12.2191,12.2616,9085818.0
2015-12-28,12.2474,12.3394,12.2404,12.297,18441202.0
2015-12-29,12.3607,12.3783,12.3076,12.3571,19023364.0
2015-12-30,12.3571,12.3642,12.2687,12.2899,18210826.0
2015-12-31,12.2262,12.2616,12.1661,12.1732,26826623.0
2016-01-04,12.0564,12.1519,12.0281,12.1519,42076058.0
2016-01-05,12.1519,12.2722,12.0706,12.2368,40656465.0
2016-01-06,12.1884,12.3289,12.1523,12.2749,35631223.0
2016-01-07,12.1163,12.2893,12.0767,12.0767,46487494.0
2016-01-08,12.1703,12.2388,12.0406,12.0875,37192219.0
2016-01-11,12.1667,12.2893,12.0839,12.2352,35004971.0
2016-01-12,12.2893,12.3217,12.1307,12.2172,31940308.0
2016-01-13,12.2568,12.3614,12.1559,12.1595,53279481.0
2016-01-14,12.21,12.4515,12.1631,12.3614,48097478.0
2016-01-15,12.1307,12.3758,12.1127,12.2496,59476860.0
2016-01-19,12.3289,12.4695,12.2929,12.437,48662031.0
2016-01-20,12.3037,12.3794,12.0478,12.2172,66901190.0
2016-01-21,12.2496,12.5704,12.1776,12.4479,54250503.0
2016-01-22,12.5704,12.6785,12.5055,12.6641,43877095.0
2016-01-25,12.6821,12.7686,12.5307,12.6136,40070066.0
2016-01-26,12.6244,12.819,12.5884,12.7578,55180480.0
2016-01-27,12.61,12.9019,12.5776,12.7866,66548212.0
2016-01-28,12.8911,12.8983,12.6893,12.8046,34668146.0
2016-01-29,12.8695,12.9956,12.8587,12.9956,57303382.0
2016-02-01,12.9884,13.1182,12.9308,13.0389,44156062.0
2016-02-02,13.0245,13.0461,12.8983,12.9956,38592482.0
2016-02-03,13.0173,13.2623,12.938,13.2335,50302335.0
2016-02-04,13.2371,13.2695,13.0713,13.165,41099078.0
2016-02-05,13.1866,13.3488,13.165,13.2912,45893282.0
2016-02-08,13.1903,13.3777,13.1146,13.3741,54324514.0
2016-02-09,13.2263,13.2912,13.0317,13.2083,46674045.0
2016-02-10,13.2083,13.2407,13.0677,13.129,35586737.0
2016-02-11,12.9956,13.1002,12.9416,13.0497,55944164.0
2016-02-12,13.1002,13.1578,12.992,13.1434,35019800.0
2016-02-16,13.2191,13.2443,13.0425,13.2083,36663678.0
2016-02-17,13.2443,13.2587,13.165,13.2047,34427707.0
2016-02-18,13.1975,13.3344,13.1578,13.3308,29001823.0
2016-02-19,13.2984,13.3272,13.1614,13.1794,32715510.0
2016-02-22,13.2407,13.284,13.1722,13.284,28311224.0
2016-02-23,13.2659,13.302,13.1578,13.2407,27244478.0
2016-02-24,13.2263,13.3741,13.2011,13.3704,30137153.0
2016-02-25,13.3704,13.5146,13.3524,13.4678,30186008.0
2016-02-26,13.511,13.511,13.356,13.3813,29357184.0
2016-02-29,13.3777,13.475,13.3164,13.3164,38657490.0
2016-03-01,13.3704,13.475,13.356,13.475,25830975.0
2016-03-02,13.4137,13.5831,13.3741,13.5831,28480034.0
2016-03-03,13.5831,13.7344,13.511,13.6912,36671887.0
2016-03-04,13.6624,13.7452,13.6227,13.6696,27459098.0
2016-03-07,13.6227,13.7633,13.5542,13.7416,29141372.0
2016-03-08,13.684,13.8462,13.6407,13.7272,32579138.0
2016-03-09,13.738,13.8101,13.6335,13.6876,29355198.0
2016-03-10,13.7164,13.8426,13.6948,13.8065,33385719.0
2016-03-11,13.857,13.893,13.7561,13.8245,27586202.0
2016-03-14,13.8281,13.8678,13.7416,13.8101,23336559.0
2016-03-15,13.7344,13.8822,13.7308,13.8822,19557201.0
2016-03-16,13.8894,14.0119,13.8245,13.9723,27863315.0
2016-03-17,13.9723,14.1237,13.9543,14.0984,36703266.0
2016-03-18,14.1381,14.1489,13.8966,13.8966,54419180.0
2016-03-21,13.9327,14.0804,13.8966,14.0264,27379261.0
2016-03-22,14.0191,14.0372,13.9218,13.9218,29169309.0
2016-03-23,13.911,13.9327,13.8281,13.8894,27549660.0
2016-03-24,13.8317,14.0155,13.8317,14.0119,23560712.0
2016-03-28,14.0552,14.1561,13.9867,14.0804,28523859.0
2016-03-29,14.102,14.2714,14.0372,14.2174,34284848.0
2016-03-30,14.275,14.3147,14.084,14.1885,34087174.0
2016-03-31,14.2066,14.2606,14.0588,14.1165,35881989.0
2016-04-01,13.9363,14.0984,13.9146,14.0732,36708032.0
2016-04-04,14.1129,14.1849,14.0804,14.1849,23883239.0
2016-04-05,14.1597,14.1849,14.0552,14.1237,32950918.0
2016-04-06,14.2099,14.2612,14.1,14.155,29482038.0
2016-04-07,14.0488,14.144,14.0011,14.1367,29506267.0
2016-04-08,14.188,14.2502,14.0561,14.1037,23253280.0
2016-04-11,14.166,14.1733,14.0414,14.0634,23462074.0
2016-04-12,14.0927,14.2099,14.0597,14.166,23363834.0
2016-04-13,14.2063,14.2283,13.9901,14.0121,29930344.0
2016-04-14,14.0121,14.133,14.0085,14.0744,18223139.0
2016-04-15,14.089,14.1403,14.0671,14.0964,20894838.0
2016-04-18,14.0964,14.2136,14.0488,14.1587,22947568.0
2016-04-19,14.2136,14.2612,14.1147,14.2576,21100058.0
2016-04-20,14.2832,14.2905,14.1623,14.1843,22222148.0
2016-04-21,14.1147,14.133,13.8656,13.8693,42681258.0
2016-04-22,13.8656,13.9828,13.8656,13.9462,32173465.0
2016-04-25,13.9315,14.0048,13.8693,13.9975,23280024.0
2016-04-26,14.0378,14.0707,13.8839,13.9535,27672792.0
2016-04-27,13.8693,14.2539,13.8216,14.1843,54837035.0
2016-04-28,14.1843,14.2429,14.122,14.155,26750361.0
2016-04-29,14.155,14.2429,14.0964,14.2209,33557972.0
2016-05-02,14.2392,14.3418,14.2063,14.3235,29211809.0
2016-05-03,14.2942,14.3162,14.1696,14.2539,28897624.0
2016-05-04,14.1953,14.2869,14.133,14.2429,20496579.0
2016-05-05,14.2649,14.2832,14.1623,14.1916,21501098.0
2016-05-06,14.2063,14.2832,14.0927,14.2832,20738739.0
2016-05-09,14.2832,14.3272,14.2246,14.2356,17867777.0
2016-05-10,14.2942,14.4261,14.2795,14.4004,23005427.0
2016-05-11,14.3858,14.4151,14.2942,14.3528,19085195.0
2016-05-12,14.3968,14.5323,14.3601,14.4883,24805008.0
2016-05-13,14.4664,14.4774,14.3272,14.3418,21833819.0
2016-05-16,14.2686,14.3968,14.2502,14.3894,19936527.0
2016-05-17,14.3748,14.4078,14.2869,14.3272,29202541.0
2016-05-18,14.3198,14.3418,14.0194,14.0854,33592263.0
2016-05-19,14.0194,14.0927,13.8363,14.0817,36297195.0
2016-05-20,14.155,14.1696,14.0341,14.0854,26803718.0
2016-05-23,14.1,14.1074,14.0158,14.0378,20364312.0
2016-05-24,14.089,14.1257,14.0634,14.1037,18710371.0
2016-05-25,14.166,14.1843,14.0854,14.1477,19475378.0
2016-05-26,14.1733,14.2832,14.155,14.2283,21206508.0
2016-05-27,14.2246,14.2832,14.1403,14.2832,20749331.0
2016-05-31,14.2979,14.3601,14.2649,14.3418,36992560.0
2016-06-01,14.3235,14.3308,14.144,14.188,22581747.0
2016-06-02,14.188,14.2283,14.133,14.2283,16287451.0
2016-06-03,14.2759,14.3858,14.2612,14.3638,25480248.0
2016-06-06,14.3675,14.4627,14.3528,14.4114,22162568.0
2016-06-07,14.4224,14.6129,14.4078,14.5763,32984150.0
2016-06-08,14.5506,14.6056,14.5213,14.6019,19100554.0
2016-06-09,14.5909,14.7155,14.525,14.6862,27396738.0
2016-06-10,14.6349,14.8474,14.6092,14.7741,34245922.0
2016-06-13,14.7228,14.8217,14.7008,14.7228,22097163.0
2016-06-14,14.7155,14.8254,14.6276,14.7924,30471860.0
2016-06-15,14.8144,14.862,14.7521,14.7594,25792182.0
2016-06-16,14.7265,14.8583,14.7045,14.8327,26619417.0
2016-06-17,14.851,14.9682,14.7741,14.9206,36100184.0
2016-06-20,15.0342,15.0378,14.8474,14.9389,26784123.0
2016-06-21,14.9573,15.1331,14.8583,15.0452,26398044.0
2016-06-22,15.0415,15.2247,15.0415,15.1294,26803453.0
2016-06-23,15.221,15.3456,15.1587,15.3419,25202340.0
2016-06-24,15.1844,15.4701,15.1294,15.21,75662893.0
2016-06-27,15.1258,15.4188,15.1258,15.3969,49590950.0
2016-06-28,15.4371,15.4481,15.3382,15.3932,45570756.0
2016-06-29,15.4665,15.5837,15.4152,15.5837,31341066.0
2016-06-30,15.6386,15.906,15.5837,15.8291,42253342.0
2016-07-01,15.8291,15.9537,15.7559,15.9244,30766185.0
2016-07-05,15.9354,16.0782,15.8731,15.8804,47114937.0
2016-07-06,15.9791,16.0237,15.7784,16.0237,35025361.0
2016-07-07,15.8825,15.9494,15.6631,15.7263,31389260.0
2016-07-08,15.6631,15.8713,15.5032,15.8416,37659591.0
2016-07-11,15.7895,15.8378,15.6929,15.8044,28590059.0
2016-07-12,15.7635,15.8378,15.7003,15.7672,24727818.0
2016-07-13,15.7858,15.9382,15.7449,15.8341,19664445.0
2016-07-14,15.7821,15.9717,15.7821,15.901,22051617.0
2016-07-15,15.9531,16.0163,15.875,15.9457,22040098.0
2016-07-18,15.9345,15.9494,15.8639,15.9308,16339087.0
2016-07-19,15.9085,15.9308,15.8676,15.901,18093254.0
2016-07-20,15.8936,15.9159,15.8081,15.8787,18653042.0
2016-07-21,15.8193,15.9048,15.7412,15.8081,28652022.0
2016-07-22,15.8118,16.1501,15.8007,16.0275,40678973.0
2016-07-25,15.9605,15.9754,15.8787,15.9642,19319278.0
2016-07-26,15.9419,15.9791,15.7189,15.7561,26584066.0
2016-07-27,15.7523,15.9568,15.7523,15.8973,26229896.0
2016-07-28,15.8639,15.8676,15.7449,15.8304,17887770.0
2016-07-29,15.8453,16.1316,15.7858,16.0944,33425307.0
2016-08-01,16.0795,16.1724,16.0274,16.0535,27340865.0
2016-08-02,16.0944,16.1018,15.9568,16.046,25943780.0
2016-08-03,16.02,16.0683,15.9568,16.0386,18049430.0
2016-08-04,16.0535,16.0758,15.968,16.0163,15747656.0
2016-08-05,16.046,16.0684,15.901,16.046,25981117.0
2016-08-08,16.0498,16.0498,15.9122,15.9605,18580486.0
2016-08-09,15.968,16.02,15.9048,16.0163,19539857.0
2016-08-10,16.0089,16.0981,16.0089,16.0609,15535154.0
2016-08-11,16.1018,16.165,16.0832,16.1316,15861123.0
2016-08-12,16.139,16.1576,16.0572,16.0907,13956681.0
2016-08-15,16.0646,16.1055,15.994,15.994,21512352.0
2016-08-16,15.9866,15.9903,15.5813,15.5999,41899966.0
2016-08-17,15.6185,15.6445,15.3694,15.5627,38844439.0
2016-08-18,15.5181,15.5553,15.2839,15.3917,43099510.0
2016-08-19,15.3285,15.3359,15.1277,15.2467,39007556.0
2016-08-22,15.2133,15.2393,15.0757,15.2095,23398655.0
2016-08-23,15.2393,15.2541,15.1612,15.1872,19930834.0
2016-08-24,15.2058,15.2393,15.0943,15.1947,21407624.0
2016-08-25,15.1947,15.3099,15.15,15.269,22380499.0
2016-08-26,15.2913,15.3508,15.0943,15.124,23645978.0
2016-08-29,15.1686,15.2616,15.1389,15.243,17139048.0
2016-08-30,15.243,15.295,15.1426,15.2021,14852102.0
2016-08-31,15.2244,15.2616,15.1166,15.1984,24812422.0
2016-09-01,15.1872,15.243,15.1129,15.2281,20795936.0
2016-09-02,15.2765,15.3843,15.1463,15.2244,25244708.0
2016-09-06,15.2504,15.3768,15.1724,15.3285,20565295.0
2016-09-07,15.3397,15.3694,15.2393,15.3434,17915441.0
2016-09-08,15.3434,15.388,15.2616,15.3136,17906438.0
2016-09-09,15.2356,15.2727,14.7522,14.7634,50974132.0
2016-09-12,14.7114,15.1872,14.7039,15.1352,35568201.0
2016-09-13,15.0385,15.0422,14.7857,14.8601,33801058.0
2016-09-14,14.8526,14.9679,14.782,14.8303,35138298.0
2016-09-15,14.7969,15.1017,14.7299,15.0385,30367132.0
2016-09-16,14.9976,15.0236,14.834,14.9456,54748194.0
2016-09-19,14.9456,14.9604,14.8192,14.8935,21426027.0
2016-09-20,14.9307,15.0311,14.8266,14.8563,18797887.0
2016-09-21,14.8898,15.1054,14.8601,15.0831,25329312.0
2016-09-22,15.1426,15.3136,15.1315,15.2839,29503089.0
2016-09-23,15.2988,15.388,15.1426,15.3471,24980702.0
2016-09-26,15.3471,15.3954,15.2839,15.295,22040893.0
2016-09-27,15.3285,15.5032,15.2653,15.414,24414825.0
2016-09-28,15.2467,15.269,15.0868,15.1872,34874425.0
2016-09-29,15.15,15.269,15.0348,15.1426,22569963.0
2016-09-30,15.2095,15.2579,15.0943,15.098,25661238.0
2016-10-03,15.1017,15.2579,15.0571,15.1575,21954171.0
2016-10-04,15.1389,15.1538,14.7634,14.834,43930188.0
2016-10-05,14.9646,14.9721,14.6699,14.7946,29923592.0
2016-10-06,14.7832,14.8097,14.7001,14.7757,20853794.0
2016-10-07,14.8172,14.8437,14.6245,14.685,25383728.0
2016-10-10,14.7077,14.8097,14.4357,14.7379,25183407.0
2016-10-11,14.7114,14.8777,14.583,14.7719,29544928.0
2016-10-12,14.7908,14.9192,14.7568,14.8588,22746188.0
2016-10-13,14.8399,14.9155,14.7417,14.8739,23231698.0
2016-10-14,14.889,14.9532,14.8172,14.8172,17896508.0
2016-10-17,14.7719,14.9192,14.753,14.8361,18383740.0
2016-10-18,14.821,14.9041,14.7908,14.8701,21234974.0
2016-10-19,14.9079,14.9495,14.8512,14.8777,15506026.0
2016-10-20,14.753,14.7643,14.5452,14.6019,41218106.0
2016-10-21,14.5074,14.6094,13.9634,14.1636,109580860.0
2016-10-24,13.7934,14.1032,13.7141,13.9256,133176129.0
2016-10-25,13.9256,14.0012,13.8085,13.8652,53603994.0
2016-10-26,13.8425,13.8916,13.7027,13.7632,43531399.0
2016-10-27,13.8274,13.937,13.7745,13.7972,57172968.0
2016-10-28,13.8463,13.9067,13.767,13.7934,30748708.0
2016-10-31,13.8312,13.9105,13.7972,13.8992,41552019.0
2016-11-01,13.9672,14.0503,13.7518,13.8123,36561201.0
2016-11-02,13.8274,13.8652,13.7141,13.7405,34488611.0
2016-11-03,13.8123,13.9747,13.7481,13.8387,33824096.0
2016-11-04,13.8954,13.9105,13.7896,13.7896,30791341.0
2016-11-07,13.8992,13.9294,13.8425,13.9067,28326186.0
2016-11-08,13.9067,14.0125,13.9067,13.9747,23581499.0
2016-11-09,13.9672,14.1788,13.7632,14.1448,46028066.0
2016-11-10,14.1561,14.1561,13.7518,13.8161,50308558.0
2016-11-11,13.7934,13.8161,13.7141,13.7934,33519443.0
2016-11-14,13.8312,13.8387,13.6385,13.6498,34594531.0
2016-11-15,13.6612,13.8916,13.6536,13.8916,27656771.0
2016-11-16,13.9483,14.0654,13.9219,14.0352,27586467.0
2016-11-17,14.0919,14.2392,14.0805,14.1334,28048808.0
2016-11-18,14.1485,14.209,14.0919,14.1901,22484433.0
2016-11-21,14.2316,14.2581,14.1523,14.2581,22835558.0
2016-11-22,14.3525,14.6359,14.2883,14.5641,34625248.0
2016-11-23,14.515,14.7228,14.5112,14.6321,28258662.0
2016-11-25,14.6472,14.8135,14.6321,14.8135,14357986.0
2016-11-28,14.8021,14.9872,14.7983,14.9381,35293206.0
2016-11-29,14.9532,14.9721,14.8361,14.9155,26290933.0
2016-11-30,14.8134,14.8134,14.5905,14.5943,43267393.0
2016-12-01,14.5943,14.7001,14.4168,14.6888,36275482.0
2016-12-02,14.6737,14.7795,14.5339,14.5868,21319313.0
2016-12-05,14.6208,14.7266,14.5943,14.5943,27503982.0
2016-12-06,14.651,14.8928,14.6208,14.8663,31206415.0
2016-12-07,14.9192,15.297,14.9003,15.2819,43643542.0
2016-12-08,15.2064,15.3953,15.1837,15.2668,29126808.0
2016-12-09,15.2177,15.2706,15.1761,15.2555,22647285.0
2016-12-12,15.3235,15.6257,15.3121,15.535,42248972.0
2016-12-13,15.5917,15.7013,15.5728,15.6257,28015708.0
2016-12-14,15.6031,15.6975,15.4633,15.5275,34865422.0
2016-12-15,15.4519,15.7466,15.433,15.6786,32420258.0
2016-12-16,15.7353,15.7731,15.6484,15.7428,37011758.0
2016-12-19,15.7428,15.9355,15.6597,15.9128,27226604.0
2016-12-20,15.9317,16.1546,15.9204,16.0451,28021666.0
2016-12-21,16.0262,16.0829,15.9922,16.0035,18208972.0
2016-12-22,15.9582,16.1622,15.928,16.1395,23250234.0
2016-12-23,16.166,16.1697,16.0451,16.1433,12770510.0
2016-12-27,16.1433,16.1849,16.064,16.1131,15136895.0
2016-12-28,16.1131,16.1773,16.0451,16.064,14599616.0
2016-12-29,16.0677,16.1697,16.0677,16.1169,16403301.0
2016-12-30,16.1546,16.1811,16.0375,16.0677,22076376.0
2017-01-03,16.1282,16.2566,16.064,16.2529,34432738.0
2017-01-04,16.2226,16.2453,16.1357,16.1584,30720772.0
2017-01-05,16.1886,16.2038,16.0677,16.1131,34041629.0
2017-01-06,16.1049,16.1126,15.8095,15.8517,43278780.0
2017-01-09,15.8402,15.8824,15.6522,15.6522,33741743.0
2017-01-10,15.5985,15.752,15.4374,15.6561,28494996.0
2017-01-11,15.4911,15.6139,15.4528,15.5794,32486194.0
2017-01-12,15.564,15.7712,15.5372,15.7328,26347997.0
2017-01-13,15.6983,15.798,15.6484,15.7136,18446233.0
2017-01-17,15.729,15.7827,15.6369,15.7712,29837399.0
2017-01-18,15.7865,15.821,15.6446,15.6522,25786886.0
2017-01-19,15.6868,15.7366,15.6177,15.729,22101929.0
2017-01-20,15.8556,16.0627,15.8402,15.9016,33318328.0
2017-01-23,15.9054,16.1395,15.8786,16.1126,33379761.0
2017-01-24,15.8824,16.0129,15.7482,15.8671,38000124.0
2017-01-25,15.8556,15.9093,15.6868,15.8786,28413702.0
2017-01-26,15.7942,16.0551,15.7136,16.0244,37253785.0
2017-01-27,16.1049,16.2277,16.0167,16.1164,25180229.0
2017-01-30,16.0896,16.1625,15.9822,16.0435,21019956.0
2017-01-31,15.9898,16.1855,15.9515,16.174,33636750.0
2017-02-01,16.22,16.2891,16.0589,16.1356,42477230.0
2017-02-02,16.1203,16.1395,15.7098,15.798,38600293.0
2017-02-03,15.9131,15.9285,15.8057,15.8249,25355924.0
2017-02-06,15.8325,15.8325,15.7213,15.752,15060368.0
2017-02-07,15.7597,15.7942,15.6599,15.775,22921220.0
2017-02-08,15.7942,15.8517,15.7558,15.8095,20771309.0
2017-02-09,15.8095,15.8939,15.7788,15.8479,15043818.0
2017-02-10,15.8249,15.8939,15.8057,15.8747,16067534.0
2017-02-13,15.6599,15.7827,15.5333,15.5947,45494096.0
2017-02-14,15.5256,15.6446,15.5026,15.6331,26089817.0
2017-02-15,15.5985,15.7827,15.5602,15.775,30878990.0
2017-02-16,15.775,15.8671,15.7405,15.8249,21951523.0
2017-02-17,15.7942,15.9361,15.6484,15.9131,31983074.0
2017-02-21,15.8709,16.0167,15.8517,16.009,23175826.0
2017-02-22,15.9898,16.0282,15.9016,15.9553,20729206.0
2017-02-23,15.9937,16.1088,15.9361,16.0934,25445294.0
2017-02-24,16.1548,16.2507,16.1279,16.2507,22565197.0
2017-02-27,16.2277,16.2277,16.009,16.0435,22956174.0
2017-02-28,16.009,16.0627,15.9745,16.032,25604306.0
2017-03-01,16.0282,16.1817,15.9438,16.1279,31644924.0
2017-03-02,16.0742,16.151,16.0512,16.1395,17454557.0
2017-03-03,16.1318,16.1356,16.0205,16.1164,22745526.0
2017-03-06,16.0474,16.1126,16.0013,16.0973,18770348.0
2017-03-07,16.0742,16.1088,16.0052,16.0666,21516192.0
2017-03-08,16.0666,16.0666,15.9898,16.0244,23674444.0
2017-03-09,16.0589,16.1625,16.0167,16.0896,23398522.0
2017-03-10,16.1241,16.2776,16.1203,16.2469,26128213.0
2017-03-13,16.197,16.2737,16.1817,16.2545,19706681.0
2017-03-14,16.2584,16.2814,16.1318,16.1471,13324471.0
2017-03-15,16.1663,16.3581,16.1471,16.3389,27878012.0
2017-03-16,16.3428,16.3658,16.243,16.2814,19332783.0
2017-03-17,16.339,16.362,16.2546,16.3466,32767544.0
2017-03-20,16.3466,16.3811,16.2354,16.2737,15691783.0
2017-03-21,16.2852,16.3083,16.1126,16.1433,26875876.0
2017-03-22,16.151,16.1586,15.9054,15.9783,24556360.0
2017-03-23,15.9707,16.0781,15.8863,15.9783,19410370.0
2017-03-24,16.0205,16.0704,15.9361,15.9898,18803448.0
2017-03-27,15.9553,16.0167,15.8747,15.9169,17457205.0
2017-03-28,15.8863,15.963,15.8287,15.9438,20635996.0
2017-03-29,15.9361,16.0167,15.8824,15.9016,18673961.0
2017-03-30,15.8786,16.0474,15.8556,16.0205,19560644.0
2017-03-31,16.032,16.0704,15.94,15.94,23214354.0
2017-04-03,15.9591,16.0244,15.8709,15.9476,23804990.0
2017-04-04,15.9476,16.0013,15.8824,15.9937,16619775.0
2017-04-05,16.009,16.0129,15.9093,15.9246,26421479.0
2017-04-06,15.9982,16.0099,15.8228,15.8228,27131805.0
2017-04-07,15.8228,15.9241,15.7916,15.8189,26924732.0
2017-04-10,15.8228,15.854,15.7098,15.7371,24116660.0
2017-04-11,15.7371,15.741,15.6163,15.7098,25964567.0
2017-04-12,15.6708,15.8111,15.6163,15.8072,29387239.0
2017-04-13,15.7877,15.8852,15.6864,15.6981,23244409.0
2017-04-17,15.7059,15.7799,15.6747,15.7059,16045026.0
2017-04-18,15.6747,15.7566,15.6591,15.6864,21078345.0
2017-04-19,15.7137,15.7643,15.663,15.6864,31510538.0
2017-04-20,15.5851,15.7877,15.5578,15.7293,28751587.0
2017-04-21,15.6786,15.7293,15.5149,15.5617,31641084.0
2017-04-24,15.6279,15.6474,15.5344,15.5968,31820751.0
2017-04-25,15.6202,15.6864,15.4682,15.5656,50812207.0
2017-04-26,15.5968,15.8072,15.5305,15.7605,45482445.0
2017-04-27,15.7332,15.7449,15.5422,15.5539,29983436.0
2017-04-28,15.5422,15.6124,15.4019,15.4448,33093380.0
2017-05-01,15.4643,15.4721,15.2226,15.2382,32767146.0
2017-05-02,15.2538,15.285,15.1525,15.1798,32904710.0
2017-05-03,15.1759,15.1915,14.868,14.9654,44675335.0
2017-05-04,14.9693,14.9693,14.6653,14.8134,41639403.0
2017-05-05,14.8407,15.0862,14.8212,15.0278,28901861.0
2017-05-08,15.1135,15.1135,14.9342,15.0317,26664963.0
2017-05-09,15.0161,15.0239,14.8719,14.8953,28587014.0
2017-05-10,14.8836,15.0628,14.8602,14.9849,29933257.0
2017-05-11,14.9849,15.0239,14.8914,14.981,21902800.0
2017-05-12,15.0005,15.0473,14.9303,15.0005,18231612.0
2017-05-15,15.0122,15.0784,14.9693,15.0395,28332276.0
2017-05-16,15.0745,15.1057,14.8836,14.8836,28597738.0
2017-05-17,14.8836,14.8836,14.5952,14.5991,39277519.0
2017-05-18,14.6147,14.8641,14.5991,14.79,34084924.0
2017-05-19,14.8251,14.9225,14.7667,14.9031,26944194.0
2017-05-22,14.9031,14.9459,14.8758,14.907,19624328.0
2017-05-23,14.9109,14.9732,14.8914,14.9303,17920737.0
2017-05-24,14.9303,14.9498,14.8407,14.868,20659564.0
2017-05-25,14.8563,14.942,14.8524,14.8992,19717670.0
2017-05-26,14.8914,14.907,14.8134,14.8563,18173092.0
2017-05-30,14.8836,15.0745,14.8836,15.0239,27178013.0
2017-05-31,15.0629,15.1486,15.0083,15.0161,31829490.0
2017-06-01,15.0745,15.1564,15.0122,15.1486,23423149.0
2017-06-02,15.1993,15.2304,15.1057,15.1486,24532396.0
2017-06-05,15.1252,15.1447,15.0317,15.1252,18300196.0
2017-06-06,15.1135,15.1681,15.0628,15.094,21473029.0
2017-06-07,15.1408,15.1486,15.02,15.1057,21752526.0
2017-06-08,15.1057,15.1369,14.9732,15.0044,26840128.0
2017-06-09,15.0551,15.1213,15.0239,15.1174,24359349.0
2017-06-12,15.1174,15.3434,15.1174,15.2265,30160588.0
2017-06-13,15.2031,15.2031,15.0356,15.0745,24946940.0
2017-06-14,15.1174,15.1252,15.0044,15.0901,21655609.0
2017-06-15,15.0706,15.1603,15.0589,15.1369,22092529.0
2017-06-16,15.1876,15.1993,15.0667,15.1837,39368743.0
2017-06-19,15.1915,15.1915,15.0784,15.1642,27748127.0
2017-06-20,15.1096,15.1681,15.0434,15.0667,28782171.0
2017-06-21,15.0512,15.0706,14.7511,14.868,32567355.0
2017-06-22,14.8836,14.9459,14.7978,14.8485,21450124.0
2017-06-23,14.8719,14.8719,14.7394,14.79,30328338.0
2017-06-26,14.7861,14.9187,14.755,14.868,24366631.0
2017-06-27,14.868,14.868,14.6536,14.6926,26297288.0
2017-06-28,14.7628,14.8368,14.7238,14.7861,26937045.0
2017-06-29,14.7589,14.8017,14.6614,14.6614,31402500.0
2017-06-30,14.7043,14.7589,14.6303,14.7043,29843887.0
2017-07-03,14.7472,14.8602,14.7238,14.8524,14728573.0
2017-07-05,14.8524,14.8914,14.7511,14.8563,26592408.0
2017-07-06,14.9034,14.947,14.7408,14.7408,27549395.0
2017-07-07,14.7408,14.7606,14.5981,14.6615,27593219.0
2017-07-10,14.6536,14.7012,14.5981,14.6021,30154365.0
2017-07-11,14.6021,14.614,14.4871,14.5109,28583174.0
2017-07-12,14.5703,14.6298,14.5148,14.6021,23151861.0
2017-07-13,14.4871,14.5109,14.3483,14.3562,40024652.0
2017-07-14,14.3642,14.4236,14.3404,14.3919,31195294.0
2017-07-17,14.3999,14.4514,14.3721,14.4276,27203963.0
2017-07-18,14.4435,14.4435,14.2214,14.269,38589172.0
2017-07-19,14.2849,14.3245,14.1977,14.3245,34796441.0
2017-07-20,14.4038,14.5584,14.3364,14.4792,42225670.0
2017-07-21,14.4395,14.5148,14.3761,14.4752,26679659.0
2017-07-24,14.4752,14.491,14.3443,14.3642,29662234.0
2017-07-25,14.388,14.4712,14.3245,14.3602,38987828.0
2017-07-26,14.3602,15.1056,14.3602,15.0778,95899703.0
2017-07-27,15.1452,15.6606,15.1452,15.625,82070788.0
2017-07-28,15.5615,15.728,15.395,15.4624,47681080.0
2017-07-31,15.4505,15.5139,15.3514,15.4624,37709241.0
2017-08-01,15.5615,15.5695,15.3474,15.4148,38891838.0
2017-08-02,15.4545,15.4584,15.0818,15.173,45824302.0
2017-08-03,15.1571,15.2642,15.1254,15.1769,24960313.0
2017-08-04,15.2404,15.2721,15.0818,15.2364,21603708.0
2017-08-07,15.2404,15.3197,15.2126,15.2721,22277227.0
2017-08-08,15.288,15.3593,15.173,15.2087,20436999.0
2017-08-09,15.1452,15.2245,15.0897,15.2087,26091671.0
2017-08-10,15.173,15.28,15.1373,15.1413,28208350.0
2017-08-11,15.1849,15.2007,15.0937,15.1056,17581396.0
2017-08-14,15.1611,15.288,15.1373,15.2642,22724606.0
2017-08-15,15.2642,15.284,15.0699,15.1294,19622210.0
2017-08-16,15.1294,15.2007,15.0501,15.1571,19824649.0
2017-08-17,15.1294,15.1532,14.8994,14.9073,29120056.0
2017-08-18,14.8677,14.9113,14.7488,14.8162,30475700.0
2017-08-21,14.8637,15.0223,14.832,14.8994,22917248.0
2017-08-22,14.943,15.062,14.8915,15.058,19512847.0
2017-08-23,15.0065,15.0977,15.0065,15.0342,26393808.0
2017-08-24,15.0501,15.058,14.9232,14.9391,14486943.0
2017-08-25,14.9946,15.1175,14.9708,15.062,18784780.0
2017-08-28,15.0659,15.0937,14.9668,15.0421,13410134.0
2017-08-29,14.9668,15.0778,14.9668,15.0065,12698484.0
2017-08-30,14.9946,14.9946,14.9113,14.9351,16462086.0
2017-08-31,14.9629,15.0144,14.8479,14.8518,27457774.0
2017-09-01,14.9034,14.9073,14.836,14.8598,16906686.0
2017-09-05,14.828,14.8399,14.6417,14.7051,30195541.0
2017-09-06,14.721,14.7329,14.4831,14.499,37562542.0
2017-09-07,14.5109,14.5862,14.1065,14.1144,64373807.0
2017-09-08,14.1144,14.1778,13.9162,14.1104,54351524.0
2017-09-11,14.1461,14.1937,14.0827,14.1699,30516611.0
2017-09-12,14.2571,14.4435,14.2016,14.3761,37449737.0
2017-09-13,14.4078,14.5386,14.384,14.491,34069433.0
2017-09-14,14.5109,14.5109,14.3602,14.3999,23678548.0
2017-09-15,14.4355,14.7131,14.4276,14.7091,63476400.0
2017-09-18,14.7131,14.8677,14.6774,14.836,42333973.0
2017-09-19,14.832,15.2404,14.7765,15.1492,61327680.0
2017-09-20,15.1928,15.3593,15.1532,15.2364,35574821.0
2017-09-21,15.2642,15.28,15.1214,15.1532,22218309.0
2017-09-22,15.2245,15.3236,15.1492,15.2998,30733482.0
2017-09-25,15.2761,15.5377,15.2642,15.51,47901128.0
2017-09-26,15.51,15.5853,15.3435,15.3514,29930212.0
2017-09-27,15.3157,15.4267,15.2681,15.3712,31469494.0
2017-09-28,15.3355,15.5298,15.2999,15.4783,22996424.0
2017-09-29,15.4426,15.5496,15.3871,15.5298,29076894.0
2017-10-02,15.5417,15.5853,15.4902,15.506,20660093.0
2017-10-03,15.5377,15.6527,15.4981,15.6527,21273502.0
2017-10-04,15.6091,15.7241,15.5576,15.6606,23717209.0
2017-10-05,15.7043,15.7796,15.621,15.6646,29930609.0
2017-10-06,15.656,15.7407,15.5351,15.5553,29699836.0
2017-10-09,15.5795,15.5875,15.3779,15.4384,25484220.0
2017-10-10,15.4585,15.5633,15.4263,15.519,22928370.0
2017-10-11,15.527,15.5633,15.3376,15.394,35718872.0
2017-10-12,15.1119,15.128,14.4427,14.4548,108536754.0
2017-10-13,14.4468,14.5274,14.2089,14.3903,74257070.0
2017-10-16,14.4387,14.6927,14.4105,14.5798,41172560.0
2017-10-17,14.5798,14.6282,14.5072,14.604,28682606.0
2017-10-18,14.604,14.6241,14.3138,14.3944,48676595.0
2017-10-19,14.483,14.6443,14.346,14.3863,43542918.0
2017-10-20,14.4266,14.4468,14.2694,14.3258,50094202.0
2017-10-23,14.2775,14.3742,14.1848,14.2089,40914645.0
2017-10-24,14.2331,14.2533,14.0316,14.0517,69160199.0
2017-10-25,13.8099,13.8462,13.435,13.4995,127603413.0
2017-10-26,13.6043,13.6607,13.5438,13.5761,59740866.0
2017-10-27,13.5761,13.7131,13.5197,13.693,69268105.0
2017-10-30,13.7131,13.8381,13.4592,13.5197,68444974.0
2017-10-31,13.56,13.6406,13.4753,13.564,48162354.0
2017-11-01,13.6487,13.6809,13.4189,13.5237,50106383.0
2017-11-02,13.5318,13.8744,13.2738,13.3705,96609897.0
2017-11-03,13.439,13.4592,13.2818,13.4229,53276833.0
2017-11-06,13.3302,13.3342,13.1206,13.2456,63217028.0
2017-11-07,13.2335,13.3504,13.1851,13.3302,39800764.0
2017-11-08,13.2415,13.5035,13.2133,13.4794,115981341.0
2017-11-09,13.4753,13.8865,13.4431,13.7051,92568652.0
2017-11-10,13.7736,13.8986,13.7454,13.7938,76099018.0
2017-11-13,13.818,13.8502,13.7615,13.7736,38213023.0
2017-11-14,13.7817,13.7857,13.5358,13.5922,40065829.0
2017-11-15,13.7131,13.7857,13.564,13.6285,43536165.0
2017-11-16,13.6487,13.9711,13.6285,13.9147,52915249.0
2017-11-17,13.8784,14.0598,13.8462,13.9107,48944573.0
2017-11-20,13.9268,14.0679,13.8824,13.9631,41394463.0
2017-11-21,13.9469,14.0074,13.822,13.8381,46892108.0
2017-11-22,13.8179,14.0719,13.7857,14.0558,35024964.0
2017-11-24,14.0558,14.088,14.0034,14.0316,12184904.0
2017-11-27,14.0437,14.1122,13.9268,13.9792,35474462.0
2017-11-28,13.9308,14.3258,13.9308,14.2775,45612330.0
2017-11-29,14.6604,14.733,14.2734,14.7048,70407804.0
2017-11-30,14.7128,14.874,14.5234,14.6644,65976641.0
2017-12-01,14.6523,14.8136,14.479,14.7128,41622720.0
2017-12-04,14.8337,15.132,14.8136,15.0232,53598698.0
2017-12-05,14.8418,15.0313,14.7209,14.733,43765350.0
2017-12-06,14.5758,14.6927,14.5234,14.5556,41271993.0
2017-12-07,14.5637,14.6725,14.4347,14.5798,32475866.0
2017-12-08,14.6725,14.8136,14.5717,14.8055,33771798.0
2017-12-11,14.7894,14.8902,14.7209,14.874,31334711.0
2017-12-12,15.3295,15.386,14.9063,15.3578,61433468.0
2017-12-13,15.3215,15.394,15.0635,15.3336,52524934.0
2017-12-14,15.261,15.3819,15.1885,15.2126,45395326.0
2017-12-15,15.3739,15.4343,15.2892,15.4142,61974586.0
2017-12-18,15.519,15.6762,15.4746,15.5029,41702293.0
2017-12-19,15.5029,15.5915,15.3295,15.3376,38636703.0
2017-12-20,15.4263,15.656,15.39,15.5391,35706824.0
2017-12-21,15.5432,15.8374,15.5069,15.6722,42343771.0
2017-12-22,15.6319,15.7649,15.5996,15.6964,26427702.0
2017-12-26,15.7004,15.8536,15.7004,15.7447,17977537.0
2017-12-27,15.7528,15.777,15.6036,15.6762,21633233.0
2017-12-28,15.7205,15.8012,15.6722,15.7931,20690678.0
2017-12-29,15.8092,15.8495,15.6722,15.6722,35059388.0
2018-01-02,15.7447,15.7447,15.4626,15.5351,42626974.0
2018-01-03,15.5069,15.515,15.128,15.1764,51851150.0
2018-01-04,15.2167,15.394,15.0192,15.3175,36894187.0
2018-01-05,15.3739,15.3819,15.2368,15.3739,29386048.0
2018-01-08,15.3779,15.5109,15.257,15.4182,35276524.0
2018-01-09,15.4354,15.5831,15.3739,15.378,37152896.0
2018-01-10,15.337,15.337,14.9883,15.0212,54388066.0
2018-01-11,15.0417,15.0827,14.9186,14.9637,54813997.0
2018-01-12,14.9637,15.1729,14.8981,15.136,41285233.0
2018-01-16,15.136,15.1852,14.9883,15.0622,32739342.0
2018-01-17,15.0827,15.1565,14.9678,15.1155,29194465.0
2018-01-18,15.1114,15.3329,15.0991,15.2386,36623296.0
2018-01-19,15.3288,15.3288,15.1524,15.2632,36965815.0
2018-01-22,15.2591,15.5462,15.1688,15.5339,41918634.0
2018-01-23,15.5667,15.6775,15.1893,15.255,43739664.0
2018-01-24,15.296,15.337,15.1688,15.1852,37823767.0
2018-01-25,15.2139,15.3616,15.1114,15.3616,30981997.0
2018-01-26,15.3657,15.5134,15.3247,15.5134,28609654.0
2018-01-29,15.2304,15.456,15.1688,15.2837,40884590.0
2018-01-30,15.3247,15.5052,15.3001,15.3575,39565357.0
2018-01-31,15.3493,15.5544,15.3124,15.3616,54843258.0
2018-02-01,15.7964,16.1164,15.7513,16.063,79392071.0
2018-02-02,16.0097,16.0138,15.5093,15.6159,61034679.0
2018-02-05,15.5093,15.7144,15.0253,15.0253,60368442.0
2018-02-06,14.7997,15.2057,14.5617,15.1073,83286617.0
2018-02-07,15.0991,15.3616,15.0704,15.1483,47180078.0
2018-02-08,15.1319,15.1565,14.5905,14.5905,60563732.0
2018-02-09,14.6971,14.9104,14.369,14.7873,66489162.0
2018-02-12,14.9022,15.013,14.7545,14.9186,36741927.0
2018-02-13,14.8858,15.0581,14.7545,15.013,30289413.0
2018-02-14,14.9309,15.0827,14.812,14.935,32880481.0
2018-02-15,14.9596,15.177,14.8612,15.177,36419533.0
2018-02-16,15.1688,15.337,15.1196,15.2345,26349718.0
2018-02-20,15.1278,15.2139,15.0417,15.0827,29222666.0
2018-02-21,15.0827,15.1934,14.8817,14.894,27529402.0
2018-02-22,14.9596,15.1729,14.935,14.9596,24543650.0
2018-02-23,14.9924,15.0745,14.8858,15.0622,23098901.0
2018-02-26,15.1483,15.3862,15.0991,15.3657,26309734.0
2018-02-27,15.3493,15.4395,15.1237,15.1237,28360874.0
2018-02-28,15.2509,15.2509,14.8899,14.8899,38768971.0
2018-03-01,14.894,15.0745,14.7135,14.7668,37798744.0
2018-03-02,14.7668,14.9309,14.7463,14.9104,28285936.0
2018-03-05,14.8489,15.1032,14.8079,15.054,25551876.0
2018-03-06,15.1073,15.136,14.9719,15.1237,23119820.0
2018-03-07,15.0088,15.1893,14.9965,15.1401,24475464.0
2018-03-08,15.1401,15.2221,14.9965,15.2221,26170581.0
2018-03-09,15.2468,15.2673,15.1032,15.1975,24918077.0
2018-03-12,15.1975,15.4108,15.1934,15.3247,29531820.0
2018-03-13,15.4026,15.5093,15.2837,15.337,25399351.0
2018-03-14,15.419,15.419,15.1606,15.1893,24633285.0
2018-03-15,15.2139,15.296,15.1811,15.1934,28967928.0
2018-03-16,15.2139,15.3165,15.136,15.177,49124372.0
2018-03-19,15.1688,15.2181,14.9596,15.0048,26000580.0
2018-03-20,15.0458,15.1032,14.8407,14.9063,26701240.0
2018-03-21,14.9063,14.9719,14.7668,14.7668,23086853.0
2018-03-22,14.7463,14.7832,14.5043,14.5084,37332696.0
2018-03-23,14.5084,14.7627,14.1721,14.2336,46377072.0
2018-03-26,14.3813,14.4756,14.1269,14.2295,41696070.0
2018-03-27,14.2951,14.4387,14.2295,14.3156,44831567.0
2018-03-28,14.4756,14.7053,14.4551,14.5864,40707969.0
2018-03-29,14.6356,14.7217,14.3649,14.6233,36494868.0
2018-04-02,14.5946,14.6274,14.2869,14.3977,38704360.0
2018-04-03,14.4223,14.5289,14.2951,14.5084,28969385.0
2018-04-04,14.4223,14.7422,14.3484,14.7176,27224220.0
2018-04-05,14.7381,14.853,14.6356,14.8243,22644769.0
2018-04-06,14.7709,14.8489,14.5289,14.6151,33255438.0
2018-04-09,14.7288,14.921,14.6535,14.6995,28968590.0
2018-04-10,14.7622,15.2094,14.6493,14.967,52696259.0
2018-04-11,14.9043,14.9335,14.7037,14.7329,27864639.0
2018-04-12,14.804,14.8249,14.6535,14.6953,29062065.0
2018-04-13,14.7162,14.7831,14.6368,14.687,19032235.0
2018-04-16,14.7831,14.9712,14.7204,14.8959,32964025.0
2018-04-17,14.9168,14.9503,14.758,14.7789,27255599.0
2018-04-18,14.8291,14.8541,14.6953,14.7162,28599724.0
2018-04-19,14.7288,14.7413,14.549,14.5532,31172124.0
2018-04-20,14.5699,14.6535,14.2732,14.4905,42967507.0
2018-04-23,14.5072,14.5825,14.4571,14.5825,28084556.0
2018-04-24,14.6911,14.7664,14.5281,14.6284,28561593.0
2018-04-25,14.5741,14.7287,14.5156,14.712,33485549.0
2018-04-26,13.9764,14.0851,13.571,13.8343,175073050.0
2018-04-27,13.851,14.0266,13.8009,13.8093,71773908.0
2018-04-30,13.9054,13.9639,13.6546,13.6671,61108955.0
2018-05-01,13.688,13.7549,13.525,13.6003,47421840.0
2018-05-02,13.6379,13.6379,13.3328,13.3997,53196466.0
2018-05-03,13.3913,13.4373,13.2116,13.3495,53352169.0
2018-05-04,13.3495,13.4874,13.2993,13.4331,33814298.0
2018-05-07,13.4665,13.4791,13.3119,13.3913,34776581.0
2018-05-08,13.362,13.3746,13.199,13.2492,44372404.0
2018-05-09,13.2199,13.2534,13.0277,13.1238,49642586.0
2018-05-10,13.199,13.3871,13.1656,13.3244,39600046.0
2018-05-11,13.3746,13.5041,13.3704,13.4958,36426285.0
2018-05-14,13.5376,13.5752,13.4164,13.454,35608980.0
2018-05-15,13.4331,13.4749,13.2952,13.4122,35095003.0
2018-05-16,13.4122,13.5459,13.3955,13.5,25230541.0
2018-05-17,13.5334,13.5459,13.3328,13.3453,33656874.0
2018-05-18,13.3495,13.4164,13.2826,13.3955,28969650.0
2018-05-21,13.4414,13.6462,13.3328,13.6212,37984104.0
2018-05-22,13.6379,13.7131,13.5418,13.5543,38908785.0
2018-05-23,13.5501,13.5961,13.3955,13.5125,34379249.0
2018-05-24,13.5376,13.7131,13.4623,13.7006,46677223.0
2018-05-25,13.6671,13.6755,13.5376,13.5877,28884781.0
2018-05-29,13.5668,13.5794,13.4331,13.5125,35691200.0
2018-05-30,13.525,13.6421,13.4916,13.6128,31955799.0
2018-05-31,13.5919,13.6045,13.4414,13.5083,38948770.0
2018-06-01,13.5752,13.6295,13.525,13.571,31463933.0
2018-06-04,13.617,13.6588,13.5292,13.5459,24333399.0
2018-06-05,13.5459,13.6713,13.5,13.6588,30999209.0
2018-06-06,13.6964,14.0266,13.6253,13.9514,45205729.0
2018-06-07,13.8218,14.1979,13.7507,14.1311,56352882.0
2018-06-08,14.0684,14.223,14.0349,14.1394,43935086.0
2018-06-11,14.1979,14.4111,14.1311,14.2857,49197060.0
2018-06-12,14.4236,14.432,14.2439,14.3568,78647321.0
2018-06-13,13.7925,13.851,13.4623,13.4665,258289495.0
2018-06-14,13.6253,13.7842,13.4164,13.5919,117442904.0
2018-06-15,13.6337,13.9054,13.4373,13.8552,150914551.0
2018-06-18,13.8009,13.8092,13.4164,13.454,104138823.0
2018-06-19,13.3746,13.6253,13.3579,13.5376,115643059.0
2018-06-20,13.5836,13.617,13.3537,13.3746,73886085.0
2018-06-21,13.4164,13.5,13.1698,13.2074,68087230.0
2018-06-22,13.2617,13.3286,13.1698,13.245,82958662.0
2018-06-25,13.2283,13.3537,13.199,13.2534,64377382.0
2018-06-26,13.2617,13.2952,13.1238,13.2158,59108126.0
2018-06-27,13.3662,13.3955,13.2241,13.2283,61469348.0
2018-06-28,13.2701,13.5083,13.2325,13.454,55928276.0
2018-06-29,13.4791,13.5794,13.3955,13.4206,55645999.0
2018-07-02,13.4414,13.5041,13.3746,13.4623,50002449.0
2018-07-03,13.4791,13.7048,13.4498,13.6713,44857650.0
2018-07-05,13.688,13.7089,13.5668,13.6253,46895286.0
2018-07-06,13.6504,13.6839,13.5627,13.6588,54541518.0
2018-07-09,13.7535,13.8089,13.698,13.7151,57539848.0
2018-07-10,13.7535,13.8644,13.7066,13.8644,51435414.0
2018-07-11,13.7706,13.8004,13.5914,13.5956,51941182.0
2018-07-12,13.6767,13.7834,13.6084,13.7492,58851800.0
2018-07-13,13.5999,13.617,13.4378,13.5103,70635135.0
2018-07-16,13.5274,13.6468,13.5018,13.6084,43981029.0
2018-07-17,13.5957,13.698,13.5274,13.5487,48245236.0
2018-07-18,13.5743,13.6298,13.5231,13.5274,59012004.0
2018-07-19,13.5359,13.5573,13.3312,13.3397,68428822.0
2018-07-20,13.3653,13.3866,13.2416,13.2672,48517053.0
2018-07-23,13.2842,13.3098,13.1392,13.2245,49376329.0
2018-07-24,13.3312,13.5146,13.2288,13.5146,67484015.0
2018-07-25,13.2672,13.3013,12.8534,12.9046,127781491.0
2018-07-26,12.9515,13.0368,12.9259,12.9472,58705498.0
2018-07-27,12.9899,13.3141,12.9472,13.2586,60943985.0
2018-07-30,13.4634,13.7066,13.4165,13.6511,84792932.0
2018-07-31,13.7108,13.7961,13.6255,13.6383,62956068.0
2018-08-01,13.7364,13.7663,13.5701,13.6084,41515609.0
2018-08-02,13.5871,13.6938,13.553,13.5871,41306020.0
2018-08-03,13.6084,13.7706,13.5487,13.7663,35197746.0
2018-08-06,13.7407,13.7876,13.6511,13.698,39835585.0
2018-08-07,13.6895,13.8388,13.6383,13.8217,36200146.0
2018-08-08,13.8559,13.8772,13.7791,13.8047,29064448.0
2018-08-09,13.8217,13.8644,13.7535,13.8601,22388046.0
2018-08-10,13.8175,13.826,13.7194,13.762,28441506.0
2018-08-13,13.762,13.7962,13.7279,13.7407,30159926.0
2018-08-14,13.7535,13.8132,13.7407,13.7535,23881650.0
2018-08-15,13.7706,13.8857,13.7066,13.8516,39232106.0
2018-08-16,13.8772,14.1374,13.8772,14.1161,49497475.0
2018-08-17,14.1033,14.1886,14.0606,14.0905,34647226.0
2018-08-20,14.1374,14.1843,14.082,14.1246,31105394.0
2018-08-21,14.2185,14.3251,14.2099,14.2483,37627153.0
2018-08-22,14.163,14.163,13.9327,13.9412,45223736.0
2018-08-23,13.9455,13.9881,13.826,13.8601,28404566.0
2018-08-24,13.8473,13.9668,13.8473,13.9241,21492889.0
2018-08-27,13.9668,14.0905,13.9583,14.0052,23296972.0
2018-08-28,13.9967,14.0052,13.9199,13.9369,21825743.0
2018-08-29,13.9327,13.9497,13.7407,13.7492,33315018.0
2018-08-30,13.7364,13.7876,13.5956,13.634,33840646.0
2018-08-31,13.6298,13.6468,13.5317,13.6255,41386784.0
2018-09-04,13.5573,13.6255,13.4293,13.5914,33314753.0
2018-09-05,13.5445,13.6724,13.4549,13.6596,35382046.0
2018-09-06,13.7066,13.7833,13.6511,13.7279,33955436.0
2018-09-07,13.7194,13.8175,13.6895,13.7023,34103327.0
2018-09-10,13.7706,13.9455,13.7364,13.8175,34780156.0
2018-09-11,13.8559,13.9924,13.8516,13.9369,34892431.0
2018-09-12,14.0094,14.355,14.0094,14.2569,65719388.0
2018-09-13,14.2654,14.3721,14.1161,14.3678,45818079.0
2018-09-14,14.3379,14.355,14.2057,14.3337,43936675.0
2018-09-17,14.3337,14.4232,14.2611,14.3422,33820653.0
2018-09-18,14.3166,14.4702,14.2398,14.3849,44568356.0
2018-09-19,14.4744,14.4872,14.1844,14.2355,41038704.0
2018-09-20,14.2867,14.3038,14.1417,14.2654,32803159.0
2018-09-21,14.5256,14.6067,14.4105,14.4105,172328000.0
2018-09-24,14.611,14.6238,14.3977,14.4659,48180625.0
2018-09-25,14.4105,14.5854,14.3721,14.4019,40622306.0
2018-09-26,14.4318,14.4659,14.2227,14.227,43533782.0
2018-09-27,14.2611,14.4062,14.1929,14.2569,32880878.0
2018-09-28,14.2526,14.3678,14.2099,14.3251,29197113.0
2018-10-01,14.3593,14.3977,14.2441,14.2867,29813567.0
2018-10-02,14.3038,14.4744,14.2825,14.4702,39724502.0
2018-10-03,14.5384,14.5555,14.4062,14.4702,35349608.0
2018-10-04,14.4318,14.564,14.3038,14.5555,36434097.0
2018-10-05,14.5854,14.6323,14.4446,14.5,37956167.0
2018-10-08,14.5086,14.5811,14.4105,14.5512,37166931.0
2018-10-09,14.6565,14.6609,14.5738,14.5738,36894716.0
2018-10-10,14.6304,14.787,14.2867,14.2911,60268612.0
2018-10-11,14.2824,14.3824,13.7734,13.8125,84334960.0
2018-10-12,14.0039,14.0779,13.856,14.03,57132718.0
2018-10-15,14.0387,14.2128,14.0126,14.0779,44013202.0
2018-10-16,14.0823,14.1258,13.9865,14.091,37136479.0
2018-10-17,14.0997,14.2345,14.0431,14.1693,39605606.0
2018-10-18,14.1693,14.2911,14.0257,14.1388,40679900.0
2018-10-19,14.1171,14.3346,14.0561,14.2998,46516092.0
2018-10-22,14.3172,14.3389,14.178,14.2128,30573676.0
2018-10-23,14.2258,14.4781,13.943,14.365,70738937.0
2018-10-24,13.8038,13.8343,13.1643,13.2078,157361240.0
2018-10-25,13.334,13.3601,12.9468,13.0425,101822750.0
2018-10-26,13.0034,13.0208,12.5509,12.6553,102825150.0
2018-10-29,12.8728,13.1904,12.7423,12.8946,65233480.0
2018-10-30,12.9859,13.3079,12.9729,13.2557,65072879.0
2018-10-31,13.3514,13.4775,13.1034,13.347,59387755.0
2018-11-01,13.4819,13.508,13.2165,13.2644,46842988.0
2018-11-02,13.3253,13.4471,13.2035,13.2774,44376640.0
2018-11-05,13.3253,13.4253,13.2992,13.3253,36206766.0
2018-11-06,13.3296,13.4732,13.2731,13.4688,32187234.0
2018-11-07,13.4819,13.5428,13.3514,13.5298,40827261.0
2018-11-08,13.5211,13.5559,13.434,13.5037,39121022.0
2018-11-09,13.4775,13.521,13.2426,13.3514,52952983.0
2018-11-12,13.3557,13.5863,13.334,13.3905,34338337.0
2018-11-13,13.421,13.4427,13.173,13.1948,33948684.0
2018-11-14,13.2905,13.3644,13.0991,13.2731,41432594.0
2018-11-15,13.2035,13.2122,13.0077,13.1034,51526638.0
2018-11-16,13.0817,13.2339,13.0295,13.1774,38302658.0
2018-11-19,13.1991,13.3557,13.1426,13.2035,37015995.0
2018-11-20,13.0382,13.1295,12.7902,12.7989,54806053.0
2018-11-21,12.8337,13.0643,12.7945,12.9511,40125806.0
2018-11-23,12.9468,12.9468,12.7684,12.7728,17742924.0
2018-11-26,12.8989,13.1165,12.8946,13.0295,47387946.0
2018-11-27,12.9816,13.2644,12.9294,13.2426,42574147.0
2018-11-28,13.2426,13.4297,13.2035,13.3731,45639472.0
2018-11-29,13.2122,13.3601,13.1382,13.2992,40881545.0
2018-11-30,13.3601,13.6733,13.347,13.5907,106538705.0
2018-12-03,13.8082,13.8778,13.6211,13.7951,57899712.0
2018-12-04,13.8038,13.9256,13.3427,13.3688,59356641.0
2018-12-06,13.26,13.2948,12.9859,13.2818,68847073.0
2018-12-07,13.1469,13.434,13.0556,13.1121,49616370.0
2018-12-10,13.086,13.0904,12.6901,13.0121,54352980.0
2018-12-11,13.2426,13.3427,12.8728,12.9207,65621809.0
2018-12-12,13.0991,13.1774,13.0208,13.1208,54156499.0
2018-12-13,13.0904,13.1339,12.8554,13.0121,65005487.0
2018-12-14,12.9773,13.2252,12.9207,13.1469,56589614.0
2018-12-17,13.1078,13.1556,12.8772,12.9903,58284731.0
2018-12-18,12.8902,13.0599,12.8772,12.9425,58914160.0
2018-12-19,13.0164,13.1817,12.8815,12.9729,68079550.0
2018-12-20,12.9816,12.9903,12.2638,12.4639,101572381.0
2018-12-21,12.329,12.7206,12.242,12.316,105470767.0
2018-12-24,12.2725,12.3073,11.9027,11.9027,54429772.0
2018-12-26,11.9636,12.2246,11.6591,12.2159,75985949.0
2018-12-27,12.0985,12.2507,11.82,12.2464,77548269.0
2018-12-28,12.2638,12.5292,12.2551,12.3812,66978909.0
2018-12-31,12.4291,12.4596,12.2203,12.416,69988626.0
2019-01-02,12.3986,12.8728,12.3116,12.8511,52025256.0
2019-01-03,12.8424,12.9686,12.7075,12.8685,49787166.0
2019-01-04,13.0338,13.2165,13.0034,13.1991,55703858.0
2019-01-07,13.3688,13.6037,13.2339,13.4384,54377872.0
2019-01-08,13.6211,13.6516,13.4993,13.6081,57683105.0
2019-01-09,13.7304,13.7304,13.3258,13.3836,58660217.0
2019-01-10,13.3614,13.5526,13.2591,13.517,42388654.0
2019-01-11,13.517,13.7616,13.477,13.726,38308086.0
2019-01-14,13.6504,13.686,13.5126,13.6148,32395897.0
2019-01-15,13.5704,13.6059,13.4414,13.6059,35397670.0
2019-01-16,13.5748,13.6726,13.4948,13.5882,32430586.0
2019-01-17,13.5837,13.6726,13.5215,13.6237,34777508.0
2019-01-18,13.7038,13.7971,13.5704,13.766,57261808.0
2019-01-22,13.7482,13.7794,13.5259,13.597,49859854.0
2019-01-23,13.6593,13.7393,13.6015,13.7349,36879490.0
2019-01-24,13.686,13.686,13.4592,13.6059,32297391.0
2019-01-25,13.6415,13.8016,13.6237,13.6326,40353402.0
2019-01-28,13.6148,13.6415,13.5304,13.6371,41081866.0
2019-01-29,13.6148,13.6504,13.5392,13.6504,41497735.0
2019-01-30,13.3214,13.517,12.899,13.059,123070434.0
2019-01-31,13.1168,13.3792,12.9612,13.3658,69082348.0
2019-02-01,13.4325,13.4992,13.2947,13.3392,54384889.0
2019-02-04,13.3525,13.3525,13.1435,13.1658,51681413.0
2019-02-05,13.1924,13.2102,13.0991,13.1746,38762616.0
2019-02-06,13.2058,13.2458,13.1257,13.1435,30356937.0
2019-02-07,13.1346,13.1435,12.859,13.0946,50163315.0
2019-02-08,13.0724,13.1435,12.939,13.1391,32148838.0
2019-02-11,13.1524,13.268,13.0991,13.2102,38471865.0
2019-02-12,13.2725,13.3525,13.2191,13.2547,39705568.0
2019-02-13,13.2547,13.2858,13.1168,13.268,39773092.0
2019-02-14,13.2058,13.3436,13.1391,13.2458,34220369.0
2019-02-15,13.3525,13.5704,13.308,13.5481,49237839.0
2019-02-19,13.5437,13.6415,13.477,13.6193,32719218.0
2019-02-20,13.6237,13.7571,13.5437,13.7171,32767808.0
2019-02-21,13.7215,13.8105,13.6193,13.7082,35192450.0
2019-02-22,13.7616,13.8683,13.7038,13.8505,30924933.0
2019-02-25,13.895,13.9127,13.7927,13.8416,32325063.0
2019-02-26,13.846,13.975,13.766,13.8816,39276195.0
2019-02-27,13.8861,13.9038,13.686,13.8105,34886738.0
2019-02-28,13.8105,13.9038,13.7705,13.8372,37371224.0
2019-03-01,13.8727,13.8905,13.6237,13.7038,40505000.0
2019-03-04,13.7616,13.7616,13.1924,13.3303,65515095.0
2019-03-05,13.3481,13.3614,13.2502,13.3169,34463455.0
2019-03-06,13.3392,13.4014,13.2369,13.2547,32544317.0
2019-03-07,13.2769,13.3703,13.2502,13.3036,32869756.0
2019-03-08,13.2725,13.3658,13.2236,13.3214,29797812.0
2019-03-11,13.3303,13.477,13.3169,13.437,34448494.0
2019-03-12,13.4503,13.7393,13.437,13.6193,43009610.0
2019-03-13,13.6282,13.6593,13.4325,13.4637,36677713.0
2019-03-14,13.4637,13.557,13.4325,13.4637,29249014.0
2019-03-15,13.5659,13.6415,13.4726,13.6371,70650758.0
2019-03-18,13.6415,13.7127,13.6015,13.6949,30882432.0
2019-03-19,13.726,13.806,13.5882,13.6415,38039182.0
2019-03-20,13.6015,13.6771,13.517,13.5659,32656328.0
2019-03-21,13.5392,13.8505,13.5392,13.8105,34878529.0
2019-03-22,13.7838,13.935,13.7838,13.8149,43918934.0
2019-03-25,13.8283,13.8505,13.6282,13.6815,33938489.0
2019-03-26,13.7705,13.9705,13.7571,13.9572,32179688.0
2019-03-27,13.9216,14.0684,13.895,13.9617,35408526.0
2019-03-28,13.9705,14.0061,13.726,13.7882,35743234.0
2019-03-29,13.8549,13.9572,13.7705,13.9439,41847006.0
2019-04-01,14.0506,14.224,14.0239,14.2062,50012511.0
2019-04-02,14.1884,14.2062,14.0284,14.0639,42296239.0
2019-04-03,14.1395,14.2107,14.0684,14.1706,38104720.0
2019-04-04,14.2062,14.2862,14.1929,14.2195,37352688.0
2019-04-05,14.2596,14.3885,14.1929,14.3841,52865599.0
2019-04-08,14.4285,14.4596,14.3129,14.4018,49321648.0
2019-04-09,14.4633,14.4814,14.3225,14.4179,35455396.0
2019-04-10,14.4179,14.5495,14.4133,14.4769,26990932.0
2019-04-11,14.495,14.6449,14.4769,14.6222,33008512.0
2019-04-12,14.6676,14.6767,14.5132,14.6222,34451936.0
2019-04-15,14.6267,14.6449,14.5041,14.5405,25769939.0
2019-04-16,14.5859,14.6449,14.5041,14.6449,28733316.0
2019-04-17,14.5677,14.6222,14.5087,14.5087,29610995.0
2019-04-18,14.5087,14.5768,14.4633,14.545,30872370.0
2019-04-22,14.5405,14.6131,14.495,14.5677,29444568.0
2019-04-23,14.5586,14.6585,14.4769,14.5768,41937700.0
2019-04-24,14.1091,14.3452,13.8593,13.9819,95658073.0
2019-04-25,13.9138,13.9183,13.6459,13.7776,58284201.0
2019-04-26,13.8366,14.0591,13.7503,13.932,46593943.0
2019-04-29,14.0364,14.218,13.9955,14.0228,42053815.0
2019-04-30,14.05,14.1408,13.9683,14.0591,46341721.0
2019-05-01,14.1,14.1726,13.9774,13.9819,35810228.0
2019-05-02,14.0591,14.0818,13.8911,13.9047,39338026.0
2019-05-03,13.9229,13.9819,13.882,13.941,37370694.0
2019-05-06,13.8321,13.9138,13.7957,13.8911,33340968.0
2019-05-07,13.8593,13.8911,13.7503,13.8638,34121069.0
2019-05-08,13.8003,13.8502,13.7004,13.7594,33120125.0
2019-05-09,13.7458,13.8275,13.6822,13.7957,35851802.0
2019-05-10,13.7367,13.9501,13.6958,13.9047,29145609.0
2019-05-13,13.7821,13.9183,13.7776,13.8366,36692409.0
2019-05-14,13.941,14.2498,13.9047,14.1181,49683365.0
2019-05-15,14.0954,14.2135,14.0273,14.1908,31685041.0
2019-05-16,14.2362,14.4769,14.2362,14.3588,31292608.0
2019-05-17,14.2635,14.5314,14.2498,14.4406,40897698.0
2019-05-20,14.6585,15.0218,14.5132,14.6177,70774685.0
2019-05-21,14.6404,14.822,14.5722,14.7176,30867074.0
2019-05-22,14.6404,14.7357,14.5859,14.6585,26465171.0
2019-05-23,14.6131,14.6767,14.4996,14.5949,32657122.0
2019-05-24,14.6767,14.6903,14.5768,14.654,21391471.0
2019-05-28,14.6812,14.7221,14.4905,14.4996,32468584.0
2019-05-29,14.4905,14.6267,14.3906,14.4905,35680344.0
2019-05-30,14.5132,14.5632,14.3679,14.4678,32077342.0
2019-05-31,14.1045,14.1499,13.7957,13.8865,65422282.0
2019-06-03,13.9501,14.2362,13.932,14.1181,48092446.0
2019-06-04,14.2544,14.3043,14.0682,14.2952,41391153.0
2019-06-05,14.3588,14.3997,14.268,14.3861,27050379.0
2019-06-06,14.4406,14.6086,14.3951,14.5768,32321091.0
2019-06-07,14.6086,14.8493,14.595,14.7539,42087842.0
2019-06-10,14.8447,14.9855,14.4678,14.4996,40947745.0
2019-06-11,14.5586,14.7312,14.545,14.5813,25967082.0
2019-06-12,14.5813,14.6721,14.545,14.6131,25530560.0
2019-06-13,14.6313,14.6812,14.5859,14.6631,22340382.0
2019-06-14,14.6858,14.7312,14.6131,14.6903,26279414.0
2019-06-17,14.6449,14.7085,14.6086,14.6676,22262001.0
2019-06-18,14.7312,14.8492,14.713,14.7312,27187148.0
2019-06-19,14.7766,14.7993,14.6767,14.7176,28081510.0
2019-06-20,14.7948,14.8038,14.6721,14.7766,35835384.0
2019-06-21,14.8447,14.8492,14.7221,14.7357,51925426.0
2019-06-24,14.7539,14.8447,14.7403,14.7948,28790910.0
2019-06-25,14.8038,14.8038,14.7357,14.7811,25460123.0
2019-06-26,14.7993,14.8901,14.7675,14.7721,37020232.0
2019-06-27,14.8765,14.9991,14.7857,14.9764,37316013.0
2019-06-28,15.0036,15.2352,14.9491,15.2171,53981201.0
2019-07-01,15.3533,15.3942,15.1671,15.1807,42843978.0
2019-07-02,15.1989,15.3806,15.1535,15.3669,35260636.0
2019-07-03,15.4214,15.4578,15.3806,15.4305,26660726.0
2019-07-05,15.4305,15.6076,15.4123,15.5758,32447268.0
2019-07-08,15.4986,15.6031,15.4714,15.5531,42167017.0
2019-07-09,15.5602,15.5926,15.4722,15.537,41013548.0
2019-07-10,15.6297,15.676,15.5741,15.6389,33566180.0
2019-07-11,15.7455,15.7594,15.4073,15.5,38215804.0
2019-07-12,15.5324,15.5926,15.4675,15.588,30785251.0
2019-07-15,15.5926,15.6297,15.5509,15.6158,26817752.0
2019-07-16,15.6019,15.6204,15.5231,15.5555,23658953.0
2019-07-17,15.5463,15.5555,15.4027,15.4073,24888817.0
2019-07-18,15.3749,15.3795,15.2127,15.3286,42533500.0
2019-07-19,15.3934,15.4119,15.1803,15.1896,42575603.0
2019-07-22,15.171,15.171,14.856,14.8838,47022787.0
2019-07-23,14.8931,14.8977,14.6013,14.8653,60340506.0
2019-07-24,14.907,15.4675,14.907,15.398,63928943.0
2019-07-25,15.5555,15.7455,15.4953,15.6621,51661421.0
2019-07-26,15.6297,15.8566,15.5602,15.8196,45213673.0
2019-07-29,15.7825,15.9586,15.7223,15.9076,40963368.0
2019-07-30,15.9539,16.0466,15.7872,15.8335,44919083.0
2019-07-31,15.7733,15.9725,15.6991,15.7733,53799151.0
2019-08-01,15.9725,16.028,15.7594,15.8057,54361984.0
2019-08-02,15.6575,15.9076,15.537,15.8289,48294621.0
2019-08-05,15.6111,15.7223,15.3749,15.5138,49077502.0
2019-08-06,15.5231,15.7362,15.4212,15.7316,41916119.0
2019-08-07,15.5648,15.8242,15.4536,15.7779,50243814.0
2019-08-08,15.8659,16.0002,15.7825,16.0002,37732014.0
2019-08-09,15.9493,16.0234,15.8196,16.0002,30275643.0
2019-08-12,15.9678,16.0188,15.8752,15.9724,31324781.0
2019-08-13,15.9215,16.1948,15.9215,16.1485,41333294.0
2019-08-14,16.028,16.0419,15.7594,15.7918,45830657.0
2019-08-15,15.8613,15.9632,15.7316,15.9076,32262702.0
2019-08-16,15.9725,16.2133,15.94,16.1994,41180372.0
2019-08-19,16.218,16.4172,16.2087,16.3894,34603667.0
2019-08-20,16.3477,16.3523,16.167,16.2041,28856448.0
2019-08-21,16.3014,16.3291,16.1994,16.2875,29013606.0
2019-08-22,16.3245,16.445,16.2504,16.394,28412643.0
2019-08-23,16.3523,16.4172,16.0466,16.13,44827992.0
2019-08-26,16.1994,16.2782,16.079,16.1809,30713225.0
2019-08-27,16.218,16.2319,16.0419,16.0836,42475509.0
2019-08-28,16.0605,16.2041,15.9956,16.1948,32261114.0
2019-08-29,16.2643,16.3662,16.2365,16.2828,30840594.0
2019-08-30,16.2967,16.3755,16.2458,16.3338,28610448.0
2019-09-03,16.2504,16.394,16.1763,16.3894,27196284.0
2019-09-04,16.4589,16.5932,16.4172,16.5469,27455656.0
2019-09-05,16.6303,16.6673,16.5608,16.6256,28784687.0
2019-09-06,16.6534,16.848,16.6349,16.7924,38748316.0
2019-09-09,17.5197,17.6679,17.0055,17.0425,156054584.0
2019-09-10,17.2371,17.4733,17.1259,17.4085,63577950.0
2019-09-11,17.5706,17.9505,17.4687,17.9459,72914534.0
2019-09-12,17.7744,17.8254,17.478,17.7791,56491108.0
2019-09-13,17.6077,17.7652,17.4826,17.5614,51934430.0
2019-09-16,17.4641,17.5243,17.1908,17.2834,65127428.0
2019-09-17,17.1583,17.2556,17.0425,17.2139,46375748.0
2019-09-18,17.0286,17.1306,16.9036,17.0286,49625374.0
2019-09-19,17.1537,17.2417,17.0472,17.2093,35751178.0
2019-09-20,17.2788,17.6077,17.2232,17.5614,102573987.0
2019-09-23,17.427,17.5336,17.3622,17.4178,28592972.0
2019-09-24,17.5058,17.5336,17.2973,17.3158,36647790.0
2019-09-25,17.2927,17.3992,17.251,17.3158,29563331.0
2019-09-26,17.3251,17.3529,17.2232,17.3158,25490045.0
2019-09-27,17.4224,17.478,17.2232,17.339,32070987.0
2019-09-30,17.4131,17.566,17.3853,17.5289,37524676.0
2019-10-01,17.5799,17.5845,17.3112,17.3297,30502974.0
2019-10-02,17.302,17.302,17.1028,17.1769,34764268.0
2019-10-03,17.1398,17.2325,16.9823,17.2278,26973322.0
2019-10-04,17.2417,17.3807,17.2,17.3761,29014268.0
2019-10-07,17.4085,17.5428,17.3807,17.4456,27852194.0
2019-10-08,17.4548,17.4687,17.3158,17.3622,37298007.0
2019-10-09,17.5533,17.5581,17.4024,17.4779,32517572.0
2019-10-10,17.4543,17.7137,17.4401,17.6524,30928905.0
2019-10-11,17.7326,17.8317,17.676,17.7279,36655734.0
2019-10-14,17.7279,17.7798,17.6005,17.676,27506894.0
2019-10-15,17.6665,17.959,17.6524,17.8788,30063141.0
2019-10-16,17.8411,17.926,17.7845,17.8269,29173148.0
2019-10-17,17.86,17.86,17.742,17.8364,24521672.0
2019-10-18,17.8364,18.176,17.8269,18.1477,49864620.0
2019-10-21,18.1241,18.2185,18.0156,18.0345,35278112.0
2019-10-22,17.8411,18.0958,17.7373,18.0062,26683631.0
2019-10-23,17.9307,17.9921,17.7515,17.8034,32027692.0
2019-10-24,17.7798,17.8175,17.2373,17.3694,53057976.0
2019-10-25,17.426,17.5345,17.3222,17.4118,44063779.0
2019-10-28,18.0675,18.3317,17.9119,18.1572,82403244.0
2019-10-29,18.1572,18.1572,17.9166,17.9543,35364040.0
2019-10-30,18.11,18.3364,17.9779,18.0204,45040891.0
2019-10-31,18.0251,18.1572,17.8694,18.1572,52278140.0
2019-11-01,18.3742,18.4072,18.2751,18.3742,46648095.0
2019-11-04,18.4449,18.6336,18.3317,18.3459,47480891.0
2019-11-05,18.3081,18.544,18.2987,18.4779,39343322.0
2019-11-06,18.5157,18.5298,18.393,18.5157,29127073.0
2019-11-07,18.5346,18.6714,18.5157,18.5959,33818138.0
2019-11-08,18.5581,18.6006,18.4402,18.577,24672872.0
2019-11-11,18.5204,18.577,18.4921,18.5723,17987334.0
2019-11-12,18.5629,18.6242,18.4308,18.4779,21912332.0
2019-11-13,18.4874,18.544,18.4213,18.4732,21974296.0
2019-11-14,18.3836,18.4355,18.2515,18.3742,36368956.0
2019-11-15,18.4591,18.6383,18.426,18.6336,41675283.0
2019-11-18,18.5393,18.728,18.4968,18.6949,34383883.0
2019-11-19,18.36,18.3836,17.6288,17.926,85473203.0
2019-11-20,17.4967,17.742,17.1712,17.5392,92496494.0
2019-11-21,17.4684,17.7845,17.4684,17.7373,41518654.0
2019-11-22,17.8081,17.893,17.7798,17.8081,26317280.0
2019-11-25,17.8788,17.8788,17.5392,17.5769,42985116.0
2019-11-26,17.5864,17.6618,17.3458,17.643,71535058.0
2019-11-27,17.6618,17.8411,17.643,17.7656,22600018.0
2019-11-29,17.8034,17.9071,17.6241,17.6335,24060390.0
2019-12-02,17.6807,17.6807,17.5628,17.6052,32951182.0
2019-12-03,17.5486,17.7137,17.4118,17.7137,32927880.0
2019-12-04,17.7326,18.0958,17.6949,17.9732,50625656.0
2019-12-05,17.9826,18.0958,17.9307,18.0156,28815933.0
2019-12-06,18.0628,18.1996,17.9921,18.0204,29930476.0
2019-12-09,17.9826,18.1289,17.9402,17.9449,27278637.0
2019-12-10,17.959,18.0534,17.8411,17.9543,28833410.0
2019-12-11,17.9354,18.0439,17.926,18.0062,24529351.0
2019-12-12,18.0204,18.1949,18.0204,18.0911,31237662.0
2019-12-13,18.0251,18.0581,17.9024,18.0487,32957538.0
2019-12-16,18.1005,18.2326,18.1005,18.2043,31833064.0
2019-12-17,18.2091,18.2562,18.1383,18.1619,45994833.0
2019-12-18,18.2091,18.3647,18.2043,18.2751,37645954.0
2019-12-19,18.2987,18.3647,18.2374,18.3647,33199697.0
2019-12-20,18.4968,18.5204,18.3459,18.4685,64039497.0
2019-12-23,18.5157,18.6006,18.4166,18.4308,38581095.0
2019-12-24,18.4449,18.4544,18.3506,18.3789,11515093.0
2019-12-26,18.393,18.4921,18.3836,18.4732,26239032.0
2019-12-27,18.511,18.5676,18.4921,18.511,20430247.0
2019-12-30,18.5251,18.5298,18.3883,18.4166,23389652.0
2019-12-31,18.4025,18.4496,18.3317,18.4355,26766646.0
2020-01-02,18.4732,18.5015,18.2609,18.3317,43165445.0
2020-01-03,18.1996,18.4921,18.1949,18.4261,36296666.0
2020-01-06,18.393,18.4685,18.3128,18.4449,51229797.0
2020-01-07,18.4355,18.5393,18.3883,18.5157,37337462.0
2020-01-08,18.5534,18.6572,18.5345,18.5723,53645832.0
2020-01-09,18.6868,18.7252,18.5091,18.6292,52228887.0
2020-01-10,18.634,18.7012,18.5187,18.5187,39350339.0
2020-01-13,18.5043,18.5091,18.2547,18.2931,43780576.0
2020-01-14,18.2739,18.3363,18.2211,18.2883,35129295.0
2020-01-15,18.2307,18.2595,18.1442,18.1826,34526213.0
2020-01-16,18.2403,18.3075,18.1346,18.2595,36172077.0
2020-01-17,18.2691,18.4563,18.2355,18.4275,44477926.0
2020-01-21,18.4131,18.5523,18.3315,18.4947,57931090.0
2020-01-22,18.5716,18.7924,18.5524,18.7444,47842475.0
2020-01-23,18.706,18.7204,18.5091,18.5475,38406592.0
2020-01-24,18.5331,18.6196,18.3555,18.4851,45632057.0
2020-01-27,18.2547,18.5187,18.2499,18.3651,46633398.0
2020-01-28,18.3987,18.6292,18.3747,18.5235,40842487.0
2020-01-29,18.4851,18.5139,17.7793,17.7889,76732420.0
2020-01-30,17.5105,17.981,17.4384,17.9714,67100717.0
2020-01-31,17.9186,18.1298,17.885,18.0626,54495840.0
2020-02-03,18.2259,18.2307,17.6689,17.7457,53993382.0
2020-02-04,17.8033,18.1202,17.7361,18.0674,42313451.0
2020-02-05,18.1154,18.2211,18.0146,18.1538,32620050.0
2020-02-06,18.1778,18.4755,18.1778,18.4563,34705482.0
2020-02-07,18.4611,18.5908,18.4179,18.4611,33363079.0
2020-02-10,18.4467,18.5043,18.2931,18.4083,24552653.0
2020-02-11,18.4803,18.6388,18.1971,18.3267,42338872.0
2020-02-12,18.3363,18.4035,18.2547,18.2643,41453646.0
2020-02-13,18.1875,18.4515,18.173,18.3939,32606942.0
2020-02-14,18.3795,18.4707,18.2979,18.3651,36262904.0
2020-02-18,18.3315,18.3987,18.2643,18.3699,32138644.0
2020-02-19,18.3603,18.5572,18.3219,18.4563,29923989.0
2020-02-20,18.4371,18.5668,18.3939,18.5379,35981156.0
2020-02-21,18.4947,18.5716,18.4227,18.5091,37691897.0
2020-02-24,18.2403,18.4899,18.2355,18.2691,46190256.0
2020-02-25,18.2979,18.3795,17.8898,17.933,64725329.0
2020-02-26,17.8562,18.1394,17.7265,17.8129,53306756.0
2020-02-27,17.5633,17.7217,16.9775,17.1552,87815227.0
2020-02-28,16.3245,17.1504,15.8492,16.9103,160070673.0
2020-03-02,16.9823,17.9666,16.9439,17.8514,90605027.0
2020-03-03,17.8898,18.2259,17.2224,17.4288,84481792.0
2020-03-04,17.7745,18.3507,17.6305,18.3315,55701210.0
2020-03-05,17.957,18.2067,17.7505,17.8514,59974684.0
2020-03-06,17.6257,17.885,17.3712,17.7793,64721224.0
2020-03-09,16.8095,17.3568,16.507,16.6558,89990559.0
2020-03-10,17.0495,17.232,16.4398,17.2128,75018634.0
2020-03-11,16.7326,16.8383,16.4014,16.5742,59972036.0
2020-03-12,15.297,16.0509,14.9129,15.0426,111500925.0
2020-03-13,15.806,16.6174,15.297,16.5502,85647971.0
2020-03-16,14.8841,16.2717,14.8457,15.273,77820218.0
2020-03-17,15.4219,16.3533,15.3691,16.1997,78966008.0
2020-03-18,15.3643,15.8012,14.524,15.7724,100669546.0
2020-03-19,15.057,15.5995,14.6441,14.9562,80521973.0
2020-03-20,14.6249,14.6441,13.5302,13.6598,154553565.0
2020-03-23,13.1509,13.3045,12.5219,12.8532,128274548.0
2020-03-24,13.4437,13.5878,12.8868,13.4869,101022392.0
2020-03-25,13.4821,14.3704,13.1412,13.6358,90068675.0
2020-03-26,13.7702,14.8649,13.7702,14.6921,84786312.0
2020-03-27,14.2552,14.7977,14.0295,14.3272,61415064.0
2020-03-30,14.356,14.6009,14.1543,14.5144,55117988.0
2020-03-31,14.4232,14.4664,13.9479,13.9959,92432942.0
2020-04-01,13.6262,13.7222,13.2997,13.4677,72351304.0
2020-04-02,13.4437,13.8614,13.4437,13.8086,44775562.0
2020-04-03,13.6982,13.799,13.0836,13.1845,70758797.0
2020-04-06,13.6358,14.2504,13.5926,14.1351,70836648.0
2020-04-07,14.6153,14.8697,14.4376,14.4424,71847522.0
2020-04-08,14.7168,14.7414,14.2992,14.6873,54010329.0
2020-04-09,14.7414,15.2033,14.7365,15.1001,66599583.0
2020-04-13,14.9871,15.0952,14.6923,14.8348,45209039.0
2020-04-14,15.0805,15.3114,14.9134,15.2967,42290546.0
2020-04-15,15.051,15.2131,14.7218,14.7856,49706800.0
2020-04-16,14.879,14.879,14.5989,14.82,43074884.0
2020-04-17,15.1591,15.3556,15.0854,15.3458,45884809.0
2020-04-20,15.1591,15.4392,15.0854,15.223,40492157.0
2020-04-21,14.992,14.9969,14.5645,14.6775,57214144.0
2020-04-22,15.1836,15.1836,14.4023,14.481,67184129.0
2020-04-23,14.4662,14.766,14.4122,14.4957,45031226.0
2020-04-24,14.5399,14.7168,14.3237,14.5989,47061315.0
2020-04-27,14.7365,15.0755,14.6137,15.0068,44116607.0
2020-04-28,15.2328,15.2917,15.0461,15.0608,40944435.0
2020-04-29,15.2967,15.6603,15.2672,15.4441,43903972.0
2020-04-30,15.2328,15.2574,14.879,14.9724,53955516.0
2020-05-01,15.1198,15.1296,14.6186,14.6923,48791121.0
2020-05-04,14.6186,14.6186,14.3581,14.5449,46557268.0
2020-05-05,14.6136,14.8299,14.6038,14.6136,32604956.0
2020-05-06,14.653,14.6775,14.1468,14.1468,59704721.0
2020-05-07,14.3336,14.3483,14.1665,14.196,42122133.0
2020-05-08,14.3925,14.6677,14.3532,14.6382,31824326.0
2020-05-11,14.5694,14.5694,14.3237,14.4367,38691782.0
2020-05-12,14.5006,14.5793,14.196,14.196,46632472.0
2020-05-13,14.1517,14.2107,13.7586,13.8029,65226860.0
2020-05-14,13.7488,14.0535,13.567,14.0436,52730948.0
2020-05-15,13.8962,13.9847,13.793,13.911,42699397.0
2020-05-18,14.2451,14.5891,14.2156,14.4711,46244540.0
2020-05-19,14.4761,14.5055,14.2009,14.2304,46628367.0
2020-05-20,14.3827,14.653,14.2549,14.5399,50178408.0
2020-05-21,14.6382,14.7709,14.5105,14.6284,51200272.0
2020-05-22,14.6333,14.6972,14.4613,14.6824,35269109.0
2020-05-26,15.0559,15.2918,15.0215,15.1443,54791357.0
2020-05-27,15.5964,15.7143,15.4932,15.6505,57514957.0
2020-05-28,15.7389,15.7586,15.218,15.2623,52532745.0
2020-05-29,15.0117,15.2131,14.9036,15.164,57900771.0
2020-06-01,15.1099,15.3507,15.0362,15.1984,33027445.0
2020-06-02,15.2574,15.2819,15.0903,15.2279,37650588.0
2020-06-03,15.3802,15.5571,15.3704,15.4834,36888361.0
2020-06-04,15.4244,15.6259,15.3704,15.6259,40729947.0
2020-06-05,15.9895,16.2155,15.8372,16.1025,61816766.0
2020-06-08,16.2155,16.3335,16.0632,16.3286,45385793.0
2020-06-09,16.1222,16.1468,15.8962,16.0288,42645378.0
2020-06-10,16.0043,16.0288,15.7733,15.793,36133549.0
2020-06-11,15.3311,15.39,14.8004,14.8249,66021525.0
2020-06-12,15.2426,15.2721,14.7463,14.9871,48034323.0
2020-06-15,14.7365,15.0608,14.5055,14.9871,53309006.0
2020-06-16,15.4392,15.4637,14.9183,15.1247,55119444.0
2020-06-17,15.1247,15.1443,14.8446,14.8692,41680314.0
2020-06-18,14.7709,14.9429,14.7168,14.9134,37554730.0
2020-06-19,15.0805,15.1099,14.7316,14.8937,99288878.0
2020-06-22,14.8299,14.8888,14.7414,14.7955,39136646.0
2020-06-23,14.8888,15.0755,14.8397,14.8642,51520812.0
2020-06-24,14.7561,14.7611,14.3286,14.4564,86849104.0
2020-06-25,14.4908,14.648,14.3532,14.6038,48420401.0
2020-06-26,14.5252,14.5252,14.2107,14.2893,101387551.0
2020-06-29,14.4122,14.707,14.3925,14.6972,49695678.0
2020-06-30,14.7463,14.9085,14.5989,14.8544,57979814.0
2020-07-01,14.8053,14.9773,14.6677,14.6923,41007987.0
2020-07-02,14.7955,14.9871,14.7512,14.7807,49947900.0
2020-07-06,15.0067,15.0362,14.8593,14.9822,44639852.0
2020-07-07,14.8888,14.9625,14.8544,14.8986,36422181.0
2020-07-08,14.9674,15.0117,14.8151,14.9674,51547292.0
2020-07-09,15.0169,15.022,14.7756,14.851,52120187.0
2020-07-10,14.8309,15.1979,14.8058,15.1477,48846464.0
2020-07-13,15.1627,15.1678,14.9013,14.9616,54274864.0
2020-07-14,14.9415,15.1326,14.846,15.0622,40519034.0
2020-07-15,15.1175,15.1477,15.0069,15.0873,40985612.0
2020-07-16,15.0672,15.3337,15.0421,15.2784,43674920.0
2020-07-17,15.3236,15.3488,15.1728,15.208,30634712.0
2020-07-20,15.1728,15.1728,14.9818,15.0069,42896938.0
2020-07-21,15.027,15.2935,15.0119,15.208,45341572.0
2020-07-22,15.1627,15.218,15.0572,15.1627,40393519.0
2020-07-23,15.1577,15.1577,14.851,15.032,68190502.0
2020-07-24,14.9818,15.1879,14.8108,14.8661,51274813.0
2020-07-27,14.8309,14.836,14.6851,14.7254,44346850.0
2020-07-28,14.7103,15.027,14.6801,14.9265,49871240.0
2020-07-29,14.9164,14.9164,14.7354,14.8611,40350092.0
2020-07-30,14.8159,14.9466,14.7605,14.8661,35281820.0
2020-07-31,14.836,14.8913,14.7153,14.8712,51205965.0
2020-08-03,15.0572,15.0723,14.7857,14.8913,51608461.0
2020-08-04,14.8812,15.1627,14.8611,15.0873,45074786.0
2020-08-05,15.1577,15.1879,14.9767,15.0069,30387521.0
2020-08-06,14.9365,15.1276,14.9214,15.0019,29007119.0
2020-08-07,14.9516,15.1125,14.8712,15.0924,40278860.0
2020-08-10,15.1074,15.1829,15.0773,15.1829,47021066.0
2020-08-11,15.2884,15.4694,15.1326,15.1829,41026656.0
2020-08-12,15.2633,15.3387,15.1376,15.1728,28046160.0
2020-08-13,15.0823,15.1477,15.0019,15.0371,32958464.0
2020-08-14,14.9968,15.1577,14.9616,15.0873,29853155.0
2020-08-17,15.1225,15.1225,14.9818,15.0069,33125686.0
2020-08-18,15.0119,15.0471,14.9667,14.9767,29013606.0
2020-08-19,14.9868,15.027,14.9214,14.9466,32808588.0
2020-08-20,14.8561,15.022,14.8309,14.9164,30355348.0
2020-08-21,14.9466,14.9767,14.846,14.9265,32945886.0
2020-08-24,14.9365,15.1074,14.9114,15.0974,34932813.0
2020-08-25,15.1275,15.1527,14.9968,15.032,27839880.0
2020-08-26,14.9968,15.1426,14.9315,15.0773,36860557.0
2020-08-27,15.0873,15.1678,14.9918,15.032,39206950.0
2020-08-28,15.0521,15.1225,14.9868,15.1024,35535366.0
2020-08-31,15.1577,15.1627,14.9818,14.9868,54923492.0
2020-09-01,14.9516,14.9566,14.7404,14.8159,61591818.0
2020-09-02,14.7656,15.0019,14.7404,14.9315,46510531.0
2020-09-03,14.9717,15.1728,14.7907,14.8762,58690669.0
2020-09-04,14.8963,15.0169,14.7103,14.7907,59361805.0
2020-09-08,14.8309,14.8812,14.5896,14.836,61477424.0
2020-09-09,14.8963,14.9315,14.7656,14.7656,39217145.0
2020-09-10,14.7706,14.7706,14.5293,14.5343,62779578.0
2020-09-11,14.5595,14.6449,14.479,14.5796,39282550.0
2020-09-14,14.6298,14.7304,14.5796,14.6499,38028987.0
2020-09-15,14.6751,14.7505,14.6097,14.6399,34307091.0
2020-09-16,14.6449,14.851,14.6399,14.7002,40870556.0
2020-09-17,14.655,14.7002,14.5544,14.6148,41904600.0
2020-09-18,14.5997,14.6902,14.5343,14.5444,60721023.0
2020-09-21,14.479,14.4891,14.2075,14.3936,60207576.0
2020-09-22,14.3433,14.5444,14.288,14.3332,37268482.0
2020-09-23,14.3533,14.4237,13.9964,14.0115,57973723.0
2020-09-24,14.0115,14.2075,13.9511,14.0969,43760980.0
2020-09-25,14.0316,14.1321,13.9511,14.0969,47569731.0
2020-09-28,14.2377,14.4036,14.1975,14.2679,40415232.0
2020-09-29,14.2578,14.2829,14.1422,14.2276,33695138.0
2020-09-30,14.2679,14.4137,14.2226,14.3332,51752777.0
2020-10-01,14.3382,14.3986,14.2478,14.3232,37920022.0
2020-10-02,14.2126,14.5243,14.1824,14.4187,37996284.0
2020-10-05,14.3232,14.4539,14.2578,14.4137,44305806.0
2020-10-06,14.4539,14.66,14.4086,14.4338,51851282.0
2020-10-07,14.5393,14.5695,14.4237,14.479,54847362.0
2020-10-08,14.5864,14.7461,14.5452,14.7358,42511786.0
2020-10-09,14.7461,14.777,14.54,14.5864,43291755.0
2020-10-12,14.5761,14.5761,14.4267,14.4885,67800584.0
2020-10-13,14.4267,14.4885,14.2568,14.2928,71511756.0
2020-10-14,14.2722,14.3958,14.1537,14.1589,64131912.0
2020-10-15,14.0662,14.1383,13.9632,14.1383,42483188.0
2020-10-16,14.1537,14.2001,14.0713,14.0765,38827756.0
2020-10-19,14.1331,14.1486,13.8138,13.8447,69017472.0
2020-10-20,13.9014,13.9683,13.7314,13.7829,55064895.0
2020-10-21,13.7881,13.8653,13.6696,13.7623,63219941.0
2020-10-22,14.334,14.6791,14.2671,14.5658,118508460.0
2020-10-23,14.6018,14.6327,14.2928,14.3289,56442782.0
2020-10-26,14.231,14.2413,13.9529,14.1022,54978438.0
2020-10-27,14.0301,14.0456,13.855,13.8653,46561108.0
2020-10-28,13.752,13.8447,13.6232,13.649,64808211.0
2020-10-29,13.649,13.9323,13.5717,13.7829,58489289.0
2020-10-30,13.7726,13.9271,13.7469,13.9168,64109669.0
2020-11-02,14.1125,14.2156,13.9117,14.0816,63620980.0
2020-11-03,14.1692,14.3186,14.1125,14.1434,44069208.0
2020-11-04,14.0147,14.1383,13.8344,13.9271,60219095.0
2020-11-05,14.0044,14.3443,13.9992,14.1692,46498086.0
2020-11-06,14.1589,14.2722,14.1022,14.1331,34735537.0
2020-11-09,14.5452,14.8285,14.4988,14.5761,93572376.0
2020-11-10,14.7049,14.9212,14.674,14.8594,58510208.0
2020-11-11,14.9212,14.9366,14.6431,14.7976,52587691.0
2020-11-12,14.6791,14.7203,14.5194,14.6482,40346649.0
2020-11-13,14.7152,14.9315,14.6637,14.8903,36370545.0
2020-11-16,14.9933,15.0551,14.8851,14.9212,66132476.0
2020-11-17,14.8233,15.0036,14.7718,14.9521,37833830.0
2020-11-18,14.9624,15.0242,14.7358,14.7409,39135984.0
2020-11-19,14.6843,14.6843,14.4782,14.5658,54788444.0
2020-11-20,14.5349,14.6379,14.504,14.5864,37358778.0
2020-11-23,14.6224,14.7821,14.6018,14.7409,36832091.0
2020-11-24,14.9006,15.1633,14.8903,15.0551,58266592.0
2020-11-25,15.0808,15.086,14.8851,14.9315,32423701.0
2020-11-27,14.9727,15.0345,14.8748,14.9521,20720335.0
2020-11-30,14.8697,14.9469,14.7821,14.8079,57382822.0
2020-12-01,14.8439,15.0087,14.8079,14.8697,55682012.0
2020-12-02,14.8439,15.0396,14.8285,14.983,39041053.0
2020-12-03,14.9521,15.0602,14.8851,15.0551,46284260.0
2020-12-04,15.1272,15.3281,15.0963,15.2148,49948562.0
2020-12-07,15.3384,15.3384,15.2045,15.2663,45853562.0
2020-12-08,15.189,15.9307,15.1736,15.8689,97456992.0
2020-12-09,15.9667,16.4251,15.9513,16.2037,93587470.0
2020-12-10,16.0028,16.0234,15.6989,15.8071,62270236.0
2020-12-11,15.6732,16.0131,15.6526,15.9719,41708913.0
2020-12-14,16.0852,16.1058,15.6577,15.735,56451785.0
2020-12-15,15.7813,15.8122,15.5959,15.7504,44250331.0
2020-12-16,15.7247,15.7556,15.5753,15.6011,45926250.0
2020-12-17,15.4723,15.5135,15.2148,15.256,81662996.0
2020-12-18,15.2045,15.2869,15.0705,15.1427,98528240.0
2020-12-21,14.9263,15.0448,14.8079,14.9418,63319903.0
2020-12-22,14.9366,14.9418,14.5864,14.6276,84593405.0
2020-12-23,14.6791,14.9006,14.6791,14.8079,52034656.0
2020-12-24,14.7976,14.813,14.6791,14.777,25358704.0
2020-12-28,14.9006,14.916,14.6791,14.7049,55104218.0
2020-12-29,14.777,14.8748,14.6843,14.6997,48481570.0
2020-12-30,14.6997,14.7718,14.6431,14.674,45476487.0
2020-12-31,14.6533,14.8336,14.6224,14.813,51135925.0
2021-01-04,15.1375,15.189,14.9469,15.1633,86700816.0
2021-01-05,15.1942,15.3229,15.0345,15.0705,83054520.0
2021-01-06,15.1478,15.4517,15.1272,15.3641,73455520.0
2021-01-07,15.462,15.498,15.2869,15.4053,71265359.0
2021-01-08,15.3624,15.3993,15.1568,15.2991,72471656.0
2021-01-11,15.1515,15.2991,15.1198,15.22,40833484.0
2021-01-12,15.22,15.22,15.0302,15.1568,57515222.0
2021-01-13,15.1778,15.1831,15.0091,15.0829,51383116.0
2021-01-14,15.104,15.6945,15.0408,15.4414,84548919.0
2021-01-15,15.2622,15.4414,15.1937,15.3782,53824704.0
2021-01-19,15.4362,15.4889,15.2358,15.2622,53971536.0
2021-01-20,15.2885,15.2938,15.1515,15.2675,43086270.0
2021-01-21,15.2411,15.3307,15.1673,15.1989,37102320.0
2021-01-22,15.1884,15.3149,15.0619,15.2516,45975370.0
2021-01-25,15.162,15.3834,15.0197,15.3465,68733209.0
2021-01-26,15.3413,15.7314,15.3255,15.6839,66887024.0
2021-01-27,15.3096,15.9212,15.2675,15.3624,97381127.0
2021-01-28,15.3044,15.6681,15.1726,15.1831,69698670.0
2021-01-29,15.1726,15.3096,15.0619,15.0935,66272688.0
2021-02-01,15.2569,15.278,14.9353,15.104,56774709.0
2021-02-02,15.1726,15.1937,14.9617,15.046,56673026.0
2021-02-03,15.0302,15.1304,14.9986,15.0302,53468813.0
2021-02-04,15.0355,15.2306,15.0091,15.2306,42001782.0
2021-02-05,15.278,15.3255,15.2147,15.2516,36503739.0
2021-02-08,15.2727,15.2833,15.0882,15.1673,42459356.0
2021-02-09,15.1093,15.1726,15.0566,15.0882,43411312.0
2021-02-10,15.0988,15.1093,15.0144,15.0513,55965612.0
2021-02-11,15.0302,15.1304,15.0039,15.1251,44673216.0
2021-02-12,15.0777,15.2042,15.0724,15.1831,38015880.0
2021-02-16,15.1831,15.3834,15.1462,15.2727,51239727.0
2021-02-17,15.1937,15.6787,15.1831,15.589,67769867.0
2021-02-18,15.5785,15.5996,15.3993,15.4098,35751575.0
2021-02-19,15.4414,15.4625,15.278,15.2886,39326772.0
2021-02-22,15.2833,15.589,15.278,15.4572,46173044.0
2021-02-23,15.6312,15.7156,15.3465,15.3834,62175305.0
2021-02-24,15.4467,15.5996,15.394,15.4889,45852636.0
2021-02-25,15.3729,15.4256,15.0724,15.0935,77501929.0
2021-02-26,15.1198,15.1778,14.7034,14.7034,102619798.0
2021-03-01,14.8457,14.9986,14.7719,14.8088,58790102.0
2021-03-02,14.8035,15.0039,14.8035,14.8773,47299370.0
2021-03-03,14.8563,15.2516,14.8563,15.1409,75820581.0
2021-03-04,15.1673,15.4573,15.104,15.2464,80437237.0
2021-03-05,15.2938,15.6787,15.278,15.6154,77737336.0
2021-03-08,15.5732,16.0213,15.51,15.8105,74116593.0
2021-03-09,15.763,15.8895,15.6101,15.626,63488580.0
2021-03-10,15.7841,15.9001,15.589,15.8105,57977033.0
2021-03-11,15.7683,15.8157,15.5521,15.5732,48327854.0
2021-03-12,15.763,16.2744,15.6681,15.7156,92827229.0
2021-03-15,15.8263,15.8526,15.647,15.7788,56121050.0
2021-03-16,15.6839,15.8368,15.6523,15.8105,50311735.0
2021-03-17,15.879,15.937,15.7156,15.8948,52881354.0
2021-03-18,15.8526,16.0793,15.8105,15.821,41438817.0
2021-03-19,15.821,15.8474,15.6154,15.6892,97559734.0
2021-03-22,15.6998,15.821,15.5943,15.8105,41525936.0
2021-03-23,15.7894,15.9581,15.7156,15.8157,48880756.0
2021-03-24,15.8052,15.9686,15.7999,15.8105,44403518.0
2021-03-25,15.8157,15.9159,15.7156,15.8579,49001902.0
2021-03-26,15.9634,16.1321,15.8579,15.9792,83378238.0
2021-03-29,16.0266,16.1584,15.9317,16.111,49355145.0
2021-03-30,16.1373,16.2059,16.0266,16.2006,46516092.0
2021-03-31,16.1584,16.1584,15.9212,15.9581,59981040.0
2021-04-01,15.9423,16.0688,15.8316,16.0635,42999548.0
2021-04-05,16.1426,16.2586,16.1321,16.1901,50996905.0
2021-04-06,16.19,16.3324,16.1795,16.3324,44574314.0
2021-04-07,16.3482,16.422,16.2375,16.306,53821262.0
2021-04-08,16.3376,16.3591,16.1381,16.1758,66037678.0
2021-04-09,16.2028,16.2782,16.1273,16.1974,44111311.0
2021-04-12,16.1812,16.2621,16.1219,16.1542,32913051.0
2021-04-13,16.1003,16.1003,15.9116,15.9763,54794270.0
2021-04-14,15.9601,16.068,15.7984,16.0302,41425180.0
2021-04-15,16.0572,16.0895,16.0033,16.041,35073819.0
2021-04-16,16.1273,16.192,16.0895,16.1488,39935944.0
2021-04-19,16.1758,16.2189,16.0734,16.1704,39439974.0
2021-04-20,16.1596,16.1866,16.0949,16.1165,35799239.0
2021-04-21,16.1542,16.3052,16.1273,16.2351,45489198.0
2021-04-22,16.8768,17.1949,16.7959,16.9091,143684584.0
2021-04-23,16.9738,17.0978,16.9307,16.9307,53428961.0
2021-04-26,16.9199,16.9199,16.6557,16.6665,60190761.0
2021-04-27,16.6287,16.6503,16.5155,16.591,44211273.0
2021-04-28,16.6988,16.7959,16.6611,16.6934,37193014.0
2021-04-29,16.7851,17.0008,16.7743,16.8983,50944740.0
2021-04-30,16.9091,16.9468,16.742,16.9361,41484362.0
2021-05-03,17.1356,17.1733,16.9684,16.9846,49589228.0
2021-05-04,17.0385,17.2973,17.0116,17.265,68700639.0
2021-05-05,17.2596,17.3512,17.1517,17.2704,41937965.0
2021-05-06,17.2758,17.4806,17.0978,17.4753,38556072.0
2021-05-07,17.362,17.4483,17.2865,17.3405,38330065.0
2021-05-10,17.4321,17.7395,17.3944,17.5939,54262286.0
2021-05-11,17.5184,17.6154,17.2973,17.3944,44221335.0
2021-05-12,17.3351,17.4159,17.2164,17.238,41682300.0
2021-05-13,17.1625,17.4429,17.0709,17.3674,35838562.0
2021-05-14,17.4321,17.5507,17.3728,17.3836,28044703.0
2021-05-17,18.0684,18.2679,16.8444,16.9145,227010260.0
2021-05-18,16.1111,16.1758,15.5773,15.9332,327097378.0
2021-05-19,15.6636,15.7337,15.4587,15.615,162369932.0
2021-05-20,15.642,16.014,15.5881,15.9817,108488825.0
2021-05-21,16.1812,16.3052,16.1003,16.1812,98754380.0
2021-05-24,16.2028,16.2621,16.0302,16.041,63020282.0
2021-05-25,16.0194,16.041,15.7606,15.917,77290883.0
2021-05-26,15.9062,15.9817,15.8415,15.9332,43765747.0
2021-05-27,15.9871,16.1219,15.9439,16.0194,62823932.0
2021-05-28,16.0194,16.0194,15.8361,15.8685,54191320.0
2021-06-01,15.8846,15.9224,15.7552,15.8092,52162290.0
2021-06-02,15.7984,15.9817,15.7175,15.9655,53003692.0
2021-06-03,15.8846,15.944,15.7391,15.7606,60788150.0
2021-06-04,15.766,15.8199,15.7391,15.7822,45228105.0
2021-06-07,15.7984,15.8145,15.642,15.6797,43812219.0
2021-06-08,15.6528,15.6582,15.491,15.6258,81796720.0
2021-06-09,15.6097,15.7337,15.5719,15.642,38698004.0
2021-06-10,15.642,15.793,15.6366,15.7337,46019327.0
2021-06-11,15.7552,15.8253,15.7067,15.8092,41163954.0
2021-06-14,15.7606,15.7876,15.615,15.6851,36006312.0
2021-06-15,15.669,15.7984,15.6582,15.7876,34705350.0
2021-06-16,15.7876,15.8199,15.6312,15.669,40251454.0
2021-06-17,15.6582,15.7175,15.4802,15.4964,47283350.0
2021-06-18,15.4371,15.5126,15.3185,15.4479,86995009.0
2021-06-21,15.4856,15.6096,15.4587,15.5989,44495668.0
2021-06-22,15.6043,15.6366,15.5126,15.518,41524215.0
2021-06-23,15.5288,15.5935,15.4425,15.4479,31479689.0
2021-06-24,15.4802,15.5503,15.4263,15.5234,47503266.0
2021-06-25,15.4749,15.6096,15.4533,15.5773,37039297.0
2021-06-28,15.5881,15.5881,15.5018,15.518,35873515.0
2021-06-29,15.5288,15.6582,15.4479,15.4533,42715947.0
2021-06-30,15.4533,15.5611,15.4479,15.518,43623814.0
2021-07-01,15.5773,15.7552,15.5611,15.6959,34947642.0
2021-07-02,15.6959,15.8253,15.6905,15.7606,37964376.0
2021-07-06,15.7876,15.8145,15.6097,15.6474,53233538.0
2021-07-07,15.6528,15.6743,15.5611,15.5989,44484282.0
2021-07-08,15.6146,15.6698,15.5152,15.5649,52985421.0
2021-07-09,15.6035,15.7637,15.598,15.714,45214865.0
2021-07-12,15.6533,15.7858,15.5925,15.7306,35588988.0
2021-07-13,15.7306,15.8079,15.587,15.6146,38431218.0
2021-07-14,15.6091,15.6643,15.5538,15.6091,42322852.0
2021-07-15,15.598,15.7416,15.5815,15.703,36102832.0
2021-07-16,15.7416,15.8134,15.6312,15.6533,34673177.0
2021-07-19,15.5262,15.5759,15.1893,15.3495,76367393.0
2021-07-20,15.3053,15.5649,15.2721,15.4158,46026477.0
2021-07-21,15.5097,15.6312,15.3826,15.4102,40798133.0
2021-07-22,15.6091,15.6588,15.3219,15.471,48904588.0
2021-07-23,15.4489,15.5815,15.4323,15.5483,40029948.0
2021-07-26,15.5097,15.598,15.471,15.5649,48400144.0
2021-07-27,15.471,15.6864,15.3992,15.5759,45261337.0
2021-07-28,15.5483,15.6256,15.3881,15.471,42069835.0
2021-07-29,15.5704,15.714,15.5262,15.6256,42129018.0
2021-07-30,15.6698,15.6864,15.471,15.4931,49652913.0
2021-08-02,15.598,15.7692,15.482,15.5262,43086667.0
2021-08-03,15.5097,15.6036,15.4158,15.5704,37982515.0
2021-08-04,15.4876,15.5317,15.3605,15.3826,38980149.0
2021-08-05,15.3937,15.471,15.3881,15.4323,27837762.0
2021-08-06,15.4158,15.5152,15.4158,15.4434,30562686.0
2021-08-09,15.4489,15.4655,15.3605,15.3826,33359504.0
2021-08-10,15.366,15.5262,15.3384,15.5152,29472770.0
2021-08-11,15.5097,15.587,15.4765,15.5538,27142927.0
2021-08-12,15.5759,15.587,15.4378,15.4765,25167519.0
2021-08-13,15.4876,15.6091,15.4655,15.5704,29052135.0
2021-08-16,15.5428,15.6256,15.4544,15.5759,27148223.0
2021-08-17,15.5097,15.6146,15.471,15.5704,26361502.0
2021-08-18,15.4986,15.5483,15.355,15.3716,36599729.0
2021-08-19,15.355,15.3826,15.1893,15.2059,49881700.0
2021-08-20,15.2003,15.3771,15.1506,15.228,36754240.0
2021-08-23,15.2556,15.3108,15.1893,15.2003,37017584.0
2021-08-24,15.2059,15.2224,15.1175,15.1617,38782343.0
2021-08-25,15.1617,15.2003,15.1009,15.1506,29708309.0
2021-08-26,15.1341,15.1451,14.9187,14.9242,49257302.0
2021-08-27,14.9352,15.0236,14.8468,14.9849,42686157.0
2021-08-30,14.9794,15.0788,14.9407,15.0402,40268666.0
2021-08-31,15.0181,15.1893,14.9794,15.1451,52696392.0
2021-09-01,15.1562,15.1672,14.9905,15.0181,37546257.0
2021-09-02,15.0125,15.3937,15.0015,15.2666,80611740.0
2021-09-03,15.2666,15.3274,15.0899,15.2224,35800298.0
2021-09-07,15.1727,15.2169,15.1175,15.1451,34935329.0
2021-09-08,15.1672,15.3219,15.1672,15.2445,37976292.0
2021-09-09,15.228,15.2832,15.1396,15.1451,39806590.0
2021-09-10,15.1782,15.1838,15.0015,15.0125,38245594.0
2021-09-13,15.1009,15.3274,15.0954,15.2003,51168760.0
2021-09-14,15.2169,15.2501,15.0512,15.0954,38046729.0
2021-09-15,15.1064,15.2721,15.0844,15.228,44541081.0
2021-09-16,15.2224,15.3219,15.1562,15.2445,38041698.0
2021-09-17,15.1451,15.4323,15.1451,15.2059,89996517.0
2021-09-20,15.0899,15.1175,14.88,15.0291,64631457.0
2021-09-21,15.0844,15.1506,14.88,14.891,47120101.0
2021-09-22,14.9242,15.0291,14.9076,14.9187,41950675.0
2021-09-23,14.9463,15.0733,14.9242,15.0181,45047776.0
2021-09-24,14.996,15.123,14.9684,14.9849,32406489.0
2021-09-27,15.007,15.2722,15.0015,15.1341,42571764.0
2021-09-28,15.1562,15.3219,15.0181,15.0457,43597466.0
2021-09-29,15.0678,15.228,15.007,15.1341,41619543.0
2021-09-30,15.1782,15.1948,14.9187,14.9187,58751838.0
2021-10-01,14.9905,15.1341,14.9187,15.0015,41759490.0
2021-10-04,15.0457,15.1672,14.9628,15.0512,57892430.0
2021-10-05,15.0788,15.1782,15.007,15.1064,42649350.0
2021-10-06,15.0567,15.1009,14.8966,15.0844,73923686.0
2021-10-07,15.2988,15.4291,15.2818,15.3498,64402935.0
2021-10-08,15.3328,15.3668,15.1571,15.1685,51635868.0
2021-10-11,15.1232,15.1685,14.7492,14.7492,85460890.0
2021-10-12,14.7435,14.7492,14.3695,14.4092,101515979.0
2021-10-13,14.3242,14.4262,14.1712,14.3355,80546996.0
2021-10-14,14.3752,14.6245,14.3639,14.5169,75032669.0
2021-10-15,14.5565,14.6982,14.5339,14.5622,63061723.0
2021-10-18,14.4829,14.5339,14.3242,14.3525,59807596.0
2021-10-19,14.4262,14.5055,14.3185,14.4999,46242686.0
2021-10-20,14.5112,14.7832,14.4829,14.6812,63927222.0
2021-10-21,14.8002,14.8965,14.5055,14.5962,73916007.0
2021-10-22,14.5962,14.6189,14.4319,14.4432,49159193.0
2021-10-25,14.4092,14.5395,14.3469,14.5282,65704956.0
2021-10-26,14.5225,14.5622,14.3639,14.3752,48187774.0
2021-10-27,14.3865,14.4375,14.1882,14.1996,52952056.0
2021-10-28,14.2392,14.5282,14.2166,14.4772,70281362.0
2021-10-29,14.3752,14.4602,14.2506,14.3129,71775496.0
2021-11-01,14.4262,14.4942,14.3639,14.3752,53318010.0
2021-11-02,14.3922,14.4375,14.2392,14.2959,45810003.0
2021-11-03,14.2336,14.3525,14.2279,14.2676,48160500.0
2021-11-04,14.2392,14.3072,13.9049,14.0522,83532616.0
2021-11-05,14.0806,14.3412,14.0692,14.2222,58867158.0
2021-11-08,14.1996,14.2392,14.0126,14.0976,61161253.0
2021-11-09,14.0636,14.0806,13.9276,14.0012,60057567.0
2021-11-10,13.9899,14.2392,13.9729,14.1372,62271427.0
2021-11-11,14.1599,14.2222,14.0976,14.1202,40223517.0
2021-11-12,14.1372,14.2109,14.1146,14.1316,36217358.0
2021-11-15,14.1486,14.1939,14.0182,14.0522,53290206.0
2021-11-16,14.0466,14.1032,13.9559,13.9729,48162354.0
2021-11-17,13.9559,14.0069,13.9162,13.9729,42762155.0
2021-11-18,13.9559,13.9899,13.8199,13.8199,49734868.0
2021-11-19,13.7803,13.7916,13.5763,13.6726,66821750.0
2021-11-22,13.6556,14.0862,13.6386,13.9956,71414574.0
2021-11-23,13.9899,14.1599,13.9899,14.0296,58975991.0
2021-11-24,13.9786,14.0069,13.8426,13.8652,44597748.0
2021-11-26,13.6329,13.7803,13.6046,13.7236,38851588.0
2021-11-29,13.7406,13.7463,13.5139,13.5366,69449493.0
2021-11-30,13.395,13.4176,12.7773,12.936,184492383.0
2021-12-01,13.0323,13.1456,12.5904,12.596,106323952.0
2021-12-02,12.6243,13.1796,12.6243,13.0606,105952835.0
2021-12-03,13.0436,13.3326,12.9813,13.293,93399859.0
2021-12-06,13.3666,13.5649,13.1626,13.191,78265347.0
2021-12-07,13.2023,13.242,13.0153,13.0776,82646331.0
2021-12-08,13.0436,13.3553,13.021,13.1286,64794044.0
2021-12-09,13.0493,13.072,12.851,12.9983,68283976.0
2021-12-10,13.021,13.0606,12.8907,12.9417,52988731.0
2021-12-13,12.868,12.919,12.63,12.715,87574921.0
2021-12-14,12.6867,12.8793,12.6074,12.63,102318985.0
2021-12-15,12.6243,12.6923,12.477,12.562,93643342.0
2021-12-16,12.834,13.5366,12.834,13.4346,150436190.0
2021-12-17,13.4856,13.5083,13.191,13.4743,142867941.0
2021-12-20,13.6159,13.7633,13.4573,13.7066,102088344.0
2021-12-21,13.7803,14.0636,13.7123,13.8652,96523307.0
2021-12-22,13.8483,14.0749,13.7349,14.0409,67746697.0
2021-12-23,14.0806,14.1769,14.0579,14.0919,57348266.0
2021-12-27,14.0919,14.2166,13.9559,14.0409,67853676.0
2021-12-28,14.0182,14.2336,13.9899,14.0636,55695649.0
2021-12-29,14.0579,14.1202,13.9389,13.9616,44728560.0
2021-12-30,13.9786,14.1372,13.9729,14.0409,53706074.0
2021-12-31,14.0069,14.0692,13.9219,13.9389,59608069.0
2022-01-03,14.0409,14.4942,14.0409,14.4092,76970210.0
2022-01-04,14.5339,14.6642,14.4149,14.5282,72918108.0
2022-01-05,14.7322,15.1968,14.7322,14.8512,125367971.0
2022-01-06,15.1345,15.1798,14.6982,14.7945,93758133.0
2022-01-07,15.0788,15.4338,14.9973,15.2999,98164670.0
2022-01-10,15.3581,15.5036,15.2476,15.3989,77030717.0
2022-01-11,15.5094,15.556,15.2126,15.329,60054124.0
2022-01-12,15.2941,15.428,15.2185,15.3931,48477730.0
2022-01-13,15.4222,15.7539,15.3174,15.5967,65005487.0
2022-01-14,15.492,15.847,15.4047,15.8179,72617163.0
2022-01-18,15.8354,15.9867,15.6608,15.8935,80247772.0
2022-01-19,15.975,15.9925,15.5851,15.8761,67442309.0
2022-01-20,15.7888,15.9517,15.6899,15.7248,55659239.0
2022-01-21,15.62,15.7131,15.3931,15.4862,79715392.0
2022-01-24,15.2417,15.4687,15.009,15.329,102910548.0
2022-01-25,15.2243,15.4862,14.9566,15.4105,115467364.0
2022-01-26,15.7015,15.7015,14.0022,14.1127,188252808.0
2022-01-27,14.0022,14.2757,13.7112,14.0371,116707158.0
2022-01-28,14.008,14.6889,13.9323,14.6714,102063320.0
2022-01-31,14.5317,14.8635,14.3281,14.8402,129691758.0
2022-02-01,14.0778,14.3164,14.0371,14.2117,172591344.0
2022-02-02,14.0894,14.3746,14.008,14.2815,93834925.0
2022-02-03,14.2582,14.4968,14.2233,14.2931,63825671.0
2022-02-04,14.264,14.2815,13.9556,14.0138,69719192.0
2022-02-07,13.9905,14.0138,13.7577,13.9265,73169536.0
2022-02-08,13.8974,14.0371,13.8625,13.9323,42150732.0
2022-02-09,13.9731,14.2873,13.9556,14.2582,53029907.0
2022-02-10,14.2349,14.3455,14.0894,14.1127,58431827.0
2022-02-11,14.1244,14.2349,13.9731,14.0429,60084576.0
2022-02-14,13.9905,14.1244,13.8741,13.9963,57458290.0
2022-02-15,14.0662,14.2349,14.0312,14.1651,43586610.0
2022-02-16,14.0662,14.1651,13.8392,13.9323,60662502.0
2022-02-17,13.8683,13.9381,13.7344,13.8276,61712434.0
2022-02-18,13.7985,13.944,13.7053,13.8916,62595410.0
2022-02-22,13.8334,14.0254,13.717,13.8217,62168288.0
2022-02-23,13.8508,13.9265,13.6239,13.6821,50233222.0
2022-02-24,13.362,13.554,13.1816,13.5191,92965719.0
2022-02-25,13.6471,14.0312,13.6413,13.9149,59026965.0
2022-02-28,13.7286,13.8217,13.6239,13.7868,62788449.0
2022-03-01,13.7403,13.8276,13.4842,13.6937,57663378.0
2022-03-02,13.7112,13.9963,13.6937,13.8625,45624775.0
2022-03-03,13.9381,14.0254,13.781,13.9149,49218641.0
2022-03-04,13.7926,13.9032,13.6413,13.8916,48190952.0
2022-03-07,13.7752,13.8916,13.6646,13.717,50113532.0
2022-03-08,13.6821,13.7519,13.3853,13.3853,67277074.0
2022-03-09,13.554,13.6879,13.5017,13.5366,58010928.0
2022-03-10,13.5133,13.5133,13.3503,13.4958,53623059.0
2022-03-11,13.7344,13.7926,13.4726,13.4958,72142244.0
2022-03-14,13.5133,13.5249,13.2747,13.3213,65683375.0
2022-03-15,13.3736,13.5017,13.3329,13.4376,47089252.0
2022-03-16,13.4726,13.554,13.3678,13.4958,49791138.0
2022-03-17,13.4551,13.5424,13.3503,13.4958,41109008.0
2022-03-18,13.5017,13.589,13.3969,13.5133,89500414.0
2022-03-21,13.5133,13.6821,13.4376,13.4784,50990418.0
2022-03-22,13.5366,13.6704,13.49,13.5075,39631954.0
2022-03-23,13.5075,13.6471,13.4842,13.5075,38180320.0
2022-03-24,13.5249,13.589,13.4784,13.5773,37218434.0
2022-03-25,13.6181,13.8741,13.5773,13.8741,42137094.0
2022-03-28,13.9672,14.008,13.7985,13.8916,50968704.0
2022-03-29,13.9323,14.0022,13.8799,13.9614,43979838.0
2022-03-30,13.9963,14.0545,13.9207,14.0487,42385080.0
2022-03-31,13.9672,14.0487,13.7461,13.7519,69574611.0
2022-04-01,13.8043,13.9672,13.6122,13.9556,53381429.0
2022-04-04,13.8799,14.0836,13.717,14.072,47195569.0
2022-04-05,13.9498,14.0545,13.8799,13.9032,43936808.0
2022-04-06,13.8392,14.0487,13.7344,13.9847,49327209.0
2022-04-07,13.9149,13.9556,13.7344,13.8101,62815724.0
2022-04-08,13.7752,14.1069,13.6995,14.0487,73121078.0
2022-04-11,14.5552,15.2333,14.5244,15.1254,157485300.0
2022-04-12,15.2179,15.503,15.033,15.0715,104795900.0
2022-04-13,14.9449,15.2341,14.8745,15.1793,64100500.0
2022-04-14,15.1012,15.3122,15.0152,15.2731,52731100.0
2022-04-18,15.1872,15.2966,15.0777,15.2106,54812700.0
2022-04-19,15.2341,15.3513,15.1559,15.2341,57496000.0
2022-04-20,15.2575,15.3122,15.0856,15.1872,48751400.0
2022-04-21,15.3826,15.9063,15.3435,15.7968,81259800.0
2022-04-22,15.6718,15.6718,15.2419,15.2575,68483600.0
2022-04-25,15.4529,15.5467,14.937,15.2497,71861400.0
2022-04-26,15.2028,15.3591,15.0856,15.0856,50825900.0
2022-04-27,15.0308,15.1325,14.8432,14.9058,66767000.0
2022-04-28,15.0465,15.3122,14.9292,15.1793,67479400.0
2022-04-29,15.1324,15.1403,14.7025,14.7416,70195400.0
2022-05-02,14.8511,15.1559,14.7416,14.9449,67551600.0
2022-05-03,14.9918,15.3826,14.8823,15.109,62675300.0
2022-05-04,15.0699,15.6171,15.0152,15.5936,60771800.0
2022-05-05,15.4295,15.6249,15.3826,15.5936,55503900.0
2022-05-06,15.4764,15.7187,15.3669,15.6561,51506800.0
2022-05-09,15.6171,15.664,15.2184,15.281,51563300.0
2022-05-10,15.3669,15.5154,15.0387,15.1324,42465900.0
2022-05-11,15.2419,15.3669,15.0777,15.1872,50074200.0
2022-05-12,15.1637,15.4295,15.1559,15.4138,52687000.0
2022-05-13,15.4295,15.5233,15.2731,15.5076,34107300.0
2022-05-16,15.578,15.9297,15.3826,15.8516,40027000.0
2022-05-17,15.9454,16.1564,15.8203,16.0782,42938400.0
2022-05-18,16.0313,16.1251,15.7343,15.8125,43342800.0
2022-05-19,15.5702,15.8985,15.5624,15.7968,41588100.0
2022-05-20,15.7968,15.961,15.703,15.9453,47415800.0
2022-05-23,16.047,16.344,15.961,16.2111,46775100.0
2022-05-24,16.258,16.5941,16.1017,16.5394,49841200.0
2022-05-25,16.5081,16.7035,16.4612,16.6488,40179400.0
2022-05-26,16.7114,16.8286,16.6254,16.6645,28495500.0
2022-05-27,16.6566,16.7348,16.5316,16.641,34169600.0
2022-05-31,16.5628,16.7504,16.3909,16.641,61515300.0
2022-06-01,16.7583,16.7817,16.5081,16.5863,35928900.0
2022-06-02,16.6176,16.6176,16.3674,16.5628,27085200.0
2022-06-03,16.4612,16.5316,16.258,16.3362,27796900.0
2022-06-06,16.3518,16.4534,16.2815,16.3674,22002900.0
2022-06-07,16.3362,16.5628,16.2346,16.5238,24977700.0
2022-06-08,16.4847,16.5707,16.4065,16.4534,20732900.0
2022-06-09,16.43,16.5394,16.3127,16.3205,24934500.0
2022-06-10,16.1642,16.2971,16.1251,16.172,33572700.0
2022-06-13,15.9454,16.0157,15.3826,15.4451,56215900.0
2022-06-14,15.5389,15.6014,15.0856,15.2028,42638300.0
2022-06-15,15.32,15.406,14.9918,15.195,38941900.0
2022-06-16,15.0699,15.0777,14.5931,14.8198,67896400.0
2022-06-17,14.9605,15.1793,14.8511,15.1481,97645400.0
2022-06-21,15.3591,15.6718,15.2184,15.6014,49307700.0
2022-06-22,15.5155,16.0626,15.492,15.8828,46607400.0
2022-06-23,15.9688,16.2424,15.6952,16.1095,51713600.0
2022-06-24,16.1798,16.4612,16.0313,16.4065,47641700.0
2022-06-27,16.3753,16.4456,16.1564,16.2424,32339900.0
2022-06-28,16.3596,16.4612,16.1017,16.1095,26754000.0
2022-06-29,16.1564,16.43,16.0548,16.3752,26585700.0
2022-06-30,16.2502,16.5316,16.2189,16.3831,37655700.0
2022-07-01,16.3909,16.7192,16.3127,16.6566,32762500.0
2022-07-05,16.5159,16.5628,16.2424,16.5472,36960500.0
2022-07-06,16.5472,16.5941,16.3284,16.4847,27645000.0
2022-07-07,16.5472,16.6645,16.4378,16.5316,27015400.0
2022-07-08,16.5775,16.6805,16.4349,16.4745,22366300.0
2022-07-11,16.4033,16.5221,16.3399,16.3637,23326400.0
2022-07-12,16.3399,16.5221,16.1973,16.3161,26448000.0
2022-07-13,16.1973,16.3161,16.0231,16.1973,25213100.0
2022-07-14,15.9439,16.1181,15.8805,16.1023,26621000.0
2022-07-15,16.2686,16.3082,16.0072,16.2924,23838000.0
2022-07-18,16.3399,16.3874,16.2449,16.2607,22507400.0
2022-07-19,16.3161,16.5221,16.2607,16.4745,21813100.0
2022-07-20,16.4904,16.4983,16.1577,16.2211,34207200.0
2022-07-21,15.0805,15.1439,14.4469,14.9855,123409000.0
2022-07-22,14.7796,14.8033,14.4548,14.5736,72016300.0
2022-07-25,14.5578,14.7717,14.5182,14.6766,39493100.0
2022-07-26,14.5736,14.6132,14.3994,14.4944,38885000.0
2022-07-27,14.534,14.6449,14.439,14.5657,36607400.0
2022-07-28,14.4944,14.8667,14.4865,14.7162,41940100.0
2022-07-29,14.6608,14.9301,14.637,14.8746,40819800.0
2022-08-01,14.9301,14.9459,14.74,14.835,37087800.0
2022-08-02,14.8271,14.8429,14.5103,14.542,43625200.0
2022-08-03,14.5895,14.6608,14.5024,14.5499,35524300.0
2022-08-04,14.5024,14.5578,14.4311,14.4707,28287800.0
2022-08-05,14.4707,14.542,14.3281,14.534,32726400.0
2022-08-08,14.542,14.5816,14.2568,14.2568,44042500.0
2022-08-09,14.2885,14.4311,14.2885,14.336,33257500.0
2022-08-10,14.4311,14.4548,14.2489,14.2647,50229500.0
2022-08-11,14.3043,14.3915,14.2647,14.2885,40798900.0
2022-08-12,14.336,14.4707,14.3281,14.4707,25822300.0
2022-08-15,14.4073,14.6212,14.4073,14.5657,28845400.0
2022-08-16,14.5499,14.8113,14.5499,14.7083,34241000.0
2022-08-17,14.5895,14.74,14.5103,14.5895,23772300.0
2022-08-18,14.4628,14.6766,14.3994,14.5974,33817400.0
2022-08-19,14.5578,14.6608,14.5103,14.5974,27161400.0
2022-08-22,14.5024,14.5182,14.3123,14.3598,32057100.0
2022-08-23,14.3439,14.4073,14.2727,14.3043,27298200.0
2022-08-24,14.3123,14.3123,14.1459,14.2647,30647700.0
2022-08-25,14.2964,14.336,14.2093,14.3281,25198600.0
2022-08-26,14.2727,14.3281,14.138,14.1697,30590700.0
2022-08-29,14.1063,14.1935,14.0271,14.0826,25465400.0
2022-08-30,14.1063,14.1776,14.0588,14.1143,32481900.0
2022-08-31,14.1143,14.1459,13.8687,13.8925,46669900.0
2022-09-01,13.8529,13.9954,13.7895,13.8608,30623200.0
2022-09-02,13.9162,13.9479,13.5915,13.6153,36489600.0
2022-09-06,13.6232,13.6469,13.2905,13.2984,57232600.0
2022-09-07,13.2747,13.5757,13.2113,13.3618,55566600.0
2022-09-08,13.3539,13.4093,13.2272,13.2826,49770900.0
2022-09-09,13.4014,13.5202,13.3539,13.4885,55081300.0
2022-09-12,13.5202,13.7816,13.4885,13.7658,43425000.0
2022-09-13,13.6073,13.7182,13.2905,13.3301,42274600.0
2022-09-14,13.3776,13.4014,13.2272,13.2826,41000300.0
2022-09-15,13.3301,13.4014,13.1717,13.2747,38637300.0
2022-09-16,13.2034,13.3143,13.1084,13.2588,69825900.0
2022-09-19,13.1717,13.3539,13.1321,13.2747,33805300.0
2022-09-20,13.1876,13.1876,13.0371,13.1163,36187500.0
2022-09-21,13.1321,13.1955,12.8707,12.8707,38815600.0
2022-09-22,12.8787,12.9737,12.7836,12.8628,37800400.0
2022-09-23,12.7519,12.7757,12.5539,12.6807,46225600.0
2022-09-26,12.6014,12.6569,12.3401,12.4114,46841200.0
2022-09-27,12.5222,12.6965,12.4114,12.4589,41183400.0
2022-09-28,12.4985,12.6094,12.443,12.5381,42670800.0
2022-09-29,12.4114,12.4747,12.2054,12.3005,51308300.0
2022-09-30,12.3005,12.4193,12.15,12.15,63932700.0
2022-10-03,12.4589,12.8153,12.4034,12.5935,59540500.0
2022-10-04,12.6648,12.7915,12.5856,12.744,46876200.0
2022-10-05,12.649,12.7836,12.4826,12.6173,38250100.0
2022-10-06,12.6076,12.7447,12.3416,12.3497,52923900.0
2022-10-07,12.2771,12.2852,12.0111,12.0433,53446900.0
2022-10-10,12.0917,12.1965,11.8982,12.0111,43852600.0
2022-10-11,11.9708,12.0191,11.8337,11.9385,49661500.0
2022-10-12,11.8982,12.0433,11.7854,11.7934,46719600.0
2022-10-13,11.6806,12.2126,11.6564,12.1884,60354500.0
2022-10-14,12.2449,12.3094,12.0675,12.0836,47185600.0
2022-10-17,12.2046,12.4141,12.1562,12.3416,44240700.0
2022-10-18,12.5431,12.656,12.4545,12.5754,49420200.0
2022-10-19,12.4625,12.7043,12.4141,12.527,47349100.0
2022-10-20,13.0671,13.8329,12.9945,13.4943,117495700.0
2022-10-21,13.5669,14.0264,13.5185,13.7845,81050700.0
2022-10-24,14.0506,14.3891,14.0183,14.115,69196500.0
2022-10-25,14.1312,14.4214,14.107,14.2601,58235100.0
2022-10-26,14.3891,14.7035,14.3166,14.6229,65157700.0
2022-10-27,14.7922,14.7922,14.502,14.5342,53975500.0
2022-10-28,14.7358,14.9856,14.6954,14.897,55833900.0
2022-10-31,14.7922,14.8244,14.6148,14.6954,47573900.0
2022-11-01,14.9695,14.9776,14.7035,14.7922,48025700.0
2022-11-02,14.7277,15.1549,14.7277,14.8567,49201100.0
2022-11-03,14.6471,14.7761,14.5665,14.6471,41249400.0
2022-11-04,14.7841,14.8405,14.5826,14.768,39458700.0
2022-11-07,14.7841,14.8325,14.631,14.8002,39985200.0
2022-11-08,14.8164,15.0985,14.7519,14.9695,43210400.0
2022-11-09,14.897,15.0904,14.8164,14.8164,41838400.0
2022-11-10,15.1791,15.292,14.9776,15.1872,46482700.0
2022-11-11,15.1711,15.4209,15.1388,15.3565,52519500.0
2022-11-14,15.3806,15.6064,15.3484,15.3645,37316500.0
2022-11-15,15.4129,15.6305,15.163,15.3323,49339300.0
2022-11-16,15.3162,15.3565,15.1388,15.2597,32155400.0
2022-11-17,15.0824,15.3081,14.9292,15.2758,36007800.0
2022-11-18,15.3484,15.4129,15.2517,15.292,34211300.0
2022-11-21,15.3,15.3806,15.1227,15.1872,31911400.0
2022-11-22,15.2355,15.3484,15.2275,15.3162,33771000.0
2022-11-23,15.2597,15.4048,15.2275,15.3887,21486000.0
2022-11-25,15.4532,15.5499,15.3726,15.4129,13782700.0
2022-11-28,15.3968,15.4371,15.1307,15.171,27780200.0
2022-11-29,15.1469,15.3403,15.1146,15.3242,24088000.0
2022-11-30,15.2678,15.5419,15.1549,15.5419,59293400.0
2022-12-01,15.5499,15.6386,15.3887,15.4693,31615500.0
2022-12-02,15.3565,15.3645,15.2033,15.3323,33479600.0
2022-12-05,15.2517,15.3,15.0663,15.1146,28698000.0
2022-12-06,15.2275,15.4613,15.163,15.4532,45858100.0
2022-12-07,15.3565,15.6547,15.3162,15.558,45381000.0
2022-12-08,15.6628,15.7353,15.3323,15.4129,45761100.0
2022-12-09,15.3726,15.5983,15.3403,15.3887,29815600.0
2022-12-12,15.429,15.566,15.3726,15.558,31333500.0
2022-12-13,15.6467,15.7192,15.3726,15.4129,54142100.0
2022-12-14,15.3565,15.3968,15.1227,15.2355,44027700.0
2022-12-15,15.026,15.163,14.8002,14.8889,47277400.0
2022-12-16,14.8002,14.9212,14.6874,14.905,76412500.0
2022-12-19,14.7277,14.768,14.2198,14.3972,62216900.0
2022-12-20,14.3891,14.5826,14.373,14.5665,40922700.0
2022-12-21,14.6551,14.7277,14.5665,14.631,42316200.0
2022-12-22,14.5181,14.7358,14.4456,14.7277,32615000.0
2022-12-23,14.6471,14.768,14.5907,14.7599,25164100.0
2022-12-27,14.7116,14.9292,14.6874,14.8809,30382500.0
2022-12-28,14.8728,14.9534,14.6632,14.6874,26632300.0
2022-12-29,14.7277,14.9534,14.7035,14.8728,23765900.0
2022-12-30,14.8486,14.897,14.6874,14.8405,26204200.0
2023-01-03,14.9212,15.1952,14.8406,15.1066,42149200.0
2023-01-04,15.2114,15.6144,15.163,15.429,43926800.0
2023-01-05,15.429,15.5741,15.2839,15.4854,31081800.0
2023-01-06,15.5983,15.953,15.5902,15.7434,36050300.0
2023-01-09,15.7336,15.7336,15.521,15.57,51981100.0
2023-01-10,15.8235,15.9298,15.7009,15.9217,32869500.0
2023-01-11,15.9217,15.938,15.7418,15.8726,30010200.0
2023-01-12,15.9298,16.0034,15.8399,15.8726,31740400.0
2023-01-13,15.8562,16.0198,15.7745,15.9871,25480000.0
2023-01-17,15.9871,16.0034,15.7581,15.8072,38801000.0
2023-01-18,15.7745,15.8072,15.5128,15.5537,38023700.0
2023-01-19,15.4801,15.5537,15.3656,15.4883,40180800.0
2023-01-20,15.5046,15.7254,15.3492,15.7254,37836600.0
2023-01-23,15.7254,15.8644,15.521,15.6191,32890800.0
2023-01-24,15.5128,17.6062,15.292,15.6682,32858500.0
2023-01-25,16.1506,16.7476,16.1425,16.6985,73582100.0
2023-01-26,16.5759,16.6168,16.1997,16.3551,47400900.0
2023-01-27,16.3142,16.4368,16.1997,16.3142,37094000.0
2023-01-30,16.2897,16.5677,16.2651,16.4859,37246000.0
2023-01-31,16.4859,16.6658,16.4123,16.6576,36575900.0
2023-02-01,16.7394,16.764,16.4123,16.5023,40172500.0
2023-02-02,16.4368,16.7558,16.3878,16.584,34968800.0
2023-02-03,16.535,16.5677,16.167,16.2161,31599900.0
2023-02-06,16.1506,16.1588,15.938,16.0116,30929800.0
2023-02-07,15.938,15.9789,15.6109,15.7418,36534400.0
2023-02-08,15.6109,15.7172,15.5537,15.6682,29805200.0
2023-02-09,15.7091,15.7418,15.4474,15.5128,28320900.0
2023-02-10,15.5619,15.6273,15.3983,15.5946,24931200.0
2023-02-13,15.5455,15.799,15.5291,15.7499,21668700.0
2023-02-14,15.7826,15.8235,15.5619,15.66,23195200.0
2023-02-15,15.5455,15.7581,15.5291,15.7418,31145400.0
2023-02-16,15.57,15.8808,15.4801,15.7499,35161100.0
2023-02-17,15.7499,15.9544,15.6436,15.8971,29997500.0
2023-02-21,15.7172,15.8317,15.6436,15.709,28220300.0
2023-02-22,15.7172,15.889,15.7172,15.8481,25308800.0
2023-02-23,15.8808,16.0116,15.7499,15.8235,24845800.0
2023-02-24,15.7499,15.7581,15.521,15.7336,29138100.0
2023-02-27,15.7826,15.8154,15.5455,15.5619,22981100.0
2023-02-28,15.5537,15.5619,15.4065,15.4637,34154800.0
2023-03-01,15.3983,15.4228,15.1775,15.2593,23339900.0
2023-03-02,15.153,15.3329,15.1284,15.2593,24184800.0
2023-03-03,15.292,15.4147,15.2675,15.3819,23501500.0
2023-03-06,15.4147,15.5046,15.3492,15.3492,24072100.0
2023-03-07,15.3738,15.4801,15.2102,15.3002,27944000.0
2023-03-08,15.1857,15.2429,14.8668,15.2184,31510300.0
2023-03-09,15.292,15.292,14.9731,14.9812,24711100.0
2023-03-10,14.9485,15.1203,14.9158,15.0712,32018500.0
2023-03-13,14.9404,15.2593,14.8995,14.9649,39835000.0
2023-03-14,15.0221,15.1366,14.8913,15.0794,32076200.0
2023-03-15,14.8831,14.9976,14.7686,14.9731,34436400.0
2023-03-16,14.9076,15.0712,14.7768,15.0385,31731800.0
2023-03-17,14.9812,15.0058,14.7441,14.8259,58728600.0
2023-03-20,14.9404,15.1939,14.8995,15.1203,27382100.0
2023-03-21,15.2756,15.3083,15.0712,15.1612,24313200.0
2023-03-22,15.2184,15.3083,15.0303,15.0385,21071100.0
2023-03-23,15.0548,15.1857,14.9976,15.0957,28957800.0
2023-03-24,15.0876,15.2593,15.0058,15.2184,32058000.0
2023-03-27,15.3247,15.4964,15.292,15.431,26650500.0
2023-03-28,15.4065,15.5291,15.3083,15.3083,21547200.0
2023-03-29,15.4228,15.5782,15.3983,15.5373,23149400.0
2023-03-30,15.5455,15.6518,15.521,15.6027,19736300.0
2023-03-31,15.6355,15.7418,15.5619,15.7418,27130900.0
2023-04-03,15.7581,15.9298,15.7009,15.8562,31102500.0
2023-04-04,15.9626,16.0689,15.8562,16.0607,34207600.0
2023-04-05,16.0443,16.2978,16.0198,16.2569,38673200.0
2023-04-06,16.2968,16.4129,16.1806,16.2968,29722600.0
2023-04-10,16.1475,16.2553,16.106,16.2304,23617500.0
2023-04-11,16.247,16.5124,16.2387,16.3299,24664800.0
2023-04-12,16.4129,16.4875,16.2968,16.3963,28179500.0
2023-04-13,16.4626,16.5704,16.305,16.5539,25253900.0
2023-04-14,16.5456,16.5787,16.3963,16.529,24948400.0
2023-04-17,16.5041,16.5207,16.2968,16.4129,23443900.0
2023-04-18,16.446,16.4792,16.2968,16.4377,28517400.0
2023-04-19,16.4046,16.446,16.2636,16.3382,31537200.0
2023-04-20,15.5172,15.5255,14.5634,14.638,129904800.0
2023-04-21,14.8205,15.2601,14.7873,15.1108,76810200.0
2023-04-24,15.003,15.0278,14.5219,14.5385,60001400.0
2023-04-25,14.5219,14.7376,14.4722,14.5219,46691800.0
2023-04-26,14.4224,14.6463,14.2565,14.2648,42482900.0
2023-04-27,14.4141,14.6215,14.3975,14.6049,36926900.0
2023-04-28,14.4473,14.721,14.4141,14.6546,40675800.0
2023-05-01,14.7127,14.7293,14.5054,14.5136,35510200.0
2023-05-02,14.3975,14.4556,14.1239,14.157,39398100.0
2023-05-03,14.2234,14.3063,14.157,14.1736,32213100.0
2023-05-04,14.1156,14.1653,13.9746,14.0243,27422700.0
2023-05-05,14.0824,14.2068,13.9994,14.2068,23712300.0
2023-05-08,14.1073,14.24,14.0575,14.1985,32091000.0
2023-05-09,14.1819,14.1902,14.0243,14.1156,29058400.0
2023-05-10,14.1487,14.1819,13.9829,14.1321,32892400.0
2023-05-11,14.0575,14.099,13.9994,14.0658,21332600.0
2023-05-12,14.099,14.2565,14.0575,14.1239,27280600.0
2023-05-15,14.099,14.1819,14.0492,14.0575,28697300.0
2023-05-16,14.0409,14.0492,13.6926,13.7092,31200300.0
2023-05-17,13.817,13.8916,13.7258,13.817,34154700.0
2023-05-18,13.7672,13.8087,13.5765,13.7258,39142000.0
2023-05-19,13.7589,13.8087,13.5101,13.5267,46679400.0
2023-05-22,13.5599,13.6262,13.4023,13.5848,42251600.0
2023-05-23,13.4853,13.5184,13.3277,13.3526,45314800.0
2023-05-24,13.3608,13.3691,13.2282,13.2282,34236900.0
2023-05-25,12.9959,12.9959,12.4403,12.5647,102758200.0
2023-05-26,12.631,12.9545,12.5896,12.8549,50164900.0
2023-05-30,12.8466,13.0125,12.7886,12.9711,35346700.0
2023-05-31,12.9876,13.1618,12.9545,13.0457,70109400.0
2023-06-01,13.0623,13.1618,12.9628,13.112,31363800.0
2023-06-02,12.5066,12.7886,12.3159,12.6144,105292900.0
2023-06-05,12.714,12.8467,12.6476,12.7637,39528300.0
2023-06-06,12.8218,13.0623,12.7388,12.9959,39037200.0
2023-06-07,12.9628,13.3691,12.913,13.3526,43584200.0
2023-06-08,13.3028,13.336,13.1701,13.3277,32833700.0
2023-06-09,13.2779,13.3774,13.195,13.2282,24666300.0
2023-06-12,13.2282,13.2696,13.1203,13.2116,27517900.0
2023-06-13,13.1037,13.2447,13.0042,13.1203,41578200.0
2023-06-14,13.1867,13.2862,13.1203,13.1369,26782400.0
2023-06-15,13.1701,13.3526,13.0955,13.2945,30535200.0
2023-06-16,13.3526,13.3774,13.2364,13.3194,64149000.0
2023-06-20,13.2862,13.336,13.0789,13.0872,35360500.0
2023-06-21,13.0208,13.0374,12.8467,12.9462,40676400.0
2023-06-22,12.913,12.9711,12.8301,12.9213,30272800.0
2023-06-23,12.9628,13.0457,12.7886,12.8135,37408500.0
2023-06-26,12.8218,12.9793,12.7969,12.9628,28616600.0
2023-06-27,12.8964,13.1784,12.8798,13.1369,31457000.0
2023-06-28,13.112,13.1369,12.9462,13.0872,26156400.0
2023-06-29,13.054,13.2779,13.054,13.253,27298300.0
2023-06-30,13.2696,13.3028,13.1286,13.2282,40465300.0
2023-07-03,13.2282,13.3691,13.2282,13.3691,18424200.0
2023-07-05,13.336,13.4604,13.2696,13.3277,32988100.0
2023-07-06,13.2779,13.2945,13.1369,13.1618,33325300.0
2023-07-07,13.1179,13.2952,13.1095,13.177,28998300.0
2023-07-10,13.101,13.1263,12.8478,12.89,45305500.0
2023-07-11,12.9069,12.9575,12.7549,12.8562,39688000.0
2023-07-12,12.8647,12.89,12.7465,12.7634,46478300.0
2023-07-13,12.7803,12.8056,12.6705,12.7634,40508200.0
2023-07-14,12.4932,12.5017,12.0627,12.24,101745400.0
2023-07-17,11.9192,11.9952,11.379,11.4212,160933400.0
2023-07-18,11.4212,11.8095,11.3368,11.3537,132538700.0
2023-07-19,12.0881,12.3582,12.0459,12.316,142144700.0
2023-07-20,12.316,12.3751,12.1978,12.3751,76867900.0
2023-07-21,12.3329,12.4764,12.3244,12.4595,49225400.0
2023-07-24,12.4764,12.738,12.4764,12.6199,49475700.0
2023-07-25,12.7296,12.7549,12.4257,12.4932,59669800.0
2023-07-26,12.5861,12.6368,12.2653,12.5692,63191500.0
2023-07-27,12.5692,12.5945,12.24,12.2484,65496000.0
2023-07-28,12.316,12.3835,12.1894,12.1978,51420600.0
2023-07-31,12.2062,12.316,12.164,12.2569,47585600.0
2023-08-01,12.2907,12.2991,12.0374,12.0712,46296400.0
2023-08-02,12.0627,12.2907,11.9952,12.1134,41739100.0
2023-08-03,12.0205,12.0374,11.8433,11.8939,40781600.0
2023-08-04,11.8601,11.9108,11.8179,11.8179,38965000.0
2023-08-07,11.8264,11.8939,11.7251,11.8264,38109900.0
2023-08-08,11.7673,11.9868,11.7673,11.9699,39075100.0
2023-08-09,11.9614,12.1134,11.9446,12.0459,33951700.0
2023-08-10,12.0627,12.1134,11.9614,11.9614,33556400.0
2023-08-11,11.9446,12.1556,11.9192,12.1303,31237100.0
2023-08-14,12.0796,12.1303,11.9699,12.0374,26901400.0
2023-08-15,11.9868,11.9952,11.9024,11.9361,26393600.0
2023-08-16,11.9446,11.9783,11.8264,11.9023,29440300.0
2023-08-17,11.9277,11.953,11.8095,11.8264,36036700.0
2023-08-18,11.7926,11.9361,11.7757,11.8601,32213600.0
2023-08-21,11.8348,11.9361,11.7504,11.9023,47841400.0
2023-08-22,11.8939,12.0881,11.8433,12.0374,43191500.0
2023-08-23,12.0374,12.1134,11.9361,11.953,29371100.0
2023-08-24,11.8517,12.0543,11.8517,11.9446,29780100.0
2023-08-25,11.9614,11.9952,11.8601,11.9108,22107700.0
2023-08-28,11.9699,12.0459,11.9108,11.9952,30173700.0
2023-08-29,12.1978,12.5017,12.1978,12.4679,45429000.0
2023-08-30,12.5608,12.6536,12.4088,12.4342,26065300.0
2023-08-31,12.4932,12.5608,12.4088,12.4848,45406200.0
2023-09-01,12.5017,12.5439,12.3582,12.3666,20292900.0
2023-09-05,12.3666,12.451,12.2147,12.2231,28402900.0
2023-09-06,12.1809,12.451,12.0881,12.3329,43010100.0
2023-09-07,12.3244,12.4595,12.2822,12.3329,30699100.0
2023-09-08,12.3329,12.3329,12.1218,12.1556,28281300.0
2023-09-11,12.2147,12.316,12.1894,12.2569,28625000.0
2023-09-12,12.2653,12.2991,12.1387,12.2062,27383300.0
2023-09-13,12.2822,12.392,12.2147,12.3413,30916600.0
2023-09-14,12.5777,12.7971,12.5523,12.7127,55155000.0
2023-09-15,12.6621,12.9153,12.6283,12.8562,80594200.0
2023-09-18,12.8056,12.8478,12.679,12.738,29972500.0
2023-09-19,12.7127,12.8731,12.7043,12.8393,33190500.0
2023-09-20,12.8984,13.2783,12.89,13.1264,45303600.0
2023-09-21,13.0082,13.1179,12.9069,12.9238,33709200.0
2023-09-22,12.9406,12.966,12.7043,12.7634,33964400.0
2023-09-25,12.7043,12.7549,12.5355,12.7127,30428700.0
2023-09-26,12.4932,12.7296,12.3835,12.679,35412000.0
2023-09-27,12.6705,12.6705,12.4932,12.5523,27561600.0
2023-09-28,12.5692,12.679,12.5608,12.6705,27817600.0
2023-09-29,12.6958,12.7465,12.5861,12.679,29640900.0
2023-10-02,12.6958,12.738,12.3751,12.3835,36600200.0
2023-10-03,12.3835,12.5101,12.3075,12.4764,36830800.0
2023-10-04,12.3751,12.4342,12.1978,12.3666,37089000.0
2023-10-05,12.3497,12.5608,12.3497,12.5186,32171500.0
2023-10-06,12.405,12.4824,12.1469,12.4308,53313500.0
2023-10-09,12.448,12.6889,12.4394,12.6717,30659800.0
2023-10-10,12.6373,12.8868,12.6373,12.8696,35746800.0
2023-10-11,12.861,12.947,12.6287,12.7061,31793500.0
2023-10-12,12.5943,12.6201,12.2846,12.4308,38543700.0
2023-10-13,12.4566,12.5857,12.319,12.3534,34104500.0
2023-10-16,12.3878,12.4738,12.2416,12.3964,31727900.0
2023-10-17,12.319,12.5513,12.2932,12.5427,34771800.0
2023-10-18,12.448,12.4996,12.3104,12.319,36230900.0
2023-10-19,13.2223,13.4717,13.0416,13.1276,97636500.0
2023-10-20,13.0674,13.6868,13.0674,13.2309,68058400.0
2023-10-23,13.2223,13.2309,12.7835,12.861,53938600.0
2023-10-24,13.0588,13.3943,13.0588,13.3599,66404200.0
2023-10-25,13.3341,13.4115,12.9642,13.0674,42605800.0
2023-10-26,13.0502,13.1534,12.8868,13.0072,41165100.0
2023-10-27,12.99,13.0588,12.6803,12.7491,35849200.0
2023-10-30,12.861,13.2309,12.8265,13.1276,41832200.0
2023-10-31,13.1448,13.2825,13.119,13.2481,33688400.0
2023-11-01,13.3255,13.5062,13.2739,13.4029,41502800.0
2023-11-02,13.4373,13.575,13.3857,13.532,35788800.0
2023-11-03,13.6782,13.7986,13.618,13.661,42807500.0
2023-11-06,13.618,13.6782,13.4545,13.5492,32805500.0
2023-11-07,13.5148,13.7298,13.5148,13.6266,26425500.0
2023-11-08,13.6266,13.6266,13.4029,13.4631,28224500.0
2023-11-09,13.4889,13.5492,13.3771,13.4459,26080800.0
2023-11-10,13.4889,13.5406,13.2997,13.4545,23755800.0
2023-11-13,13.4287,13.5406,13.3427,13.4029,23876000.0
2023-11-14,13.5062,13.5492,13.3513,13.4459,31504200.0
2023-11-15,13.4631,13.5922,13.4545,13.5578,25233500.0
2023-11-16,13.661,13.704,13.5492,13.661,26214200.0
2023-11-17,13.6868,13.7298,13.6266,13.6782,27162600.0
2023-11-20,13.6782,13.9105,13.6352,13.8503,30868000.0
2023-11-21,13.8245,13.9793,13.7814,13.9277,25680000.0
2023-11-22,13.9793,14.0051,13.8503,13.9105,21301600.0
2023-11-24,13.9449,14.0395,13.9363,13.9449,12431000.0
2023-11-27,13.9277,13.9965,13.8417,13.9449,29976200.0
2023-11-28,13.9105,13.9363,13.79,13.9191,24258400.0
2023-11-29,13.9277,14.0481,13.8933,14.0223,26623500.0
2023-11-30,14.0137,14.2804,14.0137,14.2546,50630000.0
2023-12-01,14.2804,14.4266,14.2116,14.418,35407200.0
2023-12-04,14.2804,14.4266,14.2374,14.332,40542500.0
2023-12-05,14.6073,14.917,14.5901,14.8138,72091000.0
2023-12-06,14.7707,14.8654,14.5041,14.5729,45867500.0
2023-12-07,14.6417,14.7363,14.5385,14.7019,31309100.0
2023-12-08,14.7019,14.7191,14.461,14.5557,42137200.0
2023-12-11,14.5471,14.5729,14.2202,14.2976,43835000.0
2023-12-12,14.246,14.2632,14.0567,14.1169,41348800.0
2023-12-13,14.0481,14.1944,13.8503,14.1514,53889700.0
2023-12-14,14.203,14.461,14.203,14.3234,54485000.0
2023-12-15,14.2116,14.332,14.1514,14.2116,65906500.0
2023-12-18,14.2804,14.4094,14.1169,14.16,34621800.0
2023-12-19,14.1341,14.2976,14.1169,14.289,28077400.0
2023-12-20,14.2546,14.289,14.1083,14.1083,33476300.0
2023-12-21,14.1686,14.203,14.0653,14.1858,36327900.0
2023-12-22,14.1944,14.3922,14.1944,14.2374,26740400.0
2023-12-26,14.1944,14.289,14.1427,14.2546,22750400.0
2023-12-27,14.1858,14.2976,14.1514,14.2632,27728700.0
2023-12-28,14.2288,14.5127,14.2202,14.4008,32112900.0
2023-12-29,14.3062,14.4783,14.289,14.4352,33285400.0
2024-01-02,14.4869,14.9514,14.4783,14.8396,47624300.0
2024-01-03,14.8998,14.9514,14.8138,14.8224,33612400.0
2024-01-04,14.8482,14.8826,14.7535,14.7535,35703700.0
2024-01-05,14.7621,15.0718,14.7105,15.0288,33311400.0
2024-01-08,15.0116,15.046,14.831,14.8998,41215100.0
2024-01-09,14.8368,14.8456,14.7144,14.8193,30338400.0
2024-01-10,14.7756,14.7756,14.6532,14.7494,26893800.0
2024-01-11,14.6882,14.6882,14.1199,14.1899,59137500.0
2024-01-12,14.286,14.5308,14.2773,14.4084,32658900.0
2024-01-16,14.356,14.5133,14.286,14.3735,39033400.0
2024-01-17,14.321,14.5396,14.2948,14.3472,39261000.0
2024-01-18,14.2423,14.356,14.1549,14.3385,35127800.0
2024-01-19,14.5658,14.6707,14.3385,14.5745,52563000.0
2024-01-22,14.6183,14.7756,14.5483,14.6882,44093400.0
2024-01-23,14.898,15.0816,14.8456,15.0292,59713000.0
2024-01-24,14.4784,14.898,14.3909,14.5833,79217000.0
2024-01-25,14.662,15.0292,14.592,15.0204,54457900.0
2024-01-26,14.9942,15.1953,14.968,15.1166,38567300.0
2024-01-29,15.0554,15.1079,14.9068,15.0816,38264800.0
2024-01-30,15.0816,15.3789,15.0204,15.3264,54946400.0
2024-01-31,15.309,15.58,15.3002,15.4663,52968100.0
2024-02-01,15.816,15.8772,15.58,15.7723,71660400.0
2024-02-02,15.6762,15.7199,15.5275,15.5887,33248500.0
2024-02-05,15.4838,15.6237,15.3702,15.5013,31496900.0
2024-02-06,15.4401,15.5363,15.3439,15.3964,25734200.0
2024-02-07,15.3876,15.4051,15.1254,15.1516,33871800.0
2024-02-08,15.1254,15.1254,14.6357,14.7057,66974900.0
2024-02-09,14.6795,14.7581,14.4871,14.7232,44427100.0
2024-02-12,14.7232,14.9155,14.6532,14.8806,31151200.0
2024-02-13,14.8805,15.0379,14.6445,14.7756,29734600.0
2024-02-14,14.8368,14.9418,14.7232,14.7844,26468100.0
2024-02-15,14.8106,15.0554,14.8106,14.9418,25926700.0
2024-02-16,14.8193,14.9243,14.6532,14.8368,28848800.0
2024-02-20,14.7581,14.9767,14.7494,14.7844,29103900.0
2024-02-21,14.7931,14.8718,14.7232,14.8631,22644500.0
2024-02-22,14.662,14.662,14.356,14.5046,59974500.0
2024-02-23,14.5396,14.7407,14.4609,14.6882,32270900.0
2024-02-26,14.6882,14.7144,14.4434,14.5133,26815900.0
2024-02-27,14.5221,14.7319,14.4609,14.7144,28350800.0
2024-02-28,14.7057,14.898,14.6969,14.8281,33531100.0
2024-02-29,14.8805,14.968,14.7844,14.8019,46155200.0
2024-03-01,14.7494,14.9068,14.6969,14.8456,27552700.0
2024-03-04,14.7494,14.8543,14.6095,14.6882,32690500.0
2024-03-05,14.8893,15.1778,14.8631,15.0117,43337900.0
2024-03-06,14.9505,15.0554,14.8805,15.0204,35356700.0
2024-03-07,15.0292,15.1254,14.8718,14.9068,27325100.0
2024-03-08,14.9155,15.1428,14.8456,15.0379,30812900.0
2024-03-11,15.0554,15.2478,15.0554,15.1516,29541600.0
2024-03-12,15.1254,15.1603,15.0117,15.0379,38700600.0
2024-03-13,15.0991,15.239,14.9767,15.0292,32339800.0
2024-03-14,14.9942,15.0117,14.7144,14.8718,37237700.0
2024-03-15,14.7669,14.9855,14.7669,14.9068,93104700.0
2024-03-18,14.9505,15.1428,14.8019,15.1254,35177000.0
2024-03-19,15.1254,15.1428,15.0029,15.0117,26144600.0
2024-03-20,14.968,15.1341,14.933,15.0467,28961700.0
2024-03-21,15.0292,15.0991,14.9155,15.0029,34446700.0
2024-03-22,15.0292,15.0379,14.8456,14.8456,26169900.0
2024-03-25,14.898,14.9767,14.8368,14.968,30944600.0
2024-03-26,14.9767,15.1079,14.9068,15.0204,33048600.0
2024-03-27,15.1166,15.3789,15.1166,15.3439,37488400.0
2024-03-28,15.3439,15.4751,15.3177,15.3876,33461500.0
2024-04-01,15.0292,15.3352,14.9942,15.3002,31980100.0
2024-04-02,15.2827,15.4751,15.2827,15.3177,40169500.0
2024-04-03,15.3789,15.4838,15.2915,15.3964,38155900.0
2024-04-04,15.4051,15.6324,15.3527,15.3614,31850300.0
2024-04-05,15.3177,15.3352,15.1079,15.2303,37769000.0
2024-04-08,15.2128,15.2652,15.0554,15.0816,27372200.0
2024-04-09,15.1065,15.1776,14.9377,15.0177,32785000.0
2024-04-10,14.9021,14.9199,14.6711,14.8666,39046800.0
2024-04-11,14.8133,14.8399,14.5911,14.5911,40831200.0
2024-04-12,14.5822,14.6267,14.4401,14.4934,41785200.0
2024-04-15,14.6267,14.6978,14.3334,14.4312,40249900.0
2024-04-16,14.4134,14.4223,14.1646,14.2979,56368800.0
2024-04-17,14.3156,14.4401,14.2712,14.3245,27177500.0
2024-04-18,14.3156,14.5289,14.2979,14.5111,29566500.0
2024-04-19,14.5111,14.68,14.4489,14.6711,45820400.0
2024-04-22,14.831,14.8666,14.369,14.4934,54178100.0
2024-04-23,14.5556,14.6889,14.4756,14.6622,47805000.0
2024-04-24,15.0177,15.1332,14.5556,14.9377,74197800.0
2024-04-25,14.8399,15.1065,14.6622,14.7333,46680400.0
2024-04-26,14.6356,14.9999,14.5645,14.8844,37852700.0
2024-04-29,15.0976,15.3553,15.0976,15.1243,42383300.0
2024-04-30,15.0265,15.0887,14.9288,15.0088,31822800.0
2024-05-01,14.9555,15.1954,14.911,15.0354,39350700.0
2024-05-02,15.0976,15.0976,14.8666,14.9466,32205000.0
2024-05-03,14.9466,15.0354,14.8666,14.9732,24023200.0
2024-05-06,15.0621,15.1421,15.0265,15.0976,24182300.0
2024-05-07,15.1598,15.2931,15.1065,15.1776,28086800.0
2024-05-08,15.1332,15.2842,15.1065,15.2043,25292100.0
2024-05-09,15.1954,15.2754,15.1421,15.2665,22547700.0
2024-05-10,15.2842,15.302,15.2132,15.2576,19229600.0
2024-05-13,15.2665,15.4086,15.2398,15.3376,28014800.0
2024-05-14,15.3553,15.4086,15.302,15.3731,23545300.0
2024-05-15,15.4175,15.4975,15.2665,15.3998,30877900.0
2024-05-16,15.382,15.4353,15.2398,15.3731,24686200.0
2024-05-17,15.462,15.4709,15.3376,15.462,25891200.0
2024-05-20,15.4442,15.6041,15.4264,15.5686,28266600.0
2024-05-21,15.5597,15.5686,15.2309,15.3464,31173300.0
2024-05-22,15.2754,15.5597,15.2665,15.5508,30647500.0
2024-05-23,15.462,15.5597,15.3909,15.5242,32477700.0
2024-05-24,15.5419,15.6486,15.4797,15.5508,24996000.0
2024-05-28,15.5153,15.5686,15.2842,15.3464,25458300.0
2024-05-29,15.3287,15.382,15.2043,15.2132,23503800.0
2024-05-30,15.2576,15.6752,15.2487,15.6575,33262600.0
2024-05-31,15.5775,16.2351,15.5242,16.1906,67619500.0
2024-06-03,16.1107,16.2884,15.9596,16.004,38332700.0
2024-06-04,15.9685,16.315,15.9063,16.3062,30089100.0
2024-06-05,16.2706,16.2795,16.1373,16.2617,28101800.0
2024-06-06,16.2528,16.395,16.1906,16.244,22319200.0
2024-06-07,16.1906,16.1906,15.9685,16.084,36626700.0
2024-06-10,15.9951,16.0307,15.773,15.8707,32414600.0
2024-06-11,15.853,15.9507,15.7552,15.8707,29957000.0
2024-06-12,15.9863,16.0307,15.613,15.6486,35652200.0
2024-06-13,15.5953,15.7108,15.4797,15.7019,30692000.0
2024-06-14,15.6308,15.773,15.5419,15.6752,22652300.0
2024-06-17,15.6041,15.7286,15.5419,15.7019,27451600.0
2024-06-18,15.8885,16.1729,15.8707,16.0396,33711100.0
2024-06-20,15.9418,16.1373,15.9063,16.0929,32100600.0
2024-06-21,16.1462,16.395,16.0573,16.3506,72558200.0
2024-06-24,16.3684,16.6172,16.3506,16.5727,42162200.0
2024-06-25,16.5639,16.6438,16.4661,16.6083,32354000.0
2024-06-26,16.5639,16.7149,16.5372,16.6705,32029700.0
2024-06-27,16.6883,16.6971,16.5372,16.6616,28916300.0
2024-06-28,16.706,16.9993,16.6883,16.9815,52825200.0
2024-07-01,17.097,17.1681,16.7327,16.866,36095700.0
2024-07-02,16.866,16.8838,16.5994,16.7238,31606900.0
2024-07-03,16.7771,16.8127,16.5816,16.5994,19463000.0
2024-07-05,16.6172,16.706,16.5727,16.6794,30727800.0
2024-07-08,16.7416,16.7949,16.6083,16.7149,23277400.0
2024-07-09,16.7238,16.866,16.6172,16.706,27803600.0
2024-07-10,16.7493,16.9117,16.6501,16.9027,33408200.0
2024-07-11,16.8666,17.0199,16.7944,17.0109,23623400.0
2024-07-12,16.8846,17.0019,16.7674,16.9658,37919400.0
2024-07-15,17.0019,17.0199,16.7132,16.7583,33910900.0
2024-07-16,16.7764,17.0109,16.7493,17.0019,23923600.0
2024-07-17,17.047,17.3085,17.0019,17.2815,40611500.0
2024-07-18,17.2274,17.4348,17.1281,17.2725,34793900.0
2024-07-19,17.2454,17.3536,17.1191,17.2454,29910300.0
2024-07-22,16.8666,16.9297,16.5148,16.7313,44083600.0
2024-07-23,16.7493,16.7854,16.3615,16.4246,70161800.0
2024-07-24,17.065,17.3446,16.9207,17.2815,64465000.0
2024-07-25,17.2725,17.8046,17.2274,17.3085,54049700.0
2024-07-26,17.2815,17.4078,17.038,17.1462,30844200.0
2024-07-29,17.1372,17.1552,16.9748,17.047,30788300.0
2024-07-30,17.0921,17.1642,16.9929,17.1191,27855000.0
2024-07-31,17.047,17.4258,17.0289,17.3627,39522000.0
2024-08-01,17.4168,17.7054,17.2544,17.5611,44379300.0
2024-08-02,17.7144,18.0301,17.3085,17.4709,45240100.0
2024-08-05,16.9568,17.2454,16.8125,17.056,50898400.0
2024-08-06,17.038,17.4078,17.0109,17.3085,33776000.0
2024-08-07,17.3176,17.6062,17.2274,17.3627,30036700.0
2024-08-08,17.3717,17.5701,17.3266,17.4979,25588100.0
2024-08-09,17.4889,17.6783,17.3807,17.5791,22819600.0
2024-08-12,17.6242,17.6423,17.4078,17.525,22979900.0
2024-08-13,17.516,17.6423,17.4619,17.6062,21508000.0
2024-08-14,17.5701,17.7325,17.516,17.7054,19158600.0
2024-08-15,17.6332,17.6603,17.1101,17.2183,42608100.0
2024-08-16,17.2454,17.4619,17.2093,17.4438,24724400.0
2024-08-19,17.4529,17.5972,17.4438,17.5791,20506700.0
2024-08-20,17.5521,17.6603,17.4889,17.5791,20260900.0
2024-08-21,17.6062,17.6693,17.516,17.6242,20055500.0
2024-08-22,17.6423,17.6603,17.498,17.5972,17596700.0
2024-08-23,17.6242,17.8227,17.5972,17.7956,21519300.0
2024-08-26,17.8227,17.985,17.7685,17.8227,22599700.0
2024-08-27,17.8046,17.8587,17.6783,17.7234,20321900.0
2024-08-28,17.7505,17.9579,17.7415,17.8768,20435500.0
2024-08-29,17.8587,17.9038,17.6964,17.8227,20775600.0
2024-08-30,17.8227,17.9579,17.7685,17.9489,29362700.0
2024-09-03,17.976,18.445,17.967,18.427,50352600.0
2024-09-04,18.4811,18.8238,18.2646,18.5532,57532400.0
2024-09-05,18.6795,18.7877,18.5081,18.6254,44199100.0
2024-09-06,18.6254,18.9411,18.6254,18.914,53079500.0
2024-09-09,18.905,19.4823,18.8779,19.3921,58958400.0
2024-09-10,19.347,19.7168,19.2387,19.5815,60944500.0
2024-09-11,19.5003,19.5003,19.1576,19.347,37328500.0
2024-09-12,19.2387,19.5183,19.0944,19.4732,34564800.0
2024-09-13,19.4552,19.5454,19.3379,19.5183,31451300.0
2024-09-16,19.6987,20.1497,19.6536,20.0866,53733400.0
2024-09-17,19.9062,19.9332,19.5815,19.6446,29304400.0
2024-09-18,19.6987,19.843,19.5183,19.5995,27825600.0
2024-09-19,19.5273,19.5724,19.1034,19.2658,40942200.0
2024-09-20,19.2117,19.5003,19.1485,19.4281,94156500.0
2024-09-23,19.4281,19.4823,19.2658,19.383,25550300.0
2024-09-24,19.2838,19.5364,19.2207,19.4732,25905500.0
2024-09-25,19.5003,19.6085,19.4101,19.4462,28334800.0
2024-09-26,19.383,19.6266,19.3289,19.5274,25497500.0
2024-09-27,19.5905,19.7889,19.5544,19.7528,23577700.0
2024-09-30,19.843,19.9062,19.5454,19.843,26260200.0
2024-10-01,19.7799,19.9783,19.6987,19.9603,32705500.0
2024-10-02,19.8881,20.0595,19.843,20.0144,29820100.0
2024-10-03,19.9603,20.0505,19.816,19.8881,28894700.0
2024-10-04,19.5725,19.825,19.374,19.7619,24539300.0
2024-10-07,19.7619,19.7619,19.5454,19.6446,23116300.0
2024-10-08,19.7709,19.825,19.5905,19.7168,22716400.0
2024-10-09,19.7258,19.843,19.6536,19.7799,25365400.0
2024-10-10,19.7324,19.8055,19.3761,19.3853,28738500.0
2024-10-11,19.4583,19.5954,19.3853,19.5223,25249800.0
2024-10-14,19.5131,19.5588,19.4218,19.4218,33512200.0
2024-10-15,19.5406,19.7415,19.3944,19.6502,35942600.0
2024-10-16,19.6593,19.8786,19.6228,19.8329,23926900.0
2024-10-17,19.6959,19.8877,19.6684,19.8512,25471200.0
2024-10-18,19.8512,20.1526,19.7598,19.9608,27277400.0
2024-10-21,19.9882,20.0704,19.7781,19.7872,29366200.0
2024-10-22,19.4127,19.7507,19.23,19.641,47781900.0
2024-10-23,19.4035,20.6277,19.23,20.5454,71932600.0
2024-10-24,20.4632,20.5363,20.1526,20.2805,38783100.0
2024-10-25,20.3719,20.4724,19.9242,19.9425,26050400.0
2024-10-28,20.0247,20.2348,19.9334,20.1983,27923800.0
2024-10-29,20.0887,20.4267,20.0247,20.2622,32711100.0
2024-10-30,20.2166,20.3353,20.0065,20.1161,36264900.0
2024-10-31,20.1526,20.6459,20.1252,20.5911,59566700.0
2024-11-01,20.582,20.7647,20.1618,20.2074,37170000.0
2024-11-04,20.2257,20.3262,19.906,20.0247,24318500.0
2024-11-05,20.0065,20.2531,19.9425,20.1435,26461800.0
2024-11-06,20.1983,20.4541,20.0704,20.3901,32259200.0
2024-11-07,20.4541,20.4541,20.0613,20.1344,31471800.0
2024-11-08,20.1435,20.4906,20.1435,20.4084,29901600.0
2024-11-11,20.3536,20.5363,20.3262,20.381,23465000.0
2024-11-12,20.2897,20.3627,19.906,20.2348,39579500.0
2024-11-13,20.2531,20.4541,20.1526,20.3719,29345600.0
2024-11-14,20.3719,20.518,20.2988,20.3262,20825100.0
2024-11-15,20.3171,20.783,20.2805,20.719,40207300.0
2024-11-18,20.8195,21.1941,20.8104,21.0022,35656400.0
2024-11-19,20.9017,20.9383,20.719,20.7647,24727700.0
2024-11-20,20.8286,20.92,20.7738,20.856,20423100.0
2024-11-21,20.8286,21.1484,20.7647,20.9931,23080900.0
2024-11-22,21.057,21.2763,20.9565,21.1758,35732900.0
2024-11-25,21.1484,21.3037,20.9657,21.1027,64729800.0
2024-11-26,20.9565,21.1118,20.8926,21.0936,30080300.0
2024-11-27,21.1941,21.3585,21.0205,21.258,33206300.0
2024-11-29,21.258,21.2945,21.0205,21.1575,19673900.0
2024-12-02,21.1484,21.1575,20.6825,20.7373,44160600.0
2024-12-03,21.3859,21.9523,21.3585,21.6874,63128700.0
2024-12-04,21.6234,21.7696,21.3494,21.4955,41534200.0
2024-12-05,21.5686,21.8244,21.5412,21.7696,40155600.0
2024-12-06,21.7696,21.8335,21.5229,21.8153,34218800.0
2024-12-09,21.8335,21.9157,21.3219,21.3494,38385900.0
2024-12-10,21.3859,21.6143,21.1118,21.4773,32851500.0
2024-12-11,21.4042,21.5047,21.1392,21.4498,38518100.0
2024-12-12,21.5412,21.6874,21.3402,21.3402,22015000.0
2024-12-13,21.3494,21.6234,21.2489,21.5869,33693900.0
2024-12-16,21.66,21.7513,20.6551,20.8652,48018100.0
2024-12-17,20.8286,20.9931,20.7099,20.856,39844700.0
2024-12-18,20.8286,21.0022,20.518,20.5363,38897400.0
2024-12-19,20.5637,20.719,20.4724,20.6185,43160800.0
2024-12-20,20.6368,20.783,20.5728,20.783,93984000.0
2024-12-23,20.7099,20.8926,20.6368,20.8652,24655600.0
2024-12-24,20.8652,21.0022,20.7921,20.9657,9605900.0
2024-12-26,20.9474,21.1484,20.9017,20.9748,16440500.0
2024-12-27,20.9017,21.0753,20.8469,20.8835,18547500.0
2024-12-30,20.8104,20.8104,20.4998,20.6551,25420000.0
2024-12-31,20.6642,20.8743,20.6459,20.8012,22342800.0
2025-01-02,20.856,21.1667,20.8286,20.856,27108200.0
2025-01-03,20.92,20.9748,20.6916,20.7099,26874900.0
2025-01-06,20.7921,20.8012,20.582,20.6459,34416000.0
2025-01-07,20.5911,20.6916,20.244,20.2805,37143500.0
2025-01-08,20.2166,20.3262,19.7872,20.2622,35517800.0
2025-01-10,20.2419,20.3899,19.8811,20.0661,41572400.0
2025-01-13,20.0106,20.0569,19.7978,19.9459,37865600.0
2025-01-14,19.9088,20.1864,19.7793,20.1679,25627300.0
2025-01-15,20.3344,20.4362,20.2419,20.2696,50559900.0
2025-01-16,20.3529,20.4732,20.2049,20.3714,25639600.0
2025-01-17,20.4362,20.6952,20.3344,20.6212,33638000.0
2025-01-21,20.5472,20.8525,20.5472,20.8062,36777600.0
2025-01-22,20.7045,20.797,20.3714,20.649,31676400.0
2025-01-23,20.6675,20.9635,20.5564,20.8432,32125200.0
2025-01-24,20.8617,21.0838,20.8525,21.019,44409200.0
2025-01-27,21.7406,22.5455,21.6018,22.3327,92445200.0
2025-01-28,22.2587,22.7398,22.1292,22.5732,55731400.0
2025-01-29,22.86,23.1098,22.3882,22.416,34420400.0
2025-01-30,22.3604,22.416,21.9996,22.2217,45653000.0
2025-01-31,22.2124,22.3327,21.8886,21.9534,40341800.0
2025-02-03,21.9164,22.601,21.8979,22.4345,59555800.0
2025-02-04,22.3974,22.601,22.2679,22.4345,30540200.0
2025-02-05,22.6287,22.7398,22.4622,22.638,29511700.0
2025-02-06,22.6657,22.7212,22.4807,22.6195,24522500.0
2025-02-07,22.6195,22.8785,22.4345,22.7027,26290100.0
2025-02-10,22.7675,23.0728,22.7583,22.9988,31913400.0
2025-02-11,23.0358,23.2948,22.9433,23.2671,35150300.0
2025-02-12,23.2671,23.4799,23.1838,23.4614,38970300.0
2025-02-13,23.5631,23.8129,23.4614,23.7111,35115100.0
2025-02-14,23.7481,23.9887,23.6834,23.9332,31687800.0
2025-02-18,23.7852,24.22,23.7852,24.1182,52442500.0
2025-02-19,24.257,24.3772,24.1182,24.2755,30551500.0
2025-02-20,24.2385,24.3125,23.9979,24.1922,32753900.0
2025-02-21,24.1275,24.7195,24.0257,24.627,58421500.0
2025-02-24,24.627,25.0988,24.6085,24.738,54549600.0
2025-02-25,24.8583,25.1266,24.294,24.6548,52497200.0
2025-02-26,24.5715,24.8213,24.4512,24.5808,39296500.0
2025-02-27,24.6455,24.9508,24.5808,24.8861,32943300.0
2025-02-28,24.9786,25.4319,24.9786,25.3579,62510800.0
2025-03-03,25.2284,25.7742,25.1543,25.6447,45078600.0
2025-03-04,25.7187,25.8759,24.1645,24.257,89479700.0
2025-03-05,24.1182,24.4142,23.8962,24.22,42010100.0
2025-03-06,24.257,24.7843,24.1089,24.7288,32211600.0
2025-03-07,24.6733,25.1728,24.6085,25.0896,35341900.0
2025-03-10,25.0803,25.4041,24.6825,25.2376,57820800.0
2025-03-11,24.4882,24.8213,23.6741,24.0627,74574300.0
2025-03-12,23.7111,23.9239,23.0265,23.7944,62383200.0
2025-03-13,23.8592,24.479,23.8314,24.1367,37698500.0
2025-03-14,23.8684,24.6548,23.8222,24.59,37591300.0
2025-03-17,24.5808,24.9138,24.2847,24.8213,45570000.0
2025-03-18,24.7935,24.9601,24.5715,24.6178,30365600.0
2025-03-19,24.6548,24.9231,24.4698,24.8306,30145700.0
2025-03-20,24.8861,24.9138,24.6825,24.7843,27272300.0
2025-03-21,24.8028,25.1728,24.6455,24.9971,91268600.0
2025-03-24,24.8491,25.1821,24.8305,24.9416,26863300.0
2025-03-25,24.9508,25.4966,24.9508,25.2654,42339700.0
2025-03-26,25.3579,25.7557,25.3116,25.5799,42589400.0
2025-03-27,25.6909,26.2923,25.5707,26.0887,43000100.0
2025-03-28,26.2275,26.3755,25.9592,26.0702,35085300.0
2025-03-31,26.1442,26.4218,26.098,26.1627,50156500.0
2025-04-01,26.2738,26.468,26.1072,26.3478,43986400.0
2025-04-02,26.283,26.4495,25.913,26.0332,41574800.0
2025-04-03,26.4033,26.8566,26.32,26.4588,48912300.0
2025-04-04,25.9037,26.3015,24.5438,24.6455,61361000.0
2025-04-07,23.2948,25.1914,23.2208,24.8213,74875400.0
2025-04-08,24.9971,25.1543,24.0812,24.4142,55717100.0
2025-04-09,24.1367,24.8491,23.3133,24.4883,77738700.0
2025-04-10,24.5331,25.0193,24.2152,24.6734,51467900.0
2025-04-11,24.851,25.1502,24.6453,25.0474,32057600.0
2025-04-14,24.8978,25.5709,24.851,25.4307,27042800.0
2025-04-15,25.7112,25.8327,25.4868,25.7112,25721300.0
2025-04-16,25.9356,25.973,25.1876,25.2624,27835900.0
2025-04-17,25.412,25.7018,25.253,25.3839,24870300.0
2025-04-21,25.3933,25.5055,24.4583,24.6173,46226000.0
2025-04-22,24.3087,25.5803,24.29,25.2063,50906800.0
2025-04-23,24.8136,25.5429,24.4209,25.4213,43351000.0
2025-04-24,25.4026,26.0197,25.3746,25.7392,43640800.0
2025-04-25,25.6738,25.7299,24.8978,25.0661,37050300.0
2025-04-28,25.1502,25.4961,25.0567,25.4868,24156000.0
2025-04-29,25.3372,25.6551,25.2904,25.5242,25015800.0
2025-04-30,25.8047,26.0758,25.5429,25.8982,38877100.0
2025-05-01,25.7112,25.973,25.4961,25.8421,37367600.0
2025-05-02,25.8047,25.973,25.5803,25.814,22928400.0
2025-05-05,25.7673,25.8888,25.3933,25.7205,21335300.0
2025-05-06,25.7486,26.403,25.7112,26.3282,32491700.0
2025-05-07,26.216,26.5526,26.1319,26.2721,28352900.0
2025-05-08,26.1786,26.216,25.6644,25.6831,30141500.0
2025-05-09,25.7673,26.1973,25.6364,26.0291,29206900.0
2025-05-12,25.3278,25.5242,24.9352,25.253,57106100.0
2025-05-13,25.2904,25.3652,24.5986,24.7295,58767100.0
2025-05-14,24.7108,24.8604,24.5892,24.7201,31519500.0
2025-05-15,24.8697,25.6177,24.8697,25.5522,35278700.0
2025-05-16,25.5896,25.9636,25.3559,25.9169,31106000.0
2025-05-19,25.9543,26.216,25.9075,26.1973,30996600.0
2025-05-20,26.2254,26.4217,25.9449,25.973,24966600.0
2025-05-21,25.8795,25.9636,25.627,25.6831,29684200.0
2025-05-22,25.786,25.9075,25.44,25.4587,25901600.0
2025-05-23,25.6925,25.7392,25.3933,25.6364,31766300.0
2025-05-27,25.5803,25.8327,25.5429,25.6083,33329200.0
2025-05-28,25.599,25.8234,25.5335,25.7112,32270200.0
2025-05-29,25.6925,25.7205,25.4961,25.599,27189100.0
2025-05-30,25.6083,25.9916,25.5709,25.9916,47964900.0
2025-06-02,25.8514,26.1412,25.8047,26.1132,26935200.0
2025-06-03,26.0758,26.3002,25.8514,26.1412,26085900.0
2025-06-04,26.1412,26.1506,25.4494,25.5803,33913500.0
2025-06-05,25.6457,26.0384,25.5522,25.9543,29186800.0
2025-06-06,25.9636,26.2721,25.9636,26.2534,22403100.0
2025-06-09,26.0197,26.2534,26.0197,26.0478,23353600.0
2025-06-10,26.0945,26.749,26.0384,26.5713,39959100.0
2025-06-11,26.6274,26.749,26.4124,26.4965,32164500.0
2025-06-12,26.6181,26.6181,26.2908,26.4311,23311700.0
2025-06-13,26.3937,26.4965,26.2815,26.3563,22428200.0
2025-06-16,26.3189,26.5433,25.973,26.1506,32761400.0
2025-06-17,26.0384,26.1506,25.7953,25.8514,35258600.0
2025-06-18,25.9543,26.0197,25.7953,25.8608,27985500.0
2025-06-20,25.8795,26.2815,25.8234,25.9636,51495200.0
2025-06-23,25.9917,26.4591,25.9917,26.3656,32957200.0
2025-06-24,26.3282,26.5059,26.2067,26.4404,26007000.0
2025-06-25,26.3095,26.5059,26.0664,26.1038,26189400.0
2025-06-26,26.1599,26.2721,25.9917,26.1786,25118500.0
2025-06-27,26.1786,26.3469,26.0851,26.2534,37337200.0
2025-06-30,26.2908,27.1323,26.2721,27.0575,42590800.0
2025-07-01,27.1042,27.2912,26.8331,27.0014,25976400.0
2025-07-02,26.936,27.1416,26.4498,26.4685,47012300.0
2025-07-03,26.4498,26.562,26.3002,26.5152,21085200.0
2025-07-07,26.5713,26.6181,26.3843,26.562,22448700.0
2025-07-08,26.403,26.6087,26.2534,26.4498,24955400.0
2025-07-09,26.4872,26.5339,26.1412,26.2721,34453800.0
2025-07-10,26.2136,26.2702,25.9492,26.0814,25053100.0
2025-07-11,26.0153,26.0153,25.1371,25.4676,42713300.0
2025-07-14,25.5148,25.9775,25.5148,25.647,30747000.0
2025-07-15,25.4298,25.6092,25.2976,25.5148,32266200.0
2025-07-16,25.5148,25.5998,25.3826,25.4487,21934400.0
2025-07-17,25.3071,25.5431,25.2787,25.4865,24546400.0
2025-07-18,25.4676,25.5337,25.3071,25.4393,27427900.0
2025-07-21,25.9303,26.1758,25.732,25.8548,36229500.0
2025-07-22,25.9209,26.2136,25.7037,25.8925,35255800.0
2025-07-23,24.8349,26.2041,24.41,26.2041,65616300.0
2025-07-24,26.223,26.6008,26.1475,26.3647,47332700.0
2025-07-25,26.3552,26.7707,26.2041,26.4402,33987800.0
2025-07-28,26.3741,26.3741,26.0058,26.0625,29164400.0
2025-07-29,26.1381,26.3741,25.7981,25.8831,34202400.0
2025-07-30,25.817,26.1664,25.7226,25.9681,30096100.0
2025-07-31,25.8264,26.1758,25.7887,25.8831,34120000.0
2025-08-01,26.1003,26.3741,25.817,26.2041,38817000.0
2025-08-04,26.2419,26.3647,26.0342,26.1381,29972400.0
2025-08-05,26.1758,26.4119,26.1286,26.223,25317400.0
2025-08-06,26.3836,26.4969,25.9209,25.9586,39247200.0
2025-08-07,25.9209,26.5441,25.7698,26.4969,35331400.0
2025-08-08,26.5063,26.6763,26.4686,26.5158,23598200.0
2025-08-11,26.6102,26.7046,26.5158,26.5724,20602400.0
2025-08-12,26.5724,27.1012,26.5724,26.8935,30755100.0
2025-08-13,26.9124,26.9974,26.7802,26.8179,26382700.0
2025-08-14,26.9879,27.1673,26.8274,27.1484,24530200.0
2025-08-15,27.139,27.4601,27.054,27.2618,37020400.0
2025-08-18,27.3656,27.5262,27.2618,27.309,20420600.0
2025-08-19,27.2618,27.5356,27.1957,27.3656,18890600.0
2025-08-20,27.4789,27.7433,27.4034,27.6489,34843000.0
2025-08-21,27.6206,27.9133,27.5828,27.8,32991000.0
2025-08-22,27.8283,27.9983,27.0823,27.1673,34012000.0
2025-08-25,27.1673,27.3656,27.1201,27.139,19405000.0
2025-08-26,27.224,27.3467,26.6385,26.969,49407900.0
2025-08-27,26.9124,27.4601,26.9124,27.4412,28026200.0
2025-08-28,27.4034,27.4034,27.1484,27.3279,24658100.0
2025-08-29,27.4034,27.6961,27.3373,27.6584,26562400.0
2025-09-02,27.6678,27.7622,27.3845,27.4601,31571100.0
2025-09-03,27.394,27.4601,26.8652,27.4223,27245400.0
2025-09-04,27.5545,28.0455,27.4128,27.9322,31845400.0
2025-09-05,27.9322,28.1305,27.7811,27.9416,25105900.0
2025-09-08,26.9124,27.5167,26.7046,27.2901,40649300.0
2025-09-09,27.2901,27.9322,27.224,27.7811,35105500.0
2025-09-10,27.6206,27.8,27.2901,27.5734,25689400.0
2025-09-11,27.6584,27.8567,27.4978,27.8472,23581000.0
2025-09-12,27.7811,27.9511,27.6584,27.9228,22794000.0
2025-09-15,27.9605,28.1305,27.8567,27.97,31486400.0
2025-09-16,27.97,27.9983,27.5828,27.6961,28118200.0
2025-09-17,27.6961,27.9322,27.6206,27.8944,25967200.0
2025-09-18,27.715,27.8283,27.5167,27.5734,30142900.0
2025-09-19,27.63,27.6772,27.3184,27.394,62155700.0
2025-09-22,27.3279,27.4506,27.139,27.309,25835300.0
2025-09-23,27.309,27.394,26.969,27.1862,28805800.0
2025-09-24,27.0918,27.1484,26.6008,26.7424,28858700.0
2025-09-25,26.9124,27.1484,26.7141,26.7235,25658500.0
2025-09-26,26.7991,26.9785,26.6763,26.733,25455100.0
2025-09-29,26.6763,26.7613,26.3269,26.5063,28739600.0
2025-09-30,26.5724,26.7707,26.4874,26.6669,34049500.0
2025-10-01,26.4874,26.5913,25.987,26.0153,38415100.0
2025-10-02,25.8736,25.902,25.3826,25.5054,39597200.0
2025-10-03,25.5148,25.7037,25.4865,25.5526,34891700.0
2025-10-06,25.0616,25.2315,24.4005,24.4289,63474300.0
2025-10-07,24.4761,24.8349,24.41,24.7027,43249600.0
2025-10-08,24.7688,24.8821,24.5705,24.7877,36913200.0
2025-10-09,24.7877,25.0049,24.6366,24.6461,33129200.0
2025-10-10,24.6632,25.045,24.5392,24.6919,37980100.0
2025-10-13,24.5105,24.6728,24.1956,24.4246,36313700.0
2025-10-14,24.4151,24.9591,24.4151,24.94,43644900.0
2025-10-15,24.8637,24.9973,24.7587,24.8828,34674000.0
2025-10-16,24.9114,25.1882,24.8637,25.0069,49513100.0
2025-10-17,25.1882,25.2741,25.0069,25.1405,61491800.0
2025-10-20,25.1405,25.2359,24.6537,24.9114,66161100.0
2025-10-21,24.9591,25.0355,24.7205,24.8637,100445700.0
2025-10-22,23.7851,24.6537,23.2125,24.3865,95468000.0
2025-10-23,24.5105,24.5773,23.3747,23.4988,107294100.0
2025-10-24,23.5179,24.0428,23.4511,23.9951,80553700.0
2025-10-27,23.9379,24.4055,23.8329,24.3674,86220400.0
2025-10-28,24.2528,24.606,24.1574,24.5296,77662500.0
2025-10-29,24.9305,25.0164,23.852,23.9951,102715000.0
2025-10-30,23.852,24.0333,23.4988,23.5561,82167800.0
2025-10-31,23.5083,23.852,23.3938,23.6229,89936800.0
2025-11-03,23.5179,23.5179,22.9834,23.4129,89327700.0
2025-11-04,23.3556,23.4415,23.1838,23.327,75032700.0
2025-11-05,23.3461,23.6038,23.3175,23.4415,61112200.0
2025-11-06,23.1838,23.852,23.1838,23.6133,71665300.0
2025-11-07,23.6802,23.9569,23.5179,23.6992,62440000.0
2025-11-10,23.6133,23.8042,23.4893,23.6992,52677600.0
2025-11-11,23.7947,24.1478,23.747,24.0333,40962700.0
2025-11-12,24.2815,24.5583,24.2528,24.4819,44097000.0
2025-11-13,24.4819,24.7778,24.396,24.5773,49785600.0
2025-11-14,24.6919,24.7491,24.2815,24.4246,37390200.0
2025-11-17,24.4628,24.5392,24.2719,24.3101,34519900.0
2025-11-18,24.3769,24.5964,24.186,24.4342,41527600.0
2025-11-19,24.4342,24.501,23.9474,24.1192,34296900.0
2025-11-20,24.1001,24.4628,23.976,24.3578,44631800.0
2025-11-21,24.3578,24.9878,24.3387,24.7491,59017100.0
2025-11-24,24.8064,24.835,24.2719,24.4533,66605900.0
2025-11-25,24.5869,25.0164,24.5773,24.6823,44336200.0
2025-11-26,24.6537,24.8828,24.6251,24.6442,27713000.0
2025-11-28,24.6442,24.835,24.5869,24.835,16345800.0
2025-12-01,24.7682,24.7873,24.3865,24.6155,34681900.0
2025-12-02,24.6537,24.6919,24.291,24.3578,30839700.0
2025-12-03,24.396,24.6442,24.1574,24.1669,29138400.0
2025-12-04,24.2146,24.396,24.081,24.2337,33035200.0
2025-12-05,24.2051,24.4724,24.1001,24.1287,28075600.0
2025-12-08,24.186,24.186,23.5656,23.7088,41475000.0
2025-12-09,23.7088,23.852,23.2506,23.3938,41499600.0
2025-12-10,23.4415,23.4797,23.1743,23.2793,48955400.0
2025-12-11,23.3461,23.5847,23.1647,23.1934,38931800.0
2025-12-12,23.2793,23.6802,23.1647,23.4606,34207700.0
2025-12-15,23.3747,23.5083,23.117,23.2029,37162500.0
2025-12-16,23.2506,23.2793,22.9166,22.9739,35702000.0
2025-12-17,23.012,23.3365,22.9834,23.2506,39455100.0
2025-12-18,23.2029,23.432,23.1266,23.1552,31038800.0
2025-12-19,23.1075,23.1743,22.9261,23.0502,89822300.0
2025-12-22,23.0502,23.3365,22.9929,23.1934,29049300.0
2025-12-23,23.1743,23.4129,23.1552,23.3461,20869100.0
2025-12-24,23.2602,23.5847,23.2602,23.537,13904100.0
2025-12-26,23.4893,23.642,23.4702,23.5274,16070100.0
2025-12-29,23.5561,23.8042,23.5561,23.642,30322100.0
2025-12-30,23.642,23.7279,23.6038,23.6801,21047900.0
2025-12-31,23.6611,23.8329,23.6515,23.7088,22911000.0
2026-01-02,23.6611,23.6802,23.3843,23.4415,28718400.0
2026-01-05,23.2984,23.6229,23.2602,23.5847,48958100.0
2026-01-06,23.4034,23.4129,22.783,23.2316,59966200.0
2026-01-07,23.327,23.432,22.8116,22.8784,46998400.0
2026-01-08,22.8975,23.2125,22.8879,23.0693,43770400.0
2026-01-09,23.0502,23.2125,22.888,22.8975,30811000.0
2026-01-12,22.9438,23.079,22.8087,22.9245,40700100.0
2026-01-13,22.8763,22.9342,22.3934,22.4996,40890600.0
2026-01-14,22.5286,22.9052,22.5286,22.799,51414800.0
2026-01-15,22.799,22.9825,22.6928,22.9149,35919500.0
2026-01-16,22.8473,22.8473,22.5866,22.6831,46504800.0
2026-01-20,22.5672,22.7893,22.4803,22.6445,51781100.0
2026-01-21,22.6638,22.9728,22.6638,22.6928,40672100.0
2026-01-22,22.7604,23.0114,22.6928,22.77,30388300.0
2026-01-23,22.6928,22.8376,22.4996,22.7797,36056800.0
2026-01-26,22.8859,22.9825,22.5576,22.6445,44376000.0
2026-01-27,22.6928,22.6928,22.1617,22.21,72164400.0
2026-01-28,22.6155,23.4943,22.5576,23.2432,84121900.0
2026-01-29,23.6101,24.2668,23.5908,24.2668,73255300.0
2026-01-30,24.6241,25.3869,24.2861,25.3097,78227500.0
2026-02-02,25.3869,25.7249,25.2904,25.3966,66564000.0
2026-02-03,25.2131,26.0629,25.2131,25.9084,61110400.0
2026-02-04,26.1595,26.5554,25.9663,26.285,52448300.0
2026-02-05,26.4588,26.5747,26.0339,26.3719,44672400.0
2026-02-06,26.3236,26.4395,26.005,26.1981,37410400.0
2026-02-09,26.1691,26.2657,25.9084,26.1788,33057800.0
2026-02-10,26.1498,26.6423,26.1498,26.4685,34925900.0
2026-02-11,26.3429,27.6176,26.2077,27.4921,64213300.0
2026-02-12,27.5017,28.2935,27.4824,27.8107,70553100.0
2026-02-13,27.6948,27.8493,27.4341,27.7045,42687500.0
2026-02-17,27.7721,28.0618,27.6466,27.6948,29868900.0
2026-02-18,27.6466,27.7335,26.8644,26.9223,33179300.0
2026-02-19,27.0575,27.4245,26.7775,26.9223,31221900.0
2026-02-20,26.9899,27.0961,26.594,27.0189,25383600.0
2026-02-23,27.0768,27.8397,27.0672,27.5403,41169300.0
2026-02-24,27.5403,27.8107,27.2217,27.3762,34541700.0
2026-02-25,27.0672,27.3182,26.7485,26.9127,45550700.0
2026-02-26,27.0189,27.0865,26.4685,26.5167,33856800.0
2026-02-27,26.6616,27.0479,26.565,27.0479,54509300.0
2026-03-02,26.9513,27.2796,26.9127,27.0479,39270900.0
2026-03-03,26.8354,27.7624,26.8064,27.6852,45891200.0
2026-03-04,27.4921,28.0714,27.2506,27.9845,42409300.0
2026-03-05,27.9459,28.0618,27.7335,27.9749,46498100.0
2026-03-06,27.9363,27.9556,27.3569,27.6562,37909900.0
2026-03-09,27.1637,27.3858,26.4492,26.5843,52145000.0
2026-03-10,26.7002,26.9803,26.5071,26.7582,37596500.0
2026-03-11,26.7195,26.7775,25.947,26.2271,46925600.0
2026-03-12,26.1208,26.4492,25.8118,26.4492,32636100.0
2026-03-13,26.5554,26.8934,26.4974,26.7678,28076800.0
2026-03-16,26.7775,26.8644,26.5264,26.7775,31792800.0
2026-03-17,26.932,27.0575,26.7099,26.8934,33904300.0
2026-03-18,26.7582,26.8354,26.4492,26.4685,34898700.0
2026-03-19,26.6326,26.9899,26.285,26.7871,58624200.0
2026-03-20,26.8837,27.6466,26.8837,27.3376,128734200.0
2026-03-23,27.3086,27.9169,26.9127,27.7721,46656300.0
2026-03-24,27.8107,28.4287,27.6755,27.8783,41047200.0
2026-03-25,27.9845,28.139,27.7238,27.8204,36571100.0
2026-03-26,28.0714,28.2066,27.83,27.9266,29904500.0
2026-03-27,28.0039,28.3611,27.83,28.1004,38162800.0
2026-03-30,28.2066,28.3611,27.7335,27.7914,35293900.0
2026-03-31,27.9363,27.9942,27.55,27.9942,48632300.0
2026-04-01,27.9556,27.9749,27.0961,27.3376,43112500.0
2026-04-02,27.4148,27.6466,27.0285,27.3569,34996200.0
2026-04-06,27.2989,27.5403,27.183,27.3472,29396200.0
2026-04-07,27.3182,27.5114,26.9609,27.0768,27653000.0
2026-04-08,26.2947,26.5554,25.9856,26.4105,47841600.0
2026-04-09,26.2947,26.4685,25.8408,25.918,41439800.0
2026-04-10,25.8771,26.0527,25.6526,25.8185,31990400.0
2026-04-13,25.7307,25.7502,24.7842,24.9891,46751800.0
2026-04-14,24.5891,25.0867,24.3354,24.9989,42173900.0
2026-04-15,25.0574,25.155,24.8037,24.8428,33847600.0
2026-04-16,24.9013,25.7892,24.8428,25.76,34901900.0
2026-04-17,25.516,25.9649,25.4087,25.8673,35023800.0
2026-04-20,25.8771,26.0332,25.5356,25.5453,30509400.0
2026-04-21,25.5648,25.799,25.2526,25.2526,44489400.0
2026-04-22,24.5403,25.4185,24.3549,25.3502,59711900.0
2026-04-23,25.4868,26.1112,25.3892,25.9649,47337900.0
2026-04-24,25.7892,25.9356,25.3989,25.5648,30600900.0
2026-04-27,25.6917,25.799,24.8428,24.9013,32633700.0
2026-04-28,25.3111,25.6722,25.2526,25.4282,30377600.0
2026-04-29,25.3404,25.5258,25.0184,25.1257,22790600.0
2026-04-30,25.194,25.8283,25.155,25.4965,44640600.0
2026-05-01,25.6722,25.8185,25.438,25.4868,31493700.0
2026-05-04,25.3014,25.5063,25.194,25.4672,23439500.0
2026-05-05,25.4185,25.4965,25.2233,25.2721,24482400.0
2026-05-06,25.1648,25.3794,24.8623,24.9501,34338900.0
2026-05-07,24.7745,24.872,24.511,24.6476,42986600.0
2026-05-08,24.6183,24.7842,24.511,24.55,36012900.0
2026-05-11,24.6183,24.7257,24.0622,24.2671,37447600.0
2026-05-12,24.4134,24.8232,24.2573,24.6183,33454600.0
2026-05-13,24.6183,24.9306,24.1207,24.1402,34609700.0
2026-05-14,24.2378,24.3744,24.0524,24.0524,32683600.0
2026-05-15,24.2573,24.3256,23.4474,23.4474,44236200.0
2026-05-18,23.506,23.9841,23.2718,23.8377,38981000.0
2026-05-19,23.9939,24.3842,23.828,24.3744,39383400.0
2026-05-20,24.3354,24.6671,24.189,24.3256,40363800.0
2026-05-21,24.2573,24.7745,24.2085,24.7257,35792600.0
2026-05-22,24.7257,24.8135,24.5793,24.6476,25271100.0
2026-05-26,24.5305,24.7257,24.2573,24.4134,32461200.0
2026-05-27,24.3256,24.7354,24.2768,24.2866,35903300.0
2026-05-28,24.3549,24.5305,24.1305,24.2768,25343800.0
2026-05-29,24.2573,24.2671,23.9646,24.1988,88295100.0
2026-06-01,24.15,24.2963,23.8963,23.9548,29675700.0
2026-06-02,24.0426,24.1109,23.6621,24.0426,42080300.0
2026-06-03,23.6036,23.6133,22.8815,22.9791,51911800.0
2026-06-04,23.3011,23.4279,21.7886,22.218,82536300.0
2026-06-05,22.3448,22.4814,22.0423,22.1985,60825900.0
2026-06-08,22.1106,22.2765,21.8667,21.9545,41973500.0
2026-06-09,21.9643,22.4034,21.7789,22.1594,52561000.0
2026-06-10,22.3253,22.6961,22.1985,22.6473,50622400.0
2026-06-11,22.5985,22.8034,22.4326,22.4424,38147600.0
2026-06-12,22.54,23.0376,22.5107,23.0083,38879400.0
2026-06-15,22.7839,22.94,22.6083,22.7254,48293300.0
2026-06-16,22.7546,22.8522,22.2863,22.5985,47609300.0
2026-06-17,22.2765,22.3253,21.7106,21.896,56538300.0
2026-06-18,21.9155,21.974,21.4569,21.4764,94242900.0
2026-06-22,21.4959,21.9253,21.4764,21.5642,68522300.0
2026-06-23,21.7691,22.4229,21.652,22.257,73551900.0
2026-06-24,22.2863,22.3839,21.7691,21.8277,57297300.0
2026-06-25,21.7106,22.0814,21.6911,21.8765,43228800.0
2026-06-26,21.9253,22.1692,21.7789,22.1692,85148700.0
2026-06-29,21.8374,21.8862,20.7641,21.291,84994800.0
2026-06-30,21.2032,21.2227,20.0713,20.1982,131117200.0
2026-07-01,20.1299,20.5202,19.7981,19.9835,137694400.0
2026-07-02,20.1982,20.4811,19.4078,20.0811,129300400.0
2026-07-06,20.247,20.4031,19.7591,20.0811,113634400.0
2026-07-07,20.4128,20.7543,20.3543,20.5787,66469400.0
2026-07-08,20.4616,20.9105,20.3055,20.608,63946700.0
2026-07-09,20.4128,20.5592,20.2274,20.5299,50847700.0
2026-07-10,20.3895,21.0224,20.3895,20.8938,49781900.0
2026-07-13,21.141,21.3882,21.0026,21.3091,65496400.0
2026-07-14,21.1806,21.319,21.0125,21.0421,53556100.0
2026-07-15,21.0817,21.4673,21.0125,21.1905,75068600.0
2026-07-16,21.2696,21.9321,21.2597,21.7343,85226600.0
2026-07-17,22.1298,22.5155,21.4278,21.5662,79330400.0
2026-07-20,21.3586,21.7936,21.2992,21.7046,87678100.0
2026-07-21,21.6849,22.1397,21.4574,22.0112,139856700.0
2026-07-22,23.1187,23.3856,22.4759,22.7825,187291400.0
2026-07-23,22.9901,23.2076,22.3968,22.7033,103562100.0
2026-07-24,22.7429,23.8603,22.7429,23.8603,80670900.0
2026-07-27,23.8603,24.2459,23.7614,24.147,74458300.0
2026-07-28,24.5623,25.037,24.325,24.3843,57350500.0
2026-07-29,24.3646,24.3942,23.3362,23.6724,77480900.0
2026-07-30,23.1483,23.356,22.8813,22.9506,49433700.0
2026-07-31,22.911,23.1978,22.6638,22.9901,58149000.0
2026-08-03,23.3955,23.4845,23.0395,23.3263,53816900.0
2026-08-04,23.089,23.1978,22.7627,23.1187,55823300.0
2026-08-05,22.4067,23.0198,22.2979,22.8022,66801800.0
2026-08-06,23.1978,23.445,22.9506,23.445,47689400.0
2026-08-07,23.2373,23.6427,23.089,23.5241,34887000.0
2026-08-10,23.3164,23.8207,23.2076,23.7812,42877500.0
2026-08-11,23.7515,24.2261,23.7119,24.2261,35144000.0
2026-08-12,24.058,24.1767,23.8306,23.9789,32522200.0
2026-08-13,24.0086,24.4041,23.9493,24.3052,35277700.0
2026-08-14,24.3745,24.6909,24.3052,24.6118,27109300.0
2026-08-17,24.4733,24.7304,24.3448,24.4041,36794800.0
2026-08-18,24.7601,24.948,24.6217,24.6217,34303300.0
2026-08-19,24.7107,25.1952,24.5722,24.8392,29973400.0
2026-08-20,24.7799,24.9875,24.7601,24.8689,25231400.0
2026-08-21,24.9183,25.2644,24.8886,25.0073,30363300.0
2026-08-24,25.1754,25.4819,24.9282,25.4028,26268500.0
2026-08-25,25.2941,25.5808,25.1457,25.4819,28823000.0
2026-08-26,25.5314,25.7291,25.4325,25.5808,26372000.0
2026-08-27,25.215,25.304,24.9974,25.1457,26110900.0
2026-08-28,25.2743,25.739,25.2248,25.7193,22677400.0
2026-08-31,25.6303,25.9467,25.5709,25.6006,37385800.0
2026-09-01,25.7984,26.0258,25.7094,25.7094,32807800.0
2026-09-02,25.7984,26.1444,25.6599,25.6599,33805800.0
2026-09-03,25.8577,25.9566,25.5116,25.8972,32839800.0
2026-09-04,25.8083,25.9269,25.3732,25.3929,26146000.0
2026-09-08,25.2545,25.6204,25.1655,25.3138,39871800.0
2026-09-09,25.1359,25.1556,24.5228,24.8689,51354000.0
2026-09-10,25.0864,25.4819,24.9183,25.2644,34185700.0
2026-09-11,25.4819,25.9665,25.3732,25.7687,43220300.0
2026-09-14,26.0851,26.3224,25.8676,26.2137,38499400.0
2026-09-15,26.006,26.629,26.006,26.4213,37332500.0
2026-09-16,26.3224,26.54,25.3633,25.5709,37808900.0
2026-09-17,25.6896,25.7489,25.0567,25.1062,37771700.0
2026-09-18,24.7997,25.3534,24.7799,25.1161,84402000.0
2026-09-21,25.4622,25.5116,25.037,25.1655,35281800.0
2026-09-22,25.2842,25.3237,24.7008,24.8194,35588800.0
2026-09-23,24.8491,25.304,24.6612,25.0172,43036100.0
2026-09-24,25.304,25.5215,25.0765,25.1655,34216400.0
2026-09-25,25.1062,25.1556,24.9381,25.0963,22915400.0
2026-09-28,25.1161,25.1161,24.5821,24.6217,30491000.0
2026-09-29,24.4437,24.7502,24.1866,24.2064,33282700.0
2026-09-30,24.2657,24.4041,24.1273,24.1273,39670100.0
2026-10-01,24.1273,24.3151,24.0086,24.0284,26822600.0
2026-10-02,24.0877,24.2261,23.9394,24.0284,29137400.0
2026-10-05,23.9987,24.0778,23.7416,23.969,34253700.0
2026-10-06,23.9196,24.1767,23.7021,24.1569,34290000.0
2026-10-07,24.3547,24.5524,24.1866,24.1965,31885300.0
2026-10-08,24.3448,24.6909,24.2261,24.592,53261400.0
2026-10-09,22.38,23.1,21.96,22.18,150406100.0
